{
"type": "FeatureCollection",
"name": "amenities",
"crs": { "type": "name", "properties": { "name": "urn:ogc:def:crs:OGC:1.3:CRS84" } },
"features": [
{ "type": "Feature", "properties": { "amenity_id": 1, "kind": "school", "name": "アソカ幼稚園", "detail": "横浜市中区小港町3-179" }, "geometry": { "type": "Point", "coordinates": [ 139.662827, 35.429875 ] } },
{ "type": "Feature", "properties": { "amenity_id": 2, "kind": "school", "name": "早苗幼稚園", "detail": "横浜市中区本牧町1-84" }, "geometry": { "type": "Point", "coordinates": [ 139.65823, 35.429911 ] } },
{ "type": "Feature", "properties": { "amenity_id": 3, "kind": "school", "name": "さゆり幼稚園", "detail": "横浜市中区滝之上2" }, "geometry": { "type": "Point", "coordinates": [ 139.641354, 35.42201 ] } },
{ "type": "Feature", "properties": { "amenity_id": 4, "kind": "school", "name": "聖母幼稚園", "detail": "横浜市中区末吉町1-13" }, "geometry": { "type": "Point", "coordinates": [ 139.627012, 35.442624 ] } },
{ "type": "Feature", "properties": { "amenity_id": 5, "kind": "school", "name": "本牧めぐみ幼稚園", "detail": "横浜市中区本牧三之谷26-9" }, "geometry": { "type": "Point", "coordinates": [ 139.662702, 35.420205 ] } },
{ "type": "Feature", "properties": { "amenity_id": 6, "kind": "school", "name": "横浜学院幼稚園", "detail": "横浜市中区山手町203" }, "geometry": { "type": "Point", "coordinates": [ 139.640942, 35.43613 ] } },
{ "type": "Feature", "properties": { "amenity_id": 7, "kind": "school", "name": "横浜学園附属元町幼稚園", "detail": "横浜市中区元町4-154" }, "geometry": { "type": "Point", "coordinates": [ 139.647747, 35.439122 ] } },
{ "type": "Feature", "properties": { "amenity_id": 8, "kind": "school", "name": "横浜三育幼稚園", "detail": "横浜市中区山手町32" }, "geometry": { "type": "Point", "coordinates": [ 139.645454, 35.435336 ] } },
{ "type": "Feature", "properties": { "amenity_id": 9, "kind": "school", "name": "横浜みこころ幼稚園", "detail": "横浜市中区山手町44" }, "geometry": { "type": "Point", "coordinates": [ 139.647327, 35.43665 ] } },
{ "type": "Feature", "properties": { "amenity_id": 10, "kind": "school", "name": "ルンビニ幼稚園", "detail": "横浜市中区本牧元町2-16" }, "geometry": { "type": "Point", "coordinates": [ 139.666543, 35.421563 ] } },
{ "type": "Feature", "properties": { "amenity_id": 11, "kind": "school", "name": "和光幼稚園", "detail": "横浜市中区錦町5" }, "geometry": { "type": "Point", "coordinates": [ 139.671977, 35.427829 ] } },
{ "type": "Feature", "properties": { "amenity_id": 12, "kind": "school", "name": "熊猫幼稚園", "detail": "横浜市中区吉浜町2-66" }, "geometry": { "type": "Point", "coordinates": [ 139.642399, 35.438864 ] } },
{ "type": "Feature", "properties": { "amenity_id": 13, "kind": "school", "name": "うちゅうこども園やまて", "detail": "横浜市中区千代崎町1-25-23" }, "geometry": { "type": "Point", "coordinates": [ 139.653376, 35.434965 ] } },
{ "type": "Feature", "properties": { "amenity_id": 14, "kind": "school", "name": "横濱中華幼保園", "detail": "横浜市中区山下町142" }, "geometry": { "type": "Point", "coordinates": [ 139.644795, 35.442197 ] } },
{ "type": "Feature", "properties": { "amenity_id": 15, "kind": "school", "name": "横浜国立大学教育学部附属横浜小学校", "detail": "横浜市中区立野64" }, "geometry": { "type": "Point", "coordinates": [ 139.648258, 35.427656 ] } },
{ "type": "Feature", "properties": { "amenity_id": 16, "kind": "school", "name": "大鳥小学校", "detail": "横浜市中区本牧町1-251" }, "geometry": { "type": "Point", "coordinates": [ 139.656647, 35.427212 ] } },
{ "type": "Feature", "properties": { "amenity_id": 17, "kind": "school", "name": "北方小学校", "detail": "横浜市中区諏訪町29" }, "geometry": { "type": "Point", "coordinates": [ 139.653924, 35.436489 ] } },
{ "type": "Feature", "properties": { "amenity_id": 18, "kind": "school", "name": "立野小学校", "detail": "横浜市中区立野76" }, "geometry": { "type": "Point", "coordinates": [ 139.64512, 35.427268 ] } },
{ "type": "Feature", "properties": { "amenity_id": 19, "kind": "school", "name": "本町小学校", "detail": "横浜市中区花咲町3-86" }, "geometry": { "type": "Point", "coordinates": [ 139.628574, 35.450531 ] } },
{ "type": "Feature", "properties": { "amenity_id": 20, "kind": "school", "name": "本牧小学校", "detail": "横浜市中区本牧和田5-1" }, "geometry": { "type": "Point", "coordinates": [ 139.662285, 35.424656 ] } },
{ "type": "Feature", "properties": { "amenity_id": 21, "kind": "school", "name": "本牧南小学校", "detail": "横浜市中区本牧元町44-1" }, "geometry": { "type": "Point", "coordinates": [ 139.668415, 35.41616 ] } },
{ "type": "Feature", "properties": { "amenity_id": 22, "kind": "school", "name": "間門小学校", "detail": "横浜市中区本牧間門29-1" }, "geometry": { "type": "Point", "coordinates": [ 139.655619, 35.417935 ] } },
{ "type": "Feature", "properties": { "amenity_id": 23, "kind": "school", "name": "元街小学校", "detail": "横浜市中区山手町36" }, "geometry": { "type": "Point", "coordinates": [ 139.649036, 35.436155 ] } },
{ "type": "Feature", "properties": { "amenity_id": 24, "kind": "school", "name": "山元小学校", "detail": "横浜市中区山元町3-152" }, "geometry": { "type": "Point", "coordinates": [ 139.638037, 35.428073 ] } },
{ "type": "Feature", "properties": { "amenity_id": 25, "kind": "school", "name": "横浜雙葉小学校", "detail": "横浜市中区山手町226" }, "geometry": { "type": "Point", "coordinates": [ 139.65173, 35.434656 ] } },
{ "type": "Feature", "properties": { "amenity_id": 26, "kind": "school", "name": "大鳥中学校", "detail": "横浜市中区本牧原22-1" }, "geometry": { "type": "Point", "coordinates": [ 139.669229, 35.423685 ] } },
{ "type": "Feature", "properties": { "amenity_id": 27, "kind": "school", "name": "仲尾台中学校", "detail": "横浜市中区仲尾台23" }, "geometry": { "type": "Point", "coordinates": [ 139.645064, 35.425629 ] } },
{ "type": "Feature", "properties": { "amenity_id": 28, "kind": "school", "name": "本牧中学校", "detail": "横浜市中区本牧和田32-1" }, "geometry": { "type": "Point", "coordinates": [ 139.656452, 35.422462 ] } },
{ "type": "Feature", "properties": { "amenity_id": 29, "kind": "school", "name": "港中学校", "detail": "横浜市中区山下町241" }, "geometry": { "type": "Point", "coordinates": [ 139.643175, 35.441349 ] } },
{ "type": "Feature", "properties": { "amenity_id": 30, "kind": "school", "name": "横浜吉田中学校", "detail": "横浜市中区羽衣町3-84" }, "geometry": { "type": "Point", "coordinates": [ 139.632787, 35.442794 ] } },
{ "type": "Feature", "properties": { "amenity_id": 31, "kind": "school", "name": "聖光学院中学校", "detail": "横浜市中区滝之上100" }, "geometry": { "type": "Point", "coordinates": [ 139.642428, 35.42241 ] } },
{ "type": "Feature", "properties": { "amenity_id": 32, "kind": "school", "name": "フェリス女学院中学校", "detail": "横浜市中区山手町178" }, "geometry": { "type": "Point", "coordinates": [ 139.64773, 35.437987 ] } },
{ "type": "Feature", "properties": { "amenity_id": 33, "kind": "school", "name": "横浜共立学園中学校", "detail": "横浜市中区山手町212" }, "geometry": { "type": "Point", "coordinates": [ 139.640122, 35.435132 ] } },
{ "type": "Feature", "properties": { "amenity_id": 34, "kind": "school", "name": "横浜女学院中学校", "detail": "横浜市中区山手町203" }, "geometry": { "type": "Point", "coordinates": [ 139.640872, 35.436406 ] } },
{ "type": "Feature", "properties": { "amenity_id": 35, "kind": "school", "name": "横浜雙葉中学校", "detail": "横浜市中区山手町88" }, "geometry": { "type": "Point", "coordinates": [ 139.6522, 35.435884 ] } },
{ "type": "Feature", "properties": { "amenity_id": 36, "kind": "school", "name": "聖光学院高等学校", "detail": "横浜市中区滝之上100" }, "geometry": { "type": "Point", "coordinates": [ 139.642426, 35.42238 ] } },
{ "type": "Feature", "properties": { "amenity_id": 37, "kind": "school", "name": "フェリス女学院高等学校", "detail": "横浜市中区山手町178" }, "geometry": { "type": "Point", "coordinates": [ 139.64773, 35.437961 ] } },
{ "type": "Feature", "properties": { "amenity_id": 38, "kind": "school", "name": "横浜共立学園高等学校", "detail": "横浜市中区山手町212" }, "geometry": { "type": "Point", "coordinates": [ 139.64012, 35.4351 ] } },
{ "type": "Feature", "properties": { "amenity_id": 39, "kind": "school", "name": "横浜女学院高等学校", "detail": "横浜市中区山手町203" }, "geometry": { "type": "Point", "coordinates": [ 139.64087, 35.436378 ] } },
{ "type": "Feature", "properties": { "amenity_id": 40, "kind": "school", "name": "横浜雙葉高等学校", "detail": "横浜市中区山手町88" }, "geometry": { "type": "Point", "coordinates": [ 139.652202, 35.43585 ] } },
{ "type": "Feature", "properties": { "amenity_id": 41, "kind": "school", "name": "横浜訓盲学院", "detail": "横浜市中区竹之丸181" }, "geometry": { "type": "Point", "coordinates": [ 139.642398, 35.429934 ] } },
{ "type": "Feature", "properties": { "amenity_id": 42, "kind": "school", "name": "聖坂養護学校", "detail": "横浜市中区山手町140" }, "geometry": { "type": "Point", "coordinates": [ 139.65798, 35.435794 ] } },
{ "type": "Feature", "properties": { "amenity_id": 43, "kind": "school", "name": "横浜医療秘書専門学校", "detail": "横浜市中区長者町4-9-10" }, "geometry": { "type": "Point", "coordinates": [ 139.633517, 35.441033 ] } },
{ "type": "Feature", "properties": { "amenity_id": 44, "kind": "school", "name": "横浜ＹＭＣＡ学院専門学校", "detail": "横浜市中区常盤町1-7" }, "geometry": { "type": "Point", "coordinates": [ 139.638948, 35.44466 ] } },
{ "type": "Feature", "properties": { "amenity_id": 45, "kind": "school", "name": "あずま工科専門学校", "detail": "横浜市中区初音町1-2-2" }, "geometry": { "type": "Point", "coordinates": [ 139.625088, 35.442405 ] } },
{ "type": "Feature", "properties": { "amenity_id": 46, "kind": "school", "name": "サンモールインターナショナルスクール", "detail": "横浜市中区山手町83" }, "geometry": { "type": "Point", "coordinates": [ 139.65218, 35.435205 ] } },
{ "type": "Feature", "properties": { "amenity_id": 47, "kind": "school", "name": "横浜インターナショナルスクール", "detail": "横浜市中区山手町258" }, "geometry": { "type": "Point", "coordinates": [ 139.653958, 35.439069 ] } },
{ "type": "Feature", "properties": { "amenity_id": 48, "kind": "school", "name": "横濱中華學院", "detail": "横浜市中区山下町142" }, "geometry": { "type": "Point", "coordinates": [ 139.644443, 35.442218 ] } },
{ "type": "Feature", "properties": { "amenity_id": 49, "kind": "school", "name": "横浜山手中華学校", "detail": "横浜市中区吉浜町2-66" }, "geometry": { "type": "Point", "coordinates": [ 139.642342, 35.439016 ] } },
{ "type": "Feature", "properties": { "amenity_id": 50, "kind": "school", "name": "横浜緑ケ丘高等学校", "detail": "横浜市中区本牧緑ｹ丘37" }, "geometry": { "type": "Point", "coordinates": [ 139.652675, 35.424601 ] } },
{ "type": "Feature", "properties": { "amenity_id": 51, "kind": "school", "name": "横浜立野高等学校", "detail": "横浜市中区本牧間門40-1" }, "geometry": { "type": "Point", "coordinates": [ 139.653855, 35.418205 ] } },
{ "type": "Feature", "properties": { "amenity_id": 52, "kind": "school", "name": "みなと総合高等学校", "detail": "横浜市中区山下町231" }, "geometry": { "type": "Point", "coordinates": [ 139.642397, 35.44196 ] } },
{ "type": "Feature", "properties": { "amenity_id": 53, "kind": "school", "name": "神奈川県立衛生看護専門学校", "detail": "横浜市中区根岸町2-85-2" }, "geometry": { "type": "Point", "coordinates": [ 139.642273, 35.418033 ] } },
{ "type": "Feature", "properties": { "amenity_id": 54, "kind": "school", "name": "フェリス女学院大学", "detail": "横浜市中区山手町37" }, "geometry": { "type": "Point", "coordinates": [ 139.647578, 35.435513 ] } },
{ "type": "Feature", "properties": { "amenity_id": 55, "kind": "school", "name": "育美幼稚園", "detail": "横浜市磯子区岡村4-26-7" }, "geometry": { "type": "Point", "coordinates": [ 139.610387, 35.416689 ] } },
{ "type": "Feature", "properties": { "amenity_id": 56, "kind": "school", "name": "岩崎学園附属磯子幼稚園", "detail": "横浜市磯子区田中1-11-5" }, "geometry": { "type": "Point", "coordinates": [ 139.606601, 35.385965 ] } },
{ "type": "Feature", "properties": { "amenity_id": 57, "kind": "school", "name": "かおり幼稚園", "detail": "横浜市磯子区洋光台4-12" }, "geometry": { "type": "Point", "coordinates": [ 139.599953, 35.377866 ] } },
{ "type": "Feature", "properties": { "amenity_id": 58, "kind": "school", "name": "上中里幼稚園", "detail": "横浜市磯子区上中里町1032" }, "geometry": { "type": "Point", "coordinates": [ 139.610192, 35.367784 ] } },
{ "type": "Feature", "properties": { "amenity_id": 59, "kind": "school", "name": "汐見台中央幼稚園", "detail": "横浜市磯子区汐見台2-8" }, "geometry": { "type": "Point", "coordinates": [ 139.608167, 35.400672 ] } },
{ "type": "Feature", "properties": { "amenity_id": 60, "kind": "school", "name": "汐見台西幼稚園", "detail": "横浜市磯子区汐見台3-3" }, "geometry": { "type": "Point", "coordinates": [ 139.604256, 35.403333 ] } },
{ "type": "Feature", "properties": { "amenity_id": 61, "kind": "school", "name": "汐見台東幼稚園", "detail": "横浜市磯子区汐見台2-1" }, "geometry": { "type": "Point", "coordinates": [ 139.612447, 35.404886 ] } },
{ "type": "Feature", "properties": { "amenity_id": 62, "kind": "school", "name": "中原幼稚園", "detail": "横浜市磯子区中原2-13-12" }, "geometry": { "type": "Point", "coordinates": [ 139.614173, 35.388209 ] } },
{ "type": "Feature", "properties": { "amenity_id": 63, "kind": "school", "name": "根岸幼稚園", "detail": "横浜市磯子区西町1-1" }, "geometry": { "type": "Point", "coordinates": [ 139.632386, 35.418451 ] } },
{ "type": "Feature", "properties": { "amenity_id": 64, "kind": "school", "name": "八幡橋幼稚園", "detail": "横浜市磯子区原町11-2" }, "geometry": { "type": "Point", "coordinates": [ 139.627657, 35.414767 ] } },
{ "type": "Feature", "properties": { "amenity_id": 65, "kind": "school", "name": "横浜女子短期大学附属幼稚園", "detail": "横浜市磯子区洋光台3-3-30" }, "geometry": { "type": "Point", "coordinates": [ 139.59411, 35.37891 ] } },
{ "type": "Feature", "properties": { "amenity_id": 66, "kind": "school", "name": "磯子小学校", "detail": "横浜市磯子区久木町11-1" }, "geometry": { "type": "Point", "coordinates": [ 139.622149, 35.414187 ] } },
{ "type": "Feature", "properties": { "amenity_id": 67, "kind": "school", "name": "岡村小学校", "detail": "横浜市磯子区岡村4-7-1" }, "geometry": { "type": "Point", "coordinates": [ 139.611289, 35.421074 ] } },
{ "type": "Feature", "properties": { "amenity_id": 68, "kind": "school", "name": "さわの里小学校", "detail": "横浜市磯子区上中里町548" }, "geometry": { "type": "Point", "coordinates": [ 139.60938, 35.3691 ] } },
{ "type": "Feature", "properties": { "amenity_id": 69, "kind": "school", "name": "山王台小学校", "detail": "横浜市磯子区磯子5-2-1" }, "geometry": { "type": "Point", "coordinates": [ 139.614539, 35.407882 ] } },
{ "type": "Feature", "properties": { "amenity_id": 70, "kind": "school", "name": "汐見台小学校", "detail": "横浜市磯子区汐見台3-6" }, "geometry": { "type": "Point", "coordinates": [ 139.607011, 35.400967 ] } },
{ "type": "Feature", "properties": { "amenity_id": 71, "kind": "school", "name": "杉田小学校", "detail": "横浜市磯子区杉田1-8-1" }, "geometry": { "type": "Point", "coordinates": [ 139.61665, 35.385635 ] } },
{ "type": "Feature", "properties": { "amenity_id": 72, "kind": "school", "name": "滝頭小学校", "detail": "横浜市磯子区丸山2-25-1" }, "geometry": { "type": "Point", "coordinates": [ 139.620899, 35.422019 ] } },
{ "type": "Feature", "properties": { "amenity_id": 73, "kind": "school", "name": "根岸小学校", "detail": "横浜市磯子区西町2-46" }, "geometry": { "type": "Point", "coordinates": [ 139.632926, 35.417742 ] } },
{ "type": "Feature", "properties": { "amenity_id": 74, "kind": "school", "name": "梅林小学校", "detail": "横浜市磯子区杉田5-13-1" }, "geometry": { "type": "Point", "coordinates": [ 139.620205, 35.377775 ] } },
{ "type": "Feature", "properties": { "amenity_id": 75, "kind": "school", "name": "浜小学校", "detail": "横浜市磯子区磯子台23-1" }, "geometry": { "type": "Point", "coordinates": [ 139.613233, 35.405994 ] } },
{ "type": "Feature", "properties": { "amenity_id": 76, "kind": "school", "name": "屏風浦小学校", "detail": "横浜市磯子区森3-11-1" }, "geometry": { "type": "Point", "coordinates": [ 139.614067, 35.391023 ] } },
{ "type": "Feature", "properties": { "amenity_id": 77, "kind": "school", "name": "森東小学校", "detail": "横浜市磯子区森1-4" }, "geometry": { "type": "Point", "coordinates": [ 139.615955, 35.397523 ] } },
{ "type": "Feature", "properties": { "amenity_id": 78, "kind": "school", "name": "洋光台第一小学校", "detail": "横浜市磯子区洋光台1-4-1" }, "geometry": { "type": "Point", "coordinates": [ 139.595568, 35.38419 ] } },
{ "type": "Feature", "properties": { "amenity_id": 79, "kind": "school", "name": "洋光台第二小学校", "detail": "横浜市磯子区洋光台4-15-1" }, "geometry": { "type": "Point", "coordinates": [ 139.599874, 35.376413 ] } },
{ "type": "Feature", "properties": { "amenity_id": 80, "kind": "school", "name": "洋光台第三小学校", "detail": "横浜市磯子区洋光台2-4-1" }, "geometry": { "type": "Point", "coordinates": [ 139.590065, 35.382307 ] } },
{ "type": "Feature", "properties": { "amenity_id": 81, "kind": "school", "name": "洋光台第四小学校", "detail": "横浜市磯子区洋光台6-6-1" }, "geometry": { "type": "Point", "coordinates": [ 139.597263, 35.37308 ] } },
{ "type": "Feature", "properties": { "amenity_id": 82, "kind": "school", "name": "藤の木中学校", "detail": "横浜市南区大岡4-44-1" }, "geometry": { "type": "Point", "coordinates": [ 139.606311, 35.41091 ] } },
{ "type": "Feature", "properties": { "amenity_id": 83, "kind": "school", "name": "岡村中学校", "detail": "横浜市磯子区岡村1-14-1" }, "geometry": { "type": "Point", "coordinates": [ 139.617094, 35.416548 ] } },
{ "type": "Feature", "properties": { "amenity_id": 84, "kind": "school", "name": "汐見台中学校", "detail": "横浜市磯子区汐見台1-2-1" }, "geometry": { "type": "Point", "coordinates": [ 139.611317, 35.407049 ] } },
{ "type": "Feature", "properties": { "amenity_id": 85, "kind": "school", "name": "根岸中学校", "detail": "横浜市磯子区西町17-13" }, "geometry": { "type": "Point", "coordinates": [ 139.63126, 35.415187 ] } },
{ "type": "Feature", "properties": { "amenity_id": 86, "kind": "school", "name": "浜中学校", "detail": "横浜市磯子区杉田3-30-11" }, "geometry": { "type": "Point", "coordinates": [ 139.61115, 35.378302 ] } },
{ "type": "Feature", "properties": { "amenity_id": 87, "kind": "school", "name": "森中学校", "detail": "横浜市磯子区森5-22-1" }, "geometry": { "type": "Point", "coordinates": [ 139.605179, 35.392606 ] } },
{ "type": "Feature", "properties": { "amenity_id": 88, "kind": "school", "name": "洋光台第一中学校", "detail": "横浜市磯子区洋光台2-5-1" }, "geometry": { "type": "Point", "coordinates": [ 139.589125, 35.383495 ] } },
{ "type": "Feature", "properties": { "amenity_id": 89, "kind": "school", "name": "洋光台第二中学校", "detail": "横浜市磯子区洋光台6-41-1" }, "geometry": { "type": "Point", "coordinates": [ 139.602623, 35.374357 ] } },
{ "type": "Feature", "properties": { "amenity_id": 90, "kind": "school", "name": "横浜学園中学校", "detail": "横浜市磯子区岡村2-4-1" }, "geometry": { "type": "Point", "coordinates": [ 139.615592, 35.416966 ] } },
{ "type": "Feature", "properties": { "amenity_id": 91, "kind": "school", "name": "横浜学園高等学校", "detail": "横浜市磯子区岡村2-4-1" }, "geometry": { "type": "Point", "coordinates": [ 139.615594, 35.416936 ] } },
{ "type": "Feature", "properties": { "amenity_id": 92, "kind": "school", "name": "磯子工業高等学校", "detail": "横浜市磯子区森5-24-1" }, "geometry": { "type": "Point", "coordinates": [ 139.605012, 35.390717 ] } },
{ "type": "Feature", "properties": { "amenity_id": 93, "kind": "school", "name": "横浜市立横浜商業高等学校", "detail": "横浜市磯子区丸山1-22-21" }, "geometry": { "type": "Point", "coordinates": [ 139.620705, 35.42388 ] } },
{ "type": "Feature", "properties": { "amenity_id": 94, "kind": "school", "name": "霞ヶ丘幼稚園", "detail": "横浜市西区霞ヶ丘51" }, "geometry": { "type": "Point", "coordinates": [ 139.618474, 35.443669 ] } },
{ "type": "Feature", "properties": { "amenity_id": 95, "kind": "school", "name": "杉之子幼稚園", "detail": "横浜市西区中央1-16-2" }, "geometry": { "type": "Point", "coordinates": [ 139.616324, 35.453951 ] } },
{ "type": "Feature", "properties": { "amenity_id": 96, "kind": "school", "name": "戸部幼稚園", "detail": "横浜市西区御所山町10" }, "geometry": { "type": "Point", "coordinates": [ 139.621879, 35.453884 ] } },
{ "type": "Feature", "properties": { "amenity_id": 97, "kind": "school", "name": "野毛山幼稚園", "detail": "横浜市西区老松町30" }, "geometry": { "type": "Point", "coordinates": [ 139.625584, 35.449155 ] } },
{ "type": "Feature", "properties": { "amenity_id": 98, "kind": "school", "name": "ばらの幼稚園", "detail": "横浜市西区西戸部町3-291" }, "geometry": { "type": "Point", "coordinates": [ 139.616097, 35.451179 ] } },
{ "type": "Feature", "properties": { "amenity_id": 99, "kind": "school", "name": "藤棚幼稚園", "detail": "横浜市西区藤棚町1-31" }, "geometry": { "type": "Point", "coordinates": [ 139.613877, 35.450762 ] } },
{ "type": "Feature", "properties": { "amenity_id": 100, "kind": "school", "name": "横浜愛隣幼稚園", "detail": "横浜市西区西戸部町2-144" }, "geometry": { "type": "Point", "coordinates": [ 139.619771, 35.450507 ] } },
{ "type": "Feature", "properties": { "amenity_id": 101, "kind": "school", "name": "東小学校", "detail": "横浜市西区東ｹ丘59" }, "geometry": { "type": "Point", "coordinates": [ 139.623815, 35.443266 ] } },
{ "type": "Feature", "properties": { "amenity_id": 102, "kind": "school", "name": "一本松小学校", "detail": "横浜市西区西戸部町1-115" }, "geometry": { "type": "Point", "coordinates": [ 139.618871, 35.446849 ] } },
{ "type": "Feature", "properties": { "amenity_id": 103, "kind": "school", "name": "稲荷台小学校", "detail": "横浜市西区藤棚町2-220" }, "geometry": { "type": "Point", "coordinates": [ 139.6124, 35.448876 ] } },
{ "type": "Feature", "properties": { "amenity_id": 104, "kind": "school", "name": "浅間台小学校", "detail": "横浜市西区浅間町3-237" }, "geometry": { "type": "Point", "coordinates": [ 139.606095, 35.461847 ] } },
{ "type": "Feature", "properties": { "amenity_id": 105, "kind": "school", "name": "戸部小学校", "detail": "横浜市西区伊勢町2-115" }, "geometry": { "type": "Point", "coordinates": [ 139.621621, 35.453015 ] } },
{ "type": "Feature", "properties": { "amenity_id": 106, "kind": "school", "name": "西前小学校", "detail": "横浜市西区中央2-27-7" }, "geometry": { "type": "Point", "coordinates": [ 139.61576, 35.453737 ] } },
{ "type": "Feature", "properties": { "amenity_id": 107, "kind": "school", "name": "平沼小学校", "detail": "横浜市西区平沼2-11-36" }, "geometry": { "type": "Point", "coordinates": [ 139.61576, 35.457514 ] } },
{ "type": "Feature", "properties": { "amenity_id": 108, "kind": "school", "name": "みなとみらい本町小学校", "detail": "横浜市西区高島1-2-3" }, "geometry": { "type": "Point", "coordinates": [ 139.624625, 35.461431 ] } },
{ "type": "Feature", "properties": { "amenity_id": 109, "kind": "school", "name": "宮谷小学校", "detail": "横浜市西区宮ｹ谷6-7" }, "geometry": { "type": "Point", "coordinates": [ 139.608539, 35.466263 ] } },
{ "type": "Feature", "properties": { "amenity_id": 110, "kind": "school", "name": "老松中学校", "detail": "横浜市西区老松町27" }, "geometry": { "type": "Point", "coordinates": [ 139.624954, 35.44796 ] } },
{ "type": "Feature", "properties": { "amenity_id": 111, "kind": "school", "name": "岡野中学校", "detail": "横浜市西区岡野2-14-1" }, "geometry": { "type": "Point", "coordinates": [ 139.611844, 35.461819 ] } },
{ "type": "Feature", "properties": { "amenity_id": 112, "kind": "school", "name": "軽井沢中学校", "detail": "横浜市西区北軽井沢24" }, "geometry": { "type": "Point", "coordinates": [ 139.6094, 35.469207 ] } },
{ "type": "Feature", "properties": { "amenity_id": 113, "kind": "school", "name": "西中学校", "detail": "横浜市西区西戸部町3-286" }, "geometry": { "type": "Point", "coordinates": [ 139.618399, 35.451987 ] } },
{ "type": "Feature", "properties": { "amenity_id": 114, "kind": "school", "name": "河合塾横浜校", "detail": "横浜市西区北幸2-11-6" }, "geometry": { "type": "Point", "coordinates": [ 139.615933, 35.465488 ] } },
{ "type": "Feature", "properties": { "amenity_id": 115, "kind": "school", "name": "グレッグ外語専門学校横浜校", "detail": "横浜市西区南幸2-4-3" }, "geometry": { "type": "Point", "coordinates": [ 139.617609, 35.462603 ] } },
{ "type": "Feature", "properties": { "amenity_id": 116, "kind": "school", "name": "横浜デザイン学院", "detail": "横浜市西区中央1-33-6" }, "geometry": { "type": "Point", "coordinates": [ 139.618502, 35.456642 ] } },
{ "type": "Feature", "properties": { "amenity_id": 117, "kind": "school", "name": "横浜経理専門学校", "detail": "横浜市西区高島2-2-11" }, "geometry": { "type": "Point", "coordinates": [ 139.622762, 35.460105 ] } },
{ "type": "Feature", "properties": { "amenity_id": 118, "kind": "school", "name": "横浜歯科医療専門学校", "detail": "横浜市西区高島1-2-15" }, "geometry": { "type": "Point", "coordinates": [ 139.625476, 35.461027 ] } },
{ "type": "Feature", "properties": { "amenity_id": 119, "kind": "school", "name": "テクノビジネス横浜保育専門学校", "detail": "横浜市西区平沼1-38-10" }, "geometry": { "type": "Point", "coordinates": [ 139.620419, 35.461392 ] } },
{ "type": "Feature", "properties": { "amenity_id": 120, "kind": "school", "name": "横浜ｆカレッジ", "detail": "横浜市西区北幸1-2-7" }, "geometry": { "type": "Point", "coordinates": [ 139.620009, 35.467765 ] } },
{ "type": "Feature", "properties": { "amenity_id": 121, "kind": "school", "name": "アーツカレッジヨコハマ", "detail": "横浜市西区浅間町2-105-8" }, "geometry": { "type": "Point", "coordinates": [ 139.609711, 35.463536 ] } },
{ "type": "Feature", "properties": { "amenity_id": 122, "kind": "school", "name": "国際フード製菓専門学校", "detail": "横浜市西区北幸2-9-6" }, "geometry": { "type": "Point", "coordinates": [ 139.615538, 35.466416 ] } },
{ "type": "Feature", "properties": { "amenity_id": 123, "kind": "school", "name": "横浜ミュージックスクール", "detail": "横浜市西区楠町5-6" }, "geometry": { "type": "Point", "coordinates": [ 139.613353, 35.466564 ] } },
{ "type": "Feature", "properties": { "amenity_id": 124, "kind": "school", "name": "アーティスティックＢ横浜美容専門学校", "detail": "横浜市西区平沼1-38-13" }, "geometry": { "type": "Point", "coordinates": [ 139.619771, 35.461614 ] } },
{ "type": "Feature", "properties": { "amenity_id": 125, "kind": "school", "name": "岩谷学園高等専修学校", "detail": "横浜市西区平沼1-38-19" }, "geometry": { "type": "Point", "coordinates": [ 139.619991, 35.461605 ] } },
{ "type": "Feature", "properties": { "amenity_id": 126, "kind": "school", "name": "横浜平沼高等学校", "detail": "横浜市西区岡野1-5-8" }, "geometry": { "type": "Point", "coordinates": [ 139.614899, 35.461402 ] } },
{ "type": "Feature", "properties": { "amenity_id": 127, "kind": "school", "name": "八洲学園大学", "detail": "横浜市西区桜木町7-42" }, "geometry": { "type": "Point", "coordinates": [ 139.622813, 35.459123 ] } },
{ "type": "Feature", "properties": { "amenity_id": 128, "kind": "school", "name": "神奈川大学", "detail": "横浜市西区みなとみらい4-5-3" }, "geometry": { "type": "Point", "coordinates": [ 139.627959, 35.458747 ] } },
{ "type": "Feature", "properties": { "amenity_id": 129, "kind": "school", "name": "井土ヶ谷幼稚園", "detail": "横浜市南区井土ヶ谷上町33-1" }, "geometry": { "type": "Point", "coordinates": [ 139.598143, 35.429481 ] } },
{ "type": "Feature", "properties": { "amenity_id": 130, "kind": "school", "name": "お三の宮日枝幼稚園", "detail": "横浜市南区山王町5-37" }, "geometry": { "type": "Point", "coordinates": [ 139.616061, 35.435192 ] } },
{ "type": "Feature", "properties": { "amenity_id": 131, "kind": "school", "name": "玉泉寺幼稚園", "detail": "横浜市南区中村町1-6-1" }, "geometry": { "type": "Point", "coordinates": [ 139.633315, 35.435799 ] } },
{ "type": "Feature", "properties": { "amenity_id": 132, "kind": "school", "name": "くるみ幼稚園", "detail": "横浜市南区中里1-20-2" }, "geometry": { "type": "Point", "coordinates": [ 139.595827, 35.418577 ] } },
{ "type": "Feature", "properties": { "amenity_id": 133, "kind": "school", "name": "三星幼稚園", "detail": "横浜市南区堀ﾉ内町2-211" }, "geometry": { "type": "Point", "coordinates": [ 139.61332, 35.426457 ] } },
{ "type": "Feature", "properties": { "amenity_id": 134, "kind": "school", "name": "杉山神社幼稚園", "detail": "横浜市南区宮元町3-48" }, "geometry": { "type": "Point", "coordinates": [ 139.609712, 35.430029 ] } },
{ "type": "Feature", "properties": { "amenity_id": 135, "kind": "school", "name": "横浜英和幼稚園", "detail": "横浜市南区蒔田町会下937-6" }, "geometry": { "type": "Point", "coordinates": [ 139.610415, 35.424914 ] } },
{ "type": "Feature", "properties": { "amenity_id": 136, "kind": "school", "name": "マヤ幼稚園", "detail": "横浜市南区六ﾂ川1-270-3" }, "geometry": { "type": "Point", "coordinates": [ 139.59147, 35.425505 ] } },
{ "type": "Feature", "properties": { "amenity_id": 137, "kind": "school", "name": "南白ゆり幼稚園", "detail": "横浜市南区六ﾂ川3-4-23" }, "geometry": { "type": "Point", "coordinates": [ 139.584256, 35.429364 ] } },
{ "type": "Feature", "properties": { "amenity_id": 138, "kind": "school", "name": "南聖心幼稚園", "detail": "横浜市南区永田北2-3-26" }, "geometry": { "type": "Point", "coordinates": [ 139.593713, 35.437049 ] } },
{ "type": "Feature", "properties": { "amenity_id": 139, "kind": "school", "name": "南若宮幼稚園", "detail": "横浜市南区大岡1-5-1" }, "geometry": { "type": "Point", "coordinates": [ 139.607007, 35.42466 ] } },
{ "type": "Feature", "properties": { "amenity_id": 140, "kind": "school", "name": "横浜白山幼稚園", "detail": "横浜市南区別所2-30-29" }, "geometry": { "type": "Point", "coordinates": [ 139.58866, 35.414712 ] } },
{ "type": "Feature", "properties": { "amenity_id": 141, "kind": "school", "name": "横浜れんげ幼稚園", "detail": "横浜市南区三春台19" }, "geometry": { "type": "Point", "coordinates": [ 139.617873, 35.439988 ] } },
{ "type": "Feature", "properties": { "amenity_id": 142, "kind": "school", "name": "白百合光の子幼稚園", "detail": "横浜市南区南太田1-37-10" }, "geometry": { "type": "Point", "coordinates": [ 139.613706, 35.438493 ] } },
{ "type": "Feature", "properties": { "amenity_id": 143, "kind": "school", "name": "山王台幼稚園・風の子こども園", "detail": "横浜市南区永田山王台38-38" }, "geometry": { "type": "Point", "coordinates": [ 139.587086, 35.429108 ] } },
{ "type": "Feature", "properties": { "amenity_id": 144, "kind": "school", "name": "石川小学校", "detail": "横浜市南区中村町1-66" }, "geometry": { "type": "Point", "coordinates": [ 139.635759, 35.434406 ] } },
{ "type": "Feature", "properties": { "amenity_id": 145, "kind": "school", "name": "井土ケ谷小学校", "detail": "横浜市南区井土ｹ谷上町2-1" }, "geometry": { "type": "Point", "coordinates": [ 139.59954, 35.432684 ] } },
{ "type": "Feature", "properties": { "amenity_id": 146, "kind": "school", "name": "大岡小学校", "detail": "横浜市南区大橋町3-49" }, "geometry": { "type": "Point", "coordinates": [ 139.600873, 35.425879 ] } },
{ "type": "Feature", "properties": { "amenity_id": 147, "kind": "school", "name": "太田小学校", "detail": "横浜市南区三春台42" }, "geometry": { "type": "Point", "coordinates": [ 139.61751, 35.440905 ] } },
{ "type": "Feature", "properties": { "amenity_id": 148, "kind": "school", "name": "永田小学校", "detail": "横浜市南区永田北2-6-12" }, "geometry": { "type": "Point", "coordinates": [ 139.591569, 35.435488 ] } },
{ "type": "Feature", "properties": { "amenity_id": 149, "kind": "school", "name": "永田台小学校", "detail": "横浜市南区永田みなみ台6-1" }, "geometry": { "type": "Point", "coordinates": [ 139.58943, 35.432683 ] } },
{ "type": "Feature", "properties": { "amenity_id": 150, "kind": "school", "name": "中村小学校", "detail": "横浜市南区中村町4-269-1" }, "geometry": { "type": "Point", "coordinates": [ 139.62601, 35.432962 ] } },
{ "type": "Feature", "properties": { "amenity_id": 151, "kind": "school", "name": "日枝小学校", "detail": "横浜市南区山王町5-31" }, "geometry": { "type": "Point", "coordinates": [ 139.616594, 35.435656 ] } },
{ "type": "Feature", "properties": { "amenity_id": 152, "kind": "school", "name": "藤の木小学校", "detail": "横浜市南区大岡4-10-1" }, "geometry": { "type": "Point", "coordinates": [ 139.604901, 35.412437 ] } },
{ "type": "Feature", "properties": { "amenity_id": 153, "kind": "school", "name": "別所小学校", "detail": "横浜市南区別所6-3-1" }, "geometry": { "type": "Point", "coordinates": [ 139.581931, 35.41713 ] } },
{ "type": "Feature", "properties": { "amenity_id": 154, "kind": "school", "name": "蒔田小学校", "detail": "横浜市南区蒔田町1020" }, "geometry": { "type": "Point", "coordinates": [ 139.613372, 35.425546 ] } },
{ "type": "Feature", "properties": { "amenity_id": 155, "kind": "school", "name": "南小学校", "detail": "横浜市南区中里1-6-16" }, "geometry": { "type": "Point", "coordinates": [ 139.59904, 35.419074 ] } },
{ "type": "Feature", "properties": { "amenity_id": 156, "kind": "school", "name": "南太田小学校", "detail": "横浜市南区南太田1-17-1" }, "geometry": { "type": "Point", "coordinates": [ 139.611389, 35.435298 ] } },
{ "type": "Feature", "properties": { "amenity_id": 157, "kind": "school", "name": "南吉田小学校", "detail": "横浜市南区高根町2-14" }, "geometry": { "type": "Point", "coordinates": [ 139.62676, 35.4366 ] } },
{ "type": "Feature", "properties": { "amenity_id": 158, "kind": "school", "name": "六つ川小学校", "detail": "横浜市南区六ﾂ川3-4-12" }, "geometry": { "type": "Point", "coordinates": [ 139.584236, 35.429017 ] } },
{ "type": "Feature", "properties": { "amenity_id": 159, "kind": "school", "name": "六つ川台小学校", "detail": "横浜市南区六ﾂ川3-65-9" }, "geometry": { "type": "Point", "coordinates": [ 139.580514, 35.428878 ] } },
{ "type": "Feature", "properties": { "amenity_id": 160, "kind": "school", "name": "六つ川西小学校", "detail": "横浜市南区六ﾂ川2-156-1" }, "geometry": { "type": "Point", "coordinates": [ 139.577798, 35.424882 ] } },
{ "type": "Feature", "properties": { "amenity_id": 161, "kind": "school", "name": "関東学院小学校", "detail": "横浜市南区三春台4" }, "geometry": { "type": "Point", "coordinates": [ 139.620714, 35.441808 ] } },
{ "type": "Feature", "properties": { "amenity_id": 162, "kind": "school", "name": "横浜英和小学校", "detail": "横浜市南区蒔田町124" }, "geometry": { "type": "Point", "coordinates": [ 139.610011, 35.427601 ] } },
{ "type": "Feature", "properties": { "amenity_id": 163, "kind": "school", "name": "横浜国立大学教育学部附属横浜中学校", "detail": "横浜市南区大岡2-31-3" }, "geometry": { "type": "Point", "coordinates": [ 139.602901, 35.422768 ] } },
{ "type": "Feature", "properties": { "amenity_id": 164, "kind": "school", "name": "共進中学校", "detail": "横浜市南区東蒔田町1-5" }, "geometry": { "type": "Point", "coordinates": [ 139.616955, 35.43274 ] } },
{ "type": "Feature", "properties": { "amenity_id": 165, "kind": "school", "name": "永田中学校", "detail": "横浜市南区永田みなみ台7-1" }, "geometry": { "type": "Point", "coordinates": [ 139.587347, 35.433794 ] } },
{ "type": "Feature", "properties": { "amenity_id": 166, "kind": "school", "name": "平楽中学校", "detail": "横浜市南区平楽1" }, "geometry": { "type": "Point", "coordinates": [ 139.63351, 35.431295 ] } },
{ "type": "Feature", "properties": { "amenity_id": 167, "kind": "school", "name": "蒔田中学校", "detail": "横浜市南区花之木町2-45" }, "geometry": { "type": "Point", "coordinates": [ 139.609345, 35.432267 ] } },
{ "type": "Feature", "properties": { "amenity_id": 168, "kind": "school", "name": "南中学校", "detail": "横浜市南区六ﾂ川1-14" }, "geometry": { "type": "Point", "coordinates": [ 139.597096, 35.427018 ] } },
{ "type": "Feature", "properties": { "amenity_id": 169, "kind": "school", "name": "南が丘中学校", "detail": "横浜市南区別所3-6-1" }, "geometry": { "type": "Point", "coordinates": [ 139.590958, 35.413853 ] } },
{ "type": "Feature", "properties": { "amenity_id": 170, "kind": "school", "name": "六ツ川中学校", "detail": "横浜市南区六ﾂ川3-81-11" }, "geometry": { "type": "Point", "coordinates": [ 139.578348, 35.428878 ] } },
{ "type": "Feature", "properties": { "amenity_id": 171, "kind": "school", "name": "関東学院中学校", "detail": "横浜市南区三春台4" }, "geometry": { "type": "Point", "coordinates": [ 139.619835, 35.441851 ] } },
{ "type": "Feature", "properties": { "amenity_id": 172, "kind": "school", "name": "横浜英和中学校", "detail": "横浜市南区蒔田町124" }, "geometry": { "type": "Point", "coordinates": [ 139.609924, 35.426836 ] } },
{ "type": "Feature", "properties": { "amenity_id": 173, "kind": "school", "name": "関東学院高等学校", "detail": "横浜市南区三春台4" }, "geometry": { "type": "Point", "coordinates": [ 139.619103, 35.441851 ] } },
{ "type": "Feature", "properties": { "amenity_id": 174, "kind": "school", "name": "青山学院横浜英和高等学校", "detail": "横浜市南区蒔田町124" }, "geometry": { "type": "Point", "coordinates": [ 139.609484, 35.426657 ] } },
{ "type": "Feature", "properties": { "amenity_id": 175, "kind": "school", "name": "横浜国立大学教育学部附属特別支援学校", "detail": "横浜市南区大岡2-31-3" }, "geometry": { "type": "Point", "coordinates": [ 139.60454, 35.42213 ] } },
{ "type": "Feature", "properties": { "amenity_id": 176, "kind": "school", "name": "横浜中央病院附属看護専門学校", "detail": "横浜市南区中村町3-209-1" }, "geometry": { "type": "Point", "coordinates": [ 139.628199, 35.431223 ] } },
{ "type": "Feature", "properties": { "amenity_id": 177, "kind": "school", "name": "横浜テクノオート専門学校", "detail": "横浜市南区中村町5-315" }, "geometry": { "type": "Point", "coordinates": [ 139.621999, 35.429495 ] } },
{ "type": "Feature", "properties": { "amenity_id": 178, "kind": "school", "name": "杉野洋裁研究所", "detail": "横浜市南区中島町2-34" }, "geometry": { "type": "Point", "coordinates": [ 139.603902, 35.427273 ] } },
{ "type": "Feature", "properties": { "amenity_id": 179, "kind": "school", "name": "横浜清陵高等学校", "detail": "横浜市南区清水ｹ丘41" }, "geometry": { "type": "Point", "coordinates": [ 139.609372, 35.437655 ] } },
{ "type": "Feature", "properties": { "amenity_id": 180, "kind": "school", "name": "横浜国際高等学校", "detail": "横浜市南区六ﾂ川1-731" }, "geometry": { "type": "Point", "coordinates": [ 139.585423, 35.427023 ] } },
{ "type": "Feature", "properties": { "amenity_id": 181, "kind": "school", "name": "横浜市立横浜商業高等学校", "detail": "横浜市南区南太田2-30-1" }, "geometry": { "type": "Point", "coordinates": [ 139.610022, 35.434604 ] } },
{ "type": "Feature", "properties": { "amenity_id": 182, "kind": "school", "name": "横浜総合高等学校", "detail": "横浜市南区大岡2-29-1" }, "geometry": { "type": "Point", "coordinates": [ 139.603423, 35.421527 ] } },
{ "type": "Feature", "properties": { "amenity_id": 183, "kind": "school", "name": "横浜南養護学校", "detail": "横浜市南区六ﾂ川2-138-4" }, "geometry": { "type": "Point", "coordinates": [ 139.579098, 35.421795 ] } },
{ "type": "Feature", "properties": { "amenity_id": 184, "kind": "school", "name": "浦舟特別支援学校", "detail": "横浜市南区浦舟町3-46" }, "geometry": { "type": "Point", "coordinates": [ 139.62582, 35.433968 ] } },
{ "type": "Feature", "properties": { "amenity_id": 185, "kind": "school", "name": "中村特別支援学校", "detail": "横浜市南区中村町4-269-1" }, "geometry": { "type": "Point", "coordinates": [ 139.626454, 35.433073 ] } },
{ "type": "Feature", "properties": { "amenity_id": 186, "kind": "station", "name": "みなとみらい", "detail": "みなとみらい21線" }, "geometry": { "type": "Point", "coordinates": [ 139.63309, 35.45688 ] } },
{ "type": "Feature", "properties": { "amenity_id": 187, "kind": "station", "name": "井土ヶ谷", "detail": "本線" }, "geometry": { "type": "Point", "coordinates": [ 139.60118, 35.43402 ] } },
{ "type": "Feature", "properties": { "amenity_id": 188, "kind": "station", "name": "伊勢佐木長者町", "detail": "1号線" }, "geometry": { "type": "Point", "coordinates": [ 139.63285, 35.44103 ] } },
{ "type": "Feature", "properties": { "amenity_id": 189, "kind": "station", "name": "元町・中華街", "detail": "みなとみらい21線" }, "geometry": { "type": "Point", "coordinates": [ 139.64977, 35.44296 ] } },
{ "type": "Feature", "properties": { "amenity_id": 190, "kind": "station", "name": "南太田", "detail": "本線" }, "geometry": { "type": "Point", "coordinates": [ 139.613, 35.43679 ] } },
{ "type": "Feature", "properties": { "amenity_id": 191, "kind": "station", "name": "吉野町", "detail": "1号線" }, "geometry": { "type": "Point", "coordinates": [ 139.61876, 35.43544 ] } },
{ "type": "Feature", "properties": { "amenity_id": 192, "kind": "station", "name": "屏風浦", "detail": "本線" }, "geometry": { "type": "Point", "coordinates": [ 139.60997, 35.39458 ] } },
{ "type": "Feature", "properties": { "amenity_id": 193, "kind": "station", "name": "山手", "detail": "根岸線" }, "geometry": { "type": "Point", "coordinates": [ 139.64685, 35.42591 ] } },
{ "type": "Feature", "properties": { "amenity_id": 194, "kind": "station", "name": "平沼橋", "detail": "相鉄本線" }, "geometry": { "type": "Point", "coordinates": [ 139.61678, 35.46019 ] } },
{ "type": "Feature", "properties": { "amenity_id": 195, "kind": "station", "name": "弘明寺", "detail": "1号線 / 本線" }, "geometry": { "type": "Point", "coordinates": [ 139.60189, 35.42276 ] } },
{ "type": "Feature", "properties": { "amenity_id": 196, "kind": "station", "name": "戸部", "detail": "本線" }, "geometry": { "type": "Point", "coordinates": [ 139.61936, 35.45713 ] } },
{ "type": "Feature", "properties": { "amenity_id": 197, "kind": "station", "name": "新杉田", "detail": "金沢シーサイドライン / 根岸線" }, "geometry": { "type": "Point", "coordinates": [ 139.62003, 35.38606 ] } },
{ "type": "Feature", "properties": { "amenity_id": 198, "kind": "station", "name": "新高島", "detail": "みなとみらい21線" }, "geometry": { "type": "Point", "coordinates": [ 139.62567, 35.46196 ] } },
{ "type": "Feature", "properties": { "amenity_id": 199, "kind": "station", "name": "日ノ出町", "detail": "本線" }, "geometry": { "type": "Point", "coordinates": [ 139.6267, 35.44556 ] } },
{ "type": "Feature", "properties": { "amenity_id": 200, "kind": "station", "name": "日本大通り", "detail": "みなとみらい21線" }, "geometry": { "type": "Point", "coordinates": [ 139.64175, 35.44735 ] } },
{ "type": "Feature", "properties": { "amenity_id": 201, "kind": "station", "name": "杉田", "detail": "本線" }, "geometry": { "type": "Point", "coordinates": [ 139.61581, 35.38354 ] } },
{ "type": "Feature", "properties": { "amenity_id": 202, "kind": "station", "name": "根岸", "detail": "根岸線" }, "geometry": { "type": "Point", "coordinates": [ 139.63725, 35.41615 ] } },
{ "type": "Feature", "properties": { "amenity_id": 203, "kind": "station", "name": "桜木町", "detail": "3号線 / 根岸線" }, "geometry": { "type": "Point", "coordinates": [ 139.63074, 35.44964 ] } },
{ "type": "Feature", "properties": { "amenity_id": 204, "kind": "station", "name": "横浜", "detail": "みなとみらい21線 / 3号線 / 本線 / 相鉄本線 / 東横線 / 根岸線 / 東海道線" }, "geometry": { "type": "Point", "coordinates": [ 139.62179, 35.46553 ] } },
{ "type": "Feature", "properties": { "amenity_id": 205, "kind": "station", "name": "洋光台", "detail": "根岸線" }, "geometry": { "type": "Point", "coordinates": [ 139.59714, 35.37887 ] } },
{ "type": "Feature", "properties": { "amenity_id": 206, "kind": "station", "name": "石川町", "detail": "根岸線" }, "geometry": { "type": "Point", "coordinates": [ 139.64276, 35.43925 ] } },
{ "type": "Feature", "properties": { "amenity_id": 207, "kind": "station", "name": "磯子", "detail": "根岸線" }, "geometry": { "type": "Point", "coordinates": [ 139.61909, 35.40149 ] } },
{ "type": "Feature", "properties": { "amenity_id": 208, "kind": "station", "name": "蒔田", "detail": "1号線" }, "geometry": { "type": "Point", "coordinates": [ 139.60993, 35.42988 ] } },
{ "type": "Feature", "properties": { "amenity_id": 209, "kind": "station", "name": "西横浜", "detail": "相鉄本線" }, "geometry": { "type": "Point", "coordinates": [ 139.60835, 35.45325 ] } },
{ "type": "Feature", "properties": { "amenity_id": 210, "kind": "station", "name": "関内", "detail": "1号線 / 3号線 / 根岸線" }, "geometry": { "type": "Point", "coordinates": [ 139.63572, 35.4444 ] } },
{ "type": "Feature", "properties": { "amenity_id": 211, "kind": "station", "name": "阪東橋", "detail": "1号線" }, "geometry": { "type": "Point", "coordinates": [ 139.62463, 35.43738 ] } },
{ "type": "Feature", "properties": { "amenity_id": 212, "kind": "station", "name": "馬車道", "detail": "みなとみらい21線" }, "geometry": { "type": "Point", "coordinates": [ 139.63519, 35.4505 ] } },
{ "type": "Feature", "properties": { "amenity_id": 213, "kind": "station", "name": "高島町", "detail": "3号線" }, "geometry": { "type": "Point", "coordinates": [ 139.62414, 35.4581 ] } },
{ "type": "Feature", "properties": { "amenity_id": 214, "kind": "station", "name": "黄金町", "detail": "本線" }, "geometry": { "type": "Point", "coordinates": [ 139.62315, 35.4399 ] } },
{ "type": "Feature", "properties": { "amenity_id": 215, "kind": "shop", "name": "ファミリーマート", "detail": "convenience" }, "geometry": { "type": "Point", "coordinates": [ 139.6485084, 35.4190705 ] } },
{ "type": "Feature", "properties": { "amenity_id": 216, "kind": "shop", "name": null, "detail": "cafe" }, "geometry": { "type": "Point", "coordinates": [ 139.65700720000001, 35.4240119 ] } },
{ "type": "Feature", "properties": { "amenity_id": 217, "kind": "shop", "name": null, "detail": "cafe" }, "geometry": { "type": "Point", "coordinates": [ 139.660658800000022, 35.4251222 ] } },
{ "type": "Feature", "properties": { "amenity_id": 218, "kind": "shop", "name": "セブン-イレブン", "detail": "convenience" }, "geometry": { "type": "Point", "coordinates": [ 139.6486308, 35.4435065 ] } },
{ "type": "Feature", "properties": { "amenity_id": 219, "kind": "shop", "name": "マルエツプチ", "detail": "supermarket" }, "geometry": { "type": "Point", "coordinates": [ 139.648835600000012, 35.4437942 ] } },
{ "type": "Feature", "properties": { "amenity_id": 220, "kind": "shop", "name": "悟空", "detail": "cafe" }, "geometry": { "type": "Point", "coordinates": [ 139.6482159, 35.4430995 ] } },
{ "type": "Feature", "properties": { "amenity_id": 221, "kind": "shop", "name": "高田屋", "detail": "restaurant" }, "geometry": { "type": "Point", "coordinates": [ 139.6371695, 35.4422421 ] } },
{ "type": "Feature", "properties": { "amenity_id": 222, "kind": "shop", "name": "そば うどん 川村屋", "detail": "fast_food" }, "geometry": { "type": "Point", "coordinates": [ 139.631004500000017, 35.4507697 ] } },
{ "type": "Feature", "properties": { "amenity_id": 223, "kind": "shop", "name": "食品館あおば 本牧店", "detail": "supermarket" }, "geometry": { "type": "Point", "coordinates": [ 139.654769, 35.4197746 ] } },
{ "type": "Feature", "properties": { "amenity_id": 224, "kind": "shop", "name": "ケンタッキーフライドチキン", "detail": "fast_food" }, "geometry": { "type": "Point", "coordinates": [ 139.6389646, 35.4535799 ] } },
{ "type": "Feature", "properties": { "amenity_id": 225, "kind": "shop", "name": "マクドナルド", "detail": "fast_food" }, "geometry": { "type": "Point", "coordinates": [ 139.6387111, 35.4537196 ] } },
{ "type": "Feature", "properties": { "amenity_id": 226, "kind": "shop", "name": "PORTICELLO", "detail": "restaurant" }, "geometry": { "type": "Point", "coordinates": [ 139.638044400000013, 35.4541895 ] } },
{ "type": "Feature", "properties": { "amenity_id": 227, "kind": "shop", "name": null, "detail": "restaurant" }, "geometry": { "type": "Point", "coordinates": [ 139.660897300000016, 35.4218721 ] } },
{ "type": "Feature", "properties": { "amenity_id": 228, "kind": "shop", "name": null, "detail": "convenience" }, "geometry": { "type": "Point", "coordinates": [ 139.66347110000001, 35.4291246 ] } },
{ "type": "Feature", "properties": { "amenity_id": 229, "kind": "shop", "name": "セブン-イレブン", "detail": "convenience" }, "geometry": { "type": "Point", "coordinates": [ 139.6649782, 35.4222293 ] } },
{ "type": "Feature", "properties": { "amenity_id": 230, "kind": "shop", "name": "三和", "detail": "supermarket" }, "geometry": { "type": "Point", "coordinates": [ 139.664766400000019, 35.4301058 ] } },
{ "type": "Feature", "properties": { "amenity_id": 231, "kind": "shop", "name": "United Seamens Service", "detail": "restaurant" }, "geometry": { "type": "Point", "coordinates": [ 139.667399100000011, 35.4333151 ] } },
{ "type": "Feature", "properties": { "amenity_id": 232, "kind": "shop", "name": "café & dining blue terminal", "detail": "restaurant" }, "geometry": { "type": "Point", "coordinates": [ 139.64858270000002, 35.4531195 ] } },
{ "type": "Feature", "properties": { "amenity_id": 233, "kind": "shop", "name": "象の鼻カフェ", "detail": "cafe" }, "geometry": { "type": "Point", "coordinates": [ 139.64319660000001, 35.4497297 ] } },
{ "type": "Feature", "properties": { "amenity_id": 234, "kind": "shop", "name": "Bubby's", "detail": "cafe" }, "geometry": { "type": "Point", "coordinates": [ 139.6312116, 35.451031 ] } },
{ "type": "Feature", "properties": { "amenity_id": 235, "kind": "shop", "name": "Bubby's", "detail": "restaurant" }, "geometry": { "type": "Point", "coordinates": [ 139.6310489, 35.451192 ] } },
{ "type": "Feature", "properties": { "amenity_id": 236, "kind": "shop", "name": "ジョナサン", "detail": "restaurant" }, "geometry": { "type": "Point", "coordinates": [ 139.6369608, 35.4495532 ] } },
{ "type": "Feature", "properties": { "amenity_id": 237, "kind": "shop", "name": "北京飯店", "detail": "restaurant" }, "geometry": { "type": "Point", "coordinates": [ 139.6478299, 35.4441016 ] } },
{ "type": "Feature", "properties": { "amenity_id": 238, "kind": "shop", "name": "ドトールコーヒーショップ", "detail": "cafe" }, "geometry": { "type": "Point", "coordinates": [ 139.648362100000014, 35.4440999 ] } },
{ "type": "Feature", "properties": { "amenity_id": 239, "kind": "shop", "name": "Charan Paulin", "detail": "cafe" }, "geometry": { "type": "Point", "coordinates": [ 139.64328230000001, 35.4483129 ] } },
{ "type": "Feature", "properties": { "amenity_id": 240, "kind": "shop", "name": "サンアロハみなとみらい山下公園本店", "detail": "restaurant" }, "geometry": { "type": "Point", "coordinates": [ 139.644132900000017, 35.4478833 ] } },
{ "type": "Feature", "properties": { "amenity_id": 241, "kind": "shop", "name": "カンファーツリー", "detail": "cafe" }, "geometry": { "type": "Point", "coordinates": [ 139.6439767, 35.4479619 ] } },
{ "type": "Feature", "properties": { "amenity_id": 242, "kind": "shop", "name": "マクドナルド", "detail": "fast_food" }, "geometry": { "type": "Point", "coordinates": [ 139.650452800000011, 35.4445251 ] } },
{ "type": "Feature", "properties": { "amenity_id": 243, "kind": "shop", "name": "カフェドラぺ", "detail": "restaurant" }, "geometry": { "type": "Point", "coordinates": [ 139.6458584, 35.447121 ] } },
{ "type": "Feature", "properties": { "amenity_id": 244, "kind": "shop", "name": "東天紅", "detail": "restaurant" }, "geometry": { "type": "Point", "coordinates": [ 139.645768700000019, 35.4466112 ] } },
{ "type": "Feature", "properties": { "amenity_id": 245, "kind": "shop", "name": "ドトールコーヒーショップ", "detail": "cafe" }, "geometry": { "type": "Point", "coordinates": [ 139.646082800000016, 35.4468527 ] } },
{ "type": "Feature", "properties": { "amenity_id": 246, "kind": "shop", "name": "セブン-イレブン", "detail": "convenience" }, "geometry": { "type": "Point", "coordinates": [ 139.6311713, 35.4496599 ] } },
{ "type": "Feature", "properties": { "amenity_id": 247, "kind": "shop", "name": "ジョナサン", "detail": "restaurant" }, "geometry": { "type": "Point", "coordinates": [ 139.6454632, 35.44748 ] } },
{ "type": "Feature", "properties": { "amenity_id": 248, "kind": "shop", "name": "ローソン", "detail": "convenience" }, "geometry": { "type": "Point", "coordinates": [ 139.637556500000017, 35.449721 ] } },
{ "type": "Feature", "properties": { "amenity_id": 249, "kind": "shop", "name": "Planet", "detail": "restaurant" }, "geometry": { "type": "Point", "coordinates": [ 139.650335800000022, 35.4446151 ] } },
{ "type": "Feature", "properties": { "amenity_id": 250, "kind": "shop", "name": "モスバーガー", "detail": "fast_food" }, "geometry": { "type": "Point", "coordinates": [ 139.637415, 35.4424607 ] } },
{ "type": "Feature", "properties": { "amenity_id": 251, "kind": "shop", "name": "マクドナルド", "detail": "fast_food" }, "geometry": { "type": "Point", "coordinates": [ 139.6376564, 35.4422378 ] } },
{ "type": "Feature", "properties": { "amenity_id": 252, "kind": "shop", "name": "ローソンストア100", "detail": "convenience" }, "geometry": { "type": "Point", "coordinates": [ 139.638478, 35.4414199 ] } },
{ "type": "Feature", "properties": { "amenity_id": 253, "kind": "shop", "name": "ミニストップ", "detail": "convenience" }, "geometry": { "type": "Point", "coordinates": [ 139.639747700000015, 35.4471694 ] } },
{ "type": "Feature", "properties": { "amenity_id": 254, "kind": "shop", "name": "ALLORA bashamichi", "detail": "restaurant" }, "geometry": { "type": "Point", "coordinates": [ 139.6354833, 35.4488497 ] } },
{ "type": "Feature", "properties": { "amenity_id": 255, "kind": "shop", "name": "Charcoal Grill Green", "detail": "restaurant" }, "geometry": { "type": "Point", "coordinates": [ 139.635395100000011, 35.4491219 ] } },
{ "type": "Feature", "properties": { "amenity_id": 256, "kind": "shop", "name": "secret club EVIL", "detail": "bar" }, "geometry": { "type": "Point", "coordinates": [ 139.637278900000013, 35.4456367 ] } },
{ "type": "Feature", "properties": { "amenity_id": 257, "kind": "shop", "name": "味奈登庵", "detail": "fast_food" }, "geometry": { "type": "Point", "coordinates": [ 139.635551100000015, 35.4493458 ] } },
{ "type": "Feature", "properties": { "amenity_id": 258, "kind": "shop", "name": "築地銀だこ", "detail": "fast_food" }, "geometry": { "type": "Point", "coordinates": [ 139.6364687, 35.4462658 ] } },
{ "type": "Feature", "properties": { "amenity_id": 259, "kind": "shop", "name": "馬車道 鶏炎", "detail": "restaurant" }, "geometry": { "type": "Point", "coordinates": [ 139.634401100000019, 35.4475978 ] } },
{ "type": "Feature", "properties": { "amenity_id": 260, "kind": "shop", "name": "Alte Liebe", "detail": "restaurant" }, "geometry": { "type": "Point", "coordinates": [ 139.642487100000011, 35.4461254 ] } },
{ "type": "Feature", "properties": { "amenity_id": 261, "kind": "shop", "name": "Lien Sandwiches", "detail": "cafe" }, "geometry": { "type": "Point", "coordinates": [ 139.640779800000018, 35.4466473 ] } },
{ "type": "Feature", "properties": { "amenity_id": 262, "kind": "shop", "name": "SALONE 2007", "detail": "restaurant" }, "geometry": { "type": "Point", "coordinates": [ 139.648672300000015, 35.4430088 ] } },
{ "type": "Feature", "properties": { "amenity_id": 263, "kind": "shop", "name": "Chanpha", "detail": "restaurant" }, "geometry": { "type": "Point", "coordinates": [ 139.6355044, 35.4472853 ] } },
{ "type": "Feature", "properties": { "amenity_id": 264, "kind": "shop", "name": "Via Toscanella", "detail": "restaurant" }, "geometry": { "type": "Point", "coordinates": [ 139.636846, 35.4473337 ] } },
{ "type": "Feature", "properties": { "amenity_id": 265, "kind": "shop", "name": "うどん 大むら", "detail": "fast_food" }, "geometry": { "type": "Point", "coordinates": [ 139.6367323, 35.4471975 ] } },
{ "type": "Feature", "properties": { "amenity_id": 266, "kind": "shop", "name": "タリーズコーヒー", "detail": "cafe" }, "geometry": { "type": "Point", "coordinates": [ 139.6354441, 35.4472123 ] } },
{ "type": "Feature", "properties": { "amenity_id": 267, "kind": "shop", "name": "ファミリーマート", "detail": "convenience" }, "geometry": { "type": "Point", "coordinates": [ 139.636918400000013, 35.4474722 ] } },
{ "type": "Feature", "properties": { "amenity_id": 268, "kind": "shop", "name": "ナチュラルローソン", "detail": "convenience" }, "geometry": { "type": "Point", "coordinates": [ 139.6363665, 35.4467613 ] } },
{ "type": "Feature", "properties": { "amenity_id": 269, "kind": "shop", "name": "味雅", "detail": "restaurant" }, "geometry": { "type": "Point", "coordinates": [ 139.6356357, 35.4474474 ] } },
{ "type": "Feature", "properties": { "amenity_id": 270, "kind": "shop", "name": "日本料理 くにまつ", "detail": "restaurant" }, "geometry": { "type": "Point", "coordinates": [ 139.6364302, 35.4473522 ] } },
{ "type": "Feature", "properties": { "amenity_id": 271, "kind": "shop", "name": "蓬莱閣", "detail": "restaurant" }, "geometry": { "type": "Point", "coordinates": [ 139.6470459, 35.4424945 ] } },
{ "type": "Feature", "properties": { "amenity_id": 272, "kind": "shop", "name": "Pepper Lunch", "detail": "fast_food" }, "geometry": { "type": "Point", "coordinates": [ 139.632110300000022, 35.4505796 ] } },
{ "type": "Feature", "properties": { "amenity_id": 273, "kind": "shop", "name": "カフェ・ド・クリエ", "detail": "cafe" }, "geometry": { "type": "Point", "coordinates": [ 139.632123700000022, 35.4505469 ] } },
{ "type": "Feature", "properties": { "amenity_id": 274, "kind": "shop", "name": "鵬天閣", "detail": "restaurant" }, "geometry": { "type": "Point", "coordinates": [ 139.6467671, 35.4434696 ] } },
{ "type": "Feature", "properties": { "amenity_id": 275, "kind": "shop", "name": "ファミリーマート", "detail": "convenience" }, "geometry": { "type": "Point", "coordinates": [ 139.650713, 35.4425105 ] } },
{ "type": "Feature", "properties": { "amenity_id": 276, "kind": "shop", "name": "ケンタッキーフライドチキン", "detail": "fast_food" }, "geometry": { "type": "Point", "coordinates": [ 139.63395060000002, 35.4450702 ] } },
{ "type": "Feature", "properties": { "amenity_id": 277, "kind": "shop", "name": "エクセルシオール カフェ", "detail": "cafe" }, "geometry": { "type": "Point", "coordinates": [ 139.6461562, 35.4391592 ] } },
{ "type": "Feature", "properties": { "amenity_id": 278, "kind": "shop", "name": "マクドナルド", "detail": "fast_food" }, "geometry": { "type": "Point", "coordinates": [ 139.660008, 35.439437 ] } },
{ "type": "Feature", "properties": { "amenity_id": 279, "kind": "shop", "name": "ラーメン大将(Ramen noudle Taisho)", "detail": "restaurant" }, "geometry": { "type": "Point", "coordinates": [ 139.6527274, 35.4177314 ] } },
{ "type": "Feature", "properties": { "amenity_id": 280, "kind": "shop", "name": "ホノルルコーヒー", "detail": "cafe" }, "geometry": { "type": "Point", "coordinates": [ 139.639269, 35.4540148 ] } },
{ "type": "Feature", "properties": { "amenity_id": 281, "kind": "shop", "name": "ファミリーマート", "detail": "convenience" }, "geometry": { "type": "Point", "coordinates": [ 139.639310100000017, 35.4447047 ] } },
{ "type": "Feature", "properties": { "amenity_id": 282, "kind": "shop", "name": "カフェ・ベローチェ", "detail": "cafe" }, "geometry": { "type": "Point", "coordinates": [ 139.6397388, 35.4453635 ] } },
{ "type": "Feature", "properties": { "amenity_id": 283, "kind": "shop", "name": "大学院", "detail": "cafe" }, "geometry": { "type": "Point", "coordinates": [ 139.639863100000014, 35.4455346 ] } },
{ "type": "Feature", "properties": { "amenity_id": 284, "kind": "shop", "name": "スターバックス", "detail": "cafe" }, "geometry": { "type": "Point", "coordinates": [ 139.6405392, 35.4456312 ] } },
{ "type": "Feature", "properties": { "amenity_id": 285, "kind": "shop", "name": "エフワン", "detail": "clothes" }, "geometry": { "type": "Point", "coordinates": [ 139.639963600000016, 35.4456848 ] } },
{ "type": "Feature", "properties": { "amenity_id": 286, "kind": "shop", "name": "ほっともっと", "detail": "fast_food" }, "geometry": { "type": "Point", "coordinates": [ 139.639944900000017, 35.4456311 ] } },
{ "type": "Feature", "properties": { "amenity_id": 287, "kind": "shop", "name": "Lien", "detail": "cafe" }, "geometry": { "type": "Point", "coordinates": [ 139.640872700000017, 35.4467682 ] } },
{ "type": "Feature", "properties": { "amenity_id": 288, "kind": "shop", "name": "クラッ", "detail": "restaurant" }, "geometry": { "type": "Point", "coordinates": [ 139.635309800000016, 35.4478138 ] } },
{ "type": "Feature", "properties": { "amenity_id": 289, "kind": "shop", "name": "Nex / Commissary ", "detail": "supermarket" }, "geometry": { "type": "Point", "coordinates": [ 139.636299800000018, 35.4232654 ] } },
{ "type": "Feature", "properties": { "amenity_id": 290, "kind": "shop", "name": "サモアール 馬車道店", "detail": "restaurant" }, "geometry": { "type": "Point", "coordinates": [ 139.636621100000013, 35.4485274 ] } },
{ "type": "Feature", "properties": { "amenity_id": 291, "kind": "shop", "name": "Hanabashi", "detail": "clothes" }, "geometry": { "type": "Point", "coordinates": [ 139.636993, 35.4489 ] } },
{ "type": "Feature", "properties": { "amenity_id": 292, "kind": "shop", "name": "デイリーヤマザキ", "detail": "convenience" }, "geometry": { "type": "Point", "coordinates": [ 139.6364959, 35.4484668 ] } },
{ "type": "Feature", "properties": { "amenity_id": 293, "kind": "shop", "name": "ドーバーラウンジ", "detail": "bar" }, "geometry": { "type": "Point", "coordinates": [ 139.638058, 35.447781 ] } },
{ "type": "Feature", "properties": { "amenity_id": 294, "kind": "shop", "name": "孔雀", "detail": "bar" }, "geometry": { "type": "Point", "coordinates": [ 139.638111, 35.447753 ] } },
{ "type": "Feature", "properties": { "amenity_id": 295, "kind": "shop", "name": "別亭 空海", "detail": "restaurant" }, "geometry": { "type": "Point", "coordinates": [ 139.638197, 35.447698 ] } },
{ "type": "Feature", "properties": { "amenity_id": 296, "kind": "shop", "name": "ファミリーマート", "detail": "convenience" }, "geometry": { "type": "Point", "coordinates": [ 139.638465, 35.447558 ] } },
{ "type": "Feature", "properties": { "amenity_id": 297, "kind": "shop", "name": "セブン-イレブン", "detail": "convenience" }, "geometry": { "type": "Point", "coordinates": [ 139.638157, 35.447101 ] } },
{ "type": "Feature", "properties": { "amenity_id": 298, "kind": "shop", "name": "ばりかた屋", "detail": "fast_food" }, "geometry": { "type": "Point", "coordinates": [ 139.638251, 35.446852 ] } },
{ "type": "Feature", "properties": { "amenity_id": 299, "kind": "shop", "name": "Cafe des Anges", "detail": "cafe" }, "geometry": { "type": "Point", "coordinates": [ 139.6398829, 35.4497215 ] } },
{ "type": "Feature", "properties": { "amenity_id": 300, "kind": "shop", "name": "牛鍋", "detail": "restaurant" }, "geometry": { "type": "Point", "coordinates": [ 139.638387, 35.450744 ] } },
{ "type": "Feature", "properties": { "amenity_id": 301, "kind": "shop", "name": "Café Bonsoir", "detail": "cafe" }, "geometry": { "type": "Point", "coordinates": [ 139.63815, 35.450528 ] } },
{ "type": "Feature", "properties": { "amenity_id": 302, "kind": "shop", "name": "海岸通り 風我亭キッチン", "detail": "restaurant" }, "geometry": { "type": "Point", "coordinates": [ 139.638069, 35.450471 ] } },
{ "type": "Feature", "properties": { "amenity_id": 303, "kind": "shop", "name": "中村屋", "detail": "fast_food" }, "geometry": { "type": "Point", "coordinates": [ 139.638144, 35.450393 ] } },
{ "type": "Feature", "properties": { "amenity_id": 304, "kind": "shop", "name": "ファミリーマート", "detail": "convenience" }, "geometry": { "type": "Point", "coordinates": [ 139.637892, 35.450206 ] } },
{ "type": "Feature", "properties": { "amenity_id": 305, "kind": "shop", "name": "ファミリーマート", "detail": "convenience" }, "geometry": { "type": "Point", "coordinates": [ 139.6230955, 35.4406768 ] } },
{ "type": "Feature", "properties": { "amenity_id": 306, "kind": "shop", "name": "スポーツバー oasis latino", "detail": "bar" }, "geometry": { "type": "Point", "coordinates": [ 139.6234111, 35.4404519 ] } },
{ "type": "Feature", "properties": { "amenity_id": 307, "kind": "shop", "name": "ミニストップ", "detail": "convenience" }, "geometry": { "type": "Point", "coordinates": [ 139.628521, 35.447791 ] } },
{ "type": "Feature", "properties": { "amenity_id": 308, "kind": "shop", "name": "喫茶カミン", "detail": "cafe" }, "geometry": { "type": "Point", "coordinates": [ 139.628777, 35.447617 ] } },
{ "type": "Feature", "properties": { "amenity_id": 309, "kind": "shop", "name": "ブッチャーズグリル", "detail": "restaurant" }, "geometry": { "type": "Point", "coordinates": [ 139.62846, 35.447719 ] } },
{ "type": "Feature", "properties": { "amenity_id": 310, "kind": "shop", "name": "GONZA", "detail": "bar" }, "geometry": { "type": "Point", "coordinates": [ 139.628511, 35.447254 ] } },
{ "type": "Feature", "properties": { "amenity_id": 311, "kind": "shop", "name": "担々麺 杏華梵", "detail": "fast_food" }, "geometry": { "type": "Point", "coordinates": [ 139.62846, 35.447179 ] } },
{ "type": "Feature", "properties": { "amenity_id": 312, "kind": "shop", "name": "永勝楼", "detail": "restaurant" }, "geometry": { "type": "Point", "coordinates": [ 139.628372, 35.447055 ] } },
{ "type": "Feature", "properties": { "amenity_id": 313, "kind": "shop", "name": "カレータンタン麺　花虎", "detail": "restaurant" }, "geometry": { "type": "Point", "coordinates": [ 139.628367, 35.446999 ] } },
{ "type": "Feature", "properties": { "amenity_id": 314, "kind": "shop", "name": "剛つけ麺", "detail": "fast_food" }, "geometry": { "type": "Point", "coordinates": [ 139.628089500000016, 35.447182 ] } },
{ "type": "Feature", "properties": { "amenity_id": 315, "kind": "shop", "name": "洋服の青山", "detail": "clothes" }, "geometry": { "type": "Point", "coordinates": [ 139.6277694, 35.4468139 ] } },
{ "type": "Feature", "properties": { "amenity_id": 316, "kind": "shop", "name": "FUNIC style-G", "detail": "hairdresser" }, "geometry": { "type": "Point", "coordinates": [ 139.62821, 35.446771 ] } },
{ "type": "Feature", "properties": { "amenity_id": 317, "kind": "shop", "name": "松葉寿し", "detail": "restaurant" }, "geometry": { "type": "Point", "coordinates": [ 139.6281764, 35.4467329 ] } },
{ "type": "Feature", "properties": { "amenity_id": 318, "kind": "shop", "name": "ローソン", "detail": "convenience" }, "geometry": { "type": "Point", "coordinates": [ 139.628021, 35.446524 ] } },
{ "type": "Feature", "properties": { "amenity_id": 319, "kind": "shop", "name": "やよい軒", "detail": "restaurant" }, "geometry": { "type": "Point", "coordinates": [ 139.627717500000017, 35.4466562 ] } },
{ "type": "Feature", "properties": { "amenity_id": 320, "kind": "shop", "name": "Pakistan Restaurant Hunza Darbar", "detail": "restaurant" }, "geometry": { "type": "Point", "coordinates": [ 139.627583, 35.446436 ] } },
{ "type": "Feature", "properties": { "amenity_id": 321, "kind": "shop", "name": "そば処 野毛庵", "detail": "restaurant" }, "geometry": { "type": "Point", "coordinates": [ 139.627712, 35.446033 ] } },
{ "type": "Feature", "properties": { "amenity_id": 322, "kind": "shop", "name": "とんこつラーメン たかさご家", "detail": "fast_food" }, "geometry": { "type": "Point", "coordinates": [ 139.6276316, 35.4459197 ] } },
{ "type": "Feature", "properties": { "amenity_id": 323, "kind": "shop", "name": "ケンタッキーフライドチキン", "detail": "fast_food" }, "geometry": { "type": "Point", "coordinates": [ 139.6273064, 35.4459957 ] } },
{ "type": "Feature", "properties": { "amenity_id": 324, "kind": "shop", "name": "伝説のすた丼", "detail": "fast_food" }, "geometry": { "type": "Point", "coordinates": [ 139.6272864, 35.4459033 ] } },
{ "type": "Feature", "properties": { "amenity_id": 325, "kind": "shop", "name": "九州とんこつラーメン 武者がよか", "detail": "fast_food" }, "geometry": { "type": "Point", "coordinates": [ 139.627633, 35.4457459 ] } },
{ "type": "Feature", "properties": { "amenity_id": 326, "kind": "shop", "name": "オリジン弁当", "detail": "fast_food" }, "geometry": { "type": "Point", "coordinates": [ 139.6277451, 35.4456833 ] } },
{ "type": "Feature", "properties": { "amenity_id": 327, "kind": "shop", "name": "富士そば", "detail": "fast_food" }, "geometry": { "type": "Point", "coordinates": [ 139.626945, 35.445567 ] } },
{ "type": "Feature", "properties": { "amenity_id": 328, "kind": "shop", "name": "スリーエフ", "detail": "convenience" }, "geometry": { "type": "Point", "coordinates": [ 139.626785, 35.444947 ] } },
{ "type": "Feature", "properties": { "amenity_id": 329, "kind": "shop", "name": "ナマステポカラ", "detail": "restaurant" }, "geometry": { "type": "Point", "coordinates": [ 139.626926, 35.444591 ] } },
{ "type": "Feature", "properties": { "amenity_id": 330, "kind": "shop", "name": "FOOTPRINT", "detail": "bar" }, "geometry": { "type": "Point", "coordinates": [ 139.6268724, 35.4444673 ] } },
{ "type": "Feature", "properties": { "amenity_id": 331, "kind": "shop", "name": "そば処 辰巳庵", "detail": "restaurant" }, "geometry": { "type": "Point", "coordinates": [ 139.6268365, 35.4443714 ] } },
{ "type": "Feature", "properties": { "amenity_id": 332, "kind": "shop", "name": "横浜長浜ラーメン たつ屋", "detail": "fast_food" }, "geometry": { "type": "Point", "coordinates": [ 139.6263458, 35.4440756 ] } },
{ "type": "Feature", "properties": { "amenity_id": 333, "kind": "shop", "name": "まいばすけっと", "detail": "supermarket" }, "geometry": { "type": "Point", "coordinates": [ 139.62473, 35.441908 ] } },
{ "type": "Feature", "properties": { "amenity_id": 334, "kind": "shop", "name": "ローソンストア100", "detail": "convenience" }, "geometry": { "type": "Point", "coordinates": [ 139.624562, 35.441759 ] } },
{ "type": "Feature", "properties": { "amenity_id": 335, "kind": "shop", "name": "Paradee", "detail": "bar" }, "geometry": { "type": "Point", "coordinates": [ 139.6307319, 35.4489209 ] } },
{ "type": "Feature", "properties": { "amenity_id": 336, "kind": "shop", "name": "CHIKI CHIKI TAN TAN", "detail": "cafe" }, "geometry": { "type": "Point", "coordinates": [ 139.6318019, 35.4464923 ] } },
{ "type": "Feature", "properties": { "amenity_id": 337, "kind": "shop", "name": "ミニストップ", "detail": "convenience" }, "geometry": { "type": "Point", "coordinates": [ 139.638913, 35.440904 ] } },
{ "type": "Feature", "properties": { "amenity_id": 338, "kind": "shop", "name": "らんぷ亭\r", "detail": "fast_food" }, "geometry": { "type": "Point", "coordinates": [ 139.639582, 35.448639 ] } },
{ "type": "Feature", "properties": { "amenity_id": 339, "kind": "shop", "name": "Soup Curry らっきょ", "detail": "restaurant" }, "geometry": { "type": "Point", "coordinates": [ 139.6360282, 35.4481711 ] } },
{ "type": "Feature", "properties": { "amenity_id": 340, "kind": "shop", "name": "火鍋専門店 小肥羊", "detail": "restaurant" }, "geometry": { "type": "Point", "coordinates": [ 139.636005800000021, 35.4476689 ] } },
{ "type": "Feature", "properties": { "amenity_id": 341, "kind": "shop", "name": "相生 馬車道本店", "detail": "restaurant" }, "geometry": { "type": "Point", "coordinates": [ 139.636179700000014, 35.4479008 ] } },
{ "type": "Feature", "properties": { "amenity_id": 342, "kind": "shop", "name": "生香園 本館", "detail": "restaurant" }, "geometry": { "type": "Point", "coordinates": [ 139.6358492, 35.4478484 ] } },
{ "type": "Feature", "properties": { "amenity_id": 343, "kind": "shop", "name": "セブン-イレブン", "detail": "convenience" }, "geometry": { "type": "Point", "coordinates": [ 139.640676500000012, 35.4480842 ] } },
{ "type": "Feature", "properties": { "amenity_id": 344, "kind": "shop", "name": "福久", "detail": "restaurant" }, "geometry": { "type": "Point", "coordinates": [ 139.637497600000017, 35.4486976 ] } },
{ "type": "Feature", "properties": { "amenity_id": 345, "kind": "shop", "name": "NOVARESE", "detail": "clothes" }, "geometry": { "type": "Point", "coordinates": [ 139.6363126, 35.4487066 ] } },
{ "type": "Feature", "properties": { "amenity_id": 346, "kind": "shop", "name": "みなと寿司", "detail": "restaurant" }, "geometry": { "type": "Point", "coordinates": [ 139.6389566, 35.446144 ] } },
{ "type": "Feature", "properties": { "amenity_id": 347, "kind": "shop", "name": "生香園 新館", "detail": "restaurant" }, "geometry": { "type": "Point", "coordinates": [ 139.63619970000002, 35.4484431 ] } },
{ "type": "Feature", "properties": { "amenity_id": 348, "kind": "shop", "name": "AQUA OLIVINE", "detail": "restaurant" }, "geometry": { "type": "Point", "coordinates": [ 139.643392800000015, 35.4482585 ] } },
{ "type": "Feature", "properties": { "amenity_id": 349, "kind": "shop", "name": "CJ Cafe", "detail": "cafe" }, "geometry": { "type": "Point", "coordinates": [ 139.643319100000014, 35.4482948 ] } },
{ "type": "Feature", "properties": { "amenity_id": 350, "kind": "shop", "name": "LIVE&BAR 風鈴", "detail": "bar" }, "geometry": { "type": "Point", "coordinates": [ 139.6442666, 35.4481229 ] } },
{ "type": "Feature", "properties": { "amenity_id": 351, "kind": "shop", "name": "Seaside Lange SaLa", "detail": "bar" }, "geometry": { "type": "Point", "coordinates": [ 139.6442926, 35.4481101 ] } },
{ "type": "Feature", "properties": { "amenity_id": 352, "kind": "shop", "name": "サクライ", "detail": "hairdresser" }, "geometry": { "type": "Point", "coordinates": [ 139.6442395, 35.4481364 ] } },
{ "type": "Feature", "properties": { "amenity_id": 353, "kind": "shop", "name": "タイム", "detail": "fast_food" }, "geometry": { "type": "Point", "coordinates": [ 139.643356, 35.4482766 ] } },
{ "type": "Feature", "properties": { "amenity_id": 354, "kind": "shop", "name": "かばのおうどん", "detail": "fast_food" }, "geometry": { "type": "Point", "coordinates": [ 139.6450701, 35.4397967 ] } },
{ "type": "Feature", "properties": { "amenity_id": 355, "kind": "shop", "name": "ambrosia", "detail": "hairdresser" }, "geometry": { "type": "Point", "coordinates": [ 139.6489919, 35.4409955 ] } },
{ "type": "Feature", "properties": { "amenity_id": 356, "kind": "shop", "name": "ウチキパン", "detail": "bakery" }, "geometry": { "type": "Point", "coordinates": [ 139.6506421, 35.4409153 ] } },
{ "type": "Feature", "properties": { "amenity_id": 357, "kind": "shop", "name": null, "detail": "restaurant" }, "geometry": { "type": "Point", "coordinates": [ 139.6551868, 35.442253 ] } },
{ "type": "Feature", "properties": { "amenity_id": 358, "kind": "shop", "name": "ルノアール", "detail": "cafe" }, "geometry": { "type": "Point", "coordinates": [ 139.650259, 35.4414723 ] } },
{ "type": "Feature", "properties": { "amenity_id": 359, "kind": "shop", "name": "石川屋", "detail": "restaurant" }, "geometry": { "type": "Point", "coordinates": [ 139.645603600000015, 35.4392193 ] } },
{ "type": "Feature", "properties": { "amenity_id": 360, "kind": "shop", "name": "ほんのり家", "detail": "fast_food" }, "geometry": { "type": "Point", "coordinates": [ 139.6372538, 35.4433046 ] } },
{ "type": "Feature", "properties": { "amenity_id": 361, "kind": "shop", "name": "鳥八百八", "detail": "restaurant" }, "geometry": { "type": "Point", "coordinates": [ 139.6312431, 35.448552 ] } },
{ "type": "Feature", "properties": { "amenity_id": 362, "kind": "shop", "name": "日高屋", "detail": "fast_food" }, "geometry": { "type": "Point", "coordinates": [ 139.6351717, 35.445267 ] } },
{ "type": "Feature", "properties": { "amenity_id": 363, "kind": "shop", "name": "ゴル麺", "detail": "restaurant" }, "geometry": { "type": "Point", "coordinates": [ 139.6289734, 35.4485108 ] } },
{ "type": "Feature", "properties": { "amenity_id": 364, "kind": "shop", "name": "とんかつ　松乃家", "detail": "restaurant" }, "geometry": { "type": "Point", "coordinates": [ 139.628664400000019, 35.4480523 ] } },
{ "type": "Feature", "properties": { "amenity_id": 365, "kind": "shop", "name": "松屋", "detail": "fast_food" }, "geometry": { "type": "Point", "coordinates": [ 139.629644500000012, 35.4493877 ] } },
{ "type": "Feature", "properties": { "amenity_id": 366, "kind": "shop", "name": "阿里山", "detail": "restaurant" }, "geometry": { "type": "Point", "coordinates": [ 139.629451, 35.4495154 ] } },
{ "type": "Feature", "properties": { "amenity_id": 367, "kind": "shop", "name": "ローソンストア100", "detail": "convenience" }, "geometry": { "type": "Point", "coordinates": [ 139.6295925, 35.4493166 ] } },
{ "type": "Feature", "properties": { "amenity_id": 368, "kind": "shop", "name": "モスバーガー", "detail": "fast_food" }, "geometry": { "type": "Point", "coordinates": [ 139.6297098, 35.4495154 ] } },
{ "type": "Feature", "properties": { "amenity_id": 369, "kind": "shop", "name": "中国ラーメン楊", "detail": "restaurant" }, "geometry": { "type": "Point", "coordinates": [ 139.6295088, 35.4486875 ] } },
{ "type": "Feature", "properties": { "amenity_id": 370, "kind": "shop", "name": "ザ・ラーメン屋", "detail": "fast_food" }, "geometry": { "type": "Point", "coordinates": [ 139.644670500000018, 35.4481864 ] } },
{ "type": "Feature", "properties": { "amenity_id": 371, "kind": "shop", "name": "bills鬆餅甜點", "detail": "restaurant" }, "geometry": { "type": "Point", "coordinates": [ 139.64353, 35.452656 ] } },
{ "type": "Feature", "properties": { "amenity_id": 372, "kind": "shop", "name": "ニャーヴェトナム ビアホイ", "detail": "restaurant" }, "geometry": { "type": "Point", "coordinates": [ 139.6325687, 35.450848 ] } },
{ "type": "Feature", "properties": { "amenity_id": 373, "kind": "shop", "name": "吉公", "detail": "cafe" }, "geometry": { "type": "Point", "coordinates": [ 139.645454, 35.4444924 ] } },
{ "type": "Feature", "properties": { "amenity_id": 374, "kind": "shop", "name": "京華樓 別館", "detail": "restaurant" }, "geometry": { "type": "Point", "coordinates": [ 139.6449815, 35.4431631 ] } },
{ "type": "Feature", "properties": { "amenity_id": 375, "kind": "shop", "name": "京華樓 本館", "detail": "restaurant" }, "geometry": { "type": "Point", "coordinates": [ 139.645936800000015, 35.4423323 ] } },
{ "type": "Feature", "properties": { "amenity_id": 376, "kind": "shop", "name": "試聴室", "detail": "cafe" }, "geometry": { "type": "Point", "coordinates": [ 139.6247673, 35.4408679 ] } },
{ "type": "Feature", "properties": { "amenity_id": 377, "kind": "shop", "name": null, "detail": "cafe" }, "geometry": { "type": "Point", "coordinates": [ 139.625508700000012, 35.4416418 ] } },
{ "type": "Feature", "properties": { "amenity_id": 378, "kind": "shop", "name": "Night Fire", "detail": "bar" }, "geometry": { "type": "Point", "coordinates": [ 139.624135700000011, 35.4402504 ] } },
{ "type": "Feature", "properties": { "amenity_id": 379, "kind": "shop", "name": "cafe Canti", "detail": "cafe" }, "geometry": { "type": "Point", "coordinates": [ 139.6241061, 35.4402282 ] } },
{ "type": "Feature", "properties": { "amenity_id": 380, "kind": "shop", "name": "らいむらいと", "detail": "bar" }, "geometry": { "type": "Point", "coordinates": [ 139.6265052, 35.4430773 ] } },
{ "type": "Feature", "properties": { "amenity_id": 381, "kind": "shop", "name": "よんふくcafe", "detail": "cafe" }, "geometry": { "type": "Point", "coordinates": [ 139.626383300000015, 35.4428055 ] } },
{ "type": "Feature", "properties": { "amenity_id": 382, "kind": "shop", "name": "きい房茶", "detail": "cafe" }, "geometry": { "type": "Point", "coordinates": [ 139.623994300000021, 35.4401405 ] } },
{ "type": "Feature", "properties": { "amenity_id": 383, "kind": "shop", "name": "コインランドリー コインシャワー 黄金屋", "detail": "laundry" }, "geometry": { "type": "Point", "coordinates": [ 139.625383700000015, 35.4411822 ] } },
{ "type": "Feature", "properties": { "amenity_id": 384, "kind": "shop", "name": "PROGLANSS", "detail": "hairdresser" }, "geometry": { "type": "Point", "coordinates": [ 139.6237073, 35.4399278 ] } },
{ "type": "Feature", "properties": { "amenity_id": 385, "kind": "shop", "name": "JOINT", "detail": "bar" }, "geometry": { "type": "Point", "coordinates": [ 139.6242215, 35.4403293 ] } },
{ "type": "Feature", "properties": { "amenity_id": 386, "kind": "shop", "name": "NORITIE COFFEE", "detail": "cafe" }, "geometry": { "type": "Point", "coordinates": [ 139.624191700000011, 35.4402976 ] } },
{ "type": "Feature", "properties": { "amenity_id": 387, "kind": "shop", "name": "BACARDI", "detail": "bar" }, "geometry": { "type": "Point", "coordinates": [ 139.62415470000002, 35.4402666 ] } },
{ "type": "Feature", "properties": { "amenity_id": 388, "kind": "shop", "name": "ミニストップ", "detail": "convenience" }, "geometry": { "type": "Point", "coordinates": [ 139.6267058, 35.4420074 ] } },
{ "type": "Feature", "properties": { "amenity_id": 389, "kind": "shop", "name": "オリジン弁当", "detail": "fast_food" }, "geometry": { "type": "Point", "coordinates": [ 139.623805300000015, 35.4391699 ] } },
{ "type": "Feature", "properties": { "amenity_id": 390, "kind": "shop", "name": "ローソン", "detail": "convenience" }, "geometry": { "type": "Point", "coordinates": [ 139.628192800000022, 35.4448884 ] } },
{ "type": "Feature", "properties": { "amenity_id": 391, "kind": "shop", "name": "コインランドリー めぐみ", "detail": "laundry" }, "geometry": { "type": "Point", "coordinates": [ 139.626295700000014, 35.4412618 ] } },
{ "type": "Feature", "properties": { "amenity_id": 392, "kind": "shop", "name": "セブン-イレブン", "detail": "convenience" }, "geometry": { "type": "Point", "coordinates": [ 139.623441900000017, 35.4379731 ] } },
{ "type": "Feature", "properties": { "amenity_id": 393, "kind": "shop", "name": "ファミリーマート", "detail": "convenience" }, "geometry": { "type": "Point", "coordinates": [ 139.6245963, 35.4385746 ] } },
{ "type": "Feature", "properties": { "amenity_id": 394, "kind": "shop", "name": "ローソン・スリーエフ", "detail": "convenience" }, "geometry": { "type": "Point", "coordinates": [ 139.624152900000013, 35.4386089 ] } },
{ "type": "Feature", "properties": { "amenity_id": 395, "kind": "shop", "name": "まいばすけっと", "detail": "supermarket" }, "geometry": { "type": "Point", "coordinates": [ 139.622841200000011, 35.4377372 ] } },
{ "type": "Feature", "properties": { "amenity_id": 396, "kind": "shop", "name": "ローソン", "detail": "convenience" }, "geometry": { "type": "Point", "coordinates": [ 139.6372019, 35.4373033 ] } },
{ "type": "Feature", "properties": { "amenity_id": 397, "kind": "shop", "name": "ファミリーマート", "detail": "convenience" }, "geometry": { "type": "Point", "coordinates": [ 139.6375438, 35.4366236 ] } },
{ "type": "Feature", "properties": { "amenity_id": 398, "kind": "shop", "name": "セブン-イレブン", "detail": "convenience" }, "geometry": { "type": "Point", "coordinates": [ 139.6235399, 35.4400816 ] } },
{ "type": "Feature", "properties": { "amenity_id": 399, "kind": "shop", "name": "ファミリーマート", "detail": "convenience" }, "geometry": { "type": "Point", "coordinates": [ 139.655365400000022, 35.4415031 ] } },
{ "type": "Feature", "properties": { "amenity_id": 400, "kind": "shop", "name": "MEGAドン・キホーテ", "detail": "supermarket" }, "geometry": { "type": "Point", "coordinates": [ 139.654102100000017, 35.4424864 ] } },
{ "type": "Feature", "properties": { "amenity_id": 401, "kind": "shop", "name": "ファミリーマート", "detail": "convenience" }, "geometry": { "type": "Point", "coordinates": [ 139.666693, 35.4192079 ] } },
{ "type": "Feature", "properties": { "amenity_id": 402, "kind": "shop", "name": "gooz", "detail": "cafe" }, "geometry": { "type": "Point", "coordinates": [ 139.6421315, 35.4457217 ] } },
{ "type": "Feature", "properties": { "amenity_id": 403, "kind": "shop", "name": "ファミリーマート", "detail": "convenience" }, "geometry": { "type": "Point", "coordinates": [ 139.65817340000001, 35.439042 ] } },
{ "type": "Feature", "properties": { "amenity_id": 404, "kind": "shop", "name": "味奈登庵", "detail": "restaurant" }, "geometry": { "type": "Point", "coordinates": [ 139.662795400000022, 35.4342958 ] } },
{ "type": "Feature", "properties": { "amenity_id": 405, "kind": "shop", "name": "KUA AINA", "detail": "restaurant" }, "geometry": { "type": "Point", "coordinates": [ 139.6429546, 35.4525739 ] } },
{ "type": "Feature", "properties": { "amenity_id": 406, "kind": "shop", "name": "セブン-イレブン", "detail": "convenience" }, "geometry": { "type": "Point", "coordinates": [ 139.650954, 35.4324233 ] } },
{ "type": "Feature", "properties": { "amenity_id": 407, "kind": "shop", "name": "レストラン 松山", "detail": "restaurant" }, "geometry": { "type": "Point", "coordinates": [ 139.651877500000012, 35.432484 ] } },
{ "type": "Feature", "properties": { "amenity_id": 408, "kind": "shop", "name": "セブン-イレブン", "detail": "convenience" }, "geometry": { "type": "Point", "coordinates": [ 139.651751500000017, 35.433166 ] } },
{ "type": "Feature", "properties": { "amenity_id": 409, "kind": "shop", "name": "セブン-イレブン", "detail": "convenience" }, "geometry": { "type": "Point", "coordinates": [ 139.6365489, 35.4455647 ] } },
{ "type": "Feature", "properties": { "amenity_id": 410, "kind": "shop", "name": "Cafe La Boheme", "detail": "cafe" }, "geometry": { "type": "Point", "coordinates": [ 139.6489023, 35.4437037 ] } },
{ "type": "Feature", "properties": { "amenity_id": 411, "kind": "shop", "name": "MeetFresh", "detail": "cafe" }, "geometry": { "type": "Point", "coordinates": [ 139.6489833, 35.4433002 ] } },
{ "type": "Feature", "properties": { "amenity_id": 412, "kind": "shop", "name": "サイゼリヤ", "detail": "restaurant" }, "geometry": { "type": "Point", "coordinates": [ 139.64927990000001, 35.4429984 ] } },
{ "type": "Feature", "properties": { "amenity_id": 413, "kind": "shop", "name": "491 House", "detail": "bar" }, "geometry": { "type": "Point", "coordinates": [ 139.648834100000016, 35.4433971 ] } },
{ "type": "Feature", "properties": { "amenity_id": 414, "kind": "shop", "name": "Ristorante Papa Davide", "detail": "restaurant" }, "geometry": { "type": "Point", "coordinates": [ 139.6505377, 35.4426405 ] } },
{ "type": "Feature", "properties": { "amenity_id": 415, "kind": "shop", "name": "スリーエフ", "detail": "convenience" }, "geometry": { "type": "Point", "coordinates": [ 139.6495999, 35.4427823 ] } },
{ "type": "Feature", "properties": { "amenity_id": 416, "kind": "shop", "name": "ラーメン二郎", "detail": "fast_food" }, "geometry": { "type": "Point", "coordinates": [ 139.6308405, 35.4420042 ] } },
{ "type": "Feature", "properties": { "amenity_id": 417, "kind": "shop", "name": "Vanillabeans", "detail": "confectionery" }, "geometry": { "type": "Point", "coordinates": [ 139.638189400000016, 35.4513175 ] } },
{ "type": "Feature", "properties": { "amenity_id": 418, "kind": "shop", "name": "マルシェ ディ ジュール", "detail": "alcohol" }, "geometry": { "type": "Point", "coordinates": [ 139.6407015, 35.4453383 ] } },
{ "type": "Feature", "properties": { "amenity_id": 419, "kind": "shop", "name": "ローソンストア100", "detail": "convenience" }, "geometry": { "type": "Point", "coordinates": [ 139.6305673, 35.4414788 ] } },
{ "type": "Feature", "properties": { "amenity_id": 420, "kind": "shop", "name": "サミット", "detail": "supermarket" }, "geometry": { "type": "Point", "coordinates": [ 139.628420300000016, 35.4400371 ] } },
{ "type": "Feature", "properties": { "amenity_id": 421, "kind": "shop", "name": "WINE HALL", "detail": "restaurant" }, "geometry": { "type": "Point", "coordinates": [ 139.630596200000014, 35.4516136 ] } },
{ "type": "Feature", "properties": { "amenity_id": 422, "kind": "shop", "name": "Silk", "detail": "restaurant" }, "geometry": { "type": "Point", "coordinates": [ 139.644297200000011, 35.445217 ] } },
{ "type": "Feature", "properties": { "amenity_id": 423, "kind": "shop", "name": "la Tenda Rossa", "detail": "restaurant" }, "geometry": { "type": "Point", "coordinates": [ 139.634994, 35.4491433 ] } },
{ "type": "Feature", "properties": { "amenity_id": 424, "kind": "shop", "name": "ファミリーマート", "detail": "convenience" }, "geometry": { "type": "Point", "coordinates": [ 139.633944900000017, 35.4494068 ] } },
{ "type": "Feature", "properties": { "amenity_id": 425, "kind": "shop", "name": "口福館", "detail": "restaurant" }, "geometry": { "type": "Point", "coordinates": [ 139.63085430000001, 35.4431411 ] } },
{ "type": "Feature", "properties": { "amenity_id": 426, "kind": "shop", "name": "CoCo壱番屋", "detail": "restaurant" }, "geometry": { "type": "Point", "coordinates": [ 139.63094, 35.4432002 ] } },
{ "type": "Feature", "properties": { "amenity_id": 427, "kind": "shop", "name": "大阪焼肉ホルモン ふたご", "detail": "restaurant" }, "geometry": { "type": "Point", "coordinates": [ 139.6311728, 35.4433731 ] } },
{ "type": "Feature", "properties": { "amenity_id": 428, "kind": "shop", "name": "ファミリーマート", "detail": "convenience" }, "geometry": { "type": "Point", "coordinates": [ 139.6303148, 35.4430195 ] } },
{ "type": "Feature", "properties": { "amenity_id": 429, "kind": "shop", "name": "かつや", "detail": "fast_food" }, "geometry": { "type": "Point", "coordinates": [ 139.6307688, 35.4430735 ] } },
{ "type": "Feature", "properties": { "amenity_id": 430, "kind": "shop", "name": "天丼てんや", "detail": "fast_food" }, "geometry": { "type": "Point", "coordinates": [ 139.6310099, 35.4430271 ] } },
{ "type": "Feature", "properties": { "amenity_id": 431, "kind": "shop", "name": "JEWEL", "detail": "clothes" }, "geometry": { "type": "Point", "coordinates": [ 139.6310612, 35.4430722 ] } },
{ "type": "Feature", "properties": { "amenity_id": 432, "kind": "shop", "name": "ラーメン 入魂", "detail": "restaurant" }, "geometry": { "type": "Point", "coordinates": [ 139.6311067, 35.4431039 ] } },
{ "type": "Feature", "properties": { "amenity_id": 433, "kind": "shop", "name": "すし 魚游", "detail": "restaurant" }, "geometry": { "type": "Point", "coordinates": [ 139.631233300000019, 35.4431861 ] } },
{ "type": "Feature", "properties": { "amenity_id": 434, "kind": "shop", "name": "回転寿司 海鮮三崎港", "detail": "fast_food" }, "geometry": { "type": "Point", "coordinates": [ 139.631105100000013, 35.4433182 ] } },
{ "type": "Feature", "properties": { "amenity_id": 435, "kind": "shop", "name": "松屋", "detail": "fast_food" }, "geometry": { "type": "Point", "coordinates": [ 139.631135, 35.4433424 ] } },
{ "type": "Feature", "properties": { "amenity_id": 436, "kind": "shop", "name": "松乃家", "detail": "fast_food" }, "geometry": { "type": "Point", "coordinates": [ 139.6312062, 35.4434115 ] } },
{ "type": "Feature", "properties": { "amenity_id": 437, "kind": "shop", "name": "かに道楽 横浜店", "detail": "restaurant" }, "geometry": { "type": "Point", "coordinates": [ 139.6304299, 35.4433573 ] } },
{ "type": "Feature", "properties": { "amenity_id": 438, "kind": "shop", "name": "ドトールコーヒーショップ", "detail": "cafe" }, "geometry": { "type": "Point", "coordinates": [ 139.631729, 35.4438074 ] } },
{ "type": "Feature", "properties": { "amenity_id": 439, "kind": "shop", "name": "ユニクロ", "detail": "clothes" }, "geometry": { "type": "Point", "coordinates": [ 139.632356, 35.4442549 ] } },
{ "type": "Feature", "properties": { "amenity_id": 440, "kind": "shop", "name": "大戸屋", "detail": "restaurant" }, "geometry": { "type": "Point", "coordinates": [ 139.6318249, 35.4438711 ] } },
{ "type": "Feature", "properties": { "amenity_id": 441, "kind": "shop", "name": "カフェ ラジアンヌ", "detail": "cafe" }, "geometry": { "type": "Point", "coordinates": [ 139.6319647, 35.4423689 ] } },
{ "type": "Feature", "properties": { "amenity_id": 442, "kind": "shop", "name": "海老秀", "detail": "fast_food" }, "geometry": { "type": "Point", "coordinates": [ 139.6375874, 35.4463732 ] } },
{ "type": "Feature", "properties": { "amenity_id": 443, "kind": "shop", "name": null, "detail": "supermarket" }, "geometry": { "type": "Point", "coordinates": [ 139.65578050000002, 35.4324412 ] } },
{ "type": "Feature", "properties": { "amenity_id": 444, "kind": "shop", "name": "フーケ", "detail": "bakery" }, "geometry": { "type": "Point", "coordinates": [ 139.64636710000002, 35.4268856 ] } },
{ "type": "Feature", "properties": { "amenity_id": 445, "kind": "shop", "name": "相州そば", "detail": "restaurant" }, "geometry": { "type": "Point", "coordinates": [ 139.638811700000019, 35.4456697 ] } },
{ "type": "Feature", "properties": { "amenity_id": 446, "kind": "shop", "name": "ホフブロウ", "detail": "restaurant" }, "geometry": { "type": "Point", "coordinates": [ 139.646720400000021, 35.4458633 ] } },
{ "type": "Feature", "properties": { "amenity_id": 447, "kind": "shop", "name": "そば処　味奈登庵", "detail": "restaurant" }, "geometry": { "type": "Point", "coordinates": [ 139.64667750000001, 35.4458839 ] } },
{ "type": "Feature", "properties": { "amenity_id": 448, "kind": "shop", "name": "デイリーヤマザキ", "detail": "convenience" }, "geometry": { "type": "Point", "coordinates": [ 139.645679800000011, 35.4462893 ] } },
{ "type": "Feature", "properties": { "amenity_id": 449, "kind": "shop", "name": "大戸屋", "detail": "restaurant" }, "geometry": { "type": "Point", "coordinates": [ 139.645330800000011, 35.4464697 ] } },
{ "type": "Feature", "properties": { "amenity_id": 450, "kind": "shop", "name": "丸亀製麺", "detail": "fast_food" }, "geometry": { "type": "Point", "coordinates": [ 139.6335003, 35.4455327 ] } },
{ "type": "Feature", "properties": { "amenity_id": 451, "kind": "shop", "name": "ポンパドウル", "detail": "bakery" }, "geometry": { "type": "Point", "coordinates": [ 139.634197100000023, 35.4448611 ] } },
{ "type": "Feature", "properties": { "amenity_id": 452, "kind": "shop", "name": "ローソン", "detail": "convenience" }, "geometry": { "type": "Point", "coordinates": [ 139.656783900000022, 35.4316821 ] } },
{ "type": "Feature", "properties": { "amenity_id": 453, "kind": "shop", "name": "松屋 関内ベイスターズ通り店", "detail": "fast_food" }, "geometry": { "type": "Point", "coordinates": [ 139.638253600000013, 35.4453672 ] } },
{ "type": "Feature", "properties": { "amenity_id": 454, "kind": "shop", "name": "Marks house Cafe", "detail": "cafe" }, "geometry": { "type": "Point", "coordinates": [ 139.6526561, 35.4391952 ] } },
{ "type": "Feature", "properties": { "amenity_id": 455, "kind": "shop", "name": "T's Bar", "detail": "bar" }, "geometry": { "type": "Point", "coordinates": [ 139.6376665, 35.4457442 ] } },
{ "type": "Feature", "properties": { "amenity_id": 456, "kind": "shop", "name": "たろー", "detail": "bar" }, "geometry": { "type": "Point", "coordinates": [ 139.637597100000022, 35.4457757 ] } },
{ "type": "Feature", "properties": { "amenity_id": 457, "kind": "shop", "name": "団欒", "detail": "restaurant" }, "geometry": { "type": "Point", "coordinates": [ 139.637634100000014, 35.445759 ] } },
{ "type": "Feature", "properties": { "amenity_id": 458, "kind": "shop", "name": "宮川本廛", "detail": "restaurant" }, "geometry": { "type": "Point", "coordinates": [ 139.637588, 35.4456742 ] } },
{ "type": "Feature", "properties": { "amenity_id": 459, "kind": "shop", "name": "Bar Factory", "detail": "bar" }, "geometry": { "type": "Point", "coordinates": [ 139.6287505, 35.4406377 ] } },
{ "type": "Feature", "properties": { "amenity_id": 460, "kind": "shop", "name": "Zaku76", "detail": "bar" }, "geometry": { "type": "Point", "coordinates": [ 139.6276929, 35.4399489 ] } },
{ "type": "Feature", "properties": { "amenity_id": 461, "kind": "shop", "name": "つけ麺屋　司郎", "detail": "restaurant" }, "geometry": { "type": "Point", "coordinates": [ 139.627491500000019, 35.4398176 ] } },
{ "type": "Feature", "properties": { "amenity_id": 462, "kind": "shop", "name": "にこにこカット", "detail": "hairdresser" }, "geometry": { "type": "Point", "coordinates": [ 139.629367, 35.4410427 ] } },
{ "type": "Feature", "properties": { "amenity_id": 463, "kind": "shop", "name": "らぁめん　はまじん", "detail": "restaurant" }, "geometry": { "type": "Point", "coordinates": [ 139.6285705, 35.4405181 ] } },
{ "type": "Feature", "properties": { "amenity_id": 464, "kind": "shop", "name": "アトリエ　美乃", "detail": "hairdresser" }, "geometry": { "type": "Point", "coordinates": [ 139.6241669, 35.4381218 ] } },
{ "type": "Feature", "properties": { "amenity_id": 465, "kind": "shop", "name": "オリジン弁当", "detail": "fast_food" }, "geometry": { "type": "Point", "coordinates": [ 139.6287249, 35.4406196 ] } },
{ "type": "Feature", "properties": { "amenity_id": 466, "kind": "shop", "name": "カラオケBAR　のみらっく", "detail": "bar" }, "geometry": { "type": "Point", "coordinates": [ 139.6240765, 35.4380863 ] } },
{ "type": "Feature", "properties": { "amenity_id": 467, "kind": "shop", "name": "ペンギンクリーニング", "detail": "dry_cleaning" }, "geometry": { "type": "Point", "coordinates": [ 139.6264114, 35.4391735 ] } },
{ "type": "Feature", "properties": { "amenity_id": 468, "kind": "shop", "name": "夢", "detail": "bar" }, "geometry": { "type": "Point", "coordinates": [ 139.6253958, 35.4386944 ] } },
{ "type": "Feature", "properties": { "amenity_id": 469, "kind": "shop", "name": "洋食　喫茶　青い麦", "detail": "cafe" }, "geometry": { "type": "Point", "coordinates": [ 139.6286212, 35.4405538 ] } },
{ "type": "Feature", "properties": { "amenity_id": 470, "kind": "shop", "name": "珈琲館", "detail": "cafe" }, "geometry": { "type": "Point", "coordinates": [ 139.6311119, 35.4422575 ] } },
{ "type": "Feature", "properties": { "amenity_id": 471, "kind": "shop", "name": "理容　ナイスカット", "detail": "hairdresser" }, "geometry": { "type": "Point", "coordinates": [ 139.6276224, 35.4399178 ] } },
{ "type": "Feature", "properties": { "amenity_id": 472, "kind": "shop", "name": "華福酒家", "detail": "restaurant" }, "geometry": { "type": "Point", "coordinates": [ 139.6254769, 35.4387372 ] } },
{ "type": "Feature", "properties": { "amenity_id": 473, "kind": "shop", "name": "KIKUYA CURRY", "detail": "restaurant" }, "geometry": { "type": "Point", "coordinates": [ 139.626960700000012, 35.4485229 ] } },
{ "type": "Feature", "properties": { "amenity_id": 474, "kind": "shop", "name": "おしゃれクラブ", "detail": "dry_cleaning" }, "geometry": { "type": "Point", "coordinates": [ 139.6275046, 35.4451722 ] } },
{ "type": "Feature", "properties": { "amenity_id": 475, "kind": "shop", "name": "カフェ　ベルベ", "detail": "bakery" }, "geometry": { "type": "Point", "coordinates": [ 139.6273404, 35.4452755 ] } },
{ "type": "Feature", "properties": { "amenity_id": 476, "kind": "shop", "name": "セブン-イレブン", "detail": "convenience" }, "geometry": { "type": "Point", "coordinates": [ 139.6276167, 35.44533 ] } },
{ "type": "Feature", "properties": { "amenity_id": 477, "kind": "shop", "name": "日高屋", "detail": "fast_food" }, "geometry": { "type": "Point", "coordinates": [ 139.627482900000018, 35.4452587 ] } },
{ "type": "Feature", "properties": { "amenity_id": 478, "kind": "shop", "name": "串かつでんがな", "detail": "restaurant" }, "geometry": { "type": "Point", "coordinates": [ 139.6272391, 35.4450752 ] } },
{ "type": "Feature", "properties": { "amenity_id": 479, "kind": "shop", "name": "柴垣理容院", "detail": "hairdresser" }, "geometry": { "type": "Point", "coordinates": [ 139.6255942, 35.4422116 ] } },
{ "type": "Feature", "properties": { "amenity_id": 480, "kind": "shop", "name": "セブン-イレブン", "detail": "convenience" }, "geometry": { "type": "Point", "coordinates": [ 139.6457169, 35.427817 ] } },
{ "type": "Feature", "properties": { "amenity_id": 481, "kind": "shop", "name": "揚州商人", "detail": "restaurant" }, "geometry": { "type": "Point", "coordinates": [ 139.642688, 35.4444013 ] } },
{ "type": "Feature", "properties": { "amenity_id": 482, "kind": "shop", "name": "オーケーストア", "detail": "supermarket" }, "geometry": { "type": "Point", "coordinates": [ 139.660338200000012, 35.439742 ] } },
{ "type": "Feature", "properties": { "amenity_id": 483, "kind": "shop", "name": "食品館あおば", "detail": "supermarket" }, "geometry": { "type": "Point", "coordinates": [ 139.643034, 35.4396454 ] } },
{ "type": "Feature", "properties": { "amenity_id": 484, "kind": "shop", "name": "GU", "detail": "clothes" }, "geometry": { "type": "Point", "coordinates": [ 139.632814100000019, 35.4448426 ] } },
{ "type": "Feature", "properties": { "amenity_id": 485, "kind": "shop", "name": "さが美", "detail": "clothes" }, "geometry": { "type": "Point", "coordinates": [ 139.6330317, 35.4444495 ] } },
{ "type": "Feature", "properties": { "amenity_id": 486, "kind": "shop", "name": "プリンス", "detail": "clothes" }, "geometry": { "type": "Point", "coordinates": [ 139.63358150000002, 35.4446517 ] } },
{ "type": "Feature", "properties": { "amenity_id": 487, "kind": "shop", "name": "上島珈琲店", "detail": "cafe" }, "geometry": { "type": "Point", "coordinates": [ 139.633148300000016, 35.4448661 ] } },
{ "type": "Feature", "properties": { "amenity_id": 488, "kind": "shop", "name": "吉野家", "detail": "fast_food" }, "geometry": { "type": "Point", "coordinates": [ 139.6335115, 35.4448123 ] } },
{ "type": "Feature", "properties": { "amenity_id": 489, "kind": "shop", "name": "天馬", "detail": "cafe" }, "geometry": { "type": "Point", "coordinates": [ 139.6333793, 35.4449883 ] } },
{ "type": "Feature", "properties": { "amenity_id": 490, "kind": "shop", "name": "富士そば", "detail": "fast_food" }, "geometry": { "type": "Point", "coordinates": [ 139.633446, 35.4450335 ] } },
{ "type": "Feature", "properties": { "amenity_id": 491, "kind": "shop", "name": "文明堂茶館 ル・カフェ", "detail": "cafe" }, "geometry": { "type": "Point", "coordinates": [ 139.633238300000016, 35.4449132 ] } },
{ "type": "Feature", "properties": { "amenity_id": 492, "kind": "shop", "name": "MANOA Aloha Table", "detail": "restaurant" }, "geometry": { "type": "Point", "coordinates": [ 139.630842800000011, 35.4522658 ] } },
{ "type": "Feature", "properties": { "amenity_id": 493, "kind": "shop", "name": "郷どり燦鶏", "detail": "restaurant" }, "geometry": { "type": "Point", "coordinates": [ 139.6307304, 35.4525265 ] } },
{ "type": "Feature", "properties": { "amenity_id": 494, "kind": "shop", "name": "梅蘭", "detail": "restaurant" }, "geometry": { "type": "Point", "coordinates": [ 139.631073, 35.4520334 ] } },
{ "type": "Feature", "properties": { "amenity_id": 495, "kind": "shop", "name": "ブレドール", "detail": "cafe" }, "geometry": { "type": "Point", "coordinates": [ 139.6309257, 35.4518894 ] } },
{ "type": "Feature", "properties": { "amenity_id": 496, "kind": "shop", "name": "椿屋カフェ", "detail": "cafe" }, "geometry": { "type": "Point", "coordinates": [ 139.630766500000021, 35.4517047 ] } },
{ "type": "Feature", "properties": { "amenity_id": 497, "kind": "shop", "name": "信州そば処 そじ坊", "detail": "restaurant" }, "geometry": { "type": "Point", "coordinates": [ 139.630847, 35.4524557 ] } },
{ "type": "Feature", "properties": { "amenity_id": 498, "kind": "shop", "name": "山形牛焼肉・韓国料理 土古里", "detail": "restaurant" }, "geometry": { "type": "Point", "coordinates": [ 139.6310522, 35.4522032 ] } },
{ "type": "Feature", "properties": { "amenity_id": 499, "kind": "shop", "name": "Jackpot", "detail": "restaurant" }, "geometry": { "type": "Point", "coordinates": [ 139.6310545, 35.4519536 ] } },
{ "type": "Feature", "properties": { "amenity_id": 500, "kind": "shop", "name": "バーガーキング", "detail": "fast_food" }, "geometry": { "type": "Point", "coordinates": [ 139.6308668, 35.4517521 ] } },
{ "type": "Feature", "properties": { "amenity_id": 501, "kind": "shop", "name": "海風季", "detail": "restaurant" }, "geometry": { "type": "Point", "coordinates": [ 139.6309665, 35.4520394 ] } },
{ "type": "Feature", "properties": { "amenity_id": 502, "kind": "shop", "name": "ハーバーズカフェ", "detail": "cafe" }, "geometry": { "type": "Point", "coordinates": [ 139.6305969, 35.4521829 ] } },
{ "type": "Feature", "properties": { "amenity_id": 503, "kind": "shop", "name": "やわらかとんかつ かつ泉", "detail": "restaurant" }, "geometry": { "type": "Point", "coordinates": [ 139.630931800000013, 35.4523849 ] } },
{ "type": "Feature", "properties": { "amenity_id": 504, "kind": "shop", "name": "Tapas Blanco", "detail": "restaurant" }, "geometry": { "type": "Point", "coordinates": [ 139.6310685, 35.4521196 ] } },
{ "type": "Feature", "properties": { "amenity_id": 505, "kind": "shop", "name": "Bistro Grill TODOS", "detail": "restaurant" }, "geometry": { "type": "Point", "coordinates": [ 139.631023200000016, 35.4518749 ] } },
{ "type": "Feature", "properties": { "amenity_id": 506, "kind": "shop", "name": "サンマルク", "detail": "restaurant" }, "geometry": { "type": "Point", "coordinates": [ 139.6309266, 35.4522568 ] } },
{ "type": "Feature", "properties": { "amenity_id": 507, "kind": "shop", "name": "アルズフードマーケット", "detail": "supermarket" }, "geometry": { "type": "Point", "coordinates": [ 139.6308194, 35.4519209 ] } },
{ "type": "Feature", "properties": { "amenity_id": 508, "kind": "shop", "name": "かき小屋", "detail": "restaurant" }, "geometry": { "type": "Point", "coordinates": [ 139.630858, 35.4520535 ] } },
{ "type": "Feature", "properties": { "amenity_id": 509, "kind": "shop", "name": "横浜 元町ドリア", "detail": "restaurant" }, "geometry": { "type": "Point", "coordinates": [ 139.6388718, 35.4536425 ] } },
{ "type": "Feature", "properties": { "amenity_id": 510, "kind": "shop", "name": "BLUFF BAKERY", "detail": "bakery" }, "geometry": { "type": "Point", "coordinates": [ 139.64977380000002, 35.439056 ] } },
{ "type": "Feature", "properties": { "amenity_id": 511, "kind": "shop", "name": "茶倉", "detail": "cafe" }, "geometry": { "type": "Point", "coordinates": [ 139.649865200000022, 35.4399496 ] } },
{ "type": "Feature", "properties": { "amenity_id": 512, "kind": "shop", "name": "デイリーヤマザキ", "detail": "convenience" }, "geometry": { "type": "Point", "coordinates": [ 139.6514622, 35.4418305 ] } },
{ "type": "Feature", "properties": { "amenity_id": 513, "kind": "shop", "name": "one's own", "detail": "bar" }, "geometry": { "type": "Point", "coordinates": [ 139.6301104, 35.4487221 ] } },
{ "type": "Feature", "properties": { "amenity_id": 514, "kind": "shop", "name": "ローソン", "detail": "convenience" }, "geometry": { "type": "Point", "coordinates": [ 139.6373729, 35.4420492 ] } },
{ "type": "Feature", "properties": { "amenity_id": 515, "kind": "shop", "name": "ファミリーマート", "detail": "convenience" }, "geometry": { "type": "Point", "coordinates": [ 139.636680900000016, 35.442613 ] } },
{ "type": "Feature", "properties": { "amenity_id": 516, "kind": "shop", "name": "まいばすけっと", "detail": "supermarket" }, "geometry": { "type": "Point", "coordinates": [ 139.635270100000014, 35.4414373 ] } },
{ "type": "Feature", "properties": { "amenity_id": 517, "kind": "shop", "name": "ミツ理容室", "detail": "hairdresser" }, "geometry": { "type": "Point", "coordinates": [ 139.6252637, 35.438318 ] } },
{ "type": "Feature", "properties": { "amenity_id": 518, "kind": "shop", "name": "コインランドリー", "detail": "laundry" }, "geometry": { "type": "Point", "coordinates": [ 139.6235078, 35.4372838 ] } },
{ "type": "Feature", "properties": { "amenity_id": 519, "kind": "shop", "name": "一番本店", "detail": "restaurant" }, "geometry": { "type": "Point", "coordinates": [ 139.6269986, 35.4391464 ] } },
{ "type": "Feature", "properties": { "amenity_id": 520, "kind": "shop", "name": "ラトリエビルド", "detail": "restaurant" }, "geometry": { "type": "Point", "coordinates": [ 139.6232315, 35.4381248 ] } },
{ "type": "Feature", "properties": { "amenity_id": 521, "kind": "shop", "name": "エールクリーニング", "detail": "dry_cleaning" }, "geometry": { "type": "Point", "coordinates": [ 139.6228523, 35.4380008 ] } },
{ "type": "Feature", "properties": { "amenity_id": 522, "kind": "shop", "name": "牛骨らーめん バカボーン", "detail": "fast_food" }, "geometry": { "type": "Point", "coordinates": [ 139.6256166, 35.4427258 ] } },
{ "type": "Feature", "properties": { "amenity_id": 523, "kind": "shop", "name": "タリーズコーヒー", "detail": "cafe" }, "geometry": { "type": "Point", "coordinates": [ 139.6383782, 35.4539072 ] } },
{ "type": "Feature", "properties": { "amenity_id": 524, "kind": "shop", "name": "第一亭", "detail": "restaurant" }, "geometry": { "type": "Point", "coordinates": [ 139.628077600000012, 35.4456289 ] } },
{ "type": "Feature", "properties": { "amenity_id": 525, "kind": "shop", "name": "ぴこてい", "detail": "cafe" }, "geometry": { "type": "Point", "coordinates": [ 139.628128700000019, 35.4459718 ] } },
{ "type": "Feature", "properties": { "amenity_id": 526, "kind": "shop", "name": "ミツワグリル", "detail": "restaurant" }, "geometry": { "type": "Point", "coordinates": [ 139.6279538, 35.4455041 ] } },
{ "type": "Feature", "properties": { "amenity_id": 527, "kind": "shop", "name": "CAFE KALDI", "detail": "cafe" }, "geometry": { "type": "Point", "coordinates": [ 139.629199, 35.4475437 ] } },
{ "type": "Feature", "properties": { "amenity_id": 528, "kind": "shop", "name": "すいれん", "detail": "restaurant" }, "geometry": { "type": "Point", "coordinates": [ 139.62828, 35.4441788 ] } },
{ "type": "Feature", "properties": { "amenity_id": 529, "kind": "shop", "name": "横浜亜熱帯茶館", "detail": "cafe" }, "geometry": { "type": "Point", "coordinates": [ 139.62964070000001, 35.4440919 ] } },
{ "type": "Feature", "properties": { "amenity_id": 530, "kind": "shop", "name": null, "detail": "laundry" }, "geometry": { "type": "Point", "coordinates": [ 139.6544844, 35.4333345 ] } },
{ "type": "Feature", "properties": { "amenity_id": 531, "kind": "shop", "name": "大黒屋", "detail": "supermarket" }, "geometry": { "type": "Point", "coordinates": [ 139.6596649, 35.4314866 ] } },
{ "type": "Feature", "properties": { "amenity_id": 532, "kind": "shop", "name": "フレッシュネスバーガー", "detail": "fast_food" }, "geometry": { "type": "Point", "coordinates": [ 139.6431398, 35.4449976 ] } },
{ "type": "Feature", "properties": { "amenity_id": 533, "kind": "shop", "name": "エレーナ", "detail": "cafe" }, "geometry": { "type": "Point", "coordinates": [ 139.6449772, 35.4359256 ] } },
{ "type": "Feature", "properties": { "amenity_id": 534, "kind": "shop", "name": null, "detail": "bakery" }, "geometry": { "type": "Point", "coordinates": [ 139.6491193, 35.432279 ] } },
{ "type": "Feature", "properties": { "amenity_id": 535, "kind": "shop", "name": "トップ山手店", "detail": "supermarket" }, "geometry": { "type": "Point", "coordinates": [ 139.64618870000001, 35.4267684 ] } },
{ "type": "Feature", "properties": { "amenity_id": 536, "kind": "shop", "name": null, "detail": "convenience" }, "geometry": { "type": "Point", "coordinates": [ 139.648101100000019, 35.430555 ] } },
{ "type": "Feature", "properties": { "amenity_id": 537, "kind": "shop", "name": "wine dining bar J's", "detail": "restaurant" }, "geometry": { "type": "Point", "coordinates": [ 139.6358649, 35.4464019 ] } },
{ "type": "Feature", "properties": { "amenity_id": 538, "kind": "shop", "name": "SoupStockTokyo", "detail": "cafe" }, "geometry": { "type": "Point", "coordinates": [ 139.6306, 35.4514135 ] } },
{ "type": "Feature", "properties": { "amenity_id": 539, "kind": "shop", "name": "ローソン", "detail": "convenience" }, "geometry": { "type": "Point", "coordinates": [ 139.645094, 35.4452494 ] } },
{ "type": "Feature", "properties": { "amenity_id": 540, "kind": "shop", "name": "ドトールコーヒーショップ", "detail": "cafe" }, "geometry": { "type": "Point", "coordinates": [ 139.6426313, 35.4392659 ] } },
{ "type": "Feature", "properties": { "amenity_id": 541, "kind": "shop", "name": "Enokitei", "detail": "cafe" }, "geometry": { "type": "Point", "coordinates": [ 139.6520007, 35.4375628 ] } },
{ "type": "Feature", "properties": { "amenity_id": 542, "kind": "shop", "name": "萬里 放題亭", "detail": "restaurant" }, "geometry": { "type": "Point", "coordinates": [ 139.6304849, 35.4489313 ] } },
{ "type": "Feature", "properties": { "amenity_id": 543, "kind": "shop", "name": "ドトールコーヒーショップ", "detail": "cafe" }, "geometry": { "type": "Point", "coordinates": [ 139.6362882, 35.4449271 ] } },
{ "type": "Feature", "properties": { "amenity_id": 544, "kind": "shop", "name": "ドトールコーヒーショップ", "detail": "cafe" }, "geometry": { "type": "Point", "coordinates": [ 139.638045, 35.4484243 ] } },
{ "type": "Feature", "properties": { "amenity_id": 545, "kind": "shop", "name": "ローソン", "detail": "convenience" }, "geometry": { "type": "Point", "coordinates": [ 139.6384339, 35.4455614 ] } },
{ "type": "Feature", "properties": { "amenity_id": 546, "kind": "shop", "name": "ドトールコーヒーショップ", "detail": "cafe" }, "geometry": { "type": "Point", "coordinates": [ 139.644843400000013, 35.4388376 ] } },
{ "type": "Feature", "properties": { "amenity_id": 547, "kind": "shop", "name": "L.A.S.T", "detail": "restaurant" }, "geometry": { "type": "Point", "coordinates": [ 139.637826100000012, 35.4545283 ] } },
{ "type": "Feature", "properties": { "amenity_id": 548, "kind": "shop", "name": "ローストビーフ星", "detail": "fast_food" }, "geometry": { "type": "Point", "coordinates": [ 139.638320100000016, 35.4546147 ] } },
{ "type": "Feature", "properties": { "amenity_id": 549, "kind": "shop", "name": "ANCHOR GROUND", "detail": "restaurant" }, "geometry": { "type": "Point", "coordinates": [ 139.637507100000022, 35.4514452 ] } },
{ "type": "Feature", "properties": { "amenity_id": 550, "kind": "shop", "name": "華正楼 新館", "detail": "restaurant" }, "geometry": { "type": "Point", "coordinates": [ 139.646622800000017, 35.4436731 ] } },
{ "type": "Feature", "properties": { "amenity_id": 551, "kind": "shop", "name": "Egg'n Things", "detail": "cafe" }, "geometry": { "type": "Point", "coordinates": [ 139.6502873, 35.4446409 ] } },
{ "type": "Feature", "properties": { "amenity_id": 552, "kind": "shop", "name": "安福楼", "detail": "restaurant" }, "geometry": { "type": "Point", "coordinates": [ 139.6328105, 35.4431114 ] } },
{ "type": "Feature", "properties": { "amenity_id": 553, "kind": "shop", "name": "ピアゴ", "detail": "supermarket" }, "geometry": { "type": "Point", "coordinates": [ 139.6385525, 35.4481543 ] } },
{ "type": "Feature", "properties": { "amenity_id": 554, "kind": "shop", "name": "SHIMADA", "detail": "hairdresser" }, "geometry": { "type": "Point", "coordinates": [ 139.630931300000015, 35.4416811 ] } },
{ "type": "Feature", "properties": { "amenity_id": 555, "kind": "shop", "name": "コナカ", "detail": "clothes" }, "geometry": { "type": "Point", "coordinates": [ 139.636179, 35.4458253 ] } },
{ "type": "Feature", "properties": { "amenity_id": 556, "kind": "shop", "name": "吉野家", "detail": "fast_food" }, "geometry": { "type": "Point", "coordinates": [ 139.6356571, 35.4453 ] } },
{ "type": "Feature", "properties": { "amenity_id": 557, "kind": "shop", "name": "地獄ラーメン", "detail": "restaurant" }, "geometry": { "type": "Point", "coordinates": [ 139.6276714, 35.4395631 ] } },
{ "type": "Feature", "properties": { "amenity_id": 558, "kind": "shop", "name": "COFFEE NOAH", "detail": "cafe" }, "geometry": { "type": "Point", "coordinates": [ 139.6401739, 35.4473602 ] } },
{ "type": "Feature", "properties": { "amenity_id": 559, "kind": "shop", "name": "マクドナルド", "detail": "fast_food" }, "geometry": { "type": "Point", "coordinates": [ 139.6357762, 35.445395 ] } },
{ "type": "Feature", "properties": { "amenity_id": 560, "kind": "shop", "name": "大陸食堂", "detail": "restaurant" }, "geometry": { "type": "Point", "coordinates": [ 139.6393683, 35.4477476 ] } },
{ "type": "Feature", "properties": { "amenity_id": 561, "kind": "shop", "name": "華隆食館", "detail": "restaurant" }, "geometry": { "type": "Point", "coordinates": [ 139.631064, 35.4417952 ] } },
{ "type": "Feature", "properties": { "amenity_id": 562, "kind": "shop", "name": "ローソン", "detail": "convenience" }, "geometry": { "type": "Point", "coordinates": [ 139.63708410000001, 35.447038 ] } },
{ "type": "Feature", "properties": { "amenity_id": 563, "kind": "shop", "name": "たかさご家", "detail": "restaurant" }, "geometry": { "type": "Point", "coordinates": [ 139.6291588, 35.4405534 ] } },
{ "type": "Feature", "properties": { "amenity_id": 564, "kind": "shop", "name": "セブン-イレブン", "detail": "convenience" }, "geometry": { "type": "Point", "coordinates": [ 139.629946600000011, 35.443838 ] } },
{ "type": "Feature", "properties": { "amenity_id": 565, "kind": "shop", "name": "セブン-イレブン", "detail": "convenience" }, "geometry": { "type": "Point", "coordinates": [ 139.630947600000013, 35.4428575 ] } },
{ "type": "Feature", "properties": { "amenity_id": 566, "kind": "shop", "name": "やよい軒", "detail": "restaurant" }, "geometry": { "type": "Point", "coordinates": [ 139.632225300000016, 35.4412763 ] } },
{ "type": "Feature", "properties": { "amenity_id": 567, "kind": "shop", "name": "izakaya", "detail": "restaurant" }, "geometry": { "type": "Point", "coordinates": [ 139.630350100000015, 35.448528 ] } },
{ "type": "Feature", "properties": { "amenity_id": 568, "kind": "shop", "name": "whisky bar", "detail": "bar" }, "geometry": { "type": "Point", "coordinates": [ 139.630405700000011, 35.448231 ] } },
{ "type": "Feature", "properties": { "amenity_id": 569, "kind": "shop", "name": "新福菜館", "detail": "restaurant" }, "geometry": { "type": "Point", "coordinates": [ 139.6323155, 35.4438153 ] } },
{ "type": "Feature", "properties": { "amenity_id": 570, "kind": "shop", "name": "Roma Statione", "detail": "restaurant" }, "geometry": { "type": "Point", "coordinates": [ 139.647277300000013, 35.4455329 ] } },
{ "type": "Feature", "properties": { "amenity_id": 571, "kind": "shop", "name": "chano-ma 横浜", "detail": "cafe" }, "geometry": { "type": "Point", "coordinates": [ 139.6429627, 35.4526941 ] } },
{ "type": "Feature", "properties": { "amenity_id": 572, "kind": "shop", "name": "鷹一", "detail": "restaurant" }, "geometry": { "type": "Point", "coordinates": [ 139.630167300000011, 35.4479509 ] } },
{ "type": "Feature", "properties": { "amenity_id": 573, "kind": "shop", "name": "野毛ホルモンセンター", "detail": "restaurant" }, "geometry": { "type": "Point", "coordinates": [ 139.6302157, 35.4480686 ] } },
{ "type": "Feature", "properties": { "amenity_id": 574, "kind": "shop", "name": "もつしげ", "detail": "restaurant" }, "geometry": { "type": "Point", "coordinates": [ 139.63038210000002, 35.4483943 ] } },
{ "type": "Feature", "properties": { "amenity_id": 575, "kind": "shop", "name": "萬里", "detail": "restaurant" }, "geometry": { "type": "Point", "coordinates": [ 139.6303212, 35.4484691 ] } },
{ "type": "Feature", "properties": { "amenity_id": 576, "kind": "shop", "name": "末広", "detail": "restaurant" }, "geometry": { "type": "Point", "coordinates": [ 139.629996700000021, 35.4478515 ] } },
{ "type": "Feature", "properties": { "amenity_id": 577, "kind": "shop", "name": "ミニストップ", "detail": "convenience" }, "geometry": { "type": "Point", "coordinates": [ 139.631620100000021, 35.4469204 ] } },
{ "type": "Feature", "properties": { "amenity_id": 578, "kind": "shop", "name": "Papa John's", "detail": "fast_food" }, "geometry": { "type": "Point", "coordinates": [ 139.6300357, 35.4476957 ] } },
{ "type": "Feature", "properties": { "amenity_id": 579, "kind": "shop", "name": "センターグリル", "detail": "restaurant" }, "geometry": { "type": "Point", "coordinates": [ 139.6310291, 35.4474876 ] } },
{ "type": "Feature", "properties": { "amenity_id": 580, "kind": "shop", "name": "珍獣屋", "detail": "restaurant" }, "geometry": { "type": "Point", "coordinates": [ 139.630338600000016, 35.4478755 ] } },
{ "type": "Feature", "properties": { "amenity_id": 581, "kind": "shop", "name": "ジャズ喫茶 ちぐさ", "detail": "cafe" }, "geometry": { "type": "Point", "coordinates": [ 139.629932100000019, 35.4487932 ] } },
{ "type": "Feature", "properties": { "amenity_id": 582, "kind": "shop", "name": "一蘭横浜桜木町店", "detail": "restaurant" }, "geometry": { "type": "Point", "coordinates": [ 139.6306347, 35.449516 ] } },
{ "type": "Feature", "properties": { "amenity_id": 583, "kind": "shop", "name": "ファミリーマート", "detail": "convenience" }, "geometry": { "type": "Point", "coordinates": [ 139.630358, 35.4491616 ] } },
{ "type": "Feature", "properties": { "amenity_id": 584, "kind": "shop", "name": "パリ一", "detail": "restaurant" }, "geometry": { "type": "Point", "coordinates": [ 139.6290382, 35.4475237 ] } },
{ "type": "Feature", "properties": { "amenity_id": 585, "kind": "shop", "name": "洋食キムラ", "detail": "restaurant" }, "geometry": { "type": "Point", "coordinates": [ 139.6307319, 35.4472272 ] } },
{ "type": "Feature", "properties": { "amenity_id": 586, "kind": "shop", "name": "三陽", "detail": "restaurant" }, "geometry": { "type": "Point", "coordinates": [ 139.6306572, 35.4485469 ] } },
{ "type": "Feature", "properties": { "amenity_id": 587, "kind": "shop", "name": "山荘", "detail": "bar" }, "geometry": { "type": "Point", "coordinates": [ 139.629768400000017, 35.4479922 ] } },
{ "type": "Feature", "properties": { "amenity_id": 588, "kind": "shop", "name": "かつ半", "detail": "restaurant" }, "geometry": { "type": "Point", "coordinates": [ 139.629057, 35.4480432 ] } },
{ "type": "Feature", "properties": { "amenity_id": 589, "kind": "shop", "name": "野毛☆大夢", "detail": "restaurant" }, "geometry": { "type": "Point", "coordinates": [ 139.629584500000021, 35.4471681 ] } },
{ "type": "Feature", "properties": { "amenity_id": 590, "kind": "shop", "name": "安兵衛", "detail": "restaurant" }, "geometry": { "type": "Point", "coordinates": [ 139.629084400000011, 35.4476206 ] } },
{ "type": "Feature", "properties": { "amenity_id": 591, "kind": "shop", "name": "浜幸", "detail": "restaurant" }, "geometry": { "type": "Point", "coordinates": [ 139.6304977, 35.4477061 ] } },
{ "type": "Feature", "properties": { "amenity_id": 592, "kind": "shop", "name": "Bluff Garden Cafe", "detail": "cafe" }, "geometry": { "type": "Point", "coordinates": [ 139.6431044, 35.4366342 ] } },
{ "type": "Feature", "properties": { "amenity_id": 593, "kind": "shop", "name": "デニーズ", "detail": "restaurant" }, "geometry": { "type": "Point", "coordinates": [ 139.632979300000017, 35.4373111 ] } },
{ "type": "Feature", "properties": { "amenity_id": 594, "kind": "shop", "name": "みはらしカフェ", "detail": "cafe" }, "geometry": { "type": "Point", "coordinates": [ 139.660732600000017, 35.4378447 ] } },
{ "type": "Feature", "properties": { "amenity_id": 595, "kind": "shop", "name": "そば処　味奈登庵", "detail": "restaurant" }, "geometry": { "type": "Point", "coordinates": [ 139.644887900000015, 35.4460222 ] } },
{ "type": "Feature", "properties": { "amenity_id": 596, "kind": "shop", "name": "一千代", "detail": "restaurant" }, "geometry": { "type": "Point", "coordinates": [ 139.630045, 35.4484492 ] } },
{ "type": "Feature", "properties": { "amenity_id": 597, "kind": "shop", "name": "秀吉", "detail": "restaurant" }, "geometry": { "type": "Point", "coordinates": [ 139.630487500000015, 35.4490839 ] } },
{ "type": "Feature", "properties": { "amenity_id": 598, "kind": "shop", "name": "勝烈庵 本店", "detail": "restaurant" }, "geometry": { "type": "Point", "coordinates": [ 139.634909100000016, 35.4471544 ] } },
{ "type": "Feature", "properties": { "amenity_id": 599, "kind": "shop", "name": "Zip", "detail": "restaurant" }, "geometry": { "type": "Point", "coordinates": [ 139.640137300000021, 35.447335 ] } },
{ "type": "Feature", "properties": { "amenity_id": 600, "kind": "shop", "name": "Takeya", "detail": "cafe" }, "geometry": { "type": "Point", "coordinates": [ 139.623140800000016, 35.4385596 ] } },
{ "type": "Feature", "properties": { "amenity_id": 601, "kind": "shop", "name": "らーめん 鹿島家", "detail": "restaurant" }, "geometry": { "type": "Point", "coordinates": [ 139.623837400000014, 35.4390922 ] } },
{ "type": "Feature", "properties": { "amenity_id": 602, "kind": "shop", "name": "横浜チキンカレー&カフェ Riverside", "detail": "restaurant" }, "geometry": { "type": "Point", "coordinates": [ 139.626630700000021, 35.4418166 ] } },
{ "type": "Feature", "properties": { "amenity_id": 603, "kind": "shop", "name": "南華楼", "detail": "restaurant" }, "geometry": { "type": "Point", "coordinates": [ 139.6239525, 35.4388778 ] } },
{ "type": "Feature", "properties": { "amenity_id": 604, "kind": "shop", "name": "すし宅配 持帰り 浜新", "detail": "fast_food" }, "geometry": { "type": "Point", "coordinates": [ 139.6263739, 35.4413541 ] } },
{ "type": "Feature", "properties": { "amenity_id": 605, "kind": "shop", "name": "鳥末", "detail": "bar" }, "geometry": { "type": "Point", "coordinates": [ 139.6239486, 35.4388063 ] } },
{ "type": "Feature", "properties": { "amenity_id": 606, "kind": "shop", "name": "らーめん 晴れる家", "detail": "restaurant" }, "geometry": { "type": "Point", "coordinates": [ 139.6231788, 35.4385012 ] } },
{ "type": "Feature", "properties": { "amenity_id": 607, "kind": "shop", "name": "まいばすけっと", "detail": "supermarket" }, "geometry": { "type": "Point", "coordinates": [ 139.6265641, 35.4409489 ] } },
{ "type": "Feature", "properties": { "amenity_id": 608, "kind": "shop", "name": "花みづき", "detail": "cafe" }, "geometry": { "type": "Point", "coordinates": [ 139.62392650000001, 35.4387667 ] } },
{ "type": "Feature", "properties": { "amenity_id": 609, "kind": "shop", "name": "美容室 IWASAKI", "detail": "hairdresser" }, "geometry": { "type": "Point", "coordinates": [ 139.623878600000012, 35.4389722 ] } },
{ "type": "Feature", "properties": { "amenity_id": 610, "kind": "shop", "name": "カットの扉", "detail": "hairdresser" }, "geometry": { "type": "Point", "coordinates": [ 139.62391550000001, 35.438623 ] } },
{ "type": "Feature", "properties": { "amenity_id": 611, "kind": "shop", "name": "ベルベ", "detail": "bakery" }, "geometry": { "type": "Point", "coordinates": [ 139.6651406, 35.4303132 ] } },
{ "type": "Feature", "properties": { "amenity_id": 612, "kind": "shop", "name": "ルノアール", "detail": "cafe" }, "geometry": { "type": "Point", "coordinates": [ 139.636697600000019, 35.4440116 ] } },
{ "type": "Feature", "properties": { "amenity_id": 613, "kind": "shop", "name": null, "detail": "clothes" }, "geometry": { "type": "Point", "coordinates": [ 139.6521894, 35.4414425 ] } },
{ "type": "Feature", "properties": { "amenity_id": 614, "kind": "shop", "name": "マツヤクリーニング", "detail": "dry_cleaning" }, "geometry": { "type": "Point", "coordinates": [ 139.62430980000002, 35.441579 ] } },
{ "type": "Feature", "properties": { "amenity_id": 615, "kind": "shop", "name": "サロンドソレイユ", "detail": "hairdresser" }, "geometry": { "type": "Point", "coordinates": [ 139.6240359, 35.4413489 ] } },
{ "type": "Feature", "properties": { "amenity_id": 616, "kind": "shop", "name": "まいばすけっと", "detail": "supermarket" }, "geometry": { "type": "Point", "coordinates": [ 139.6236605, 35.4410675 ] } },
{ "type": "Feature", "properties": { "amenity_id": 617, "kind": "shop", "name": "まめなカフェ", "detail": "cafe" }, "geometry": { "type": "Point", "coordinates": [ 139.626284, 35.4439856 ] } },
{ "type": "Feature", "properties": { "amenity_id": 618, "kind": "shop", "name": "IWASAKI", "detail": "hairdresser" }, "geometry": { "type": "Point", "coordinates": [ 139.6266132, 35.4446421 ] } },
{ "type": "Feature", "properties": { "amenity_id": 619, "kind": "shop", "name": "シャルドネ", "detail": "cafe" }, "geometry": { "type": "Point", "coordinates": [ 139.625236300000012, 35.4422779 ] } },
{ "type": "Feature", "properties": { "amenity_id": 620, "kind": "shop", "name": "ふぐよし総本山", "detail": "restaurant" }, "geometry": { "type": "Point", "coordinates": [ 139.629273800000021, 35.4489385 ] } },
{ "type": "Feature", "properties": { "amenity_id": 621, "kind": "shop", "name": "もち吉", "detail": "fast_food" }, "geometry": { "type": "Point", "coordinates": [ 139.62973580000002, 35.4490001 ] } },
{ "type": "Feature", "properties": { "amenity_id": 622, "kind": "shop", "name": "よこはま ハクライ屋", "detail": "fast_food" }, "geometry": { "type": "Point", "coordinates": [ 139.629068400000023, 35.4494226 ] } },
{ "type": "Feature", "properties": { "amenity_id": 623, "kind": "shop", "name": "れんげ", "detail": "bar" }, "geometry": { "type": "Point", "coordinates": [ 139.629035400000021, 35.4493892 ] } },
{ "type": "Feature", "properties": { "amenity_id": 624, "kind": "shop", "name": "フレッシュネスバーガー", "detail": "fast_food" }, "geometry": { "type": "Point", "coordinates": [ 139.629310700000019, 35.4489895 ] } },
{ "type": "Feature", "properties": { "amenity_id": 625, "kind": "shop", "name": "バーバー　サンライズ", "detail": "hairdresser" }, "geometry": { "type": "Point", "coordinates": [ 139.6277651, 35.4457708 ] } },
{ "type": "Feature", "properties": { "amenity_id": 626, "kind": "shop", "name": "ルビー", "detail": "hairdresser" }, "geometry": { "type": "Point", "coordinates": [ 139.6276617, 35.4460122 ] } },
{ "type": "Feature", "properties": { "amenity_id": 627, "kind": "shop", "name": "CLEVER CAFE", "detail": "cafe" }, "geometry": { "type": "Point", "coordinates": [ 139.6285197, 35.4472683 ] } },
{ "type": "Feature", "properties": { "amenity_id": 628, "kind": "shop", "name": "マローゼ", "detail": "hairdresser" }, "geometry": { "type": "Point", "coordinates": [ 139.6288331, 35.447661 ] } },
{ "type": "Feature", "properties": { "amenity_id": 629, "kind": "shop", "name": "丼丸　鈴の音", "detail": "fast_food" }, "geometry": { "type": "Point", "coordinates": [ 139.628790800000019, 35.4476408 ] } },
{ "type": "Feature", "properties": { "amenity_id": 630, "kind": "shop", "name": "築地銀だこ", "detail": "fast_food" }, "geometry": { "type": "Point", "coordinates": [ 139.6289639, 35.4479006 ] } },
{ "type": "Feature", "properties": { "amenity_id": 631, "kind": "shop", "name": "BASIL", "detail": "bar" }, "geometry": { "type": "Point", "coordinates": [ 139.6289911, 35.4479558 ] } },
{ "type": "Feature", "properties": { "amenity_id": 632, "kind": "shop", "name": "Ash", "detail": "hairdresser" }, "geometry": { "type": "Point", "coordinates": [ 139.6291831, 35.4482213 ] } },
{ "type": "Feature", "properties": { "amenity_id": 633, "kind": "shop", "name": "かめや寿司", "detail": "restaurant" }, "geometry": { "type": "Point", "coordinates": [ 139.629238500000014, 35.4483388 ] } },
{ "type": "Feature", "properties": { "amenity_id": 634, "kind": "shop", "name": "茶処　しんり", "detail": "cafe" }, "geometry": { "type": "Point", "coordinates": [ 139.6293245, 35.4484629 ] } },
{ "type": "Feature", "properties": { "amenity_id": 635, "kind": "shop", "name": null, "detail": "hairdresser" }, "geometry": { "type": "Point", "coordinates": [ 139.6300579, 35.4495031 ] } },
{ "type": "Feature", "properties": { "amenity_id": 636, "kind": "shop", "name": "CoCo壱番屋", "detail": "restaurant" }, "geometry": { "type": "Point", "coordinates": [ 139.630346, 35.4497087 ] } },
{ "type": "Feature", "properties": { "amenity_id": 637, "kind": "shop", "name": "大来", "detail": "restaurant" }, "geometry": { "type": "Point", "coordinates": [ 139.628871300000014, 35.4483271 ] } },
{ "type": "Feature", "properties": { "amenity_id": 638, "kind": "shop", "name": "食品館あおば", "detail": "supermarket" }, "geometry": { "type": "Point", "coordinates": [ 139.628776, 35.4483937 ] } },
{ "type": "Feature", "properties": { "amenity_id": 639, "kind": "shop", "name": "COLTS", "detail": "restaurant" }, "geometry": { "type": "Point", "coordinates": [ 139.6295059, 35.4496798 ] } },
{ "type": "Feature", "properties": { "amenity_id": 640, "kind": "shop", "name": "SPORTS BAR Shiba", "detail": "bar" }, "geometry": { "type": "Point", "coordinates": [ 139.629555400000015, 35.4494793 ] } },
{ "type": "Feature", "properties": { "amenity_id": 641, "kind": "shop", "name": "餃子の翠葉", "detail": "restaurant" }, "geometry": { "type": "Point", "coordinates": [ 139.6292774, 35.4495634 ] } },
{ "type": "Feature", "properties": { "amenity_id": 642, "kind": "shop", "name": "タンメン専門店　満菜", "detail": "restaurant" }, "geometry": { "type": "Point", "coordinates": [ 139.628925900000013, 35.4492574 ] } },
{ "type": "Feature", "properties": { "amenity_id": 643, "kind": "shop", "name": "九州とんこつ　のげら〜", "detail": "restaurant" }, "geometry": { "type": "Point", "coordinates": [ 139.629051700000019, 35.44912 ] } },
{ "type": "Feature", "properties": { "amenity_id": 644, "kind": "shop", "name": "hair&relaxation Piece", "detail": "hairdresser" }, "geometry": { "type": "Point", "coordinates": [ 139.628762600000016, 35.4489975 ] } },
{ "type": "Feature", "properties": { "amenity_id": 645, "kind": "shop", "name": "サロンド・エクリュ", "detail": "hairdresser" }, "geometry": { "type": "Point", "coordinates": [ 139.628492500000021, 35.4487142 ] } },
{ "type": "Feature", "properties": { "amenity_id": 646, "kind": "shop", "name": "Asian Spice Market", "detail": "supermarket" }, "geometry": { "type": "Point", "coordinates": [ 139.628653, 35.4486781 ] } },
{ "type": "Feature", "properties": { "amenity_id": 647, "kind": "shop", "name": "36 SPICES", "detail": "restaurant" }, "geometry": { "type": "Point", "coordinates": [ 139.62859, 35.4486213 ] } },
{ "type": "Feature", "properties": { "amenity_id": 648, "kind": "shop", "name": "カラオケ館　とき", "detail": "bar" }, "geometry": { "type": "Point", "coordinates": [ 139.6284407, 35.44865 ] } },
{ "type": "Feature", "properties": { "amenity_id": 649, "kind": "shop", "name": "artmania cafe gallery yokohama", "detail": "cafe" }, "geometry": { "type": "Point", "coordinates": [ 139.628424600000017, 35.4486369 ] } },
{ "type": "Feature", "properties": { "amenity_id": 650, "kind": "shop", "name": "Osteria INOUE", "detail": "restaurant" }, "geometry": { "type": "Point", "coordinates": [ 139.6282598, 35.4484786 ] } },
{ "type": "Feature", "properties": { "amenity_id": 651, "kind": "shop", "name": "Beauty Salon LILAC", "detail": "hairdresser" }, "geometry": { "type": "Point", "coordinates": [ 139.628228900000011, 35.4484 ] } },
{ "type": "Feature", "properties": { "amenity_id": 652, "kind": "shop", "name": "オークラ理容", "detail": "hairdresser" }, "geometry": { "type": "Point", "coordinates": [ 139.6239727, 35.4384943 ] } },
{ "type": "Feature", "properties": { "amenity_id": 653, "kind": "shop", "name": "新や", "detail": "restaurant" }, "geometry": { "type": "Point", "coordinates": [ 139.62399880000001, 35.4382761 ] } },
{ "type": "Feature", "properties": { "amenity_id": 654, "kind": "shop", "name": "Boon", "detail": "hairdresser" }, "geometry": { "type": "Point", "coordinates": [ 139.623723800000022, 35.4383545 ] } },
{ "type": "Feature", "properties": { "amenity_id": 655, "kind": "shop", "name": "ポニークリーニング", "detail": "dry_cleaning" }, "geometry": { "type": "Point", "coordinates": [ 139.6236715, 35.4383207 ] } },
{ "type": "Feature", "properties": { "amenity_id": 656, "kind": "shop", "name": "ヘアーカット専門店　1000円　カットスタジオ", "detail": "hairdresser" }, "geometry": { "type": "Point", "coordinates": [ 139.623735400000015, 35.4381382 ] } },
{ "type": "Feature", "properties": { "amenity_id": 657, "kind": "shop", "name": "南イタリア料理　Trattoria Granduca", "detail": "restaurant" }, "geometry": { "type": "Point", "coordinates": [ 139.623613400000011, 35.4380679 ] } },
{ "type": "Feature", "properties": { "amenity_id": 658, "kind": "shop", "name": "どんや宝", "detail": "restaurant" }, "geometry": { "type": "Point", "coordinates": [ 139.623075700000015, 35.4380806 ] } },
{ "type": "Feature", "properties": { "amenity_id": 659, "kind": "shop", "name": "相模屋", "detail": "restaurant" }, "geometry": { "type": "Point", "coordinates": [ 139.62300590000001, 35.4378316 ] } },
{ "type": "Feature", "properties": { "amenity_id": 660, "kind": "shop", "name": "ISEYA", "detail": "bar" }, "geometry": { "type": "Point", "coordinates": [ 139.624731, 35.4388911 ] } },
{ "type": "Feature", "properties": { "amenity_id": 661, "kind": "shop", "name": "北京楼", "detail": "restaurant" }, "geometry": { "type": "Point", "coordinates": [ 139.624688100000014, 35.4388643 ] } },
{ "type": "Feature", "properties": { "amenity_id": 662, "kind": "shop", "name": "クリーニング　ランドリーハウス", "detail": "dry_cleaning" }, "geometry": { "type": "Point", "coordinates": [ 139.6256605, 35.4392148 ] } },
{ "type": "Feature", "properties": { "amenity_id": 663, "kind": "shop", "name": "出嶋屋本店", "detail": "restaurant" }, "geometry": { "type": "Point", "coordinates": [ 139.6254453, 35.4392938 ] } },
{ "type": "Feature", "properties": { "amenity_id": 664, "kind": "shop", "name": "珈琲の店　コーリン", "detail": "cafe" }, "geometry": { "type": "Point", "coordinates": [ 139.6254261, 35.4390737 ] } },
{ "type": "Feature", "properties": { "amenity_id": 665, "kind": "shop", "name": "Margaret Tart Coffee", "detail": "bakery" }, "geometry": { "type": "Point", "coordinates": [ 139.625342100000012, 35.4390127 ] } },
{ "type": "Feature", "properties": { "amenity_id": 666, "kind": "shop", "name": "理髪一番", "detail": "hairdresser" }, "geometry": { "type": "Point", "coordinates": [ 139.6251001, 35.4390915 ] } },
{ "type": "Feature", "properties": { "amenity_id": 667, "kind": "shop", "name": "自由が丘１０１　YOKOHAMA", "detail": "clothes" }, "geometry": { "type": "Point", "coordinates": [ 139.6261045, 35.4397093 ] } },
{ "type": "Feature", "properties": { "amenity_id": 668, "kind": "shop", "name": "KJ winery", "detail": "bar" }, "geometry": { "type": "Point", "coordinates": [ 139.6262845, 35.4395773 ] } },
{ "type": "Feature", "properties": { "amenity_id": 669, "kind": "shop", "name": "JEANS & CASUAL WEAR", "detail": "clothes" }, "geometry": { "type": "Point", "coordinates": [ 139.626243100000011, 35.4395526 ] } },
{ "type": "Feature", "properties": { "amenity_id": 670, "kind": "shop", "name": "スイタヤ", "detail": "clothes" }, "geometry": { "type": "Point", "coordinates": [ 139.626077900000013, 35.4394504 ] } },
{ "type": "Feature", "properties": { "amenity_id": 671, "kind": "shop", "name": "ブティック　ルージュ", "detail": "clothes" }, "geometry": { "type": "Point", "coordinates": [ 139.6272016, 35.4402272 ] } },
{ "type": "Feature", "properties": { "amenity_id": 672, "kind": "shop", "name": "山東菜館　今人", "detail": "restaurant" }, "geometry": { "type": "Point", "coordinates": [ 139.62711250000001, 35.4401677 ] } },
{ "type": "Feature", "properties": { "amenity_id": 673, "kind": "shop", "name": "錦珍楼", "detail": "restaurant" }, "geometry": { "type": "Point", "coordinates": [ 139.6269742, 35.4403256 ] } },
{ "type": "Feature", "properties": { "amenity_id": 674, "kind": "shop", "name": "MERISA Kebab & Bar", "detail": "bar" }, "geometry": { "type": "Point", "coordinates": [ 139.6269729, 35.4400669 ] } },
{ "type": "Feature", "properties": { "amenity_id": 675, "kind": "shop", "name": "Men's Wear 笹屋", "detail": "clothes" }, "geometry": { "type": "Point", "coordinates": [ 139.6267468, 35.4401362 ] } },
{ "type": "Feature", "properties": { "amenity_id": 676, "kind": "shop", "name": "熱血らーめん", "detail": "restaurant" }, "geometry": { "type": "Point", "coordinates": [ 139.626706500000012, 35.440099 ] } },
{ "type": "Feature", "properties": { "amenity_id": 677, "kind": "shop", "name": null, "detail": "clothes" }, "geometry": { "type": "Point", "coordinates": [ 139.6268054, 35.4399299 ] } },
{ "type": "Feature", "properties": { "amenity_id": 678, "kind": "shop", "name": "レストラン　コトブキ", "detail": "restaurant" }, "geometry": { "type": "Point", "coordinates": [ 139.626623200000012, 35.4400351 ] } },
{ "type": "Feature", "properties": { "amenity_id": 679, "kind": "shop", "name": null, "detail": "clothes" }, "geometry": { "type": "Point", "coordinates": [ 139.626595, 35.4400105 ] } },
{ "type": "Feature", "properties": { "amenity_id": 680, "kind": "shop", "name": "poem", "detail": "cafe" }, "geometry": { "type": "Point", "coordinates": [ 139.6267623, 35.4399113 ] } },
{ "type": "Feature", "properties": { "amenity_id": 681, "kind": "shop", "name": "ATOM", "detail": "cafe" }, "geometry": { "type": "Point", "coordinates": [ 139.626584800000018, 35.4397764 ] } },
{ "type": "Feature", "properties": { "amenity_id": 682, "kind": "shop", "name": "新潟らーめん　がんこ屋", "detail": "restaurant" }, "geometry": { "type": "Point", "coordinates": [ 139.6265406, 35.4397444 ] } },
{ "type": "Feature", "properties": { "amenity_id": 683, "kind": "shop", "name": "うどん工房 桃一", "detail": "restaurant" }, "geometry": { "type": "Point", "coordinates": [ 139.626498700000013, 35.4397123 ] } },
{ "type": "Feature", "properties": { "amenity_id": 684, "kind": "shop", "name": "Sewing T Factory NAGASAKA", "detail": "clothes" }, "geometry": { "type": "Point", "coordinates": [ 139.62802480000002, 35.4408421 ] } },
{ "type": "Feature", "properties": { "amenity_id": 685, "kind": "shop", "name": "ファミリーマート", "detail": "convenience" }, "geometry": { "type": "Point", "coordinates": [ 139.6276732, 35.4408171 ] } },
{ "type": "Feature", "properties": { "amenity_id": 686, "kind": "shop", "name": "やよい軒", "detail": "restaurant" }, "geometry": { "type": "Point", "coordinates": [ 139.6275527, 35.440733 ] } },
{ "type": "Feature", "properties": { "amenity_id": 687, "kind": "shop", "name": "とんかつ　天丼　いそご", "detail": "restaurant" }, "geometry": { "type": "Point", "coordinates": [ 139.627547, 35.4404684 ] } },
{ "type": "Feature", "properties": { "amenity_id": 688, "kind": "shop", "name": "じゃのめや", "detail": "restaurant" }, "geometry": { "type": "Point", "coordinates": [ 139.627376600000019, 35.4406009 ] } },
{ "type": "Feature", "properties": { "amenity_id": 689, "kind": "shop", "name": "dera hair", "detail": "hairdresser" }, "geometry": { "type": "Point", "coordinates": [ 139.627330600000022, 35.4405566 ] } },
{ "type": "Feature", "properties": { "amenity_id": 690, "kind": "shop", "name": "ふじま", "detail": "clothes" }, "geometry": { "type": "Point", "coordinates": [ 139.6273281, 35.4403235 ] } },
{ "type": "Feature", "properties": { "amenity_id": 691, "kind": "shop", "name": "セブン-イレブン", "detail": "convenience" }, "geometry": { "type": "Point", "coordinates": [ 139.628966100000014, 35.4415276 ] } },
{ "type": "Feature", "properties": { "amenity_id": 692, "kind": "shop", "name": "hair cut \\1000", "detail": "hairdresser" }, "geometry": { "type": "Point", "coordinates": [ 139.628714300000013, 35.4416195 ] } },
{ "type": "Feature", "properties": { "amenity_id": 693, "kind": "shop", "name": "コミヤ", "detail": "clothes" }, "geometry": { "type": "Point", "coordinates": [ 139.6288001, 35.4414173 ] } },
{ "type": "Feature", "properties": { "amenity_id": 694, "kind": "shop", "name": "ONE", "detail": "clothes" }, "geometry": { "type": "Point", "coordinates": [ 139.6287633, 35.4413886 ] } },
{ "type": "Feature", "properties": { "amenity_id": 695, "kind": "shop", "name": "横浜家系ラーメン　大館家", "detail": "restaurant" }, "geometry": { "type": "Point", "coordinates": [ 139.62865020000001, 35.441296 ] } },
{ "type": "Feature", "properties": { "amenity_id": 696, "kind": "shop", "name": "Cafeレストラン　ガスト", "detail": "restaurant" }, "geometry": { "type": "Point", "coordinates": [ 139.628505, 35.4414298 ] } },
{ "type": "Feature", "properties": { "amenity_id": 697, "kind": "shop", "name": "HEIROKU SUSHI", "detail": "restaurant" }, "geometry": { "type": "Point", "coordinates": [ 139.628563, 35.441198 ] } },
{ "type": "Feature", "properties": { "amenity_id": 698, "kind": "shop", "name": "マール　NOB", "detail": "hairdresser" }, "geometry": { "type": "Point", "coordinates": [ 139.628302, 35.4412705 ] } },
{ "type": "Feature", "properties": { "amenity_id": 699, "kind": "shop", "name": "coffee shop よんちょうめ", "detail": "cafe" }, "geometry": { "type": "Point", "coordinates": [ 139.628112500000015, 35.4411767 ] } },
{ "type": "Feature", "properties": { "amenity_id": 700, "kind": "shop", "name": "PINOCCHIO", "detail": "clothes" }, "geometry": { "type": "Point", "coordinates": [ 139.62808560000002, 35.4411035 ] } },
{ "type": "Feature", "properties": { "amenity_id": 701, "kind": "shop", "name": "IZARD", "detail": "hairdresser" }, "geometry": { "type": "Point", "coordinates": [ 139.6291464, 35.4419281 ] } },
{ "type": "Feature", "properties": { "amenity_id": 702, "kind": "shop", "name": "Question", "detail": "clothes" }, "geometry": { "type": "Point", "coordinates": [ 139.629291600000016, 35.4417539 ] } },
{ "type": "Feature", "properties": { "amenity_id": 703, "kind": "shop", "name": "吉野家", "detail": "fast_food" }, "geometry": { "type": "Point", "coordinates": [ 139.629013500000013, 35.4417741 ] } },
{ "type": "Feature", "properties": { "amenity_id": 704, "kind": "shop", "name": "嶋田屋", "detail": "clothes" }, "geometry": { "type": "Point", "coordinates": [ 139.628969300000023, 35.4417528 ] } },
{ "type": "Feature", "properties": { "amenity_id": 705, "kind": "shop", "name": "SWEET SEASON", "detail": "cafe" }, "geometry": { "type": "Point", "coordinates": [ 139.6289189, 35.4417153 ] } },
{ "type": "Feature", "properties": { "amenity_id": 706, "kind": "shop", "name": "備長七輪焼肉　牛蔵", "detail": "restaurant" }, "geometry": { "type": "Point", "coordinates": [ 139.6288758, 35.4416891 ] } },
{ "type": "Feature", "properties": { "amenity_id": 707, "kind": "shop", "name": "SICILY", "detail": "hairdresser" }, "geometry": { "type": "Point", "coordinates": [ 139.6290897, 35.4416184 ] } },
{ "type": "Feature", "properties": { "amenity_id": 708, "kind": "shop", "name": "キッチンオリジン", "detail": "fast_food" }, "geometry": { "type": "Point", "coordinates": [ 139.629022600000013, 35.4415676 ] } },
{ "type": "Feature", "properties": { "amenity_id": 709, "kind": "shop", "name": "築地銀だこ", "detail": "fast_food" }, "geometry": { "type": "Point", "coordinates": [ 139.630079, 35.4425974 ] } },
{ "type": "Feature", "properties": { "amenity_id": 710, "kind": "shop", "name": "HOLLY'S cafe", "detail": "cafe" }, "geometry": { "type": "Point", "coordinates": [ 139.630071900000019, 35.4423056 ] } },
{ "type": "Feature", "properties": { "amenity_id": 711, "kind": "shop", "name": "讃岐うどん　てんこつ", "detail": "restaurant" }, "geometry": { "type": "Point", "coordinates": [ 139.6298649, 35.4421766 ] } },
{ "type": "Feature", "properties": { "amenity_id": 712, "kind": "shop", "name": "マクドナルド", "detail": "fast_food" }, "geometry": { "type": "Point", "coordinates": [ 139.629719600000016, 35.4423122 ] } },
{ "type": "Feature", "properties": { "amenity_id": 713, "kind": "shop", "name": "横浜家系ラーメン　大館家　伊勢佐木家", "detail": "restaurant" }, "geometry": { "type": "Point", "coordinates": [ 139.629775600000016, 35.4421213 ] } },
{ "type": "Feature", "properties": { "amenity_id": 714, "kind": "shop", "name": null, "detail": "clothes" }, "geometry": { "type": "Point", "coordinates": [ 139.6297332, 35.442085 ] } },
{ "type": "Feature", "properties": { "amenity_id": 715, "kind": "shop", "name": "尾張屋", "detail": "clothes" }, "geometry": { "type": "Point", "coordinates": [ 139.6296141, 35.4420034 ] } },
{ "type": "Feature", "properties": { "amenity_id": 716, "kind": "shop", "name": "海鮮　火鍋　菜館　杜記", "detail": "restaurant" }, "geometry": { "type": "Point", "coordinates": [ 139.629566800000021, 35.4419775 ] } },
{ "type": "Feature", "properties": { "amenity_id": 717, "kind": "shop", "name": "NOB", "detail": "hairdresser" }, "geometry": { "type": "Point", "coordinates": [ 139.629540100000014, 35.441948 ] } },
{ "type": "Feature", "properties": { "amenity_id": 718, "kind": "shop", "name": "Eco Wear Market", "detail": "clothes" }, "geometry": { "type": "Point", "coordinates": [ 139.629486500000013, 35.4419158 ] } },
{ "type": "Feature", "properties": { "amenity_id": 719, "kind": "shop", "name": "ピヤダ", "detail": "restaurant" }, "geometry": { "type": "Point", "coordinates": [ 139.6294422, 35.44185 ] } },
{ "type": "Feature", "properties": { "amenity_id": 720, "kind": "shop", "name": "uo collezione", "detail": "clothes" }, "geometry": { "type": "Point", "coordinates": [ 139.629421400000012, 35.4418653 ] } },
{ "type": "Feature", "properties": { "amenity_id": 721, "kind": "shop", "name": "RYU Ahai", "detail": "hairdresser" }, "geometry": { "type": "Point", "coordinates": [ 139.6305092, 35.4426429 ] } },
{ "type": "Feature", "properties": { "amenity_id": 722, "kind": "shop", "name": "広島お好み焼き　新風亭", "detail": "restaurant" }, "geometry": { "type": "Point", "coordinates": [ 139.630446, 35.4428371 ] } },
{ "type": "Feature", "properties": { "amenity_id": 723, "kind": "shop", "name": "龍鳳", "detail": "restaurant" }, "geometry": { "type": "Point", "coordinates": [ 139.6303911, 35.4428093 ] } },
{ "type": "Feature", "properties": { "amenity_id": 724, "kind": "shop", "name": null, "detail": "cafe" }, "geometry": { "type": "Point", "coordinates": [ 139.6302839, 35.4424131 ] } },
{ "type": "Feature", "properties": { "amenity_id": 725, "kind": "shop", "name": "闘牛家", "detail": "restaurant" }, "geometry": { "type": "Point", "coordinates": [ 139.6303751, 35.4422957 ] } },
{ "type": "Feature", "properties": { "amenity_id": 726, "kind": "shop", "name": "油そば専門店　ぶらぶら", "detail": "restaurant" }, "geometry": { "type": "Point", "coordinates": [ 139.630220900000012, 35.4424437 ] } },
{ "type": "Feature", "properties": { "amenity_id": 727, "kind": "shop", "name": "Zz's & Babar's", "detail": "cafe" }, "geometry": { "type": "Point", "coordinates": [ 139.6261288, 35.4402981 ] } },
{ "type": "Feature", "properties": { "amenity_id": 728, "kind": "shop", "name": "mollie's", "detail": "restaurant" }, "geometry": { "type": "Point", "coordinates": [ 139.626188, 35.4403301 ] } },
{ "type": "Feature", "properties": { "amenity_id": 729, "kind": "shop", "name": "シマノ", "detail": "hairdresser" }, "geometry": { "type": "Point", "coordinates": [ 139.626235900000012, 35.4406101 ] } },
{ "type": "Feature", "properties": { "amenity_id": 730, "kind": "shop", "name": "十八番", "detail": "restaurant" }, "geometry": { "type": "Point", "coordinates": [ 139.626965500000011, 35.4411054 ] } },
{ "type": "Feature", "properties": { "amenity_id": 731, "kind": "shop", "name": "スナック　天天笑", "detail": "bar" }, "geometry": { "type": "Point", "coordinates": [ 139.627128200000016, 35.4411992 ] } },
{ "type": "Feature", "properties": { "amenity_id": 732, "kind": "shop", "name": "ワールプールランドレット", "detail": "laundry" }, "geometry": { "type": "Point", "coordinates": [ 139.62735, 35.4410916 ] } },
{ "type": "Feature", "properties": { "amenity_id": 733, "kind": "shop", "name": "ヨコハマ　アジアンダイニング＆バー", "detail": "restaurant" }, "geometry": { "type": "Point", "coordinates": [ 139.627553400000011, 35.4413065 ] } },
{ "type": "Feature", "properties": { "amenity_id": 734, "kind": "shop", "name": "お好み焼き　浜銀", "detail": "restaurant" }, "geometry": { "type": "Point", "coordinates": [ 139.6277919, 35.4414947 ] } },
{ "type": "Feature", "properties": { "amenity_id": 735, "kind": "shop", "name": "シャム", "detail": "restaurant" }, "geometry": { "type": "Point", "coordinates": [ 139.6279006, 35.4417709 ] } },
{ "type": "Feature", "properties": { "amenity_id": 736, "kind": "shop", "name": "インムアロイ", "detail": "restaurant" }, "geometry": { "type": "Point", "coordinates": [ 139.62821, 35.4418073 ] } },
{ "type": "Feature", "properties": { "amenity_id": 737, "kind": "shop", "name": "らあめん　醤和", "detail": "restaurant" }, "geometry": { "type": "Point", "coordinates": [ 139.628395800000021, 35.4419392 ] } },
{ "type": "Feature", "properties": { "amenity_id": 738, "kind": "shop", "name": "焼肉ホルモン　兆伊", "detail": "restaurant" }, "geometry": { "type": "Point", "coordinates": [ 139.628381600000012, 35.4421091 ] } },
{ "type": "Feature", "properties": { "amenity_id": 739, "kind": "shop", "name": "ハングリーピッグ", "detail": "restaurant" }, "geometry": { "type": "Point", "coordinates": [ 139.62874020000001, 35.4423774 ] } },
{ "type": "Feature", "properties": { "amenity_id": 740, "kind": "shop", "name": "美容室サクマ", "detail": "hairdresser" }, "geometry": { "type": "Point", "coordinates": [ 139.6287758, 35.4423987 ] } },
{ "type": "Feature", "properties": { "amenity_id": 741, "kind": "shop", "name": "そうる肉食堂　承", "detail": "restaurant" }, "geometry": { "type": "Point", "coordinates": [ 139.628801300000021, 35.4424258 ] } },
{ "type": "Feature", "properties": { "amenity_id": 742, "kind": "shop", "name": "℃℃ya", "detail": "bar" }, "geometry": { "type": "Point", "coordinates": [ 139.629069500000014, 35.4426331 ] } },
{ "type": "Feature", "properties": { "amenity_id": 743, "kind": "shop", "name": "星海湾", "detail": "restaurant" }, "geometry": { "type": "Point", "coordinates": [ 139.62942510000002, 35.4428817 ] } },
{ "type": "Feature", "properties": { "amenity_id": 744, "kind": "shop", "name": "Mon cheri", "detail": "cafe" }, "geometry": { "type": "Point", "coordinates": [ 139.629618500000021, 35.4430699 ] } },
{ "type": "Feature", "properties": { "amenity_id": 745, "kind": "shop", "name": "らあめん　たまがった", "detail": "restaurant" }, "geometry": { "type": "Point", "coordinates": [ 139.6301789, 35.4431487 ] } },
{ "type": "Feature", "properties": { "amenity_id": 746, "kind": "shop", "name": "助六寿司", "detail": "fast_food" }, "geometry": { "type": "Point", "coordinates": [ 139.6301927, 35.443132 ] } },
{ "type": "Feature", "properties": { "amenity_id": 747, "kind": "shop", "name": "中華つけ麺　大王", "detail": "restaurant" }, "geometry": { "type": "Point", "coordinates": [ 139.630401400000011, 35.4429364 ] } },
{ "type": "Feature", "properties": { "amenity_id": 748, "kind": "shop", "name": "Hair Design CALM", "detail": "hairdresser" }, "geometry": { "type": "Point", "coordinates": [ 139.629441900000018, 35.4434709 ] } },
{ "type": "Feature", "properties": { "amenity_id": 749, "kind": "shop", "name": "カレーを喰らえ", "detail": "restaurant" }, "geometry": { "type": "Point", "coordinates": [ 139.629003800000021, 35.4447512 ] } },
{ "type": "Feature", "properties": { "amenity_id": 750, "kind": "shop", "name": "まいばすけっと", "detail": "supermarket" }, "geometry": { "type": "Point", "coordinates": [ 139.628898, 35.4442802 ] } },
{ "type": "Feature", "properties": { "amenity_id": 751, "kind": "shop", "name": "太田なわのれん", "detail": "restaurant" }, "geometry": { "type": "Point", "coordinates": [ 139.627465700000016, 35.4421624 ] } },
{ "type": "Feature", "properties": { "amenity_id": 752, "kind": "shop", "name": "スナック　あかり", "detail": "bar" }, "geometry": { "type": "Point", "coordinates": [ 139.627247900000015, 35.4418981 ] } },
{ "type": "Feature", "properties": { "amenity_id": 753, "kind": "shop", "name": "洗濯船", "detail": "restaurant" }, "geometry": { "type": "Point", "coordinates": [ 139.6241929, 35.4391508 ] } },
{ "type": "Feature", "properties": { "amenity_id": 754, "kind": "shop", "name": "ランドリーハウス", "detail": "dry_cleaning" }, "geometry": { "type": "Point", "coordinates": [ 139.62436550000001, 35.4392528 ] } },
{ "type": "Feature", "properties": { "amenity_id": 755, "kind": "shop", "name": "特選呉服総合卸　丸天", "detail": "clothes" }, "geometry": { "type": "Point", "coordinates": [ 139.6253026, 35.439786 ] } },
{ "type": "Feature", "properties": { "amenity_id": 756, "kind": "shop", "name": "手造りパンの店　カメヤ", "detail": "bakery" }, "geometry": { "type": "Point", "coordinates": [ 139.625673700000021, 35.4401931 ] } },
{ "type": "Feature", "properties": { "amenity_id": 757, "kind": "shop", "name": "そば処 ふくろう", "detail": "restaurant" }, "geometry": { "type": "Point", "coordinates": [ 139.628496500000011, 35.4441643 ] } },
{ "type": "Feature", "properties": { "amenity_id": 758, "kind": "shop", "name": "Kanshoku Bal Surakkan", "detail": "bar" }, "geometry": { "type": "Point", "coordinates": [ 139.6284508, 35.4441274 ] } },
{ "type": "Feature", "properties": { "amenity_id": 759, "kind": "shop", "name": "焼肉　ぶん福", "detail": "restaurant" }, "geometry": { "type": "Point", "coordinates": [ 139.62841370000001, 35.4441032 ] } },
{ "type": "Feature", "properties": { "amenity_id": 760, "kind": "shop", "name": "アイビー", "detail": "cafe" }, "geometry": { "type": "Point", "coordinates": [ 139.628123500000015, 35.4438123 ] } },
{ "type": "Feature", "properties": { "amenity_id": 761, "kind": "shop", "name": "SNACK やまびこ", "detail": "bar" }, "geometry": { "type": "Point", "coordinates": [ 139.627772, 35.4435095 ] } },
{ "type": "Feature", "properties": { "amenity_id": 762, "kind": "shop", "name": "B級グルメ　もも", "detail": "restaurant" }, "geometry": { "type": "Point", "coordinates": [ 139.6280059, 35.44446 ] } },
{ "type": "Feature", "properties": { "amenity_id": 763, "kind": "shop", "name": "ゲイ　スナック　CoCo66", "detail": "bar" }, "geometry": { "type": "Point", "coordinates": [ 139.627989900000017, 35.4444338 ] } },
{ "type": "Feature", "properties": { "amenity_id": 764, "kind": "shop", "name": "浜優食堂", "detail": "restaurant" }, "geometry": { "type": "Point", "coordinates": [ 139.626702600000016, 35.4418082 ] } },
{ "type": "Feature", "properties": { "amenity_id": 765, "kind": "shop", "name": "MIDORI", "detail": "hairdresser" }, "geometry": { "type": "Point", "coordinates": [ 139.6267321, 35.441794 ] } },
{ "type": "Feature", "properties": { "amenity_id": 766, "kind": "shop", "name": "スナック　圭", "detail": "bar" }, "geometry": { "type": "Point", "coordinates": [ 139.6267669, 35.4417776 ] } },
{ "type": "Feature", "properties": { "amenity_id": 767, "kind": "shop", "name": "クリーニング　さいたまや", "detail": "dry_cleaning" }, "geometry": { "type": "Point", "coordinates": [ 139.62702010000001, 35.4418095 ] } },
{ "type": "Feature", "properties": { "amenity_id": 768, "kind": "shop", "name": "J's store", "detail": "restaurant" }, "geometry": { "type": "Point", "coordinates": [ 139.627800800000017, 35.4420267 ] } },
{ "type": "Feature", "properties": { "amenity_id": 769, "kind": "shop", "name": "Abracadabra", "detail": "bar" }, "geometry": { "type": "Point", "coordinates": [ 139.6285221, 35.4424583 ] } },
{ "type": "Feature", "properties": { "amenity_id": 770, "kind": "shop", "name": "hasamu", "detail": "fast_food" }, "geometry": { "type": "Point", "coordinates": [ 139.6656015, 35.425259 ] } },
{ "type": "Feature", "properties": { "amenity_id": 771, "kind": "shop", "name": "Ceyhan", "detail": "restaurant" }, "geometry": { "type": "Point", "coordinates": [ 139.6427606, 35.437773 ] } },
{ "type": "Feature", "properties": { "amenity_id": 772, "kind": "shop", "name": null, "detail": "supermarket" }, "geometry": { "type": "Point", "coordinates": [ 139.6476203, 35.4425787 ] } },
{ "type": "Feature", "properties": { "amenity_id": 773, "kind": "shop", "name": "マルエツプチ", "detail": "supermarket" }, "geometry": { "type": "Point", "coordinates": [ 139.6337336, 35.4437817 ] } },
{ "type": "Feature", "properties": { "amenity_id": 774, "kind": "shop", "name": "仏蘭西料亭 横濱元町 霧笛楼", "detail": "restaurant" }, "geometry": { "type": "Point", "coordinates": [ 139.6490972, 35.4403143 ] } },
{ "type": "Feature", "properties": { "amenity_id": 775, "kind": "shop", "name": "CHICHOS", "detail": "restaurant" }, "geometry": { "type": "Point", "coordinates": [ 139.647090100000014, 35.4394874 ] } },
{ "type": "Feature", "properties": { "amenity_id": 776, "kind": "shop", "name": "ファミリーマート", "detail": "convenience" }, "geometry": { "type": "Point", "coordinates": [ 139.642497, 35.4442682 ] } },
{ "type": "Feature", "properties": { "amenity_id": 777, "kind": "shop", "name": "Flashback Cafe", "detail": "restaurant" }, "geometry": { "type": "Point", "coordinates": [ 139.642434400000013, 35.4441238 ] } },
{ "type": "Feature", "properties": { "amenity_id": 778, "kind": "shop", "name": "Moriva Coffee", "detail": "cafe" }, "geometry": { "type": "Point", "coordinates": [ 139.6423097, 35.4441226 ] } },
{ "type": "Feature", "properties": { "amenity_id": 779, "kind": "shop", "name": "ローソン", "detail": "convenience" }, "geometry": { "type": "Point", "coordinates": [ 139.641864600000019, 35.443425 ] } },
{ "type": "Feature", "properties": { "amenity_id": 780, "kind": "shop", "name": null, "detail": "bar" }, "geometry": { "type": "Point", "coordinates": [ 139.64108250000001, 35.4424342 ] } },
{ "type": "Feature", "properties": { "amenity_id": 781, "kind": "shop", "name": "ファミリーマート", "detail": "convenience" }, "geometry": { "type": "Point", "coordinates": [ 139.641264800000016, 35.4426773 ] } },
{ "type": "Feature", "properties": { "amenity_id": 782, "kind": "shop", "name": "ファミリーマート", "detail": "convenience" }, "geometry": { "type": "Point", "coordinates": [ 139.6361326, 35.44439 ] } },
{ "type": "Feature", "properties": { "amenity_id": 783, "kind": "shop", "name": null, "detail": "restaurant" }, "geometry": { "type": "Point", "coordinates": [ 139.6425835, 35.4439456 ] } },
{ "type": "Feature", "properties": { "amenity_id": 784, "kind": "shop", "name": null, "detail": "restaurant" }, "geometry": { "type": "Point", "coordinates": [ 139.64204220000002, 35.4435696 ] } },
{ "type": "Feature", "properties": { "amenity_id": 785, "kind": "shop", "name": "ヨコハマ串カツ 黒船", "detail": "restaurant" }, "geometry": { "type": "Point", "coordinates": [ 139.6381476, 35.4482406 ] } },
{ "type": "Feature", "properties": { "amenity_id": 786, "kind": "shop", "name": "つれづれ茶屋", "detail": "restaurant" }, "geometry": { "type": "Point", "coordinates": [ 139.638096900000022, 35.4482595 ] } },
{ "type": "Feature", "properties": { "amenity_id": 787, "kind": "shop", "name": "寿司処 海老原", "detail": "restaurant" }, "geometry": { "type": "Point", "coordinates": [ 139.6381862, 35.4482757 ] } },
{ "type": "Feature", "properties": { "amenity_id": 788, "kind": "shop", "name": "焼肉ハウス 大滝", "detail": "restaurant" }, "geometry": { "type": "Point", "coordinates": [ 139.6381278, 35.4482993 ] } },
{ "type": "Feature", "properties": { "amenity_id": 789, "kind": "shop", "name": "Sandesh", "detail": "restaurant" }, "geometry": { "type": "Point", "coordinates": [ 139.6481752, 35.4308452 ] } },
{ "type": "Feature", "properties": { "amenity_id": 790, "kind": "shop", "name": "Luna", "detail": "restaurant" }, "geometry": { "type": "Point", "coordinates": [ 139.645783200000011, 35.4279803 ] } },
{ "type": "Feature", "properties": { "amenity_id": 791, "kind": "shop", "name": "Boutique 450 Eiko Yokoo", "detail": "clothes" }, "geometry": { "type": "Point", "coordinates": [ 139.646603200000015, 35.4288548 ] } },
{ "type": "Feature", "properties": { "amenity_id": 792, "kind": "shop", "name": "Harvest Coffee", "detail": "cafe" }, "geometry": { "type": "Point", "coordinates": [ 139.646526500000022, 35.4287692 ] } },
{ "type": "Feature", "properties": { "amenity_id": 793, "kind": "shop", "name": "protago", "detail": "restaurant" }, "geometry": { "type": "Point", "coordinates": [ 139.6464302, 35.428655 ] } },
{ "type": "Feature", "properties": { "amenity_id": 794, "kind": "shop", "name": "NewDays", "detail": "convenience" }, "geometry": { "type": "Point", "coordinates": [ 139.6461003, 35.4276311 ] } },
{ "type": "Feature", "properties": { "amenity_id": 795, "kind": "shop", "name": "Super Taste Noodles Sukeichiya", "detail": "fast_food" }, "geometry": { "type": "Point", "coordinates": [ 139.64605880000002, 35.4281677 ] } },
{ "type": "Feature", "properties": { "amenity_id": 796, "kind": "shop", "name": "Toriko", "detail": "fast_food" }, "geometry": { "type": "Point", "coordinates": [ 139.64696, 35.4291375 ] } },
{ "type": "Feature", "properties": { "amenity_id": 797, "kind": "shop", "name": "T's Cubasand", "detail": "restaurant" }, "geometry": { "type": "Point", "coordinates": [ 139.6447584, 35.4481877 ] } },
{ "type": "Feature", "properties": { "amenity_id": 798, "kind": "shop", "name": "すき家", "detail": "fast_food" }, "geometry": { "type": "Point", "coordinates": [ 139.6422814, 35.4440955 ] } },
{ "type": "Feature", "properties": { "amenity_id": 799, "kind": "shop", "name": "Live Love Laugh", "detail": "clothes" }, "geometry": { "type": "Point", "coordinates": [ 139.6441149, 35.4462834 ] } },
{ "type": "Feature", "properties": { "amenity_id": 800, "kind": "shop", "name": "Scandia", "detail": "restaurant" }, "geometry": { "type": "Point", "coordinates": [ 139.644179300000019, 35.4478649 ] } },
{ "type": "Feature", "properties": { "amenity_id": 801, "kind": "shop", "name": "ら　らとーな", "detail": "cafe" }, "geometry": { "type": "Point", "coordinates": [ 139.6424862, 35.4448334 ] } },
{ "type": "Feature", "properties": { "amenity_id": 802, "kind": "shop", "name": "ドトールコーヒーショップ", "detail": "cafe" }, "geometry": { "type": "Point", "coordinates": [ 139.64318990000001, 35.4450762 ] } },
{ "type": "Feature", "properties": { "amenity_id": 803, "kind": "shop", "name": "ローソン・スリーエフ", "detail": "convenience" }, "geometry": { "type": "Point", "coordinates": [ 139.642753100000022, 35.4451685 ] } },
{ "type": "Feature", "properties": { "amenity_id": 804, "kind": "shop", "name": "Patagonia", "detail": "clothes" }, "geometry": { "type": "Point", "coordinates": [ 139.6430708, 35.44552 ] } },
{ "type": "Feature", "properties": { "amenity_id": 805, "kind": "shop", "name": "Penny's Diner", "detail": "restaurant" }, "geometry": { "type": "Point", "coordinates": [ 139.6443764, 35.4478419 ] } },
{ "type": "Feature", "properties": { "amenity_id": 806, "kind": "shop", "name": "かをり", "detail": "restaurant" }, "geometry": { "type": "Point", "coordinates": [ 139.643532, 35.4455957 ] } },
{ "type": "Feature", "properties": { "amenity_id": 807, "kind": "shop", "name": "Grand-Back", "detail": "clothes" }, "geometry": { "type": "Point", "coordinates": [ 139.643300900000014, 35.4452377 ] } },
{ "type": "Feature", "properties": { "amenity_id": 808, "kind": "shop", "name": "Jack Cafe West", "detail": "restaurant" }, "geometry": { "type": "Point", "coordinates": [ 139.6445127, 35.4480009 ] } },
{ "type": "Feature", "properties": { "amenity_id": 809, "kind": "shop", "name": "Jack Cafe East", "detail": "restaurant" }, "geometry": { "type": "Point", "coordinates": [ 139.644605400000017, 35.4481086 ] } },
{ "type": "Feature", "properties": { "amenity_id": 810, "kind": "shop", "name": "Pomodoro", "detail": "restaurant" }, "geometry": { "type": "Point", "coordinates": [ 139.644410600000015, 35.4478868 ] } },
{ "type": "Feature", "properties": { "amenity_id": 811, "kind": "shop", "name": "Yokohama Tachibanatei", "detail": "restaurant" }, "geometry": { "type": "Point", "coordinates": [ 139.6429393, 35.452649 ] } },
{ "type": "Feature", "properties": { "amenity_id": 812, "kind": "shop", "name": null, "detail": "restaurant" }, "geometry": { "type": "Point", "coordinates": [ 139.6494504, 35.4323682 ] } },
{ "type": "Feature", "properties": { "amenity_id": 813, "kind": "shop", "name": "Bee's Cafe", "detail": "cafe" }, "geometry": { "type": "Point", "coordinates": [ 139.649327700000015, 35.4323805 ] } },
{ "type": "Feature", "properties": { "amenity_id": 814, "kind": "shop", "name": "ファミリーマート", "detail": "convenience" }, "geometry": { "type": "Point", "coordinates": [ 139.642472, 35.440185 ] } },
{ "type": "Feature", "properties": { "amenity_id": 815, "kind": "shop", "name": "ファミリーマート", "detail": "convenience" }, "geometry": { "type": "Point", "coordinates": [ 139.65993210000002, 35.4212373 ] } },
{ "type": "Feature", "properties": { "amenity_id": 816, "kind": "shop", "name": "ステーキガスト", "detail": "restaurant" }, "geometry": { "type": "Point", "coordinates": [ 139.655111300000016, 35.4207507 ] } },
{ "type": "Feature", "properties": { "amenity_id": 817, "kind": "shop", "name": null, "detail": "laundry" }, "geometry": { "type": "Point", "coordinates": [ 139.6487557, 35.4314383 ] } },
{ "type": "Feature", "properties": { "amenity_id": 818, "kind": "shop", "name": null, "detail": "restaurant" }, "geometry": { "type": "Point", "coordinates": [ 139.6440949, 35.4424504 ] } },
{ "type": "Feature", "properties": { "amenity_id": 819, "kind": "shop", "name": null, "detail": "restaurant" }, "geometry": { "type": "Point", "coordinates": [ 139.650154500000014, 35.4324103 ] } },
{ "type": "Feature", "properties": { "amenity_id": 820, "kind": "shop", "name": "faein", "detail": "restaurant" }, "geometry": { "type": "Point", "coordinates": [ 139.6497656, 35.4315541 ] } },
{ "type": "Feature", "properties": { "amenity_id": 821, "kind": "shop", "name": "My Clover", "detail": "hairdresser" }, "geometry": { "type": "Point", "coordinates": [ 139.64604, 35.4281748 ] } },
{ "type": "Feature", "properties": { "amenity_id": 822, "kind": "shop", "name": "New フローラ", "detail": "hairdresser" }, "geometry": { "type": "Point", "coordinates": [ 139.6469472, 35.429314 ] } },
{ "type": "Feature", "properties": { "amenity_id": 823, "kind": "shop", "name": "+R", "detail": "clothes" }, "geometry": { "type": "Point", "coordinates": [ 139.6475849, 35.4299199 ] } },
{ "type": "Feature", "properties": { "amenity_id": 824, "kind": "shop", "name": null, "detail": "dry_cleaning" }, "geometry": { "type": "Point", "coordinates": [ 139.6477452, 35.4301289 ] } },
{ "type": "Feature", "properties": { "amenity_id": 825, "kind": "shop", "name": null, "detail": "hairdresser" }, "geometry": { "type": "Point", "coordinates": [ 139.64792460000001, 35.4303652 ] } },
{ "type": "Feature", "properties": { "amenity_id": 826, "kind": "shop", "name": null, "detail": "hairdresser" }, "geometry": { "type": "Point", "coordinates": [ 139.6480496, 35.4307215 ] } },
{ "type": "Feature", "properties": { "amenity_id": 827, "kind": "shop", "name": null, "detail": "dry_cleaning" }, "geometry": { "type": "Point", "coordinates": [ 139.648677600000013, 35.4314976 ] } },
{ "type": "Feature", "properties": { "amenity_id": 828, "kind": "shop", "name": null, "detail": "dry_cleaning" }, "geometry": { "type": "Point", "coordinates": [ 139.6508311, 35.4310788 ] } },
{ "type": "Feature", "properties": { "amenity_id": 829, "kind": "shop", "name": "PRONTO", "detail": "cafe" }, "geometry": { "type": "Point", "coordinates": [ 139.632652400000012, 35.4444601 ] } },
{ "type": "Feature", "properties": { "amenity_id": 830, "kind": "shop", "name": "セブン-イレブン", "detail": "convenience" }, "geometry": { "type": "Point", "coordinates": [ 139.6440987, 35.4404098 ] } },
{ "type": "Feature", "properties": { "amenity_id": 831, "kind": "shop", "name": "はま寿司", "detail": "fast_food" }, "geometry": { "type": "Point", "coordinates": [ 139.6646351, 35.4255903 ] } },
{ "type": "Feature", "properties": { "amenity_id": 832, "kind": "shop", "name": "しょうゆ・きゃふぇ", "detail": "cafe" }, "geometry": { "type": "Point", "coordinates": [ 139.651310600000016, 35.4375346 ] } },
{ "type": "Feature", "properties": { "amenity_id": 833, "kind": "shop", "name": "Cinnamon’s Restaurant", "detail": "restaurant" }, "geometry": { "type": "Point", "coordinates": [ 139.65071420000001, 35.4428472 ] } },
{ "type": "Feature", "properties": { "amenity_id": 834, "kind": "shop", "name": "山東 二号店", "detail": "restaurant" }, "geometry": { "type": "Point", "coordinates": [ 139.6458518, 35.4438231 ] } },
{ "type": "Feature", "properties": { "amenity_id": 835, "kind": "shop", "name": "山東 一号店", "detail": "restaurant" }, "geometry": { "type": "Point", "coordinates": [ 139.6459341, 35.4437772 ] } },
{ "type": "Feature", "properties": { "amenity_id": 836, "kind": "shop", "name": "本牧館", "detail": "bakery" }, "geometry": { "type": "Point", "coordinates": [ 139.6554261, 35.4324697 ] } },
{ "type": "Feature", "properties": { "amenity_id": 837, "kind": "shop", "name": "Kirin City", "detail": "restaurant" }, "geometry": { "type": "Point", "coordinates": [ 139.6304562, 35.4517782 ] } },
{ "type": "Feature", "properties": { "amenity_id": 838, "kind": "shop", "name": "アンデルセン", "detail": "bakery" }, "geometry": { "type": "Point", "coordinates": [ 139.6307065, 35.451503 ] } },
{ "type": "Feature", "properties": { "amenity_id": 839, "kind": "shop", "name": "Cafe Lexcel", "detail": "cafe" }, "geometry": { "type": "Point", "coordinates": [ 139.630575, 35.4515338 ] } },
{ "type": "Feature", "properties": { "amenity_id": 840, "kind": "shop", "name": "江戸清", "detail": "fast_food" }, "geometry": { "type": "Point", "coordinates": [ 139.645816, 35.44233 ] } },
{ "type": "Feature", "properties": { "amenity_id": 841, "kind": "shop", "name": "龍翔記", "detail": "restaurant" }, "geometry": { "type": "Point", "coordinates": [ 139.64568, 35.442119 ] } },
{ "type": "Feature", "properties": { "amenity_id": 842, "kind": "shop", "name": "三陽號", "detail": "supermarket" }, "geometry": { "type": "Point", "coordinates": [ 139.646164, 35.442368 ] } },
{ "type": "Feature", "properties": { "amenity_id": 843, "kind": "shop", "name": "愛群", "detail": "restaurant" }, "geometry": { "type": "Point", "coordinates": [ 139.646096, 35.442341 ] } },
{ "type": "Feature", "properties": { "amenity_id": 844, "kind": "shop", "name": "老北京", "detail": "restaurant" }, "geometry": { "type": "Point", "coordinates": [ 139.646046, 35.442203 ] } },
{ "type": "Feature", "properties": { "amenity_id": 845, "kind": "shop", "name": "Chai Tea Cafe", "detail": "cafe" }, "geometry": { "type": "Point", "coordinates": [ 139.647789, 35.443347 ] } },
{ "type": "Feature", "properties": { "amenity_id": 846, "kind": "shop", "name": "五福臨", "detail": "restaurant" }, "geometry": { "type": "Point", "coordinates": [ 139.647841, 35.443124 ] } },
{ "type": "Feature", "properties": { "amenity_id": 847, "kind": "shop", "name": "華香源", "detail": "restaurant" }, "geometry": { "type": "Point", "coordinates": [ 139.647858, 35.443074 ] } },
{ "type": "Feature", "properties": { "amenity_id": 848, "kind": "shop", "name": "MIYAKE", "detail": "dry_cleaning" }, "geometry": { "type": "Point", "coordinates": [ 139.647672, 35.442994 ] } },
{ "type": "Feature", "properties": { "amenity_id": 849, "kind": "shop", "name": "金龍飯店", "detail": "restaurant" }, "geometry": { "type": "Point", "coordinates": [ 139.64766, 35.443051 ] } },
{ "type": "Feature", "properties": { "amenity_id": 850, "kind": "shop", "name": "サンマルクカフェ", "detail": "cafe" }, "geometry": { "type": "Point", "coordinates": [ 139.64751, 35.443852 ] } },
{ "type": "Feature", "properties": { "amenity_id": 851, "kind": "shop", "name": "王朝", "detail": "restaurant" }, "geometry": { "type": "Point", "coordinates": [ 139.647317, 35.443866 ] } },
{ "type": "Feature", "properties": { "amenity_id": 852, "kind": "shop", "name": "重慶飯店", "detail": "restaurant" }, "geometry": { "type": "Point", "coordinates": [ 139.647011, 35.444009 ] } },
{ "type": "Feature", "properties": { "amenity_id": 853, "kind": "shop", "name": "聘珍大甘栗", "detail": "fast_food" }, "geometry": { "type": "Point", "coordinates": [ 139.648046, 35.443889 ] } },
{ "type": "Feature", "properties": { "amenity_id": 854, "kind": "shop", "name": "ALOHA SALADS CAFE", "detail": "cafe" }, "geometry": { "type": "Point", "coordinates": [ 139.630634900000018, 35.4511624 ] } },
{ "type": "Feature", "properties": { "amenity_id": 855, "kind": "shop", "name": "PRONTO", "detail": "cafe" }, "geometry": { "type": "Point", "coordinates": [ 139.6307184, 35.4510628 ] } },
{ "type": "Feature", "properties": { "amenity_id": 856, "kind": "shop", "name": "KITCHEN JO'S 横濱1978元町", "detail": "restaurant" }, "geometry": { "type": "Point", "coordinates": [ 139.6307864, 35.4509912 ] } },
{ "type": "Feature", "properties": { "amenity_id": 857, "kind": "shop", "name": "重慶茶樓", "detail": "restaurant" }, "geometry": { "type": "Point", "coordinates": [ 139.6308553, 35.450924 ] } },
{ "type": "Feature", "properties": { "amenity_id": 858, "kind": "shop", "name": "二代目 ぐるめ亭", "detail": "fast_food" }, "geometry": { "type": "Point", "coordinates": [ 139.630927, 35.4508482 ] } },
{ "type": "Feature", "properties": { "amenity_id": 859, "kind": "shop", "name": "ゆで太郎", "detail": "fast_food" }, "geometry": { "type": "Point", "coordinates": [ 139.633941100000015, 35.4443634 ] } },
{ "type": "Feature", "properties": { "amenity_id": 860, "kind": "shop", "name": "Relie", "detail": "hairdresser" }, "geometry": { "type": "Point", "coordinates": [ 139.6359373, 35.4462016 ] } },
{ "type": "Feature", "properties": { "amenity_id": 861, "kind": "shop", "name": "麺処山一", "detail": "restaurant" }, "geometry": { "type": "Point", "coordinates": [ 139.635250500000012, 35.4453535 ] } },
{ "type": "Feature", "properties": { "amenity_id": 862, "kind": "shop", "name": "北海道ラーメン 楓", "detail": "restaurant" }, "geometry": { "type": "Point", "coordinates": [ 139.62762170000002, 35.4458451 ] } },
{ "type": "Feature", "properties": { "amenity_id": 863, "kind": "shop", "name": "ファミリーマート", "detail": "convenience" }, "geometry": { "type": "Point", "coordinates": [ 139.638101300000017, 35.4512086 ] } },
{ "type": "Feature", "properties": { "amenity_id": 864, "kind": "shop", "name": "ローソン", "detail": "convenience" }, "geometry": { "type": "Point", "coordinates": [ 139.641041300000012, 35.439184 ] } },
{ "type": "Feature", "properties": { "amenity_id": 865, "kind": "shop", "name": "パブロフ", "detail": "cafe" }, "geometry": { "type": "Point", "coordinates": [ 139.64938140000001, 35.4422982 ] } },
{ "type": "Feature", "properties": { "amenity_id": 866, "kind": "shop", "name": "山東", "detail": "restaurant" }, "geometry": { "type": "Point", "coordinates": [ 139.645396200000022, 35.4437316 ] } },
{ "type": "Feature", "properties": { "amenity_id": 867, "kind": "shop", "name": "菜香", "detail": "restaurant" }, "geometry": { "type": "Point", "coordinates": [ 139.646876600000013, 35.4431221 ] } },
{ "type": "Feature", "properties": { "amenity_id": 868, "kind": "shop", "name": "悟空茶荘", "detail": "cafe" }, "geometry": { "type": "Point", "coordinates": [ 139.6455354, 35.441934 ] } },
{ "type": "Feature", "properties": { "amenity_id": 869, "kind": "shop", "name": "横北厚生館 売店", "detail": "convenience" }, "geometry": { "type": "Point", "coordinates": [ 139.6561412, 35.4458361 ] } },
{ "type": "Feature", "properties": { "amenity_id": 870, "kind": "shop", "name": "海員生協 売店", "detail": "convenience" }, "geometry": { "type": "Point", "coordinates": [ 139.657231, 35.4459803 ] } },
{ "type": "Feature", "properties": { "amenity_id": 871, "kind": "shop", "name": "波止場食堂", "detail": "restaurant" }, "geometry": { "type": "Point", "coordinates": [ 139.6576058, 35.4461274 ] } },
{ "type": "Feature", "properties": { "amenity_id": 872, "kind": "shop", "name": "餃子の王将", "detail": "restaurant" }, "geometry": { "type": "Point", "coordinates": [ 139.6426688, 35.4391929 ] } },
{ "type": "Feature", "properties": { "amenity_id": 873, "kind": "shop", "name": "ノ貫", "detail": "restaurant" }, "geometry": { "type": "Point", "coordinates": [ 139.6316817, 35.4457783 ] } },
{ "type": "Feature", "properties": { "amenity_id": 874, "kind": "shop", "name": "Sario", "detail": "restaurant" }, "geometry": { "type": "Point", "coordinates": [ 139.638211900000016, 35.4540434 ] } },
{ "type": "Feature", "properties": { "amenity_id": 875, "kind": "shop", "name": "大珍楼", "detail": "restaurant" }, "geometry": { "type": "Point", "coordinates": [ 139.6445185, 35.4430146 ] } },
{ "type": "Feature", "properties": { "amenity_id": 876, "kind": "shop", "name": "the cafe", "detail": "cafe" }, "geometry": { "type": "Point", "coordinates": [ 139.644214800000015, 35.4429996 ] } },
{ "type": "Feature", "properties": { "amenity_id": 877, "kind": "shop", "name": "福楼", "detail": "restaurant" }, "geometry": { "type": "Point", "coordinates": [ 139.6460324, 35.4426098 ] } },
{ "type": "Feature", "properties": { "amenity_id": 878, "kind": "shop", "name": "酔楼", "detail": "restaurant" }, "geometry": { "type": "Point", "coordinates": [ 139.646229, 35.443071 ] } },
{ "type": "Feature", "properties": { "amenity_id": 879, "kind": "shop", "name": "金香楼", "detail": "restaurant" }, "geometry": { "type": "Point", "coordinates": [ 139.643518, 35.443228 ] } },
{ "type": "Feature", "properties": { "amenity_id": 880, "kind": "shop", "name": "太源", "detail": "restaurant" }, "geometry": { "type": "Point", "coordinates": [ 139.6305864, 35.4432017 ] } },
{ "type": "Feature", "properties": { "amenity_id": 881, "kind": "shop", "name": "海望", "detail": "fast_food" }, "geometry": { "type": "Point", "coordinates": [ 139.662581900000021, 35.429328 ] } },
{ "type": "Feature", "properties": { "amenity_id": 882, "kind": "shop", "name": null, "detail": "restaurant" }, "geometry": { "type": "Point", "coordinates": [ 139.642401, 35.4547436 ] } },
{ "type": "Feature", "properties": { "amenity_id": 883, "kind": "shop", "name": null, "detail": "restaurant" }, "geometry": { "type": "Point", "coordinates": [ 139.6423178, 35.4547975 ] } },
{ "type": "Feature", "properties": { "amenity_id": 884, "kind": "shop", "name": null, "detail": "bar" }, "geometry": { "type": "Point", "coordinates": [ 139.642306900000023, 35.4525009 ] } },
{ "type": "Feature", "properties": { "amenity_id": 885, "kind": "shop", "name": "スターバックス", "detail": "cafe" }, "geometry": { "type": "Point", "coordinates": [ 139.63795380000002, 35.4547067 ] } },
{ "type": "Feature", "properties": { "amenity_id": 886, "kind": "shop", "name": "Kawara cafe&dining", "detail": "cafe" }, "geometry": { "type": "Point", "coordinates": [ 139.6379001, 35.4546247 ] } },
{ "type": "Feature", "properties": { "amenity_id": 887, "kind": "shop", "name": null, "detail": "cafe" }, "geometry": { "type": "Point", "coordinates": [ 139.64582710000002, 35.4391398 ] } },
{ "type": "Feature", "properties": { "amenity_id": 888, "kind": "shop", "name": "ロジェール", "detail": "cafe" }, "geometry": { "type": "Point", "coordinates": [ 139.64696170000002, 35.4397897 ] } },
{ "type": "Feature", "properties": { "amenity_id": 889, "kind": "shop", "name": null, "detail": "clothes" }, "geometry": { "type": "Point", "coordinates": [ 139.647119800000013, 35.4398763 ] } },
{ "type": "Feature", "properties": { "amenity_id": 890, "kind": "shop", "name": "横濱元町 霧笛楼 カフェ・ネクストドア", "detail": "cafe" }, "geometry": { "type": "Point", "coordinates": [ 139.6490345, 35.4402447 ] } },
{ "type": "Feature", "properties": { "amenity_id": 891, "kind": "shop", "name": null, "detail": "cafe" }, "geometry": { "type": "Point", "coordinates": [ 139.6496464, 35.4405231 ] } },
{ "type": "Feature", "properties": { "amenity_id": 892, "kind": "shop", "name": null, "detail": "restaurant" }, "geometry": { "type": "Point", "coordinates": [ 139.6497262, 35.4407867 ] } },
{ "type": "Feature", "properties": { "amenity_id": 893, "kind": "shop", "name": null, "detail": "cafe" }, "geometry": { "type": "Point", "coordinates": [ 139.648176300000017, 35.4417415 ] } },
{ "type": "Feature", "properties": { "amenity_id": 894, "kind": "shop", "name": null, "detail": "clothes" }, "geometry": { "type": "Point", "coordinates": [ 139.6457876, 35.4392771 ] } },
{ "type": "Feature", "properties": { "amenity_id": 895, "kind": "shop", "name": "ポンパドウル", "detail": "bakery" }, "geometry": { "type": "Point", "coordinates": [ 139.6467686, 35.4395664 ] } },
{ "type": "Feature", "properties": { "amenity_id": 896, "kind": "shop", "name": null, "detail": "cafe" }, "geometry": { "type": "Point", "coordinates": [ 139.648381, 35.4403716 ] } },
{ "type": "Feature", "properties": { "amenity_id": 897, "kind": "shop", "name": null, "detail": "cafe" }, "geometry": { "type": "Point", "coordinates": [ 139.653492600000021, 35.4395774 ] } },
{ "type": "Feature", "properties": { "amenity_id": 898, "kind": "shop", "name": null, "detail": "cafe" }, "geometry": { "type": "Point", "coordinates": [ 139.6486419, 35.4419309 ] } },
{ "type": "Feature", "properties": { "amenity_id": 899, "kind": "shop", "name": "焼肉カーニバル", "detail": "restaurant" }, "geometry": { "type": "Point", "coordinates": [ 139.6379523, 35.4488233 ] } },
{ "type": "Feature", "properties": { "amenity_id": 900, "kind": "shop", "name": "景徳鎮", "detail": "fast_food" }, "geometry": { "type": "Point", "coordinates": [ 139.646374300000019, 35.4427419 ] } },
{ "type": "Feature", "properties": { "amenity_id": 901, "kind": "shop", "name": "景徳鎮 別館", "detail": "fast_food" }, "geometry": { "type": "Point", "coordinates": [ 139.6465552, 35.4427055 ] } },
{ "type": "Feature", "properties": { "amenity_id": 902, "kind": "shop", "name": "Pie Holic", "detail": "restaurant" }, "geometry": { "type": "Point", "coordinates": [ 139.6416834, 35.4548759 ] } },
{ "type": "Feature", "properties": { "amenity_id": 903, "kind": "shop", "name": "& Swell", "detail": "cafe" }, "geometry": { "type": "Point", "coordinates": [ 139.642510900000019, 35.4544488 ] } },
{ "type": "Feature", "properties": { "amenity_id": 904, "kind": "shop", "name": "スターバックス", "detail": "cafe" }, "geometry": { "type": "Point", "coordinates": [ 139.6355528, 35.4467962 ] } },
{ "type": "Feature", "properties": { "amenity_id": 905, "kind": "shop", "name": "ファミリーマート", "detail": "convenience" }, "geometry": { "type": "Point", "coordinates": [ 139.635605, 35.4468711 ] } },
{ "type": "Feature", "properties": { "amenity_id": 906, "kind": "shop", "name": "ローソン", "detail": "convenience" }, "geometry": { "type": "Point", "coordinates": [ 139.635908600000022, 35.4455314 ] } },
{ "type": "Feature", "properties": { "amenity_id": 907, "kind": "shop", "name": "ガスト", "detail": "restaurant" }, "geometry": { "type": "Point", "coordinates": [ 139.635885200000018, 35.4455477 ] } },
{ "type": "Feature", "properties": { "amenity_id": 908, "kind": "shop", "name": "カフェ・ド・クリエ", "detail": "cafe" }, "geometry": { "type": "Point", "coordinates": [ 139.6346087, 35.4461392 ] } },
{ "type": "Feature", "properties": { "amenity_id": 909, "kind": "shop", "name": "セブン-イレブン", "detail": "convenience" }, "geometry": { "type": "Point", "coordinates": [ 139.6349922, 35.4457895 ] } },
{ "type": "Feature", "properties": { "amenity_id": 910, "kind": "shop", "name": "焼肉ライク", "detail": "restaurant" }, "geometry": { "type": "Point", "coordinates": [ 139.634804800000012, 35.4456081 ] } },
{ "type": "Feature", "properties": { "amenity_id": 911, "kind": "shop", "name": "セブン-イレブン", "detail": "convenience" }, "geometry": { "type": "Point", "coordinates": [ 139.6483393, 35.4313536 ] } },
{ "type": "Feature", "properties": { "amenity_id": 912, "kind": "shop", "name": "ﾍﾟｯﾊﾟｰﾗﾝﾁ", "detail": "restaurant" }, "geometry": { "type": "Point", "coordinates": [ 139.6480823, 35.441327 ] } },
{ "type": "Feature", "properties": { "amenity_id": 913, "kind": "shop", "name": "ローソン", "detail": "convenience" }, "geometry": { "type": "Point", "coordinates": [ 139.6656767, 35.4254696 ] } },
{ "type": "Feature", "properties": { "amenity_id": 914, "kind": "shop", "name": "エル", "detail": "hairdresser" }, "geometry": { "type": "Point", "coordinates": [ 139.664129700000018, 35.41945 ] } },
{ "type": "Feature", "properties": { "amenity_id": 915, "kind": "shop", "name": "ケンタッキーフライドチキン", "detail": "fast_food" }, "geometry": { "type": "Point", "coordinates": [ 139.6657748, 35.4237112 ] } },
{ "type": "Feature", "properties": { "amenity_id": 916, "kind": "shop", "name": "白洋舎クリーニング", "detail": "dry_cleaning" }, "geometry": { "type": "Point", "coordinates": [ 139.664062200000018, 35.4197027 ] } },
{ "type": "Feature", "properties": { "amenity_id": 917, "kind": "shop", "name": "ジョナサン", "detail": "restaurant" }, "geometry": { "type": "Point", "coordinates": [ 139.663866900000016, 35.4288838 ] } },
{ "type": "Feature", "properties": { "amenity_id": 918, "kind": "shop", "name": "うるうるま", "detail": "restaurant" }, "geometry": { "type": "Point", "coordinates": [ 139.6554811, 35.4418705 ] } },
{ "type": "Feature", "properties": { "amenity_id": 919, "kind": "shop", "name": "キャラバンコーヒースタンド", "detail": "cafe" }, "geometry": { "type": "Point", "coordinates": [ 139.6503568, 35.4422537 ] } },
{ "type": "Feature", "properties": { "amenity_id": 920, "kind": "shop", "name": "SUNNY", "detail": "laundry" }, "geometry": { "type": "Point", "coordinates": [ 139.645167900000018, 35.4400014 ] } },
{ "type": "Feature", "properties": { "amenity_id": 921, "kind": "shop", "name": "荒井屋", "detail": "restaurant" }, "geometry": { "type": "Point", "coordinates": [ 139.629490200000021, 35.44145 ] } },
{ "type": "Feature", "properties": { "amenity_id": 922, "kind": "shop", "name": "好記園", "detail": "restaurant" }, "geometry": { "type": "Point", "coordinates": [ 139.648160600000011, 35.441794 ] } },
{ "type": "Feature", "properties": { "amenity_id": 923, "kind": "shop", "name": "ひしわ", "detail": "restaurant" }, "geometry": { "type": "Point", "coordinates": [ 139.6356232, 35.4486271 ] } },
{ "type": "Feature", "properties": { "amenity_id": 924, "kind": "shop", "name": "Charcoal Grill green", "detail": "restaurant" }, "geometry": { "type": "Point", "coordinates": [ 139.6445483, 35.438725 ] } },
{ "type": "Feature", "properties": { "amenity_id": 925, "kind": "shop", "name": "Columbus Okonomiyaki", "detail": "restaurant" }, "geometry": { "type": "Point", "coordinates": [ 139.6414973, 35.4398665 ] } },
{ "type": "Feature", "properties": { "amenity_id": 926, "kind": "shop", "name": "ダルパン", "detail": "restaurant" }, "geometry": { "type": "Point", "coordinates": [ 139.655799, 35.4205555 ] } },
{ "type": "Feature", "properties": { "amenity_id": 927, "kind": "shop", "name": "百鶴樓", "detail": "restaurant" }, "geometry": { "type": "Point", "coordinates": [ 139.668266500000016, 35.4306415 ] } },
{ "type": "Feature", "properties": { "amenity_id": 928, "kind": "shop", "name": "ラーメン大将錦町店", "detail": "restaurant" }, "geometry": { "type": "Point", "coordinates": [ 139.668187, 35.4305445 ] } },
{ "type": "Feature", "properties": { "amenity_id": 929, "kind": "shop", "name": "ナポリタン食堂パンチ本牧埠頭店", "detail": "restaurant" }, "geometry": { "type": "Point", "coordinates": [ 139.668713700000012, 35.4312237 ] } },
{ "type": "Feature", "properties": { "amenity_id": 930, "kind": "shop", "name": "中国料理 奇珍", "detail": "restaurant" }, "geometry": { "type": "Point", "coordinates": [ 139.6474317, 35.4333281 ] } },
{ "type": "Feature", "properties": { "amenity_id": 931, "kind": "shop", "name": "井上商店", "detail": "bakery" }, "geometry": { "type": "Point", "coordinates": [ 139.654198, 35.4205503 ] } },
{ "type": "Feature", "properties": { "amenity_id": 932, "kind": "shop", "name": "とんかついこい", "detail": "restaurant" }, "geometry": { "type": "Point", "coordinates": [ 139.6604208, 35.4372823 ] } },
{ "type": "Feature", "properties": { "amenity_id": 933, "kind": "shop", "name": "PIZZA PAZZA", "detail": "restaurant" }, "geometry": { "type": "Point", "coordinates": [ 139.659438, 35.4371636 ] } },
{ "type": "Feature", "properties": { "amenity_id": 934, "kind": "shop", "name": "いなせ寿司", "detail": "restaurant" }, "geometry": { "type": "Point", "coordinates": [ 139.654939800000022, 35.4325359 ] } },
{ "type": "Feature", "properties": { "amenity_id": 935, "kind": "shop", "name": "橋亭", "detail": "fast_food" }, "geometry": { "type": "Point", "coordinates": [ 139.6572212, 35.4315677 ] } },
{ "type": "Feature", "properties": { "amenity_id": 936, "kind": "shop", "name": "天一景", "detail": "restaurant" }, "geometry": { "type": "Point", "coordinates": [ 139.661407200000014, 35.4302793 ] } },
{ "type": "Feature", "properties": { "amenity_id": 937, "kind": "shop", "name": "北欧", "detail": "restaurant" }, "geometry": { "type": "Point", "coordinates": [ 139.6461433, 35.4280851 ] } },
{ "type": "Feature", "properties": { "amenity_id": 938, "kind": "shop", "name": "伊勢福支店", "detail": "restaurant" }, "geometry": { "type": "Point", "coordinates": [ 139.6467366, 35.4290518 ] } },
{ "type": "Feature", "properties": { "amenity_id": 939, "kind": "shop", "name": "元祖ニュータンタンメン本舗根岸店", "detail": "restaurant" }, "geometry": { "type": "Point", "coordinates": [ 139.6398657, 35.4181399 ] } },
{ "type": "Feature", "properties": { "amenity_id": 940, "kind": "shop", "name": "やまて食堂", "detail": "restaurant" }, "geometry": { "type": "Point", "coordinates": [ 139.646648100000021, 35.4289174 ] } },
{ "type": "Feature", "properties": { "amenity_id": 941, "kind": "shop", "name": "日の出らーめん", "detail": "restaurant" }, "geometry": { "type": "Point", "coordinates": [ 139.628101, 35.447176 ] } },
{ "type": "Feature", "properties": { "amenity_id": 942, "kind": "shop", "name": "日本そば 東京庵", "detail": "restaurant" }, "geometry": { "type": "Point", "coordinates": [ 139.6295604, 35.4476488 ] } },
{ "type": "Feature", "properties": { "amenity_id": 943, "kind": "shop", "name": "清香楼", "detail": "restaurant" }, "geometry": { "type": "Point", "coordinates": [ 139.629798100000016, 35.4475682 ] } },
{ "type": "Feature", "properties": { "amenity_id": 944, "kind": "shop", "name": "清香楼", "detail": "restaurant" }, "geometry": { "type": "Point", "coordinates": [ 139.6313666, 35.4449788 ] } },
{ "type": "Feature", "properties": { "amenity_id": 945, "kind": "shop", "name": "ブラフベーカリー", "detail": "bakery" }, "geometry": { "type": "Point", "coordinates": [ 139.640856900000017, 35.4479854 ] } },
{ "type": "Feature", "properties": { "amenity_id": 946, "kind": "shop", "name": "アルペンジロー", "detail": "restaurant" }, "geometry": { "type": "Point", "coordinates": [ 139.628639100000015, 35.4395764 ] } },
{ "type": "Feature", "properties": { "amenity_id": 947, "kind": "shop", "name": "三幸苑", "detail": "restaurant" }, "geometry": { "type": "Point", "coordinates": [ 139.6280628, 35.4480416 ] } },
{ "type": "Feature", "properties": { "amenity_id": 948, "kind": "shop", "name": "キムラヤベーカリー", "detail": "bakery" }, "geometry": { "type": "Point", "coordinates": [ 139.631074900000016, 35.4482594 ] } },
{ "type": "Feature", "properties": { "amenity_id": 949, "kind": "shop", "name": "イタリーノ", "detail": "restaurant" }, "geometry": { "type": "Point", "coordinates": [ 139.631081100000017, 35.4452705 ] } },
{ "type": "Feature", "properties": { "amenity_id": 950, "kind": "shop", "name": "味のとんかつ 丸和", "detail": "restaurant" }, "geometry": { "type": "Point", "coordinates": [ 139.635316, 35.447828 ] } },
{ "type": "Feature", "properties": { "amenity_id": 951, "kind": "shop", "name": "とんかつ馬車道さくら 本店", "detail": "restaurant" }, "geometry": { "type": "Point", "coordinates": [ 139.636129900000014, 35.4479075 ] } },
{ "type": "Feature", "properties": { "amenity_id": 952, "kind": "shop", "name": "天下一品", "detail": "restaurant" }, "geometry": { "type": "Point", "coordinates": [ 139.63613220000002, 35.4454664 ] } },
{ "type": "Feature", "properties": { "amenity_id": 953, "kind": "shop", "name": "龍鳳酒家", "detail": "restaurant" }, "geometry": { "type": "Point", "coordinates": [ 139.644967400000013, 35.4435241 ] } },
{ "type": "Feature", "properties": { "amenity_id": 954, "kind": "shop", "name": "ちまき屋", "detail": "fast_food" }, "geometry": { "type": "Point", "coordinates": [ 139.647177700000015, 35.4430291 ] } },
{ "type": "Feature", "properties": { "amenity_id": 955, "kind": "shop", "name": "東林", "detail": "restaurant" }, "geometry": { "type": "Point", "coordinates": [ 139.64393290000001, 35.4420171 ] } },
{ "type": "Feature", "properties": { "amenity_id": 956, "kind": "shop", "name": "おさ亭", "detail": "restaurant" }, "geometry": { "type": "Point", "coordinates": [ 139.6486587, 35.4428317 ] } },
{ "type": "Feature", "properties": { "amenity_id": 957, "kind": "shop", "name": "南粤美食", "detail": "restaurant" }, "geometry": { "type": "Point", "coordinates": [ 139.6469337, 35.4437474 ] } },
{ "type": "Feature", "properties": { "amenity_id": 958, "kind": "shop", "name": "長崎ちゃんぽん 長崎屋", "detail": "restaurant" }, "geometry": { "type": "Point", "coordinates": [ 139.64688270000002, 35.4437128 ] } },
{ "type": "Feature", "properties": { "amenity_id": 959, "kind": "shop", "name": "慶華飯店", "detail": "restaurant" }, "geometry": { "type": "Point", "coordinates": [ 139.645350300000018, 35.443734 ] } },
{ "type": "Feature", "properties": { "amenity_id": 960, "kind": "shop", "name": "荔香尊本店", "detail": "restaurant" }, "geometry": { "type": "Point", "coordinates": [ 139.644986100000011, 35.443465 ] } },
{ "type": "Feature", "properties": { "amenity_id": 961, "kind": "shop", "name": "萬来亭", "detail": "restaurant" }, "geometry": { "type": "Point", "coordinates": [ 139.646724400000011, 35.4414421 ] } },
{ "type": "Feature", "properties": { "amenity_id": 962, "kind": "shop", "name": "東光飯店 本館", "detail": "restaurant" }, "geometry": { "type": "Point", "coordinates": [ 139.6436181, 35.443156 ] } },
{ "type": "Feature", "properties": { "amenity_id": 963, "kind": "shop", "name": "デュヴァン ハッシシ", "detail": "restaurant" }, "geometry": { "type": "Point", "coordinates": [ 139.643185500000016, 35.4427998 ] } },
{ "type": "Feature", "properties": { "amenity_id": 964, "kind": "shop", "name": "中華菜館 同發 本館", "detail": "restaurant" }, "geometry": { "type": "Point", "coordinates": [ 139.6460506, 35.4433626 ] } },
{ "type": "Feature", "properties": { "amenity_id": 965, "kind": "shop", "name": "山東 1号店", "detail": "restaurant" }, "geometry": { "type": "Point", "coordinates": [ 139.645461, 35.4435435 ] } },
{ "type": "Feature", "properties": { "amenity_id": 966, "kind": "shop", "name": "安記", "detail": "restaurant" }, "geometry": { "type": "Point", "coordinates": [ 139.645604600000013, 35.4431295 ] } },
{ "type": "Feature", "properties": { "amenity_id": 967, "kind": "shop", "name": "謝甜記 弐号店", "detail": "restaurant" }, "geometry": { "type": "Point", "coordinates": [ 139.6469777, 35.4427163 ] } },
{ "type": "Feature", "properties": { "amenity_id": 968, "kind": "shop", "name": "海員閣", "detail": "restaurant" }, "geometry": { "type": "Point", "coordinates": [ 139.6457384, 35.4430394 ] } },
{ "type": "Feature", "properties": { "amenity_id": 969, "kind": "shop", "name": "中華菜館 同發 別館", "detail": "restaurant" }, "geometry": { "type": "Point", "coordinates": [ 139.6457933, 35.4433224 ] } },
{ "type": "Feature", "properties": { "amenity_id": 970, "kind": "shop", "name": "慶福楼 市場通り店", "detail": "restaurant" }, "geometry": { "type": "Point", "coordinates": [ 139.64634940000002, 35.4427613 ] } },
{ "type": "Feature", "properties": { "amenity_id": 971, "kind": "shop", "name": "香港雲呑専門店 賢記", "detail": "restaurant" }, "geometry": { "type": "Point", "coordinates": [ 139.638302400000015, 35.4468402 ] } },
{ "type": "Feature", "properties": { "amenity_id": 972, "kind": "shop", "name": "王府井 本店", "detail": "fast_food" }, "geometry": { "type": "Point", "coordinates": [ 139.646452300000021, 35.4434337 ] } },
{ "type": "Feature", "properties": { "amenity_id": 973, "kind": "shop", "name": "謝朋酒楼", "detail": "restaurant" }, "geometry": { "type": "Point", "coordinates": [ 139.6472077, 35.4425088 ] } },
{ "type": "Feature", "properties": { "amenity_id": 974, "kind": "shop", "name": "獅門酒楼", "detail": "restaurant" }, "geometry": { "type": "Point", "coordinates": [ 139.645142, 35.4428632 ] } },
{ "type": "Feature", "properties": { "amenity_id": 975, "kind": "shop", "name": "清風楼", "detail": "restaurant" }, "geometry": { "type": "Point", "coordinates": [ 139.6465139, 35.442411 ] } },
{ "type": "Feature", "properties": { "amenity_id": 976, "kind": "shop", "name": "謝甜記", "detail": "restaurant" }, "geometry": { "type": "Point", "coordinates": [ 139.64689820000001, 35.4436413 ] } },
{ "type": "Feature", "properties": { "amenity_id": 977, "kind": "shop", "name": "保昌", "detail": "restaurant" }, "geometry": { "type": "Point", "coordinates": [ 139.645749600000016, 35.4426126 ] } },
{ "type": "Feature", "properties": { "amenity_id": 978, "kind": "shop", "name": "秀味園", "detail": "restaurant" }, "geometry": { "type": "Point", "coordinates": [ 139.646847900000012, 35.4423324 ] } },
{ "type": "Feature", "properties": { "amenity_id": 979, "kind": "shop", "name": "三和楼", "detail": "restaurant" }, "geometry": { "type": "Point", "coordinates": [ 139.6466507, 35.4424303 ] } },
{ "type": "Feature", "properties": { "amenity_id": 980, "kind": "shop", "name": "四五六菜館 本館", "detail": "restaurant" }, "geometry": { "type": "Point", "coordinates": [ 139.64635340000001, 35.4428024 ] } },
{ "type": "Feature", "properties": { "amenity_id": 981, "kind": "shop", "name": "広東料理 吉兆", "detail": "restaurant" }, "geometry": { "type": "Point", "coordinates": [ 139.6460841, 35.4436888 ] } },
{ "type": "Feature", "properties": { "amenity_id": 982, "kind": "shop", "name": "海南飯店", "detail": "restaurant" }, "geometry": { "type": "Point", "coordinates": [ 139.6452309, 35.4431983 ] } },
{ "type": "Feature", "properties": { "amenity_id": 983, "kind": "shop", "name": "楽園", "detail": "restaurant" }, "geometry": { "type": "Point", "coordinates": [ 139.6441704, 35.4431778 ] } },
{ "type": "Feature", "properties": { "amenity_id": 984, "kind": "shop", "name": "一楽", "detail": "restaurant" }, "geometry": { "type": "Point", "coordinates": [ 139.6455118, 35.4434148 ] } },
{ "type": "Feature", "properties": { "amenity_id": 985, "kind": "shop", "name": "北京烤鴨店 中華街店", "detail": "restaurant" }, "geometry": { "type": "Point", "coordinates": [ 139.6464406, 35.4429566 ] } },
{ "type": "Feature", "properties": { "amenity_id": 986, "kind": "shop", "name": "東北人家", "detail": "restaurant" }, "geometry": { "type": "Point", "coordinates": [ 139.6434561, 35.442511 ] } },
{ "type": "Feature", "properties": { "amenity_id": 987, "kind": "shop", "name": "大連餃子基地ダリアン 中華街店", "detail": "restaurant" }, "geometry": { "type": "Point", "coordinates": [ 139.645986100000016, 35.443356 ] } },
{ "type": "Feature", "properties": { "amenity_id": 988, "kind": "shop", "name": "皇朝点心補 大通り店", "detail": "fast_food" }, "geometry": { "type": "Point", "coordinates": [ 139.644240100000019, 35.4431717 ] } },
{ "type": "Feature", "properties": { "amenity_id": 989, "kind": "shop", "name": "福満円 別館", "detail": "restaurant" }, "geometry": { "type": "Point", "coordinates": [ 139.6462085, 35.442823 ] } },
{ "type": "Feature", "properties": { "amenity_id": 990, "kind": "shop", "name": "青葉 新館", "detail": "restaurant" }, "geometry": { "type": "Point", "coordinates": [ 139.648190100000022, 35.4428823 ] } },
{ "type": "Feature", "properties": { "amenity_id": 991, "kind": "shop", "name": "牡丹園", "detail": "restaurant" }, "geometry": { "type": "Point", "coordinates": [ 139.645808500000015, 35.4427696 ] } },
{ "type": "Feature", "properties": { "amenity_id": 992, "kind": "shop", "name": "マーブル", "detail": "cafe" }, "geometry": { "type": "Point", "coordinates": [ 139.6386606, 35.449897 ] } },
{ "type": "Feature", "properties": { "amenity_id": 993, "kind": "shop", "name": "キャビン", "detail": "restaurant" }, "geometry": { "type": "Point", "coordinates": [ 139.640826700000019, 35.4452995 ] } },
{ "type": "Feature", "properties": { "amenity_id": 994, "kind": "shop", "name": "どん八 山下町店", "detail": "restaurant" }, "geometry": { "type": "Point", "coordinates": [ 139.645779800000014, 35.4469966 ] } },
{ "type": "Feature", "properties": { "amenity_id": 995, "kind": "shop", "name": "中屋", "detail": "restaurant" }, "geometry": { "type": "Point", "coordinates": [ 139.6385454, 35.4475506 ] } },
{ "type": "Feature", "properties": { "amenity_id": 996, "kind": "shop", "name": "はまや", "detail": "restaurant" }, "geometry": { "type": "Point", "coordinates": [ 139.6353396, 35.4486635 ] } },
{ "type": "Feature", "properties": { "amenity_id": 997, "kind": "shop", "name": "梅の木 山下町店", "detail": "restaurant" }, "geometry": { "type": "Point", "coordinates": [ 139.645731800000021, 35.4469179 ] } },
{ "type": "Feature", "properties": { "amenity_id": 998, "kind": "shop", "name": "天ぷら 豊野", "detail": "fast_food" }, "geometry": { "type": "Point", "coordinates": [ 139.629091400000021, 35.441846 ] } },
{ "type": "Feature", "properties": { "amenity_id": 999, "kind": "shop", "name": "興華菜館", "detail": "restaurant" }, "geometry": { "type": "Point", "coordinates": [ 139.6546817, 35.4425655 ] } },
{ "type": "Feature", "properties": { "amenity_id": 1000, "kind": "shop", "name": "カフェエリオットアヴェニュー", "detail": "cafe" }, "geometry": { "type": "Point", "coordinates": [ 139.652179100000012, 35.4433773 ] } },
{ "type": "Feature", "properties": { "amenity_id": 1001, "kind": "shop", "name": "フィッシャーマンズワーフ", "detail": "restaurant" }, "geometry": { "type": "Point", "coordinates": [ 139.6507033, 35.441352 ] } },
{ "type": "Feature", "properties": { "amenity_id": 1002, "kind": "shop", "name": "下前商店", "detail": "restaurant" }, "geometry": { "type": "Point", "coordinates": [ 139.650944800000019, 35.4404423 ] } },
{ "type": "Feature", "properties": { "amenity_id": 1003, "kind": "shop", "name": "昭和ベーカリー", "detail": "bakery" }, "geometry": { "type": "Point", "coordinates": [ 139.6496176, 35.4406961 ] } },
{ "type": "Feature", "properties": { "amenity_id": 1004, "kind": "shop", "name": "ラマイ 横浜伊勢佐木モール店", "detail": "restaurant" }, "geometry": { "type": "Point", "coordinates": [ 139.6324955, 35.4440573 ] } },
{ "type": "Feature", "properties": { "amenity_id": 1005, "kind": "shop", "name": "カレーハウス・キッチンY", "detail": "restaurant" }, "geometry": { "type": "Point", "coordinates": [ 139.629066500000022, 35.4404929 ] } },
{ "type": "Feature", "properties": { "amenity_id": 1006, "kind": "shop", "name": "地球の中華そば", "detail": "restaurant" }, "geometry": { "type": "Point", "coordinates": [ 139.635568, 35.4387705 ] } },
{ "type": "Feature", "properties": { "amenity_id": 1007, "kind": "shop", "name": "横濱家系ラーメン 勝鬨家", "detail": "restaurant" }, "geometry": { "type": "Point", "coordinates": [ 139.6356369, 35.4387834 ] } },
{ "type": "Feature", "properties": { "amenity_id": 1008, "kind": "shop", "name": "みずき", "detail": "restaurant" }, "geometry": { "type": "Point", "coordinates": [ 139.631538300000017, 35.4408194 ] } },
{ "type": "Feature", "properties": { "amenity_id": 1009, "kind": "shop", "name": "唐桃軒", "detail": "restaurant" }, "geometry": { "type": "Point", "coordinates": [ 139.6358246, 35.4449666 ] } },
{ "type": "Feature", "properties": { "amenity_id": 1010, "kind": "shop", "name": "ハマのオヤジ", "detail": "restaurant" }, "geometry": { "type": "Point", "coordinates": [ 139.632900400000011, 35.4369132 ] } },
{ "type": "Feature", "properties": { "amenity_id": 1011, "kind": "shop", "name": "ALLEY’S", "detail": "bar" }, "geometry": { "type": "Point", "coordinates": [ 139.639914800000014, 35.4459546 ] } },
{ "type": "Feature", "properties": { "amenity_id": 1012, "kind": "shop", "name": "バーグ 弥生町店", "detail": "restaurant" }, "geometry": { "type": "Point", "coordinates": [ 139.6299591, 35.4402365 ] } },
{ "type": "Feature", "properties": { "amenity_id": 1013, "kind": "shop", "name": "中華蕎麦 時雨", "detail": "restaurant" }, "geometry": { "type": "Point", "coordinates": [ 139.635201100000018, 35.4415003 ] } },
{ "type": "Feature", "properties": { "amenity_id": 1014, "kind": "shop", "name": "玉泉亭", "detail": "restaurant" }, "geometry": { "type": "Point", "coordinates": [ 139.628148, 35.4406939 ] } },
{ "type": "Feature", "properties": { "amenity_id": 1015, "kind": "shop", "name": "北海道ラーメン 来々軒 本店", "detail": "restaurant" }, "geometry": { "type": "Point", "coordinates": [ 139.6332447, 35.4441798 ] } },
{ "type": "Feature", "properties": { "amenity_id": 1016, "kind": "shop", "name": "すゞ家", "detail": "restaurant" }, "geometry": { "type": "Point", "coordinates": [ 139.626887400000015, 35.4406581 ] } },
{ "type": "Feature", "properties": { "amenity_id": 1017, "kind": "shop", "name": "守茂 本店", "detail": "restaurant" }, "geometry": { "type": "Point", "coordinates": [ 139.627497200000022, 35.4393364 ] } },
{ "type": "Feature", "properties": { "amenity_id": 1018, "kind": "shop", "name": "千屋", "detail": "bar" }, "geometry": { "type": "Point", "coordinates": [ 139.6274663, 35.439888 ] } },
{ "type": "Feature", "properties": { "amenity_id": 1019, "kind": "shop", "name": "揚屋 鈴", "detail": "bar" }, "geometry": { "type": "Point", "coordinates": [ 139.62760590000002, 35.4410637 ] } },
{ "type": "Feature", "properties": { "amenity_id": 1020, "kind": "shop", "name": "おでんの", "detail": "bar" }, "geometry": { "type": "Point", "coordinates": [ 139.626903200000015, 35.4407269 ] } },
{ "type": "Feature", "properties": { "amenity_id": 1021, "kind": "shop", "name": "羊の大群", "detail": "restaurant" }, "geometry": { "type": "Point", "coordinates": [ 139.629142300000012, 35.4403522 ] } },
{ "type": "Feature", "properties": { "amenity_id": 1022, "kind": "shop", "name": "シベール", "detail": "restaurant" }, "geometry": { "type": "Point", "coordinates": [ 139.6297146, 35.4465111 ] } },
{ "type": "Feature", "properties": { "amenity_id": 1023, "kind": "shop", "name": "グリル エス", "detail": "restaurant" }, "geometry": { "type": "Point", "coordinates": [ 139.63554640000001, 35.4482641 ] } },
{ "type": "Feature", "properties": { "amenity_id": 1024, "kind": "shop", "name": "天婦羅 あぶら屋", "detail": "restaurant" }, "geometry": { "type": "Point", "coordinates": [ 139.6296888, 35.4498829 ] } },
{ "type": "Feature", "properties": { "amenity_id": 1025, "kind": "shop", "name": "コティベーカリー", "detail": "bakery" }, "geometry": { "type": "Point", "coordinates": [ 139.62970820000001, 35.4498303 ] } },
{ "type": "Feature", "properties": { "amenity_id": 1026, "kind": "shop", "name": "ル・ブーケガルニ", "detail": "restaurant" }, "geometry": { "type": "Point", "coordinates": [ 139.640949400000011, 35.4481198 ] } },
{ "type": "Feature", "properties": { "amenity_id": 1027, "kind": "shop", "name": "グリル ラクレット", "detail": "restaurant" }, "geometry": { "type": "Point", "coordinates": [ 139.629310700000019, 35.4502822 ] } },
{ "type": "Feature", "properties": { "amenity_id": 1028, "kind": "shop", "name": "オブスキュール", "detail": "restaurant" }, "geometry": { "type": "Point", "coordinates": [ 139.628998100000018, 35.4478538 ] } },
{ "type": "Feature", "properties": { "amenity_id": 1029, "kind": "shop", "name": "日高屋", "detail": "fast_food" }, "geometry": { "type": "Point", "coordinates": [ 139.644739, 35.4388237 ] } },
{ "type": "Feature", "properties": { "amenity_id": 1030, "kind": "shop", "name": "グリーン 石川町店", "detail": "restaurant" }, "geometry": { "type": "Point", "coordinates": [ 139.6445396, 35.4387453 ] } },
{ "type": "Feature", "properties": { "amenity_id": 1031, "kind": "shop", "name": "喜多方ラーメン坂内 石川町店", "detail": "restaurant" }, "geometry": { "type": "Point", "coordinates": [ 139.64437860000001, 35.4386742 ] } },
{ "type": "Feature", "properties": { "amenity_id": 1032, "kind": "shop", "name": "八十八 石川町店", "detail": "restaurant" }, "geometry": { "type": "Point", "coordinates": [ 139.64422780000001, 35.4386224 ] } },
{ "type": "Feature", "properties": { "amenity_id": 1033, "kind": "shop", "name": "サンヨーG&Bアウトレット元町店", "detail": "clothes" }, "geometry": { "type": "Point", "coordinates": [ 139.644463200000018, 35.4385328 ] } },
{ "type": "Feature", "properties": { "amenity_id": 1034, "kind": "shop", "name": "鴻", "detail": "restaurant" }, "geometry": { "type": "Point", "coordinates": [ 139.644602600000013, 35.4383735 ] } },
{ "type": "Feature", "properties": { "amenity_id": 1035, "kind": "shop", "name": "そば処 木の芽", "detail": "restaurant" }, "geometry": { "type": "Point", "coordinates": [ 139.644303400000013, 35.4385189 ] } },
{ "type": "Feature", "properties": { "amenity_id": 1036, "kind": "shop", "name": "洋風レストランソレイユ", "detail": "restaurant" }, "geometry": { "type": "Point", "coordinates": [ 139.6444399, 35.4383457 ] } },
{ "type": "Feature", "properties": { "amenity_id": 1037, "kind": "shop", "name": "ひょうたん 石川町店", "detail": "restaurant" }, "geometry": { "type": "Point", "coordinates": [ 139.644809400000014, 35.4384576 ] } },
{ "type": "Feature", "properties": { "amenity_id": 1038, "kind": "shop", "name": "だんまや水産 横浜元町店", "detail": "bar" }, "geometry": { "type": "Point", "coordinates": [ 139.644946300000015, 35.4387367 ] } },
{ "type": "Feature", "properties": { "amenity_id": 1039, "kind": "shop", "name": "みずむら 肉屋の肉料理 石川町横浜元町", "detail": "restaurant" }, "geometry": { "type": "Point", "coordinates": [ 139.644853300000023, 35.4385048 ] } },
{ "type": "Feature", "properties": { "amenity_id": 1040, "kind": "shop", "name": "チャポーラ", "detail": "restaurant" }, "geometry": { "type": "Point", "coordinates": [ 139.6451975, 35.4385906 ] } },
{ "type": "Feature", "properties": { "amenity_id": 1041, "kind": "shop", "name": "045ピザマイロ", "detail": "fast_food" }, "geometry": { "type": "Point", "coordinates": [ 139.645443300000011, 35.438344 ] } },
{ "type": "Feature", "properties": { "amenity_id": 1042, "kind": "shop", "name": "ブラッスリー アルティザン", "detail": "restaurant" }, "geometry": { "type": "Point", "coordinates": [ 139.6503592, 35.4409834 ] } },
{ "type": "Feature", "properties": { "amenity_id": 1043, "kind": "shop", "name": "カプリチョーザ", "detail": "restaurant" }, "geometry": { "type": "Point", "coordinates": [ 139.65028030000002, 35.4411217 ] } },
{ "type": "Feature", "properties": { "amenity_id": 1044, "kind": "shop", "name": "たまや", "detail": "bar" }, "geometry": { "type": "Point", "coordinates": [ 139.647852200000017, 35.4397611 ] } },
{ "type": "Feature", "properties": { "amenity_id": 1045, "kind": "shop", "name": "麺屋M", "detail": "restaurant" }, "geometry": { "type": "Point", "coordinates": [ 139.6265305, 35.4392513 ] } },
{ "type": "Feature", "properties": { "amenity_id": 1046, "kind": "shop", "name": "寿々喜家 曙町店", "detail": "restaurant" }, "geometry": { "type": "Point", "coordinates": [ 139.627600600000022, 35.4395597 ] } },
{ "type": "Feature", "properties": { "amenity_id": 1047, "kind": "shop", "name": "はやし軒", "detail": "restaurant" }, "geometry": { "type": "Point", "coordinates": [ 139.626465600000017, 35.4394962 ] } },
{ "type": "Feature", "properties": { "amenity_id": 1048, "kind": "shop", "name": "餃子会館ふく龍", "detail": "restaurant" }, "geometry": { "type": "Point", "coordinates": [ 139.6293478, 35.4430271 ] } },
{ "type": "Feature", "properties": { "amenity_id": 1049, "kind": "shop", "name": "ラ・オハナ", "detail": "restaurant" }, "geometry": { "type": "Point", "coordinates": [ 139.66632580000001, 35.4237594 ] } },
{ "type": "Feature", "properties": { "amenity_id": 1050, "kind": "shop", "name": "イオン本牧店", "detail": "supermarket" }, "geometry": { "type": "Point", "coordinates": [ 139.667097400000017, 35.4254653 ] } },
{ "type": "Feature", "properties": { "amenity_id": 1051, "kind": "shop", "name": "創造中華 華星", "detail": "restaurant" }, "geometry": { "type": "Point", "coordinates": [ 139.665419500000013, 35.4252566 ] } },
{ "type": "Feature", "properties": { "amenity_id": 1052, "kind": "shop", "name": "焙煎工房 フィガロコーヒー", "detail": "cafe" }, "geometry": { "type": "Point", "coordinates": [ 139.6651397, 35.425658 ] } },
{ "type": "Feature", "properties": { "amenity_id": 1053, "kind": "shop", "name": "日中友好食処 本牧 玉家", "detail": "restaurant" }, "geometry": { "type": "Point", "coordinates": [ 139.666057500000022, 35.4230932 ] } },
{ "type": "Feature", "properties": { "amenity_id": 1054, "kind": "shop", "name": "フレッシュ・フードストア スマイル・ワン", "detail": "supermarket" }, "geometry": { "type": "Point", "coordinates": [ 139.6650411, 35.4255023 ] } },
{ "type": "Feature", "properties": { "amenity_id": 1055, "kind": "shop", "name": "マクドナルド", "detail": "fast_food" }, "geometry": { "type": "Point", "coordinates": [ 139.665751200000017, 35.4247882 ] } },
{ "type": "Feature", "properties": { "amenity_id": 1056, "kind": "shop", "name": "福満園 本店", "detail": "restaurant" }, "geometry": { "type": "Point", "coordinates": [ 139.643239200000011, 35.443331 ] } },
{ "type": "Feature", "properties": { "amenity_id": 1057, "kind": "shop", "name": "馬さんの店 龍仙 本館", "detail": "restaurant" }, "geometry": { "type": "Point", "coordinates": [ 139.644043900000014, 35.442449 ] } },
{ "type": "Feature", "properties": { "amenity_id": 1058, "kind": "shop", "name": "リストランテ レガ", "detail": "restaurant" }, "geometry": { "type": "Point", "coordinates": [ 139.641965700000014, 35.4377263 ] } },
{ "type": "Feature", "properties": { "amenity_id": 1059, "kind": "shop", "name": "AMI", "detail": "restaurant" }, "geometry": { "type": "Point", "coordinates": [ 139.643675, 35.4381016 ] } },
{ "type": "Feature", "properties": { "amenity_id": 1060, "kind": "shop", "name": "パティスリー レ・ビアン・エメ", "detail": "cafe" }, "geometry": { "type": "Point", "coordinates": [ 139.643700600000017, 35.4377649 ] } },
{ "type": "Feature", "properties": { "amenity_id": 1061, "kind": "shop", "name": "横浜骨付き鶏 まる金", "detail": "bar" }, "geometry": { "type": "Point", "coordinates": [ 139.6430669, 35.4381393 ] } },
{ "type": "Feature", "properties": { "amenity_id": 1062, "kind": "shop", "name": "創作料理4040", "detail": "restaurant" }, "geometry": { "type": "Point", "coordinates": [ 139.6430278, 35.4381369 ] } },
{ "type": "Feature", "properties": { "amenity_id": 1063, "kind": "shop", "name": "貴らく", "detail": "bar" }, "geometry": { "type": "Point", "coordinates": [ 139.6436181, 35.4380802 ] } },
{ "type": "Feature", "properties": { "amenity_id": 1064, "kind": "shop", "name": "天咲 元町店", "detail": "restaurant" }, "geometry": { "type": "Point", "coordinates": [ 139.644056800000016, 35.4382474 ] } },
{ "type": "Feature", "properties": { "amenity_id": 1065, "kind": "shop", "name": "大寿司", "detail": "restaurant" }, "geometry": { "type": "Point", "coordinates": [ 139.643785300000019, 35.438159 ] } },
{ "type": "Feature", "properties": { "amenity_id": 1066, "kind": "shop", "name": "夢あかり", "detail": "bar" }, "geometry": { "type": "Point", "coordinates": [ 139.643266400000016, 35.4378724 ] } },
{ "type": "Feature", "properties": { "amenity_id": 1067, "kind": "shop", "name": "やきとりけいこ", "detail": "bar" }, "geometry": { "type": "Point", "coordinates": [ 139.642303200000015, 35.4375651 ] } },
{ "type": "Feature", "properties": { "amenity_id": 1068, "kind": "shop", "name": "Youカフェレストラン", "detail": "restaurant" }, "geometry": { "type": "Point", "coordinates": [ 139.6407385, 35.4377064 ] } },
{ "type": "Feature", "properties": { "amenity_id": 1069, "kind": "shop", "name": "広典", "detail": "restaurant" }, "geometry": { "type": "Point", "coordinates": [ 139.6454286, 35.438272 ] } },
{ "type": "Feature", "properties": { "amenity_id": 1070, "kind": "shop", "name": "食彩和牛 しげ吉", "detail": "restaurant" }, "geometry": { "type": "Point", "coordinates": [ 139.645361400000013, 35.4387212 ] } },
{ "type": "Feature", "properties": { "amenity_id": 1071, "kind": "shop", "name": "SHIMOMURA", "detail": "restaurant" }, "geometry": { "type": "Point", "coordinates": [ 139.641367, 35.4375099 ] } },
{ "type": "Feature", "properties": { "amenity_id": 1072, "kind": "shop", "name": "石川屋", "detail": "bar" }, "geometry": { "type": "Point", "coordinates": [ 139.645599300000015, 35.43921 ] } },
{ "type": "Feature", "properties": { "amenity_id": 1073, "kind": "shop", "name": "中華楼", "detail": "restaurant" }, "geometry": { "type": "Point", "coordinates": [ 139.6450207, 35.4384218 ] } },
{ "type": "Feature", "properties": { "amenity_id": 1074, "kind": "shop", "name": "cafe de lento", "detail": "cafe" }, "geometry": { "type": "Point", "coordinates": [ 139.6458403, 35.4387277 ] } },
{ "type": "Feature", "properties": { "amenity_id": 1075, "kind": "shop", "name": "オイノス", "detail": "restaurant" }, "geometry": { "type": "Point", "coordinates": [ 139.6442173, 35.4380352 ] } },
{ "type": "Feature", "properties": { "amenity_id": 1076, "kind": "shop", "name": "PIZZERIA QUO VADIS", "detail": "restaurant" }, "geometry": { "type": "Point", "coordinates": [ 139.6454249, 35.4378594 ] } },
{ "type": "Feature", "properties": { "amenity_id": 1077, "kind": "shop", "name": "ガーリックジョーズ", "detail": "restaurant" }, "geometry": { "type": "Point", "coordinates": [ 139.645386700000017, 35.4392885 ] } },
{ "type": "Feature", "properties": { "amenity_id": 1078, "kind": "shop", "name": "J PASTA amann", "detail": "restaurant" }, "geometry": { "type": "Point", "coordinates": [ 139.64620960000002, 35.4389263 ] } },
{ "type": "Feature", "properties": { "amenity_id": 1079, "kind": "shop", "name": "エンルート", "detail": "restaurant" }, "geometry": { "type": "Point", "coordinates": [ 139.644893, 35.4383665 ] } },
{ "type": "Feature", "properties": { "amenity_id": 1080, "kind": "shop", "name": "季節の旬彩イタリアン ナビガンテ", "detail": "restaurant" }, "geometry": { "type": "Point", "coordinates": [ 139.645421700000014, 35.4377818 ] } },
{ "type": "Feature", "properties": { "amenity_id": 1081, "kind": "shop", "name": "石川屋", "detail": "bar" }, "geometry": { "type": "Point", "coordinates": [ 139.6455889, 35.4392216 ] } },
{ "type": "Feature", "properties": { "amenity_id": 1082, "kind": "shop", "name": "久佑", "detail": "bar" }, "geometry": { "type": "Point", "coordinates": [ 139.6458235, 35.4388238 ] } },
{ "type": "Feature", "properties": { "amenity_id": 1083, "kind": "shop", "name": "ピッツェリア ヴィスコンティ", "detail": "restaurant" }, "geometry": { "type": "Point", "coordinates": [ 139.6446191, 35.4400648 ] } },
{ "type": "Feature", "properties": { "amenity_id": 1084, "kind": "shop", "name": "Restaurant EISUKE", "detail": "restaurant" }, "geometry": { "type": "Point", "coordinates": [ 139.644643700000017, 35.4388393 ] } },
{ "type": "Feature", "properties": { "amenity_id": 1085, "kind": "shop", "name": "ドゥジエーム・ラ・セーヌ", "detail": "restaurant" }, "geometry": { "type": "Point", "coordinates": [ 139.6457388, 35.4384167 ] } },
{ "type": "Feature", "properties": { "amenity_id": 1086, "kind": "shop", "name": "cafe & bar MÉLI MÉLO", "detail": "cafe" }, "geometry": { "type": "Point", "coordinates": [ 139.645769, 35.4387847 ] } },
{ "type": "Feature", "properties": { "amenity_id": 1087, "kind": "shop", "name": "ポティエコーヒー", "detail": "cafe" }, "geometry": { "type": "Point", "coordinates": [ 139.6433868, 35.4382355 ] } },
{ "type": "Feature", "properties": { "amenity_id": 1088, "kind": "shop", "name": "いろり", "detail": "cafe" }, "geometry": { "type": "Point", "coordinates": [ 139.645132, 35.4389378 ] } },
{ "type": "Feature", "properties": { "amenity_id": 1089, "kind": "shop", "name": "味処 日浦屋", "detail": "restaurant" }, "geometry": { "type": "Point", "coordinates": [ 139.644542700000017, 35.4382694 ] } },
{ "type": "Feature", "properties": { "amenity_id": 1090, "kind": "shop", "name": "wine&kitchen yamazaki", "detail": "restaurant" }, "geometry": { "type": "Point", "coordinates": [ 139.641664500000019, 35.437384 ] } },
{ "type": "Feature", "properties": { "amenity_id": 1091, "kind": "shop", "name": "旭酒楼", "detail": "restaurant" }, "geometry": { "type": "Point", "coordinates": [ 139.641494, 35.4373836 ] } },
{ "type": "Feature", "properties": { "amenity_id": 1092, "kind": "shop", "name": "俺蔵 (オレッツォ)", "detail": "restaurant" }, "geometry": { "type": "Point", "coordinates": [ 139.642214200000012, 35.4375345 ] } },
{ "type": "Feature", "properties": { "amenity_id": 1093, "kind": "shop", "name": "うどん高橋", "detail": "restaurant" }, "geometry": { "type": "Point", "coordinates": [ 139.636951400000015, 35.4366258 ] } },
{ "type": "Feature", "properties": { "amenity_id": 1094, "kind": "shop", "name": "上島珈琲店", "detail": "cafe" }, "geometry": { "type": "Point", "coordinates": [ 139.6457967, 35.439073 ] } },
{ "type": "Feature", "properties": { "amenity_id": 1095, "kind": "shop", "name": "ホッと こめや", "detail": "restaurant" }, "geometry": { "type": "Point", "coordinates": [ 139.646817100000021, 35.4392311 ] } },
{ "type": "Feature", "properties": { "amenity_id": 1096, "kind": "shop", "name": "チーチョス", "detail": "restaurant" }, "geometry": { "type": "Point", "coordinates": [ 139.647073200000023, 35.439486 ] } },
{ "type": "Feature", "properties": { "amenity_id": 1097, "kind": "shop", "name": "ラ・タッパ フィッサ", "detail": "restaurant" }, "geometry": { "type": "Point", "coordinates": [ 139.6471022, 35.4393589 ] } },
{ "type": "Feature", "properties": { "amenity_id": 1098, "kind": "shop", "name": "WINE HALL 元町倶楽部", "detail": "restaurant" }, "geometry": { "type": "Point", "coordinates": [ 139.646962800000011, 35.4392966 ] } },
{ "type": "Feature", "properties": { "amenity_id": 1099, "kind": "shop", "name": "プリバディ", "detail": "restaurant" }, "geometry": { "type": "Point", "coordinates": [ 139.6467326, 35.4397804 ] } },
{ "type": "Feature", "properties": { "amenity_id": 1100, "kind": "shop", "name": "KANDY", "detail": "restaurant" }, "geometry": { "type": "Point", "coordinates": [ 139.647926500000011, 35.4394177 ] } },
{ "type": "Feature", "properties": { "amenity_id": 1101, "kind": "shop", "name": "イルネッソ", "detail": "restaurant" }, "geometry": { "type": "Point", "coordinates": [ 139.646753600000011, 35.4397307 ] } },
{ "type": "Feature", "properties": { "amenity_id": 1102, "kind": "shop", "name": "ビストロ エルエラ", "detail": "restaurant" }, "geometry": { "type": "Point", "coordinates": [ 139.64837780000002, 35.439985 ] } },
{ "type": "Feature", "properties": { "amenity_id": 1103, "kind": "shop", "name": "ドゥ エピセ", "detail": "restaurant" }, "geometry": { "type": "Point", "coordinates": [ 139.6488711, 35.4404599 ] } },
{ "type": "Feature", "properties": { "amenity_id": 1104, "kind": "shop", "name": "ル・プティ・クラージュ", "detail": "restaurant" }, "geometry": { "type": "Point", "coordinates": [ 139.646318300000019, 35.4389825 ] } },
{ "type": "Feature", "properties": { "amenity_id": 1105, "kind": "shop", "name": "薄野 すすきの 中村屋", "detail": "restaurant" }, "geometry": { "type": "Point", "coordinates": [ 139.6380665, 35.4504331 ] } },
{ "type": "Feature", "properties": { "amenity_id": 1106, "kind": "shop", "name": "荒井屋", "detail": "restaurant" }, "geometry": { "type": "Point", "coordinates": [ 139.638362200000017, 35.4507357 ] } },
{ "type": "Feature", "properties": { "amenity_id": 1107, "kind": "shop", "name": "いきなり！ステーキ", "detail": "restaurant" }, "geometry": { "type": "Point", "coordinates": [ 139.6451212, 35.4390139 ] } },
{ "type": "Feature", "properties": { "amenity_id": 1108, "kind": "shop", "name": "ファミリーマート", "detail": "convenience" }, "geometry": { "type": "Point", "coordinates": [ 139.6455525, 35.4439558 ] } },
{ "type": "Feature", "properties": { "amenity_id": 1109, "kind": "shop", "name": "リオス ボングスタイオ", "detail": "restaurant" }, "geometry": { "type": "Point", "coordinates": [ 139.649677700000012, 35.4412588 ] } },
{ "type": "Feature", "properties": { "amenity_id": 1110, "kind": "shop", "name": "肉山 横浜", "detail": "restaurant" }, "geometry": { "type": "Point", "coordinates": [ 139.649722700000012, 35.4407973 ] } },
{ "type": "Feature", "properties": { "amenity_id": 1111, "kind": "shop", "name": "ミカフェート", "detail": "cafe" }, "geometry": { "type": "Point", "coordinates": [ 139.649431600000014, 35.4405622 ] } },
{ "type": "Feature", "properties": { "amenity_id": 1112, "kind": "shop", "name": "友酒家", "detail": "bar" }, "geometry": { "type": "Point", "coordinates": [ 139.6485341, 35.4418527 ] } },
{ "type": "Feature", "properties": { "amenity_id": 1113, "kind": "shop", "name": "Cafe Preciousーcolor", "detail": "cafe" }, "geometry": { "type": "Point", "coordinates": [ 139.64995380000002, 35.4403517 ] } },
{ "type": "Feature", "properties": { "amenity_id": 1114, "kind": "shop", "name": "塩らー麺 本丸亭", "detail": "restaurant" }, "geometry": { "type": "Point", "coordinates": [ 139.6499719, 35.4403269 ] } },
{ "type": "Feature", "properties": { "amenity_id": 1115, "kind": "shop", "name": "横浜 晋山", "detail": "restaurant" }, "geometry": { "type": "Point", "coordinates": [ 139.6481799, 35.4417928 ] } },
{ "type": "Feature", "properties": { "amenity_id": 1116, "kind": "shop", "name": "熊猫飯店", "detail": "restaurant" }, "geometry": { "type": "Point", "coordinates": [ 139.648097, 35.442087 ] } },
{ "type": "Feature", "properties": { "amenity_id": 1117, "kind": "shop", "name": "福龍酒家", "detail": "restaurant" }, "geometry": { "type": "Point", "coordinates": [ 139.648166300000014, 35.4418455 ] } },
{ "type": "Feature", "properties": { "amenity_id": 1118, "kind": "shop", "name": "バイミー スタンド", "detail": "cafe" }, "geometry": { "type": "Point", "coordinates": [ 139.6498252, 35.4394182 ] } },
{ "type": "Feature", "properties": { "amenity_id": 1119, "kind": "shop", "name": "オリーブ", "detail": "cafe" }, "geometry": { "type": "Point", "coordinates": [ 139.6487377, 35.440423 ] } },
{ "type": "Feature", "properties": { "amenity_id": 1120, "kind": "shop", "name": "フリッパーズ", "detail": "cafe" }, "geometry": { "type": "Point", "coordinates": [ 139.6501055, 35.4412256 ] } },
{ "type": "Feature", "properties": { "amenity_id": 1121, "kind": "shop", "name": "サンドグラス", "detail": "cafe" }, "geometry": { "type": "Point", "coordinates": [ 139.6490713, 35.4406365 ] } },
{ "type": "Feature", "properties": { "amenity_id": 1122, "kind": "shop", "name": "東園", "detail": "restaurant" }, "geometry": { "type": "Point", "coordinates": [ 139.647456700000021, 35.4423908 ] } },
{ "type": "Feature", "properties": { "amenity_id": 1123, "kind": "shop", "name": "アルペンジロー", "detail": "restaurant" }, "geometry": { "type": "Point", "coordinates": [ 139.649197, 35.4423986 ] } },
{ "type": "Feature", "properties": { "amenity_id": 1124, "kind": "shop", "name": "幸せのパンケーキ", "detail": "cafe" }, "geometry": { "type": "Point", "coordinates": [ 139.648119800000018, 35.4427957 ] } },
{ "type": "Feature", "properties": { "amenity_id": 1125, "kind": "shop", "name": "接筵", "detail": "restaurant" }, "geometry": { "type": "Point", "coordinates": [ 139.6477495, 35.4425827 ] } },
{ "type": "Feature", "properties": { "amenity_id": 1126, "kind": "shop", "name": "鳳林", "detail": "restaurant" }, "geometry": { "type": "Point", "coordinates": [ 139.6475203, 35.4425698 ] } },
{ "type": "Feature", "properties": { "amenity_id": 1127, "kind": "shop", "name": "大三元酒家", "detail": "restaurant" }, "geometry": { "type": "Point", "coordinates": [ 139.6478395, 35.442279 ] } },
{ "type": "Feature", "properties": { "amenity_id": 1128, "kind": "shop", "name": "新楽", "detail": "restaurant" }, "geometry": { "type": "Point", "coordinates": [ 139.647330900000014, 35.4425244 ] } },
{ "type": "Feature", "properties": { "amenity_id": 1129, "kind": "shop", "name": "華錦飯店", "detail": "restaurant" }, "geometry": { "type": "Point", "coordinates": [ 139.646645, 35.4417805 ] } },
{ "type": "Feature", "properties": { "amenity_id": 1130, "kind": "shop", "name": "心龍", "detail": "restaurant" }, "geometry": { "type": "Point", "coordinates": [ 139.645306, 35.4427309 ] } },
{ "type": "Feature", "properties": { "amenity_id": 1131, "kind": "shop", "name": "大新園", "detail": "restaurant" }, "geometry": { "type": "Point", "coordinates": [ 139.6470113, 35.4423347 ] } },
{ "type": "Feature", "properties": { "amenity_id": 1132, "kind": "shop", "name": "錦里", "detail": "restaurant" }, "geometry": { "type": "Point", "coordinates": [ 139.6437965, 35.442929 ] } },
{ "type": "Feature", "properties": { "amenity_id": 1133, "kind": "shop", "name": "翠鳳 本店", "detail": "restaurant" }, "geometry": { "type": "Point", "coordinates": [ 139.6469209, 35.4428732 ] } },
{ "type": "Feature", "properties": { "amenity_id": 1134, "kind": "shop", "name": "你好", "detail": "restaurant" }, "geometry": { "type": "Point", "coordinates": [ 139.6460749, 35.4426905 ] } },
{ "type": "Feature", "properties": { "amenity_id": 1135, "kind": "shop", "name": "中国飯店", "detail": "restaurant" }, "geometry": { "type": "Point", "coordinates": [ 139.6443117, 35.4431946 ] } },
{ "type": "Feature", "properties": { "amenity_id": 1136, "kind": "shop", "name": "信濃屋", "detail": "restaurant" }, "geometry": { "type": "Point", "coordinates": [ 139.639042900000021, 35.4316037 ] } },
{ "type": "Feature", "properties": { "amenity_id": 1137, "kind": "shop", "name": "プチマルシェ フジ 山元町店", "detail": "supermarket" }, "geometry": { "type": "Point", "coordinates": [ 139.639623300000011, 35.4265239 ] } },
{ "type": "Feature", "properties": { "amenity_id": 1138, "kind": "shop", "name": "Ramen Stand GROW", "detail": "restaurant" }, "geometry": { "type": "Point", "coordinates": [ 139.6455804, 35.4278045 ] } },
{ "type": "Feature", "properties": { "amenity_id": 1139, "kind": "shop", "name": "手打そば百花", "detail": "restaurant" }, "geometry": { "type": "Point", "coordinates": [ 139.6452291, 35.4276195 ] } },
{ "type": "Feature", "properties": { "amenity_id": 1140, "kind": "shop", "name": "どん亭 横浜本牧店", "detail": "restaurant" }, "geometry": { "type": "Point", "coordinates": [ 139.656342, 35.4211375 ] } },
{ "type": "Feature", "properties": { "amenity_id": 1141, "kind": "shop", "name": "レッドロブスター 新本牧店", "detail": "restaurant" }, "geometry": { "type": "Point", "coordinates": [ 139.6586584, 35.4215255 ] } },
{ "type": "Feature", "properties": { "amenity_id": 1142, "kind": "shop", "name": "ブギーカフェ", "detail": "cafe" }, "geometry": { "type": "Point", "coordinates": [ 139.6577039, 35.4209347 ] } },
{ "type": "Feature", "properties": { "amenity_id": 1143, "kind": "shop", "name": "オーケー", "detail": "supermarket" }, "geometry": { "type": "Point", "coordinates": [ 139.657399, 35.4213864 ] } },
{ "type": "Feature", "properties": { "amenity_id": 1144, "kind": "shop", "name": "とき鮨", "detail": "restaurant" }, "geometry": { "type": "Point", "coordinates": [ 139.6567747, 35.4207586 ] } },
{ "type": "Feature", "properties": { "amenity_id": 1145, "kind": "shop", "name": "デニーズ", "detail": "restaurant" }, "geometry": { "type": "Point", "coordinates": [ 139.6608608, 35.4219785 ] } },
{ "type": "Feature", "properties": { "amenity_id": 1146, "kind": "shop", "name": "ハワイアンカフェ シナモンズ", "detail": "cafe" }, "geometry": { "type": "Point", "coordinates": [ 139.6506301, 35.4428966 ] } },
{ "type": "Feature", "properties": { "amenity_id": 1147, "kind": "shop", "name": "ブラフベーカリー", "detail": "bakery" }, "geometry": { "type": "Point", "coordinates": [ 139.649697300000014, 35.4384331 ] } },
{ "type": "Feature", "properties": { "amenity_id": 1148, "kind": "shop", "name": "ST", "detail": "restaurant" }, "geometry": { "type": "Point", "coordinates": [ 139.64970390000002, 35.4388279 ] } },
{ "type": "Feature", "properties": { "amenity_id": 1149, "kind": "shop", "name": "パティ・カフェ", "detail": "cafe" }, "geometry": { "type": "Point", "coordinates": [ 139.649738400000018, 35.438982 ] } },
{ "type": "Feature", "properties": { "amenity_id": 1150, "kind": "shop", "name": "エンゼル", "detail": "supermarket" }, "geometry": { "type": "Point", "coordinates": [ 139.6392626, 35.4313547 ] } },
{ "type": "Feature", "properties": { "amenity_id": 1151, "kind": "shop", "name": "留仙閣 本牧店", "detail": "fast_food" }, "geometry": { "type": "Point", "coordinates": [ 139.655636500000014, 35.4315888 ] } },
{ "type": "Feature", "properties": { "amenity_id": 1152, "kind": "shop", "name": "一勝亭", "detail": "restaurant" }, "geometry": { "type": "Point", "coordinates": [ 139.6375012, 35.4279275 ] } },
{ "type": "Feature", "properties": { "amenity_id": 1153, "kind": "shop", "name": "おかめ", "detail": "restaurant" }, "geometry": { "type": "Point", "coordinates": [ 139.639232600000014, 35.4322178 ] } },
{ "type": "Feature", "properties": { "amenity_id": 1154, "kind": "shop", "name": "生そば 多むら家", "detail": "restaurant" }, "geometry": { "type": "Point", "coordinates": [ 139.6390451, 35.4320926 ] } },
{ "type": "Feature", "properties": { "amenity_id": 1155, "kind": "shop", "name": "YC&AC Mollison's", "detail": "restaurant" }, "geometry": { "type": "Point", "coordinates": [ 139.649388900000019, 35.4238189 ] } },
{ "type": "Feature", "properties": { "amenity_id": 1156, "kind": "shop", "name": "乃が美", "detail": "bakery" }, "geometry": { "type": "Point", "coordinates": [ 139.63933, 35.4448147 ] } },
{ "type": "Feature", "properties": { "amenity_id": 1157, "kind": "shop", "name": "招福門", "detail": "restaurant" }, "geometry": { "type": "Point", "coordinates": [ 139.6479119, 35.4428342 ] } },
{ "type": "Feature", "properties": { "amenity_id": 1158, "kind": "shop", "name": "後藤そうざい店", "detail": "fast_food" }, "geometry": { "type": "Point", "coordinates": [ 139.673048500000021, 35.4299074 ] } },
{ "type": "Feature", "properties": { "amenity_id": 1159, "kind": "shop", "name": "京城苑", "detail": "restaurant" }, "geometry": { "type": "Point", "coordinates": [ 139.636246700000015, 35.4444941 ] } },
{ "type": "Feature", "properties": { "amenity_id": 1160, "kind": "shop", "name": "天吉", "detail": "restaurant" }, "geometry": { "type": "Point", "coordinates": [ 139.6361932, 35.4444472 ] } },
{ "type": "Feature", "properties": { "amenity_id": 1161, "kind": "shop", "name": "ローソン", "detail": "convenience" }, "geometry": { "type": "Point", "coordinates": [ 139.644915600000019, 35.4467318 ] } },
{ "type": "Feature", "properties": { "amenity_id": 1162, "kind": "shop", "name": "和栗食肉店", "detail": "fast_food" }, "geometry": { "type": "Point", "coordinates": [ 139.636489300000022, 35.4366041 ] } },
{ "type": "Feature", "properties": { "amenity_id": 1163, "kind": "shop", "name": "すしざんまい", "detail": "restaurant" }, "geometry": { "type": "Point", "coordinates": [ 139.6471032, 35.443698 ] } },
{ "type": "Feature", "properties": { "amenity_id": 1164, "kind": "shop", "name": "花津月", "detail": "restaurant" }, "geometry": { "type": "Point", "coordinates": [ 139.6452017, 35.4448882 ] } },
{ "type": "Feature", "properties": { "amenity_id": 1165, "kind": "shop", "name": "ファミリーマート", "detail": "convenience" }, "geometry": { "type": "Point", "coordinates": [ 139.64259770000001, 35.4376416 ] } },
{ "type": "Feature", "properties": { "amenity_id": 1166, "kind": "shop", "name": null, "detail": "bakery" }, "geometry": { "type": "Point", "coordinates": [ 139.6422272, 35.437635 ] } },
{ "type": "Feature", "properties": { "amenity_id": 1167, "kind": "shop", "name": null, "detail": "hairdresser" }, "geometry": { "type": "Point", "coordinates": [ 139.6381442, 35.4364031 ] } },
{ "type": "Feature", "properties": { "amenity_id": 1168, "kind": "shop", "name": null, "detail": "cafe" }, "geometry": { "type": "Point", "coordinates": [ 139.6411148, 35.4374176 ] } },
{ "type": "Feature", "properties": { "amenity_id": 1169, "kind": "shop", "name": null, "detail": "cafe" }, "geometry": { "type": "Point", "coordinates": [ 139.641281100000015, 35.4375121 ] } },
{ "type": "Feature", "properties": { "amenity_id": 1170, "kind": "shop", "name": "ファミリーマート", "detail": "convenience" }, "geometry": { "type": "Point", "coordinates": [ 139.6448627, 35.4387128 ] } },
{ "type": "Feature", "properties": { "amenity_id": 1171, "kind": "shop", "name": null, "detail": "hairdresser" }, "geometry": { "type": "Point", "coordinates": [ 139.641431300000022, 35.437523 ] } },
{ "type": "Feature", "properties": { "amenity_id": 1172, "kind": "shop", "name": null, "detail": "cafe" }, "geometry": { "type": "Point", "coordinates": [ 139.64105840000002, 35.4372837 ] } },
{ "type": "Feature", "properties": { "amenity_id": 1173, "kind": "shop", "name": null, "detail": "hairdresser" }, "geometry": { "type": "Point", "coordinates": [ 139.640758, 35.4372428 ] } },
{ "type": "Feature", "properties": { "amenity_id": 1174, "kind": "shop", "name": "HanaUta Cafe", "detail": "cafe" }, "geometry": { "type": "Point", "coordinates": [ 139.64168810000001, 35.4374285 ] } },
{ "type": "Feature", "properties": { "amenity_id": 1175, "kind": "shop", "name": "ゴル家", "detail": "fast_food" }, "geometry": { "type": "Point", "coordinates": [ 139.6337364, 35.4453529 ] } },
{ "type": "Feature", "properties": { "amenity_id": 1176, "kind": "shop", "name": "紅花", "detail": "restaurant" }, "geometry": { "type": "Point", "coordinates": [ 139.6360439, 35.4454824 ] } },
{ "type": "Feature", "properties": { "amenity_id": 1177, "kind": "shop", "name": "すびゑ", "detail": "bar" }, "geometry": { "type": "Point", "coordinates": [ 139.638211800000022, 35.4467433 ] } },
{ "type": "Feature", "properties": { "amenity_id": 1178, "kind": "shop", "name": "笑来", "detail": "bar" }, "geometry": { "type": "Point", "coordinates": [ 139.637864, 35.4467039 ] } },
{ "type": "Feature", "properties": { "amenity_id": 1179, "kind": "shop", "name": "キッチンさし田", "detail": "restaurant" }, "geometry": { "type": "Point", "coordinates": [ 139.6676926, 35.4226818 ] } },
{ "type": "Feature", "properties": { "amenity_id": 1180, "kind": "shop", "name": "NewDays", "detail": "convenience" }, "geometry": { "type": "Point", "coordinates": [ 139.631477100000012, 35.4507592 ] } },
{ "type": "Feature", "properties": { "amenity_id": 1181, "kind": "shop", "name": null, "detail": "restaurant" }, "geometry": { "type": "Point", "coordinates": [ 139.638258900000011, 35.4478704 ] } },
{ "type": "Feature", "properties": { "amenity_id": 1182, "kind": "shop", "name": "Ai Ain", "detail": "restaurant" }, "geometry": { "type": "Point", "coordinates": [ 139.630231, 35.4403584 ] } },
{ "type": "Feature", "properties": { "amenity_id": 1183, "kind": "shop", "name": "ローソン", "detail": "convenience" }, "geometry": { "type": "Point", "coordinates": [ 139.637754200000018, 35.4291672 ] } },
{ "type": "Feature", "properties": { "amenity_id": 1184, "kind": "shop", "name": "まいばすけっと", "detail": "supermarket" }, "geometry": { "type": "Point", "coordinates": [ 139.625127100000014, 35.437955 ] } },
{ "type": "Feature", "properties": { "amenity_id": 1185, "kind": "shop", "name": "旬彩ダイニング　月兎", "detail": "restaurant" }, "geometry": { "type": "Point", "coordinates": [ 139.623022600000013, 35.4374877 ] } },
{ "type": "Feature", "properties": { "amenity_id": 1186, "kind": "shop", "name": "和泉屋", "detail": "restaurant" }, "geometry": { "type": "Point", "coordinates": [ 139.623250400000018, 35.4377109 ] } },
{ "type": "Feature", "properties": { "amenity_id": 1187, "kind": "shop", "name": "業務スーパー", "detail": "supermarket" }, "geometry": { "type": "Point", "coordinates": [ 139.626037700000012, 35.4394305 ] } },
{ "type": "Feature", "properties": { "amenity_id": 1188, "kind": "shop", "name": null, "detail": "supermarket" }, "geometry": { "type": "Point", "coordinates": [ 139.6442198, 35.4428201 ] } },
{ "type": "Feature", "properties": { "amenity_id": 1189, "kind": "shop", "name": null, "detail": "supermarket" }, "geometry": { "type": "Point", "coordinates": [ 139.6446368, 35.4444654 ] } },
{ "type": "Feature", "properties": { "amenity_id": 1190, "kind": "shop", "name": "Marine Bakery", "detail": "bakery" }, "geometry": { "type": "Point", "coordinates": [ 139.653749300000015, 35.4426087 ] } },
{ "type": "Feature", "properties": { "amenity_id": 1191, "kind": "shop", "name": "カフェ バジル", "detail": "bar" }, "geometry": { "type": "Point", "coordinates": [ 139.630230400000016, 35.4472256 ] } },
{ "type": "Feature", "properties": { "amenity_id": 1192, "kind": "shop", "name": "キンコンカン", "detail": "bar" }, "geometry": { "type": "Point", "coordinates": [ 139.629759400000012, 35.4497136 ] } },
{ "type": "Feature", "properties": { "amenity_id": 1193, "kind": "shop", "name": "Cafe Geek", "detail": "cafe" }, "geometry": { "type": "Point", "coordinates": [ 139.62750920000002, 35.4449928 ] } },
{ "type": "Feature", "properties": { "amenity_id": 1194, "kind": "shop", "name": "Steak134", "detail": "restaurant" }, "geometry": { "type": "Point", "coordinates": [ 139.627538900000019, 35.4450934 ] } },
{ "type": "Feature", "properties": { "amenity_id": 1195, "kind": "shop", "name": "Tiny’s", "detail": "restaurant" }, "geometry": { "type": "Point", "coordinates": [ 139.626455100000015, 35.4432017 ] } },
{ "type": "Feature", "properties": { "amenity_id": 1196, "kind": "shop", "name": "葉牡丹", "detail": "restaurant" }, "geometry": { "type": "Point", "coordinates": [ 139.638177500000012, 35.4313116 ] } },
{ "type": "Feature", "properties": { "amenity_id": 1197, "kind": "shop", "name": "ZEBRA Coffee & Croissant", "detail": "cafe" }, "geometry": { "type": "Point", "coordinates": [ 139.6419769, 35.4549146 ] } },
{ "type": "Feature", "properties": { "amenity_id": 1198, "kind": "shop", "name": "茶亭望塔亭", "detail": "cafe" }, "geometry": { "type": "Point", "coordinates": [ 139.658947, 35.4170828 ] } },
{ "type": "Feature", "properties": { "amenity_id": 1199, "kind": "shop", "name": "シウマイBAR", "detail": "bar" }, "geometry": { "type": "Point", "coordinates": [ 139.647508400000021, 35.4436195 ] } },
{ "type": "Feature", "properties": { "amenity_id": 1200, "kind": "shop", "name": "ナチュラルローソン", "detail": "convenience" }, "geometry": { "type": "Point", "coordinates": [ 139.650412500000016, 35.4427001 ] } },
{ "type": "Feature", "properties": { "amenity_id": 1201, "kind": "shop", "name": null, "detail": "dry_cleaning" }, "geometry": { "type": "Point", "coordinates": [ 139.6589702, 35.4389123 ] } },
{ "type": "Feature", "properties": { "amenity_id": 1202, "kind": "shop", "name": "ローソン", "detail": "convenience" }, "geometry": { "type": "Point", "coordinates": [ 139.6582548, 35.4398078 ] } },
{ "type": "Feature", "properties": { "amenity_id": 1203, "kind": "shop", "name": "DUNGKANG", "detail": "restaurant" }, "geometry": { "type": "Point", "coordinates": [ 139.66203, 35.4363626 ] } },
{ "type": "Feature", "properties": { "amenity_id": 1204, "kind": "shop", "name": "萬珍茶坊", "detail": "cafe" }, "geometry": { "type": "Point", "coordinates": [ 139.6618482, 35.436526 ] } },
{ "type": "Feature", "properties": { "amenity_id": 1205, "kind": "shop", "name": "Da cafe", "detail": "restaurant" }, "geometry": { "type": "Point", "coordinates": [ 139.661491800000022, 35.4368256 ] } },
{ "type": "Feature", "properties": { "amenity_id": 1206, "kind": "shop", "name": "ラーメン一番", "detail": "restaurant" }, "geometry": { "type": "Point", "coordinates": [ 139.6614533, 35.4368669 ] } },
{ "type": "Feature", "properties": { "amenity_id": 1207, "kind": "shop", "name": "ピザハット", "detail": "fast_food" }, "geometry": { "type": "Point", "coordinates": [ 139.665634800000021, 35.4279107 ] } },
{ "type": "Feature", "properties": { "amenity_id": 1208, "kind": "shop", "name": "モスバーガー", "detail": "fast_food" }, "geometry": { "type": "Point", "coordinates": [ 139.6650467, 35.4286152 ] } },
{ "type": "Feature", "properties": { "amenity_id": 1209, "kind": "shop", "name": "セブン-イレブン", "detail": "convenience" }, "geometry": { "type": "Point", "coordinates": [ 139.666259100000019, 35.4266066 ] } },
{ "type": "Feature", "properties": { "amenity_id": 1210, "kind": "shop", "name": null, "detail": "dry_cleaning" }, "geometry": { "type": "Point", "coordinates": [ 139.665974200000022, 35.4229587 ] } },
{ "type": "Feature", "properties": { "amenity_id": 1211, "kind": "shop", "name": "とりサブロー", "detail": "fast_food" }, "geometry": { "type": "Point", "coordinates": [ 139.666091500000022, 35.4231773 ] } },
{ "type": "Feature", "properties": { "amenity_id": 1212, "kind": "shop", "name": "なか卯", "detail": "fast_food" }, "geometry": { "type": "Point", "coordinates": [ 139.666270600000018, 35.4245172 ] } },
{ "type": "Feature", "properties": { "amenity_id": 1213, "kind": "shop", "name": "PECO PECO", "detail": "cafe" }, "geometry": { "type": "Point", "coordinates": [ 139.6653727, 35.4223669 ] } },
{ "type": "Feature", "properties": { "amenity_id": 1214, "kind": "shop", "name": "Jaslin", "detail": "restaurant" }, "geometry": { "type": "Point", "coordinates": [ 139.6667406, 35.4198047 ] } },
{ "type": "Feature", "properties": { "amenity_id": 1215, "kind": "shop", "name": "BARBAR SUDOH", "detail": "hairdresser" }, "geometry": { "type": "Point", "coordinates": [ 139.6667701, 35.4193511 ] } },
{ "type": "Feature", "properties": { "amenity_id": 1216, "kind": "shop", "name": null, "detail": "dry_cleaning" }, "geometry": { "type": "Point", "coordinates": [ 139.6636574, 35.4295976 ] } },
{ "type": "Feature", "properties": { "amenity_id": 1217, "kind": "shop", "name": "セブン-イレブン", "detail": "convenience" }, "geometry": { "type": "Point", "coordinates": [ 139.6638384, 35.4327239 ] } },
{ "type": "Feature", "properties": { "amenity_id": 1218, "kind": "shop", "name": null, "detail": "dry_cleaning" }, "geometry": { "type": "Point", "coordinates": [ 139.664091900000017, 35.4308127 ] } },
{ "type": "Feature", "properties": { "amenity_id": 1219, "kind": "shop", "name": "上海", "detail": "restaurant" }, "geometry": { "type": "Point", "coordinates": [ 139.6601933, 35.4374105 ] } },
{ "type": "Feature", "properties": { "amenity_id": 1220, "kind": "shop", "name": null, "detail": "laundry" }, "geometry": { "type": "Point", "coordinates": [ 139.663389200000012, 35.4334768 ] } },
{ "type": "Feature", "properties": { "amenity_id": 1221, "kind": "shop", "name": "codie's", "detail": "restaurant" }, "geometry": { "type": "Point", "coordinates": [ 139.654793400000017, 35.4420531 ] } },
{ "type": "Feature", "properties": { "amenity_id": 1222, "kind": "shop", "name": "ラブリークリーニング 山下町店", "detail": "dry_cleaning" }, "geometry": { "type": "Point", "coordinates": [ 139.6449624, 35.4453308 ] } },
{ "type": "Feature", "properties": { "amenity_id": 1223, "kind": "shop", "name": "マルエツプチ", "detail": "supermarket" }, "geometry": { "type": "Point", "coordinates": [ 139.635798, 35.45106 ] } },
{ "type": "Feature", "properties": { "amenity_id": 1224, "kind": "shop", "name": "Hakata Tempura Takao", "detail": "restaurant" }, "geometry": { "type": "Point", "coordinates": [ 139.6358405, 35.4513198 ] } },
{ "type": "Feature", "properties": { "amenity_id": 1225, "kind": "shop", "name": "成城石井", "detail": "supermarket" }, "geometry": { "type": "Point", "coordinates": [ 139.6317492, 35.4497775 ] } },
{ "type": "Feature", "properties": { "amenity_id": 1226, "kind": "shop", "name": "スターバックス", "detail": "cafe" }, "geometry": { "type": "Point", "coordinates": [ 139.6318051, 35.4498066 ] } },
{ "type": "Feature", "properties": { "amenity_id": 1227, "kind": "shop", "name": "スターバックス", "detail": "cafe" }, "geometry": { "type": "Point", "coordinates": [ 139.6339553, 35.4509949 ] } },
{ "type": "Feature", "properties": { "amenity_id": 1228, "kind": "shop", "name": "セブン-イレブン", "detail": "convenience" }, "geometry": { "type": "Point", "coordinates": [ 139.634090500000013, 35.4500204 ] } },
{ "type": "Feature", "properties": { "amenity_id": 1229, "kind": "shop", "name": "QBハウス", "detail": "hairdresser" }, "geometry": { "type": "Point", "coordinates": [ 139.634272800000019, 35.4501601 ] } },
{ "type": "Feature", "properties": { "amenity_id": 1230, "kind": "shop", "name": "もとまちユニオン", "detail": "supermarket" }, "geometry": { "type": "Point", "coordinates": [ 139.6339633, 35.4506507 ] } },
{ "type": "Feature", "properties": { "amenity_id": 1231, "kind": "shop", "name": "Au jardin de Perry", "detail": "cafe" }, "geometry": { "type": "Point", "coordinates": [ 139.6439263, 35.4473033 ] } },
{ "type": "Feature", "properties": { "amenity_id": 1232, "kind": "shop", "name": "カフェ・ベローチェ", "detail": "cafe" }, "geometry": { "type": "Point", "coordinates": [ 139.6413024, 35.4478277 ] } },
{ "type": "Feature", "properties": { "amenity_id": 1233, "kind": "shop", "name": "食品館あおば", "detail": "supermarket" }, "geometry": { "type": "Point", "coordinates": [ 139.6358023, 35.4448443 ] } },
{ "type": "Feature", "properties": { "amenity_id": 1234, "kind": "shop", "name": "ミッドタウンバーベキュー", "detail": "restaurant" }, "geometry": { "type": "Point", "coordinates": [ 139.6382673, 35.444941 ] } },
{ "type": "Feature", "properties": { "amenity_id": 1235, "kind": "shop", "name": "たかさご家", "detail": "restaurant" }, "geometry": { "type": "Point", "coordinates": [ 139.6380307, 35.4450655 ] } },
{ "type": "Feature", "properties": { "amenity_id": 1236, "kind": "shop", "name": "ゆで太郎", "detail": "fast_food" }, "geometry": { "type": "Point", "coordinates": [ 139.638666600000022, 35.4455019 ] } },
{ "type": "Feature", "properties": { "amenity_id": 1237, "kind": "shop", "name": "豚骨拉麺酒場　福の軒", "detail": "restaurant" }, "geometry": { "type": "Point", "coordinates": [ 139.6385813, 35.4454025 ] } },
{ "type": "Feature", "properties": { "amenity_id": 1238, "kind": "shop", "name": "やらかし亭", "detail": "fast_food" }, "geometry": { "type": "Point", "coordinates": [ 139.667774300000019, 35.4300678 ] } },
{ "type": "Feature", "properties": { "amenity_id": 1239, "kind": "shop", "name": "麵屋臥龍", "detail": "fast_food" }, "geometry": { "type": "Point", "coordinates": [ 139.6267809, 35.4443049 ] } },
{ "type": "Feature", "properties": { "amenity_id": 1240, "kind": "shop", "name": "中国蘭州牛肉ラーメン 国壱麺", "detail": "restaurant" }, "geometry": { "type": "Point", "coordinates": [ 139.6321959, 35.443849 ] } },
{ "type": "Feature", "properties": { "amenity_id": 1241, "kind": "shop", "name": "関内餃子軒", "detail": "restaurant" }, "geometry": { "type": "Point", "coordinates": [ 139.6350271, 35.4454254 ] } },
{ "type": "Feature", "properties": { "amenity_id": 1242, "kind": "shop", "name": "やよい軒", "detail": "restaurant" }, "geometry": { "type": "Point", "coordinates": [ 139.634146500000014, 35.4465383 ] } },
{ "type": "Feature", "properties": { "amenity_id": 1243, "kind": "shop", "name": "ロイヤルホスト", "detail": "restaurant" }, "geometry": { "type": "Point", "coordinates": [ 139.633896100000015, 35.4466383 ] } },
{ "type": "Feature", "properties": { "amenity_id": 1244, "kind": "shop", "name": "はま寿司", "detail": "fast_food" }, "geometry": { "type": "Point", "coordinates": [ 139.6357102, 35.4448026 ] } },
{ "type": "Feature", "properties": { "amenity_id": 1245, "kind": "shop", "name": "大戸屋", "detail": "restaurant" }, "geometry": { "type": "Point", "coordinates": [ 139.635922500000021, 35.4448683 ] } },
{ "type": "Feature", "properties": { "amenity_id": 1246, "kind": "shop", "name": "NewDays", "detail": "convenience" }, "geometry": { "type": "Point", "coordinates": [ 139.6356197, 35.4445158 ] } },
{ "type": "Feature", "properties": { "amenity_id": 1247, "kind": "shop", "name": "鳥伊勢", "detail": "restaurant" }, "geometry": { "type": "Point", "coordinates": [ 139.6363656, 35.4444033 ] } },
{ "type": "Feature", "properties": { "amenity_id": 1248, "kind": "shop", "name": "Esperanza", "detail": "restaurant" }, "geometry": { "type": "Point", "coordinates": [ 139.6349548, 35.4476988 ] } },
{ "type": "Feature", "properties": { "amenity_id": 1249, "kind": "shop", "name": "香巴拉", "detail": "restaurant" }, "geometry": { "type": "Point", "coordinates": [ 139.634773, 35.4478463 ] } },
{ "type": "Feature", "properties": { "amenity_id": 1250, "kind": "shop", "name": "ドミノ・ピザ", "detail": "fast_food" }, "geometry": { "type": "Point", "coordinates": [ 139.635100600000015, 35.4476002 ] } },
{ "type": "Feature", "properties": { "amenity_id": 1251, "kind": "shop", "name": "Toaster!", "detail": "bar" }, "geometry": { "type": "Point", "coordinates": [ 139.6343914, 35.4481168 ] } },
{ "type": "Feature", "properties": { "amenity_id": 1252, "kind": "shop", "name": "nicobar", "detail": "bar" }, "geometry": { "type": "Point", "coordinates": [ 139.633233900000022, 35.4477268 ] } },
{ "type": "Feature", "properties": { "amenity_id": 1253, "kind": "shop", "name": "真砂茶寮", "detail": "restaurant" }, "geometry": { "type": "Point", "coordinates": [ 139.6367161, 35.444878 ] } },
{ "type": "Feature", "properties": { "amenity_id": 1254, "kind": "shop", "name": "カフェ・ベローチェ", "detail": "cafe" }, "geometry": { "type": "Point", "coordinates": [ 139.6357893, 35.4452715 ] } },
{ "type": "Feature", "properties": { "amenity_id": 1255, "kind": "shop", "name": "牛角", "detail": "restaurant" }, "geometry": { "type": "Point", "coordinates": [ 139.635890400000022, 35.445228 ] } },
{ "type": "Feature", "properties": { "amenity_id": 1256, "kind": "shop", "name": "サンマルクカフェ", "detail": "cafe" }, "geometry": { "type": "Point", "coordinates": [ 139.642965800000013, 35.4397649 ] } },
{ "type": "Feature", "properties": { "amenity_id": 1257, "kind": "shop", "name": "喜久すし", "detail": "restaurant" }, "geometry": { "type": "Point", "coordinates": [ 139.642363400000022, 35.4401613 ] } },
{ "type": "Feature", "properties": { "amenity_id": 1258, "kind": "shop", "name": "五乃茶", "detail": "cafe" }, "geometry": { "type": "Point", "coordinates": [ 139.64238, 35.4401109 ] } },
{ "type": "Feature", "properties": { "amenity_id": 1259, "kind": "shop", "name": "日乃屋カレー", "detail": "restaurant" }, "geometry": { "type": "Point", "coordinates": [ 139.6425906, 35.4398266 ] } },
{ "type": "Feature", "properties": { "amenity_id": 1260, "kind": "shop", "name": "セブン-イレブン", "detail": "convenience" }, "geometry": { "type": "Point", "coordinates": [ 139.6443898, 35.4459897 ] } },
{ "type": "Feature", "properties": { "amenity_id": 1261, "kind": "shop", "name": "まいばすけっと", "detail": "supermarket" }, "geometry": { "type": "Point", "coordinates": [ 139.6436946, 35.4446973 ] } },
{ "type": "Feature", "properties": { "amenity_id": 1262, "kind": "shop", "name": "中国食堂", "detail": "restaurant" }, "geometry": { "type": "Point", "coordinates": [ 139.6450436, 35.4462273 ] } },
{ "type": "Feature", "properties": { "amenity_id": 1263, "kind": "shop", "name": "フレッシュネスバーガー", "detail": "fast_food" }, "geometry": { "type": "Point", "coordinates": [ 139.6359832, 35.4447403 ] } },
{ "type": "Feature", "properties": { "amenity_id": 1264, "kind": "shop", "name": "梅林", "detail": "restaurant" }, "geometry": { "type": "Point", "coordinates": [ 139.632454200000012, 35.446714 ] } },
{ "type": "Feature", "properties": { "amenity_id": 1265, "kind": "shop", "name": null, "detail": "hairdresser" }, "geometry": { "type": "Point", "coordinates": [ 139.665726300000017, 35.426039 ] } },
{ "type": "Feature", "properties": { "amenity_id": 1266, "kind": "shop", "name": "龍盛飯店", "detail": "restaurant" }, "geometry": { "type": "Point", "coordinates": [ 139.6443705, 35.4432056 ] } },
{ "type": "Feature", "properties": { "amenity_id": 1267, "kind": "shop", "name": "香港飲茶西遊記", "detail": "restaurant" }, "geometry": { "type": "Point", "coordinates": [ 139.646022400000021, 35.4434904 ] } },
{ "type": "Feature", "properties": { "amenity_id": 1268, "kind": "shop", "name": "崎陽軒", "detail": "restaurant" }, "geometry": { "type": "Point", "coordinates": [ 139.6456617, 35.4432996 ] } },
{ "type": "Feature", "properties": { "amenity_id": 1269, "kind": "shop", "name": null, "detail": "restaurant" }, "geometry": { "type": "Point", "coordinates": [ 139.6474229, 35.4436153 ] } },
{ "type": "Feature", "properties": { "amenity_id": 1270, "kind": "shop", "name": "華龍飯店", "detail": "restaurant" }, "geometry": { "type": "Point", "coordinates": [ 139.645181800000017, 35.4433505 ] } },
{ "type": "Feature", "properties": { "amenity_id": 1271, "kind": "shop", "name": "電光石火", "detail": "restaurant" }, "geometry": { "type": "Point", "coordinates": [ 139.630754700000011, 35.4524245 ] } },
{ "type": "Feature", "properties": { "amenity_id": 1272, "kind": "shop", "name": "アンダーブラフコーヒー", "detail": "cafe" }, "geometry": { "type": "Point", "coordinates": [ 139.651447, 35.4322005 ] } },
{ "type": "Feature", "properties": { "amenity_id": 1273, "kind": "shop", "name": "セブン-イレブン", "detail": "convenience" }, "geometry": { "type": "Point", "coordinates": [ 139.630031800000012, 35.4498341 ] } },
{ "type": "Feature", "properties": { "amenity_id": 1274, "kind": "shop", "name": "まいばすけっと", "detail": "supermarket" }, "geometry": { "type": "Point", "coordinates": [ 139.6357232, 35.4386387 ] } },
{ "type": "Feature", "properties": { "amenity_id": 1275, "kind": "shop", "name": "ローソン", "detail": "convenience" }, "geometry": { "type": "Point", "coordinates": [ 139.635504, 35.4409019 ] } },
{ "type": "Feature", "properties": { "amenity_id": 1276, "kind": "shop", "name": "CRAFT BEER DINING &9", "detail": "restaurant" }, "geometry": { "type": "Point", "coordinates": [ 139.64165060000002, 35.4450642 ] } },
{ "type": "Feature", "properties": { "amenity_id": 1277, "kind": "shop", "name": null, "detail": "restaurant" }, "geometry": { "type": "Point", "coordinates": [ 139.6448579, 35.4437831 ] } },
{ "type": "Feature", "properties": { "amenity_id": 1278, "kind": "shop", "name": "マウンテン", "detail": "restaurant" }, "geometry": { "type": "Point", "coordinates": [ 139.6413877, 35.4394898 ] } },
{ "type": "Feature", "properties": { "amenity_id": 1279, "kind": "shop", "name": "ROOTS", "detail": "hairdresser" }, "geometry": { "type": "Point", "coordinates": [ 139.6415345, 35.4395947 ] } },
{ "type": "Feature", "properties": { "amenity_id": 1280, "kind": "shop", "name": "鳥新", "detail": "restaurant" }, "geometry": { "type": "Point", "coordinates": [ 139.641623, 35.4396597 ] } },
{ "type": "Feature", "properties": { "amenity_id": 1281, "kind": "shop", "name": "ヘアーサロン モナコ", "detail": "hairdresser" }, "geometry": { "type": "Point", "coordinates": [ 139.6415795, 35.439628 ] } },
{ "type": "Feature", "properties": { "amenity_id": 1282, "kind": "shop", "name": "焼肉シンセン", "detail": "restaurant" }, "geometry": { "type": "Point", "coordinates": [ 139.6417525, 35.4397695 ] } },
{ "type": "Feature", "properties": { "amenity_id": 1283, "kind": "shop", "name": "まいばすけっと", "detail": "supermarket" }, "geometry": { "type": "Point", "coordinates": [ 139.6418256, 35.4398198 ] } },
{ "type": "Feature", "properties": { "amenity_id": 1284, "kind": "shop", "name": "BALLPARK BURGER &9", "detail": "restaurant" }, "geometry": { "type": "Point", "coordinates": [ 139.639884200000012, 35.4441137 ] } },
{ "type": "Feature", "properties": { "amenity_id": 1285, "kind": "shop", "name": "セブン-イレブン", "detail": "convenience" }, "geometry": { "type": "Point", "coordinates": [ 139.6349946, 35.4492433 ] } },
{ "type": "Feature", "properties": { "amenity_id": 1286, "kind": "shop", "name": "Il Chianti", "detail": "restaurant" }, "geometry": { "type": "Point", "coordinates": [ 139.6340539, 35.4496499 ] } },
{ "type": "Feature", "properties": { "amenity_id": 1287, "kind": "shop", "name": "Café the Rose", "detail": "cafe" }, "geometry": { "type": "Point", "coordinates": [ 139.6548314, 35.4387958 ] } },
{ "type": "Feature", "properties": { "amenity_id": 1288, "kind": "shop", "name": "ローソン", "detail": "convenience" }, "geometry": { "type": "Point", "coordinates": [ 139.6436366, 35.4383188 ] } },
{ "type": "Feature", "properties": { "amenity_id": 1289, "kind": "shop", "name": "CoCo壱番屋", "detail": "restaurant" }, "geometry": { "type": "Point", "coordinates": [ 139.644292, 35.4386441 ] } },
{ "type": "Feature", "properties": { "amenity_id": 1290, "kind": "shop", "name": "La Cocorico", "detail": "restaurant" }, "geometry": { "type": "Point", "coordinates": [ 139.643441100000018, 35.4526411 ] } },
{ "type": "Feature", "properties": { "amenity_id": 1291, "kind": "shop", "name": "A la campagne", "detail": "restaurant" }, "geometry": { "type": "Point", "coordinates": [ 139.6425151, 35.4524612 ] } },
{ "type": "Feature", "properties": { "amenity_id": 1292, "kind": "shop", "name": "Merengue", "detail": "restaurant" }, "geometry": { "type": "Point", "coordinates": [ 139.6433777, 35.4526305 ] } },
{ "type": "Feature", "properties": { "amenity_id": 1293, "kind": "shop", "name": "Milk Marché", "detail": "restaurant" }, "geometry": { "type": "Point", "coordinates": [ 139.6425845, 35.4524765 ] } },
{ "type": "Feature", "properties": { "amenity_id": 1294, "kind": "shop", "name": "Granny Smith", "detail": "restaurant" }, "geometry": { "type": "Point", "coordinates": [ 139.64268, 35.4524992 ] } },
{ "type": "Feature", "properties": { "amenity_id": 1295, "kind": "shop", "name": "不二家レストラン 横浜センター店", "detail": "restaurant" }, "geometry": { "type": "Point", "coordinates": [ 139.632768, 35.4442809 ] } },
{ "type": "Feature", "properties": { "amenity_id": 1296, "kind": "shop", "name": "崎陽軒 伊勢佐木モール店", "detail": "fast_food" }, "geometry": { "type": "Point", "coordinates": [ 139.6338007, 35.4452728 ] } },
{ "type": "Feature", "properties": { "amenity_id": 1297, "kind": "shop", "name": "麺処 おおぎ 蓬莱町店", "detail": "restaurant" }, "geometry": { "type": "Point", "coordinates": [ 139.6356216, 35.4432983 ] } },
{ "type": "Feature", "properties": { "amenity_id": 1298, "kind": "shop", "name": "トラットリア エトナマーレ 横浜ワールドポーターズ店", "detail": "restaurant" }, "geometry": { "type": "Point", "coordinates": [ 139.638002200000017, 35.4541327 ] } },
{ "type": "Feature", "properties": { "amenity_id": 1299, "kind": "shop", "name": "ありあけ ハーバースタジオ 横浜ハンマーヘッド店", "detail": "restaurant" }, "geometry": { "type": "Point", "coordinates": [ 139.642124100000018, 35.4562168 ] } },
{ "type": "Feature", "properties": { "amenity_id": 1300, "kind": "shop", "name": "VANILLABEANS THE ROASTERY", "detail": "restaurant" }, "geometry": { "type": "Point", "coordinates": [ 139.6419519, 35.4565386 ] } },
{ "type": "Feature", "properties": { "amenity_id": 1301, "kind": "shop", "name": "goodspoon", "detail": "restaurant" }, "geometry": { "type": "Point", "coordinates": [ 139.6425073, 35.4545605 ] } },
{ "type": "Feature", "properties": { "amenity_id": 1302, "kind": "shop", "name": "ファミリーマート", "detail": "convenience" }, "geometry": { "type": "Point", "coordinates": [ 139.6398882, 35.4525508 ] } },
{ "type": "Feature", "properties": { "amenity_id": 1303, "kind": "shop", "name": "TSUBAKI食堂", "detail": "restaurant" }, "geometry": { "type": "Point", "coordinates": [ 139.6340965, 35.4506632 ] } },
{ "type": "Feature", "properties": { "amenity_id": 1304, "kind": "shop", "name": "光龍飯店", "detail": "restaurant" }, "geometry": { "type": "Point", "coordinates": [ 139.6456269, 35.4422937 ] } },
{ "type": "Feature", "properties": { "amenity_id": 1305, "kind": "shop", "name": "セブン-イレブン", "detail": "convenience" }, "geometry": { "type": "Point", "coordinates": [ 139.6417467, 35.455583 ] } },
{ "type": "Feature", "properties": { "amenity_id": 1306, "kind": "shop", "name": "SHOT BAR YOKOHAMA RABBIT", "detail": "bar" }, "geometry": { "type": "Point", "coordinates": [ 139.62919260000001, 35.4454505 ] } },
{ "type": "Feature", "properties": { "amenity_id": 1307, "kind": "shop", "name": "be Rock", "detail": "bar" }, "geometry": { "type": "Point", "coordinates": [ 139.6298399, 35.4458241 ] } },
{ "type": "Feature", "properties": { "amenity_id": 1308, "kind": "shop", "name": "太田", "detail": "restaurant" }, "geometry": { "type": "Point", "coordinates": [ 139.6296246, 35.4457046 ] } },
{ "type": "Feature", "properties": { "amenity_id": 1309, "kind": "shop", "name": "Xuân Shop Việt Nhật - Yokohama", "detail": "supermarket" }, "geometry": { "type": "Point", "coordinates": [ 139.629491300000012, 35.4456008 ] } },
{ "type": "Feature", "properties": { "amenity_id": 1310, "kind": "shop", "name": "好記園", "detail": "restaurant" }, "geometry": { "type": "Point", "coordinates": [ 139.6481329, 35.4418957 ] } },
{ "type": "Feature", "properties": { "amenity_id": 1311, "kind": "shop", "name": "age picogram", "detail": "hairdresser" }, "geometry": { "type": "Point", "coordinates": [ 139.647033600000015, 35.4393166 ] } },
{ "type": "Feature", "properties": { "amenity_id": 1312, "kind": "shop", "name": "フクゾー洋品店", "detail": "clothes" }, "geometry": { "type": "Point", "coordinates": [ 139.6480924, 35.4402113 ] } },
{ "type": "Feature", "properties": { "amenity_id": 1313, "kind": "shop", "name": "カフェラミル横浜元町店", "detail": "cafe" }, "geometry": { "type": "Point", "coordinates": [ 139.6469903, 35.4395813 ] } },
{ "type": "Feature", "properties": { "amenity_id": 1314, "kind": "shop", "name": "炭火焙煎珈琲　無", "detail": "cafe" }, "geometry": { "type": "Point", "coordinates": [ 139.649982500000021, 35.4412138 ] } },
{ "type": "Feature", "properties": { "amenity_id": 1315, "kind": "shop", "name": "THE WHARF HOUSE", "detail": "restaurant" }, "geometry": { "type": "Point", "coordinates": [ 139.6465675, 35.4476634 ] } },
{ "type": "Feature", "properties": { "amenity_id": 1316, "kind": "shop", "name": "BLUE BLUE YOKOHAMA", "detail": "clothes" }, "geometry": { "type": "Point", "coordinates": [ 139.644836, 35.4484724 ] } },
{ "type": "Feature", "properties": { "amenity_id": 1317, "kind": "shop", "name": "セブン-イレブン", "detail": "convenience" }, "geometry": { "type": "Point", "coordinates": [ 139.630538200000018, 35.4418492 ] } },
{ "type": "Feature", "properties": { "amenity_id": 1318, "kind": "shop", "name": "皇朝 2号店", "detail": "restaurant" }, "geometry": { "type": "Point", "coordinates": [ 139.647835900000018, 35.4431809 ] } },
{ "type": "Feature", "properties": { "amenity_id": 1319, "kind": "shop", "name": "榮興號", "detail": "restaurant" }, "geometry": { "type": "Point", "coordinates": [ 139.6461251, 35.4435345 ] } },
{ "type": "Feature", "properties": { "amenity_id": 1320, "kind": "shop", "name": "snack てつ", "detail": "bar" }, "geometry": { "type": "Point", "coordinates": [ 139.6300991, 35.4462964 ] } },
{ "type": "Feature", "properties": { "amenity_id": 1321, "kind": "shop", "name": "いとうさんち", "detail": "bar" }, "geometry": { "type": "Point", "coordinates": [ 139.6301176, 35.446276 ] } },
{ "type": "Feature", "properties": { "amenity_id": 1322, "kind": "shop", "name": "タツノコ", "detail": "bar" }, "geometry": { "type": "Point", "coordinates": [ 139.6301655, 35.4462986 ] } },
{ "type": "Feature", "properties": { "amenity_id": 1323, "kind": "shop", "name": "うさぎ小屋", "detail": "bar" }, "geometry": { "type": "Point", "coordinates": [ 139.6301655, 35.4463298 ] } },
{ "type": "Feature", "properties": { "amenity_id": 1324, "kind": "shop", "name": "60Hz", "detail": "bar" }, "geometry": { "type": "Point", "coordinates": [ 139.63021950000001, 35.4463568 ] } },
{ "type": "Feature", "properties": { "amenity_id": 1325, "kind": "shop", "name": "わだち", "detail": "bar" }, "geometry": { "type": "Point", "coordinates": [ 139.63021280000001, 35.4463175 ] } },
{ "type": "Feature", "properties": { "amenity_id": 1326, "kind": "shop", "name": "Vale横浜野毛店", "detail": "bar" }, "geometry": { "type": "Point", "coordinates": [ 139.6302604, 35.4463776 ] } },
{ "type": "Feature", "properties": { "amenity_id": 1327, "kind": "shop", "name": "夜市", "detail": "bar" }, "geometry": { "type": "Point", "coordinates": [ 139.6303191, 35.4464106 ] } },
{ "type": "Feature", "properties": { "amenity_id": 1328, "kind": "shop", "name": "やきとり コッコ堂 立食", "detail": "restaurant" }, "geometry": { "type": "Point", "coordinates": [ 139.630422, 35.4464775 ] } },
{ "type": "Feature", "properties": { "amenity_id": 1329, "kind": "shop", "name": "THREE SHOT", "detail": "bar" }, "geometry": { "type": "Point", "coordinates": [ 139.6307299, 35.4467752 ] } },
{ "type": "Feature", "properties": { "amenity_id": 1330, "kind": "shop", "name": "マチルダ", "detail": "bar" }, "geometry": { "type": "Point", "coordinates": [ 139.6306913, 35.4467213 ] } },
{ "type": "Feature", "properties": { "amenity_id": 1331, "kind": "shop", "name": "佐久間", "detail": "restaurant" }, "geometry": { "type": "Point", "coordinates": [ 139.63066280000001, 35.446693 ] } },
{ "type": "Feature", "properties": { "amenity_id": 1332, "kind": "shop", "name": "我が家", "detail": "bar" }, "geometry": { "type": "Point", "coordinates": [ 139.6306159, 35.4466246 ] } },
{ "type": "Feature", "properties": { "amenity_id": 1333, "kind": "shop", "name": "てまり", "detail": "bar" }, "geometry": { "type": "Point", "coordinates": [ 139.6305342, 35.4465581 ] } },
{ "type": "Feature", "properties": { "amenity_id": 1334, "kind": "shop", "name": "ラブリークリーニング桜木町店", "detail": "dry_cleaning" }, "geometry": { "type": "Point", "coordinates": [ 139.6293968, 35.4510281 ] } },
{ "type": "Feature", "properties": { "amenity_id": 1335, "kind": "shop", "name": "ラブリークリーニング 馬車道店", "detail": "dry_cleaning" }, "geometry": { "type": "Point", "coordinates": [ 139.6378062, 35.4501164 ] } },
{ "type": "Feature", "properties": { "amenity_id": 1336, "kind": "shop", "name": "ラブリークリーニング 常盤町店", "detail": "dry_cleaning" }, "geometry": { "type": "Point", "coordinates": [ 139.638082, 35.4451032 ] } },
{ "type": "Feature", "properties": { "amenity_id": 1337, "kind": "shop", "name": "Cafe Giang", "detail": "cafe" }, "geometry": { "type": "Point", "coordinates": [ 139.6472688, 35.4438355 ] } },
{ "type": "Feature", "properties": { "amenity_id": 1338, "kind": "shop", "name": "トリニチサカバ", "detail": "restaurant" }, "geometry": { "type": "Point", "coordinates": [ 139.6303354, 35.4465482 ] } },
{ "type": "Feature", "properties": { "amenity_id": 1339, "kind": "shop", "name": "かりゆし", "detail": "bar" }, "geometry": { "type": "Point", "coordinates": [ 139.630258, 35.4464804 ] } },
{ "type": "Feature", "properties": { "amenity_id": 1340, "kind": "shop", "name": "まき", "detail": "bar" }, "geometry": { "type": "Point", "coordinates": [ 139.630178300000011, 35.4464345 ] } },
{ "type": "Feature", "properties": { "amenity_id": 1341, "kind": "shop", "name": "スターバックス", "detail": "cafe" }, "geometry": { "type": "Point", "coordinates": [ 139.632509200000015, 35.4506683 ] } },
{ "type": "Feature", "properties": { "amenity_id": 1342, "kind": "shop", "name": "まいばすけっと", "detail": "supermarket" }, "geometry": { "type": "Point", "coordinates": [ 139.648116, 35.4305424 ] } },
{ "type": "Feature", "properties": { "amenity_id": 1343, "kind": "shop", "name": "Kelly", "detail": "cafe" }, "geometry": { "type": "Point", "coordinates": [ 139.6444774, 35.4386968 ] } },
{ "type": "Feature", "properties": { "amenity_id": 1344, "kind": "shop", "name": "Lonestar Smoke House", "detail": "restaurant" }, "geometry": { "type": "Point", "coordinates": [ 139.642617800000011, 35.4444206 ] } },
{ "type": "Feature", "properties": { "amenity_id": 1345, "kind": "shop", "name": "なか卯 関内店", "detail": "fast_food" }, "geometry": { "type": "Point", "coordinates": [ 139.637866800000012, 35.4420219 ] } },
{ "type": "Feature", "properties": { "amenity_id": 1346, "kind": "shop", "name": "タリーズ馬車道駅店", "detail": "cafe" }, "geometry": { "type": "Point", "coordinates": [ 139.6359966, 35.4507458 ] } },
{ "type": "Feature", "properties": { "amenity_id": 1347, "kind": "shop", "name": "Dean & Deluca", "detail": "cafe" }, "geometry": { "type": "Point", "coordinates": [ 139.6307759, 35.4517492 ] } },
{ "type": "Feature", "properties": { "amenity_id": 1348, "kind": "shop", "name": "Aloha Cafe", "detail": "restaurant" }, "geometry": { "type": "Point", "coordinates": [ 139.6308434, 35.4521738 ] } },
{ "type": "Feature", "properties": { "amenity_id": 1349, "kind": "shop", "name": "Paul", "detail": "bakery" }, "geometry": { "type": "Point", "coordinates": [ 139.6309697, 35.4518706 ] } },
{ "type": "Feature", "properties": { "amenity_id": 1350, "kind": "shop", "name": "ちぇっくいん横浜女学園", "detail": "restaurant" }, "geometry": { "type": "Point", "coordinates": [ 139.631463600000018, 35.4438954 ] } },
{ "type": "Feature", "properties": { "amenity_id": 1351, "kind": "shop", "name": "馬さんの店　上海園・龍仙", "detail": "restaurant" }, "geometry": { "type": "Point", "coordinates": [ 139.644012300000014, 35.4419937 ] } },
{ "type": "Feature", "properties": { "amenity_id": 1352, "kind": "shop", "name": "ファミリーマート", "detail": "convenience" }, "geometry": { "type": "Point", "coordinates": [ 139.626392800000019, 35.4396171 ] } },
{ "type": "Feature", "properties": { "amenity_id": 1353, "kind": "shop", "name": "デイリーヤマザキ", "detail": "convenience" }, "geometry": { "type": "Point", "coordinates": [ 139.638945700000022, 35.4457976 ] } },
{ "type": "Feature", "properties": { "amenity_id": 1354, "kind": "shop", "name": "ファミリーマート", "detail": "convenience" }, "geometry": { "type": "Point", "coordinates": [ 139.6373591, 35.4457899 ] } },
{ "type": "Feature", "properties": { "amenity_id": 1355, "kind": "shop", "name": "ローソン", "detail": "convenience" }, "geometry": { "type": "Point", "coordinates": [ 139.6316143, 35.4448681 ] } },
{ "type": "Feature", "properties": { "amenity_id": 1356, "kind": "shop", "name": "ラーメン鹿島家", "detail": "restaurant" }, "geometry": { "type": "Point", "coordinates": [ 139.641726300000016, 35.4399539 ] } },
{ "type": "Feature", "properties": { "amenity_id": 1357, "kind": "shop", "name": "まいばすけっと石川町駅北店", "detail": "supermarket" }, "geometry": { "type": "Point", "coordinates": [ 139.640942500000023, 35.4405713 ] } },
{ "type": "Feature", "properties": { "amenity_id": 1358, "kind": "shop", "name": "カレーハウスCoCo壱番屋中区本町店", "detail": "restaurant" }, "geometry": { "type": "Point", "coordinates": [ 139.6396513, 35.4485671 ] } },
{ "type": "Feature", "properties": { "amenity_id": 1359, "kind": "shop", "name": "ゆで太郎もつ次郎関内本町通り店", "detail": "restaurant" }, "geometry": { "type": "Point", "coordinates": [ 139.63941220000001, 35.4486916 ] } },
{ "type": "Feature", "properties": { "amenity_id": 1360, "kind": "shop", "name": "杯一食堂", "detail": "restaurant" }, "geometry": { "type": "Point", "coordinates": [ 139.639482900000019, 35.4487884 ] } },
{ "type": "Feature", "properties": { "amenity_id": 1361, "kind": "shop", "name": "十六夜", "detail": "restaurant" }, "geometry": { "type": "Point", "coordinates": [ 139.6397743, 35.4487525 ] } },
{ "type": "Feature", "properties": { "amenity_id": 1362, "kind": "shop", "name": "二笑庵", "detail": "restaurant" }, "geometry": { "type": "Point", "coordinates": [ 139.6396833, 35.4487873 ] } },
{ "type": "Feature", "properties": { "amenity_id": 1363, "kind": "shop", "name": "一角家関内店", "detail": "restaurant" }, "geometry": { "type": "Point", "coordinates": [ 139.639586800000018, 35.4485876 ] } },
{ "type": "Feature", "properties": { "amenity_id": 1364, "kind": "shop", "name": "味のラーメン 海賊", "detail": "restaurant" }, "geometry": { "type": "Point", "coordinates": [ 139.638802200000015, 35.4478783 ] } },
{ "type": "Feature", "properties": { "amenity_id": 1365, "kind": "shop", "name": "あぐーしゃぶしゃぶ青関内・馬車道店", "detail": "restaurant" }, "geometry": { "type": "Point", "coordinates": [ 139.6389815, 35.4478601 ] } },
{ "type": "Feature", "properties": { "amenity_id": 1366, "kind": "shop", "name": "満天星", "detail": "restaurant" }, "geometry": { "type": "Point", "coordinates": [ 139.639379600000012, 35.4477859 ] } },
{ "type": "Feature", "properties": { "amenity_id": 1367, "kind": "shop", "name": "ヤキトリまだらや", "detail": "restaurant" }, "geometry": { "type": "Point", "coordinates": [ 139.638910900000013, 35.447766 ] } },
{ "type": "Feature", "properties": { "amenity_id": 1368, "kind": "shop", "name": "小料理てまりてまり", "detail": "restaurant" }, "geometry": { "type": "Point", "coordinates": [ 139.6390399, 35.4479292 ] } },
{ "type": "Feature", "properties": { "amenity_id": 1369, "kind": "shop", "name": null, "detail": "restaurant" }, "geometry": { "type": "Point", "coordinates": [ 139.6388776, 35.4477206 ] } },
{ "type": "Feature", "properties": { "amenity_id": 1370, "kind": "shop", "name": "焼鳥 美鶏", "detail": "restaurant" }, "geometry": { "type": "Point", "coordinates": [ 139.6387852, 35.446719 ] } },
{ "type": "Feature", "properties": { "amenity_id": 1371, "kind": "shop", "name": "杉よし", "detail": "restaurant" }, "geometry": { "type": "Point", "coordinates": [ 139.638946300000015, 35.4467495 ] } },
{ "type": "Feature", "properties": { "amenity_id": 1372, "kind": "shop", "name": "和創作いろは関内", "detail": "restaurant" }, "geometry": { "type": "Point", "coordinates": [ 139.638804, 35.4466763 ] } },
{ "type": "Feature", "properties": { "amenity_id": 1373, "kind": "shop", "name": "焼き鳥さいとう", "detail": "restaurant" }, "geometry": { "type": "Point", "coordinates": [ 139.6385797, 35.4468064 ] } },
{ "type": "Feature", "properties": { "amenity_id": 1374, "kind": "shop", "name": "ブラスリー 小島", "detail": "restaurant" }, "geometry": { "type": "Point", "coordinates": [ 139.6389038, 35.4466113 ] } },
{ "type": "Feature", "properties": { "amenity_id": 1375, "kind": "shop", "name": "鉄板焼料理美安", "detail": "restaurant" }, "geometry": { "type": "Point", "coordinates": [ 139.638678200000015, 35.4467577 ] } },
{ "type": "Feature", "properties": { "amenity_id": 1376, "kind": "shop", "name": "鮨ひろ瀬", "detail": "restaurant" }, "geometry": { "type": "Point", "coordinates": [ 139.638365, 35.446916 ] } },
{ "type": "Feature", "properties": { "amenity_id": 1377, "kind": "shop", "name": "焼肉とらちゃん", "detail": "restaurant" }, "geometry": { "type": "Point", "coordinates": [ 139.6386369, 35.446777 ] } },
{ "type": "Feature", "properties": { "amenity_id": 1378, "kind": "shop", "name": "和", "detail": "restaurant" }, "geometry": { "type": "Point", "coordinates": [ 139.638404900000012, 35.4469626 ] } },
{ "type": "Feature", "properties": { "amenity_id": 1379, "kind": "shop", "name": "喫茶＆BAR こだま堂", "detail": "fast_food" }, "geometry": { "type": "Point", "coordinates": [ 139.639028700000011, 35.4467206 ] } },
{ "type": "Feature", "properties": { "amenity_id": 1380, "kind": "shop", "name": "友盛貿易㈱", "detail": "supermarket" }, "geometry": { "type": "Point", "coordinates": [ 139.6387324, 35.4468734 ] } },
{ "type": "Feature", "properties": { "amenity_id": 1381, "kind": "shop", "name": "BeeN", "detail": "restaurant" }, "geometry": { "type": "Point", "coordinates": [ 139.638276500000018, 35.4468702 ] } },
{ "type": "Feature", "properties": { "amenity_id": 1382, "kind": "shop", "name": "ビーフティックB.B.", "detail": "restaurant" }, "geometry": { "type": "Point", "coordinates": [ 139.639102900000012, 35.4476474 ] } },
{ "type": "Feature", "properties": { "amenity_id": 1383, "kind": "shop", "name": "富盛", "detail": "restaurant" }, "geometry": { "type": "Point", "coordinates": [ 139.6390139, 35.4476362 ] } },
{ "type": "Feature", "properties": { "amenity_id": 1384, "kind": "shop", "name": "ダイニング京", "detail": "restaurant" }, "geometry": { "type": "Point", "coordinates": [ 139.638946300000015, 35.447562 ] } },
{ "type": "Feature", "properties": { "amenity_id": 1385, "kind": "shop", "name": "オイスターガーデン", "detail": "restaurant" }, "geometry": { "type": "Point", "coordinates": [ 139.639121500000016, 35.4475929 ] } },
{ "type": "Feature", "properties": { "amenity_id": 1386, "kind": "shop", "name": "はやし屋", "detail": "restaurant" }, "geometry": { "type": "Point", "coordinates": [ 139.639368500000018, 35.4471395 ] } },
{ "type": "Feature", "properties": { "amenity_id": 1387, "kind": "shop", "name": "鉄板ダイニング哲", "detail": "restaurant" }, "geometry": { "type": "Point", "coordinates": [ 139.6394607, 35.4467248 ] } },
{ "type": "Feature", "properties": { "amenity_id": 1388, "kind": "shop", "name": "割烹 乃月", "detail": "restaurant" }, "geometry": { "type": "Point", "coordinates": [ 139.6394568, 35.4470816 ] } },
{ "type": "Feature", "properties": { "amenity_id": 1389, "kind": "shop", "name": "はま田", "detail": "restaurant" }, "geometry": { "type": "Point", "coordinates": [ 139.639509, 35.4467803 ] } },
{ "type": "Feature", "properties": { "amenity_id": 1390, "kind": "shop", "name": "鳥しるべ", "detail": "restaurant" }, "geometry": { "type": "Point", "coordinates": [ 139.6396588, 35.4469797 ] } },
{ "type": "Feature", "properties": { "amenity_id": 1391, "kind": "shop", "name": "ニュー麺屋ふうすけ", "detail": "restaurant" }, "geometry": { "type": "Point", "coordinates": [ 139.639747100000022, 35.446739 ] } },
{ "type": "Feature", "properties": { "amenity_id": 1392, "kind": "shop", "name": "香港酒家 景気", "detail": "restaurant" }, "geometry": { "type": "Point", "coordinates": [ 139.639588800000013, 35.4468844 ] } },
{ "type": "Feature", "properties": { "amenity_id": 1393, "kind": "shop", "name": "プラン", "detail": "fast_food" }, "geometry": { "type": "Point", "coordinates": [ 139.6392169, 35.4468803 ] } },
{ "type": "Feature", "properties": { "amenity_id": 1394, "kind": "shop", "name": "中華マニア", "detail": "restaurant" }, "geometry": { "type": "Point", "coordinates": [ 139.6393495, 35.4471031 ] } },
{ "type": "Feature", "properties": { "amenity_id": 1395, "kind": "shop", "name": "まいばすけっと", "detail": "supermarket" }, "geometry": { "type": "Point", "coordinates": [ 139.6399074, 35.4484372 ] } },
{ "type": "Feature", "properties": { "amenity_id": 1396, "kind": "shop", "name": "鮨さくら", "detail": "restaurant" }, "geometry": { "type": "Point", "coordinates": [ 139.640242, 35.4475412 ] } },
{ "type": "Feature", "properties": { "amenity_id": 1397, "kind": "shop", "name": "Oven Bagle", "detail": "bakery" }, "geometry": { "type": "Point", "coordinates": [ 139.640063, 35.448369 ] } },
{ "type": "Feature", "properties": { "amenity_id": 1398, "kind": "shop", "name": "寿し処相澤", "detail": "restaurant" }, "geometry": { "type": "Point", "coordinates": [ 139.6393492, 35.4473666 ] } },
{ "type": "Feature", "properties": { "amenity_id": 1399, "kind": "shop", "name": "横濱KAN", "detail": "restaurant" }, "geometry": { "type": "Point", "coordinates": [ 139.6401725, 35.4473923 ] } },
{ "type": "Feature", "properties": { "amenity_id": 1400, "kind": "shop", "name": "空海本店", "detail": "restaurant" }, "geometry": { "type": "Point", "coordinates": [ 139.6401792, 35.4466813 ] } },
{ "type": "Feature", "properties": { "amenity_id": 1401, "kind": "shop", "name": "スーヤ", "detail": "restaurant" }, "geometry": { "type": "Point", "coordinates": [ 139.640136400000017, 35.4473937 ] } },
{ "type": "Feature", "properties": { "amenity_id": 1402, "kind": "shop", "name": "馬肉料理専門店さくら", "detail": "restaurant" }, "geometry": { "type": "Point", "coordinates": [ 139.6393505, 35.447333 ] } },
{ "type": "Feature", "properties": { "amenity_id": 1403, "kind": "shop", "name": "昭和歌謡曲バー あの頃や", "detail": "bar" }, "geometry": { "type": "Point", "coordinates": [ 139.630174900000014, 35.4479817 ] } },
{ "type": "Feature", "properties": { "amenity_id": 1404, "kind": "shop", "name": "Kamamachi 63", "detail": "bar" }, "geometry": { "type": "Point", "coordinates": [ 139.635514300000011, 35.4486423 ] } },
{ "type": "Feature", "properties": { "amenity_id": 1405, "kind": "shop", "name": "Jazz & Coffee Marshmallow", "detail": "bar" }, "geometry": { "type": "Point", "coordinates": [ 139.6433457, 35.4423224 ] } },
{ "type": "Feature", "properties": { "amenity_id": 1406, "kind": "shop", "name": "Marine cafe", "detail": "cafe" }, "geometry": { "type": "Point", "coordinates": [ 139.6616908, 35.4130698 ] } },
{ "type": "Feature", "properties": { "amenity_id": 1407, "kind": "shop", "name": "三郎寿司", "detail": "restaurant" }, "geometry": { "type": "Point", "coordinates": [ 139.650587700000017, 35.4403608 ] } },
{ "type": "Feature", "properties": { "amenity_id": 1408, "kind": "shop", "name": "ペンギンベーカリー 横浜元町店", "detail": "bakery" }, "geometry": { "type": "Point", "coordinates": [ 139.644666700000016, 35.4386446 ] } },
{ "type": "Feature", "properties": { "amenity_id": 1409, "kind": "shop", "name": "Luana by age picogram", "detail": "hairdresser" }, "geometry": { "type": "Point", "coordinates": [ 139.6453363, 35.4388618 ] } },
{ "type": "Feature", "properties": { "amenity_id": 1410, "kind": "shop", "name": "明華", "detail": "restaurant" }, "geometry": { "type": "Point", "coordinates": [ 139.6402768, 35.4181903 ] } },
{ "type": "Feature", "properties": { "amenity_id": 1411, "kind": "shop", "name": "韓国料理+故郷の家", "detail": "restaurant" }, "geometry": { "type": "Point", "coordinates": [ 139.6640572, 35.4207771 ] } },
{ "type": "Feature", "properties": { "amenity_id": 1412, "kind": "shop", "name": "本牧霧亭", "detail": "bar" }, "geometry": { "type": "Point", "coordinates": [ 139.664861200000018, 35.420835 ] } },
{ "type": "Feature", "properties": { "amenity_id": 1413, "kind": "shop", "name": "オムキッチン", "detail": "restaurant" }, "geometry": { "type": "Point", "coordinates": [ 139.665404600000016, 35.4205988 ] } },
{ "type": "Feature", "properties": { "amenity_id": 1414, "kind": "shop", "name": "みなと", "detail": "restaurant" }, "geometry": { "type": "Point", "coordinates": [ 139.6654485, 35.4223629 ] } },
{ "type": "Feature", "properties": { "amenity_id": 1415, "kind": "shop", "name": "ジョリーパスタ本牧店", "detail": "restaurant" }, "geometry": { "type": "Point", "coordinates": [ 139.662888400000014, 35.4222017 ] } },
{ "type": "Feature", "properties": { "amenity_id": 1416, "kind": "shop", "name": "マツザキ商店", "detail": "clothes" }, "geometry": { "type": "Point", "coordinates": [ 139.6624332, 35.4217622 ] } },
{ "type": "Feature", "properties": { "amenity_id": 1417, "kind": "shop", "name": "HONMOKU Hachi café", "detail": "cafe" }, "geometry": { "type": "Point", "coordinates": [ 139.6612977, 35.421604 ] } },
{ "type": "Feature", "properties": { "amenity_id": 1418, "kind": "shop", "name": "本牧まかど 豆松", "detail": "restaurant" }, "geometry": { "type": "Point", "coordinates": [ 139.6611124, 35.4215674 ] } },
{ "type": "Feature", "properties": { "amenity_id": 1419, "kind": "shop", "name": "カフェ&レストラン ドルフィン", "detail": "restaurant" }, "geometry": { "type": "Point", "coordinates": [ 139.637091700000013, 35.4198381 ] } },
{ "type": "Feature", "properties": { "amenity_id": 1420, "kind": "shop", "name": "純喫茶 モデル", "detail": "cafe" }, "geometry": { "type": "Point", "coordinates": [ 139.6423392, 35.4397183 ] } },
{ "type": "Feature", "properties": { "amenity_id": 1421, "kind": "shop", "name": "馬車道十番館", "detail": "cafe" }, "geometry": { "type": "Point", "coordinates": [ 139.6348788, 35.4473792 ] } },
{ "type": "Feature", "properties": { "amenity_id": 1422, "kind": "shop", "name": "桜山ホテルカフェ", "detail": "cafe" }, "geometry": { "type": "Point", "coordinates": [ 139.662254600000011, 35.4202571 ] } },
{ "type": "Feature", "properties": { "amenity_id": 1423, "kind": "shop", "name": "ロビーラウンジ ラ・テラス", "detail": "cafe" }, "geometry": { "type": "Point", "coordinates": [ 139.64948560000002, 35.4448942 ] } },
{ "type": "Feature", "properties": { "amenity_id": 1424, "kind": "shop", "name": "ル・ノルマンディ", "detail": "restaurant" }, "geometry": { "type": "Point", "coordinates": [ 139.6493897, 35.4450513 ] } },
{ "type": "Feature", "properties": { "amenity_id": 1425, "kind": "shop", "name": "コーヒーハウス ザ・カフェ 横浜", "detail": "restaurant" }, "geometry": { "type": "Point", "coordinates": [ 139.649986900000016, 35.4448193 ] } },
{ "type": "Feature", "properties": { "amenity_id": 1426, "kind": "shop", "name": "イル・ジャルディーノ", "detail": "restaurant" }, "geometry": { "type": "Point", "coordinates": [ 139.6499119, 35.4446572 ] } },
{ "type": "Feature", "properties": { "amenity_id": 1427, "kind": "shop", "name": "天婦羅 登良屋", "detail": "restaurant" }, "geometry": { "type": "Point", "coordinates": [ 139.6332313, 35.4452356 ] } },
{ "type": "Feature", "properties": { "amenity_id": 1428, "kind": "shop", "name": "割烹蒲焼 わかな", "detail": "restaurant" }, "geometry": { "type": "Point", "coordinates": [ 139.634097700000012, 35.4463533 ] } },
{ "type": "Feature", "properties": { "amenity_id": 1429, "kind": "shop", "name": "茶つぼ", "detail": "restaurant" }, "geometry": { "type": "Point", "coordinates": [ 139.6480608, 35.438841 ] } },
{ "type": "Feature", "properties": { "amenity_id": 1430, "kind": "shop", "name": "自家焙煎珈琲カフェハンズ", "detail": "cafe" }, "geometry": { "type": "Point", "coordinates": [ 139.6410088, 35.4182431 ] } },
{ "type": "Feature", "properties": { "amenity_id": 1431, "kind": "shop", "name": "nico nico cut", "detail": "hairdresser" }, "geometry": { "type": "Point", "coordinates": [ 139.628326, 35.4404285 ] } },
{ "type": "Feature", "properties": { "amenity_id": 1432, "kind": "shop", "name": "セブン-イレブン", "detail": "convenience" }, "geometry": { "type": "Point", "coordinates": [ 139.6083677, 35.4136744 ] } },
{ "type": "Feature", "properties": { "amenity_id": 1433, "kind": "shop", "name": "京急ストア", "detail": "supermarket" }, "geometry": { "type": "Point", "coordinates": [ 139.608653300000014, 35.4141391 ] } },
{ "type": "Feature", "properties": { "amenity_id": 1434, "kind": "shop", "name": "セブン-イレブン", "detail": "convenience" }, "geometry": { "type": "Point", "coordinates": [ 139.6127697, 35.4180869 ] } },
{ "type": "Feature", "properties": { "amenity_id": 1435, "kind": "shop", "name": "ファミリー丸岡", "detail": "supermarket" }, "geometry": { "type": "Point", "coordinates": [ 139.6084036, 35.4131314 ] } },
{ "type": "Feature", "properties": { "amenity_id": 1436, "kind": "shop", "name": "セブン-イレブン", "detail": "convenience" }, "geometry": { "type": "Point", "coordinates": [ 139.617941700000017, 35.3885357 ] } },
{ "type": "Feature", "properties": { "amenity_id": 1437, "kind": "shop", "name": "イトーヨーカドー", "detail": "supermarket" }, "geometry": { "type": "Point", "coordinates": [ 139.59396, 35.3801958 ] } },
{ "type": "Feature", "properties": { "amenity_id": 1438, "kind": "shop", "name": "セブン-イレブン", "detail": "convenience" }, "geometry": { "type": "Point", "coordinates": [ 139.598127200000022, 35.3749178 ] } },
{ "type": "Feature", "properties": { "amenity_id": 1439, "kind": "shop", "name": "京急ストア　屏風浦店", "detail": "supermarket" }, "geometry": { "type": "Point", "coordinates": [ 139.6111942, 35.3947832 ] } },
{ "type": "Feature", "properties": { "amenity_id": 1440, "kind": "shop", "name": "ロイヤルホスト", "detail": "restaurant" }, "geometry": { "type": "Point", "coordinates": [ 139.610416, 35.3951674 ] } },
{ "type": "Feature", "properties": { "amenity_id": 1441, "kind": "shop", "name": "ガスト", "detail": "restaurant" }, "geometry": { "type": "Point", "coordinates": [ 139.62276, 35.3809523 ] } },
{ "type": "Feature", "properties": { "amenity_id": 1442, "kind": "shop", "name": "ローソン", "detail": "convenience" }, "geometry": { "type": "Point", "coordinates": [ 139.6280322, 35.4081381 ] } },
{ "type": "Feature", "properties": { "amenity_id": 1443, "kind": "shop", "name": "ローソン 磯子丸山店 (LAWSON)", "detail": "convenience" }, "geometry": { "type": "Point", "coordinates": [ 139.6229183, 35.4258843 ] } },
{ "type": "Feature", "properties": { "amenity_id": 1444, "kind": "shop", "name": "スターバックス", "detail": "cafe" }, "geometry": { "type": "Point", "coordinates": [ 139.619390400000015, 35.3850046 ] } },
{ "type": "Feature", "properties": { "amenity_id": 1445, "kind": "shop", "name": "マクドナルド根岸(McDonald)", "detail": "fast_food" }, "geometry": { "type": "Point", "coordinates": [ 139.634552, 35.4156806 ] } },
{ "type": "Feature", "properties": { "amenity_id": 1446, "kind": "shop", "name": "ピーコックストア", "detail": "supermarket" }, "geometry": { "type": "Point", "coordinates": [ 139.5961897, 35.3790804 ] } },
{ "type": "Feature", "properties": { "amenity_id": 1447, "kind": "shop", "name": "東急ストア", "detail": "supermarket" }, "geometry": { "type": "Point", "coordinates": [ 139.5961737, 35.3779661 ] } },
{ "type": "Feature", "properties": { "amenity_id": 1448, "kind": "shop", "name": "ローソン", "detail": "convenience" }, "geometry": { "type": "Point", "coordinates": [ 139.614915, 35.396787 ] } },
{ "type": "Feature", "properties": { "amenity_id": 1449, "kind": "shop", "name": "ローソン", "detail": "convenience" }, "geometry": { "type": "Point", "coordinates": [ 139.619501500000013, 35.4030434 ] } },
{ "type": "Feature", "properties": { "amenity_id": 1450, "kind": "shop", "name": "ローソン", "detail": "convenience" }, "geometry": { "type": "Point", "coordinates": [ 139.6223617, 35.4100878 ] } },
{ "type": "Feature", "properties": { "amenity_id": 1451, "kind": "shop", "name": "ローソンストア100", "detail": "convenience" }, "geometry": { "type": "Point", "coordinates": [ 139.616092, 35.3986909 ] } },
{ "type": "Feature", "properties": { "amenity_id": 1452, "kind": "shop", "name": "ミスタードーナツ (Mister Donut)", "detail": "bakery" }, "geometry": { "type": "Point", "coordinates": [ 139.635639700000013, 35.4163039 ] } },
{ "type": "Feature", "properties": { "amenity_id": 1453, "kind": "shop", "name": "コーヒーショップ えるむ", "detail": "cafe" }, "geometry": { "type": "Point", "coordinates": [ 139.610469, 35.394603 ] } },
{ "type": "Feature", "properties": { "amenity_id": 1454, "kind": "shop", "name": "どんなもんじゃ", "detail": "fast_food" }, "geometry": { "type": "Point", "coordinates": [ 139.614625, 35.392739 ] } },
{ "type": "Feature", "properties": { "amenity_id": 1455, "kind": "shop", "name": "くら寿司", "detail": "fast_food" }, "geometry": { "type": "Point", "coordinates": [ 139.615519, 35.392532 ] } },
{ "type": "Feature", "properties": { "amenity_id": 1456, "kind": "shop", "name": "Barber シラハタ", "detail": "hairdresser" }, "geometry": { "type": "Point", "coordinates": [ 139.614015200000011, 35.3935877 ] } },
{ "type": "Feature", "properties": { "amenity_id": 1457, "kind": "shop", "name": "ラーメン杉田家", "detail": "fast_food" }, "geometry": { "type": "Point", "coordinates": [ 139.618081, 35.3882179 ] } },
{ "type": "Feature", "properties": { "amenity_id": 1458, "kind": "shop", "name": "中国料理 福園", "detail": "restaurant" }, "geometry": { "type": "Point", "coordinates": [ 139.618212, 35.388084 ] } },
{ "type": "Feature", "properties": { "amenity_id": 1459, "kind": "shop", "name": "焼肉 若", "detail": "restaurant" }, "geometry": { "type": "Point", "coordinates": [ 139.618203, 35.388084 ] } },
{ "type": "Feature", "properties": { "amenity_id": 1460, "kind": "shop", "name": "立呑酒場 はちまる", "detail": "bar" }, "geometry": { "type": "Point", "coordinates": [ 139.61823, 35.388008 ] } },
{ "type": "Feature", "properties": { "amenity_id": 1461, "kind": "shop", "name": "中華食堂 中原亭", "detail": "restaurant" }, "geometry": { "type": "Point", "coordinates": [ 139.618667500000015, 35.3874367 ] } },
{ "type": "Feature", "properties": { "amenity_id": 1462, "kind": "shop", "name": "牛タン炭火焼 たんとたんと", "detail": "restaurant" }, "geometry": { "type": "Point", "coordinates": [ 139.618724, 35.387357 ] } },
{ "type": "Feature", "properties": { "amenity_id": 1463, "kind": "shop", "name": "ろばた割烹 濱太郎", "detail": "restaurant" }, "geometry": { "type": "Point", "coordinates": [ 139.618777, 35.387281 ] } },
{ "type": "Feature", "properties": { "amenity_id": 1464, "kind": "shop", "name": "串焼料理 串の坊", "detail": "restaurant" }, "geometry": { "type": "Point", "coordinates": [ 139.6189828, 35.3870588 ] } },
{ "type": "Feature", "properties": { "amenity_id": 1465, "kind": "shop", "name": "ドトールコーヒーショップ", "detail": "cafe" }, "geometry": { "type": "Point", "coordinates": [ 139.619063, 35.386928 ] } },
{ "type": "Feature", "properties": { "amenity_id": 1466, "kind": "shop", "name": "立ち飲み 日高", "detail": "bar" }, "geometry": { "type": "Point", "coordinates": [ 139.619292, 35.386843 ] } },
{ "type": "Feature", "properties": { "amenity_id": 1467, "kind": "shop", "name": "日高屋", "detail": "restaurant" }, "geometry": { "type": "Point", "coordinates": [ 139.61933, 35.386771 ] } },
{ "type": "Feature", "properties": { "amenity_id": 1468, "kind": "shop", "name": "マクドナルド", "detail": "fast_food" }, "geometry": { "type": "Point", "coordinates": [ 139.619616800000017, 35.3864067 ] } },
{ "type": "Feature", "properties": { "amenity_id": 1469, "kind": "shop", "name": "ヴィ・ド・フランス", "detail": "bakery" }, "geometry": { "type": "Point", "coordinates": [ 139.61975080000002, 35.3863994 ] } },
{ "type": "Feature", "properties": { "amenity_id": 1470, "kind": "shop", "name": "NewDays", "detail": "convenience" }, "geometry": { "type": "Point", "coordinates": [ 139.619643, 35.386499 ] } },
{ "type": "Feature", "properties": { "amenity_id": 1471, "kind": "shop", "name": "中華菜館 龍園", "detail": "restaurant" }, "geometry": { "type": "Point", "coordinates": [ 139.620039, 35.385869 ] } },
{ "type": "Feature", "properties": { "amenity_id": 1472, "kind": "shop", "name": "海鮮寿司 磯っこ", "detail": "restaurant" }, "geometry": { "type": "Point", "coordinates": [ 139.620184, 35.385745 ] } },
{ "type": "Feature", "properties": { "amenity_id": 1473, "kind": "shop", "name": "ペッパーランチ", "detail": "restaurant" }, "geometry": { "type": "Point", "coordinates": [ 139.620041, 35.385922 ] } },
{ "type": "Feature", "properties": { "amenity_id": 1474, "kind": "shop", "name": "ドトールコーヒーショップ", "detail": "cafe" }, "geometry": { "type": "Point", "coordinates": [ 139.620117, 35.385962 ] } },
{ "type": "Feature", "properties": { "amenity_id": 1475, "kind": "shop", "name": "そば茶屋 小諸", "detail": "restaurant" }, "geometry": { "type": "Point", "coordinates": [ 139.619829, 35.386402 ] } },
{ "type": "Feature", "properties": { "amenity_id": 1476, "kind": "shop", "name": "とんかつ和幸", "detail": "restaurant" }, "geometry": { "type": "Point", "coordinates": [ 139.619931400000013, 35.3861784 ] } },
{ "type": "Feature", "properties": { "amenity_id": 1477, "kind": "shop", "name": "ユニクロ", "detail": "clothes" }, "geometry": { "type": "Point", "coordinates": [ 139.619858, 35.386128 ] } },
{ "type": "Feature", "properties": { "amenity_id": 1478, "kind": "shop", "name": null, "detail": "dry_cleaning" }, "geometry": { "type": "Point", "coordinates": [ 139.62017, 35.385871 ] } },
{ "type": "Feature", "properties": { "amenity_id": 1479, "kind": "shop", "name": "かまどや", "detail": "fast_food" }, "geometry": { "type": "Point", "coordinates": [ 139.614503, 35.395337 ] } },
{ "type": "Feature", "properties": { "amenity_id": 1480, "kind": "shop", "name": "Triple ef", "detail": "hairdresser" }, "geometry": { "type": "Point", "coordinates": [ 139.614038, 35.395274 ] } },
{ "type": "Feature", "properties": { "amenity_id": 1481, "kind": "shop", "name": "徳江理容室", "detail": "hairdresser" }, "geometry": { "type": "Point", "coordinates": [ 139.614003, 35.395274 ] } },
{ "type": "Feature", "properties": { "amenity_id": 1482, "kind": "shop", "name": "Hair lounge MIND", "detail": "hairdresser" }, "geometry": { "type": "Point", "coordinates": [ 139.610155, 35.394781 ] } },
{ "type": "Feature", "properties": { "amenity_id": 1483, "kind": "shop", "name": "ファミリースナック 光子", "detail": "bar" }, "geometry": { "type": "Point", "coordinates": [ 139.610213, 35.394774 ] } },
{ "type": "Feature", "properties": { "amenity_id": 1484, "kind": "shop", "name": "奴寿司", "detail": "restaurant" }, "geometry": { "type": "Point", "coordinates": [ 139.614544, 35.394156 ] } },
{ "type": "Feature", "properties": { "amenity_id": 1485, "kind": "shop", "name": "スナック ココナッツ", "detail": "bar" }, "geometry": { "type": "Point", "coordinates": [ 139.61420560000002, 35.3938612 ] } },
{ "type": "Feature", "properties": { "amenity_id": 1486, "kind": "shop", "name": "焼肉 明月館", "detail": "restaurant" }, "geometry": { "type": "Point", "coordinates": [ 139.614514, 35.394382 ] } },
{ "type": "Feature", "properties": { "amenity_id": 1487, "kind": "shop", "name": "クリーニング まつうら", "detail": "dry_cleaning" }, "geometry": { "type": "Point", "coordinates": [ 139.6141562, 35.3946143 ] } },
{ "type": "Feature", "properties": { "amenity_id": 1488, "kind": "shop", "name": "中国家庭料理 福龍園", "detail": "restaurant" }, "geometry": { "type": "Point", "coordinates": [ 139.6140905, 35.3947614 ] } },
{ "type": "Feature", "properties": { "amenity_id": 1489, "kind": "shop", "name": "New Delhi", "detail": "restaurant" }, "geometry": { "type": "Point", "coordinates": [ 139.61261, 35.394994 ] } },
{ "type": "Feature", "properties": { "amenity_id": 1490, "kind": "shop", "name": "中華 桃太郎", "detail": "restaurant" }, "geometry": { "type": "Point", "coordinates": [ 139.61213, 35.394965 ] } },
{ "type": "Feature", "properties": { "amenity_id": 1491, "kind": "shop", "name": "ブティック エステル", "detail": "clothes" }, "geometry": { "type": "Point", "coordinates": [ 139.612059, 35.394974 ] } },
{ "type": "Feature", "properties": { "amenity_id": 1492, "kind": "shop", "name": "ラーメン とら吉家", "detail": "fast_food" }, "geometry": { "type": "Point", "coordinates": [ 139.611908, 35.39497 ] } },
{ "type": "Feature", "properties": { "amenity_id": 1493, "kind": "shop", "name": "Max Hair", "detail": "hairdresser" }, "geometry": { "type": "Point", "coordinates": [ 139.6107246, 35.3948523 ] } },
{ "type": "Feature", "properties": { "amenity_id": 1494, "kind": "shop", "name": "Fresh KANEKO Fruits", "detail": "supermarket" }, "geometry": { "type": "Point", "coordinates": [ 139.610407, 35.39457 ] } },
{ "type": "Feature", "properties": { "amenity_id": 1495, "kind": "shop", "name": "ローソン", "detail": "convenience" }, "geometry": { "type": "Point", "coordinates": [ 139.6140928, 35.3926197 ] } },
{ "type": "Feature", "properties": { "amenity_id": 1496, "kind": "shop", "name": "hair & spa Claudia", "detail": "hairdresser" }, "geometry": { "type": "Point", "coordinates": [ 139.613771, 35.393404 ] } },
{ "type": "Feature", "properties": { "amenity_id": 1497, "kind": "shop", "name": "美容室 ビューティ ハマ", "detail": "hairdresser" }, "geometry": { "type": "Point", "coordinates": [ 139.611261, 35.39461 ] } },
{ "type": "Feature", "properties": { "amenity_id": 1498, "kind": "shop", "name": "ブティック海栄", "detail": "clothes" }, "geometry": { "type": "Point", "coordinates": [ 139.611192, 35.394877 ] } },
{ "type": "Feature", "properties": { "amenity_id": 1499, "kind": "shop", "name": "景珍酒家", "detail": "restaurant" }, "geometry": { "type": "Point", "coordinates": [ 139.617576500000013, 35.3889348 ] } },
{ "type": "Feature", "properties": { "amenity_id": 1500, "kind": "shop", "name": "Aizac", "detail": "cafe" }, "geometry": { "type": "Point", "coordinates": [ 139.6164502, 35.3897317 ] } },
{ "type": "Feature", "properties": { "amenity_id": 1501, "kind": "shop", "name": "中国料理 銘菜館", "detail": "restaurant" }, "geometry": { "type": "Point", "coordinates": [ 139.615926, 35.391305 ] } },
{ "type": "Feature", "properties": { "amenity_id": 1502, "kind": "shop", "name": "がんこ亭", "detail": "fast_food" }, "geometry": { "type": "Point", "coordinates": [ 139.615873, 35.391379 ] } },
{ "type": "Feature", "properties": { "amenity_id": 1503, "kind": "shop", "name": "和食 藍屋", "detail": "restaurant" }, "geometry": { "type": "Point", "coordinates": [ 139.61519, 35.391943 ] } },
{ "type": "Feature", "properties": { "amenity_id": 1504, "kind": "shop", "name": "じゅうじゅうカルビ", "detail": "restaurant" }, "geometry": { "type": "Point", "coordinates": [ 139.615008, 35.391878 ] } },
{ "type": "Feature", "properties": { "amenity_id": 1505, "kind": "shop", "name": "美容室 UEDA", "detail": "hairdresser" }, "geometry": { "type": "Point", "coordinates": [ 139.6123958, 35.3936076 ] } },
{ "type": "Feature", "properties": { "amenity_id": 1506, "kind": "shop", "name": "Barber オカムラ", "detail": "hairdresser" }, "geometry": { "type": "Point", "coordinates": [ 139.612207, 35.393566 ] } },
{ "type": "Feature", "properties": { "amenity_id": 1507, "kind": "shop", "name": "ホッピー うなぎや", "detail": "bar" }, "geometry": { "type": "Point", "coordinates": [ 139.611973400000011, 35.3934279 ] } },
{ "type": "Feature", "properties": { "amenity_id": 1508, "kind": "shop", "name": "美容室 Marvin-1", "detail": "hairdresser" }, "geometry": { "type": "Point", "coordinates": [ 139.611217, 35.39387 ] } },
{ "type": "Feature", "properties": { "amenity_id": 1509, "kind": "shop", "name": "ミニストップ", "detail": "convenience" }, "geometry": { "type": "Point", "coordinates": [ 139.618236, 35.386536 ] } },
{ "type": "Feature", "properties": { "amenity_id": 1510, "kind": "shop", "name": "さかえや食堂", "detail": "restaurant" }, "geometry": { "type": "Point", "coordinates": [ 139.61801, 35.386908 ] } },
{ "type": "Feature", "properties": { "amenity_id": 1511, "kind": "shop", "name": "ヘアサロン SAKURA", "detail": "hairdresser" }, "geometry": { "type": "Point", "coordinates": [ 139.617623, 35.387298 ] } },
{ "type": "Feature", "properties": { "amenity_id": 1512, "kind": "shop", "name": "焼き焼き 海景", "detail": "fast_food" }, "geometry": { "type": "Point", "coordinates": [ 139.617547, 35.387483 ] } },
{ "type": "Feature", "properties": { "amenity_id": 1513, "kind": "shop", "name": "Blondie", "detail": "bar" }, "geometry": { "type": "Point", "coordinates": [ 139.617634, 35.38752 ] } },
{ "type": "Feature", "properties": { "amenity_id": 1514, "kind": "shop", "name": "ヘアーサロン海人", "detail": "hairdresser" }, "geometry": { "type": "Point", "coordinates": [ 139.617693, 35.387534 ] } },
{ "type": "Feature", "properties": { "amenity_id": 1515, "kind": "shop", "name": "ラーメン 赤ひげ", "detail": "fast_food" }, "geometry": { "type": "Point", "coordinates": [ 139.617726, 35.387554 ] } },
{ "type": "Feature", "properties": { "amenity_id": 1516, "kind": "shop", "name": "ナイトシャーク", "detail": "bar" }, "geometry": { "type": "Point", "coordinates": [ 139.617769, 35.387578 ] } },
{ "type": "Feature", "properties": { "amenity_id": 1517, "kind": "shop", "name": "聖", "detail": "bar" }, "geometry": { "type": "Point", "coordinates": [ 139.617783, 35.387552 ] } },
{ "type": "Feature", "properties": { "amenity_id": 1518, "kind": "shop", "name": "スーパーマーケット スズキヤ", "detail": "supermarket" }, "geometry": { "type": "Point", "coordinates": [ 139.61909270000001, 35.3853164 ] } },
{ "type": "Feature", "properties": { "amenity_id": 1519, "kind": "shop", "name": "ワークショップTAMURA", "detail": "clothes" }, "geometry": { "type": "Point", "coordinates": [ 139.618586, 35.386037 ] } },
{ "type": "Feature", "properties": { "amenity_id": 1520, "kind": "shop", "name": "ジーンズメイト", "detail": "clothes" }, "geometry": { "type": "Point", "coordinates": [ 139.6193079, 35.3851716 ] } },
{ "type": "Feature", "properties": { "amenity_id": 1521, "kind": "shop", "name": "ベーカリー&カフェ サンジェルマン", "detail": "bakery" }, "geometry": { "type": "Point", "coordinates": [ 139.619308100000012, 35.3850522 ] } },
{ "type": "Feature", "properties": { "amenity_id": 1522, "kind": "shop", "name": "セルフ讃岐うどん はなまる", "detail": "fast_food" }, "geometry": { "type": "Point", "coordinates": [ 139.619254400000017, 35.3851239 ] } },
{ "type": "Feature", "properties": { "amenity_id": 1523, "kind": "shop", "name": "バーミヤン", "detail": "restaurant" }, "geometry": { "type": "Point", "coordinates": [ 139.619152900000017, 35.3852806 ] } },
{ "type": "Feature", "properties": { "amenity_id": 1524, "kind": "shop", "name": "スタミナカレー バーグ", "detail": "restaurant" }, "geometry": { "type": "Point", "coordinates": [ 139.6190597, 35.3853717 ] } },
{ "type": "Feature", "properties": { "amenity_id": 1525, "kind": "shop", "name": "ミロアール美容室", "detail": "hairdresser" }, "geometry": { "type": "Point", "coordinates": [ 139.619201, 35.385726 ] } },
{ "type": "Feature", "properties": { "amenity_id": 1526, "kind": "shop", "name": "ローソン", "detail": "convenience" }, "geometry": { "type": "Point", "coordinates": [ 139.618947, 35.384936 ] } },
{ "type": "Feature", "properties": { "amenity_id": 1527, "kind": "shop", "name": "パレ・ド・バルブ", "detail": "restaurant" }, "geometry": { "type": "Point", "coordinates": [ 139.618869, 35.384918 ] } },
{ "type": "Feature", "properties": { "amenity_id": 1528, "kind": "shop", "name": "カットサロンTONBO", "detail": "hairdresser" }, "geometry": { "type": "Point", "coordinates": [ 139.6187109, 35.3852914 ] } },
{ "type": "Feature", "properties": { "amenity_id": 1529, "kind": "shop", "name": "すき家", "detail": "fast_food" }, "geometry": { "type": "Point", "coordinates": [ 139.618597, 35.385421 ] } },
{ "type": "Feature", "properties": { "amenity_id": 1530, "kind": "shop", "name": "ラーメン あさひや", "detail": "fast_food" }, "geometry": { "type": "Point", "coordinates": [ 139.618123, 35.386197 ] } },
{ "type": "Feature", "properties": { "amenity_id": 1531, "kind": "shop", "name": "ブティック Re Fresh", "detail": "clothes" }, "geometry": { "type": "Point", "coordinates": [ 139.617438, 35.386999 ] } },
{ "type": "Feature", "properties": { "amenity_id": 1532, "kind": "shop", "name": "K bar", "detail": "bar" }, "geometry": { "type": "Point", "coordinates": [ 139.616645, 35.388319 ] } },
{ "type": "Feature", "properties": { "amenity_id": 1533, "kind": "shop", "name": "ファミリーマート", "detail": "convenience" }, "geometry": { "type": "Point", "coordinates": [ 139.616241, 35.38891 ] } },
{ "type": "Feature", "properties": { "amenity_id": 1534, "kind": "shop", "name": "ニューカトマンズキッチン", "detail": "restaurant" }, "geometry": { "type": "Point", "coordinates": [ 139.6161227, 35.389111 ] } },
{ "type": "Feature", "properties": { "amenity_id": 1535, "kind": "shop", "name": "もぺっと", "detail": "cafe" }, "geometry": { "type": "Point", "coordinates": [ 139.614825, 35.391308 ] } },
{ "type": "Feature", "properties": { "amenity_id": 1536, "kind": "shop", "name": "Mammy Cleaning", "detail": "dry_cleaning" }, "geometry": { "type": "Point", "coordinates": [ 139.611047, 35.394606 ] } },
{ "type": "Feature", "properties": { "amenity_id": 1537, "kind": "shop", "name": "晴れたり曇ったり", "detail": "bar" }, "geometry": { "type": "Point", "coordinates": [ 139.615956, 35.384465 ] } },
{ "type": "Feature", "properties": { "amenity_id": 1538, "kind": "shop", "name": "しこしこうどん うどんすき", "detail": "restaurant" }, "geometry": { "type": "Point", "coordinates": [ 139.6158657, 35.3845559 ] } },
{ "type": "Feature", "properties": { "amenity_id": 1539, "kind": "shop", "name": "中国料理 みなみ", "detail": "restaurant" }, "geometry": { "type": "Point", "coordinates": [ 139.615867, 35.38459 ] } },
{ "type": "Feature", "properties": { "amenity_id": 1540, "kind": "shop", "name": "CLAPS", "detail": "hairdresser" }, "geometry": { "type": "Point", "coordinates": [ 139.615674, 35.384805 ] } },
{ "type": "Feature", "properties": { "amenity_id": 1541, "kind": "shop", "name": "BARBER INOUE", "detail": "hairdresser" }, "geometry": { "type": "Point", "coordinates": [ 139.6155856, 35.3849177 ] } },
{ "type": "Feature", "properties": { "amenity_id": 1542, "kind": "shop", "name": "天ぷら活魚 井筒", "detail": "restaurant" }, "geometry": { "type": "Point", "coordinates": [ 139.615965, 35.396883 ] } },
{ "type": "Feature", "properties": { "amenity_id": 1543, "kind": "shop", "name": "ヒロ洋装店", "detail": "clothes" }, "geometry": { "type": "Point", "coordinates": [ 139.616012, 35.396953 ] } },
{ "type": "Feature", "properties": { "amenity_id": 1544, "kind": "shop", "name": "スナック極楽とんぼ", "detail": "bar" }, "geometry": { "type": "Point", "coordinates": [ 139.616126, 35.397157 ] } },
{ "type": "Feature", "properties": { "amenity_id": 1545, "kind": "shop", "name": "スナック 絹", "detail": "bar" }, "geometry": { "type": "Point", "coordinates": [ 139.61616, 35.397196 ] } },
{ "type": "Feature", "properties": { "amenity_id": 1546, "kind": "shop", "name": "ピーコックストア", "detail": "supermarket" }, "geometry": { "type": "Point", "coordinates": [ 139.617157, 35.399273 ] } },
{ "type": "Feature", "properties": { "amenity_id": 1547, "kind": "shop", "name": "ケンタッキーフライドチキン", "detail": "fast_food" }, "geometry": { "type": "Point", "coordinates": [ 139.617261, 35.399586 ] } },
{ "type": "Feature", "properties": { "amenity_id": 1548, "kind": "shop", "name": "サイゼリヤ", "detail": "restaurant" }, "geometry": { "type": "Point", "coordinates": [ 139.6173305, 35.3995149 ] } },
{ "type": "Feature", "properties": { "amenity_id": 1549, "kind": "shop", "name": "Hair styling salon B.STEP", "detail": "hairdresser" }, "geometry": { "type": "Point", "coordinates": [ 139.617626, 35.399626 ] } },
{ "type": "Feature", "properties": { "amenity_id": 1550, "kind": "shop", "name": "日高屋", "detail": "fast_food" }, "geometry": { "type": "Point", "coordinates": [ 139.617657, 35.399686 ] } },
{ "type": "Feature", "properties": { "amenity_id": 1551, "kind": "shop", "name": "Beck's Coffee Shop", "detail": "cafe" }, "geometry": { "type": "Point", "coordinates": [ 139.61775, 35.399888 ] } },
{ "type": "Feature", "properties": { "amenity_id": 1552, "kind": "shop", "name": "NewDays", "detail": "convenience" }, "geometry": { "type": "Point", "coordinates": [ 139.617811, 35.399975 ] } },
{ "type": "Feature", "properties": { "amenity_id": 1553, "kind": "shop", "name": "SUZUKIYA", "detail": "supermarket" }, "geometry": { "type": "Point", "coordinates": [ 139.617029, 35.400156 ] } },
{ "type": "Feature", "properties": { "amenity_id": 1554, "kind": "shop", "name": "美容室MIND CLUB NEWS", "detail": "hairdresser" }, "geometry": { "type": "Point", "coordinates": [ 139.616691, 35.399581 ] } },
{ "type": "Feature", "properties": { "amenity_id": 1555, "kind": "shop", "name": "ホワイト急便", "detail": "dry_cleaning" }, "geometry": { "type": "Point", "coordinates": [ 139.616621, 35.399643 ] } },
{ "type": "Feature", "properties": { "amenity_id": 1556, "kind": "shop", "name": "ごはん屋 米米", "detail": "restaurant" }, "geometry": { "type": "Point", "coordinates": [ 139.61646, 35.399693 ] } },
{ "type": "Feature", "properties": { "amenity_id": 1557, "kind": "shop", "name": "中華料理 桃園", "detail": "restaurant" }, "geometry": { "type": "Point", "coordinates": [ 139.616571, 35.399511 ] } },
{ "type": "Feature", "properties": { "amenity_id": 1558, "kind": "shop", "name": "バリの食堂 イスカンダル", "detail": "restaurant" }, "geometry": { "type": "Point", "coordinates": [ 139.616517, 35.399684 ] } },
{ "type": "Feature", "properties": { "amenity_id": 1559, "kind": "shop", "name": "お好み焼き 浪漫亭", "detail": "restaurant" }, "geometry": { "type": "Point", "coordinates": [ 139.616441, 35.399667 ] } },
{ "type": "Feature", "properties": { "amenity_id": 1560, "kind": "shop", "name": "die Schere", "detail": "hairdresser" }, "geometry": { "type": "Point", "coordinates": [ 139.61651, 35.399277 ] } },
{ "type": "Feature", "properties": { "amenity_id": 1561, "kind": "shop", "name": "美容室CURL", "detail": "hairdresser" }, "geometry": { "type": "Point", "coordinates": [ 139.616372, 35.399185 ] } },
{ "type": "Feature", "properties": { "amenity_id": 1562, "kind": "shop", "name": "ポプラ", "detail": "convenience" }, "geometry": { "type": "Point", "coordinates": [ 139.616411, 35.399135 ] } },
{ "type": "Feature", "properties": { "amenity_id": 1563, "kind": "shop", "name": "FACE。", "detail": "hairdresser" }, "geometry": { "type": "Point", "coordinates": [ 139.616132, 35.398705 ] } },
{ "type": "Feature", "properties": { "amenity_id": 1564, "kind": "shop", "name": "エレガンスファッション ノーブル", "detail": "clothes" }, "geometry": { "type": "Point", "coordinates": [ 139.615769, 35.398147 ] } },
{ "type": "Feature", "properties": { "amenity_id": 1565, "kind": "shop", "name": "クリーニング シロヤ", "detail": "dry_cleaning" }, "geometry": { "type": "Point", "coordinates": [ 139.615657, 35.397903 ] } },
{ "type": "Feature", "properties": { "amenity_id": 1566, "kind": "shop", "name": "台湾料理 四季紅", "detail": "restaurant" }, "geometry": { "type": "Point", "coordinates": [ 139.615623, 35.397864 ] } },
{ "type": "Feature", "properties": { "amenity_id": 1567, "kind": "shop", "name": "家系ラーメン 磯子家", "detail": "fast_food" }, "geometry": { "type": "Point", "coordinates": [ 139.6156, 35.397798 ] } },
{ "type": "Feature", "properties": { "amenity_id": 1568, "kind": "shop", "name": "韓流炙り焼き 牛匠", "detail": "restaurant" }, "geometry": { "type": "Point", "coordinates": [ 139.615555, 35.397717 ] } },
{ "type": "Feature", "properties": { "amenity_id": 1569, "kind": "shop", "name": "地鶏の陶板焼き 千", "detail": "restaurant" }, "geometry": { "type": "Point", "coordinates": [ 139.615495, 35.397639 ] } },
{ "type": "Feature", "properties": { "amenity_id": 1570, "kind": "shop", "name": "クリーニング LOVELY", "detail": "dry_cleaning" }, "geometry": { "type": "Point", "coordinates": [ 139.615414, 35.397537 ] } },
{ "type": "Feature", "properties": { "amenity_id": 1571, "kind": "shop", "name": "インド・アジアン料理 家帝YETI", "detail": "restaurant" }, "geometry": { "type": "Point", "coordinates": [ 139.61521, 35.397278 ] } },
{ "type": "Feature", "properties": { "amenity_id": 1572, "kind": "shop", "name": "中華料理 鳳蘭", "detail": "restaurant" }, "geometry": { "type": "Point", "coordinates": [ 139.615178, 35.397203 ] } },
{ "type": "Feature", "properties": { "amenity_id": 1573, "kind": "shop", "name": "アリス美容院", "detail": "hairdresser" }, "geometry": { "type": "Point", "coordinates": [ 139.615064, 35.39701 ] } },
{ "type": "Feature", "properties": { "amenity_id": 1574, "kind": "shop", "name": "カラオケスナック ボン", "detail": "bar" }, "geometry": { "type": "Point", "coordinates": [ 139.614935, 35.396834 ] } },
{ "type": "Feature", "properties": { "amenity_id": 1575, "kind": "shop", "name": "キャッツアイ", "detail": "bar" }, "geometry": { "type": "Point", "coordinates": [ 139.614858, 35.396828 ] } },
{ "type": "Feature", "properties": { "amenity_id": 1576, "kind": "shop", "name": "カラオケスナックひまわり", "detail": "bar" }, "geometry": { "type": "Point", "coordinates": [ 139.614775, 35.396847 ] } },
{ "type": "Feature", "properties": { "amenity_id": 1577, "kind": "shop", "name": "スナック 花束ブーケ", "detail": "bar" }, "geometry": { "type": "Point", "coordinates": [ 139.614773, 35.396792 ] } },
{ "type": "Feature", "properties": { "amenity_id": 1578, "kind": "shop", "name": "パブスナック 姫香", "detail": "bar" }, "geometry": { "type": "Point", "coordinates": [ 139.614644, 35.396824 ] } },
{ "type": "Feature", "properties": { "amenity_id": 1579, "kind": "shop", "name": "Keikyu St2", "detail": "convenience" }, "geometry": { "type": "Point", "coordinates": [ 139.61021, 35.394683 ] } },
{ "type": "Feature", "properties": { "amenity_id": 1580, "kind": "shop", "name": "横浜らぁめん いちばん家", "detail": "fast_food" }, "geometry": { "type": "Point", "coordinates": [ 139.614086, 35.395546 ] } },
{ "type": "Feature", "properties": { "amenity_id": 1581, "kind": "shop", "name": "クリーニング ラブリー", "detail": "dry_cleaning" }, "geometry": { "type": "Point", "coordinates": [ 139.61446, 35.395521 ] } },
{ "type": "Feature", "properties": { "amenity_id": 1582, "kind": "shop", "name": "中華料理 中野屋", "detail": "restaurant" }, "geometry": { "type": "Point", "coordinates": [ 139.614432, 35.395642 ] } },
{ "type": "Feature", "properties": { "amenity_id": 1583, "kind": "shop", "name": "居酒屋 カラオケ すい楽", "detail": "bar" }, "geometry": { "type": "Point", "coordinates": [ 139.614426, 35.395723 ] } },
{ "type": "Feature", "properties": { "amenity_id": 1584, "kind": "shop", "name": "サンキュー美容室", "detail": "hairdresser" }, "geometry": { "type": "Point", "coordinates": [ 139.614403, 35.395735 ] } },
{ "type": "Feature", "properties": { "amenity_id": 1585, "kind": "shop", "name": "ラーメン 壱六家", "detail": "fast_food" }, "geometry": { "type": "Point", "coordinates": [ 139.615451, 35.399809 ] } },
{ "type": "Feature", "properties": { "amenity_id": 1586, "kind": "shop", "name": "大武飯店", "detail": "restaurant" }, "geometry": { "type": "Point", "coordinates": [ 139.617078, 35.401416 ] } },
{ "type": "Feature", "properties": { "amenity_id": 1587, "kind": "shop", "name": "さっぽろ味噌ラーメン 味の時計台", "detail": "fast_food" }, "geometry": { "type": "Point", "coordinates": [ 139.617342, 35.400938 ] } },
{ "type": "Feature", "properties": { "amenity_id": 1588, "kind": "shop", "name": "フードコート コン", "detail": "fast_food" }, "geometry": { "type": "Point", "coordinates": [ 139.617699, 35.401064 ] } },
{ "type": "Feature", "properties": { "amenity_id": 1589, "kind": "shop", "name": "ウエノクリーニング", "detail": "dry_cleaning" }, "geometry": { "type": "Point", "coordinates": [ 139.617654, 35.401175 ] } },
{ "type": "Feature", "properties": { "amenity_id": 1590, "kind": "shop", "name": "ぽんぽん", "detail": "cafe" }, "geometry": { "type": "Point", "coordinates": [ 139.617507, 35.400856 ] } },
{ "type": "Feature", "properties": { "amenity_id": 1591, "kind": "shop", "name": "蕎麦 辰味", "detail": "restaurant" }, "geometry": { "type": "Point", "coordinates": [ 139.6174643, 35.4007793 ] } },
{ "type": "Feature", "properties": { "amenity_id": 1592, "kind": "shop", "name": "Hair salon Mind", "detail": "hairdresser" }, "geometry": { "type": "Point", "coordinates": [ 139.617421700000023, 35.4007184 ] } },
{ "type": "Feature", "properties": { "amenity_id": 1593, "kind": "shop", "name": "旬のお寿司 茶月", "detail": "fast_food" }, "geometry": { "type": "Point", "coordinates": [ 139.617398400000013, 35.4006779 ] } },
{ "type": "Feature", "properties": { "amenity_id": 1594, "kind": "shop", "name": "ビューティ・ニシィムラ", "detail": "hairdresser" }, "geometry": { "type": "Point", "coordinates": [ 139.617327, 35.400641 ] } },
{ "type": "Feature", "properties": { "amenity_id": 1595, "kind": "shop", "name": "生そば 翁庵", "detail": "restaurant" }, "geometry": { "type": "Point", "coordinates": [ 139.624509, 35.4221886 ] } },
{ "type": "Feature", "properties": { "amenity_id": 1596, "kind": "shop", "name": "中華料理 上海楼", "detail": "restaurant" }, "geometry": { "type": "Point", "coordinates": [ 139.6244781, 35.4223107 ] } },
{ "type": "Feature", "properties": { "amenity_id": 1597, "kind": "shop", "name": "triple", "detail": "hairdresser" }, "geometry": { "type": "Point", "coordinates": [ 139.6124547, 35.39524 ] } },
{ "type": "Feature", "properties": { "amenity_id": 1598, "kind": "shop", "name": "ファミリーマート", "detail": "convenience" }, "geometry": { "type": "Point", "coordinates": [ 139.6199872, 35.3848612 ] } },
{ "type": "Feature", "properties": { "amenity_id": 1599, "kind": "shop", "name": "月兎", "detail": "bar" }, "geometry": { "type": "Point", "coordinates": [ 139.620278900000017, 35.3852004 ] } },
{ "type": "Feature", "properties": { "amenity_id": 1600, "kind": "shop", "name": "CoCo壱番屋", "detail": "restaurant" }, "geometry": { "type": "Point", "coordinates": [ 139.6201088, 35.3854425 ] } },
{ "type": "Feature", "properties": { "amenity_id": 1601, "kind": "shop", "name": "松屋", "detail": "fast_food" }, "geometry": { "type": "Point", "coordinates": [ 139.6202418, 35.3852573 ] } },
{ "type": "Feature", "properties": { "amenity_id": 1602, "kind": "shop", "name": "日高屋", "detail": "restaurant" }, "geometry": { "type": "Point", "coordinates": [ 139.617712, 35.383825 ] } },
{ "type": "Feature", "properties": { "amenity_id": 1603, "kind": "shop", "name": "まいばすけっと", "detail": "supermarket" }, "geometry": { "type": "Point", "coordinates": [ 139.617555400000015, 35.3836844 ] } },
{ "type": "Feature", "properties": { "amenity_id": 1604, "kind": "shop", "name": "スナック喫茶 美月", "detail": "bar" }, "geometry": { "type": "Point", "coordinates": [ 139.6176246, 35.3861431 ] } },
{ "type": "Feature", "properties": { "amenity_id": 1605, "kind": "shop", "name": "カラオケ居酒屋 ありぜ", "detail": "bar" }, "geometry": { "type": "Point", "coordinates": [ 139.61760240000001, 35.3860946 ] } },
{ "type": "Feature", "properties": { "amenity_id": 1606, "kind": "shop", "name": "ケンタッキーフライドチキン", "detail": "fast_food" }, "geometry": { "type": "Point", "coordinates": [ 139.616626700000012, 35.3834314 ] } },
{ "type": "Feature", "properties": { "amenity_id": 1607, "kind": "shop", "name": "マルイヤ", "detail": "clothes" }, "geometry": { "type": "Point", "coordinates": [ 139.616337900000019, 35.3829891 ] } },
{ "type": "Feature", "properties": { "amenity_id": 1608, "kind": "shop", "name": "ファミリーマート", "detail": "convenience" }, "geometry": { "type": "Point", "coordinates": [ 139.61601, 35.3829877 ] } },
{ "type": "Feature", "properties": { "amenity_id": 1609, "kind": "shop", "name": "柳屋", "detail": "clothes" }, "geometry": { "type": "Point", "coordinates": [ 139.618485600000014, 35.3844861 ] } },
{ "type": "Feature", "properties": { "amenity_id": 1610, "kind": "shop", "name": "11cut", "detail": "hairdresser" }, "geometry": { "type": "Point", "coordinates": [ 139.617904300000021, 35.3841206 ] } },
{ "type": "Feature", "properties": { "amenity_id": 1611, "kind": "shop", "name": "焼き小籠包 縁", "detail": "fast_food" }, "geometry": { "type": "Point", "coordinates": [ 139.6190617, 35.3846292 ] } },
{ "type": "Feature", "properties": { "amenity_id": 1612, "kind": "shop", "name": "スンガバ", "detail": "restaurant" }, "geometry": { "type": "Point", "coordinates": [ 139.616210100000018, 35.3836666 ] } },
{ "type": "Feature", "properties": { "amenity_id": 1613, "kind": "shop", "name": "横浜ジーパンのトップ", "detail": "clothes" }, "geometry": { "type": "Point", "coordinates": [ 139.6163261, 35.383576 ] } },
{ "type": "Feature", "properties": { "amenity_id": 1614, "kind": "shop", "name": "セブン-イレブン", "detail": "convenience" }, "geometry": { "type": "Point", "coordinates": [ 139.6231955, 35.4219845 ] } },
{ "type": "Feature", "properties": { "amenity_id": 1615, "kind": "shop", "name": "ガスト", "detail": "restaurant" }, "geometry": { "type": "Point", "coordinates": [ 139.625178800000015, 35.4133441 ] } },
{ "type": "Feature", "properties": { "amenity_id": 1616, "kind": "shop", "name": "バーミヤン", "detail": "restaurant" }, "geometry": { "type": "Point", "coordinates": [ 139.6248655, 35.4131258 ] } },
{ "type": "Feature", "properties": { "amenity_id": 1617, "kind": "shop", "name": "ファミリーマート", "detail": "convenience" }, "geometry": { "type": "Point", "coordinates": [ 139.6229437, 35.4167892 ] } },
{ "type": "Feature", "properties": { "amenity_id": 1618, "kind": "shop", "name": "そうてつローゼン", "detail": "supermarket" }, "geometry": { "type": "Point", "coordinates": [ 139.62622810000002, 35.4136835 ] } },
{ "type": "Feature", "properties": { "amenity_id": 1619, "kind": "shop", "name": "クリーニング館", "detail": "dry_cleaning" }, "geometry": { "type": "Point", "coordinates": [ 139.617945100000014, 35.3841398 ] } },
{ "type": "Feature", "properties": { "amenity_id": 1620, "kind": "shop", "name": "洋傘 ふるふるササキ", "detail": "clothes" }, "geometry": { "type": "Point", "coordinates": [ 139.618785800000012, 35.3845494 ] } },
{ "type": "Feature", "properties": { "amenity_id": 1621, "kind": "shop", "name": "キタムラ", "detail": "dry_cleaning" }, "geometry": { "type": "Point", "coordinates": [ 139.617221200000017, 35.3836445 ] } },
{ "type": "Feature", "properties": { "amenity_id": 1622, "kind": "shop", "name": "立呑み 串揚げ 龍馬", "detail": "bar" }, "geometry": { "type": "Point", "coordinates": [ 139.61801220000001, 35.3841918 ] } },
{ "type": "Feature", "properties": { "amenity_id": 1623, "kind": "shop", "name": "CLARO", "detail": "restaurant" }, "geometry": { "type": "Point", "coordinates": [ 139.6180282, 35.3840657 ] } },
{ "type": "Feature", "properties": { "amenity_id": 1624, "kind": "shop", "name": "Cut factory", "detail": "hairdresser" }, "geometry": { "type": "Point", "coordinates": [ 139.6172784, 35.383699 ] } },
{ "type": "Feature", "properties": { "amenity_id": 1625, "kind": "shop", "name": "イル・デ・パン 杉田店", "detail": "bakery" }, "geometry": { "type": "Point", "coordinates": [ 139.618203, 35.3842027 ] } },
{ "type": "Feature", "properties": { "amenity_id": 1626, "kind": "shop", "name": "どんや宝", "detail": "restaurant" }, "geometry": { "type": "Point", "coordinates": [ 139.6172965, 35.3835783 ] } },
{ "type": "Feature", "properties": { "amenity_id": 1627, "kind": "shop", "name": "Be-one", "detail": "hairdresser" }, "geometry": { "type": "Point", "coordinates": [ 139.6180942, 35.3842389 ] } },
{ "type": "Feature", "properties": { "amenity_id": 1628, "kind": "shop", "name": "Maduro", "detail": "bar" }, "geometry": { "type": "Point", "coordinates": [ 139.6180751, 35.3841024 ] } },
{ "type": "Feature", "properties": { "amenity_id": 1629, "kind": "shop", "name": "HUG&LUG", "detail": "hairdresser" }, "geometry": { "type": "Point", "coordinates": [ 139.617419, 35.3837638 ] } },
{ "type": "Feature", "properties": { "amenity_id": 1630, "kind": "shop", "name": "東急ストア根岸店", "detail": "supermarket" }, "geometry": { "type": "Point", "coordinates": [ 139.635714300000018, 35.4163447 ] } },
{ "type": "Feature", "properties": { "amenity_id": 1631, "kind": "shop", "name": "ローソン", "detail": "convenience" }, "geometry": { "type": "Point", "coordinates": [ 139.6099001, 35.4114551 ] } },
{ "type": "Feature", "properties": { "amenity_id": 1632, "kind": "shop", "name": "チャオズ", "detail": "restaurant" }, "geometry": { "type": "Point", "coordinates": [ 139.6202418, 35.3861606 ] } },
{ "type": "Feature", "properties": { "amenity_id": 1633, "kind": "shop", "name": "QBハウス", "detail": "hairdresser" }, "geometry": { "type": "Point", "coordinates": [ 139.6201734, 35.3861121 ] } },
{ "type": "Feature", "properties": { "amenity_id": 1634, "kind": "shop", "name": "景珍樓", "detail": "restaurant" }, "geometry": { "type": "Point", "coordinates": [ 139.6199291, 35.384294 ] } },
{ "type": "Feature", "properties": { "amenity_id": 1635, "kind": "shop", "name": "マルエツ", "detail": "supermarket" }, "geometry": { "type": "Point", "coordinates": [ 139.614868600000023, 35.4023178 ] } },
{ "type": "Feature", "properties": { "amenity_id": 1636, "kind": "shop", "name": "セブン-イレブン", "detail": "convenience" }, "geometry": { "type": "Point", "coordinates": [ 139.6148335, 35.3991359 ] } },
{ "type": "Feature", "properties": { "amenity_id": 1637, "kind": "shop", "name": "ウエノクリーニング", "detail": "dry_cleaning" }, "geometry": { "type": "Point", "coordinates": [ 139.606609, 35.3620174 ] } },
{ "type": "Feature", "properties": { "amenity_id": 1638, "kind": "shop", "name": "Slash", "detail": "hairdresser" }, "geometry": { "type": "Point", "coordinates": [ 139.6161276, 35.3828566 ] } },
{ "type": "Feature", "properties": { "amenity_id": 1639, "kind": "shop", "name": "モンマート", "detail": "convenience" }, "geometry": { "type": "Point", "coordinates": [ 139.607453, 35.3626225 ] } },
{ "type": "Feature", "properties": { "amenity_id": 1640, "kind": "shop", "name": "ホープクリーニング", "detail": "dry_cleaning" }, "geometry": { "type": "Point", "coordinates": [ 139.6158685, 35.3827258 ] } },
{ "type": "Feature", "properties": { "amenity_id": 1641, "kind": "shop", "name": "エール", "detail": "hairdresser" }, "geometry": { "type": "Point", "coordinates": [ 139.616162800000012, 35.3827987 ] } },
{ "type": "Feature", "properties": { "amenity_id": 1642, "kind": "shop", "name": "タージタンドール", "detail": "restaurant" }, "geometry": { "type": "Point", "coordinates": [ 139.615254600000014, 35.3824096 ] } },
{ "type": "Feature", "properties": { "amenity_id": 1643, "kind": "shop", "name": "HENMI", "detail": "hairdresser" }, "geometry": { "type": "Point", "coordinates": [ 139.611555900000013, 35.3730551 ] } },
{ "type": "Feature", "properties": { "amenity_id": 1644, "kind": "shop", "name": "らーめん だて屋", "detail": "fast_food" }, "geometry": { "type": "Point", "coordinates": [ 139.6167834, 35.3892955 ] } },
{ "type": "Feature", "properties": { "amenity_id": 1645, "kind": "shop", "name": "MINI STOP", "detail": "convenience" }, "geometry": { "type": "Point", "coordinates": [ 139.6089139, 35.3942498 ] } },
{ "type": "Feature", "properties": { "amenity_id": 1646, "kind": "shop", "name": "Reef", "detail": "hairdresser" }, "geometry": { "type": "Point", "coordinates": [ 139.6050669, 35.3916928 ] } },
{ "type": "Feature", "properties": { "amenity_id": 1647, "kind": "shop", "name": "オカ美容室", "detail": "hairdresser" }, "geometry": { "type": "Point", "coordinates": [ 139.608863400000018, 35.3945748 ] } },
{ "type": "Feature", "properties": { "amenity_id": 1648, "kind": "shop", "name": "クリスティクリスティ", "detail": "hairdresser" }, "geometry": { "type": "Point", "coordinates": [ 139.6021489, 35.3854597 ] } },
{ "type": "Feature", "properties": { "amenity_id": 1649, "kind": "shop", "name": "サイゼリヤ", "detail": "restaurant" }, "geometry": { "type": "Point", "coordinates": [ 139.601470200000023, 35.38777 ] } },
{ "type": "Feature", "properties": { "amenity_id": 1650, "kind": "shop", "name": "セブン-イレブン", "detail": "convenience" }, "geometry": { "type": "Point", "coordinates": [ 139.603907100000015, 35.3936749 ] } },
{ "type": "Feature", "properties": { "amenity_id": 1651, "kind": "shop", "name": "ローソン", "detail": "convenience" }, "geometry": { "type": "Point", "coordinates": [ 139.6039136, 35.393043 ] } },
{ "type": "Feature", "properties": { "amenity_id": 1652, "kind": "shop", "name": "京城苑", "detail": "restaurant" }, "geometry": { "type": "Point", "coordinates": [ 139.606883400000015, 35.3940881 ] } },
{ "type": "Feature", "properties": { "amenity_id": 1653, "kind": "shop", "name": "千石", "detail": "restaurant" }, "geometry": { "type": "Point", "coordinates": [ 139.605580700000019, 35.3889711 ] } },
{ "type": "Feature", "properties": { "amenity_id": 1654, "kind": "shop", "name": "Cook 33", "detail": "fast_food" }, "geometry": { "type": "Point", "coordinates": [ 139.602167900000012, 35.3858339 ] } },
{ "type": "Feature", "properties": { "amenity_id": 1655, "kind": "shop", "name": "理容一番", "detail": "hairdresser" }, "geometry": { "type": "Point", "coordinates": [ 139.602070200000014, 35.3861832 ] } },
{ "type": "Feature", "properties": { "amenity_id": 1656, "kind": "shop", "name": "Three Penguin Coffee & Roaster", "detail": "cafe" }, "geometry": { "type": "Point", "coordinates": [ 139.6244591, 35.4192014 ] } },
{ "type": "Feature", "properties": { "amenity_id": 1657, "kind": "shop", "name": null, "detail": "dry_cleaning" }, "geometry": { "type": "Point", "coordinates": [ 139.6252575, 35.4222974 ] } },
{ "type": "Feature", "properties": { "amenity_id": 1658, "kind": "shop", "name": "美容室 Zion", "detail": "hairdresser" }, "geometry": { "type": "Point", "coordinates": [ 139.616656700000021, 35.4014729 ] } },
{ "type": "Feature", "properties": { "amenity_id": 1659, "kind": "shop", "name": "うなぎ 小島屋", "detail": "restaurant" }, "geometry": { "type": "Point", "coordinates": [ 139.6231845, 35.4123066 ] } },
{ "type": "Feature", "properties": { "amenity_id": 1660, "kind": "shop", "name": "とんかつ とん吉", "detail": "restaurant" }, "geometry": { "type": "Point", "coordinates": [ 139.6263447, 35.4169828 ] } },
{ "type": "Feature", "properties": { "amenity_id": 1661, "kind": "shop", "name": "ローソン", "detail": "convenience" }, "geometry": { "type": "Point", "coordinates": [ 139.611903500000011, 35.3653996 ] } },
{ "type": "Feature", "properties": { "amenity_id": 1662, "kind": "shop", "name": "セブン-イレブン", "detail": "convenience" }, "geometry": { "type": "Point", "coordinates": [ 139.613548, 35.3671213 ] } },
{ "type": "Feature", "properties": { "amenity_id": 1663, "kind": "shop", "name": "Fuji", "detail": "supermarket" }, "geometry": { "type": "Point", "coordinates": [ 139.613306100000017, 35.3690968 ] } },
{ "type": "Feature", "properties": { "amenity_id": 1664, "kind": "shop", "name": "ローソン", "detail": "convenience" }, "geometry": { "type": "Point", "coordinates": [ 139.606179, 35.3818463 ] } },
{ "type": "Feature", "properties": { "amenity_id": 1665, "kind": "shop", "name": "麦草", "detail": "cafe" }, "geometry": { "type": "Point", "coordinates": [ 139.622735700000021, 35.4264229 ] } },
{ "type": "Feature", "properties": { "amenity_id": 1666, "kind": "shop", "name": "ローソンストア100", "detail": "convenience" }, "geometry": { "type": "Point", "coordinates": [ 139.6240271, 35.4129821 ] } },
{ "type": "Feature", "properties": { "amenity_id": 1667, "kind": "shop", "name": "鮨処 なかの", "detail": "restaurant" }, "geometry": { "type": "Point", "coordinates": [ 139.618942200000021, 35.4032696 ] } },
{ "type": "Feature", "properties": { "amenity_id": 1668, "kind": "shop", "name": "ローソン", "detail": "convenience" }, "geometry": { "type": "Point", "coordinates": [ 139.623734900000017, 35.4128167 ] } },
{ "type": "Feature", "properties": { "amenity_id": 1669, "kind": "shop", "name": "ローソン", "detail": "convenience" }, "geometry": { "type": "Point", "coordinates": [ 139.612906, 35.3899265 ] } },
{ "type": "Feature", "properties": { "amenity_id": 1670, "kind": "shop", "name": "Little Mermaid", "detail": "bakery" }, "geometry": { "type": "Point", "coordinates": [ 139.6351228, 35.4158948 ] } },
{ "type": "Feature", "properties": { "amenity_id": 1671, "kind": "shop", "name": "イル・デ・パン", "detail": "bakery" }, "geometry": { "type": "Point", "coordinates": [ 139.604699, 35.3832098 ] } },
{ "type": "Feature", "properties": { "amenity_id": 1672, "kind": "shop", "name": "セブン-イレブン", "detail": "convenience" }, "geometry": { "type": "Point", "coordinates": [ 139.610761600000018, 35.3737041 ] } },
{ "type": "Feature", "properties": { "amenity_id": 1673, "kind": "shop", "name": "ジャンボおしどり寿司", "detail": "restaurant" }, "geometry": { "type": "Point", "coordinates": [ 139.6121622, 35.3655611 ] } },
{ "type": "Feature", "properties": { "amenity_id": 1674, "kind": "shop", "name": "左文字", "detail": "restaurant" }, "geometry": { "type": "Point", "coordinates": [ 139.607429200000013, 35.379865 ] } },
{ "type": "Feature", "properties": { "amenity_id": 1675, "kind": "shop", "name": "カマリヤ大将", "detail": "restaurant" }, "geometry": { "type": "Point", "coordinates": [ 139.607682400000016, 35.3628638 ] } },
{ "type": "Feature", "properties": { "amenity_id": 1676, "kind": "shop", "name": "ローソンストア100", "detail": "convenience" }, "geometry": { "type": "Point", "coordinates": [ 139.6057504, 35.3823151 ] } },
{ "type": "Feature", "properties": { "amenity_id": 1677, "kind": "shop", "name": "ローソン", "detail": "convenience" }, "geometry": { "type": "Point", "coordinates": [ 139.59904, 35.371278 ] } },
{ "type": "Feature", "properties": { "amenity_id": 1678, "kind": "shop", "name": "竹寿司", "detail": "restaurant" }, "geometry": { "type": "Point", "coordinates": [ 139.6158369, 35.3894766 ] } },
{ "type": "Feature", "properties": { "amenity_id": 1679, "kind": "shop", "name": "セブン-イレブン", "detail": "convenience" }, "geometry": { "type": "Point", "coordinates": [ 139.6149795, 35.3922349 ] } },
{ "type": "Feature", "properties": { "amenity_id": 1680, "kind": "shop", "name": "おじいちゃんの台所", "detail": "restaurant" }, "geometry": { "type": "Point", "coordinates": [ 139.6157303, 35.3896309 ] } },
{ "type": "Feature", "properties": { "amenity_id": 1681, "kind": "shop", "name": "ローソン", "detail": "convenience" }, "geometry": { "type": "Point", "coordinates": [ 139.638619700000021, 35.4175932 ] } },
{ "type": "Feature", "properties": { "amenity_id": 1682, "kind": "shop", "name": "ドトールコーヒーショップ", "detail": "cafe" }, "geometry": { "type": "Point", "coordinates": [ 139.634483100000011, 35.4158682 ] } },
{ "type": "Feature", "properties": { "amenity_id": 1683, "kind": "shop", "name": "NewDays", "detail": "convenience" }, "geometry": { "type": "Point", "coordinates": [ 139.634775500000018, 35.4157906 ] } },
{ "type": "Feature", "properties": { "amenity_id": 1684, "kind": "shop", "name": "デッサン", "detail": "restaurant" }, "geometry": { "type": "Point", "coordinates": [ 139.6224023, 35.4129471 ] } },
{ "type": "Feature", "properties": { "amenity_id": 1685, "kind": "shop", "name": "ニューロイヤル エミ", "detail": "dry_cleaning" }, "geometry": { "type": "Point", "coordinates": [ 139.6225029, 35.4213732 ] } },
{ "type": "Feature", "properties": { "amenity_id": 1686, "kind": "shop", "name": "わたなべ", "detail": "clothes" }, "geometry": { "type": "Point", "coordinates": [ 139.6223286, 35.4212921 ] } },
{ "type": "Feature", "properties": { "amenity_id": 1687, "kind": "shop", "name": "新華", "detail": "restaurant" }, "geometry": { "type": "Point", "coordinates": [ 139.622633700000023, 35.4212517 ] } },
{ "type": "Feature", "properties": { "amenity_id": 1688, "kind": "shop", "name": "家系ラーメン王道 王道之印", "detail": "restaurant" }, "geometry": { "type": "Point", "coordinates": [ 139.6121075, 35.3709187 ] } },
{ "type": "Feature", "properties": { "amenity_id": 1689, "kind": "shop", "name": "がんこ亭氷取沢本店", "detail": "restaurant" }, "geometry": { "type": "Point", "coordinates": [ 139.6069325, 35.3619807 ] } },
{ "type": "Feature", "properties": { "amenity_id": 1690, "kind": "shop", "name": "麺屋 和光", "detail": "restaurant" }, "geometry": { "type": "Point", "coordinates": [ 139.6129698, 35.3669626 ] } },
{ "type": "Feature", "properties": { "amenity_id": 1691, "kind": "shop", "name": "西洋料理 たじま", "detail": "restaurant" }, "geometry": { "type": "Point", "coordinates": [ 139.623276200000021, 35.418368 ] } },
{ "type": "Feature", "properties": { "amenity_id": 1692, "kind": "shop", "name": "中華 来来亭", "detail": "restaurant" }, "geometry": { "type": "Point", "coordinates": [ 139.6232722, 35.4182766 ] } },
{ "type": "Feature", "properties": { "amenity_id": 1693, "kind": "shop", "name": "レストラン シン", "detail": "restaurant" }, "geometry": { "type": "Point", "coordinates": [ 139.622566400000011, 35.4206927 ] } },
{ "type": "Feature", "properties": { "amenity_id": 1694, "kind": "shop", "name": "レストランハウスピーノ", "detail": "restaurant" }, "geometry": { "type": "Point", "coordinates": [ 139.616410800000011, 35.3836558 ] } },
{ "type": "Feature", "properties": { "amenity_id": 1695, "kind": "shop", "name": "カフェ 洗濯船", "detail": "cafe" }, "geometry": { "type": "Point", "coordinates": [ 139.623189, 35.4123352 ] } },
{ "type": "Feature", "properties": { "amenity_id": 1696, "kind": "shop", "name": "お食事処 みのり", "detail": "restaurant" }, "geometry": { "type": "Point", "coordinates": [ 139.6107504, 35.3739346 ] } },
{ "type": "Feature", "properties": { "amenity_id": 1697, "kind": "shop", "name": "八萬里", "detail": "restaurant" }, "geometry": { "type": "Point", "coordinates": [ 139.620974500000017, 35.3826376 ] } },
{ "type": "Feature", "properties": { "amenity_id": 1698, "kind": "shop", "name": "美好 杉田店", "detail": "fast_food" }, "geometry": { "type": "Point", "coordinates": [ 139.616879300000022, 35.3824058 ] } },
{ "type": "Feature", "properties": { "amenity_id": 1699, "kind": "shop", "name": "守茂 支店", "detail": "restaurant" }, "geometry": { "type": "Point", "coordinates": [ 139.6183302, 35.3859217 ] } },
{ "type": "Feature", "properties": { "amenity_id": 1700, "kind": "shop", "name": "グルメとよ", "detail": "restaurant" }, "geometry": { "type": "Point", "coordinates": [ 139.616374, 35.3836648 ] } },
{ "type": "Feature", "properties": { "amenity_id": 1701, "kind": "shop", "name": "カネキヤ", "detail": "bakery" }, "geometry": { "type": "Point", "coordinates": [ 139.616284900000011, 35.3829686 ] } },
{ "type": "Feature", "properties": { "amenity_id": 1702, "kind": "shop", "name": "飛竜", "detail": "restaurant" }, "geometry": { "type": "Point", "coordinates": [ 139.6181803, 35.3841776 ] } },
{ "type": "Feature", "properties": { "amenity_id": 1703, "kind": "shop", "name": "ながら 本店", "detail": "fast_food" }, "geometry": { "type": "Point", "coordinates": [ 139.6167848, 35.3832821 ] } },
{ "type": "Feature", "properties": { "amenity_id": 1704, "kind": "shop", "name": "盛岡製パン 杉田店", "detail": "bakery" }, "geometry": { "type": "Point", "coordinates": [ 139.617704300000014, 35.3839784 ] } },
{ "type": "Feature", "properties": { "amenity_id": 1705, "kind": "shop", "name": "有座", "detail": "fast_food" }, "geometry": { "type": "Point", "coordinates": [ 139.62880370000002, 35.4182887 ] } },
{ "type": "Feature", "properties": { "amenity_id": 1706, "kind": "shop", "name": "そば処 鶴岡 根岸店", "detail": "restaurant" }, "geometry": { "type": "Point", "coordinates": [ 139.62969990000002, 35.4172094 ] } },
{ "type": "Feature", "properties": { "amenity_id": 1707, "kind": "shop", "name": "オーケー新杉田店", "detail": "supermarket" }, "geometry": { "type": "Point", "coordinates": [ 139.6213496, 35.3846858 ] } },
{ "type": "Feature", "properties": { "amenity_id": 1708, "kind": "shop", "name": "オリンピック", "detail": "supermarket" }, "geometry": { "type": "Point", "coordinates": [ 139.595521500000018, 35.3771758 ] } },
{ "type": "Feature", "properties": { "amenity_id": 1709, "kind": "shop", "name": "ドトールコーヒーショップ", "detail": "cafe" }, "geometry": { "type": "Point", "coordinates": [ 139.5964764, 35.378362 ] } },
{ "type": "Feature", "properties": { "amenity_id": 1710, "kind": "shop", "name": "セブン-イレブン", "detail": "convenience" }, "geometry": { "type": "Point", "coordinates": [ 139.5953294, 35.379201 ] } },
{ "type": "Feature", "properties": { "amenity_id": 1711, "kind": "shop", "name": "ケンタッキーフライドチキン", "detail": "fast_food" }, "geometry": { "type": "Point", "coordinates": [ 139.5954212, 35.3781323 ] } },
{ "type": "Feature", "properties": { "amenity_id": 1712, "kind": "shop", "name": "セブン-イレブン", "detail": "convenience" }, "geometry": { "type": "Point", "coordinates": [ 139.5939966, 35.3763927 ] } },
{ "type": "Feature", "properties": { "amenity_id": 1713, "kind": "shop", "name": "コインランドリー丸岡", "detail": "laundry" }, "geometry": { "type": "Point", "coordinates": [ 139.608369300000021, 35.4131982 ] } },
{ "type": "Feature", "properties": { "amenity_id": 1714, "kind": "shop", "name": "KEIHIN", "detail": "hairdresser" }, "geometry": { "type": "Point", "coordinates": [ 139.609071200000017, 35.4121345 ] } },
{ "type": "Feature", "properties": { "amenity_id": 1715, "kind": "shop", "name": "食品館あおば", "detail": "supermarket" }, "geometry": { "type": "Point", "coordinates": [ 139.609486300000015, 35.4109355 ] } },
{ "type": "Feature", "properties": { "amenity_id": 1716, "kind": "shop", "name": "コープ", "detail": "supermarket" }, "geometry": { "type": "Point", "coordinates": [ 139.5930936, 35.3761825 ] } },
{ "type": "Feature", "properties": { "amenity_id": 1717, "kind": "shop", "name": "まいばすけっと", "detail": "supermarket" }, "geometry": { "type": "Point", "coordinates": [ 139.615395, 35.3838297 ] } },
{ "type": "Feature", "properties": { "amenity_id": 1718, "kind": "shop", "name": "セブン-イレブン", "detail": "convenience" }, "geometry": { "type": "Point", "coordinates": [ 139.61520920000001, 35.3852742 ] } },
{ "type": "Feature", "properties": { "amenity_id": 1719, "kind": "shop", "name": "iivy", "detail": "hairdresser" }, "geometry": { "type": "Point", "coordinates": [ 139.617916300000019, 35.3845139 ] } },
{ "type": "Feature", "properties": { "amenity_id": 1720, "kind": "shop", "name": "ガスト", "detail": "restaurant" }, "geometry": { "type": "Point", "coordinates": [ 139.6168083, 35.3838027 ] } },
{ "type": "Feature", "properties": { "amenity_id": 1721, "kind": "shop", "name": "オリジン弁当", "detail": "fast_food" }, "geometry": { "type": "Point", "coordinates": [ 139.6166091, 35.383966 ] } },
{ "type": "Feature", "properties": { "amenity_id": 1722, "kind": "shop", "name": null, "detail": "hairdresser" }, "geometry": { "type": "Point", "coordinates": [ 139.616621400000014, 35.3839116 ] } },
{ "type": "Feature", "properties": { "amenity_id": 1723, "kind": "shop", "name": "松のや", "detail": "fast_food" }, "geometry": { "type": "Point", "coordinates": [ 139.6182906, 35.3842618 ] } },
{ "type": "Feature", "properties": { "amenity_id": 1724, "kind": "shop", "name": "から揚げの本田商店", "detail": "fast_food" }, "geometry": { "type": "Point", "coordinates": [ 139.618763700000017, 35.384638 ] } },
{ "type": "Feature", "properties": { "amenity_id": 1725, "kind": "shop", "name": "麵屋づかちゃん", "detail": "fast_food" }, "geometry": { "type": "Point", "coordinates": [ 139.6201298, 35.3840499 ] } },
{ "type": "Feature", "properties": { "amenity_id": 1726, "kind": "shop", "name": "赤おに", "detail": "fast_food" }, "geometry": { "type": "Point", "coordinates": [ 139.6120478, 35.3890461 ] } },
{ "type": "Feature", "properties": { "amenity_id": 1727, "kind": "shop", "name": "藤井呉服店", "detail": "clothes" }, "geometry": { "type": "Point", "coordinates": [ 139.612308400000018, 35.3933804 ] } },
{ "type": "Feature", "properties": { "amenity_id": 1728, "kind": "shop", "name": "VILLAGE CAFE 磯子店", "detail": "cafe" }, "geometry": { "type": "Point", "coordinates": [ 139.6149633, 35.4023438 ] } },
{ "type": "Feature", "properties": { "amenity_id": 1729, "kind": "shop", "name": "松屋 磯子店", "detail": "fast_food" }, "geometry": { "type": "Point", "coordinates": [ 139.6175014, 35.4008384 ] } },
{ "type": "Feature", "properties": { "amenity_id": 1730, "kind": "shop", "name": "そば処 八十一 磯子中原店", "detail": "restaurant" }, "geometry": { "type": "Point", "coordinates": [ 139.61208, 35.3891037 ] } },
{ "type": "Feature", "properties": { "amenity_id": 1731, "kind": "shop", "name": "ヤオコー", "detail": "supermarket" }, "geometry": { "type": "Point", "coordinates": [ 139.618935, 35.4029868 ] } },
{ "type": "Feature", "properties": { "amenity_id": 1732, "kind": "shop", "name": "Bakery YAWARA", "detail": "bakery" }, "geometry": { "type": "Point", "coordinates": [ 139.597076, 35.3703176 ] } },
{ "type": "Feature", "properties": { "amenity_id": 1733, "kind": "shop", "name": "ローソン", "detail": "convenience" }, "geometry": { "type": "Point", "coordinates": [ 139.59770690000002, 35.3704794 ] } },
{ "type": "Feature", "properties": { "amenity_id": 1734, "kind": "shop", "name": "みつば", "detail": "cafe" }, "geometry": { "type": "Point", "coordinates": [ 139.5973381, 35.3675985 ] } },
{ "type": "Feature", "properties": { "amenity_id": 1735, "kind": "shop", "name": "ファミリーマート", "detail": "convenience" }, "geometry": { "type": "Point", "coordinates": [ 139.5969263, 35.3707514 ] } },
{ "type": "Feature", "properties": { "amenity_id": 1736, "kind": "shop", "name": "ビューティ華", "detail": "hairdresser" }, "geometry": { "type": "Point", "coordinates": [ 139.596604900000017, 35.3714395 ] } },
{ "type": "Feature", "properties": { "amenity_id": 1737, "kind": "shop", "name": "muse", "detail": "hairdresser" }, "geometry": { "type": "Point", "coordinates": [ 139.593767900000017, 35.3762969 ] } },
{ "type": "Feature", "properties": { "amenity_id": 1738, "kind": "shop", "name": "らあめん花月嵐", "detail": "restaurant" }, "geometry": { "type": "Point", "coordinates": [ 139.5950244, 35.3789484 ] } },
{ "type": "Feature", "properties": { "amenity_id": 1739, "kind": "shop", "name": "焼肉けやき", "detail": "restaurant" }, "geometry": { "type": "Point", "coordinates": [ 139.5944648, 35.3797589 ] } },
{ "type": "Feature", "properties": { "amenity_id": 1740, "kind": "shop", "name": "喫茶パピ", "detail": "cafe" }, "geometry": { "type": "Point", "coordinates": [ 139.59222, 35.3801045 ] } },
{ "type": "Feature", "properties": { "amenity_id": 1741, "kind": "shop", "name": "ヘアーサロンアイドル", "detail": "hairdresser" }, "geometry": { "type": "Point", "coordinates": [ 139.592177, 35.3800464 ] } },
{ "type": "Feature", "properties": { "amenity_id": 1742, "kind": "shop", "name": "ドミノ・ピザ", "detail": "fast_food" }, "geometry": { "type": "Point", "coordinates": [ 139.597084700000011, 35.3837025 ] } },
{ "type": "Feature", "properties": { "amenity_id": 1743, "kind": "shop", "name": "ファミリーマート", "detail": "convenience" }, "geometry": { "type": "Point", "coordinates": [ 139.5919844, 35.3846625 ] } },
{ "type": "Feature", "properties": { "amenity_id": 1744, "kind": "shop", "name": "ココエルナ", "detail": "cafe" }, "geometry": { "type": "Point", "coordinates": [ 139.6038222, 35.3925984 ] } },
{ "type": "Feature", "properties": { "amenity_id": 1745, "kind": "shop", "name": "セブン-イレブン", "detail": "convenience" }, "geometry": { "type": "Point", "coordinates": [ 139.6101232, 35.3948193 ] } },
{ "type": "Feature", "properties": { "amenity_id": 1746, "kind": "shop", "name": "まいばすけっと 磯子中原1丁目店", "detail": "convenience" }, "geometry": { "type": "Point", "coordinates": [ 139.6152669, 35.3904055 ] } },
{ "type": "Feature", "properties": { "amenity_id": 1747, "kind": "shop", "name": "モスバーガー", "detail": "fast_food" }, "geometry": { "type": "Point", "coordinates": [ 139.616952, 35.3835369 ] } },
{ "type": "Feature", "properties": { "amenity_id": 1748, "kind": "shop", "name": "ごはん亭", "detail": "fast_food" }, "geometry": { "type": "Point", "coordinates": [ 139.593709, 35.3810601 ] } },
{ "type": "Feature", "properties": { "amenity_id": 1749, "kind": "shop", "name": "リトルマーメイド", "detail": "bakery" }, "geometry": { "type": "Point", "coordinates": [ 139.5961815, 35.378973 ] } },
{ "type": "Feature", "properties": { "amenity_id": 1750, "kind": "shop", "name": "キッチンオリジン", "detail": "fast_food" }, "geometry": { "type": "Point", "coordinates": [ 139.596442200000013, 35.3787762 ] } },
{ "type": "Feature", "properties": { "amenity_id": 1751, "kind": "shop", "name": "洋光台ハンバーガー PassTime", "detail": "fast_food" }, "geometry": { "type": "Point", "coordinates": [ 139.5955946, 35.3799192 ] } },
{ "type": "Feature", "properties": { "amenity_id": 1752, "kind": "shop", "name": "成城石井", "detail": "supermarket" }, "geometry": { "type": "Point", "coordinates": [ 139.6197687, 35.3863686 ] } },
{ "type": "Feature", "properties": { "amenity_id": 1753, "kind": "shop", "name": "蕎麦茶屋 小諸", "detail": "restaurant" }, "geometry": { "type": "Point", "coordinates": [ 139.6198728, 35.386261 ] } },
{ "type": "Feature", "properties": { "amenity_id": 1754, "kind": "shop", "name": "がんこ亭", "detail": "fast_food" }, "geometry": { "type": "Point", "coordinates": [ 139.6159714, 35.3913937 ] } },
{ "type": "Feature", "properties": { "amenity_id": 1755, "kind": "shop", "name": "鯛焼き まるたい本舗", "detail": "fast_food" }, "geometry": { "type": "Point", "coordinates": [ 139.5950143, 35.3799662 ] } },
{ "type": "Feature", "properties": { "amenity_id": 1756, "kind": "shop", "name": "伊澤商店", "detail": "convenience" }, "geometry": { "type": "Point", "coordinates": [ 139.61789330000002, 35.3856601 ] } },
{ "type": "Feature", "properties": { "amenity_id": 1757, "kind": "shop", "name": "ヘアー＆ラウンジ マインド", "detail": "hairdresser" }, "geometry": { "type": "Point", "coordinates": [ 139.609969800000016, 35.3947846 ] } },
{ "type": "Feature", "properties": { "amenity_id": 1758, "kind": "shop", "name": "コミニティーカフェ まる然", "detail": "fast_food" }, "geometry": { "type": "Point", "coordinates": [ 139.5934666, 35.3820633 ] } },
{ "type": "Feature", "properties": { "amenity_id": 1759, "kind": "shop", "name": "かつ亭", "detail": "restaurant" }, "geometry": { "type": "Point", "coordinates": [ 139.594414600000022, 35.381646 ] } },
{ "type": "Feature", "properties": { "amenity_id": 1760, "kind": "shop", "name": "まいばすけっと", "detail": "supermarket" }, "geometry": { "type": "Point", "coordinates": [ 139.5948272, 35.3818646 ] } },
{ "type": "Feature", "properties": { "amenity_id": 1761, "kind": "shop", "name": "洋光台バル・Amu", "detail": "restaurant" }, "geometry": { "type": "Point", "coordinates": [ 139.596819400000015, 35.3832524 ] } },
{ "type": "Feature", "properties": { "amenity_id": 1762, "kind": "shop", "name": "セブン-イレブン", "detail": "convenience" }, "geometry": { "type": "Point", "coordinates": [ 139.597221100000013, 35.3833873 ] } },
{ "type": "Feature", "properties": { "amenity_id": 1763, "kind": "shop", "name": "まいばすけっと", "detail": "supermarket" }, "geometry": { "type": "Point", "coordinates": [ 139.6015453, 35.3864091 ] } },
{ "type": "Feature", "properties": { "amenity_id": 1764, "kind": "shop", "name": "栗木屋食堂", "detail": "restaurant" }, "geometry": { "type": "Point", "coordinates": [ 139.606411, 35.3810586 ] } },
{ "type": "Feature", "properties": { "amenity_id": 1765, "kind": "shop", "name": "ピザハット", "detail": "fast_food" }, "geometry": { "type": "Point", "coordinates": [ 139.619415, 35.3844632 ] } },
{ "type": "Feature", "properties": { "amenity_id": 1766, "kind": "shop", "name": "Sunset DINER", "detail": "fast_food" }, "geometry": { "type": "Point", "coordinates": [ 139.625058200000012, 35.4137986 ] } },
{ "type": "Feature", "properties": { "amenity_id": 1767, "kind": "shop", "name": "横浜むぎや", "detail": "bakery" }, "geometry": { "type": "Point", "coordinates": [ 139.596778200000017, 35.3782813 ] } },
{ "type": "Feature", "properties": { "amenity_id": 1768, "kind": "shop", "name": "いちのせ", "detail": "restaurant" }, "geometry": { "type": "Point", "coordinates": [ 139.596688200000017, 35.3784907 ] } },
{ "type": "Feature", "properties": { "amenity_id": 1769, "kind": "shop", "name": "アルバートコーヒー", "detail": "cafe" }, "geometry": { "type": "Point", "coordinates": [ 139.59519, 35.3797482 ] } },
{ "type": "Feature", "properties": { "amenity_id": 1770, "kind": "shop", "name": "駅そば", "detail": "restaurant" }, "geometry": { "type": "Point", "coordinates": [ 139.595537300000018, 35.3795008 ] } },
{ "type": "Feature", "properties": { "amenity_id": 1771, "kind": "shop", "name": "洋光台ラーメン 千客萬來", "detail": "restaurant" }, "geometry": { "type": "Point", "coordinates": [ 139.5951267, 35.3795094 ] } },
{ "type": "Feature", "properties": { "amenity_id": 1772, "kind": "shop", "name": "安楽亭", "detail": "restaurant" }, "geometry": { "type": "Point", "coordinates": [ 139.599611400000015, 35.3714137 ] } },
{ "type": "Feature", "properties": { "amenity_id": 1773, "kind": "shop", "name": "リトルマーメイド", "detail": "bakery" }, "geometry": { "type": "Point", "coordinates": [ 139.6163587, 35.3834566 ] } },
{ "type": "Feature", "properties": { "amenity_id": 1774, "kind": "shop", "name": "吉野家", "detail": "fast_food" }, "geometry": { "type": "Point", "coordinates": [ 139.6166484, 35.3835211 ] } },
{ "type": "Feature", "properties": { "amenity_id": 1775, "kind": "shop", "name": "インドネパール料理　サフロン", "detail": "restaurant" }, "geometry": { "type": "Point", "coordinates": [ 139.595497600000016, 35.3799243 ] } },
{ "type": "Feature", "properties": { "amenity_id": 1776, "kind": "shop", "name": "清菓堂", "detail": "convenience" }, "geometry": { "type": "Point", "coordinates": [ 139.611889, 35.3889102 ] } },
{ "type": "Feature", "properties": { "amenity_id": 1777, "kind": "shop", "name": "大濱理容館", "detail": "hairdresser" }, "geometry": { "type": "Point", "coordinates": [ 139.6220079, 35.4102025 ] } },
{ "type": "Feature", "properties": { "amenity_id": 1778, "kind": "shop", "name": "美容室 あかずきん", "detail": "hairdresser" }, "geometry": { "type": "Point", "coordinates": [ 139.596086500000013, 35.3795436 ] } },
{ "type": "Feature", "properties": { "amenity_id": 1779, "kind": "shop", "name": "カットサロンとまと", "detail": "hairdresser" }, "geometry": { "type": "Point", "coordinates": [ 139.595075300000019, 35.3799591 ] } },
{ "type": "Feature", "properties": { "amenity_id": 1780, "kind": "shop", "name": "天丼てんや", "detail": "fast_food" }, "geometry": { "type": "Point", "coordinates": [ 139.6201064, 35.3858076 ] } },
{ "type": "Feature", "properties": { "amenity_id": 1781, "kind": "shop", "name": "Miluki", "detail": "bakery" }, "geometry": { "type": "Point", "coordinates": [ 139.609073100000018, 35.4126201 ] } },
{ "type": "Feature", "properties": { "amenity_id": 1782, "kind": "shop", "name": "焼肉ホルモン ゆず苑", "detail": "restaurant" }, "geometry": { "type": "Point", "coordinates": [ 139.609213900000015, 35.4123988 ] } },
{ "type": "Feature", "properties": { "amenity_id": 1783, "kind": "shop", "name": "金彩", "detail": "restaurant" }, "geometry": { "type": "Point", "coordinates": [ 139.623638700000015, 35.4221414 ] } },
{ "type": "Feature", "properties": { "amenity_id": 1784, "kind": "shop", "name": "お好み焼き しぐれ", "detail": "bar" }, "geometry": { "type": "Point", "coordinates": [ 139.6089895, 35.4122689 ] } },
{ "type": "Feature", "properties": { "amenity_id": 1785, "kind": "shop", "name": "ヘアーサロンセキ", "detail": "hairdresser" }, "geometry": { "type": "Point", "coordinates": [ 139.623352400000016, 35.4220808 ] } },
{ "type": "Feature", "properties": { "amenity_id": 1786, "kind": "shop", "name": "コメダ珈琲店", "detail": "cafe" }, "geometry": { "type": "Point", "coordinates": [ 139.616734300000019, 35.4001594 ] } },
{ "type": "Feature", "properties": { "amenity_id": 1787, "kind": "shop", "name": "タリーズコーヒー", "detail": "cafe" }, "geometry": { "type": "Point", "coordinates": [ 139.617317400000019, 35.4005773 ] } },
{ "type": "Feature", "properties": { "amenity_id": 1788, "kind": "shop", "name": "クリエイトS・D磯子上笹堀店", "detail": "supermarket" }, "geometry": { "type": "Point", "coordinates": [ 139.6065026, 35.4130528 ] } },
{ "type": "Feature", "properties": { "amenity_id": 1789, "kind": "shop", "name": "すぎた村", "detail": "cafe" }, "geometry": { "type": "Point", "coordinates": [ 139.6149734, 35.3884694 ] } },
{ "type": "Feature", "properties": { "amenity_id": 1790, "kind": "shop", "name": "鰻屋", "detail": "fast_food" }, "geometry": { "type": "Point", "coordinates": [ 139.6119979, 35.3934533 ] } },
{ "type": "Feature", "properties": { "amenity_id": 1791, "kind": "shop", "name": "とんかついぶき", "detail": "restaurant" }, "geometry": { "type": "Point", "coordinates": [ 139.632708, 35.4162803 ] } },
{ "type": "Feature", "properties": { "amenity_id": 1792, "kind": "shop", "name": "聘華楼", "detail": "restaurant" }, "geometry": { "type": "Point", "coordinates": [ 139.631444, 35.4162778 ] } },
{ "type": "Feature", "properties": { "amenity_id": 1793, "kind": "shop", "name": "柴原珈琲店", "detail": "cafe" }, "geometry": { "type": "Point", "coordinates": [ 139.6280841, 35.4152981 ] } },
{ "type": "Feature", "properties": { "amenity_id": 1794, "kind": "shop", "name": "中華料理百里香", "detail": "restaurant" }, "geometry": { "type": "Point", "coordinates": [ 139.633772600000015, 35.4165814 ] } },
{ "type": "Feature", "properties": { "amenity_id": 1795, "kind": "shop", "name": "インマージノ", "detail": "restaurant" }, "geometry": { "type": "Point", "coordinates": [ 139.637155800000016, 35.416663 ] } },
{ "type": "Feature", "properties": { "amenity_id": 1796, "kind": "shop", "name": "CAKES COFFEE 女屋", "detail": "cafe" }, "geometry": { "type": "Point", "coordinates": [ 139.6220046, 35.4101504 ] } },
{ "type": "Feature", "properties": { "amenity_id": 1797, "kind": "shop", "name": "宇佐美食堂", "detail": "restaurant" }, "geometry": { "type": "Point", "coordinates": [ 139.6146826, 35.3968397 ] } },
{ "type": "Feature", "properties": { "amenity_id": 1798, "kind": "shop", "name": "Lucania", "detail": "cafe" }, "geometry": { "type": "Point", "coordinates": [ 139.617084200000022, 35.3835782 ] } },
{ "type": "Feature", "properties": { "amenity_id": 1799, "kind": "shop", "name": "デイリーヤマザキ", "detail": "convenience" }, "geometry": { "type": "Point", "coordinates": [ 139.6357222, 35.4586953 ] } },
{ "type": "Feature", "properties": { "amenity_id": 1800, "kind": "shop", "name": "DANZERO", "detail": "restaurant" }, "geometry": { "type": "Point", "coordinates": [ 139.6363225, 35.459498 ] } },
{ "type": "Feature", "properties": { "amenity_id": 1801, "kind": "shop", "name": "ATIMO", "detail": "restaurant" }, "geometry": { "type": "Point", "coordinates": [ 139.636467400000015, 35.4593233 ] } },
{ "type": "Feature", "properties": { "amenity_id": 1802, "kind": "shop", "name": "ファミリーマート", "detail": "convenience" }, "geometry": { "type": "Point", "coordinates": [ 139.62978990000002, 35.4603736 ] } },
{ "type": "Feature", "properties": { "amenity_id": 1803, "kind": "shop", "name": "スターバックス", "detail": "cafe" }, "geometry": { "type": "Point", "coordinates": [ 139.63142, 35.4543972 ] } },
{ "type": "Feature", "properties": { "amenity_id": 1804, "kind": "shop", "name": "YOKOHAMAフードテラス", "detail": "restaurant" }, "geometry": { "type": "Point", "coordinates": [ 139.6355829, 35.4590633 ] } },
{ "type": "Feature", "properties": { "amenity_id": 1805, "kind": "shop", "name": "セブン-イレブン", "detail": "convenience" }, "geometry": { "type": "Point", "coordinates": [ 139.6326961, 35.4584434 ] } },
{ "type": "Feature", "properties": { "amenity_id": 1806, "kind": "shop", "name": "PRONTO", "detail": "cafe" }, "geometry": { "type": "Point", "coordinates": [ 139.632389, 35.4582438 ] } },
{ "type": "Feature", "properties": { "amenity_id": 1807, "kind": "shop", "name": "ピア21(PIER21)", "detail": "restaurant" }, "geometry": { "type": "Point", "coordinates": [ 139.6383571, 35.4582567 ] } },
{ "type": "Feature", "properties": { "amenity_id": 1808, "kind": "shop", "name": "マクドナルド", "detail": "fast_food" }, "geometry": { "type": "Point", "coordinates": [ 139.632212400000014, 35.4557669 ] } },
{ "type": "Feature", "properties": { "amenity_id": 1809, "kind": "shop", "name": "阿里城", "detail": "restaurant" }, "geometry": { "type": "Point", "coordinates": [ 139.6325553, 35.4583362 ] } },
{ "type": "Feature", "properties": { "amenity_id": 1810, "kind": "shop", "name": "コワーキングスペース TANEMAKI", "detail": "cafe" }, "geometry": { "type": "Point", "coordinates": [ 139.615531200000021, 35.4611226 ] } },
{ "type": "Feature", "properties": { "amenity_id": 1811, "kind": "shop", "name": "UNIX", "detail": "hairdresser" }, "geometry": { "type": "Point", "coordinates": [ 139.6211332, 35.4673164 ] } },
{ "type": "Feature", "properties": { "amenity_id": 1812, "kind": "shop", "name": "俺のフレンチ", "detail": "restaurant" }, "geometry": { "type": "Point", "coordinates": [ 139.616824300000019, 35.4639762 ] } },
{ "type": "Feature", "properties": { "amenity_id": 1813, "kind": "shop", "name": "マクドナルド", "detail": "fast_food" }, "geometry": { "type": "Point", "coordinates": [ 139.6173684, 35.4639843 ] } },
{ "type": "Feature", "properties": { "amenity_id": 1814, "kind": "shop", "name": "吉村家", "detail": "fast_food" }, "geometry": { "type": "Point", "coordinates": [ 139.6150687, 35.4630322 ] } },
{ "type": "Feature", "properties": { "amenity_id": 1815, "kind": "shop", "name": "kawara cafe&dining", "detail": "cafe" }, "geometry": { "type": "Point", "coordinates": [ 139.6201015, 35.4639636 ] } },
{ "type": "Feature", "properties": { "amenity_id": 1816, "kind": "shop", "name": "デイリーヤマザキ", "detail": "convenience" }, "geometry": { "type": "Point", "coordinates": [ 139.6145607, 35.4667075 ] } },
{ "type": "Feature", "properties": { "amenity_id": 1817, "kind": "shop", "name": "セブン-イレブン", "detail": "convenience" }, "geometry": { "type": "Point", "coordinates": [ 139.615267, 35.4662249 ] } },
{ "type": "Feature", "properties": { "amenity_id": 1818, "kind": "shop", "name": "雛鮨", "detail": "restaurant" }, "geometry": { "type": "Point", "coordinates": [ 139.62051550000001, 35.467467 ] } },
{ "type": "Feature", "properties": { "amenity_id": 1819, "kind": "shop", "name": "スターバックス", "detail": "cafe" }, "geometry": { "type": "Point", "coordinates": [ 139.6170849, 35.4668947 ] } },
{ "type": "Feature", "properties": { "amenity_id": 1820, "kind": "shop", "name": "スターバックス", "detail": "cafe" }, "geometry": { "type": "Point", "coordinates": [ 139.61977490000001, 35.4656024 ] } },
{ "type": "Feature", "properties": { "amenity_id": 1821, "kind": "shop", "name": "スターバックス", "detail": "cafe" }, "geometry": { "type": "Point", "coordinates": [ 139.6221975, 35.4670104 ] } },
{ "type": "Feature", "properties": { "amenity_id": 1822, "kind": "shop", "name": "スターバックス", "detail": "cafe" }, "geometry": { "type": "Point", "coordinates": [ 139.6185901, 35.4649511 ] } },
{ "type": "Feature", "properties": { "amenity_id": 1823, "kind": "shop", "name": "スターバックス", "detail": "cafe" }, "geometry": { "type": "Point", "coordinates": [ 139.624570200000022, 35.4643984 ] } },
{ "type": "Feature", "properties": { "amenity_id": 1824, "kind": "shop", "name": "スターバックス", "detail": "cafe" }, "geometry": { "type": "Point", "coordinates": [ 139.6266455, 35.4639906 ] } },
{ "type": "Feature", "properties": { "amenity_id": 1825, "kind": "shop", "name": "スターバックス", "detail": "cafe" }, "geometry": { "type": "Point", "coordinates": [ 139.630387500000012, 35.4587318 ] } },
{ "type": "Feature", "properties": { "amenity_id": 1826, "kind": "shop", "name": "スターバックス", "detail": "cafe" }, "geometry": { "type": "Point", "coordinates": [ 139.6339614, 35.456388 ] } },
{ "type": "Feature", "properties": { "amenity_id": 1827, "kind": "shop", "name": "ナチュラルローソン", "detail": "convenience" }, "geometry": { "type": "Point", "coordinates": [ 139.6300565, 35.4591628 ] } },
{ "type": "Feature", "properties": { "amenity_id": 1828, "kind": "shop", "name": "Brasserie la Classe", "detail": "restaurant" }, "geometry": { "type": "Point", "coordinates": [ 139.631687200000016, 35.4551969 ] } },
{ "type": "Feature", "properties": { "amenity_id": 1829, "kind": "shop", "name": "Doctor Belee", "detail": "clothes" }, "geometry": { "type": "Point", "coordinates": [ 139.633415500000012, 35.4562891 ] } },
{ "type": "Feature", "properties": { "amenity_id": 1830, "kind": "shop", "name": "Timberland", "detail": "clothes" }, "geometry": { "type": "Point", "coordinates": [ 139.6348044, 35.4572476 ] } },
{ "type": "Feature", "properties": { "amenity_id": 1831, "kind": "shop", "name": "ドトールコーヒーショップ", "detail": "cafe" }, "geometry": { "type": "Point", "coordinates": [ 139.619496, 35.4657709 ] } },
{ "type": "Feature", "properties": { "amenity_id": 1832, "kind": "shop", "name": "洋服の青山", "detail": "clothes" }, "geometry": { "type": "Point", "coordinates": [ 139.6196472, 35.4658041 ] } },
{ "type": "Feature", "properties": { "amenity_id": 1833, "kind": "shop", "name": "PRONTO", "detail": "cafe" }, "geometry": { "type": "Point", "coordinates": [ 139.6194313, 35.4660824 ] } },
{ "type": "Feature", "properties": { "amenity_id": 1834, "kind": "shop", "name": "ローソン", "detail": "convenience" }, "geometry": { "type": "Point", "coordinates": [ 139.6186073, 35.4662109 ] } },
{ "type": "Feature", "properties": { "amenity_id": 1835, "kind": "shop", "name": "上島珈琲店", "detail": "cafe" }, "geometry": { "type": "Point", "coordinates": [ 139.618490400000013, 35.4661657 ] } },
{ "type": "Feature", "properties": { "amenity_id": 1836, "kind": "shop", "name": "カフェ・ベローチェ", "detail": "cafe" }, "geometry": { "type": "Point", "coordinates": [ 139.618028800000019, 35.4661205 ] } },
{ "type": "Feature", "properties": { "amenity_id": 1837, "kind": "shop", "name": "ビッグヴィジョン21 横浜店", "detail": "clothes" }, "geometry": { "type": "Point", "coordinates": [ 139.6179119, 35.4658801 ] } },
{ "type": "Feature", "properties": { "amenity_id": 1838, "kind": "shop", "name": "TAPATAPAS", "detail": "cafe" }, "geometry": { "type": "Point", "coordinates": [ 139.6174268, 35.4657206 ] } },
{ "type": "Feature", "properties": { "amenity_id": 1839, "kind": "shop", "name": "Casa vella", "detail": "cafe" }, "geometry": { "type": "Point", "coordinates": [ 139.617301200000014, 35.4656778 ] } },
{ "type": "Feature", "properties": { "amenity_id": 1840, "kind": "shop", "name": "Halenohea", "detail": "cafe" }, "geometry": { "type": "Point", "coordinates": [ 139.617187200000018, 35.465635 ] } },
{ "type": "Feature", "properties": { "amenity_id": 1841, "kind": "shop", "name": "ファミリーマート", "detail": "convenience" }, "geometry": { "type": "Point", "coordinates": [ 139.616933, 35.4655993 ] } },
{ "type": "Feature", "properties": { "amenity_id": 1842, "kind": "shop", "name": "牛角", "detail": "restaurant" }, "geometry": { "type": "Point", "coordinates": [ 139.6169137, 35.4656725 ] } },
{ "type": "Feature", "properties": { "amenity_id": 1843, "kind": "shop", "name": "すき家", "detail": "fast_food" }, "geometry": { "type": "Point", "coordinates": [ 139.6164129, 35.4661038 ] } },
{ "type": "Feature", "properties": { "amenity_id": 1844, "kind": "shop", "name": "成城石井", "detail": "supermarket" }, "geometry": { "type": "Point", "coordinates": [ 139.6227093, 35.4661475 ] } },
{ "type": "Feature", "properties": { "amenity_id": 1845, "kind": "shop", "name": "ペッシェドーロ 横浜店", "detail": "restaurant" }, "geometry": { "type": "Point", "coordinates": [ 139.6323624, 35.4555286 ] } },
{ "type": "Feature", "properties": { "amenity_id": 1846, "kind": "shop", "name": "成城石井", "detail": "supermarket" }, "geometry": { "type": "Point", "coordinates": [ 139.631108500000011, 35.4551515 ] } },
{ "type": "Feature", "properties": { "amenity_id": 1847, "kind": "shop", "name": "Chacott", "detail": "clothes" }, "geometry": { "type": "Point", "coordinates": [ 139.619672, 35.467856 ] } },
{ "type": "Feature", "properties": { "amenity_id": 1848, "kind": "shop", "name": "ファミリーマート", "detail": "convenience" }, "geometry": { "type": "Point", "coordinates": [ 139.621203, 35.467708 ] } },
{ "type": "Feature", "properties": { "amenity_id": 1849, "kind": "shop", "name": "TGI Fridays", "detail": "restaurant" }, "geometry": { "type": "Point", "coordinates": [ 139.621144, 35.467415 ] } },
{ "type": "Feature", "properties": { "amenity_id": 1850, "kind": "shop", "name": "塚田農場", "detail": "restaurant" }, "geometry": { "type": "Point", "coordinates": [ 139.622029, 35.467699 ] } },
{ "type": "Feature", "properties": { "amenity_id": 1851, "kind": "shop", "name": "松屋", "detail": "fast_food" }, "geometry": { "type": "Point", "coordinates": [ 139.622214, 35.467677 ] } },
{ "type": "Feature", "properties": { "amenity_id": 1852, "kind": "shop", "name": "知喜多", "detail": "restaurant" }, "geometry": { "type": "Point", "coordinates": [ 139.622217, 35.467645 ] } },
{ "type": "Feature", "properties": { "amenity_id": 1853, "kind": "shop", "name": "やきとり お加代 本店", "detail": "bar" }, "geometry": { "type": "Point", "coordinates": [ 139.6223798, 35.4676478 ] } },
{ "type": "Feature", "properties": { "amenity_id": 1854, "kind": "shop", "name": "伸寿し", "detail": "restaurant" }, "geometry": { "type": "Point", "coordinates": [ 139.622546, 35.467428 ] } },
{ "type": "Feature", "properties": { "amenity_id": 1855, "kind": "shop", "name": "マリモ", "detail": "fast_food" }, "geometry": { "type": "Point", "coordinates": [ 139.622512, 35.4673098 ] } },
{ "type": "Feature", "properties": { "amenity_id": 1856, "kind": "shop", "name": "横浜屋", "detail": "fast_food" }, "geometry": { "type": "Point", "coordinates": [ 139.622559100000018, 35.467348 ] } },
{ "type": "Feature", "properties": { "amenity_id": 1857, "kind": "shop", "name": "津軽みどり", "detail": "bar" }, "geometry": { "type": "Point", "coordinates": [ 139.622688, 35.4673145 ] } },
{ "type": "Feature", "properties": { "amenity_id": 1858, "kind": "shop", "name": "のんきや", "detail": "fast_food" }, "geometry": { "type": "Point", "coordinates": [ 139.6227197, 35.4672537 ] } },
{ "type": "Feature", "properties": { "amenity_id": 1859, "kind": "shop", "name": "みなと寿司", "detail": "restaurant" }, "geometry": { "type": "Point", "coordinates": [ 139.622795, 35.467294 ] } },
{ "type": "Feature", "properties": { "amenity_id": 1860, "kind": "shop", "name": "マクドナルド", "detail": "fast_food" }, "geometry": { "type": "Point", "coordinates": [ 139.619952, 35.4645703 ] } },
{ "type": "Feature", "properties": { "amenity_id": 1861, "kind": "shop", "name": "Miami Garden", "detail": "cafe" }, "geometry": { "type": "Point", "coordinates": [ 139.620095, 35.464611 ] } },
{ "type": "Feature", "properties": { "amenity_id": 1862, "kind": "shop", "name": "お好み焼き堂", "detail": "fast_food" }, "geometry": { "type": "Point", "coordinates": [ 139.619886400000013, 35.4641723 ] } },
{ "type": "Feature", "properties": { "amenity_id": 1863, "kind": "shop", "name": "ファミリーマート", "detail": "convenience" }, "geometry": { "type": "Point", "coordinates": [ 139.620225, 35.4643648 ] } },
{ "type": "Feature", "properties": { "amenity_id": 1864, "kind": "shop", "name": "Jan Tokunaga", "detail": "clothes" }, "geometry": { "type": "Point", "coordinates": [ 139.619985, 35.464532 ] } },
{ "type": "Feature", "properties": { "amenity_id": 1865, "kind": "shop", "name": "ラーメン銀家", "detail": "restaurant" }, "geometry": { "type": "Point", "coordinates": [ 139.619406, 35.46488 ] } },
{ "type": "Feature", "properties": { "amenity_id": 1866, "kind": "shop", "name": "デイリーヤマザキ", "detail": "convenience" }, "geometry": { "type": "Point", "coordinates": [ 139.619401, 35.464613 ] } },
{ "type": "Feature", "properties": { "amenity_id": 1867, "kind": "shop", "name": "コナカ", "detail": "clothes" }, "geometry": { "type": "Point", "coordinates": [ 139.618062, 35.46479 ] } },
{ "type": "Feature", "properties": { "amenity_id": 1868, "kind": "shop", "name": "Navy Store", "detail": "clothes" }, "geometry": { "type": "Point", "coordinates": [ 139.6181812, 35.4642693 ] } },
{ "type": "Feature", "properties": { "amenity_id": 1869, "kind": "shop", "name": "蕎麦 wasabi", "detail": "fast_food" }, "geometry": { "type": "Point", "coordinates": [ 139.618230300000022, 35.4642875 ] } },
{ "type": "Feature", "properties": { "amenity_id": 1870, "kind": "shop", "name": "ユニクロ", "detail": "clothes" }, "geometry": { "type": "Point", "coordinates": [ 139.620779700000014, 35.4676039 ] } },
{ "type": "Feature", "properties": { "amenity_id": 1871, "kind": "shop", "name": "Tullys", "detail": "cafe" }, "geometry": { "type": "Point", "coordinates": [ 139.63204, 35.45899 ] } },
{ "type": "Feature", "properties": { "amenity_id": 1872, "kind": "shop", "name": "Eddie Bauer", "detail": "clothes" }, "geometry": { "type": "Point", "coordinates": [ 139.634762, 35.4569357 ] } },
{ "type": "Feature", "properties": { "amenity_id": 1873, "kind": "shop", "name": "SUIT SELECT", "detail": "clothes" }, "geometry": { "type": "Point", "coordinates": [ 139.624322800000016, 35.4639569 ] } },
{ "type": "Feature", "properties": { "amenity_id": 1874, "kind": "shop", "name": "セブン-イレブン", "detail": "convenience" }, "geometry": { "type": "Point", "coordinates": [ 139.61913, 35.4610818 ] } },
{ "type": "Feature", "properties": { "amenity_id": 1875, "kind": "shop", "name": "Lovely Cleaning", "detail": "dry_cleaning" }, "geometry": { "type": "Point", "coordinates": [ 139.619901200000015, 35.4617623 ] } },
{ "type": "Feature", "properties": { "amenity_id": 1876, "kind": "shop", "name": "ローソン", "detail": "convenience" }, "geometry": { "type": "Point", "coordinates": [ 139.620636100000013, 35.4605199 ] } },
{ "type": "Feature", "properties": { "amenity_id": 1877, "kind": "shop", "name": "H&M", "detail": "clothes" }, "geometry": { "type": "Point", "coordinates": [ 139.6310397, 35.4552704 ] } },
{ "type": "Feature", "properties": { "amenity_id": 1878, "kind": "shop", "name": "ドトールコーヒーショップ", "detail": "cafe" }, "geometry": { "type": "Point", "coordinates": [ 139.631976300000019, 35.4566952 ] } },
{ "type": "Feature", "properties": { "amenity_id": 1879, "kind": "shop", "name": "Kouu", "detail": "restaurant" }, "geometry": { "type": "Point", "coordinates": [ 139.631497200000013, 35.458036 ] } },
{ "type": "Feature", "properties": { "amenity_id": 1880, "kind": "shop", "name": "大戸屋", "detail": "restaurant" }, "geometry": { "type": "Point", "coordinates": [ 139.632483, 35.459234 ] } },
{ "type": "Feature", "properties": { "amenity_id": 1881, "kind": "shop", "name": "三間堂", "detail": "restaurant" }, "geometry": { "type": "Point", "coordinates": [ 139.632284, 35.458383 ] } },
{ "type": "Feature", "properties": { "amenity_id": 1882, "kind": "shop", "name": "hair rough", "detail": "hairdresser" }, "geometry": { "type": "Point", "coordinates": [ 139.632674, 35.461945 ] } },
{ "type": "Feature", "properties": { "amenity_id": 1883, "kind": "shop", "name": "glam: universal works", "detail": "hairdresser" }, "geometry": { "type": "Point", "coordinates": [ 139.632314, 35.462323 ] } },
{ "type": "Feature", "properties": { "amenity_id": 1884, "kind": "shop", "name": "葉山庵", "detail": "restaurant" }, "geometry": { "type": "Point", "coordinates": [ 139.632207, 35.461948 ] } },
{ "type": "Feature", "properties": { "amenity_id": 1885, "kind": "shop", "name": "まいばすけっと", "detail": "supermarket" }, "geometry": { "type": "Point", "coordinates": [ 139.6317395, 35.4618898 ] } },
{ "type": "Feature", "properties": { "amenity_id": 1886, "kind": "shop", "name": "mm thai", "detail": "restaurant" }, "geometry": { "type": "Point", "coordinates": [ 139.6298899, 35.4586495 ] } },
{ "type": "Feature", "properties": { "amenity_id": 1887, "kind": "shop", "name": "PARIYA", "detail": "fast_food" }, "geometry": { "type": "Point", "coordinates": [ 139.6297155, 35.4588839 ] } },
{ "type": "Feature", "properties": { "amenity_id": 1888, "kind": "shop", "name": "サンマルクカフェ", "detail": "cafe" }, "geometry": { "type": "Point", "coordinates": [ 139.629578900000013, 35.4590494 ] } },
{ "type": "Feature", "properties": { "amenity_id": 1889, "kind": "shop", "name": "Licht", "detail": "bar" }, "geometry": { "type": "Point", "coordinates": [ 139.6294594, 35.459228 ] } },
{ "type": "Feature", "properties": { "amenity_id": 1890, "kind": "shop", "name": "BROOK Mizunobu", "detail": "cafe" }, "geometry": { "type": "Point", "coordinates": [ 139.633367600000014, 35.4596712 ] } },
{ "type": "Feature", "properties": { "amenity_id": 1891, "kind": "shop", "name": "ローソン", "detail": "convenience" }, "geometry": { "type": "Point", "coordinates": [ 139.6317309, 35.4578262 ] } },
{ "type": "Feature", "properties": { "amenity_id": 1892, "kind": "shop", "name": "カザーナ", "detail": "restaurant" }, "geometry": { "type": "Point", "coordinates": [ 139.633874600000013, 35.4568578 ] } },
{ "type": "Feature", "properties": { "amenity_id": 1893, "kind": "shop", "name": "田舎そば のぶや", "detail": "restaurant" }, "geometry": { "type": "Point", "coordinates": [ 139.629538, 35.4589595 ] } },
{ "type": "Feature", "properties": { "amenity_id": 1894, "kind": "shop", "name": "まいにちマルシェ", "detail": "supermarket" }, "geometry": { "type": "Point", "coordinates": [ 139.631953, 35.4576145 ] } },
{ "type": "Feature", "properties": { "amenity_id": 1895, "kind": "shop", "name": "すみれ亭", "detail": "restaurant" }, "geometry": { "type": "Point", "coordinates": [ 139.6333994, 35.4595359 ] } },
{ "type": "Feature", "properties": { "amenity_id": 1896, "kind": "shop", "name": "New York Grand Kitchen", "detail": "restaurant" }, "geometry": { "type": "Point", "coordinates": [ 139.633579600000019, 35.4567703 ] } },
{ "type": "Feature", "properties": { "amenity_id": 1897, "kind": "shop", "name": "濱のくじら屋", "detail": "restaurant" }, "geometry": { "type": "Point", "coordinates": [ 139.610416, 35.449999 ] } },
{ "type": "Feature", "properties": { "amenity_id": 1898, "kind": "shop", "name": "松屋", "detail": "fast_food" }, "geometry": { "type": "Point", "coordinates": [ 139.6189976, 35.4640365 ] } },
{ "type": "Feature", "properties": { "amenity_id": 1899, "kind": "shop", "name": "Bistrot A Vin La-fina", "detail": "restaurant" }, "geometry": { "type": "Point", "coordinates": [ 139.622465200000022, 35.4636068 ] } },
{ "type": "Feature", "properties": { "amenity_id": 1900, "kind": "shop", "name": "モスバーガー", "detail": "fast_food" }, "geometry": { "type": "Point", "coordinates": [ 139.6221515, 35.4630233 ] } },
{ "type": "Feature", "properties": { "amenity_id": 1901, "kind": "shop", "name": "セブン-イレブン", "detail": "convenience" }, "geometry": { "type": "Point", "coordinates": [ 139.622085100000021, 35.4629375 ] } },
{ "type": "Feature", "properties": { "amenity_id": 1902, "kind": "shop", "name": "ほっともっと", "detail": "deli" }, "geometry": { "type": "Point", "coordinates": [ 139.6211508, 35.461813 ] } },
{ "type": "Feature", "properties": { "amenity_id": 1903, "kind": "shop", "name": "はなたれ", "detail": "restaurant" }, "geometry": { "type": "Point", "coordinates": [ 139.62271530000001, 35.4617421 ] } },
{ "type": "Feature", "properties": { "amenity_id": 1904, "kind": "shop", "name": "La Cocorico", "detail": "restaurant" }, "geometry": { "type": "Point", "coordinates": [ 139.623022500000019, 35.4618938 ] } },
{ "type": "Feature", "properties": { "amenity_id": 1905, "kind": "shop", "name": "ドトールコーヒーショップ", "detail": "cafe" }, "geometry": { "type": "Point", "coordinates": [ 139.622464900000011, 35.4640657 ] } },
{ "type": "Feature", "properties": { "amenity_id": 1906, "kind": "shop", "name": "ファミリーマート", "detail": "convenience" }, "geometry": { "type": "Point", "coordinates": [ 139.622478300000012, 35.4638757 ] } },
{ "type": "Feature", "properties": { "amenity_id": 1907, "kind": "shop", "name": "SeiryuBou", "detail": "bar" }, "geometry": { "type": "Point", "coordinates": [ 139.611843100000016, 35.4649036 ] } },
{ "type": "Feature", "properties": { "amenity_id": 1908, "kind": "shop", "name": "ローソン", "detail": "convenience" }, "geometry": { "type": "Point", "coordinates": [ 139.6072882, 35.4565036 ] } },
{ "type": "Feature", "properties": { "amenity_id": 1909, "kind": "shop", "name": "スリーエフ", "detail": "supermarket" }, "geometry": { "type": "Point", "coordinates": [ 139.6153597, 35.463406 ] } },
{ "type": "Feature", "properties": { "amenity_id": 1910, "kind": "shop", "name": "ローソン", "detail": "convenience" }, "geometry": { "type": "Point", "coordinates": [ 139.624530100000015, 35.4643642 ] } },
{ "type": "Feature", "properties": { "amenity_id": 1911, "kind": "shop", "name": "ローソン", "detail": "convenience" }, "geometry": { "type": "Point", "coordinates": [ 139.6114986, 35.4656869 ] } },
{ "type": "Feature", "properties": { "amenity_id": 1912, "kind": "shop", "name": "ローソン", "detail": "convenience" }, "geometry": { "type": "Point", "coordinates": [ 139.6168523, 35.4618816 ] } },
{ "type": "Feature", "properties": { "amenity_id": 1913, "kind": "shop", "name": "ファミリーマート", "detail": "convenience" }, "geometry": { "type": "Point", "coordinates": [ 139.60960350000002, 35.4621985 ] } },
{ "type": "Feature", "properties": { "amenity_id": 1914, "kind": "shop", "name": "ファミリーマート", "detail": "convenience" }, "geometry": { "type": "Point", "coordinates": [ 139.614507, 35.4638403 ] } },
{ "type": "Feature", "properties": { "amenity_id": 1915, "kind": "shop", "name": "まいばすけっと 西横浜東店", "detail": "supermarket" }, "geometry": { "type": "Point", "coordinates": [ 139.612693400000012, 35.4545521 ] } },
{ "type": "Feature", "properties": { "amenity_id": 1916, "kind": "shop", "name": "まいばすけっと", "detail": "supermarket" }, "geometry": { "type": "Point", "coordinates": [ 139.61702630000002, 35.4599507 ] } },
{ "type": "Feature", "properties": { "amenity_id": 1917, "kind": "shop", "name": "光家", "detail": "restaurant" }, "geometry": { "type": "Point", "coordinates": [ 139.606514800000014, 35.4571735 ] } },
{ "type": "Feature", "properties": { "amenity_id": 1918, "kind": "shop", "name": "ガスト", "detail": "restaurant" }, "geometry": { "type": "Point", "coordinates": [ 139.609322100000014, 35.46175 ] } },
{ "type": "Feature", "properties": { "amenity_id": 1919, "kind": "shop", "name": "中島家", "detail": "restaurant" }, "geometry": { "type": "Point", "coordinates": [ 139.609063, 35.4615139 ] } },
{ "type": "Feature", "properties": { "amenity_id": 1920, "kind": "shop", "name": "ガスト", "detail": "restaurant" }, "geometry": { "type": "Point", "coordinates": [ 139.620807800000023, 35.4608148 ] } },
{ "type": "Feature", "properties": { "amenity_id": 1921, "kind": "shop", "name": "AOKI", "detail": "clothes" }, "geometry": { "type": "Point", "coordinates": [ 139.628738, 35.4578316 ] } },
{ "type": "Feature", "properties": { "amenity_id": 1922, "kind": "shop", "name": "セブン-イレブン", "detail": "convenience" }, "geometry": { "type": "Point", "coordinates": [ 139.6072708, 35.4588646 ] } },
{ "type": "Feature", "properties": { "amenity_id": 1923, "kind": "shop", "name": "まいばすけっと", "detail": "supermarket" }, "geometry": { "type": "Point", "coordinates": [ 139.608747100000016, 35.4523515 ] } },
{ "type": "Feature", "properties": { "amenity_id": 1924, "kind": "shop", "name": "らあめん花月嵐 西横浜国道１号店", "detail": "restaurant" }, "geometry": { "type": "Point", "coordinates": [ 139.6093586, 35.4530485 ] } },
{ "type": "Feature", "properties": { "amenity_id": 1925, "kind": "shop", "name": "ローソン", "detail": "convenience" }, "geometry": { "type": "Point", "coordinates": [ 139.6090072, 35.4529196 ] } },
{ "type": "Feature", "properties": { "amenity_id": 1926, "kind": "shop", "name": "肉のハナマサ", "detail": "supermarket" }, "geometry": { "type": "Point", "coordinates": [ 139.6108821, 35.4532806 ] } },
{ "type": "Feature", "properties": { "amenity_id": 1927, "kind": "shop", "name": "三ツ和寿司", "detail": "restaurant" }, "geometry": { "type": "Point", "coordinates": [ 139.606329400000021, 35.4568455 ] } },
{ "type": "Feature", "properties": { "amenity_id": 1928, "kind": "shop", "name": "華園", "detail": "restaurant" }, "geometry": { "type": "Point", "coordinates": [ 139.606266200000022, 35.458993 ] } },
{ "type": "Feature", "properties": { "amenity_id": 1929, "kind": "shop", "name": null, "detail": "bar" }, "geometry": { "type": "Point", "coordinates": [ 139.6062823, 35.459034 ] } },
{ "type": "Feature", "properties": { "amenity_id": 1930, "kind": "shop", "name": "KAORI hair", "detail": "hairdresser" }, "geometry": { "type": "Point", "coordinates": [ 139.6063091, 35.4590788 ] } },
{ "type": "Feature", "properties": { "amenity_id": 1931, "kind": "shop", "name": "ヘアーサロン グレイス", "detail": "hairdresser" }, "geometry": { "type": "Point", "coordinates": [ 139.606217, 35.4571563 ] } },
{ "type": "Feature", "properties": { "amenity_id": 1932, "kind": "shop", "name": "よねざわ", "detail": "restaurant" }, "geometry": { "type": "Point", "coordinates": [ 139.6062345, 35.4572606 ] } },
{ "type": "Feature", "properties": { "amenity_id": 1933, "kind": "shop", "name": "BARBER タカヤス", "detail": "hairdresser" }, "geometry": { "type": "Point", "coordinates": [ 139.606284100000011, 35.4572448 ] } },
{ "type": "Feature", "properties": { "amenity_id": 1934, "kind": "shop", "name": "ビューティーサロン まい", "detail": "hairdresser" }, "geometry": { "type": "Point", "coordinates": [ 139.606207, 35.4574949 ] } },
{ "type": "Feature", "properties": { "amenity_id": 1935, "kind": "shop", "name": "文化堂", "detail": "supermarket" }, "geometry": { "type": "Point", "coordinates": [ 139.622880400000014, 35.4625309 ] } },
{ "type": "Feature", "properties": { "amenity_id": 1936, "kind": "shop", "name": "れすとらん", "detail": "restaurant" }, "geometry": { "type": "Point", "coordinates": [ 139.6079948, 35.456149 ] } },
{ "type": "Feature", "properties": { "amenity_id": 1937, "kind": "shop", "name": "フォルム ながお", "detail": "bar" }, "geometry": { "type": "Point", "coordinates": [ 139.6079378, 35.4562097 ] } },
{ "type": "Feature", "properties": { "amenity_id": 1938, "kind": "shop", "name": "PUB　ボルト", "detail": "bar" }, "geometry": { "type": "Point", "coordinates": [ 139.6069984, 35.456618 ] } },
{ "type": "Feature", "properties": { "amenity_id": 1939, "kind": "shop", "name": "ウエダ・ヨウコ美容室", "detail": "hairdresser" }, "geometry": { "type": "Point", "coordinates": [ 139.607476500000018, 35.456015 ] } },
{ "type": "Feature", "properties": { "amenity_id": 1940, "kind": "shop", "name": "中華 福屋", "detail": "restaurant" }, "geometry": { "type": "Point", "coordinates": [ 139.6067916, 35.4569736 ] } },
{ "type": "Feature", "properties": { "amenity_id": 1941, "kind": "shop", "name": "Domino Pizza", "detail": "restaurant" }, "geometry": { "type": "Point", "coordinates": [ 139.6081533, 35.4607388 ] } },
{ "type": "Feature", "properties": { "amenity_id": 1942, "kind": "shop", "name": "中華料理 雲海", "detail": "restaurant" }, "geometry": { "type": "Point", "coordinates": [ 139.608355900000021, 35.4611748 ] } },
{ "type": "Feature", "properties": { "amenity_id": 1943, "kind": "shop", "name": "中華そば 皆楽亭", "detail": "restaurant" }, "geometry": { "type": "Point", "coordinates": [ 139.607452500000022, 35.4591699 ] } },
{ "type": "Feature", "properties": { "amenity_id": 1944, "kind": "shop", "name": null, "detail": "dry_cleaning" }, "geometry": { "type": "Point", "coordinates": [ 139.6074089, 35.4591049 ] } },
{ "type": "Feature", "properties": { "amenity_id": 1945, "kind": "shop", "name": "ワタナベ", "detail": "hairdresser" }, "geometry": { "type": "Point", "coordinates": [ 139.6072542, 35.4587725 ] } },
{ "type": "Feature", "properties": { "amenity_id": 1946, "kind": "shop", "name": "ローソンストア100", "detail": "convenience" }, "geometry": { "type": "Point", "coordinates": [ 139.609185, 35.4622372 ] } },
{ "type": "Feature", "properties": { "amenity_id": 1947, "kind": "shop", "name": "豚そば 秀吉", "detail": "restaurant" }, "geometry": { "type": "Point", "coordinates": [ 139.61791340000002, 35.4633701 ] } },
{ "type": "Feature", "properties": { "amenity_id": 1948, "kind": "shop", "name": "ラーメン 横浜家", "detail": "fast_food" }, "geometry": { "type": "Point", "coordinates": [ 139.617824800000022, 35.4635754 ] } },
{ "type": "Feature", "properties": { "amenity_id": 1949, "kind": "shop", "name": "ファミリーマート", "detail": "convenience" }, "geometry": { "type": "Point", "coordinates": [ 139.617682700000017, 35.4634837 ] } },
{ "type": "Feature", "properties": { "amenity_id": 1950, "kind": "shop", "name": "松乃家", "detail": "fast_food" }, "geometry": { "type": "Point", "coordinates": [ 139.617403700000011, 35.4638179 ] } },
{ "type": "Feature", "properties": { "amenity_id": 1951, "kind": "shop", "name": "松屋", "detail": "fast_food" }, "geometry": { "type": "Point", "coordinates": [ 139.61735280000002, 35.4638616 ] } },
{ "type": "Feature", "properties": { "amenity_id": 1952, "kind": "shop", "name": "すき家", "detail": "fast_food" }, "geometry": { "type": "Point", "coordinates": [ 139.61754590000001, 35.463582 ] } },
{ "type": "Feature", "properties": { "amenity_id": 1953, "kind": "shop", "name": "(ネットカフェ)", "detail": "cafe" }, "geometry": { "type": "Point", "coordinates": [ 139.617959, 35.4635994 ] } },
{ "type": "Feature", "properties": { "amenity_id": 1954, "kind": "shop", "name": "玄品ふぐ", "detail": "restaurant" }, "geometry": { "type": "Point", "coordinates": [ 139.617025500000011, 35.4633832 ] } },
{ "type": "Feature", "properties": { "amenity_id": 1955, "kind": "shop", "name": "らーめん 山頭火", "detail": "restaurant" }, "geometry": { "type": "Point", "coordinates": [ 139.616628600000013, 35.4630751 ] } },
{ "type": "Feature", "properties": { "amenity_id": 1956, "kind": "shop", "name": "一風堂", "detail": "restaurant" }, "geometry": { "type": "Point", "coordinates": [ 139.6160868, 35.4636999 ] } },
{ "type": "Feature", "properties": { "amenity_id": 1957, "kind": "shop", "name": "そば/天ぷら 角平", "detail": "restaurant" }, "geometry": { "type": "Point", "coordinates": [ 139.6201591, 35.4606775 ] } },
{ "type": "Feature", "properties": { "amenity_id": 1958, "kind": "shop", "name": "ローソン", "detail": "convenience" }, "geometry": { "type": "Point", "coordinates": [ 139.6190153, 35.4569874 ] } },
{ "type": "Feature", "properties": { "amenity_id": 1959, "kind": "shop", "name": "すき家", "detail": "fast_food" }, "geometry": { "type": "Point", "coordinates": [ 139.618241500000011, 35.4571109 ] } },
{ "type": "Feature", "properties": { "amenity_id": 1960, "kind": "shop", "name": "そば・天ぷら・お食事 大濱名屋", "detail": "restaurant" }, "geometry": { "type": "Point", "coordinates": [ 139.6130262, 35.4597647 ] } },
{ "type": "Feature", "properties": { "amenity_id": 1961, "kind": "shop", "name": "ラーメン 華月", "detail": "restaurant" }, "geometry": { "type": "Point", "coordinates": [ 139.6132112, 35.4600193 ] } },
{ "type": "Feature", "properties": { "amenity_id": 1962, "kind": "shop", "name": "ねこっ茶 横浜西口店", "detail": "cafe" }, "geometry": { "type": "Point", "coordinates": [ 139.614884100000012, 35.4629424 ] } },
{ "type": "Feature", "properties": { "amenity_id": 1963, "kind": "shop", "name": "ローソン", "detail": "convenience" }, "geometry": { "type": "Point", "coordinates": [ 139.616060300000015, 35.4635366 ] } },
{ "type": "Feature", "properties": { "amenity_id": 1964, "kind": "shop", "name": "HAIR Ash Make", "detail": "hairdresser" }, "geometry": { "type": "Point", "coordinates": [ 139.618003500000015, 35.4652176 ] } },
{ "type": "Feature", "properties": { "amenity_id": 1965, "kind": "shop", "name": "ローソン", "detail": "convenience" }, "geometry": { "type": "Point", "coordinates": [ 139.6177893, 35.4651343 ] } },
{ "type": "Feature", "properties": { "amenity_id": 1966, "kind": "shop", "name": "ゴル麺。", "detail": "restaurant" }, "geometry": { "type": "Point", "coordinates": [ 139.6158054, 35.4638675 ] } },
{ "type": "Feature", "properties": { "amenity_id": 1967, "kind": "shop", "name": "CoCo壱番屋", "detail": "restaurant" }, "geometry": { "type": "Point", "coordinates": [ 139.6156646, 35.4631838 ] } },
{ "type": "Feature", "properties": { "amenity_id": 1968, "kind": "shop", "name": "セブン-イレブン", "detail": "convenience" }, "geometry": { "type": "Point", "coordinates": [ 139.6179204, 35.4585544 ] } },
{ "type": "Feature", "properties": { "amenity_id": 1969, "kind": "shop", "name": "理容おざわ", "detail": "hairdresser" }, "geometry": { "type": "Point", "coordinates": [ 139.607172600000013, 35.4559438 ] } },
{ "type": "Feature", "properties": { "amenity_id": 1970, "kind": "shop", "name": "崎陽軒", "detail": "restaurant" }, "geometry": { "type": "Point", "coordinates": [ 139.6231511, 35.4645023 ] } },
{ "type": "Feature", "properties": { "amenity_id": 1971, "kind": "shop", "name": "伝説のすた丼", "detail": "fast_food" }, "geometry": { "type": "Point", "coordinates": [ 139.614989800000018, 35.4635857 ] } },
{ "type": "Feature", "properties": { "amenity_id": 1972, "kind": "shop", "name": "ゆで太郎", "detail": "fast_food" }, "geometry": { "type": "Point", "coordinates": [ 139.615244600000011, 35.4634637 ] } },
{ "type": "Feature", "properties": { "amenity_id": 1973, "kind": "shop", "name": "ファミリーマート", "detail": "convenience" }, "geometry": { "type": "Point", "coordinates": [ 139.616146, 35.4557857 ] } },
{ "type": "Feature", "properties": { "amenity_id": 1974, "kind": "shop", "name": "まいばすけっと", "detail": "supermarket" }, "geometry": { "type": "Point", "coordinates": [ 139.6157445, 35.4555759 ] } },
{ "type": "Feature", "properties": { "amenity_id": 1975, "kind": "shop", "name": "ローソン", "detail": "convenience" }, "geometry": { "type": "Point", "coordinates": [ 139.6161591, 35.4533433 ] } },
{ "type": "Feature", "properties": { "amenity_id": 1976, "kind": "shop", "name": "セブン-イレブン", "detail": "convenience" }, "geometry": { "type": "Point", "coordinates": [ 139.6249857, 35.4651031 ] } },
{ "type": "Feature", "properties": { "amenity_id": 1977, "kind": "shop", "name": "サブウェイ", "detail": "fast_food" }, "geometry": { "type": "Point", "coordinates": [ 139.624840800000015, 35.4648038 ] } },
{ "type": "Feature", "properties": { "amenity_id": 1978, "kind": "shop", "name": "Grill & Bar 颯", "detail": "bar" }, "geometry": { "type": "Point", "coordinates": [ 139.609832, 35.452773 ] } },
{ "type": "Feature", "properties": { "amenity_id": 1979, "kind": "shop", "name": "セブン-イレブン", "detail": "convenience" }, "geometry": { "type": "Point", "coordinates": [ 139.615571100000011, 35.4592982 ] } },
{ "type": "Feature", "properties": { "amenity_id": 1980, "kind": "shop", "name": "Timberland", "detail": "clothes" }, "geometry": { "type": "Point", "coordinates": [ 139.631144700000021, 35.4580507 ] } },
{ "type": "Feature", "properties": { "amenity_id": 1981, "kind": "shop", "name": "へそまがり", "detail": "cafe" }, "geometry": { "type": "Point", "coordinates": [ 139.614133800000019, 35.4638583 ] } },
{ "type": "Feature", "properties": { "amenity_id": 1982, "kind": "shop", "name": "PRONTO", "detail": "cafe" }, "geometry": { "type": "Point", "coordinates": [ 139.624714, 35.4632893 ] } },
{ "type": "Feature", "properties": { "amenity_id": 1983, "kind": "shop", "name": "ファミリーマート", "detail": "convenience" }, "geometry": { "type": "Point", "coordinates": [ 139.62503270000002, 35.4629889 ] } },
{ "type": "Feature", "properties": { "amenity_id": 1984, "kind": "shop", "name": "せんざん本店", "detail": "restaurant" }, "geometry": { "type": "Point", "coordinates": [ 139.625095, 35.463279 ] } },
{ "type": "Feature", "properties": { "amenity_id": 1985, "kind": "shop", "name": "ORIHICA", "detail": "clothes" }, "geometry": { "type": "Point", "coordinates": [ 139.6313801, 35.4577904 ] } },
{ "type": "Feature", "properties": { "amenity_id": 1986, "kind": "shop", "name": "ユニクロ", "detail": "clothes" }, "geometry": { "type": "Point", "coordinates": [ 139.631178300000016, 35.4583726 ] } },
{ "type": "Feature", "properties": { "amenity_id": 1987, "kind": "shop", "name": "味散歩 横濱文明開館", "detail": "restaurant" }, "geometry": { "type": "Point", "coordinates": [ 139.6321232, 35.4552451 ] } },
{ "type": "Feature", "properties": { "amenity_id": 1988, "kind": "shop", "name": "銀座天國", "detail": "restaurant" }, "geometry": { "type": "Point", "coordinates": [ 139.6320919, 35.455293 ] } },
{ "type": "Feature", "properties": { "amenity_id": 1989, "kind": "shop", "name": "銀座沼津港", "detail": "restaurant" }, "geometry": { "type": "Point", "coordinates": [ 139.6327149, 35.4564143 ] } },
{ "type": "Feature", "properties": { "amenity_id": 1990, "kind": "shop", "name": "濱そば 横浜店 (JR横浜駅南改札内)", "detail": "fast_food" }, "geometry": { "type": "Point", "coordinates": [ 139.622278500000021, 35.4658015 ] } },
{ "type": "Feature", "properties": { "amenity_id": 1991, "kind": "shop", "name": "Malibu", "detail": "restaurant" }, "geometry": { "type": "Point", "coordinates": [ 139.6248669, 35.4633309 ] } },
{ "type": "Feature", "properties": { "amenity_id": 1992, "kind": "shop", "name": "CIAOPANIC TYPY", "detail": "clothes" }, "geometry": { "type": "Point", "coordinates": [ 139.6313479, 35.458145 ] } },
{ "type": "Feature", "properties": { "amenity_id": 1993, "kind": "shop", "name": "coen", "detail": "clothes" }, "geometry": { "type": "Point", "coordinates": [ 139.624934, 35.465639 ] } },
{ "type": "Feature", "properties": { "amenity_id": 1994, "kind": "shop", "name": "まいばすけっと", "detail": "supermarket" }, "geometry": { "type": "Point", "coordinates": [ 139.620432100000016, 35.4604686 ] } },
{ "type": "Feature", "properties": { "amenity_id": 1995, "kind": "shop", "name": "平沼 田中屋", "detail": "restaurant" }, "geometry": { "type": "Point", "coordinates": [ 139.6211227, 35.4596124 ] } },
{ "type": "Feature", "properties": { "amenity_id": 1996, "kind": "shop", "name": "ビコローレ ヨコハマ", "detail": "restaurant" }, "geometry": { "type": "Point", "coordinates": [ 139.6195523, 35.4616824 ] } },
{ "type": "Feature", "properties": { "amenity_id": 1997, "kind": "shop", "name": "八起 平沼店", "detail": "restaurant" }, "geometry": { "type": "Point", "coordinates": [ 139.620258400000012, 35.4603022 ] } },
{ "type": "Feature", "properties": { "amenity_id": 1998, "kind": "shop", "name": "ありがた家", "detail": "restaurant" }, "geometry": { "type": "Point", "coordinates": [ 139.6201766, 35.4603016 ] } },
{ "type": "Feature", "properties": { "amenity_id": 1999, "kind": "shop", "name": "香港厨房", "detail": "restaurant" }, "geometry": { "type": "Point", "coordinates": [ 139.6175547, 35.4629582 ] } },
{ "type": "Feature", "properties": { "amenity_id": 2000, "kind": "shop", "name": "モスバーガー", "detail": "fast_food" }, "geometry": { "type": "Point", "coordinates": [ 139.6190474, 35.4640145 ] } },
{ "type": "Feature", "properties": { "amenity_id": 2001, "kind": "shop", "name": "まいばすけっと", "detail": "supermarket" }, "geometry": { "type": "Point", "coordinates": [ 139.615813700000018, 35.4613026 ] } },
{ "type": "Feature", "properties": { "amenity_id": 2002, "kind": "shop", "name": "まいばすけっと", "detail": "supermarket" }, "geometry": { "type": "Point", "coordinates": [ 139.6126111, 35.451141 ] } },
{ "type": "Feature", "properties": { "amenity_id": 2003, "kind": "shop", "name": "まいばすけっと", "detail": "supermarket" }, "geometry": { "type": "Point", "coordinates": [ 139.612957100000017, 35.451259 ] } },
{ "type": "Feature", "properties": { "amenity_id": 2004, "kind": "shop", "name": "そば酒膳 洪福寺いろは", "detail": "restaurant" }, "geometry": { "type": "Point", "coordinates": [ 139.607924, 35.4564623 ] } },
{ "type": "Feature", "properties": { "amenity_id": 2005, "kind": "shop", "name": "American House", "detail": "restaurant" }, "geometry": { "type": "Point", "coordinates": [ 139.635187800000011, 35.4567984 ] } },
{ "type": "Feature", "properties": { "amenity_id": 2006, "kind": "shop", "name": "ローソン", "detail": "convenience" }, "geometry": { "type": "Point", "coordinates": [ 139.632167800000019, 35.457576 ] } },
{ "type": "Feature", "properties": { "amenity_id": 2007, "kind": "shop", "name": null, "detail": "restaurant" }, "geometry": { "type": "Point", "coordinates": [ 139.629433, 35.4562374 ] } },
{ "type": "Feature", "properties": { "amenity_id": 2008, "kind": "shop", "name": "神戸屋", "detail": "bakery" }, "geometry": { "type": "Point", "coordinates": [ 139.6323759, 35.4574278 ] } },
{ "type": "Feature", "properties": { "amenity_id": 2009, "kind": "shop", "name": "匠", "detail": "restaurant" }, "geometry": { "type": "Point", "coordinates": [ 139.6225393, 35.4652042 ] } },
{ "type": "Feature", "properties": { "amenity_id": 2010, "kind": "shop", "name": "ファーストキッチン", "detail": "fast_food" }, "geometry": { "type": "Point", "coordinates": [ 139.6187497, 35.4646321 ] } },
{ "type": "Feature", "properties": { "amenity_id": 2011, "kind": "shop", "name": "すしざんまい", "detail": "restaurant" }, "geometry": { "type": "Point", "coordinates": [ 139.61863360000001, 35.4645873 ] } },
{ "type": "Feature", "properties": { "amenity_id": 2012, "kind": "shop", "name": "一鶴", "detail": "restaurant" }, "geometry": { "type": "Point", "coordinates": [ 139.618797600000022, 35.4647393 ] } },
{ "type": "Feature", "properties": { "amenity_id": 2013, "kind": "shop", "name": "MARBLES", "detail": "hairdresser" }, "geometry": { "type": "Point", "coordinates": [ 139.6187059, 35.4643901 ] } },
{ "type": "Feature", "properties": { "amenity_id": 2014, "kind": "shop", "name": "ねぎし", "detail": "restaurant" }, "geometry": { "type": "Point", "coordinates": [ 139.6187501, 35.4644341 ] } },
{ "type": "Feature", "properties": { "amenity_id": 2015, "kind": "shop", "name": "和之膳　柚子", "detail": "restaurant" }, "geometry": { "type": "Point", "coordinates": [ 139.618749, 35.4643967 ] } },
{ "type": "Feature", "properties": { "amenity_id": 2016, "kind": "shop", "name": "一蘭", "detail": "restaurant" }, "geometry": { "type": "Point", "coordinates": [ 139.6186164, 35.4646039 ] } },
{ "type": "Feature", "properties": { "amenity_id": 2017, "kind": "shop", "name": "きそば　鈴一", "detail": "fast_food" }, "geometry": { "type": "Point", "coordinates": [ 139.620201, 35.4647846 ] } },
{ "type": "Feature", "properties": { "amenity_id": 2018, "kind": "shop", "name": "ケンタッキーフライドチキン", "detail": "fast_food" }, "geometry": { "type": "Point", "coordinates": [ 139.618638800000014, 35.464416 ] } },
{ "type": "Feature", "properties": { "amenity_id": 2019, "kind": "shop", "name": "HAIR SALON SAIWAI", "detail": "hairdresser" }, "geometry": { "type": "Point", "coordinates": [ 139.618329100000011, 35.464315 ] } },
{ "type": "Feature", "properties": { "amenity_id": 2020, "kind": "shop", "name": "はなまるうどん", "detail": "restaurant" }, "geometry": { "type": "Point", "coordinates": [ 139.61846060000002, 35.4643641 ] } },
{ "type": "Feature", "properties": { "amenity_id": 2021, "kind": "shop", "name": "吉野家", "detail": "fast_food" }, "geometry": { "type": "Point", "coordinates": [ 139.6184164, 35.4643496 ] } },
{ "type": "Feature", "properties": { "amenity_id": 2022, "kind": "shop", "name": "SADA", "detail": "clothes" }, "geometry": { "type": "Point", "coordinates": [ 139.618052200000022, 35.4641284 ] } },
{ "type": "Feature", "properties": { "amenity_id": 2023, "kind": "shop", "name": "グレープフルーツ ムーン", "detail": "clothes" }, "geometry": { "type": "Point", "coordinates": [ 139.6220695, 35.4670717 ] } },
{ "type": "Feature", "properties": { "amenity_id": 2024, "kind": "shop", "name": "シップス", "detail": "clothes" }, "geometry": { "type": "Point", "coordinates": [ 139.6222247, 35.4671987 ] } },
{ "type": "Feature", "properties": { "amenity_id": 2025, "kind": "shop", "name": "シュクレ ソル", "detail": "clothes" }, "geometry": { "type": "Point", "coordinates": [ 139.622204400000015, 35.4671304 ] } },
{ "type": "Feature", "properties": { "amenity_id": 2026, "kind": "shop", "name": "ツモリチサト", "detail": "clothes" }, "geometry": { "type": "Point", "coordinates": [ 139.62229880000001, 35.4671703 ] } },
{ "type": "Feature", "properties": { "amenity_id": 2027, "kind": "shop", "name": "ドット アンド ストライプス チャイルドウーマン", "detail": "clothes" }, "geometry": { "type": "Point", "coordinates": [ 139.62211210000001, 35.4671418 ] } },
{ "type": "Feature", "properties": { "amenity_id": 2028, "kind": "shop", "name": "ネ・ネット", "detail": "clothes" }, "geometry": { "type": "Point", "coordinates": [ 139.622301600000014, 35.4672181 ] } },
{ "type": "Feature", "properties": { "amenity_id": 2029, "kind": "shop", "name": "パラダイス・ピクニック", "detail": "clothes" }, "geometry": { "type": "Point", "coordinates": [ 139.622131700000011, 35.467172 ] } },
{ "type": "Feature", "properties": { "amenity_id": 2030, "kind": "shop", "name": "ビュル デ サボン", "detail": "clothes" }, "geometry": { "type": "Point", "coordinates": [ 139.622149900000011, 35.4671982 ] } },
{ "type": "Feature", "properties": { "amenity_id": 2031, "kind": "shop", "name": "ビームスEX", "detail": "clothes" }, "geometry": { "type": "Point", "coordinates": [ 139.62211210000001, 35.4672341 ] } },
{ "type": "Feature", "properties": { "amenity_id": 2032, "kind": "shop", "name": "フレディ＆グロスター", "detail": "clothes" }, "geometry": { "type": "Point", "coordinates": [ 139.6220974, 35.4672141 ] } },
{ "type": "Feature", "properties": { "amenity_id": 2033, "kind": "shop", "name": "マーファカフェ", "detail": "cafe" }, "geometry": { "type": "Point", "coordinates": [ 139.622233100000017, 35.4670467 ] } },
{ "type": "Feature", "properties": { "amenity_id": 2034, "kind": "shop", "name": "A&P with terrace", "detail": "restaurant" }, "geometry": { "type": "Point", "coordinates": [ 139.6221779, 35.466988 ] } },
{ "type": "Feature", "properties": { "amenity_id": 2035, "kind": "shop", "name": "GLASS DANCE", "detail": "restaurant" }, "geometry": { "type": "Point", "coordinates": [ 139.6221142, 35.467336 ] } },
{ "type": "Feature", "properties": { "amenity_id": 2036, "kind": "shop", "name": "カフェ・ド・ファリニエール", "detail": "restaurant" }, "geometry": { "type": "Point", "coordinates": [ 139.622254100000021, 35.4671031 ] } },
{ "type": "Feature", "properties": { "amenity_id": 2037, "kind": "shop", "name": "シュリンプ&オイスターバー", "detail": "restaurant" }, "geometry": { "type": "Point", "coordinates": [ 139.6220576, 35.4672848 ] } },
{ "type": "Feature", "properties": { "amenity_id": 2038, "kind": "shop", "name": "ナナズ・グリーンティー", "detail": "cafe" }, "geometry": { "type": "Point", "coordinates": [ 139.622260400000016, 35.4670746 ] } },
{ "type": "Feature", "properties": { "amenity_id": 2039, "kind": "shop", "name": "ハングリータイガー", "detail": "restaurant" }, "geometry": { "type": "Point", "coordinates": [ 139.6223233, 35.4671976 ] } },
{ "type": "Feature", "properties": { "amenity_id": 2040, "kind": "shop", "name": "パパミラノ", "detail": "restaurant" }, "geometry": { "type": "Point", "coordinates": [ 139.621970800000014, 35.4671788 ] } },
{ "type": "Feature", "properties": { "amenity_id": 2041, "kind": "shop", "name": "大連餃子基地 DALIAN", "detail": "restaurant" }, "geometry": { "type": "Point", "coordinates": [ 139.622345700000011, 35.4674471 ] } },
{ "type": "Feature", "properties": { "amenity_id": 2042, "kind": "shop", "name": "権之介", "detail": "restaurant" }, "geometry": { "type": "Point", "coordinates": [ 139.621979900000014, 35.4672284 ] } },
{ "type": "Feature", "properties": { "amenity_id": 2043, "kind": "shop", "name": "築地　寿司清", "detail": "restaurant" }, "geometry": { "type": "Point", "coordinates": [ 139.6220988, 35.4673708 ] } },
{ "type": "Feature", "properties": { "amenity_id": 2044, "kind": "shop", "name": "首里", "detail": "restaurant" }, "geometry": { "type": "Point", "coordinates": [ 139.6223338, 35.467303 ] } },
{ "type": "Feature", "properties": { "amenity_id": 2045, "kind": "shop", "name": "がら屋", "detail": "restaurant" }, "geometry": { "type": "Point", "coordinates": [ 139.619233, 35.4570658 ] } },
{ "type": "Feature", "properties": { "amenity_id": 2046, "kind": "shop", "name": "はま寿司", "detail": "fast_food" }, "geometry": { "type": "Point", "coordinates": [ 139.6104884, 35.4597441 ] } },
{ "type": "Feature", "properties": { "amenity_id": 2047, "kind": "shop", "name": "ケイベスト", "detail": "dry_cleaning" }, "geometry": { "type": "Point", "coordinates": [ 139.619153800000021, 35.4570408 ] } },
{ "type": "Feature", "properties": { "amenity_id": 2048, "kind": "shop", "name": "コインランドリー　平井商会", "detail": "laundry" }, "geometry": { "type": "Point", "coordinates": [ 139.615170400000011, 35.4557551 ] } },
{ "type": "Feature", "properties": { "amenity_id": 2049, "kind": "shop", "name": "コルモピア", "detail": "clothes" }, "geometry": { "type": "Point", "coordinates": [ 139.610508300000021, 35.4588972 ] } },
{ "type": "Feature", "properties": { "amenity_id": 2050, "kind": "shop", "name": "サイゼリヤ", "detail": "restaurant" }, "geometry": { "type": "Point", "coordinates": [ 139.61029640000001, 35.4588957 ] } },
{ "type": "Feature", "properties": { "amenity_id": 2051, "kind": "shop", "name": "ホームドライ", "detail": "dry_cleaning" }, "geometry": { "type": "Point", "coordinates": [ 139.6109456, 35.4596665 ] } },
{ "type": "Feature", "properties": { "amenity_id": 2052, "kind": "shop", "name": "リトルマーメイド", "detail": "bakery" }, "geometry": { "type": "Point", "coordinates": [ 139.6106676, 35.4598509 ] } },
{ "type": "Feature", "properties": { "amenity_id": 2053, "kind": "shop", "name": "来々軒", "detail": "restaurant" }, "geometry": { "type": "Point", "coordinates": [ 139.61769910000001, 35.4569008 ] } },
{ "type": "Feature", "properties": { "amenity_id": 2054, "kind": "shop", "name": "藍屋", "detail": "restaurant" }, "geometry": { "type": "Point", "coordinates": [ 139.618859400000019, 35.456927 ] } },
{ "type": "Feature", "properties": { "amenity_id": 2055, "kind": "shop", "name": "3Qカット", "detail": "hairdresser" }, "geometry": { "type": "Point", "coordinates": [ 139.6108073, 35.4588801 ] } },
{ "type": "Feature", "properties": { "amenity_id": 2056, "kind": "shop", "name": "ガスト", "detail": "restaurant" }, "geometry": { "type": "Point", "coordinates": [ 139.6286921, 35.4600272 ] } },
{ "type": "Feature", "properties": { "amenity_id": 2057, "kind": "shop", "name": "スターバックス", "detail": "cafe" }, "geometry": { "type": "Point", "coordinates": [ 139.628503500000022, 35.4602655 ] } },
{ "type": "Feature", "properties": { "amenity_id": 2058, "kind": "shop", "name": "バーミヤン", "detail": "restaurant" }, "geometry": { "type": "Point", "coordinates": [ 139.628762500000022, 35.4599454 ] } },
{ "type": "Feature", "properties": { "amenity_id": 2059, "kind": "shop", "name": "ファミリーマート", "detail": "convenience" }, "geometry": { "type": "Point", "coordinates": [ 139.628410300000013, 35.4603806 ] } },
{ "type": "Feature", "properties": { "amenity_id": 2060, "kind": "shop", "name": "セブン-イレブン", "detail": "convenience" }, "geometry": { "type": "Point", "coordinates": [ 139.6236418, 35.4668773 ] } },
{ "type": "Feature", "properties": { "amenity_id": 2061, "kind": "shop", "name": "セブン-イレブン", "detail": "convenience" }, "geometry": { "type": "Point", "coordinates": [ 139.6233024, 35.4663542 ] } },
{ "type": "Feature", "properties": { "amenity_id": 2062, "kind": "shop", "name": "セブン-イレブン", "detail": "convenience" }, "geometry": { "type": "Point", "coordinates": [ 139.622724200000022, 35.4656785 ] } },
{ "type": "Feature", "properties": { "amenity_id": 2063, "kind": "shop", "name": "セブン-イレブン", "detail": "convenience" }, "geometry": { "type": "Point", "coordinates": [ 139.6224197, 35.4658547 ] } },
{ "type": "Feature", "properties": { "amenity_id": 2064, "kind": "shop", "name": "セブン-イレブン", "detail": "convenience" }, "geometry": { "type": "Point", "coordinates": [ 139.6219293, 35.4662377 ] } },
{ "type": "Feature", "properties": { "amenity_id": 2065, "kind": "shop", "name": "セブン-イレブン", "detail": "convenience" }, "geometry": { "type": "Point", "coordinates": [ 139.6221141, 35.460085 ] } },
{ "type": "Feature", "properties": { "amenity_id": 2066, "kind": "shop", "name": "BISTRO 石川亭", "detail": "restaurant" }, "geometry": { "type": "Point", "coordinates": [ 139.6321642, 35.4570762 ] } },
{ "type": "Feature", "properties": { "amenity_id": 2067, "kind": "shop", "name": "ひだまりCafe", "detail": "cafe" }, "geometry": { "type": "Point", "coordinates": [ 139.622405, 35.4477024 ] } },
{ "type": "Feature", "properties": { "amenity_id": 2068, "kind": "shop", "name": "セブン-イレブン", "detail": "convenience" }, "geometry": { "type": "Point", "coordinates": [ 139.6196404, 35.454492 ] } },
{ "type": "Feature", "properties": { "amenity_id": 2069, "kind": "shop", "name": "フジ", "detail": "supermarket" }, "geometry": { "type": "Point", "coordinates": [ 139.622535200000016, 35.4515479 ] } },
{ "type": "Feature", "properties": { "amenity_id": 2070, "kind": "shop", "name": "ダリマ", "detail": "restaurant" }, "geometry": { "type": "Point", "coordinates": [ 139.623139800000018, 35.4508723 ] } },
{ "type": "Feature", "properties": { "amenity_id": 2071, "kind": "shop", "name": "マンボー", "detail": "cafe" }, "geometry": { "type": "Point", "coordinates": [ 139.617996, 35.4662642 ] } },
{ "type": "Feature", "properties": { "amenity_id": 2072, "kind": "shop", "name": "瀬戸うどん", "detail": "fast_food" }, "geometry": { "type": "Point", "coordinates": [ 139.616293, 35.4663101 ] } },
{ "type": "Feature", "properties": { "amenity_id": 2073, "kind": "shop", "name": "チーズカフェ", "detail": "restaurant" }, "geometry": { "type": "Point", "coordinates": [ 139.617671600000023, 35.4662312 ] } },
{ "type": "Feature", "properties": { "amenity_id": 2074, "kind": "shop", "name": "ジョナサン", "detail": "restaurant" }, "geometry": { "type": "Point", "coordinates": [ 139.615866300000022, 35.4669504 ] } },
{ "type": "Feature", "properties": { "amenity_id": 2075, "kind": "shop", "name": "ローソン", "detail": "convenience" }, "geometry": { "type": "Point", "coordinates": [ 139.616837, 35.4672908 ] } },
{ "type": "Feature", "properties": { "amenity_id": 2076, "kind": "shop", "name": "九つ井", "detail": "restaurant" }, "geometry": { "type": "Point", "coordinates": [ 139.6166857, 35.4672443 ] } },
{ "type": "Feature", "properties": { "amenity_id": 2077, "kind": "shop", "name": "セブン-イレブン", "detail": "convenience" }, "geometry": { "type": "Point", "coordinates": [ 139.6159442, 35.4667686 ] } },
{ "type": "Feature", "properties": { "amenity_id": 2078, "kind": "shop", "name": "ルノアール", "detail": "cafe" }, "geometry": { "type": "Point", "coordinates": [ 139.618794400000013, 35.4659696 ] } },
{ "type": "Feature", "properties": { "amenity_id": 2079, "kind": "shop", "name": "Black Biz", "detail": "hairdresser" }, "geometry": { "type": "Point", "coordinates": [ 139.617793200000023, 35.4667571 ] } },
{ "type": "Feature", "properties": { "amenity_id": 2080, "kind": "shop", "name": "tobago", "detail": "cafe" }, "geometry": { "type": "Point", "coordinates": [ 139.616062200000016, 35.4666707 ] } },
{ "type": "Feature", "properties": { "amenity_id": 2081, "kind": "shop", "name": "ローソン", "detail": "convenience" }, "geometry": { "type": "Point", "coordinates": [ 139.6228518, 35.4627335 ] } },
{ "type": "Feature", "properties": { "amenity_id": 2082, "kind": "shop", "name": "モスバーガー", "detail": "fast_food" }, "geometry": { "type": "Point", "coordinates": [ 139.613590500000015, 35.4643354 ] } },
{ "type": "Feature", "properties": { "amenity_id": 2083, "kind": "shop", "name": "セブン-イレブン", "detail": "convenience" }, "geometry": { "type": "Point", "coordinates": [ 139.6130099, 35.4643519 ] } },
{ "type": "Feature", "properties": { "amenity_id": 2084, "kind": "shop", "name": "カフェ小倉山", "detail": "cafe" }, "geometry": { "type": "Point", "coordinates": [ 139.630940900000013, 35.4568926 ] } },
{ "type": "Feature", "properties": { "amenity_id": 2085, "kind": "shop", "name": "Brasserie T's Musee", "detail": "restaurant" }, "geometry": { "type": "Point", "coordinates": [ 139.6311421, 35.4565347 ] } },
{ "type": "Feature", "properties": { "amenity_id": 2086, "kind": "shop", "name": "セブン-イレブン", "detail": "convenience" }, "geometry": { "type": "Point", "coordinates": [ 139.620758600000016, 35.4478192 ] } },
{ "type": "Feature", "properties": { "amenity_id": 2087, "kind": "shop", "name": "神楽食堂 串家物語", "detail": "restaurant" }, "geometry": { "type": "Point", "coordinates": [ 139.631925700000011, 35.4574557 ] } },
{ "type": "Feature", "properties": { "amenity_id": 2088, "kind": "shop", "name": "石英", "detail": "restaurant" }, "geometry": { "type": "Point", "coordinates": [ 139.6319101, 35.4571332 ] } },
{ "type": "Feature", "properties": { "amenity_id": 2089, "kind": "shop", "name": "元天ねぎ蛸", "detail": "fast_food" }, "geometry": { "type": "Point", "coordinates": [ 139.632195600000017, 35.4573808 ] } },
{ "type": "Feature", "properties": { "amenity_id": 2090, "kind": "shop", "name": "CHAO", "detail": "restaurant" }, "geometry": { "type": "Point", "coordinates": [ 139.632100900000012, 35.4571522 ] } },
{ "type": "Feature", "properties": { "amenity_id": 2091, "kind": "shop", "name": "Mano-e-Mano", "detail": "restaurant" }, "geometry": { "type": "Point", "coordinates": [ 139.6316851, 35.4574393 ] } },
{ "type": "Feature", "properties": { "amenity_id": 2092, "kind": "shop", "name": "KAMAKURA", "detail": "restaurant" }, "geometry": { "type": "Point", "coordinates": [ 139.6324808, 35.4573464 ] } },
{ "type": "Feature", "properties": { "amenity_id": 2093, "kind": "shop", "name": "LA MERE POULARD", "detail": "restaurant" }, "geometry": { "type": "Point", "coordinates": [ 139.6321025, 35.4568797 ] } },
{ "type": "Feature", "properties": { "amenity_id": 2094, "kind": "shop", "name": "SHABI SHABU KITCHEN", "detail": "restaurant" }, "geometry": { "type": "Point", "coordinates": [ 139.6314973, 35.457718 ] } },
{ "type": "Feature", "properties": { "amenity_id": 2095, "kind": "shop", "name": "麻婆専門店 福満園", "detail": "restaurant" }, "geometry": { "type": "Point", "coordinates": [ 139.632328700000016, 35.4574216 ] } },
{ "type": "Feature", "properties": { "amenity_id": 2096, "kind": "shop", "name": "HONOLULU COFFEE", "detail": "cafe" }, "geometry": { "type": "Point", "coordinates": [ 139.631847, 35.4574208 ] } },
{ "type": "Feature", "properties": { "amenity_id": 2097, "kind": "shop", "name": "アジアン食堂 Kuu", "detail": "restaurant" }, "geometry": { "type": "Point", "coordinates": [ 139.631848600000012, 35.4572307 ] } },
{ "type": "Feature", "properties": { "amenity_id": 2098, "kind": "shop", "name": "KARIN", "detail": "cafe" }, "geometry": { "type": "Point", "coordinates": [ 139.6325215, 35.4572439 ] } },
{ "type": "Feature", "properties": { "amenity_id": 2099, "kind": "shop", "name": "鎌倉パスタ", "detail": "restaurant" }, "geometry": { "type": "Point", "coordinates": [ 139.6321609, 35.4574358 ] } },
{ "type": "Feature", "properties": { "amenity_id": 2100, "kind": "shop", "name": "鎌倉かつ亭 あら珠", "detail": "restaurant" }, "geometry": { "type": "Point", "coordinates": [ 139.632168400000012, 35.4570345 ] } },
{ "type": "Feature", "properties": { "amenity_id": 2101, "kind": "shop", "name": "Kitchen Omiya", "detail": "restaurant" }, "geometry": { "type": "Point", "coordinates": [ 139.6316124, 35.457534 ] } },
{ "type": "Feature", "properties": { "amenity_id": 2102, "kind": "shop", "name": "讃岐釜揚げうどん 丸亀製麺", "detail": "restaurant" }, "geometry": { "type": "Point", "coordinates": [ 139.6323901, 35.4573516 ] } },
{ "type": "Feature", "properties": { "amenity_id": 2103, "kind": "shop", "name": "横濱こてがえし", "detail": "restaurant" }, "geometry": { "type": "Point", "coordinates": [ 139.631988400000012, 35.4570251 ] } },
{ "type": "Feature", "properties": { "amenity_id": 2104, "kind": "shop", "name": "タリーズコーヒー", "detail": "cafe" }, "geometry": { "type": "Point", "coordinates": [ 139.631642600000021, 35.4577881 ] } },
{ "type": "Feature", "properties": { "amenity_id": 2105, "kind": "shop", "name": "沖縄料理 なんくるないさー", "detail": "restaurant" }, "geometry": { "type": "Point", "coordinates": [ 139.632239, 35.4574004 ] } },
{ "type": "Feature", "properties": { "amenity_id": 2106, "kind": "shop", "name": "築地食堂 源ちゃん", "detail": "restaurant" }, "geometry": { "type": "Point", "coordinates": [ 139.63200070000002, 35.4572597 ] } },
{ "type": "Feature", "properties": { "amenity_id": 2107, "kind": "shop", "name": "いしがまやハンバーグ", "detail": "restaurant" }, "geometry": { "type": "Point", "coordinates": [ 139.631773400000014, 35.4573319 ] } },
{ "type": "Feature", "properties": { "amenity_id": 2108, "kind": "shop", "name": "博多だるま", "detail": "restaurant" }, "geometry": { "type": "Point", "coordinates": [ 139.632523, 35.4573064 ] } },
{ "type": "Feature", "properties": { "amenity_id": 2109, "kind": "shop", "name": "まぐろ問屋 めぐみ水産", "detail": "restaurant" }, "geometry": { "type": "Point", "coordinates": [ 139.6322724, 35.4569416 ] } },
{ "type": "Feature", "properties": { "amenity_id": 2110, "kind": "shop", "name": "おぼんdeごはん", "detail": "restaurant" }, "geometry": { "type": "Point", "coordinates": [ 139.6317596, 35.4576042 ] } },
{ "type": "Feature", "properties": { "amenity_id": 2111, "kind": "shop", "name": "RANG MANG SHOKUDO", "detail": "restaurant" }, "geometry": { "type": "Point", "coordinates": [ 139.6323625, 35.4573847 ] } },
{ "type": "Feature", "properties": { "amenity_id": 2112, "kind": "shop", "name": "AMALFI CAFFE", "detail": "cafe" }, "geometry": { "type": "Point", "coordinates": [ 139.631563600000021, 35.4574892 ] } },
{ "type": "Feature", "properties": { "amenity_id": 2113, "kind": "shop", "name": "Mano Kitchen Cafe", "detail": "restaurant" }, "geometry": { "type": "Point", "coordinates": [ 139.629488900000013, 35.4590157 ] } },
{ "type": "Feature", "properties": { "amenity_id": 2114, "kind": "shop", "name": "POUR OVER", "detail": "cafe" }, "geometry": { "type": "Point", "coordinates": [ 139.624601900000016, 35.4647293 ] } },
{ "type": "Feature", "properties": { "amenity_id": 2115, "kind": "shop", "name": "ドトールコーヒーショップ", "detail": "cafe" }, "geometry": { "type": "Point", "coordinates": [ 139.622500700000018, 35.4662009 ] } },
{ "type": "Feature", "properties": { "amenity_id": 2116, "kind": "shop", "name": "ドトールコーヒーショップ", "detail": "cafe" }, "geometry": { "type": "Point", "coordinates": [ 139.6207717, 35.4665622 ] } },
{ "type": "Feature", "properties": { "amenity_id": 2117, "kind": "shop", "name": "ドトールコーヒーショップ", "detail": "cafe" }, "geometry": { "type": "Point", "coordinates": [ 139.61737530000002, 35.4675145 ] } },
{ "type": "Feature", "properties": { "amenity_id": 2118, "kind": "shop", "name": "ドトールコーヒーショップ", "detail": "cafe" }, "geometry": { "type": "Point", "coordinates": [ 139.619612500000017, 35.4658121 ] } },
{ "type": "Feature", "properties": { "amenity_id": 2119, "kind": "shop", "name": "ドトールコーヒーショップ", "detail": "cafe" }, "geometry": { "type": "Point", "coordinates": [ 139.62917, 35.4603606 ] } },
{ "type": "Feature", "properties": { "amenity_id": 2120, "kind": "shop", "name": "ドトールコーヒーショップ", "detail": "cafe" }, "geometry": { "type": "Point", "coordinates": [ 139.633137, 35.4577338 ] } },
{ "type": "Feature", "properties": { "amenity_id": 2121, "kind": "shop", "name": "ドトールコーヒーショップ", "detail": "cafe" }, "geometry": { "type": "Point", "coordinates": [ 139.629399800000016, 35.4561825 ] } },
{ "type": "Feature", "properties": { "amenity_id": 2122, "kind": "shop", "name": "タリーズコーヒー", "detail": "cafe" }, "geometry": { "type": "Point", "coordinates": [ 139.6203299, 35.4677281 ] } },
{ "type": "Feature", "properties": { "amenity_id": 2123, "kind": "shop", "name": "バーグ戸部店", "detail": "restaurant" }, "geometry": { "type": "Point", "coordinates": [ 139.622976600000015, 35.4578038 ] } },
{ "type": "Feature", "properties": { "amenity_id": 2124, "kind": "shop", "name": "メルヘン", "detail": "cafe" }, "geometry": { "type": "Point", "coordinates": [ 139.626283600000022, 35.4519021 ] } },
{ "type": "Feature", "properties": { "amenity_id": 2125, "kind": "shop", "name": "オーケーストア", "detail": "supermarket" }, "geometry": { "type": "Point", "coordinates": [ 139.631693800000022, 35.4631011 ] } },
{ "type": "Feature", "properties": { "amenity_id": 2126, "kind": "shop", "name": "味奈登庵", "detail": "restaurant" }, "geometry": { "type": "Point", "coordinates": [ 139.619614500000012, 35.4672699 ] } },
{ "type": "Feature", "properties": { "amenity_id": 2127, "kind": "shop", "name": "Hard Rock Cafe", "detail": "restaurant" }, "geometry": { "type": "Point", "coordinates": [ 139.633059800000012, 35.4556448 ] } },
{ "type": "Feature", "properties": { "amenity_id": 2128, "kind": "shop", "name": "横浜ガーデンファーム 横浜西口駅前店", "detail": "restaurant" }, "geometry": { "type": "Point", "coordinates": [ 139.619429, 35.464557 ] } },
{ "type": "Feature", "properties": { "amenity_id": 2129, "kind": "shop", "name": "タリーズコーヒー", "detail": "cafe" }, "geometry": { "type": "Point", "coordinates": [ 139.6270552, 35.4593268 ] } },
{ "type": "Feature", "properties": { "amenity_id": 2130, "kind": "shop", "name": "セブン-イレブン", "detail": "convenience" }, "geometry": { "type": "Point", "coordinates": [ 139.627653400000014, 35.4596973 ] } },
{ "type": "Feature", "properties": { "amenity_id": 2131, "kind": "shop", "name": "ALESSIA", "detail": "hairdresser" }, "geometry": { "type": "Point", "coordinates": [ 139.615116300000011, 35.4685313 ] } },
{ "type": "Feature", "properties": { "amenity_id": 2132, "kind": "shop", "name": "吉野家", "detail": "fast_food" }, "geometry": { "type": "Point", "coordinates": [ 139.6202629, 35.464531 ] } },
{ "type": "Feature", "properties": { "amenity_id": 2133, "kind": "shop", "name": "ポンパドウル", "detail": "bakery" }, "geometry": { "type": "Point", "coordinates": [ 139.6203247, 35.4646334 ] } },
{ "type": "Feature", "properties": { "amenity_id": 2134, "kind": "shop", "name": "coen", "detail": "clothes" }, "geometry": { "type": "Point", "coordinates": [ 139.6322831, 35.4571459 ] } },
{ "type": "Feature", "properties": { "amenity_id": 2135, "kind": "shop", "name": "フレッシュネスバーガー", "detail": "fast_food" }, "geometry": { "type": "Point", "coordinates": [ 139.622492200000011, 35.4672172 ] } },
{ "type": "Feature", "properties": { "amenity_id": 2136, "kind": "shop", "name": "蒙古タンメン中本", "detail": "restaurant" }, "geometry": { "type": "Point", "coordinates": [ 139.6193342, 35.4653074 ] } },
{ "type": "Feature", "properties": { "amenity_id": 2137, "kind": "shop", "name": "一風堂", "detail": "restaurant" }, "geometry": { "type": "Point", "coordinates": [ 139.6231007, 35.4649613 ] } },
{ "type": "Feature", "properties": { "amenity_id": 2138, "kind": "shop", "name": "せんだい 横浜駅西口店", "detail": "restaurant" }, "geometry": { "type": "Point", "coordinates": [ 139.6189233, 35.4670084 ] } },
{ "type": "Feature", "properties": { "amenity_id": 2139, "kind": "shop", "name": "壱八家", "detail": "restaurant" }, "geometry": { "type": "Point", "coordinates": [ 139.624762700000019, 35.464731 ] } },
{ "type": "Feature", "properties": { "amenity_id": 2140, "kind": "shop", "name": "Shake Shack", "detail": "fast_food" }, "geometry": { "type": "Point", "coordinates": [ 139.6325914, 35.4560542 ] } },
{ "type": "Feature", "properties": { "amenity_id": 2141, "kind": "shop", "name": "Duca di Takashima", "detail": "bakery" }, "geometry": { "type": "Point", "coordinates": [ 139.622576900000013, 35.4625425 ] } },
{ "type": "Feature", "properties": { "amenity_id": 2142, "kind": "shop", "name": "吉野家", "detail": "fast_food" }, "geometry": { "type": "Point", "coordinates": [ 139.622471600000011, 35.4639642 ] } },
{ "type": "Feature", "properties": { "amenity_id": 2143, "kind": "shop", "name": "Osteria da Takashima", "detail": "restaurant" }, "geometry": { "type": "Point", "coordinates": [ 139.622568, 35.4625841 ] } },
{ "type": "Feature", "properties": { "amenity_id": 2144, "kind": "shop", "name": "Sobar Boswain", "detail": "restaurant" }, "geometry": { "type": "Point", "coordinates": [ 139.6225019, 35.46289 ] } },
{ "type": "Feature", "properties": { "amenity_id": 2145, "kind": "shop", "name": "Rize", "detail": "cafe" }, "geometry": { "type": "Point", "coordinates": [ 139.622638200000011, 35.4621486 ] } },
{ "type": "Feature", "properties": { "amenity_id": 2146, "kind": "shop", "name": "The World Kitchen", "detail": "restaurant" }, "geometry": { "type": "Point", "coordinates": [ 139.6225058, 35.4629265 ] } },
{ "type": "Feature", "properties": { "amenity_id": 2147, "kind": "shop", "name": "Bistro Fresh", "detail": "restaurant" }, "geometry": { "type": "Point", "coordinates": [ 139.6224584, 35.4629265 ] } },
{ "type": "Feature", "properties": { "amenity_id": 2148, "kind": "shop", "name": "Blue Bottole Coffee", "detail": "cafe" }, "geometry": { "type": "Point", "coordinates": [ 139.6309282, 35.4583458 ] } },
{ "type": "Feature", "properties": { "amenity_id": 2149, "kind": "shop", "name": "Merengue", "detail": "restaurant" }, "geometry": { "type": "Point", "coordinates": [ 139.6273104, 35.4591274 ] } },
{ "type": "Feature", "properties": { "amenity_id": 2150, "kind": "shop", "name": "いきなり！ステーキ", "detail": "restaurant" }, "geometry": { "type": "Point", "coordinates": [ 139.615744300000017, 35.4631923 ] } },
{ "type": "Feature", "properties": { "amenity_id": 2151, "kind": "shop", "name": "龍味", "detail": "restaurant" }, "geometry": { "type": "Point", "coordinates": [ 139.6215367, 35.4677549 ] } },
{ "type": "Feature", "properties": { "amenity_id": 2152, "kind": "shop", "name": "中華居酒屋 DRAGON酒家", "detail": "restaurant" }, "geometry": { "type": "Point", "coordinates": [ 139.617592800000011, 35.4671215 ] } },
{ "type": "Feature", "properties": { "amenity_id": 2153, "kind": "shop", "name": "マリモ", "detail": "restaurant" }, "geometry": { "type": "Point", "coordinates": [ 139.6224957, 35.4673044 ] } },
{ "type": "Feature", "properties": { "amenity_id": 2154, "kind": "shop", "name": "豚の味珍(豚足、焼豚)", "detail": "bar" }, "geometry": { "type": "Point", "coordinates": [ 139.622591700000015, 35.4673578 ] } },
{ "type": "Feature", "properties": { "amenity_id": 2155, "kind": "shop", "name": "横浜中華そば 維新商店", "detail": "restaurant" }, "geometry": { "type": "Point", "coordinates": [ 139.6143826, 35.4654861 ] } },
{ "type": "Feature", "properties": { "amenity_id": 2156, "kind": "shop", "name": "中華一 龍王", "detail": "restaurant" }, "geometry": { "type": "Point", "coordinates": [ 139.6201192, 35.4640162 ] } },
{ "type": "Feature", "properties": { "amenity_id": 2157, "kind": "shop", "name": "たまがった", "detail": "restaurant" }, "geometry": { "type": "Point", "coordinates": [ 139.6184809, 35.4639312 ] } },
{ "type": "Feature", "properties": { "amenity_id": 2158, "kind": "shop", "name": "お加代 本店", "detail": "bar" }, "geometry": { "type": "Point", "coordinates": [ 139.6167522, 35.4650003 ] } },
{ "type": "Feature", "properties": { "amenity_id": 2159, "kind": "shop", "name": "まえだや", "detail": "restaurant" }, "geometry": { "type": "Point", "coordinates": [ 139.621236900000014, 35.4677976 ] } },
{ "type": "Feature", "properties": { "amenity_id": 2160, "kind": "shop", "name": "大和家", "detail": "restaurant" }, "geometry": { "type": "Point", "coordinates": [ 139.6183172, 35.4641255 ] } },
{ "type": "Feature", "properties": { "amenity_id": 2161, "kind": "shop", "name": "カレーハウスリオ", "detail": "restaurant" }, "geometry": { "type": "Point", "coordinates": [ 139.6208517, 35.4648396 ] } },
{ "type": "Feature", "properties": { "amenity_id": 2162, "kind": "shop", "name": "更科一休 本店", "detail": "restaurant" }, "geometry": { "type": "Point", "coordinates": [ 139.6158527, 35.4661461 ] } },
{ "type": "Feature", "properties": { "amenity_id": 2163, "kind": "shop", "name": "串カツ田中", "detail": "restaurant" }, "geometry": { "type": "Point", "coordinates": [ 139.6178721, 35.4629234 ] } },
{ "type": "Feature", "properties": { "amenity_id": 2164, "kind": "shop", "name": "ストーブス", "detail": "restaurant" }, "geometry": { "type": "Point", "coordinates": [ 139.619235700000019, 35.4636313 ] } },
{ "type": "Feature", "properties": { "amenity_id": 2165, "kind": "shop", "name": "横濱珈琲店 五番街", "detail": "cafe" }, "geometry": { "type": "Point", "coordinates": [ 139.6201134, 35.4644955 ] } },
{ "type": "Feature", "properties": { "amenity_id": 2166, "kind": "shop", "name": "BECK'S COFFEE SHOP", "detail": "cafe" }, "geometry": { "type": "Point", "coordinates": [ 139.6223812, 35.4657731 ] } },
{ "type": "Feature", "properties": { "amenity_id": 2167, "kind": "shop", "name": "たいめいけん", "detail": "restaurant" }, "geometry": { "type": "Point", "coordinates": [ 139.625223300000016, 35.4657354 ] } },
{ "type": "Feature", "properties": { "amenity_id": 2168, "kind": "shop", "name": "串かつ でんがな 横浜西口店", "detail": "bar" }, "geometry": { "type": "Point", "coordinates": [ 139.618927900000017, 35.4655689 ] } },
{ "type": "Feature", "properties": { "amenity_id": 2169, "kind": "shop", "name": "マイアミガーデン 横浜駅西口五番街店", "detail": "restaurant" }, "geometry": { "type": "Point", "coordinates": [ 139.6200657, 35.4646107 ] } },
{ "type": "Feature", "properties": { "amenity_id": 2170, "kind": "shop", "name": "上等カレー 横浜ポルタ店", "detail": "restaurant" }, "geometry": { "type": "Point", "coordinates": [ 139.623729, 35.4649767 ] } },
{ "type": "Feature", "properties": { "amenity_id": 2171, "kind": "shop", "name": "味奈登庵 横浜天理ビル店", "detail": "restaurant" }, "geometry": { "type": "Point", "coordinates": [ 139.61956570000001, 35.4672802 ] } },
{ "type": "Feature", "properties": { "amenity_id": 2172, "kind": "shop", "name": "PORT OF CALL", "detail": "cafe" }, "geometry": { "type": "Point", "coordinates": [ 139.6179366, 35.464969 ] } },
{ "type": "Feature", "properties": { "amenity_id": 2173, "kind": "shop", "name": "麵屋　甍", "detail": "fast_food" }, "geometry": { "type": "Point", "coordinates": [ 139.6333305, 35.4575416 ] } },
{ "type": "Feature", "properties": { "amenity_id": 2174, "kind": "shop", "name": "陳麻婆豆腐 クイーンズスクエア店", "detail": "restaurant" }, "geometry": { "type": "Point", "coordinates": [ 139.63363480000001, 35.4567678 ] } },
{ "type": "Feature", "properties": { "amenity_id": 2175, "kind": "shop", "name": "肉バル×個室 ChaCha 横浜駅西口店", "detail": "bar" }, "geometry": { "type": "Point", "coordinates": [ 139.617725, 35.4640222 ] } },
{ "type": "Feature", "properties": { "amenity_id": 2176, "kind": "shop", "name": "トラットリアビコローレヨコハマ", "detail": "restaurant" }, "geometry": { "type": "Point", "coordinates": [ 139.619578100000012, 35.4617022 ] } },
{ "type": "Feature", "properties": { "amenity_id": 2177, "kind": "shop", "name": "トラットリア フランコ", "detail": "restaurant" }, "geometry": { "type": "Point", "coordinates": [ 139.617592200000018, 35.4667668 ] } },
{ "type": "Feature", "properties": { "amenity_id": 2178, "kind": "shop", "name": "オステリア イル フオッコ", "detail": "restaurant" }, "geometry": { "type": "Point", "coordinates": [ 139.6151045, 35.4632398 ] } },
{ "type": "Feature", "properties": { "amenity_id": 2179, "kind": "shop", "name": "ダンボ ピザファクトリー横浜", "detail": "restaurant" }, "geometry": { "type": "Point", "coordinates": [ 139.619538700000021, 35.465368 ] } },
{ "type": "Feature", "properties": { "amenity_id": 2180, "kind": "shop", "name": "角平", "detail": "restaurant" }, "geometry": { "type": "Point", "coordinates": [ 139.620092, 35.4606542 ] } },
{ "type": "Feature", "properties": { "amenity_id": 2181, "kind": "shop", "name": "炭火やきとり 伝兵衛", "detail": "bar" }, "geometry": { "type": "Point", "coordinates": [ 139.6175977, 35.46641 ] } },
{ "type": "Feature", "properties": { "amenity_id": 2182, "kind": "shop", "name": "Trattoria&Pizzeria LOGIC 横浜", "detail": "restaurant" }, "geometry": { "type": "Point", "coordinates": [ 139.61725770000001, 35.4658549 ] } },
{ "type": "Feature", "properties": { "amenity_id": 2183, "kind": "shop", "name": "ドーレ", "detail": "bakery" }, "geometry": { "type": "Point", "coordinates": [ 139.62013330000002, 35.466805 ] } },
{ "type": "Feature", "properties": { "amenity_id": 2184, "kind": "shop", "name": "回し寿司 活", "detail": "restaurant" }, "geometry": { "type": "Point", "coordinates": [ 139.624906300000021, 35.4646917 ] } },
{ "type": "Feature", "properties": { "amenity_id": 2185, "kind": "shop", "name": "キッチンカリオカ", "detail": "restaurant" }, "geometry": { "type": "Point", "coordinates": [ 139.6201816, 35.4640044 ] } },
{ "type": "Feature", "properties": { "amenity_id": 2186, "kind": "shop", "name": "もつしげ", "detail": "bar" }, "geometry": { "type": "Point", "coordinates": [ 139.618410300000022, 35.463868 ] } },
{ "type": "Feature", "properties": { "amenity_id": 2187, "kind": "shop", "name": "大勝軒", "detail": "restaurant" }, "geometry": { "type": "Point", "coordinates": [ 139.618396, 35.4639811 ] } },
{ "type": "Feature", "properties": { "amenity_id": 2188, "kind": "shop", "name": "横浜チーズカフェ", "detail": "restaurant" }, "geometry": { "type": "Point", "coordinates": [ 139.6176905, 35.4662417 ] } },
{ "type": "Feature", "properties": { "amenity_id": 2189, "kind": "shop", "name": "ありがた家", "detail": "restaurant" }, "geometry": { "type": "Point", "coordinates": [ 139.6201682, 35.4602925 ] } },
{ "type": "Feature", "properties": { "amenity_id": 2190, "kind": "shop", "name": "博多天ぷら たかお ジョイナス横浜店", "detail": "restaurant" }, "geometry": { "type": "Point", "coordinates": [ 139.620525900000018, 35.4647628 ] } },
{ "type": "Feature", "properties": { "amenity_id": 2191, "kind": "shop", "name": "やきとり お千代", "detail": "bar" }, "geometry": { "type": "Point", "coordinates": [ 139.6225882, 35.4673388 ] } },
{ "type": "Feature", "properties": { "amenity_id": 2192, "kind": "shop", "name": "ひさご", "detail": "bar" }, "geometry": { "type": "Point", "coordinates": [ 139.619758600000011, 35.4644172 ] } },
{ "type": "Feature", "properties": { "amenity_id": 2193, "kind": "shop", "name": "炭火やきとり 伝兵衛 南店", "detail": "bar" }, "geometry": { "type": "Point", "coordinates": [ 139.617247100000014, 35.463732 ] } },
{ "type": "Feature", "properties": { "amenity_id": 2194, "kind": "shop", "name": "横浜なかや 大関本店", "detail": "restaurant" }, "geometry": { "type": "Point", "coordinates": [ 139.6206929, 35.4650913 ] } },
{ "type": "Feature", "properties": { "amenity_id": 2195, "kind": "shop", "name": "雲丹しゃぶ専門店 はまの風", "detail": "restaurant" }, "geometry": { "type": "Point", "coordinates": [ 139.6186126, 35.4646539 ] } },
{ "type": "Feature", "properties": { "amenity_id": 2196, "kind": "shop", "name": "オサカナバル イル マーレ", "detail": "restaurant" }, "geometry": { "type": "Point", "coordinates": [ 139.621151700000013, 35.4674508 ] } },
{ "type": "Feature", "properties": { "amenity_id": 2197, "kind": "shop", "name": "北海道料理ユック", "detail": "restaurant" }, "geometry": { "type": "Point", "coordinates": [ 139.619105600000012, 35.4666187 ] } },
{ "type": "Feature", "properties": { "amenity_id": 2198, "kind": "shop", "name": "やきとりセンター 横浜天理ビル店", "detail": "bar" }, "geometry": { "type": "Point", "coordinates": [ 139.6195208, 35.4672999 ] } },
{ "type": "Feature", "properties": { "amenity_id": 2199, "kind": "shop", "name": "大龍", "detail": "restaurant" }, "geometry": { "type": "Point", "coordinates": [ 139.620435500000013, 35.4653523 ] } },
{ "type": "Feature", "properties": { "amenity_id": 2200, "kind": "shop", "name": "ナポリピッツァとスペアリブ ワイン食堂 ガブガブ", "detail": "restaurant" }, "geometry": { "type": "Point", "coordinates": [ 139.6198661, 35.4645183 ] } },
{ "type": "Feature", "properties": { "amenity_id": 2201, "kind": "shop", "name": "中華料理 雲海", "detail": "restaurant" }, "geometry": { "type": "Point", "coordinates": [ 139.608370300000018, 35.4611739 ] } },
{ "type": "Feature", "properties": { "amenity_id": 2202, "kind": "shop", "name": "一文無", "detail": "restaurant" }, "geometry": { "type": "Point", "coordinates": [ 139.6099672, 35.4624076 ] } },
{ "type": "Feature", "properties": { "amenity_id": 2203, "kind": "shop", "name": "レストラン テル", "detail": "restaurant" }, "geometry": { "type": "Point", "coordinates": [ 139.6102339, 35.4620834 ] } },
{ "type": "Feature", "properties": { "amenity_id": 2204, "kind": "shop", "name": "大濱名屋", "detail": "restaurant" }, "geometry": { "type": "Point", "coordinates": [ 139.6130288, 35.4597225 ] } },
{ "type": "Feature", "properties": { "amenity_id": 2205, "kind": "shop", "name": "中華 みゆき", "detail": "restaurant" }, "geometry": { "type": "Point", "coordinates": [ 139.611799500000018, 35.4590924 ] } },
{ "type": "Feature", "properties": { "amenity_id": 2206, "kind": "shop", "name": "焼肉 どうらく", "detail": "restaurant" }, "geometry": { "type": "Point", "coordinates": [ 139.618481800000012, 35.4637816 ] } },
{ "type": "Feature", "properties": { "amenity_id": 2207, "kind": "shop", "name": "コメダ珈琲店", "detail": "cafe" }, "geometry": { "type": "Point", "coordinates": [ 139.6150255, 35.4662151 ] } },
{ "type": "Feature", "properties": { "amenity_id": 2208, "kind": "shop", "name": "NewDays", "detail": "convenience" }, "geometry": { "type": "Point", "coordinates": [ 139.623532900000015, 35.467066 ] } },
{ "type": "Feature", "properties": { "amenity_id": 2209, "kind": "shop", "name": "珈琲問屋", "detail": "coffee" }, "geometry": { "type": "Point", "coordinates": [ 139.6171352, 35.4674228 ] } },
{ "type": "Feature", "properties": { "amenity_id": 2210, "kind": "shop", "name": "炭焼ステーキハウスみや", "detail": "restaurant" }, "geometry": { "type": "Point", "coordinates": [ 139.61378, 35.4641881 ] } },
{ "type": "Feature", "properties": { "amenity_id": 2211, "kind": "shop", "name": "スターバックス", "detail": "cafe" }, "geometry": { "type": "Point", "coordinates": [ 139.6217464, 35.466251 ] } },
{ "type": "Feature", "properties": { "amenity_id": 2212, "kind": "shop", "name": "セブン-イレブン", "detail": "convenience" }, "geometry": { "type": "Point", "coordinates": [ 139.63440540000002, 35.4580324 ] } },
{ "type": "Feature", "properties": { "amenity_id": 2213, "kind": "shop", "name": "スターバックス", "detail": "cafe" }, "geometry": { "type": "Point", "coordinates": [ 139.6227438, 35.4652382 ] } },
{ "type": "Feature", "properties": { "amenity_id": 2214, "kind": "shop", "name": "セブン-イレブン", "detail": "convenience" }, "geometry": { "type": "Point", "coordinates": [ 139.62269280000001, 35.4651902 ] } },
{ "type": "Feature", "properties": { "amenity_id": 2215, "kind": "shop", "name": "鈴木茶屋", "detail": "cafe" }, "geometry": { "type": "Point", "coordinates": [ 139.6100729, 35.4431741 ] } },
{ "type": "Feature", "properties": { "amenity_id": 2216, "kind": "shop", "name": "ハマチカ　バル&キッチン", "detail": "restaurant" }, "geometry": { "type": "Point", "coordinates": [ 139.622648, 35.4667114 ] } },
{ "type": "Feature", "properties": { "amenity_id": 2217, "kind": "shop", "name": "The Blue Bell", "detail": "cafe" }, "geometry": { "type": "Point", "coordinates": [ 139.628372800000022, 35.4563158 ] } },
{ "type": "Feature", "properties": { "amenity_id": 2218, "kind": "shop", "name": "セブン-イレブン", "detail": "convenience" }, "geometry": { "type": "Point", "coordinates": [ 139.626182, 35.4601861 ] } },
{ "type": "Feature", "properties": { "amenity_id": 2219, "kind": "shop", "name": "味蕾亭", "detail": "restaurant" }, "geometry": { "type": "Point", "coordinates": [ 139.6230375, 35.4608547 ] } },
{ "type": "Feature", "properties": { "amenity_id": 2220, "kind": "shop", "name": "International Food Confectionery College", "detail": "bakery" }, "geometry": { "type": "Point", "coordinates": [ 139.61559, 35.46637 ] } },
{ "type": "Feature", "properties": { "amenity_id": 2221, "kind": "shop", "name": "マルコヴィッチコネクション", "detail": "cafe" }, "geometry": { "type": "Point", "coordinates": [ 139.616855900000019, 35.4667686 ] } },
{ "type": "Feature", "properties": { "amenity_id": 2222, "kind": "shop", "name": "ファミリーマート", "detail": "convenience" }, "geometry": { "type": "Point", "coordinates": [ 139.6286557, 35.458805 ] } },
{ "type": "Feature", "properties": { "amenity_id": 2223, "kind": "shop", "name": "ファミリーマート", "detail": "convenience" }, "geometry": { "type": "Point", "coordinates": [ 139.633422100000018, 35.45783 ] } },
{ "type": "Feature", "properties": { "amenity_id": 2224, "kind": "shop", "name": "とんかつ新宿さぼてん", "detail": "restaurant" }, "geometry": { "type": "Point", "coordinates": [ 139.6334649, 35.456819 ] } },
{ "type": "Feature", "properties": { "amenity_id": 2225, "kind": "shop", "name": "香露庵", "detail": "restaurant" }, "geometry": { "type": "Point", "coordinates": [ 139.6272117, 35.4605194 ] } },
{ "type": "Feature", "properties": { "amenity_id": 2226, "kind": "shop", "name": "まいばすけっと横浜駅東店", "detail": "supermarket" }, "geometry": { "type": "Point", "coordinates": [ 139.6202433, 35.4615862 ] } },
{ "type": "Feature", "properties": { "amenity_id": 2227, "kind": "shop", "name": "RAH", "detail": "clothes" }, "geometry": { "type": "Point", "coordinates": [ 139.613939500000015, 35.4651069 ] } },
{ "type": "Feature", "properties": { "amenity_id": 2228, "kind": "shop", "name": "ALEGRIA", "detail": "clothes" }, "geometry": { "type": "Point", "coordinates": [ 139.6146946, 35.4630142 ] } },
{ "type": "Feature", "properties": { "amenity_id": 2229, "kind": "shop", "name": "豚山", "detail": "fast_food" }, "geometry": { "type": "Point", "coordinates": [ 139.6179653, 35.4633514 ] } },
{ "type": "Feature", "properties": { "amenity_id": 2230, "kind": "shop", "name": "セブン-イレブン", "detail": "convenience" }, "geometry": { "type": "Point", "coordinates": [ 139.6252298, 35.4623316 ] } },
{ "type": "Feature", "properties": { "amenity_id": 2231, "kind": "shop", "name": "千里馬 辣鼎風", "detail": "fast_food" }, "geometry": { "type": "Point", "coordinates": [ 139.620172, 35.4639784 ] } },
{ "type": "Feature", "properties": { "amenity_id": 2232, "kind": "shop", "name": "そば処　田中屋", "detail": "restaurant" }, "geometry": { "type": "Point", "coordinates": [ 139.623882900000012, 35.4532455 ] } },
{ "type": "Feature", "properties": { "amenity_id": 2233, "kind": "shop", "name": "そば処　あんどう", "detail": "restaurant" }, "geometry": { "type": "Point", "coordinates": [ 139.6238682, 35.453388 ] } },
{ "type": "Feature", "properties": { "amenity_id": 2234, "kind": "shop", "name": "ローソン", "detail": "convenience" }, "geometry": { "type": "Point", "coordinates": [ 139.624120300000016, 35.4535322 ] } },
{ "type": "Feature", "properties": { "amenity_id": 2235, "kind": "shop", "name": "セブン-イレブン", "detail": "convenience" }, "geometry": { "type": "Point", "coordinates": [ 139.62440460000002, 35.4551403 ] } },
{ "type": "Feature", "properties": { "amenity_id": 2236, "kind": "shop", "name": "松山そば店", "detail": "restaurant" }, "geometry": { "type": "Point", "coordinates": [ 139.624536, 35.4554473 ] } },
{ "type": "Feature", "properties": { "amenity_id": 2237, "kind": "shop", "name": "しゃぶしゃぶ温野菜", "detail": "restaurant" }, "geometry": { "type": "Point", "coordinates": [ 139.6222735, 35.4676778 ] } },
{ "type": "Feature", "properties": { "amenity_id": 2238, "kind": "shop", "name": "焼肉の和民", "detail": "restaurant" }, "geometry": { "type": "Point", "coordinates": [ 139.622175700000014, 35.4676066 ] } },
{ "type": "Feature", "properties": { "amenity_id": 2239, "kind": "shop", "name": "月島もんじゃもへじ", "detail": "restaurant" }, "geometry": { "type": "Point", "coordinates": [ 139.619520500000021, 35.4648699 ] } },
{ "type": "Feature", "properties": { "amenity_id": 2240, "kind": "shop", "name": "キングダム", "detail": "hairdresser" }, "geometry": { "type": "Point", "coordinates": [ 139.616927, 35.4641152 ] } },
{ "type": "Feature", "properties": { "amenity_id": 2241, "kind": "shop", "name": "かっぱ寿司", "detail": "fast_food" }, "geometry": { "type": "Point", "coordinates": [ 139.621499300000011, 35.4674419 ] } },
{ "type": "Feature", "properties": { "amenity_id": 2242, "kind": "shop", "name": "天下一品", "detail": "restaurant" }, "geometry": { "type": "Point", "coordinates": [ 139.6161528, 35.4635397 ] } },
{ "type": "Feature", "properties": { "amenity_id": 2243, "kind": "shop", "name": "大戸屋", "detail": "restaurant" }, "geometry": { "type": "Point", "coordinates": [ 139.622111400000023, 35.4675822 ] } },
{ "type": "Feature", "properties": { "amenity_id": 2244, "kind": "shop", "name": "油そば専門店 ぶらぶら", "detail": "restaurant" }, "geometry": { "type": "Point", "coordinates": [ 139.6162055, 35.463574 ] } },
{ "type": "Feature", "properties": { "amenity_id": 2245, "kind": "shop", "name": "長岡食堂 横浜西口店", "detail": "restaurant" }, "geometry": { "type": "Point", "coordinates": [ 139.6170395, 35.4655355 ] } },
{ "type": "Feature", "properties": { "amenity_id": 2246, "kind": "shop", "name": "セブン-イレブン", "detail": "convenience" }, "geometry": { "type": "Point", "coordinates": [ 139.617929300000014, 35.4677459 ] } },
{ "type": "Feature", "properties": { "amenity_id": 2247, "kind": "shop", "name": "じぶんどま", "detail": "restaurant" }, "geometry": { "type": "Point", "coordinates": [ 139.6167762, 35.4640091 ] } },
{ "type": "Feature", "properties": { "amenity_id": 2248, "kind": "shop", "name": "ガスト", "detail": "restaurant" }, "geometry": { "type": "Point", "coordinates": [ 139.6170406, 35.4640483 ] } },
{ "type": "Feature", "properties": { "amenity_id": 2249, "kind": "shop", "name": "松壱家", "detail": "restaurant" }, "geometry": { "type": "Point", "coordinates": [ 139.617778500000014, 35.4627759 ] } },
{ "type": "Feature", "properties": { "amenity_id": 2250, "kind": "shop", "name": "サンマルクカフェ", "detail": "cafe" }, "geometry": { "type": "Point", "coordinates": [ 139.618410900000015, 35.464925 ] } },
{ "type": "Feature", "properties": { "amenity_id": 2251, "kind": "shop", "name": "ユニクロ", "detail": "clothes" }, "geometry": { "type": "Point", "coordinates": [ 139.618520400000023, 35.4650426 ] } },
{ "type": "Feature", "properties": { "amenity_id": 2252, "kind": "shop", "name": "Dick Bruna TABLE", "detail": "restaurant" }, "geometry": { "type": "Point", "coordinates": [ 139.6221621, 35.4656828 ] } },
{ "type": "Feature", "properties": { "amenity_id": 2253, "kind": "shop", "name": "匠", "detail": "restaurant" }, "geometry": { "type": "Point", "coordinates": [ 139.62264540000001, 35.4656487 ] } },
{ "type": "Feature", "properties": { "amenity_id": 2254, "kind": "shop", "name": "ローソン", "detail": "convenience" }, "geometry": { "type": "Point", "coordinates": [ 139.6170155, 35.4527004 ] } },
{ "type": "Feature", "properties": { "amenity_id": 2255, "kind": "shop", "name": "El Puente", "detail": "bar" }, "geometry": { "type": "Point", "coordinates": [ 139.6075831, 35.4535811 ] } },
{ "type": "Feature", "properties": { "amenity_id": 2256, "kind": "shop", "name": "日本料理 神楽", "detail": "restaurant" }, "geometry": { "type": "Point", "coordinates": [ 139.6103309, 35.4631207 ] } },
{ "type": "Feature", "properties": { "amenity_id": 2257, "kind": "shop", "name": "Din Tai Fung", "detail": "restaurant" }, "geometry": { "type": "Point", "coordinates": [ 139.632322, 35.455425 ] } },
{ "type": "Feature", "properties": { "amenity_id": 2258, "kind": "shop", "name": "猿田彦珈琲 神奈川県立図書館店", "detail": "cafe" }, "geometry": { "type": "Point", "coordinates": [ 139.6254352, 35.4514266 ] } },
{ "type": "Feature", "properties": { "amenity_id": 2259, "kind": "shop", "name": "Zion", "detail": "bar" }, "geometry": { "type": "Point", "coordinates": [ 139.606032700000014, 35.4563968 ] } },
{ "type": "Feature", "properties": { "amenity_id": 2260, "kind": "shop", "name": "シェーキーズ", "detail": "restaurant" }, "geometry": { "type": "Point", "coordinates": [ 139.619887200000022, 35.4648199 ] } },
{ "type": "Feature", "properties": { "amenity_id": 2261, "kind": "shop", "name": "イオンフードスタイル", "detail": "supermarket" }, "geometry": { "type": "Point", "coordinates": [ 139.617477300000019, 35.4643798 ] } },
{ "type": "Feature", "properties": { "amenity_id": 2262, "kind": "shop", "name": "BAYDECK", "detail": "bar" }, "geometry": { "type": "Point", "coordinates": [ 139.6297003, 35.4642551 ] } },
{ "type": "Feature", "properties": { "amenity_id": 2263, "kind": "shop", "name": "Ocean Milano", "detail": "restaurant" }, "geometry": { "type": "Point", "coordinates": [ 139.6292898, 35.4645867 ] } },
{ "type": "Feature", "properties": { "amenity_id": 2264, "kind": "shop", "name": "Melody", "detail": "bar" }, "geometry": { "type": "Point", "coordinates": [ 139.629433, 35.4646714 ] } },
{ "type": "Feature", "properties": { "amenity_id": 2265, "kind": "shop", "name": "ローソン", "detail": "convenience" }, "geometry": { "type": "Point", "coordinates": [ 139.62896120000002, 35.4643121 ] } },
{ "type": "Feature", "properties": { "amenity_id": 2266, "kind": "shop", "name": "Parade", "detail": "restaurant" }, "geometry": { "type": "Point", "coordinates": [ 139.62970150000001, 35.4641317 ] } },
{ "type": "Feature", "properties": { "amenity_id": 2267, "kind": "shop", "name": "Arena Bar 7", "detail": "bar" }, "geometry": { "type": "Point", "coordinates": [ 139.6302336, 35.4640946 ] } },
{ "type": "Feature", "properties": { "amenity_id": 2268, "kind": "shop", "name": "セブン-イレブン", "detail": "convenience" }, "geometry": { "type": "Point", "coordinates": [ 139.615817100000015, 35.4692177 ] } },
{ "type": "Feature", "properties": { "amenity_id": 2269, "kind": "shop", "name": "ディッパーダン", "detail": "restaurant" }, "geometry": { "type": "Point", "coordinates": [ 139.617327, 35.4641961 ] } },
{ "type": "Feature", "properties": { "amenity_id": 2270, "kind": "shop", "name": "GU", "detail": "clothes" }, "geometry": { "type": "Point", "coordinates": [ 139.6182268, 35.465047 ] } },
{ "type": "Feature", "properties": { "amenity_id": 2271, "kind": "shop", "name": "しゃぶ葉", "detail": "restaurant" }, "geometry": { "type": "Point", "coordinates": [ 139.6194403, 35.4646369 ] } },
{ "type": "Feature", "properties": { "amenity_id": 2272, "kind": "shop", "name": "クリスピー・クリーム・ドーナツ", "detail": "fast_food" }, "geometry": { "type": "Point", "coordinates": [ 139.6210385, 35.466886 ] } },
{ "type": "Feature", "properties": { "amenity_id": 2273, "kind": "shop", "name": "クイーンズ伊勢丹", "detail": "supermarket" }, "geometry": { "type": "Point", "coordinates": [ 139.620461700000021, 35.4645699 ] } },
{ "type": "Feature", "properties": { "amenity_id": 2274, "kind": "shop", "name": "ミスタードーナツ", "detail": "fast_food" }, "geometry": { "type": "Point", "coordinates": [ 139.6204519, 35.4647503 ] } },
{ "type": "Feature", "properties": { "amenity_id": 2275, "kind": "shop", "name": "貢茶", "detail": "cafe" }, "geometry": { "type": "Point", "coordinates": [ 139.6207209, 35.4647292 ] } },
{ "type": "Feature", "properties": { "amenity_id": 2276, "kind": "shop", "name": "大戸屋", "detail": "restaurant" }, "geometry": { "type": "Point", "coordinates": [ 139.621090800000019, 35.4653115 ] } },
{ "type": "Feature", "properties": { "amenity_id": 2277, "kind": "shop", "name": "成城石井", "detail": "supermarket" }, "geometry": { "type": "Point", "coordinates": [ 139.623005300000017, 35.4655735 ] } },
{ "type": "Feature", "properties": { "amenity_id": 2278, "kind": "shop", "name": "GU", "detail": "clothes" }, "geometry": { "type": "Point", "coordinates": [ 139.622829600000017, 35.4653672 ] } },
{ "type": "Feature", "properties": { "amenity_id": 2279, "kind": "shop", "name": "スターバックス", "detail": "cafe" }, "geometry": { "type": "Point", "coordinates": [ 139.6253639, 35.4655619 ] } },
{ "type": "Feature", "properties": { "amenity_id": 2280, "kind": "shop", "name": "サブウェイ", "detail": "fast_food" }, "geometry": { "type": "Point", "coordinates": [ 139.6248596, 35.464416 ] } },
{ "type": "Feature", "properties": { "amenity_id": 2281, "kind": "shop", "name": "勝烈庵", "detail": "restaurant" }, "geometry": { "type": "Point", "coordinates": [ 139.6211998, 35.4657815 ] } },
{ "type": "Feature", "properties": { "amenity_id": 2282, "kind": "shop", "name": "ステーキ宮", "detail": "restaurant" }, "geometry": { "type": "Point", "coordinates": [ 139.62127, 35.4676402 ] } },
{ "type": "Feature", "properties": { "amenity_id": 2283, "kind": "shop", "name": "東急ストア", "detail": "supermarket" }, "geometry": { "type": "Point", "coordinates": [ 139.62182390000001, 35.4669985 ] } },
{ "type": "Feature", "properties": { "amenity_id": 2284, "kind": "shop", "name": "北海道らーめん 楓", "detail": "restaurant" }, "geometry": { "type": "Point", "coordinates": [ 139.6154382, 35.4637165 ] } },
{ "type": "Feature", "properties": { "amenity_id": 2285, "kind": "shop", "name": "金目鯛らぁ麺 鳳仙花", "detail": "restaurant" }, "geometry": { "type": "Point", "coordinates": [ 139.6185111, 35.4640072 ] } },
{ "type": "Feature", "properties": { "amenity_id": 2286, "kind": "shop", "name": "自家製麺酉", "detail": "restaurant" }, "geometry": { "type": "Point", "coordinates": [ 139.6221859, 35.4638252 ] } },
{ "type": "Feature", "properties": { "amenity_id": 2287, "kind": "shop", "name": "もうやんカレー", "detail": "restaurant" }, "geometry": { "type": "Point", "coordinates": [ 139.622089500000016, 35.4641721 ] } },
{ "type": "Feature", "properties": { "amenity_id": 2288, "kind": "shop", "name": "横濱丿貫", "detail": "restaurant" }, "geometry": { "type": "Point", "coordinates": [ 139.6221013, 35.4641145 ] } },
{ "type": "Feature", "properties": { "amenity_id": 2289, "kind": "shop", "name": "Haidilao Hot Pot", "detail": "restaurant" }, "geometry": { "type": "Point", "coordinates": [ 139.6211629, 35.4675343 ] } },
{ "type": "Feature", "properties": { "amenity_id": 2290, "kind": "shop", "name": "理容たていし", "detail": "hairdresser" }, "geometry": { "type": "Point", "coordinates": [ 139.6210375, 35.455715 ] } },
{ "type": "Feature", "properties": { "amenity_id": 2291, "kind": "shop", "name": "まいばすけっと", "detail": "supermarket" }, "geometry": { "type": "Point", "coordinates": [ 139.621174100000019, 35.4555742 ] } },
{ "type": "Feature", "properties": { "amenity_id": 2292, "kind": "shop", "name": "AFURI", "detail": "restaurant" }, "geometry": { "type": "Point", "coordinates": [ 139.6320622, 35.4556195 ] } },
{ "type": "Feature", "properties": { "amenity_id": 2293, "kind": "shop", "name": "セブン-イレブン", "detail": "convenience" }, "geometry": { "type": "Point", "coordinates": [ 139.631328, 35.4553674 ] } },
{ "type": "Feature", "properties": { "amenity_id": 2294, "kind": "shop", "name": "Afuri", "detail": "restaurant" }, "geometry": { "type": "Point", "coordinates": [ 139.621242100000018, 35.465636 ] } },
{ "type": "Feature", "properties": { "amenity_id": 2295, "kind": "shop", "name": "Tsukemen TETSU", "detail": "restaurant" }, "geometry": { "type": "Point", "coordinates": [ 139.6315787, 35.4553497 ] } },
{ "type": "Feature", "properties": { "amenity_id": 2296, "kind": "shop", "name": "鮨　七海", "detail": "restaurant" }, "geometry": { "type": "Point", "coordinates": [ 139.61852540000001, 35.4637361 ] } },
{ "type": "Feature", "properties": { "amenity_id": 2297, "kind": "shop", "name": "Asian’s Joke", "detail": "bar" }, "geometry": { "type": "Point", "coordinates": [ 139.6185639, 35.4638145 ] } },
{ "type": "Feature", "properties": { "amenity_id": 2298, "kind": "shop", "name": "KENJE 横浜 Smart Salon", "detail": "hairdresser" }, "geometry": { "type": "Point", "coordinates": [ 139.6171358, 35.4642965 ] } },
{ "type": "Feature", "properties": { "amenity_id": 2299, "kind": "shop", "name": "FRANK’S BARBER", "detail": "hairdresser" }, "geometry": { "type": "Point", "coordinates": [ 139.617131200000017, 35.4645532 ] } },
{ "type": "Feature", "properties": { "amenity_id": 2300, "kind": "shop", "name": "タリーズコーヒー", "detail": "cafe" }, "geometry": { "type": "Point", "coordinates": [ 139.61732360000002, 35.4642877 ] } },
{ "type": "Feature", "properties": { "amenity_id": 2301, "kind": "shop", "name": "星乃珈琲店", "detail": "cafe" }, "geometry": { "type": "Point", "coordinates": [ 139.617325, 35.4642484 ] } },
{ "type": "Feature", "properties": { "amenity_id": 2302, "kind": "shop", "name": "理髪店", "detail": "hairdresser" }, "geometry": { "type": "Point", "coordinates": [ 139.617477800000017, 35.4626241 ] } },
{ "type": "Feature", "properties": { "amenity_id": 2303, "kind": "shop", "name": "お好みもんじゃ", "detail": "restaurant" }, "geometry": { "type": "Point", "coordinates": [ 139.618381, 35.4635982 ] } },
{ "type": "Feature", "properties": { "amenity_id": 2304, "kind": "shop", "name": "ファミリーマート", "detail": "convenience" }, "geometry": { "type": "Point", "coordinates": [ 139.6184139, 35.4635562 ] } },
{ "type": "Feature", "properties": { "amenity_id": 2305, "kind": "shop", "name": "Bar CAVOR", "detail": "bar" }, "geometry": { "type": "Point", "coordinates": [ 139.618631500000021, 35.4638407 ] } },
{ "type": "Feature", "properties": { "amenity_id": 2306, "kind": "shop", "name": "CALIFORNIA PLAYERS DINER", "detail": "restaurant" }, "geometry": { "type": "Point", "coordinates": [ 139.618635500000011, 35.4638183 ] } },
{ "type": "Feature", "properties": { "amenity_id": 2307, "kind": "shop", "name": "魚参", "detail": "restaurant" }, "geometry": { "type": "Point", "coordinates": [ 139.6186372, 35.4638074 ] } },
{ "type": "Feature", "properties": { "amenity_id": 2308, "kind": "shop", "name": "L&M's SAIWAI", "detail": "hairdresser" }, "geometry": { "type": "Point", "coordinates": [ 139.6187155, 35.4642477 ] } },
{ "type": "Feature", "properties": { "amenity_id": 2309, "kind": "shop", "name": "HAIR SALON SAIWAI", "detail": "hairdresser" }, "geometry": { "type": "Point", "coordinates": [ 139.618738400000012, 35.4642337 ] } },
{ "type": "Feature", "properties": { "amenity_id": 2310, "kind": "shop", "name": "焼肉 アリラン亭", "detail": "restaurant" }, "geometry": { "type": "Point", "coordinates": [ 139.6182724, 35.464025 ] } },
{ "type": "Feature", "properties": { "amenity_id": 2311, "kind": "shop", "name": "貴舟寿し", "detail": "restaurant" }, "geometry": { "type": "Point", "coordinates": [ 139.618265400000013, 35.4641591 ] } },
{ "type": "Feature", "properties": { "amenity_id": 2312, "kind": "shop", "name": "みらく", "detail": "restaurant" }, "geometry": { "type": "Point", "coordinates": [ 139.6184193, 35.4640796 ] } },
{ "type": "Feature", "properties": { "amenity_id": 2313, "kind": "shop", "name": "BAR Eau-de-vie", "detail": "bar" }, "geometry": { "type": "Point", "coordinates": [ 139.618328100000014, 35.4639972 ] } },
{ "type": "Feature", "properties": { "amenity_id": 2314, "kind": "shop", "name": "COLOR BAR fish", "detail": "hairdresser" }, "geometry": { "type": "Point", "coordinates": [ 139.6183566, 35.4638407 ] } },
{ "type": "Feature", "properties": { "amenity_id": 2315, "kind": "shop", "name": "Cafe & Dining ballo ballo", "detail": "restaurant" }, "geometry": { "type": "Point", "coordinates": [ 139.6185198, 35.4637765 ] } },
{ "type": "Feature", "properties": { "amenity_id": 2316, "kind": "shop", "name": "Bar Tone", "detail": "bar" }, "geometry": { "type": "Point", "coordinates": [ 139.617629, 35.4628216 ] } },
{ "type": "Feature", "properties": { "amenity_id": 2317, "kind": "shop", "name": "SCARAB THE BAR", "detail": "bar" }, "geometry": { "type": "Point", "coordinates": [ 139.617628700000012, 35.462844 ] } },
{ "type": "Feature", "properties": { "amenity_id": 2318, "kind": "shop", "name": "AI TOKYO", "detail": "hairdresser" }, "geometry": { "type": "Point", "coordinates": [ 139.6176642, 35.4628229 ] } },
{ "type": "Feature", "properties": { "amenity_id": 2319, "kind": "shop", "name": "hair salon SEED", "detail": "hairdresser" }, "geometry": { "type": "Point", "coordinates": [ 139.6176682, 35.4628448 ] } },
{ "type": "Feature", "properties": { "amenity_id": 2320, "kind": "shop", "name": "ARUJYANSU", "detail": "hairdresser" }, "geometry": { "type": "Point", "coordinates": [ 139.617807700000014, 35.4629379 ] } },
{ "type": "Feature", "properties": { "amenity_id": 2321, "kind": "shop", "name": "Hanako", "detail": "bar" }, "geometry": { "type": "Point", "coordinates": [ 139.617889, 35.463317 ] } },
{ "type": "Feature", "properties": { "amenity_id": 2322, "kind": "shop", "name": "Shisha cafe Shamba", "detail": "bar" }, "geometry": { "type": "Point", "coordinates": [ 139.61790160000001, 35.4633341 ] } },
{ "type": "Feature", "properties": { "amenity_id": 2323, "kind": "shop", "name": "soul on", "detail": "bar" }, "geometry": { "type": "Point", "coordinates": [ 139.6182, 35.4633975 ] } },
{ "type": "Feature", "properties": { "amenity_id": 2324, "kind": "shop", "name": "BAR G-style", "detail": "bar" }, "geometry": { "type": "Point", "coordinates": [ 139.618186900000012, 35.4633825 ] } },
{ "type": "Feature", "properties": { "amenity_id": 2325, "kind": "shop", "name": "BAR chapter", "detail": "bar" }, "geometry": { "type": "Point", "coordinates": [ 139.617518, 35.4629453 ] } },
{ "type": "Feature", "properties": { "amenity_id": 2326, "kind": "shop", "name": "BAR Luther", "detail": "bar" }, "geometry": { "type": "Point", "coordinates": [ 139.6175268, 35.4629649 ] } },
{ "type": "Feature", "properties": { "amenity_id": 2327, "kind": "shop", "name": "すしざむらい", "detail": "restaurant" }, "geometry": { "type": "Point", "coordinates": [ 139.6170218, 35.4628909 ] } },
{ "type": "Feature", "properties": { "amenity_id": 2328, "kind": "shop", "name": "LUCKY YOKOHAMA", "detail": "clothes" }, "geometry": { "type": "Point", "coordinates": [ 139.617524700000018, 35.4632408 ] } },
{ "type": "Feature", "properties": { "amenity_id": 2329, "kind": "shop", "name": "PASELI", "detail": "clothes" }, "geometry": { "type": "Point", "coordinates": [ 139.6175603, 35.4631763 ] } },
{ "type": "Feature", "properties": { "amenity_id": 2330, "kind": "shop", "name": "Gatti", "detail": "restaurant" }, "geometry": { "type": "Point", "coordinates": [ 139.617532800000021, 35.4631506 ] } },
{ "type": "Feature", "properties": { "amenity_id": 2331, "kind": "shop", "name": "Little Bee", "detail": "bar" }, "geometry": { "type": "Point", "coordinates": [ 139.6173967, 35.4632151 ] } },
{ "type": "Feature", "properties": { "amenity_id": 2332, "kind": "shop", "name": "CRAFT BEER BAR IBREW", "detail": "bar" }, "geometry": { "type": "Point", "coordinates": [ 139.6174651, 35.4631725 ] } },
{ "type": "Feature", "properties": { "amenity_id": 2333, "kind": "shop", "name": "GAME by Alan Smithee", "detail": "hairdresser" }, "geometry": { "type": "Point", "coordinates": [ 139.6176025, 35.4631321 ] } },
{ "type": "Feature", "properties": { "amenity_id": 2334, "kind": "shop", "name": "nui", "detail": "hairdresser" }, "geometry": { "type": "Point", "coordinates": [ 139.617648800000012, 35.4631151 ] } },
{ "type": "Feature", "properties": { "amenity_id": 2335, "kind": "shop", "name": "Lapis", "detail": "hairdresser" }, "geometry": { "type": "Point", "coordinates": [ 139.6176087, 35.4631118 ] } },
{ "type": "Feature", "properties": { "amenity_id": 2336, "kind": "shop", "name": "ACE", "detail": "hairdresser" }, "geometry": { "type": "Point", "coordinates": [ 139.617655500000012, 35.46309 ] } },
{ "type": "Feature", "properties": { "amenity_id": 2337, "kind": "shop", "name": "FORTE", "detail": "hairdresser" }, "geometry": { "type": "Point", "coordinates": [ 139.617614300000014, 35.4630934 ] } },
{ "type": "Feature", "properties": { "amenity_id": 2338, "kind": "shop", "name": "The Public Stand", "detail": "bar" }, "geometry": { "type": "Point", "coordinates": [ 139.6176213, 35.4630704 ] } },
{ "type": "Feature", "properties": { "amenity_id": 2339, "kind": "shop", "name": "コリアンダイニング　ぽちゃ", "detail": "restaurant" }, "geometry": { "type": "Point", "coordinates": [ 139.617764100000016, 35.4629679 ] } },
{ "type": "Feature", "properties": { "amenity_id": 2340, "kind": "shop", "name": "SHISHA CAFE & BAR", "detail": "bar" }, "geometry": { "type": "Point", "coordinates": [ 139.617787600000014, 35.4628251 ] } },
{ "type": "Feature", "properties": { "amenity_id": 2341, "kind": "shop", "name": "セレクトショップ　リズム　横浜", "detail": "clothes" }, "geometry": { "type": "Point", "coordinates": [ 139.617173400000013, 35.4627792 ] } },
{ "type": "Feature", "properties": { "amenity_id": 2342, "kind": "shop", "name": "hair design unit Reverb", "detail": "hairdresser" }, "geometry": { "type": "Point", "coordinates": [ 139.6171864, 35.4627986 ] } },
{ "type": "Feature", "properties": { "amenity_id": 2343, "kind": "shop", "name": "私家菜館・福", "detail": "restaurant" }, "geometry": { "type": "Point", "coordinates": [ 139.6251326, 35.4623255 ] } },
{ "type": "Feature", "properties": { "amenity_id": 2344, "kind": "shop", "name": "舎鈴", "detail": "restaurant" }, "geometry": { "type": "Point", "coordinates": [ 139.6252474, 35.4621016 ] } },
{ "type": "Feature", "properties": { "amenity_id": 2345, "kind": "shop", "name": "KIMU CHACHA", "detail": "restaurant" }, "geometry": { "type": "Point", "coordinates": [ 139.6222516, 35.4676294 ] } },
{ "type": "Feature", "properties": { "amenity_id": 2346, "kind": "shop", "name": "COMEDOR DE MARGARITA MODERN MEXICANO", "detail": "restaurant" }, "geometry": { "type": "Point", "coordinates": [ 139.6228898, 35.4671644 ] } },
{ "type": "Feature", "properties": { "amenity_id": 2347, "kind": "shop", "name": "バーガーキング", "detail": "fast_food" }, "geometry": { "type": "Point", "coordinates": [ 139.62027740000002, 35.4642077 ] } },
{ "type": "Feature", "properties": { "amenity_id": 2348, "kind": "shop", "name": "ポニー", "detail": "dry_cleaning" }, "geometry": { "type": "Point", "coordinates": [ 139.632511500000021, 35.4569634 ] } },
{ "type": "Feature", "properties": { "amenity_id": 2349, "kind": "shop", "name": "ラブリークリーニング みなとみらい店", "detail": "dry_cleaning" }, "geometry": { "type": "Point", "coordinates": [ 139.631801100000018, 35.4630307 ] } },
{ "type": "Feature", "properties": { "amenity_id": 2350, "kind": "shop", "name": "クリーニング共和 みなとみらい店", "detail": "dry_cleaning" }, "geometry": { "type": "Point", "coordinates": [ 139.6319579, 35.4617879 ] } },
{ "type": "Feature", "properties": { "amenity_id": 2351, "kind": "shop", "name": "Soba to Tempura Ishiraku JOINUS Yokohama", "detail": "restaurant" }, "geometry": { "type": "Point", "coordinates": [ 139.618159, 35.4649798 ] } },
{ "type": "Feature", "properties": { "amenity_id": 2352, "kind": "shop", "name": "マンマチャオ", "detail": "laundry" }, "geometry": { "type": "Point", "coordinates": [ 139.6137493, 35.4550968 ] } },
{ "type": "Feature", "properties": { "amenity_id": 2353, "kind": "shop", "name": "佳-KEI-", "detail": "bar" }, "geometry": { "type": "Point", "coordinates": [ 139.6166144, 35.4588346 ] } },
{ "type": "Feature", "properties": { "amenity_id": 2354, "kind": "shop", "name": "Selfish", "detail": "hairdresser" }, "geometry": { "type": "Point", "coordinates": [ 139.61664810000002, 35.4590523 ] } },
{ "type": "Feature", "properties": { "amenity_id": 2355, "kind": "shop", "name": "HORRIBLE'S", "detail": "clothes" }, "geometry": { "type": "Point", "coordinates": [ 139.617244600000021, 35.4616947 ] } },
{ "type": "Feature", "properties": { "amenity_id": 2356, "kind": "shop", "name": "ATELIER", "detail": "hairdresser" }, "geometry": { "type": "Point", "coordinates": [ 139.6154497, 35.4610672 ] } },
{ "type": "Feature", "properties": { "amenity_id": 2357, "kind": "shop", "name": "香屋", "detail": "restaurant" }, "geometry": { "type": "Point", "coordinates": [ 139.6340437, 35.4570767 ] } },
{ "type": "Feature", "properties": { "amenity_id": 2358, "kind": "shop", "name": "サモアール", "detail": "cafe" }, "geometry": { "type": "Point", "coordinates": [ 139.620847, 35.4653429 ] } },
{ "type": "Feature", "properties": { "amenity_id": 2359, "kind": "shop", "name": "石臼挽き二八そば そばしき", "detail": "restaurant" }, "geometry": { "type": "Point", "coordinates": [ 139.6219773, 35.4672841 ] } },
{ "type": "Feature", "properties": { "amenity_id": 2360, "kind": "shop", "name": "タリーズみなとみらい東急スクエア1店", "detail": "cafe" }, "geometry": { "type": "Point", "coordinates": [ 139.62867780000002, 35.4570805 ] } },
{ "type": "Feature", "properties": { "amenity_id": 2361, "kind": "shop", "name": "SQUAREFIELD", "detail": "clothes" }, "geometry": { "type": "Point", "coordinates": [ 139.6181568, 35.4650393 ] } },
{ "type": "Feature", "properties": { "amenity_id": 2362, "kind": "shop", "name": "肉そば 右衛門", "detail": "fast_food" }, "geometry": { "type": "Point", "coordinates": [ 139.6222373, 35.4666138 ] } },
{ "type": "Feature", "properties": { "amenity_id": 2363, "kind": "shop", "name": "Nood e", "detail": "restaurant" }, "geometry": { "type": "Point", "coordinates": [ 139.62254870000001, 35.4669137 ] } },
{ "type": "Feature", "properties": { "amenity_id": 2364, "kind": "shop", "name": "Steven Smith Teamaker", "detail": "cafe" }, "geometry": { "type": "Point", "coordinates": [ 139.6219826, 35.4663519 ] } },
{ "type": "Feature", "properties": { "amenity_id": 2365, "kind": "shop", "name": "Burberry", "detail": "clothes" }, "geometry": { "type": "Point", "coordinates": [ 139.620932400000015, 35.4659739 ] } },
{ "type": "Feature", "properties": { "amenity_id": 2366, "kind": "shop", "name": "博多 もつ鍋 おおやま", "detail": "restaurant" }, "geometry": { "type": "Point", "coordinates": [ 139.632125700000017, 35.4552031 ] } },
{ "type": "Feature", "properties": { "amenity_id": 2367, "kind": "shop", "name": "THE CITY BAKERY リビングタウンみなとみらい", "detail": "bakery" }, "geometry": { "type": "Point", "coordinates": [ 139.62698420000001, 35.4579237 ] } },
{ "type": "Feature", "properties": { "amenity_id": 2368, "kind": "shop", "name": "THE CITY BAKERY リビングタウンみなとみらい", "detail": "bakery" }, "geometry": { "type": "Point", "coordinates": [ 139.62698420000001, 35.4579237 ] } },
{ "type": "Feature", "properties": { "amenity_id": 2369, "kind": "shop", "name": "THE CITY BAKERY ニュウマン横浜", "detail": "bakery" }, "geometry": { "type": "Point", "coordinates": [ 139.622805700000015, 35.4671459 ] } },
{ "type": "Feature", "properties": { "amenity_id": 2370, "kind": "shop", "name": "THE CITY BAKERY ニュウマン横浜", "detail": "bakery" }, "geometry": { "type": "Point", "coordinates": [ 139.622805700000015, 35.4671459 ] } },
{ "type": "Feature", "properties": { "amenity_id": 2371, "kind": "shop", "name": "THE CITY BAKERY ニュウマン横浜", "detail": "bakery" }, "geometry": { "type": "Point", "coordinates": [ 139.622805700000015, 35.4671459 ] } },
{ "type": "Feature", "properties": { "amenity_id": 2372, "kind": "shop", "name": "楽蔵うたげ", "detail": "restaurant" }, "geometry": { "type": "Point", "coordinates": [ 139.621188, 35.4673973 ] } },
{ "type": "Feature", "properties": { "amenity_id": 2373, "kind": "shop", "name": null, "detail": "restaurant" }, "geometry": { "type": "Point", "coordinates": [ 139.6189526, 35.4655786 ] } },
{ "type": "Feature", "properties": { "amenity_id": 2374, "kind": "shop", "name": "靴下屋", "detail": "clothes" }, "geometry": { "type": "Point", "coordinates": [ 139.621498200000019, 35.465813 ] } },
{ "type": "Feature", "properties": { "amenity_id": 2375, "kind": "shop", "name": "ポップコーンやさん", "detail": "fast_food" }, "geometry": { "type": "Point", "coordinates": [ 139.62911410000001, 35.4630466 ] } },
{ "type": "Feature", "properties": { "amenity_id": 2376, "kind": "shop", "name": "アンパンマンレストラン", "detail": "restaurant" }, "geometry": { "type": "Point", "coordinates": [ 139.629256100000021, 35.4630492 ] } },
{ "type": "Feature", "properties": { "amenity_id": 2377, "kind": "shop", "name": "Anpanman Kids Collection", "detail": "clothes" }, "geometry": { "type": "Point", "coordinates": [ 139.6291845, 35.463248 ] } },
{ "type": "Feature", "properties": { "amenity_id": 2378, "kind": "shop", "name": "ジャムおじさんのパン工場", "detail": "bakery" }, "geometry": { "type": "Point", "coordinates": [ 139.6291401, 35.4630008 ] } },
{ "type": "Feature", "properties": { "amenity_id": 2379, "kind": "shop", "name": "ミュージアムショップ", "detail": "clothes" }, "geometry": { "type": "Point", "coordinates": [ 139.6288906, 35.4631369 ] } },
{ "type": "Feature", "properties": { "amenity_id": 2380, "kind": "shop", "name": "ハンバーガーやさん", "detail": "fast_food" }, "geometry": { "type": "Point", "coordinates": [ 139.6291985, 35.463512 ] } },
{ "type": "Feature", "properties": { "amenity_id": 2381, "kind": "shop", "name": "うどんやさん", "detail": "restaurant" }, "geometry": { "type": "Point", "coordinates": [ 139.6290481, 35.4634897 ] } },
{ "type": "Feature", "properties": { "amenity_id": 2382, "kind": "shop", "name": "おにぎりやさん", "detail": "fast_food" }, "geometry": { "type": "Point", "coordinates": [ 139.6292541, 35.463341 ] } },
{ "type": "Feature", "properties": { "amenity_id": 2383, "kind": "shop", "name": "ファミリーマート", "detail": "convenience" }, "geometry": { "type": "Point", "coordinates": [ 139.612336, 35.458152 ] } },
{ "type": "Feature", "properties": { "amenity_id": 2384, "kind": "shop", "name": null, "detail": "cafe" }, "geometry": { "type": "Point", "coordinates": [ 139.611404600000014, 35.4559612 ] } },
{ "type": "Feature", "properties": { "amenity_id": 2385, "kind": "shop", "name": "イベントバーエデン", "detail": "bar" }, "geometry": { "type": "Point", "coordinates": [ 139.6060378, 35.4564106 ] } },
{ "type": "Feature", "properties": { "amenity_id": 2386, "kind": "shop", "name": "CoCo壱番館", "detail": "restaurant" }, "geometry": { "type": "Point", "coordinates": [ 139.6020431, 35.4329665 ] } },
{ "type": "Feature", "properties": { "amenity_id": 2387, "kind": "shop", "name": "グラッチェガーデンズ", "detail": "garden_centre" }, "geometry": { "type": "Point", "coordinates": [ 139.604478, 35.430446 ] } },
{ "type": "Feature", "properties": { "amenity_id": 2388, "kind": "shop", "name": "ファミリーマート", "detail": "convenience" }, "geometry": { "type": "Point", "coordinates": [ 139.6098039, 35.4292058 ] } },
{ "type": "Feature", "properties": { "amenity_id": 2389, "kind": "shop", "name": "ローソンストア100", "detail": "convenience" }, "geometry": { "type": "Point", "coordinates": [ 139.613156700000019, 35.4320345 ] } },
{ "type": "Feature", "properties": { "amenity_id": 2390, "kind": "shop", "name": "オリジン弁当", "detail": "fast_food" }, "geometry": { "type": "Point", "coordinates": [ 139.602543, 35.432715 ] } },
{ "type": "Feature", "properties": { "amenity_id": 2391, "kind": "shop", "name": "ジョナサン", "detail": "restaurant" }, "geometry": { "type": "Point", "coordinates": [ 139.613032, 35.4324344 ] } },
{ "type": "Feature", "properties": { "amenity_id": 2392, "kind": "shop", "name": "やきとり ひろちゃん", "detail": "restaurant" }, "geometry": { "type": "Point", "coordinates": [ 139.6005811, 35.434327 ] } },
{ "type": "Feature", "properties": { "amenity_id": 2393, "kind": "shop", "name": null, "detail": "restaurant" }, "geometry": { "type": "Point", "coordinates": [ 139.6007152, 35.4343904 ] } },
{ "type": "Feature", "properties": { "amenity_id": 2394, "kind": "shop", "name": "マクドナルド", "detail": "fast_food" }, "geometry": { "type": "Point", "coordinates": [ 139.6015567, 35.4337098 ] } },
{ "type": "Feature", "properties": { "amenity_id": 2395, "kind": "shop", "name": "ファミリーマート", "detail": "convenience" }, "geometry": { "type": "Point", "coordinates": [ 139.6010851, 35.4327875 ] } },
{ "type": "Feature", "properties": { "amenity_id": 2396, "kind": "shop", "name": "チャイナ飯店", "detail": "restaurant" }, "geometry": { "type": "Point", "coordinates": [ 139.6011499, 35.433149 ] } },
{ "type": "Feature", "properties": { "amenity_id": 2397, "kind": "shop", "name": "オリジン弁当", "detail": "fast_food" }, "geometry": { "type": "Point", "coordinates": [ 139.6146171, 35.4368642 ] } },
{ "type": "Feature", "properties": { "amenity_id": 2398, "kind": "shop", "name": "マクドナルド", "detail": "fast_food" }, "geometry": { "type": "Point", "coordinates": [ 139.6136027, 35.4362591 ] } },
{ "type": "Feature", "properties": { "amenity_id": 2399, "kind": "shop", "name": "セブン-イレブン", "detail": "convenience" }, "geometry": { "type": "Point", "coordinates": [ 139.6147324, 35.4369299 ] } },
{ "type": "Feature", "properties": { "amenity_id": 2400, "kind": "shop", "name": "丸亀食堂", "detail": "restaurant" }, "geometry": { "type": "Point", "coordinates": [ 139.6144213, 35.436731 ] } },
{ "type": "Feature", "properties": { "amenity_id": 2401, "kind": "shop", "name": "ラブリークリーニング", "detail": "dry_cleaning" }, "geometry": { "type": "Point", "coordinates": [ 139.613482800000014, 35.4364993 ] } },
{ "type": "Feature", "properties": { "amenity_id": 2402, "kind": "shop", "name": "喫茶トミー", "detail": "cafe" }, "geometry": { "type": "Point", "coordinates": [ 139.61385, 35.4363813 ] } },
{ "type": "Feature", "properties": { "amenity_id": 2403, "kind": "shop", "name": "美容室ルート", "detail": "hairdresser" }, "geometry": { "type": "Point", "coordinates": [ 139.612586, 35.436099 ] } },
{ "type": "Feature", "properties": { "amenity_id": 2404, "kind": "shop", "name": "炭火焼やきとり工房", "detail": "restaurant" }, "geometry": { "type": "Point", "coordinates": [ 139.614195, 35.436893 ] } },
{ "type": "Feature", "properties": { "amenity_id": 2405, "kind": "shop", "name": "珈琲ぱぁら〜泉", "detail": "cafe" }, "geometry": { "type": "Point", "coordinates": [ 139.614584, 35.437139 ] } },
{ "type": "Feature", "properties": { "amenity_id": 2406, "kind": "shop", "name": "とと", "detail": "restaurant" }, "geometry": { "type": "Point", "coordinates": [ 139.6145668, 35.4371853 ] } },
{ "type": "Feature", "properties": { "amenity_id": 2407, "kind": "shop", "name": "喜楽", "detail": "restaurant" }, "geometry": { "type": "Point", "coordinates": [ 139.614524, 35.437218 ] } },
{ "type": "Feature", "properties": { "amenity_id": 2408, "kind": "shop", "name": "カッセルカフェ", "detail": "bakery" }, "geometry": { "type": "Point", "coordinates": [ 139.61441, 35.437232 ] } },
{ "type": "Feature", "properties": { "amenity_id": 2409, "kind": "shop", "name": "味香苑", "detail": "restaurant" }, "geometry": { "type": "Point", "coordinates": [ 139.614205, 35.436582 ] } },
{ "type": "Feature", "properties": { "amenity_id": 2410, "kind": "shop", "name": "南苑", "detail": "restaurant" }, "geometry": { "type": "Point", "coordinates": [ 139.614252, 35.436637 ] } },
{ "type": "Feature", "properties": { "amenity_id": 2411, "kind": "shop", "name": "梅の木", "detail": "restaurant" }, "geometry": { "type": "Point", "coordinates": [ 139.61417, 35.435661 ] } },
{ "type": "Feature", "properties": { "amenity_id": 2412, "kind": "shop", "name": "焼鳥食堂まさむね", "detail": "restaurant" }, "geometry": { "type": "Point", "coordinates": [ 139.612401, 35.43572 ] } },
{ "type": "Feature", "properties": { "amenity_id": 2413, "kind": "shop", "name": "ガールズバー ハマジェンヌ", "detail": "restaurant" }, "geometry": { "type": "Point", "coordinates": [ 139.611109, 35.434453 ] } },
{ "type": "Feature", "properties": { "amenity_id": 2414, "kind": "shop", "name": "美容室 MarkS", "detail": "hairdresser" }, "geometry": { "type": "Point", "coordinates": [ 139.610703, 35.435792 ] } },
{ "type": "Feature", "properties": { "amenity_id": 2415, "kind": "shop", "name": "ヘアーサロン イザワ", "detail": "hairdresser" }, "geometry": { "type": "Point", "coordinates": [ 139.610661, 35.435768 ] } },
{ "type": "Feature", "properties": { "amenity_id": 2416, "kind": "shop", "name": "手作りパンの店 グリーンキャビン", "detail": "bakery" }, "geometry": { "type": "Point", "coordinates": [ 139.608464, 35.43491 ] } },
{ "type": "Feature", "properties": { "amenity_id": 2417, "kind": "shop", "name": "中国料理 老孫家", "detail": "restaurant" }, "geometry": { "type": "Point", "coordinates": [ 139.6077162, 35.4346376 ] } },
{ "type": "Feature", "properties": { "amenity_id": 2418, "kind": "shop", "name": "おしゃれ泥棒", "detail": "bar" }, "geometry": { "type": "Point", "coordinates": [ 139.60476, 35.433378 ] } },
{ "type": "Feature", "properties": { "amenity_id": 2419, "kind": "shop", "name": "スナック ふーみん", "detail": "bar" }, "geometry": { "type": "Point", "coordinates": [ 139.6047, 35.433369 ] } },
{ "type": "Feature", "properties": { "amenity_id": 2420, "kind": "shop", "name": "CAFETERIA ACO", "detail": "restaurant" }, "geometry": { "type": "Point", "coordinates": [ 139.603303, 35.433007 ] } },
{ "type": "Feature", "properties": { "amenity_id": 2421, "kind": "shop", "name": "立ち呑み処 ころりん亭", "detail": "bar" }, "geometry": { "type": "Point", "coordinates": [ 139.61435, 35.437196 ] } },
{ "type": "Feature", "properties": { "amenity_id": 2422, "kind": "shop", "name": "スナック萩", "detail": "bar" }, "geometry": { "type": "Point", "coordinates": [ 139.614471, 35.437273 ] } },
{ "type": "Feature", "properties": { "amenity_id": 2423, "kind": "shop", "name": "久野理容室", "detail": "hairdresser" }, "geometry": { "type": "Point", "coordinates": [ 139.614526, 35.436795 ] } },
{ "type": "Feature", "properties": { "amenity_id": 2424, "kind": "shop", "name": "もんじゃ小町", "detail": "fast_food" }, "geometry": { "type": "Point", "coordinates": [ 139.614276, 35.436607 ] } },
{ "type": "Feature", "properties": { "amenity_id": 2425, "kind": "shop", "name": "セブン-イレブン", "detail": "convenience" }, "geometry": { "type": "Point", "coordinates": [ 139.596741, 35.424422 ] } },
{ "type": "Feature", "properties": { "amenity_id": 2426, "kind": "shop", "name": "えきめんや", "detail": "fast_food" }, "geometry": { "type": "Point", "coordinates": [ 139.596852, 35.424471 ] } },
{ "type": "Feature", "properties": { "amenity_id": 2427, "kind": "shop", "name": "まいばすけっと", "detail": "supermarket" }, "geometry": { "type": "Point", "coordinates": [ 139.616166, 35.434603 ] } },
{ "type": "Feature", "properties": { "amenity_id": 2428, "kind": "shop", "name": "ファミリーマート", "detail": "convenience" }, "geometry": { "type": "Point", "coordinates": [ 139.6164, 35.434645 ] } },
{ "type": "Feature", "properties": { "amenity_id": 2429, "kind": "shop", "name": "おこのみ もんじゃ 宴家", "detail": "fast_food" }, "geometry": { "type": "Point", "coordinates": [ 139.616584, 35.43461 ] } },
{ "type": "Feature", "properties": { "amenity_id": 2430, "kind": "shop", "name": "中国料理 南昌飯店", "detail": "restaurant" }, "geometry": { "type": "Point", "coordinates": [ 139.6171175, 35.4348489 ] } },
{ "type": "Feature", "properties": { "amenity_id": 2431, "kind": "shop", "name": "すき家", "detail": "fast_food" }, "geometry": { "type": "Point", "coordinates": [ 139.617352, 35.434932 ] } },
{ "type": "Feature", "properties": { "amenity_id": 2432, "kind": "shop", "name": "コーヒーの店 えみ", "detail": "cafe" }, "geometry": { "type": "Point", "coordinates": [ 139.617557, 35.435001 ] } },
{ "type": "Feature", "properties": { "amenity_id": 2433, "kind": "shop", "name": "ヘアーカット専門店 クレインビギン", "detail": "hairdresser" }, "geometry": { "type": "Point", "coordinates": [ 139.617786, 35.435065 ] } },
{ "type": "Feature", "properties": { "amenity_id": 2434, "kind": "shop", "name": "セブン-イレブン", "detail": "convenience" }, "geometry": { "type": "Point", "coordinates": [ 139.617744, 35.435542 ] } },
{ "type": "Feature", "properties": { "amenity_id": 2435, "kind": "shop", "name": "bar Ki", "detail": "bar" }, "geometry": { "type": "Point", "coordinates": [ 139.618329, 35.435202 ] } },
{ "type": "Feature", "properties": { "amenity_id": 2436, "kind": "shop", "name": "サンマー麺にこだわった店", "detail": "fast_food" }, "geometry": { "type": "Point", "coordinates": [ 139.618371, 35.435184 ] } },
{ "type": "Feature", "properties": { "amenity_id": 2437, "kind": "shop", "name": "らーめん鶏喰", "detail": "fast_food" }, "geometry": { "type": "Point", "coordinates": [ 139.618412, 35.435147 ] } },
{ "type": "Feature", "properties": { "amenity_id": 2438, "kind": "shop", "name": "クリーニング", "detail": "dry_cleaning" }, "geometry": { "type": "Point", "coordinates": [ 139.617913, 35.436271 ] } },
{ "type": "Feature", "properties": { "amenity_id": 2439, "kind": "shop", "name": "たぐち屋", "detail": "restaurant" }, "geometry": { "type": "Point", "coordinates": [ 139.6177385, 35.4366863 ] } },
{ "type": "Feature", "properties": { "amenity_id": 2440, "kind": "shop", "name": "支那そば 流星軒", "detail": "fast_food" }, "geometry": { "type": "Point", "coordinates": [ 139.61754, 35.437118 ] } },
{ "type": "Feature", "properties": { "amenity_id": 2441, "kind": "shop", "name": "珈琲山", "detail": "cafe" }, "geometry": { "type": "Point", "coordinates": [ 139.622982, 35.440152 ] } },
{ "type": "Feature", "properties": { "amenity_id": 2442, "kind": "shop", "name": "インターネット漫画喫茶 luna luna", "detail": "cafe" }, "geometry": { "type": "Point", "coordinates": [ 139.623113, 35.44007 ] } },
{ "type": "Feature", "properties": { "amenity_id": 2443, "kind": "shop", "name": "井筒屋", "detail": "restaurant" }, "geometry": { "type": "Point", "coordinates": [ 139.623141300000015, 35.4400372 ] } },
{ "type": "Feature", "properties": { "amenity_id": 2444, "kind": "shop", "name": "ファミリーカット", "detail": "hairdresser" }, "geometry": { "type": "Point", "coordinates": [ 139.622766, 35.440439 ] } },
{ "type": "Feature", "properties": { "amenity_id": 2445, "kind": "shop", "name": "hair & esthetic HOA", "detail": "hairdresser" }, "geometry": { "type": "Point", "coordinates": [ 139.6223856, 35.4402966 ] } },
{ "type": "Feature", "properties": { "amenity_id": 2446, "kind": "shop", "name": "中華料理 松林", "detail": "restaurant" }, "geometry": { "type": "Point", "coordinates": [ 139.622082, 35.439903 ] } },
{ "type": "Feature", "properties": { "amenity_id": 2447, "kind": "shop", "name": "Cut & color Sasaki", "detail": "hairdresser" }, "geometry": { "type": "Point", "coordinates": [ 139.622018, 35.440173 ] } },
{ "type": "Feature", "properties": { "amenity_id": 2448, "kind": "shop", "name": "hair salon Monaco", "detail": "hairdresser" }, "geometry": { "type": "Point", "coordinates": [ 139.621229, 35.439649 ] } },
{ "type": "Feature", "properties": { "amenity_id": 2449, "kind": "shop", "name": "すき家", "detail": "fast_food" }, "geometry": { "type": "Point", "coordinates": [ 139.619877700000018, 35.4395014 ] } },
{ "type": "Feature", "properties": { "amenity_id": 2450, "kind": "shop", "name": "お好み焼き たけ田 伍栄門", "detail": "fast_food" }, "geometry": { "type": "Point", "coordinates": [ 139.6194806, 35.4393801 ] } },
{ "type": "Feature", "properties": { "amenity_id": 2451, "kind": "shop", "name": "家系 あってりラーメン", "detail": "fast_food" }, "geometry": { "type": "Point", "coordinates": [ 139.619292200000018, 35.4392903 ] } },
{ "type": "Feature", "properties": { "amenity_id": 2452, "kind": "shop", "name": "ローソン", "detail": "convenience" }, "geometry": { "type": "Point", "coordinates": [ 139.618943, 35.439324 ] } },
{ "type": "Feature", "properties": { "amenity_id": 2453, "kind": "shop", "name": "barber 川崎", "detail": "hairdresser" }, "geometry": { "type": "Point", "coordinates": [ 139.6188138, 35.4391454 ] } },
{ "type": "Feature", "properties": { "amenity_id": 2454, "kind": "shop", "name": "CHEROKEE", "detail": "restaurant" }, "geometry": { "type": "Point", "coordinates": [ 139.618562, 35.439053 ] } },
{ "type": "Feature", "properties": { "amenity_id": 2455, "kind": "shop", "name": "千家本店", "detail": "fast_food" }, "geometry": { "type": "Point", "coordinates": [ 139.618355, 35.43902 ] } },
{ "type": "Feature", "properties": { "amenity_id": 2456, "kind": "shop", "name": "デニーズ", "detail": "restaurant" }, "geometry": { "type": "Point", "coordinates": [ 139.618274, 35.438648 ] } },
{ "type": "Feature", "properties": { "amenity_id": 2457, "kind": "shop", "name": "クリーニング サンホワイト", "detail": "dry_cleaning" }, "geometry": { "type": "Point", "coordinates": [ 139.617527, 35.43847 ] } },
{ "type": "Feature", "properties": { "amenity_id": 2458, "kind": "shop", "name": "プリンス理容", "detail": "hairdresser" }, "geometry": { "type": "Point", "coordinates": [ 139.6173427, 35.4383814 ] } },
{ "type": "Feature", "properties": { "amenity_id": 2459, "kind": "shop", "name": "麺場 鶏源", "detail": "fast_food" }, "geometry": { "type": "Point", "coordinates": [ 139.621797, 35.439812 ] } },
{ "type": "Feature", "properties": { "amenity_id": 2460, "kind": "shop", "name": null, "detail": "dry_cleaning" }, "geometry": { "type": "Point", "coordinates": [ 139.613639, 35.436184 ] } },
{ "type": "Feature", "properties": { "amenity_id": 2461, "kind": "shop", "name": "パシオス", "detail": "clothes" }, "geometry": { "type": "Point", "coordinates": [ 139.61377, 35.435994 ] } },
{ "type": "Feature", "properties": { "amenity_id": 2462, "kind": "shop", "name": "湘南 丼丸", "detail": "fast_food" }, "geometry": { "type": "Point", "coordinates": [ 139.602873, 35.432256 ] } },
{ "type": "Feature", "properties": { "amenity_id": 2463, "kind": "shop", "name": "とんかつ さくらい", "detail": "restaurant" }, "geometry": { "type": "Point", "coordinates": [ 139.602991, 35.432085 ] } },
{ "type": "Feature", "properties": { "amenity_id": 2464, "kind": "shop", "name": "中華料理 福隆", "detail": "restaurant" }, "geometry": { "type": "Point", "coordinates": [ 139.603201, 35.431819 ] } },
{ "type": "Feature", "properties": { "amenity_id": 2465, "kind": "shop", "name": "そば処 中村屋", "detail": "restaurant" }, "geometry": { "type": "Point", "coordinates": [ 139.60397, 35.430928 ] } },
{ "type": "Feature", "properties": { "amenity_id": 2466, "kind": "shop", "name": "焼肉冷麺 アリラン飯店", "detail": "restaurant" }, "geometry": { "type": "Point", "coordinates": [ 139.60453, 35.430253 ] } },
{ "type": "Feature", "properties": { "amenity_id": 2467, "kind": "shop", "name": "名代寿司 久月", "detail": "restaurant" }, "geometry": { "type": "Point", "coordinates": [ 139.614257, 35.437455 ] } },
{ "type": "Feature", "properties": { "amenity_id": 2468, "kind": "shop", "name": "ヘアサロン オオヤマ", "detail": "hairdresser" }, "geometry": { "type": "Point", "coordinates": [ 139.6159039, 35.4383177 ] } },
{ "type": "Feature", "properties": { "amenity_id": 2469, "kind": "shop", "name": "茶房みき", "detail": "cafe" }, "geometry": { "type": "Point", "coordinates": [ 139.615475, 35.438451 ] } },
{ "type": "Feature", "properties": { "amenity_id": 2470, "kind": "shop", "name": "カットルーム JIYU", "detail": "hairdresser" }, "geometry": { "type": "Point", "coordinates": [ 139.6149868, 35.4379219 ] } },
{ "type": "Feature", "properties": { "amenity_id": 2471, "kind": "shop", "name": "和みの城 ChaCha", "detail": "bar" }, "geometry": { "type": "Point", "coordinates": [ 139.61475, 35.43773 ] } },
{ "type": "Feature", "properties": { "amenity_id": 2472, "kind": "shop", "name": "ファミリーマート", "detail": "convenience" }, "geometry": { "type": "Point", "coordinates": [ 139.6187352, 35.4352284 ] } },
{ "type": "Feature", "properties": { "amenity_id": 2473, "kind": "shop", "name": "ミニストップ", "detail": "convenience" }, "geometry": { "type": "Point", "coordinates": [ 139.61833, 35.436118 ] } },
{ "type": "Feature", "properties": { "amenity_id": 2474, "kind": "shop", "name": "松屋", "detail": "fast_food" }, "geometry": { "type": "Point", "coordinates": [ 139.6015102, 35.4338211 ] } },
{ "type": "Feature", "properties": { "amenity_id": 2475, "kind": "shop", "name": "sunkus", "detail": "convenience" }, "geometry": { "type": "Point", "coordinates": [ 139.601520500000021, 35.433788 ] } },
{ "type": "Feature", "properties": { "amenity_id": 2476, "kind": "shop", "name": "HAIR STUDIO IWASAKI", "detail": "hairdresser" }, "geometry": { "type": "Point", "coordinates": [ 139.601658, 35.433546 ] } },
{ "type": "Feature", "properties": { "amenity_id": 2477, "kind": "shop", "name": "きそば 天丼 大むら", "detail": "restaurant" }, "geometry": { "type": "Point", "coordinates": [ 139.602606, 35.432767 ] } },
{ "type": "Feature", "properties": { "amenity_id": 2478, "kind": "shop", "name": "ミュージックパブ れもん", "detail": "bar" }, "geometry": { "type": "Point", "coordinates": [ 139.603872, 35.433677 ] } },
{ "type": "Feature", "properties": { "amenity_id": 2479, "kind": "shop", "name": "Hair MAX'S", "detail": "hairdresser" }, "geometry": { "type": "Point", "coordinates": [ 139.604348, 35.432959 ] } },
{ "type": "Feature", "properties": { "amenity_id": 2480, "kind": "shop", "name": "ヘアーカット専門¥1000 クレインビギン", "detail": "hairdresser" }, "geometry": { "type": "Point", "coordinates": [ 139.604544, 35.433015 ] } },
{ "type": "Feature", "properties": { "amenity_id": 2481, "kind": "shop", "name": "カラオケ スナック 押し花", "detail": "bar" }, "geometry": { "type": "Point", "coordinates": [ 139.604974, 35.433097 ] } },
{ "type": "Feature", "properties": { "amenity_id": 2482, "kind": "shop", "name": "ローソンストア100", "detail": "convenience" }, "geometry": { "type": "Point", "coordinates": [ 139.605099, 35.433247 ] } },
{ "type": "Feature", "properties": { "amenity_id": 2483, "kind": "shop", "name": "セブン-イレブン", "detail": "convenience" }, "geometry": { "type": "Point", "coordinates": [ 139.605849, 35.433411 ] } },
{ "type": "Feature", "properties": { "amenity_id": 2484, "kind": "shop", "name": "ローソン", "detail": "convenience" }, "geometry": { "type": "Point", "coordinates": [ 139.607204, 35.434028 ] } },
{ "type": "Feature", "properties": { "amenity_id": 2485, "kind": "shop", "name": "ラーメン やおや", "detail": "fast_food" }, "geometry": { "type": "Point", "coordinates": [ 139.6081394, 35.4345053 ] } },
{ "type": "Feature", "properties": { "amenity_id": 2486, "kind": "shop", "name": "パブ スナック ひまわり", "detail": "bar" }, "geometry": { "type": "Point", "coordinates": [ 139.603434, 35.433137 ] } },
{ "type": "Feature", "properties": { "amenity_id": 2487, "kind": "shop", "name": "鉄板焼きイタリアン VERDURA", "detail": "restaurant" }, "geometry": { "type": "Point", "coordinates": [ 139.604855, 35.432798 ] } },
{ "type": "Feature", "properties": { "amenity_id": 2488, "kind": "shop", "name": "うどんそば 長寿庵", "detail": "restaurant" }, "geometry": { "type": "Point", "coordinates": [ 139.604952, 35.432736 ] } },
{ "type": "Feature", "properties": { "amenity_id": 2489, "kind": "shop", "name": "関本クリーニング商会", "detail": "dry_cleaning" }, "geometry": { "type": "Point", "coordinates": [ 139.605853, 35.433067 ] } },
{ "type": "Feature", "properties": { "amenity_id": 2490, "kind": "shop", "name": "お好み焼き ふくみ", "detail": "restaurant" }, "geometry": { "type": "Point", "coordinates": [ 139.61148, 35.433401 ] } },
{ "type": "Feature", "properties": { "amenity_id": 2491, "kind": "shop", "name": "月島もんじゃ お好み焼き 花之木", "detail": "restaurant" }, "geometry": { "type": "Point", "coordinates": [ 139.611881, 35.4332548 ] } },
{ "type": "Feature", "properties": { "amenity_id": 2492, "kind": "shop", "name": "美容室 ハッピーヘアー", "detail": "hairdresser" }, "geometry": { "type": "Point", "coordinates": [ 139.612157, 35.432966 ] } },
{ "type": "Feature", "properties": { "amenity_id": 2493, "kind": "shop", "name": "中華料理 平安", "detail": "restaurant" }, "geometry": { "type": "Point", "coordinates": [ 139.612215, 35.432891 ] } },
{ "type": "Feature", "properties": { "amenity_id": 2494, "kind": "shop", "name": "お好み もんじゃ じんや", "detail": "restaurant" }, "geometry": { "type": "Point", "coordinates": [ 139.61229, 35.432793 ] } },
{ "type": "Feature", "properties": { "amenity_id": 2495, "kind": "shop", "name": "クリーニング 洋洗社", "detail": "dry_cleaning" }, "geometry": { "type": "Point", "coordinates": [ 139.612351, 35.432764 ] } },
{ "type": "Feature", "properties": { "amenity_id": 2496, "kind": "shop", "name": "中華そば・ふじ田", "detail": "restaurant" }, "geometry": { "type": "Point", "coordinates": [ 139.612394, 35.4326914 ] } },
{ "type": "Feature", "properties": { "amenity_id": 2497, "kind": "shop", "name": "もんじゃ お好み焼き 麦家", "detail": "restaurant" }, "geometry": { "type": "Point", "coordinates": [ 139.612183, 35.432544 ] } },
{ "type": "Feature", "properties": { "amenity_id": 2498, "kind": "shop", "name": "ファミリーマート", "detail": "convenience" }, "geometry": { "type": "Point", "coordinates": [ 139.612327, 35.432372 ] } },
{ "type": "Feature", "properties": { "amenity_id": 2499, "kind": "shop", "name": "かもめパン", "detail": "bakery" }, "geometry": { "type": "Point", "coordinates": [ 139.596637, 35.4377809 ] } },
{ "type": "Feature", "properties": { "amenity_id": 2500, "kind": "shop", "name": "ウチマサラ", "detail": "restaurant" }, "geometry": { "type": "Point", "coordinates": [ 139.606445300000019, 35.4338128 ] } },
{ "type": "Feature", "properties": { "amenity_id": 2501, "kind": "shop", "name": "和食レストラン 夢庵", "detail": "restaurant" }, "geometry": { "type": "Point", "coordinates": [ 139.615372, 35.433803 ] } },
{ "type": "Feature", "properties": { "amenity_id": 2502, "kind": "shop", "name": "クリーニング", "detail": "dry_cleaning" }, "geometry": { "type": "Point", "coordinates": [ 139.6134121, 35.4316808 ] } },
{ "type": "Feature", "properties": { "amenity_id": 2503, "kind": "shop", "name": "スナック まどか", "detail": "bar" }, "geometry": { "type": "Point", "coordinates": [ 139.610159800000019, 35.4298475 ] } },
{ "type": "Feature", "properties": { "amenity_id": 2504, "kind": "shop", "name": "蕎麦処 太田屋", "detail": "restaurant" }, "geometry": { "type": "Point", "coordinates": [ 139.610563, 35.4293357 ] } },
{ "type": "Feature", "properties": { "amenity_id": 2505, "kind": "shop", "name": "台湾服飾", "detail": "clothes" }, "geometry": { "type": "Point", "coordinates": [ 139.6102491, 35.4297828 ] } },
{ "type": "Feature", "properties": { "amenity_id": 2506, "kind": "shop", "name": "喜代鮨", "detail": "restaurant" }, "geometry": { "type": "Point", "coordinates": [ 139.61331610000002, 35.4316113 ] } },
{ "type": "Feature", "properties": { "amenity_id": 2507, "kind": "shop", "name": "濱倶楽部", "detail": "bar" }, "geometry": { "type": "Point", "coordinates": [ 139.61125610000002, 35.4300499 ] } },
{ "type": "Feature", "properties": { "amenity_id": 2508, "kind": "shop", "name": "ネパールインドレストラン アンナプルナ", "detail": "restaurant" }, "geometry": { "type": "Point", "coordinates": [ 139.6103712, 35.4293561 ] } },
{ "type": "Feature", "properties": { "amenity_id": 2509, "kind": "shop", "name": "海射人", "detail": "restaurant" }, "geometry": { "type": "Point", "coordinates": [ 139.610082700000021, 35.4291416 ] } },
{ "type": "Feature", "properties": { "amenity_id": 2510, "kind": "shop", "name": "パン工房 麦わら", "detail": "bakery" }, "geometry": { "type": "Point", "coordinates": [ 139.6107422, 35.4300696 ] } },
{ "type": "Feature", "properties": { "amenity_id": 2511, "kind": "shop", "name": "中華料理 太田楼", "detail": "restaurant" }, "geometry": { "type": "Point", "coordinates": [ 139.6110026, 35.4298073 ] } },
{ "type": "Feature", "properties": { "amenity_id": 2512, "kind": "shop", "name": "ミルク", "detail": "clothes" }, "geometry": { "type": "Point", "coordinates": [ 139.6099858, 35.429157 ] } },
{ "type": "Feature", "properties": { "amenity_id": 2513, "kind": "shop", "name": "フローレス タカハシ", "detail": "clothes" }, "geometry": { "type": "Point", "coordinates": [ 139.6130556, 35.4313929 ] } },
{ "type": "Feature", "properties": { "amenity_id": 2514, "kind": "shop", "name": "プレジール", "detail": "hairdresser" }, "geometry": { "type": "Point", "coordinates": [ 139.6107753, 35.4302745 ] } },
{ "type": "Feature", "properties": { "amenity_id": 2515, "kind": "shop", "name": "日向理容館", "detail": "hairdresser" }, "geometry": { "type": "Point", "coordinates": [ 139.614360300000016, 35.4324063 ] } },
{ "type": "Feature", "properties": { "amenity_id": 2516, "kind": "shop", "name": "ヘアーサロン キクシマ", "detail": "hairdresser" }, "geometry": { "type": "Point", "coordinates": [ 139.6098456, 35.4294192 ] } },
{ "type": "Feature", "properties": { "amenity_id": 2517, "kind": "shop", "name": "そば処 増家", "detail": "restaurant" }, "geometry": { "type": "Point", "coordinates": [ 139.613900300000012, 35.4320808 ] } },
{ "type": "Feature", "properties": { "amenity_id": 2518, "kind": "shop", "name": "木苺", "detail": "restaurant" }, "geometry": { "type": "Point", "coordinates": [ 139.610044, 35.4293785 ] } },
{ "type": "Feature", "properties": { "amenity_id": 2519, "kind": "shop", "name": "広島風お好み焼き ぐあんばる亭", "detail": "restaurant" }, "geometry": { "type": "Point", "coordinates": [ 139.601632500000022, 35.4232283 ] } },
{ "type": "Feature", "properties": { "amenity_id": 2520, "kind": "shop", "name": "すき焼き 村越", "detail": "restaurant" }, "geometry": { "type": "Point", "coordinates": [ 139.6061474, 35.4277695 ] } },
{ "type": "Feature", "properties": { "amenity_id": 2521, "kind": "shop", "name": "うどん 伊之助", "detail": "restaurant" }, "geometry": { "type": "Point", "coordinates": [ 139.6016502, 35.4232855 ] } },
{ "type": "Feature", "properties": { "amenity_id": 2522, "kind": "shop", "name": "STORE GO GO", "detail": "clothes" }, "geometry": { "type": "Point", "coordinates": [ 139.6078503, 35.4289822 ] } },
{ "type": "Feature", "properties": { "amenity_id": 2523, "kind": "shop", "name": "BEZ RECORD", "detail": "bar" }, "geometry": { "type": "Point", "coordinates": [ 139.6059186, 35.4279514 ] } },
{ "type": "Feature", "properties": { "amenity_id": 2524, "kind": "shop", "name": "ジンギスカン焼 ホルモン焼", "detail": "restaurant" }, "geometry": { "type": "Point", "coordinates": [ 139.601694, 35.4233692 ] } },
{ "type": "Feature", "properties": { "amenity_id": 2525, "kind": "shop", "name": "らーめん坦々麺 まえたん", "detail": "restaurant" }, "geometry": { "type": "Point", "coordinates": [ 139.6017147, 35.4234088 ] } },
{ "type": "Feature", "properties": { "amenity_id": 2526, "kind": "shop", "name": "鈴木理容院", "detail": "hairdresser" }, "geometry": { "type": "Point", "coordinates": [ 139.6057537, 35.4277456 ] } },
{ "type": "Feature", "properties": { "amenity_id": 2527, "kind": "shop", "name": "Kitchen Ren's", "detail": "restaurant" }, "geometry": { "type": "Point", "coordinates": [ 139.6058195, 35.4279025 ] } },
{ "type": "Feature", "properties": { "amenity_id": 2528, "kind": "shop", "name": "リヨン", "detail": "bar" }, "geometry": { "type": "Point", "coordinates": [ 139.610479200000015, 35.4307337 ] } },
{ "type": "Feature", "properties": { "amenity_id": 2529, "kind": "shop", "name": "ビューティサロン モギ", "detail": "hairdresser" }, "geometry": { "type": "Point", "coordinates": [ 139.6063746, 35.4282464 ] } },
{ "type": "Feature", "properties": { "amenity_id": 2530, "kind": "shop", "name": "シスター", "detail": "hairdresser" }, "geometry": { "type": "Point", "coordinates": [ 139.601663, 35.4233279 ] } },
{ "type": "Feature", "properties": { "amenity_id": 2531, "kind": "shop", "name": "コインランドリー 若松", "detail": "laundry" }, "geometry": { "type": "Point", "coordinates": [ 139.6042487, 35.4269703 ] } },
{ "type": "Feature", "properties": { "amenity_id": 2532, "kind": "shop", "name": "スナック 風船", "detail": "bar" }, "geometry": { "type": "Point", "coordinates": [ 139.6090347, 35.4296722 ] } },
{ "type": "Feature", "properties": { "amenity_id": 2533, "kind": "shop", "name": "ファミリーマート", "detail": "convenience" }, "geometry": { "type": "Point", "coordinates": [ 139.6100226, 35.4302536 ] } },
{ "type": "Feature", "properties": { "amenity_id": 2534, "kind": "shop", "name": "松なが美容室", "detail": "hairdresser" }, "geometry": { "type": "Point", "coordinates": [ 139.604844, 35.4271551 ] } },
{ "type": "Feature", "properties": { "amenity_id": 2535, "kind": "shop", "name": "ヘアーサロン オオバ", "detail": "hairdresser" }, "geometry": { "type": "Point", "coordinates": [ 139.613609, 35.4299 ] } },
{ "type": "Feature", "properties": { "amenity_id": 2536, "kind": "shop", "name": "そば処 遠州屋", "detail": "restaurant" }, "geometry": { "type": "Point", "coordinates": [ 139.613612, 35.430119 ] } },
{ "type": "Feature", "properties": { "amenity_id": 2537, "kind": "shop", "name": "BAKERY アズマ", "detail": "bakery" }, "geometry": { "type": "Point", "coordinates": [ 139.613557, 35.4305 ] } },
{ "type": "Feature", "properties": { "amenity_id": 2538, "kind": "shop", "name": "鉄板 お好み焼き 美丁", "detail": "restaurant" }, "geometry": { "type": "Point", "coordinates": [ 139.613158, 35.431577 ] } },
{ "type": "Feature", "properties": { "amenity_id": 2539, "kind": "shop", "name": "広東菜館 翠葉", "detail": "restaurant" }, "geometry": { "type": "Point", "coordinates": [ 139.6143, 35.432914 ] } },
{ "type": "Feature", "properties": { "amenity_id": 2540, "kind": "shop", "name": "美容室 シャトル", "detail": "hairdresser" }, "geometry": { "type": "Point", "coordinates": [ 139.613251, 35.431661 ] } },
{ "type": "Feature", "properties": { "amenity_id": 2541, "kind": "shop", "name": "オリジン弁当", "detail": "fast_food" }, "geometry": { "type": "Point", "coordinates": [ 139.613033, 35.431938 ] } },
{ "type": "Feature", "properties": { "amenity_id": 2542, "kind": "shop", "name": "本家 かまどや", "detail": "restaurant" }, "geometry": { "type": "Point", "coordinates": [ 139.614522, 35.433111 ] } },
{ "type": "Feature", "properties": { "amenity_id": 2543, "kind": "shop", "name": "中華家庭料理 雲海", "detail": "restaurant" }, "geometry": { "type": "Point", "coordinates": [ 139.614591, 35.433162 ] } },
{ "type": "Feature", "properties": { "amenity_id": 2544, "kind": "shop", "name": "クリーニング やしま", "detail": "dry_cleaning" }, "geometry": { "type": "Point", "coordinates": [ 139.614951, 35.433398 ] } },
{ "type": "Feature", "properties": { "amenity_id": 2545, "kind": "shop", "name": "コインランドリー　ピエロ", "detail": "laundry" }, "geometry": { "type": "Point", "coordinates": [ 139.610044, 35.430996 ] } },
{ "type": "Feature", "properties": { "amenity_id": 2546, "kind": "shop", "name": "Le message", "detail": "bar" }, "geometry": { "type": "Point", "coordinates": [ 139.601265, 35.423526 ] } },
{ "type": "Feature", "properties": { "amenity_id": 2547, "kind": "shop", "name": "美容室シータ", "detail": "hairdresser" }, "geometry": { "type": "Point", "coordinates": [ 139.601284, 35.423598 ] } },
{ "type": "Feature", "properties": { "amenity_id": 2548, "kind": "shop", "name": "ドライクリーニング 下村", "detail": "dry_cleaning" }, "geometry": { "type": "Point", "coordinates": [ 139.601420600000012, 35.4235476 ] } },
{ "type": "Feature", "properties": { "amenity_id": 2549, "kind": "shop", "name": "ウサギヤ洋装店", "detail": "clothes" }, "geometry": { "type": "Point", "coordinates": [ 139.603579, 35.426804 ] } },
{ "type": "Feature", "properties": { "amenity_id": 2550, "kind": "shop", "name": "ゴルカキッチン インドネパールレストラン", "detail": "restaurant" }, "geometry": { "type": "Point", "coordinates": [ 139.601327, 35.423629 ] } },
{ "type": "Feature", "properties": { "amenity_id": 2551, "kind": "shop", "name": "BAR CAROU", "detail": "bar" }, "geometry": { "type": "Point", "coordinates": [ 139.601356, 35.42373 ] } },
{ "type": "Feature", "properties": { "amenity_id": 2552, "kind": "shop", "name": "美容室 プーアプー", "detail": "hairdresser" }, "geometry": { "type": "Point", "coordinates": [ 139.601467400000018, 35.4236637 ] } },
{ "type": "Feature", "properties": { "amenity_id": 2553, "kind": "shop", "name": "デュエットハウス くに", "detail": "bar" }, "geometry": { "type": "Point", "coordinates": [ 139.603659, 35.426757 ] } },
{ "type": "Feature", "properties": { "amenity_id": 2554, "kind": "shop", "name": "あいわパン", "detail": "bakery" }, "geometry": { "type": "Point", "coordinates": [ 139.60149770000001, 35.4237066 ] } },
{ "type": "Feature", "properties": { "amenity_id": 2555, "kind": "shop", "name": "お好み焼き いなちゃん", "detail": "restaurant" }, "geometry": { "type": "Point", "coordinates": [ 139.601621, 35.423992 ] } },
{ "type": "Feature", "properties": { "amenity_id": 2556, "kind": "shop", "name": "アミー美容室", "detail": "hairdresser" }, "geometry": { "type": "Point", "coordinates": [ 139.60173, 35.424255 ] } },
{ "type": "Feature", "properties": { "amenity_id": 2557, "kind": "shop", "name": null, "detail": "laundry" }, "geometry": { "type": "Point", "coordinates": [ 139.601613, 35.42437 ] } },
{ "type": "Feature", "properties": { "amenity_id": 2558, "kind": "shop", "name": "パン工房しゃるる", "detail": "bakery" }, "geometry": { "type": "Point", "coordinates": [ 139.607451, 35.429278 ] } },
{ "type": "Feature", "properties": { "amenity_id": 2559, "kind": "shop", "name": "BRASSERIE LA MARMITE", "detail": "restaurant" }, "geometry": { "type": "Point", "coordinates": [ 139.612177, 35.432371 ] } },
{ "type": "Feature", "properties": { "amenity_id": 2560, "kind": "shop", "name": "中国料理 珠海", "detail": "restaurant" }, "geometry": { "type": "Point", "coordinates": [ 139.609913, 35.43074 ] } },
{ "type": "Feature", "properties": { "amenity_id": 2561, "kind": "shop", "name": "ファミリーマート", "detail": "convenience" }, "geometry": { "type": "Point", "coordinates": [ 139.621658, 35.4334626 ] } },
{ "type": "Feature", "properties": { "amenity_id": 2562, "kind": "shop", "name": "ローソン", "detail": "convenience" }, "geometry": { "type": "Point", "coordinates": [ 139.632661, 35.4355494 ] } },
{ "type": "Feature", "properties": { "amenity_id": 2563, "kind": "shop", "name": "ヤオコー横浜天神橋店", "detail": "supermarket" }, "geometry": { "type": "Point", "coordinates": [ 139.6225071, 35.4267189 ] } },
{ "type": "Feature", "properties": { "amenity_id": 2564, "kind": "shop", "name": "PISOLA 横浜睦町店", "detail": "restaurant" }, "geometry": { "type": "Point", "coordinates": [ 139.6215417, 35.4282486 ] } },
{ "type": "Feature", "properties": { "amenity_id": 2565, "kind": "shop", "name": "ローソン", "detail": "convenience" }, "geometry": { "type": "Point", "coordinates": [ 139.620088800000019, 35.4311835 ] } },
{ "type": "Feature", "properties": { "amenity_id": 2566, "kind": "shop", "name": "さつまっ子", "detail": "restaurant" }, "geometry": { "type": "Point", "coordinates": [ 139.6198856, 35.4318215 ] } },
{ "type": "Feature", "properties": { "amenity_id": 2567, "kind": "shop", "name": "蕎麦処 東京庵", "detail": "restaurant" }, "geometry": { "type": "Point", "coordinates": [ 139.6199037, 35.4317717 ] } },
{ "type": "Feature", "properties": { "amenity_id": 2568, "kind": "shop", "name": "お好み焼 こゆみ", "detail": "restaurant" }, "geometry": { "type": "Point", "coordinates": [ 139.619593900000012, 35.4324406 ] } },
{ "type": "Feature", "properties": { "amenity_id": 2569, "kind": "shop", "name": "焼肉 安楽亭", "detail": "restaurant" }, "geometry": { "type": "Point", "coordinates": [ 139.6204232, 35.431504 ] } },
{ "type": "Feature", "properties": { "amenity_id": 2570, "kind": "shop", "name": "味来", "detail": "restaurant" }, "geometry": { "type": "Point", "coordinates": [ 139.619963500000011, 35.4324485 ] } },
{ "type": "Feature", "properties": { "amenity_id": 2571, "kind": "shop", "name": "寅や", "detail": "restaurant" }, "geometry": { "type": "Point", "coordinates": [ 139.619865300000015, 35.4318849 ] } },
{ "type": "Feature", "properties": { "amenity_id": 2572, "kind": "shop", "name": "アタカ", "detail": "hairdresser" }, "geometry": { "type": "Point", "coordinates": [ 139.600961, 35.423372 ] } },
{ "type": "Feature", "properties": { "amenity_id": 2573, "kind": "shop", "name": "本場韓国食堂 どやじ", "detail": "restaurant" }, "geometry": { "type": "Point", "coordinates": [ 139.600987, 35.423457 ] } },
{ "type": "Feature", "properties": { "amenity_id": 2574, "kind": "shop", "name": "ブティック ハーモニー", "detail": "clothes" }, "geometry": { "type": "Point", "coordinates": [ 139.601272, 35.424277 ] } },
{ "type": "Feature", "properties": { "amenity_id": 2575, "kind": "shop", "name": "ラッキー理容館", "detail": "hairdresser" }, "geometry": { "type": "Point", "coordinates": [ 139.601189, 35.424519 ] } },
{ "type": "Feature", "properties": { "amenity_id": 2576, "kind": "shop", "name": "スナック オアシス", "detail": "bar" }, "geometry": { "type": "Point", "coordinates": [ 139.609272, 35.430906 ] } },
{ "type": "Feature", "properties": { "amenity_id": 2577, "kind": "shop", "name": "うなぎ蒲焼 丸十", "detail": "restaurant" }, "geometry": { "type": "Point", "coordinates": [ 139.603192, 35.427342 ] } },
{ "type": "Feature", "properties": { "amenity_id": 2578, "kind": "shop", "name": "ラウンジ 蘭", "detail": "bar" }, "geometry": { "type": "Point", "coordinates": [ 139.603584, 35.42756 ] } },
{ "type": "Feature", "properties": { "amenity_id": 2579, "kind": "shop", "name": "カラオケ 南南", "detail": "bar" }, "geometry": { "type": "Point", "coordinates": [ 139.60656, 35.429087 ] } },
{ "type": "Feature", "properties": { "amenity_id": 2580, "kind": "shop", "name": "cafe and restaurant ルシェール", "detail": "restaurant" }, "geometry": { "type": "Point", "coordinates": [ 139.611373, 35.433028 ] } },
{ "type": "Feature", "properties": { "amenity_id": 2581, "kind": "shop", "name": "ベーカリー デューク", "detail": "bakery" }, "geometry": { "type": "Point", "coordinates": [ 139.601903, 35.423307 ] } },
{ "type": "Feature", "properties": { "amenity_id": 2582, "kind": "shop", "name": "ラーメン まさき亭", "detail": "restaurant" }, "geometry": { "type": "Point", "coordinates": [ 139.60211, 35.423641 ] } },
{ "type": "Feature", "properties": { "amenity_id": 2583, "kind": "shop", "name": "スクール洋品ナカムラ", "detail": "clothes" }, "geometry": { "type": "Point", "coordinates": [ 139.602058, 35.423548 ] } },
{ "type": "Feature", "properties": { "amenity_id": 2584, "kind": "shop", "name": "美容室 ハートエンジェル", "detail": "hairdresser" }, "geometry": { "type": "Point", "coordinates": [ 139.602092, 35.423613 ] } },
{ "type": "Feature", "properties": { "amenity_id": 2585, "kind": "shop", "name": "弘明寺ノ貫", "detail": "restaurant" }, "geometry": { "type": "Point", "coordinates": [ 139.602259, 35.423974 ] } },
{ "type": "Feature", "properties": { "amenity_id": 2586, "kind": "shop", "name": "中華料理 美味苑", "detail": "restaurant" }, "geometry": { "type": "Point", "coordinates": [ 139.602383, 35.424177 ] } },
{ "type": "Feature", "properties": { "amenity_id": 2587, "kind": "shop", "name": "コーヒー ランチ プチトゥルー", "detail": "cafe" }, "geometry": { "type": "Point", "coordinates": [ 139.602219, 35.423861 ] } },
{ "type": "Feature", "properties": { "amenity_id": 2588, "kind": "shop", "name": "とんかつ割烹 陣屋", "detail": "restaurant" }, "geometry": { "type": "Point", "coordinates": [ 139.602571, 35.424583 ] } },
{ "type": "Feature", "properties": { "amenity_id": 2589, "kind": "shop", "name": "Jazz Live & Session Live House J&B", "detail": "bar" }, "geometry": { "type": "Point", "coordinates": [ 139.603008, 35.425417 ] } },
{ "type": "Feature", "properties": { "amenity_id": 2590, "kind": "shop", "name": "スナック フレンチ", "detail": "bar" }, "geometry": { "type": "Point", "coordinates": [ 139.60323, 35.425688 ] } },
{ "type": "Feature", "properties": { "amenity_id": 2591, "kind": "shop", "name": "自家製天然酵母 こむぎかおるや", "detail": "bakery" }, "geometry": { "type": "Point", "coordinates": [ 139.603366, 35.425824 ] } },
{ "type": "Feature", "properties": { "amenity_id": 2592, "kind": "shop", "name": "BAR &DINING REX", "detail": "bar" }, "geometry": { "type": "Point", "coordinates": [ 139.60348, 35.42593 ] } },
{ "type": "Feature", "properties": { "amenity_id": 2593, "kind": "shop", "name": "翠仙", "detail": "restaurant" }, "geometry": { "type": "Point", "coordinates": [ 139.603782, 35.426189 ] } },
{ "type": "Feature", "properties": { "amenity_id": 2594, "kind": "shop", "name": "韓国風ビビンバ タンタンメン", "detail": "restaurant" }, "geometry": { "type": "Point", "coordinates": [ 139.6038905, 35.4263209 ] } },
{ "type": "Feature", "properties": { "amenity_id": 2595, "kind": "shop", "name": "中国料理 上海軒", "detail": "restaurant" }, "geometry": { "type": "Point", "coordinates": [ 139.60400180000002, 35.4264135 ] } },
{ "type": "Feature", "properties": { "amenity_id": 2596, "kind": "shop", "name": "レッツ", "detail": "hairdresser" }, "geometry": { "type": "Point", "coordinates": [ 139.604822800000022, 35.4269424 ] } },
{ "type": "Feature", "properties": { "amenity_id": 2597, "kind": "shop", "name": "和風らーめん 味のほうさく", "detail": "restaurant" }, "geometry": { "type": "Point", "coordinates": [ 139.605189, 35.427154 ] } },
{ "type": "Feature", "properties": { "amenity_id": 2598, "kind": "shop", "name": "沖縄そば てぃあんだー", "detail": "restaurant" }, "geometry": { "type": "Point", "coordinates": [ 139.605998, 35.427624 ] } },
{ "type": "Feature", "properties": { "amenity_id": 2599, "kind": "shop", "name": "まいばすけっと", "detail": "supermarket" }, "geometry": { "type": "Point", "coordinates": [ 139.6229054, 35.4394409 ] } },
{ "type": "Feature", "properties": { "amenity_id": 2600, "kind": "shop", "name": "お弁当 こい屋", "detail": "fast_food" }, "geometry": { "type": "Point", "coordinates": [ 139.6208765, 35.438904 ] } },
{ "type": "Feature", "properties": { "amenity_id": 2601, "kind": "shop", "name": "ファミリーマート", "detail": "convenience" }, "geometry": { "type": "Point", "coordinates": [ 139.6233177, 35.4398169 ] } },
{ "type": "Feature", "properties": { "amenity_id": 2602, "kind": "shop", "name": "FREE BIRDS", "detail": "bar" }, "geometry": { "type": "Point", "coordinates": [ 139.61785070000002, 35.4378926 ] } },
{ "type": "Feature", "properties": { "amenity_id": 2603, "kind": "shop", "name": "コインランドリー", "detail": "laundry" }, "geometry": { "type": "Point", "coordinates": [ 139.618431900000019, 35.4376413 ] } },
{ "type": "Feature", "properties": { "amenity_id": 2604, "kind": "shop", "name": "せんたくや さんよう", "detail": "dry_cleaning" }, "geometry": { "type": "Point", "coordinates": [ 139.606904, 35.4281641 ] } },
{ "type": "Feature", "properties": { "amenity_id": 2605, "kind": "shop", "name": "長崎ちゃんぽんの店 雲仙", "detail": "restaurant" }, "geometry": { "type": "Point", "coordinates": [ 139.611758400000014, 35.4313971 ] } },
{ "type": "Feature", "properties": { "amenity_id": 2606, "kind": "shop", "name": "ヘアスタジオ ピカソ", "detail": "hairdresser" }, "geometry": { "type": "Point", "coordinates": [ 139.610380500000019, 35.4303774 ] } },
{ "type": "Feature", "properties": { "amenity_id": 2607, "kind": "shop", "name": "そば処 花月", "detail": "restaurant" }, "geometry": { "type": "Point", "coordinates": [ 139.610035300000021, 35.4301415 ] } },
{ "type": "Feature", "properties": { "amenity_id": 2608, "kind": "shop", "name": "インド料理店 チャイ", "detail": "restaurant" }, "geometry": { "type": "Point", "coordinates": [ 139.60936430000001, 35.4296401 ] } },
{ "type": "Feature", "properties": { "amenity_id": 2609, "kind": "shop", "name": "へんな洋食屋", "detail": "restaurant" }, "geometry": { "type": "Point", "coordinates": [ 139.607815, 35.428712 ] } },
{ "type": "Feature", "properties": { "amenity_id": 2610, "kind": "shop", "name": "中華料理 隆中", "detail": "restaurant" }, "geometry": { "type": "Point", "coordinates": [ 139.6069876, 35.4282127 ] } },
{ "type": "Feature", "properties": { "amenity_id": 2611, "kind": "shop", "name": "コミュニティサロン おさん", "detail": "cafe" }, "geometry": { "type": "Point", "coordinates": [ 139.620257400000014, 35.4371446 ] } },
{ "type": "Feature", "properties": { "amenity_id": 2612, "kind": "shop", "name": "さわやかクリーニング", "detail": "dry_cleaning" }, "geometry": { "type": "Point", "coordinates": [ 139.620982200000014, 35.437332 ] } },
{ "type": "Feature", "properties": { "amenity_id": 2613, "kind": "shop", "name": "大阪王将", "detail": "restaurant" }, "geometry": { "type": "Point", "coordinates": [ 139.618987, 35.4366388 ] } },
{ "type": "Feature", "properties": { "amenity_id": 2614, "kind": "shop", "name": "パブ じぶんかって", "detail": "bar" }, "geometry": { "type": "Point", "coordinates": [ 139.622019, 35.4374953 ] } },
{ "type": "Feature", "properties": { "amenity_id": 2615, "kind": "shop", "name": "ヘアーサロン クラバヤシ", "detail": "hairdresser" }, "geometry": { "type": "Point", "coordinates": [ 139.619561200000021, 35.4367613 ] } },
{ "type": "Feature", "properties": { "amenity_id": 2616, "kind": "shop", "name": "カット＆パーマ イワセ", "detail": "hairdresser" }, "geometry": { "type": "Point", "coordinates": [ 139.6155478, 35.4357869 ] } },
{ "type": "Feature", "properties": { "amenity_id": 2617, "kind": "shop", "name": "snack むーんばりー", "detail": "bar" }, "geometry": { "type": "Point", "coordinates": [ 139.6175494, 35.436226 ] } },
{ "type": "Feature", "properties": { "amenity_id": 2618, "kind": "shop", "name": "マンマチャオ", "detail": "laundry" }, "geometry": { "type": "Point", "coordinates": [ 139.621895200000012, 35.437461 ] } },
{ "type": "Feature", "properties": { "amenity_id": 2619, "kind": "shop", "name": "セブン-イレブン", "detail": "convenience" }, "geometry": { "type": "Point", "coordinates": [ 139.5986662, 35.4237254 ] } },
{ "type": "Feature", "properties": { "amenity_id": 2620, "kind": "shop", "name": "醤魂", "detail": "restaurant" }, "geometry": { "type": "Point", "coordinates": [ 139.5984205, 35.4238128 ] } },
{ "type": "Feature", "properties": { "amenity_id": 2621, "kind": "shop", "name": "味天", "detail": "restaurant" }, "geometry": { "type": "Point", "coordinates": [ 139.598757200000023, 35.4236986 ] } },
{ "type": "Feature", "properties": { "amenity_id": 2622, "kind": "shop", "name": "天華", "detail": "restaurant" }, "geometry": { "type": "Point", "coordinates": [ 139.5983512, 35.4238337 ] } },
{ "type": "Feature", "properties": { "amenity_id": 2623, "kind": "shop", "name": "ウエノクリーニング", "detail": "dry_cleaning" }, "geometry": { "type": "Point", "coordinates": [ 139.598385, 35.423825 ] } },
{ "type": "Feature", "properties": { "amenity_id": 2624, "kind": "shop", "name": "からあげ本舗なしか", "detail": "fast_food" }, "geometry": { "type": "Point", "coordinates": [ 139.599069400000019, 35.4237576 ] } },
{ "type": "Feature", "properties": { "amenity_id": 2625, "kind": "shop", "name": "ちよだ鮨", "detail": "fast_food" }, "geometry": { "type": "Point", "coordinates": [ 139.5991956, 35.4237296 ] } },
{ "type": "Feature", "properties": { "amenity_id": 2626, "kind": "shop", "name": "RESTAURANT Makoto", "detail": "restaurant" }, "geometry": { "type": "Point", "coordinates": [ 139.5989908, 35.4237629 ] } },
{ "type": "Feature", "properties": { "amenity_id": 2627, "kind": "shop", "name": "鎌倉angel", "detail": "clothes" }, "geometry": { "type": "Point", "coordinates": [ 139.599073200000021, 35.4236166 ] } },
{ "type": "Feature", "properties": { "amenity_id": 2628, "kind": "shop", "name": "ラピーネ", "detail": "clothes" }, "geometry": { "type": "Point", "coordinates": [ 139.5991252, 35.4237417 ] } },
{ "type": "Feature", "properties": { "amenity_id": 2629, "kind": "shop", "name": "ドトールコーヒーショップ", "detail": "cafe" }, "geometry": { "type": "Point", "coordinates": [ 139.599351500000012, 35.4235527 ] } },
{ "type": "Feature", "properties": { "amenity_id": 2630, "kind": "shop", "name": "SEASON", "detail": "hairdresser" }, "geometry": { "type": "Point", "coordinates": [ 139.5996088, 35.4236209 ] } },
{ "type": "Feature", "properties": { "amenity_id": 2631, "kind": "shop", "name": "いまい", "detail": "clothes" }, "geometry": { "type": "Point", "coordinates": [ 139.5997906, 35.4235745 ] } },
{ "type": "Feature", "properties": { "amenity_id": 2632, "kind": "shop", "name": "aunty", "detail": "clothes" }, "geometry": { "type": "Point", "coordinates": [ 139.599989500000021, 35.4235257 ] } },
{ "type": "Feature", "properties": { "amenity_id": 2633, "kind": "shop", "name": "モスバーガー", "detail": "fast_food" }, "geometry": { "type": "Point", "coordinates": [ 139.6010482, 35.4233582 ] } },
{ "type": "Feature", "properties": { "amenity_id": 2634, "kind": "shop", "name": "friend", "detail": "clothes" }, "geometry": { "type": "Point", "coordinates": [ 139.6005505, 35.4232559 ] } },
{ "type": "Feature", "properties": { "amenity_id": 2635, "kind": "shop", "name": "琉二家", "detail": "restaurant" }, "geometry": { "type": "Point", "coordinates": [ 139.6005427, 35.4234033 ] } },
{ "type": "Feature", "properties": { "amenity_id": 2636, "kind": "shop", "name": "魚海家", "detail": "restaurant" }, "geometry": { "type": "Point", "coordinates": [ 139.600571800000012, 35.4233745 ] } },
{ "type": "Feature", "properties": { "amenity_id": 2637, "kind": "shop", "name": "七輪焼肉 安安", "detail": "restaurant" }, "geometry": { "type": "Point", "coordinates": [ 139.600581, 35.423223 ] } },
{ "type": "Feature", "properties": { "amenity_id": 2638, "kind": "shop", "name": "ジャーマンベーカリー FUKUYA", "detail": "cafe" }, "geometry": { "type": "Point", "coordinates": [ 139.6006778, 35.4232332 ] } },
{ "type": "Feature", "properties": { "amenity_id": 2639, "kind": "shop", "name": null, "detail": "restaurant" }, "geometry": { "type": "Point", "coordinates": [ 139.6006725, 35.4233445 ] } },
{ "type": "Feature", "properties": { "amenity_id": 2640, "kind": "shop", "name": "中華料理 広州亭", "detail": "restaurant" }, "geometry": { "type": "Point", "coordinates": [ 139.6007395, 35.4233271 ] } },
{ "type": "Feature", "properties": { "amenity_id": 2641, "kind": "shop", "name": "横濱ハット", "detail": "clothes" }, "geometry": { "type": "Point", "coordinates": [ 139.600988200000018, 35.423267 ] } },
{ "type": "Feature", "properties": { "amenity_id": 2642, "kind": "shop", "name": "ほまれや", "detail": "clothes" }, "geometry": { "type": "Point", "coordinates": [ 139.600952800000016, 35.4232745 ] } },
{ "type": "Feature", "properties": { "amenity_id": 2643, "kind": "shop", "name": "ジャスミンパレスキッチン", "detail": "restaurant" }, "geometry": { "type": "Point", "coordinates": [ 139.6008918, 35.4231911 ] } },
{ "type": "Feature", "properties": { "amenity_id": 2644, "kind": "shop", "name": "濱田屋", "detail": "clothes" }, "geometry": { "type": "Point", "coordinates": [ 139.600997400000011, 35.4231685 ] } },
{ "type": "Feature", "properties": { "amenity_id": 2645, "kind": "shop", "name": "あいわパン", "detail": "bakery" }, "geometry": { "type": "Point", "coordinates": [ 139.6009611, 35.4231779 ] } },
{ "type": "Feature", "properties": { "amenity_id": 2646, "kind": "shop", "name": "あなたの街のクリーニング", "detail": "dry_cleaning" }, "geometry": { "type": "Point", "coordinates": [ 139.601082900000023, 35.4232435 ] } },
{ "type": "Feature", "properties": { "amenity_id": 2647, "kind": "shop", "name": "天ぷら ふく うなぎ シバ天", "detail": "restaurant" }, "geometry": { "type": "Point", "coordinates": [ 139.601044, 35.423252 ] } },
{ "type": "Feature", "properties": { "amenity_id": 2648, "kind": "shop", "name": "カラオケ ダンス Helen", "detail": "bar" }, "geometry": { "type": "Point", "coordinates": [ 139.601165800000018, 35.4231177 ] } },
{ "type": "Feature", "properties": { "amenity_id": 2649, "kind": "shop", "name": "とんかつ さぼてん", "detail": "fast_food" }, "geometry": { "type": "Point", "coordinates": [ 139.6010962, 35.4231381 ] } },
{ "type": "Feature", "properties": { "amenity_id": 2650, "kind": "shop", "name": "マリ・クレール", "detail": "clothes" }, "geometry": { "type": "Point", "coordinates": [ 139.601328200000012, 35.4231859 ] } },
{ "type": "Feature", "properties": { "amenity_id": 2651, "kind": "shop", "name": "寿司 割烹 はじめ", "detail": "restaurant" }, "geometry": { "type": "Point", "coordinates": [ 139.6012158, 35.4231094 ] } },
{ "type": "Feature", "properties": { "amenity_id": 2652, "kind": "shop", "name": "スナック モーリ", "detail": "bar" }, "geometry": { "type": "Point", "coordinates": [ 139.6013821, 35.4231706 ] } },
{ "type": "Feature", "properties": { "amenity_id": 2653, "kind": "shop", "name": "下町のカルビ屋本舗", "detail": "restaurant" }, "geometry": { "type": "Point", "coordinates": [ 139.601346800000016, 35.4230729 ] } },
{ "type": "Feature", "properties": { "amenity_id": 2654, "kind": "shop", "name": "BENKYODO", "detail": "clothes" }, "geometry": { "type": "Point", "coordinates": [ 139.6012983, 35.4231915 ] } },
{ "type": "Feature", "properties": { "amenity_id": 2655, "kind": "shop", "name": "MELU CAFE", "detail": "cafe" }, "geometry": { "type": "Point", "coordinates": [ 139.601490500000011, 35.4231495 ] } },
{ "type": "Feature", "properties": { "amenity_id": 2656, "kind": "shop", "name": "つけ麺らーめん 春樹", "detail": "restaurant" }, "geometry": { "type": "Point", "coordinates": [ 139.6017195, 35.4230951 ] } },
{ "type": "Feature", "properties": { "amenity_id": 2657, "kind": "shop", "name": "すき家", "detail": "fast_food" }, "geometry": { "type": "Point", "coordinates": [ 139.6018038, 35.4229533 ] } },
{ "type": "Feature", "properties": { "amenity_id": 2658, "kind": "shop", "name": "関寿し", "detail": "restaurant" }, "geometry": { "type": "Point", "coordinates": [ 139.6017296, 35.4229974 ] } },
{ "type": "Feature", "properties": { "amenity_id": 2659, "kind": "shop", "name": "心味", "detail": "fast_food" }, "geometry": { "type": "Point", "coordinates": [ 139.600916500000011, 35.4232868 ] } },
{ "type": "Feature", "properties": { "amenity_id": 2660, "kind": "shop", "name": "ウェルシア", "detail": "supermarket" }, "geometry": { "type": "Point", "coordinates": [ 139.598406300000022, 35.4239374 ] } },
{ "type": "Feature", "properties": { "amenity_id": 2661, "kind": "shop", "name": "ラーメン 町っ子", "detail": "restaurant" }, "geometry": { "type": "Point", "coordinates": [ 139.5981298, 35.4240454 ] } },
{ "type": "Feature", "properties": { "amenity_id": 2662, "kind": "shop", "name": "WOODY HOUSE", "detail": "clothes" }, "geometry": { "type": "Point", "coordinates": [ 139.598075200000011, 35.4240594 ] } },
{ "type": "Feature", "properties": { "amenity_id": 2663, "kind": "shop", "name": "Be-one", "detail": "hairdresser" }, "geometry": { "type": "Point", "coordinates": [ 139.598485900000014, 35.4239077 ] } },
{ "type": "Feature", "properties": { "amenity_id": 2664, "kind": "shop", "name": "ヘアーカット専門店", "detail": "hairdresser" }, "geometry": { "type": "Point", "coordinates": [ 139.598244100000016, 35.4239979 ] } },
{ "type": "Feature", "properties": { "amenity_id": 2665, "kind": "shop", "name": "カレータンタン麺 征虎", "detail": "restaurant" }, "geometry": { "type": "Point", "coordinates": [ 139.6208767, 35.4395237 ] } },
{ "type": "Feature", "properties": { "amenity_id": 2666, "kind": "shop", "name": "n.Relief", "detail": "hairdresser" }, "geometry": { "type": "Point", "coordinates": [ 139.615443200000016, 35.4373711 ] } },
{ "type": "Feature", "properties": { "amenity_id": 2667, "kind": "shop", "name": "スナック 和", "detail": "bar" }, "geometry": { "type": "Point", "coordinates": [ 139.6134887, 35.4394484 ] } },
{ "type": "Feature", "properties": { "amenity_id": 2668, "kind": "shop", "name": "セブン-イレブン", "detail": "convenience" }, "geometry": { "type": "Point", "coordinates": [ 139.6153936, 35.4388286 ] } },
{ "type": "Feature", "properties": { "amenity_id": 2669, "kind": "shop", "name": "エビン", "detail": "restaurant" }, "geometry": { "type": "Point", "coordinates": [ 139.6160131, 35.4380234 ] } },
{ "type": "Feature", "properties": { "amenity_id": 2670, "kind": "shop", "name": "まいばすけっと", "detail": "supermarket" }, "geometry": { "type": "Point", "coordinates": [ 139.6142299, 35.439151 ] } },
{ "type": "Feature", "properties": { "amenity_id": 2671, "kind": "shop", "name": "ラブリークリーニング", "detail": "dry_cleaning" }, "geometry": { "type": "Point", "coordinates": [ 139.614341100000019, 35.4392521 ] } },
{ "type": "Feature", "properties": { "amenity_id": 2672, "kind": "shop", "name": "シーガル", "detail": "bakery" }, "geometry": { "type": "Point", "coordinates": [ 139.614302400000014, 35.4391332 ] } },
{ "type": "Feature", "properties": { "amenity_id": 2673, "kind": "shop", "name": "おにぎり 弁慶", "detail": "fast_food" }, "geometry": { "type": "Point", "coordinates": [ 139.614889200000022, 35.4389503 ] } },
{ "type": "Feature", "properties": { "amenity_id": 2674, "kind": "shop", "name": "中国食堂", "detail": "restaurant" }, "geometry": { "type": "Point", "coordinates": [ 139.6152262, 35.4389685 ] } },
{ "type": "Feature", "properties": { "amenity_id": 2675, "kind": "shop", "name": "ヘアーサロン カルダン", "detail": "hairdresser" }, "geometry": { "type": "Point", "coordinates": [ 139.6087441, 35.4401347 ] } },
{ "type": "Feature", "properties": { "amenity_id": 2676, "kind": "shop", "name": "ローソン・スリーエフ", "detail": "convenience" }, "geometry": { "type": "Point", "coordinates": [ 139.6046478, 35.4407994 ] } },
{ "type": "Feature", "properties": { "amenity_id": 2677, "kind": "shop", "name": "まいばすけっと", "detail": "supermarket" }, "geometry": { "type": "Point", "coordinates": [ 139.617094900000012, 35.4305372 ] } },
{ "type": "Feature", "properties": { "amenity_id": 2678, "kind": "shop", "name": "いなげや", "detail": "supermarket" }, "geometry": { "type": "Point", "coordinates": [ 139.61608050000001, 35.4323806 ] } },
{ "type": "Feature", "properties": { "amenity_id": 2679, "kind": "shop", "name": "セブン-イレブン", "detail": "convenience" }, "geometry": { "type": "Point", "coordinates": [ 139.61236310000001, 35.429523 ] } },
{ "type": "Feature", "properties": { "amenity_id": 2680, "kind": "shop", "name": "ローソンストア100", "detail": "convenience" }, "geometry": { "type": "Point", "coordinates": [ 139.6126605, 35.4297259 ] } },
{ "type": "Feature", "properties": { "amenity_id": 2681, "kind": "shop", "name": "セブン-イレブン", "detail": "convenience" }, "geometry": { "type": "Point", "coordinates": [ 139.588363900000019, 35.4417644 ] } },
{ "type": "Feature", "properties": { "amenity_id": 2682, "kind": "shop", "name": "相鉄ローゼン", "detail": "supermarket" }, "geometry": { "type": "Point", "coordinates": [ 139.579041500000017, 35.4268295 ] } },
{ "type": "Feature", "properties": { "amenity_id": 2683, "kind": "shop", "name": "旭川ラーメン ぺーぱん", "detail": "restaurant" }, "geometry": { "type": "Point", "coordinates": [ 139.618943, 35.433288 ] } },
{ "type": "Feature", "properties": { "amenity_id": 2684, "kind": "shop", "name": "マキ美容室", "detail": "hairdresser" }, "geometry": { "type": "Point", "coordinates": [ 139.616757, 35.434243 ] } },
{ "type": "Feature", "properties": { "amenity_id": 2685, "kind": "shop", "name": "バーグ", "detail": "restaurant" }, "geometry": { "type": "Point", "coordinates": [ 139.62086, 35.4361867 ] } },
{ "type": "Feature", "properties": { "amenity_id": 2686, "kind": "shop", "name": "蕎麦処 大むら", "detail": "restaurant" }, "geometry": { "type": "Point", "coordinates": [ 139.5987512, 35.423931 ] } },
{ "type": "Feature", "properties": { "amenity_id": 2687, "kind": "shop", "name": "BLOOM美容室", "detail": "hairdresser" }, "geometry": { "type": "Point", "coordinates": [ 139.5991459, 35.4242726 ] } },
{ "type": "Feature", "properties": { "amenity_id": 2688, "kind": "shop", "name": "壱八家", "detail": "restaurant" }, "geometry": { "type": "Point", "coordinates": [ 139.59770690000002, 35.4246681 ] } },
{ "type": "Feature", "properties": { "amenity_id": 2689, "kind": "shop", "name": "ヘアークリニックサロン オガワ", "detail": "hairdresser" }, "geometry": { "type": "Point", "coordinates": [ 139.5991282, 35.4242271 ] } },
{ "type": "Feature", "properties": { "amenity_id": 2690, "kind": "shop", "name": "柳屋 弘明寺店", "detail": "clothes" }, "geometry": { "type": "Point", "coordinates": [ 139.5989975, 35.4240206 ] } },
{ "type": "Feature", "properties": { "amenity_id": 2691, "kind": "shop", "name": "ヘアーサロン ARAI", "detail": "hairdresser" }, "geometry": { "type": "Point", "coordinates": [ 139.600318500000014, 35.429688 ] } },
{ "type": "Feature", "properties": { "amenity_id": 2692, "kind": "shop", "name": "山崎クリーニング店", "detail": "dry_cleaning" }, "geometry": { "type": "Point", "coordinates": [ 139.599826700000023, 35.4265816 ] } },
{ "type": "Feature", "properties": { "amenity_id": 2693, "kind": "shop", "name": "リズム", "detail": "hairdresser" }, "geometry": { "type": "Point", "coordinates": [ 139.60459160000002, 35.4321962 ] } },
{ "type": "Feature", "properties": { "amenity_id": 2694, "kind": "shop", "name": "エスエスクリーニング", "detail": "dry_cleaning" }, "geometry": { "type": "Point", "coordinates": [ 139.6071565, 35.4320831 ] } },
{ "type": "Feature", "properties": { "amenity_id": 2695, "kind": "shop", "name": "岳陽楼", "detail": "restaurant" }, "geometry": { "type": "Point", "coordinates": [ 139.6031117, 35.4322404 ] } },
{ "type": "Feature", "properties": { "amenity_id": 2696, "kind": "shop", "name": "コインランドリー ふじ", "detail": "dry_cleaning" }, "geometry": { "type": "Point", "coordinates": [ 139.6046819, 35.432201 ] } },
{ "type": "Feature", "properties": { "amenity_id": 2697, "kind": "shop", "name": "セブン-イレブン", "detail": "convenience" }, "geometry": { "type": "Point", "coordinates": [ 139.5973716, 35.4379141 ] } },
{ "type": "Feature", "properties": { "amenity_id": 2698, "kind": "shop", "name": "ファミリーマート", "detail": "convenience" }, "geometry": { "type": "Point", "coordinates": [ 139.59882570000002, 35.4364016 ] } },
{ "type": "Feature", "properties": { "amenity_id": 2699, "kind": "shop", "name": "QBハウス", "detail": "hairdresser" }, "geometry": { "type": "Point", "coordinates": [ 139.596451300000012, 35.4250436 ] } },
{ "type": "Feature", "properties": { "amenity_id": 2700, "kind": "shop", "name": "サンマルクカフェ", "detail": "cafe" }, "geometry": { "type": "Point", "coordinates": [ 139.596854700000023, 35.4247732 ] } },
{ "type": "Feature", "properties": { "amenity_id": 2701, "kind": "shop", "name": "ファミリーマート", "detail": "convenience" }, "geometry": { "type": "Point", "coordinates": [ 139.6254136, 35.4367506 ] } },
{ "type": "Feature", "properties": { "amenity_id": 2702, "kind": "shop", "name": "ミニストップ", "detail": "convenience" }, "geometry": { "type": "Point", "coordinates": [ 139.625761400000016, 35.4361629 ] } },
{ "type": "Feature", "properties": { "amenity_id": 2703, "kind": "shop", "name": "ファミリーマート", "detail": "convenience" }, "geometry": { "type": "Point", "coordinates": [ 139.6046895, 35.4233064 ] } },
{ "type": "Feature", "properties": { "amenity_id": 2704, "kind": "shop", "name": "ローソン", "detail": "convenience" }, "geometry": { "type": "Point", "coordinates": [ 139.6018517, 35.4219842 ] } },
{ "type": "Feature", "properties": { "amenity_id": 2705, "kind": "shop", "name": "ローソンストア100", "detail": "convenience" }, "geometry": { "type": "Point", "coordinates": [ 139.5958617, 35.4262663 ] } },
{ "type": "Feature", "properties": { "amenity_id": 2706, "kind": "shop", "name": null, "detail": "clothes" }, "geometry": { "type": "Point", "coordinates": [ 139.597820900000016, 35.4310154 ] } },
{ "type": "Feature", "properties": { "amenity_id": 2707, "kind": "shop", "name": "らーめん こだか", "detail": "restaurant" }, "geometry": { "type": "Point", "coordinates": [ 139.599162800000016, 35.4315089 ] } },
{ "type": "Feature", "properties": { "amenity_id": 2708, "kind": "shop", "name": "洋服の青山", "detail": "clothes" }, "geometry": { "type": "Point", "coordinates": [ 139.596452700000015, 35.4280947 ] } },
{ "type": "Feature", "properties": { "amenity_id": 2709, "kind": "shop", "name": "美容室 ひまわり", "detail": "hairdresser" }, "geometry": { "type": "Point", "coordinates": [ 139.598491600000017, 35.4311922 ] } },
{ "type": "Feature", "properties": { "amenity_id": 2710, "kind": "shop", "name": "焼肉処 くらや", "detail": "restaurant" }, "geometry": { "type": "Point", "coordinates": [ 139.599336500000021, 35.4315375 ] } },
{ "type": "Feature", "properties": { "amenity_id": 2711, "kind": "shop", "name": "牛屋", "detail": "restaurant" }, "geometry": { "type": "Point", "coordinates": [ 139.5968474, 35.4283964 ] } },
{ "type": "Feature", "properties": { "amenity_id": 2712, "kind": "shop", "name": "ヘアーカットサロン ワダ", "detail": "hairdresser" }, "geometry": { "type": "Point", "coordinates": [ 139.596621100000021, 35.4273273 ] } },
{ "type": "Feature", "properties": { "amenity_id": 2713, "kind": "shop", "name": "ローソン", "detail": "convenience" }, "geometry": { "type": "Point", "coordinates": [ 139.596536500000013, 35.4293947 ] } },
{ "type": "Feature", "properties": { "amenity_id": 2714, "kind": "shop", "name": "ローソンストア100", "detail": "convenience" }, "geometry": { "type": "Point", "coordinates": [ 139.5992756, 35.4318375 ] } },
{ "type": "Feature", "properties": { "amenity_id": 2715, "kind": "shop", "name": "まいばすけっと", "detail": "supermarket" }, "geometry": { "type": "Point", "coordinates": [ 139.611099600000017, 35.4305579 ] } },
{ "type": "Feature", "properties": { "amenity_id": 2716, "kind": "shop", "name": "横浜屋", "detail": "supermarket" }, "geometry": { "type": "Point", "coordinates": [ 139.6073983, 35.4281194 ] } },
{ "type": "Feature", "properties": { "amenity_id": 2717, "kind": "shop", "name": "横浜屋", "detail": "supermarket" }, "geometry": { "type": "Point", "coordinates": [ 139.6075768, 35.4282129 ] } },
{ "type": "Feature", "properties": { "amenity_id": 2718, "kind": "shop", "name": "Abeem", "detail": "bar" }, "geometry": { "type": "Point", "coordinates": [ 139.6098498, 35.4296464 ] } },
{ "type": "Feature", "properties": { "amenity_id": 2719, "kind": "shop", "name": "酔園", "detail": "restaurant" }, "geometry": { "type": "Point", "coordinates": [ 139.6068109, 35.4273291 ] } },
{ "type": "Feature", "properties": { "amenity_id": 2720, "kind": "shop", "name": "セブン-イレブン", "detail": "convenience" }, "geometry": { "type": "Point", "coordinates": [ 139.6124447, 35.4315366 ] } },
{ "type": "Feature", "properties": { "amenity_id": 2721, "kind": "shop", "name": "鎌倉クリーニング", "detail": "dry_cleaning" }, "geometry": { "type": "Point", "coordinates": [ 139.612173800000022, 35.4313287 ] } },
{ "type": "Feature", "properties": { "amenity_id": 2722, "kind": "shop", "name": "おおはし", "detail": "dry_cleaning" }, "geometry": { "type": "Point", "coordinates": [ 139.6047064, 35.4261864 ] } },
{ "type": "Feature", "properties": { "amenity_id": 2723, "kind": "shop", "name": "すき家", "detail": "fast_food" }, "geometry": { "type": "Point", "coordinates": [ 139.6118784, 35.4311149 ] } },
{ "type": "Feature", "properties": { "amenity_id": 2724, "kind": "shop", "name": "蒔田飯店", "detail": "restaurant" }, "geometry": { "type": "Point", "coordinates": [ 139.6090557, 35.4291321 ] } },
{ "type": "Feature", "properties": { "amenity_id": 2725, "kind": "shop", "name": "つけ麺はるき", "detail": "restaurant" }, "geometry": { "type": "Point", "coordinates": [ 139.611771, 35.4310403 ] } },
{ "type": "Feature", "properties": { "amenity_id": 2726, "kind": "shop", "name": "ネオ21", "detail": "dry_cleaning" }, "geometry": { "type": "Point", "coordinates": [ 139.6116299, 35.430935 ] } },
{ "type": "Feature", "properties": { "amenity_id": 2727, "kind": "shop", "name": "ローソンストア100", "detail": "convenience" }, "geometry": { "type": "Point", "coordinates": [ 139.622187200000013, 35.4367 ] } },
{ "type": "Feature", "properties": { "amenity_id": 2728, "kind": "shop", "name": "マックスバリュ エクスプレス", "detail": "supermarket" }, "geometry": { "type": "Point", "coordinates": [ 139.6212391, 35.4363997 ] } },
{ "type": "Feature", "properties": { "amenity_id": 2729, "kind": "shop", "name": "ファミリーマート", "detail": "convenience" }, "geometry": { "type": "Point", "coordinates": [ 139.6199762, 35.4353136 ] } },
{ "type": "Feature", "properties": { "amenity_id": 2730, "kind": "shop", "name": "CoCo壱番屋", "detail": "restaurant" }, "geometry": { "type": "Point", "coordinates": [ 139.6202706, 35.4357284 ] } },
{ "type": "Feature", "properties": { "amenity_id": 2731, "kind": "shop", "name": "ほっともっと", "detail": "fast_food" }, "geometry": { "type": "Point", "coordinates": [ 139.6213893, 35.4364363 ] } },
{ "type": "Feature", "properties": { "amenity_id": 2732, "kind": "shop", "name": "らーめん 浜源", "detail": "restaurant" }, "geometry": { "type": "Point", "coordinates": [ 139.599788500000017, 35.4320929 ] } },
{ "type": "Feature", "properties": { "amenity_id": 2733, "kind": "shop", "name": "おりーぶ", "detail": "clothes" }, "geometry": { "type": "Point", "coordinates": [ 139.596261200000015, 35.4252473 ] } },
{ "type": "Feature", "properties": { "amenity_id": 2734, "kind": "shop", "name": "海鮮丼 海の詩", "detail": "restaurant" }, "geometry": { "type": "Point", "coordinates": [ 139.598610900000011, 35.4316117 ] } },
{ "type": "Feature", "properties": { "amenity_id": 2735, "kind": "shop", "name": "コーヒーハウス 栞", "detail": "cafe" }, "geometry": { "type": "Point", "coordinates": [ 139.599999100000019, 35.4323012 ] } },
{ "type": "Feature", "properties": { "amenity_id": 2736, "kind": "shop", "name": "食品館 あおば", "detail": "supermarket" }, "geometry": { "type": "Point", "coordinates": [ 139.5959961, 35.4254456 ] } },
{ "type": "Feature", "properties": { "amenity_id": 2737, "kind": "shop", "name": "フリアンド", "detail": "bakery" }, "geometry": { "type": "Point", "coordinates": [ 139.59555850000001, 35.4260683 ] } },
{ "type": "Feature", "properties": { "amenity_id": 2738, "kind": "shop", "name": "珈琲キッチン 飯田屋", "detail": "restaurant" }, "geometry": { "type": "Point", "coordinates": [ 139.598693600000018, 35.4316271 ] } },
{ "type": "Feature", "properties": { "amenity_id": 2739, "kind": "shop", "name": "さわやかクリーニング", "detail": "dry_cleaning" }, "geometry": { "type": "Point", "coordinates": [ 139.6000292, 35.4322553 ] } },
{ "type": "Feature", "properties": { "amenity_id": 2740, "kind": "shop", "name": null, "detail": "hairdresser" }, "geometry": { "type": "Point", "coordinates": [ 139.5990243, 35.4316969 ] } },
{ "type": "Feature", "properties": { "amenity_id": 2741, "kind": "shop", "name": "レディースショップ のま", "detail": "clothes" }, "geometry": { "type": "Point", "coordinates": [ 139.6000555, 35.4322154 ] } },
{ "type": "Feature", "properties": { "amenity_id": 2742, "kind": "shop", "name": "サミット", "detail": "supermarket" }, "geometry": { "type": "Point", "coordinates": [ 139.6015887, 35.4323049 ] } },
{ "type": "Feature", "properties": { "amenity_id": 2743, "kind": "shop", "name": "Pizza&Deli Half+", "detail": "fast_food" }, "geometry": { "type": "Point", "coordinates": [ 139.599228400000015, 35.4317866 ] } },
{ "type": "Feature", "properties": { "amenity_id": 2744, "kind": "shop", "name": "理容カセ", "detail": "hairdresser" }, "geometry": { "type": "Point", "coordinates": [ 139.596406300000012, 35.4250862 ] } },
{ "type": "Feature", "properties": { "amenity_id": 2745, "kind": "shop", "name": "中華 東秀", "detail": "restaurant" }, "geometry": { "type": "Point", "coordinates": [ 139.5958798, 35.4256795 ] } },
{ "type": "Feature", "properties": { "amenity_id": 2746, "kind": "shop", "name": "RAINBOW", "detail": "hairdresser" }, "geometry": { "type": "Point", "coordinates": [ 139.5993713, 35.4318785 ] } },
{ "type": "Feature", "properties": { "amenity_id": 2747, "kind": "shop", "name": "和そば 足立製麺所", "detail": "restaurant" }, "geometry": { "type": "Point", "coordinates": [ 139.5996757, 35.4320255 ] } },
{ "type": "Feature", "properties": { "amenity_id": 2748, "kind": "shop", "name": "第一クリーニング商会", "detail": "dry_cleaning" }, "geometry": { "type": "Point", "coordinates": [ 139.599717100000021, 35.432053 ] } },
{ "type": "Feature", "properties": { "amenity_id": 2749, "kind": "shop", "name": "CRAMP", "detail": "hairdresser" }, "geometry": { "type": "Point", "coordinates": [ 139.59573180000001, 35.4258759 ] } },
{ "type": "Feature", "properties": { "amenity_id": 2750, "kind": "shop", "name": "コーヒーショップ ぽれぽれ", "detail": "cafe" }, "geometry": { "type": "Point", "coordinates": [ 139.596927, 35.4301072 ] } },
{ "type": "Feature", "properties": { "amenity_id": 2751, "kind": "shop", "name": "美容室 アロマ", "detail": "hairdresser" }, "geometry": { "type": "Point", "coordinates": [ 139.5997509, 35.4320714 ] } },
{ "type": "Feature", "properties": { "amenity_id": 2752, "kind": "shop", "name": "CRYSTAL", "detail": "clothes" }, "geometry": { "type": "Point", "coordinates": [ 139.5956965, 35.4259316 ] } },
{ "type": "Feature", "properties": { "amenity_id": 2753, "kind": "shop", "name": "CUT STUDIO 310", "detail": "hairdresser" }, "geometry": { "type": "Point", "coordinates": [ 139.6001008, 35.4319806 ] } },
{ "type": "Feature", "properties": { "amenity_id": 2754, "kind": "shop", "name": "MINESTRA", "detail": "bar" }, "geometry": { "type": "Point", "coordinates": [ 139.5969126, 35.424585 ] } },
{ "type": "Feature", "properties": { "amenity_id": 2755, "kind": "shop", "name": "HAIR IWASAKI", "detail": "hairdresser" }, "geometry": { "type": "Point", "coordinates": [ 139.5958608, 35.4258945 ] } },
{ "type": "Feature", "properties": { "amenity_id": 2756, "kind": "shop", "name": "ねこの手ハウス", "detail": "cafe" }, "geometry": { "type": "Point", "coordinates": [ 139.597271300000017, 35.4234726 ] } },
{ "type": "Feature", "properties": { "amenity_id": 2757, "kind": "shop", "name": "阿部理容室", "detail": "hairdresser" }, "geometry": { "type": "Point", "coordinates": [ 139.602014, 35.4325631 ] } },
{ "type": "Feature", "properties": { "amenity_id": 2758, "kind": "shop", "name": "うなぎ屋", "detail": "fast_food" }, "geometry": { "type": "Point", "coordinates": [ 139.59696390000002, 35.4248341 ] } },
{ "type": "Feature", "properties": { "amenity_id": 2759, "kind": "shop", "name": "萩原家", "detail": "restaurant" }, "geometry": { "type": "Point", "coordinates": [ 139.596364, 35.4253106 ] } },
{ "type": "Feature", "properties": { "amenity_id": 2760, "kind": "shop", "name": "クリーニングのANDO", "detail": "dry_cleaning" }, "geometry": { "type": "Point", "coordinates": [ 139.60046, 35.432104 ] } },
{ "type": "Feature", "properties": { "amenity_id": 2761, "kind": "shop", "name": "セブン-イレブン", "detail": "convenience" }, "geometry": { "type": "Point", "coordinates": [ 139.595919400000014, 35.4259898 ] } },
{ "type": "Feature", "properties": { "amenity_id": 2762, "kind": "shop", "name": "珈琲&ぱあらー 泉", "detail": "cafe" }, "geometry": { "type": "Point", "coordinates": [ 139.5957487, 35.4260542 ] } },
{ "type": "Feature", "properties": { "amenity_id": 2763, "kind": "shop", "name": "中屋", "detail": "restaurant" }, "geometry": { "type": "Point", "coordinates": [ 139.601456500000012, 35.4219172 ] } },
{ "type": "Feature", "properties": { "amenity_id": 2764, "kind": "shop", "name": "Bar コッコ", "detail": "bar" }, "geometry": { "type": "Point", "coordinates": [ 139.601704300000023, 35.422523 ] } },
{ "type": "Feature", "properties": { "amenity_id": 2765, "kind": "shop", "name": "カットルーム エヌ", "detail": "hairdresser" }, "geometry": { "type": "Point", "coordinates": [ 139.59781940000002, 35.4245469 ] } },
{ "type": "Feature", "properties": { "amenity_id": 2766, "kind": "shop", "name": "和食 濱町", "detail": "restaurant" }, "geometry": { "type": "Point", "coordinates": [ 139.599594700000011, 35.4181282 ] } },
{ "type": "Feature", "properties": { "amenity_id": 2767, "kind": "shop", "name": "とんかつ スズキ", "detail": "restaurant" }, "geometry": { "type": "Point", "coordinates": [ 139.6010818, 35.4213005 ] } },
{ "type": "Feature", "properties": { "amenity_id": 2768, "kind": "shop", "name": "Boutique Rever", "detail": "clothes" }, "geometry": { "type": "Point", "coordinates": [ 139.5971001, 35.4247764 ] } },
{ "type": "Feature", "properties": { "amenity_id": 2769, "kind": "shop", "name": "charie", "detail": "hairdresser" }, "geometry": { "type": "Point", "coordinates": [ 139.5977642, 35.4246206 ] } },
{ "type": "Feature", "properties": { "amenity_id": 2770, "kind": "shop", "name": "すし処 いなせ", "detail": "restaurant" }, "geometry": { "type": "Point", "coordinates": [ 139.6017622, 35.4227212 ] } },
{ "type": "Feature", "properties": { "amenity_id": 2771, "kind": "shop", "name": "Prime Hair", "detail": "hairdresser" }, "geometry": { "type": "Point", "coordinates": [ 139.597191400000014, 35.4247716 ] } },
{ "type": "Feature", "properties": { "amenity_id": 2772, "kind": "shop", "name": "トキ理容館", "detail": "hairdresser" }, "geometry": { "type": "Point", "coordinates": [ 139.598462300000023, 35.4171922 ] } },
{ "type": "Feature", "properties": { "amenity_id": 2773, "kind": "shop", "name": "焼肉処 くらや", "detail": "restaurant" }, "geometry": { "type": "Point", "coordinates": [ 139.597815, 35.4246529 ] } },
{ "type": "Feature", "properties": { "amenity_id": 2774, "kind": "shop", "name": "ローソン・スリーエフ", "detail": "convenience" }, "geometry": { "type": "Point", "coordinates": [ 139.601568500000013, 35.4221226 ] } },
{ "type": "Feature", "properties": { "amenity_id": 2775, "kind": "shop", "name": "Hair salon Walk on", "detail": "hairdresser" }, "geometry": { "type": "Point", "coordinates": [ 139.6016602, 35.4223865 ] } },
{ "type": "Feature", "properties": { "amenity_id": 2776, "kind": "shop", "name": "ちょっとBAR 象", "detail": "bar" }, "geometry": { "type": "Point", "coordinates": [ 139.5976694, 35.4247086 ] } },
{ "type": "Feature", "properties": { "amenity_id": 2777, "kind": "shop", "name": "セブン-イレブン", "detail": "convenience" }, "geometry": { "type": "Point", "coordinates": [ 139.598730900000021, 35.4178576 ] } },
{ "type": "Feature", "properties": { "amenity_id": 2778, "kind": "shop", "name": "KEBAB & BAR CORNER", "detail": "restaurant" }, "geometry": { "type": "Point", "coordinates": [ 139.5978326, 35.424502 ] } },
{ "type": "Feature", "properties": { "amenity_id": 2779, "kind": "shop", "name": "珈琲&食事 ドリーム", "detail": "cafe" }, "geometry": { "type": "Point", "coordinates": [ 139.60110210000002, 35.4213429 ] } },
{ "type": "Feature", "properties": { "amenity_id": 2780, "kind": "shop", "name": null, "detail": "clothes" }, "geometry": { "type": "Point", "coordinates": [ 139.60178860000002, 35.4228559 ] } },
{ "type": "Feature", "properties": { "amenity_id": 2781, "kind": "shop", "name": "Blue Fields", "detail": "restaurant" }, "geometry": { "type": "Point", "coordinates": [ 139.597057700000022, 35.4247901 ] } },
{ "type": "Feature", "properties": { "amenity_id": 2782, "kind": "shop", "name": "焼肉 ひゃんみ", "detail": "restaurant" }, "geometry": { "type": "Point", "coordinates": [ 139.599759400000011, 35.4191335 ] } },
{ "type": "Feature", "properties": { "amenity_id": 2783, "kind": "shop", "name": "ヘアーサロン イケダ", "detail": "hairdresser" }, "geometry": { "type": "Point", "coordinates": [ 139.599025, 35.4172957 ] } },
{ "type": "Feature", "properties": { "amenity_id": 2784, "kind": "shop", "name": "かずさ", "detail": "restaurant" }, "geometry": { "type": "Point", "coordinates": [ 139.601393700000017, 35.4218417 ] } },
{ "type": "Feature", "properties": { "amenity_id": 2785, "kind": "shop", "name": "そば処 中むら屋", "detail": "restaurant" }, "geometry": { "type": "Point", "coordinates": [ 139.5999453, 35.4188302 ] } },
{ "type": "Feature", "properties": { "amenity_id": 2786, "kind": "shop", "name": "恵比寿クリーニング", "detail": "dry_cleaning" }, "geometry": { "type": "Point", "coordinates": [ 139.600816400000014, 35.4208615 ] } },
{ "type": "Feature", "properties": { "amenity_id": 2787, "kind": "shop", "name": "Hair Dressing ミマツ", "detail": "hairdresser" }, "geometry": { "type": "Point", "coordinates": [ 139.5978488, 35.4241687 ] } },
{ "type": "Feature", "properties": { "amenity_id": 2788, "kind": "shop", "name": "Pages", "detail": "hairdresser" }, "geometry": { "type": "Point", "coordinates": [ 139.601821300000012, 35.4219119 ] } },
{ "type": "Feature", "properties": { "amenity_id": 2789, "kind": "shop", "name": "ラーメン・餃子・中華の店 精龍軒", "detail": "restaurant" }, "geometry": { "type": "Point", "coordinates": [ 139.5980902, 35.4160684 ] } },
{ "type": "Feature", "properties": { "amenity_id": 2790, "kind": "shop", "name": "SNACK 恵愛", "detail": "bar" }, "geometry": { "type": "Point", "coordinates": [ 139.5977709, 35.4245738 ] } },
{ "type": "Feature", "properties": { "amenity_id": 2791, "kind": "shop", "name": "カラオケ ドレミ", "detail": "bar" }, "geometry": { "type": "Point", "coordinates": [ 139.60092370000001, 35.4204351 ] } },
{ "type": "Feature", "properties": { "amenity_id": 2792, "kind": "shop", "name": "美容室Lines", "detail": "hairdresser" }, "geometry": { "type": "Point", "coordinates": [ 139.599253300000015, 35.4182686 ] } },
{ "type": "Feature", "properties": { "amenity_id": 2793, "kind": "shop", "name": "とんかつ 喜多八", "detail": "restaurant" }, "geometry": { "type": "Point", "coordinates": [ 139.5973047, 35.4247732 ] } },
{ "type": "Feature", "properties": { "amenity_id": 2794, "kind": "shop", "name": "炭焼処 鶏ゆう", "detail": "restaurant" }, "geometry": { "type": "Point", "coordinates": [ 139.597841400000021, 35.424617 ] } },
{ "type": "Feature", "properties": { "amenity_id": 2795, "kind": "shop", "name": "角清", "detail": "restaurant" }, "geometry": { "type": "Point", "coordinates": [ 139.614803500000022, 35.442023 ] } },
{ "type": "Feature", "properties": { "amenity_id": 2796, "kind": "shop", "name": "お好み焼　鉄板焼　べにや", "detail": "restaurant" }, "geometry": { "type": "Point", "coordinates": [ 139.6174248, 35.4323202 ] } },
{ "type": "Feature", "properties": { "amenity_id": 2797, "kind": "shop", "name": "みのり　コインランドリー", "detail": "laundry" }, "geometry": { "type": "Point", "coordinates": [ 139.617304100000013, 35.4321254 ] } },
{ "type": "Feature", "properties": { "amenity_id": 2798, "kind": "shop", "name": "コーヒー＆お食事　睦", "detail": "cafe" }, "geometry": { "type": "Point", "coordinates": [ 139.617315600000012, 35.4317736 ] } },
{ "type": "Feature", "properties": { "amenity_id": 2799, "kind": "shop", "name": "シャルロット　キミツヤ", "detail": "bakery" }, "geometry": { "type": "Point", "coordinates": [ 139.6173129, 35.4296036 ] } },
{ "type": "Feature", "properties": { "amenity_id": 2800, "kind": "shop", "name": "スリーアローズ", "detail": "restaurant" }, "geometry": { "type": "Point", "coordinates": [ 139.6170443, 35.4296698 ] } },
{ "type": "Feature", "properties": { "amenity_id": 2801, "kind": "shop", "name": "ヘアーサロン　マスオ", "detail": "hairdresser" }, "geometry": { "type": "Point", "coordinates": [ 139.6152128, 35.4286978 ] } },
{ "type": "Feature", "properties": { "amenity_id": 2802, "kind": "shop", "name": "ヘアーサロン　桃太郎", "detail": "hairdresser" }, "geometry": { "type": "Point", "coordinates": [ 139.6171592, 35.4292707 ] } },
{ "type": "Feature", "properties": { "amenity_id": 2803, "kind": "shop", "name": "炭火焼鳥　べじたぶう", "detail": "restaurant" }, "geometry": { "type": "Point", "coordinates": [ 139.6124848, 35.4294736 ] } },
{ "type": "Feature", "properties": { "amenity_id": 2804, "kind": "shop", "name": "焼肉 天龍", "detail": "restaurant" }, "geometry": { "type": "Point", "coordinates": [ 139.612457, 35.4296653 ] } },
{ "type": "Feature", "properties": { "amenity_id": 2805, "kind": "shop", "name": "魚末", "detail": "restaurant" }, "geometry": { "type": "Point", "coordinates": [ 139.6155181, 35.4285272 ] } },
{ "type": "Feature", "properties": { "amenity_id": 2806, "kind": "shop", "name": "CITY PUB まこ", "detail": "bar" }, "geometry": { "type": "Point", "coordinates": [ 139.6128563, 35.4297418 ] } },
{ "type": "Feature", "properties": { "amenity_id": 2807, "kind": "shop", "name": "ローソン", "detail": "convenience" }, "geometry": { "type": "Point", "coordinates": [ 139.6157253, 35.4298951 ] } },
{ "type": "Feature", "properties": { "amenity_id": 2808, "kind": "shop", "name": "きそば　福しま", "detail": "restaurant" }, "geometry": { "type": "Point", "coordinates": [ 139.616931600000015, 35.4298302 ] } },
{ "type": "Feature", "properties": { "amenity_id": 2809, "kind": "shop", "name": "そば処　伊勢福本店", "detail": "restaurant" }, "geometry": { "type": "Point", "coordinates": [ 139.6202212, 35.4304877 ] } },
{ "type": "Feature", "properties": { "amenity_id": 2810, "kind": "shop", "name": "サンホワイトクリーニング", "detail": "dry_cleaning" }, "geometry": { "type": "Point", "coordinates": [ 139.6202825, 35.430522 ] } },
{ "type": "Feature", "properties": { "amenity_id": 2811, "kind": "shop", "name": "シマ美容室", "detail": "hairdresser" }, "geometry": { "type": "Point", "coordinates": [ 139.6189367, 35.4298239 ] } },
{ "type": "Feature", "properties": { "amenity_id": 2812, "kind": "shop", "name": "スナック TaMa", "detail": "bar" }, "geometry": { "type": "Point", "coordinates": [ 139.616204, 35.4298452 ] } },
{ "type": "Feature", "properties": { "amenity_id": 2813, "kind": "shop", "name": null, "detail": "laundry" }, "geometry": { "type": "Point", "coordinates": [ 139.6197444, 35.430423 ] } },
{ "type": "Feature", "properties": { "amenity_id": 2814, "kind": "shop", "name": "パインテール", "detail": "bar" }, "geometry": { "type": "Point", "coordinates": [ 139.6189156, 35.4299817 ] } },
{ "type": "Feature", "properties": { "amenity_id": 2815, "kind": "shop", "name": "マンマチャオ横濱蒔田店", "detail": "laundry" }, "geometry": { "type": "Point", "coordinates": [ 139.6143506, 35.4297425 ] } },
{ "type": "Feature", "properties": { "amenity_id": 2816, "kind": "shop", "name": "中央マート", "detail": "supermarket" }, "geometry": { "type": "Point", "coordinates": [ 139.6174321, 35.4296164 ] } },
{ "type": "Feature", "properties": { "amenity_id": 2817, "kind": "shop", "name": "廣東楼", "detail": "restaurant" }, "geometry": { "type": "Point", "coordinates": [ 139.613220500000011, 35.4297468 ] } },
{ "type": "Feature", "properties": { "amenity_id": 2818, "kind": "shop", "name": "弁当のなみき", "detail": "fast_food" }, "geometry": { "type": "Point", "coordinates": [ 139.619688700000012, 35.4302258 ] } },
{ "type": "Feature", "properties": { "amenity_id": 2819, "kind": "shop", "name": "新華", "detail": "restaurant" }, "geometry": { "type": "Point", "coordinates": [ 139.6185156, 35.4296249 ] } },
{ "type": "Feature", "properties": { "amenity_id": 2820, "kind": "shop", "name": "鮨　わかし", "detail": "restaurant" }, "geometry": { "type": "Point", "coordinates": [ 139.612667, 35.4299076 ] } },
{ "type": "Feature", "properties": { "amenity_id": 2821, "kind": "shop", "name": "Bar Hour glass", "detail": "bar" }, "geometry": { "type": "Point", "coordinates": [ 139.619886300000019, 35.4359175 ] } },
{ "type": "Feature", "properties": { "amenity_id": 2822, "kind": "shop", "name": "マック本店", "detail": "clothes" }, "geometry": { "type": "Point", "coordinates": [ 139.620086500000014, 35.435978 ] } },
{ "type": "Feature", "properties": { "amenity_id": 2823, "kind": "shop", "name": "スナック＆喫茶　藝花夢", "detail": "cafe" }, "geometry": { "type": "Point", "coordinates": [ 139.6185826, 35.4355882 ] } },
{ "type": "Feature", "properties": { "amenity_id": 2824, "kind": "shop", "name": "ラブリークリーニング", "detail": "dry_cleaning" }, "geometry": { "type": "Point", "coordinates": [ 139.621601, 35.436447 ] } },
{ "type": "Feature", "properties": { "amenity_id": 2825, "kind": "shop", "name": "MEN-YA DAISUKE", "detail": "restaurant" }, "geometry": { "type": "Point", "coordinates": [ 139.6219313, 35.4365451 ] } },
{ "type": "Feature", "properties": { "amenity_id": 2826, "kind": "shop", "name": "長崎ちゃんぽん皿うどんの店　びぃどろ亭", "detail": "restaurant" }, "geometry": { "type": "Point", "coordinates": [ 139.619797, 35.4358974 ] } },
{ "type": "Feature", "properties": { "amenity_id": 2827, "kind": "shop", "name": null, "detail": "dry_cleaning" }, "geometry": { "type": "Point", "coordinates": [ 139.622369, 35.4400199 ] } },
{ "type": "Feature", "properties": { "amenity_id": 2828, "kind": "shop", "name": "ローソン", "detail": "convenience" }, "geometry": { "type": "Point", "coordinates": [ 139.6149522, 35.4375011 ] } },
{ "type": "Feature", "properties": { "amenity_id": 2829, "kind": "shop", "name": "Be-one", "detail": "hairdresser" }, "geometry": { "type": "Point", "coordinates": [ 139.6015375, 35.4337498 ] } },
{ "type": "Feature", "properties": { "amenity_id": 2830, "kind": "shop", "name": "カラオケスナック恋子", "detail": "bar" }, "geometry": { "type": "Point", "coordinates": [ 139.6199833, 35.4356581 ] } },
{ "type": "Feature", "properties": { "amenity_id": 2831, "kind": "shop", "name": "Akai Kutsu", "detail": "hairdresser" }, "geometry": { "type": "Point", "coordinates": [ 139.6193723, 35.4354957 ] } },
{ "type": "Feature", "properties": { "amenity_id": 2832, "kind": "shop", "name": "コーヒーと雑貨の店 Angle", "detail": "cafe" }, "geometry": { "type": "Point", "coordinates": [ 139.6218929, 35.4378628 ] } },
{ "type": "Feature", "properties": { "amenity_id": 2833, "kind": "shop", "name": "セブン-イレブン", "detail": "convenience" }, "geometry": { "type": "Point", "coordinates": [ 139.5877657, 35.4132988 ] } },
{ "type": "Feature", "properties": { "amenity_id": 2834, "kind": "shop", "name": "セブン-イレブン", "detail": "convenience" }, "geometry": { "type": "Point", "coordinates": [ 139.5843236, 35.4241054 ] } },
{ "type": "Feature", "properties": { "amenity_id": 2835, "kind": "shop", "name": "ローソン", "detail": "convenience" }, "geometry": { "type": "Point", "coordinates": [ 139.585209100000014, 35.4129416 ] } },
{ "type": "Feature", "properties": { "amenity_id": 2836, "kind": "shop", "name": "ローソン", "detail": "convenience" }, "geometry": { "type": "Point", "coordinates": [ 139.597401600000012, 35.4124617 ] } },
{ "type": "Feature", "properties": { "amenity_id": 2837, "kind": "shop", "name": "クリーニング　おしゃれクラブ", "detail": "dry_cleaning" }, "geometry": { "type": "Point", "coordinates": [ 139.599317400000018, 35.4167052 ] } },
{ "type": "Feature", "properties": { "amenity_id": 2838, "kind": "shop", "name": null, "detail": "laundry" }, "geometry": { "type": "Point", "coordinates": [ 139.5999066, 35.4176731 ] } },
{ "type": "Feature", "properties": { "amenity_id": 2839, "kind": "shop", "name": "MA", "detail": "restaurant" }, "geometry": { "type": "Point", "coordinates": [ 139.6012053, 35.4332889 ] } },
{ "type": "Feature", "properties": { "amenity_id": 2840, "kind": "shop", "name": "バーミヤン", "detail": "restaurant" }, "geometry": { "type": "Point", "coordinates": [ 139.583218500000015, 35.4256607 ] } },
{ "type": "Feature", "properties": { "amenity_id": 2841, "kind": "shop", "name": "マルエツ", "detail": "supermarket" }, "geometry": { "type": "Point", "coordinates": [ 139.5861562, 35.4232062 ] } },
{ "type": "Feature", "properties": { "amenity_id": 2842, "kind": "shop", "name": "Bizhair", "detail": "hairdresser" }, "geometry": { "type": "Point", "coordinates": [ 139.5975718, 35.4130832 ] } },
{ "type": "Feature", "properties": { "amenity_id": 2843, "kind": "shop", "name": "Snack 梓", "detail": "bar" }, "geometry": { "type": "Point", "coordinates": [ 139.6011378, 35.4165517 ] } },
{ "type": "Feature", "properties": { "amenity_id": 2844, "kind": "shop", "name": "コスモ", "detail": "dry_cleaning" }, "geometry": { "type": "Point", "coordinates": [ 139.601463500000023, 35.4209506 ] } },
{ "type": "Feature", "properties": { "amenity_id": 2845, "kind": "shop", "name": "ファミリーマート", "detail": "convenience" }, "geometry": { "type": "Point", "coordinates": [ 139.602413500000011, 35.4187312 ] } },
{ "type": "Feature", "properties": { "amenity_id": 2846, "kind": "shop", "name": "ヤマナシ理髪店", "detail": "hairdresser" }, "geometry": { "type": "Point", "coordinates": [ 139.6016636, 35.4196768 ] } },
{ "type": "Feature", "properties": { "amenity_id": 2847, "kind": "shop", "name": "佐々木クリーニング店", "detail": "dry_cleaning" }, "geometry": { "type": "Point", "coordinates": [ 139.601627800000017, 35.4206573 ] } },
{ "type": "Feature", "properties": { "amenity_id": 2848, "kind": "shop", "name": "橋本理容室", "detail": "hairdresser" }, "geometry": { "type": "Point", "coordinates": [ 139.5978627, 35.4138563 ] } },
{ "type": "Feature", "properties": { "amenity_id": 2849, "kind": "shop", "name": "焼肉　泰山", "detail": "restaurant" }, "geometry": { "type": "Point", "coordinates": [ 139.6016669, 35.4170589 ] } },
{ "type": "Feature", "properties": { "amenity_id": 2850, "kind": "shop", "name": "理容ホソヤ", "detail": "hairdresser" }, "geometry": { "type": "Point", "coordinates": [ 139.601783, 35.4216431 ] } },
{ "type": "Feature", "properties": { "amenity_id": 2851, "kind": "shop", "name": "美容室ステップ", "detail": "hairdresser" }, "geometry": { "type": "Point", "coordinates": [ 139.601590900000019, 35.4201028 ] } },
{ "type": "Feature", "properties": { "amenity_id": 2852, "kind": "shop", "name": "車屋呉服店", "detail": "clothes" }, "geometry": { "type": "Point", "coordinates": [ 139.6018545, 35.4193045 ] } },
{ "type": "Feature", "properties": { "amenity_id": 2853, "kind": "shop", "name": "ねこ娘とねずみ男", "detail": "restaurant" }, "geometry": { "type": "Point", "coordinates": [ 139.6017128, 35.4211728 ] } },
{ "type": "Feature", "properties": { "amenity_id": 2854, "kind": "shop", "name": "とんこつラーメン たかさご家", "detail": "restaurant" }, "geometry": { "type": "Point", "coordinates": [ 139.62157160000001, 35.4338089 ] } },
{ "type": "Feature", "properties": { "amenity_id": 2855, "kind": "shop", "name": "米米ハウス", "detail": "fast_food" }, "geometry": { "type": "Point", "coordinates": [ 139.622804700000017, 35.4337425 ] } },
{ "type": "Feature", "properties": { "amenity_id": 2856, "kind": "shop", "name": "ホワイト急便", "detail": "dry_cleaning" }, "geometry": { "type": "Point", "coordinates": [ 139.619889700000016, 35.433543 ] } },
{ "type": "Feature", "properties": { "amenity_id": 2857, "kind": "shop", "name": "TOWNSHOP", "detail": "convenience" }, "geometry": { "type": "Point", "coordinates": [ 139.622994200000022, 35.4337719 ] } },
{ "type": "Feature", "properties": { "amenity_id": 2858, "kind": "shop", "name": "T's Avenue", "detail": "cafe" }, "geometry": { "type": "Point", "coordinates": [ 139.620199500000012, 35.4332866 ] } },
{ "type": "Feature", "properties": { "amenity_id": 2859, "kind": "shop", "name": "島知佳子の店", "detail": "bar" }, "geometry": { "type": "Point", "coordinates": [ 139.6190819, 35.4334166 ] } },
{ "type": "Feature", "properties": { "amenity_id": 2860, "kind": "shop", "name": "Bunny Cafe", "detail": "cafe" }, "geometry": { "type": "Point", "coordinates": [ 139.620511100000016, 35.4333477 ] } },
{ "type": "Feature", "properties": { "amenity_id": 2861, "kind": "shop", "name": "ラーメンショップ マンザイ", "detail": "restaurant" }, "geometry": { "type": "Point", "coordinates": [ 139.6233427, 35.4338693 ] } },
{ "type": "Feature", "properties": { "amenity_id": 2862, "kind": "shop", "name": "ちゃら", "detail": "bar" }, "geometry": { "type": "Point", "coordinates": [ 139.6191183, 35.433424 ] } },
{ "type": "Feature", "properties": { "amenity_id": 2863, "kind": "shop", "name": "BAR 久美", "detail": "bar" }, "geometry": { "type": "Point", "coordinates": [ 139.6191646, 35.4334285 ] } },
{ "type": "Feature", "properties": { "amenity_id": 2864, "kind": "shop", "name": "セブン-イレブン", "detail": "convenience" }, "geometry": { "type": "Point", "coordinates": [ 139.621085500000021, 35.4337342 ] } },
{ "type": "Feature", "properties": { "amenity_id": 2865, "kind": "shop", "name": "セブン-イレブン", "detail": "convenience" }, "geometry": { "type": "Point", "coordinates": [ 139.61780730000001, 35.4364737 ] } },
{ "type": "Feature", "properties": { "amenity_id": 2866, "kind": "shop", "name": "北京", "detail": "restaurant" }, "geometry": { "type": "Point", "coordinates": [ 139.6295532, 35.4351061 ] } },
{ "type": "Feature", "properties": { "amenity_id": 2867, "kind": "shop", "name": "ホワイ・ノット", "detail": "clothes" }, "geometry": { "type": "Point", "coordinates": [ 139.629391, 35.4351247 ] } },
{ "type": "Feature", "properties": { "amenity_id": 2868, "kind": "shop", "name": "香港美味", "detail": "restaurant" }, "geometry": { "type": "Point", "coordinates": [ 139.6294327, 35.4350823 ] } },
{ "type": "Feature", "properties": { "amenity_id": 2869, "kind": "shop", "name": "三吉茶屋", "detail": "cafe" }, "geometry": { "type": "Point", "coordinates": [ 139.6296744, 35.4349085 ] } },
{ "type": "Feature", "properties": { "amenity_id": 2870, "kind": "shop", "name": "釜山", "detail": "restaurant" }, "geometry": { "type": "Point", "coordinates": [ 139.629459200000014, 35.4350484 ] } },
{ "type": "Feature", "properties": { "amenity_id": 2871, "kind": "shop", "name": "勢津家", "detail": "restaurant" }, "geometry": { "type": "Point", "coordinates": [ 139.6296039, 35.4350312 ] } },
{ "type": "Feature", "properties": { "amenity_id": 2872, "kind": "shop", "name": "エンドウ", "detail": "hairdresser" }, "geometry": { "type": "Point", "coordinates": [ 139.629487800000021, 35.4349966 ] } },
{ "type": "Feature", "properties": { "amenity_id": 2873, "kind": "shop", "name": "はまっ子カレー", "detail": "restaurant" }, "geometry": { "type": "Point", "coordinates": [ 139.6299883, 35.43558 ] } },
{ "type": "Feature", "properties": { "amenity_id": 2874, "kind": "shop", "name": "海鮮丼 海幸", "detail": "restaurant" }, "geometry": { "type": "Point", "coordinates": [ 139.628791300000017, 35.4351316 ] } },
{ "type": "Feature", "properties": { "amenity_id": 2875, "kind": "shop", "name": "そば処 佳雅", "detail": "restaurant" }, "geometry": { "type": "Point", "coordinates": [ 139.625991700000014, 35.4347304 ] } },
{ "type": "Feature", "properties": { "amenity_id": 2876, "kind": "shop", "name": "ローソン", "detail": "convenience" }, "geometry": { "type": "Point", "coordinates": [ 139.631058200000012, 35.4363523 ] } },
{ "type": "Feature", "properties": { "amenity_id": 2877, "kind": "shop", "name": "モスバーガー", "detail": "fast_food" }, "geometry": { "type": "Point", "coordinates": [ 139.6269977, 35.4349186 ] } },
{ "type": "Feature", "properties": { "amenity_id": 2878, "kind": "shop", "name": "若松家", "detail": "restaurant" }, "geometry": { "type": "Point", "coordinates": [ 139.631954800000017, 35.4364492 ] } },
{ "type": "Feature", "properties": { "amenity_id": 2879, "kind": "shop", "name": "あかつき", "detail": "restaurant" }, "geometry": { "type": "Point", "coordinates": [ 139.6285856, 35.4350361 ] } },
{ "type": "Feature", "properties": { "amenity_id": 2880, "kind": "shop", "name": "Hair Salon Kondoh", "detail": "hairdresser" }, "geometry": { "type": "Point", "coordinates": [ 139.630277700000022, 35.4357033 ] } },
{ "type": "Feature", "properties": { "amenity_id": 2881, "kind": "shop", "name": "すき家", "detail": "fast_food" }, "geometry": { "type": "Point", "coordinates": [ 139.631613500000014, 35.4366227 ] } },
{ "type": "Feature", "properties": { "amenity_id": 2882, "kind": "shop", "name": "潤賢飯店", "detail": "restaurant" }, "geometry": { "type": "Point", "coordinates": [ 139.6311665, 35.4363993 ] } },
{ "type": "Feature", "properties": { "amenity_id": 2883, "kind": "shop", "name": "ライジングサン", "detail": "restaurant" }, "geometry": { "type": "Point", "coordinates": [ 139.627552900000012, 35.4349975 ] } },
{ "type": "Feature", "properties": { "amenity_id": 2884, "kind": "shop", "name": "ファミリーマート", "detail": "convenience" }, "geometry": { "type": "Point", "coordinates": [ 139.632587600000022, 35.4367335 ] } },
{ "type": "Feature", "properties": { "amenity_id": 2885, "kind": "shop", "name": "The Bar LG II", "detail": "bar" }, "geometry": { "type": "Point", "coordinates": [ 139.6282271, 35.4352177 ] } },
{ "type": "Feature", "properties": { "amenity_id": 2886, "kind": "shop", "name": "LOVELY クリーニング", "detail": "dry_cleaning" }, "geometry": { "type": "Point", "coordinates": [ 139.62689850000001, 35.4349303 ] } },
{ "type": "Feature", "properties": { "amenity_id": 2887, "kind": "shop", "name": "味香苑", "detail": "restaurant" }, "geometry": { "type": "Point", "coordinates": [ 139.63182470000001, 35.4367025 ] } },
{ "type": "Feature", "properties": { "amenity_id": 2888, "kind": "shop", "name": null, "detail": "hairdresser" }, "geometry": { "type": "Point", "coordinates": [ 139.6312503, 35.4364424 ] } },
{ "type": "Feature", "properties": { "amenity_id": 2889, "kind": "shop", "name": "マツザキ", "detail": "clothes" }, "geometry": { "type": "Point", "coordinates": [ 139.6286954, 35.4353786 ] } },
{ "type": "Feature", "properties": { "amenity_id": 2890, "kind": "shop", "name": "スーラーメン", "detail": "restaurant" }, "geometry": { "type": "Point", "coordinates": [ 139.6260394, 35.4347354 ] } },
{ "type": "Feature", "properties": { "amenity_id": 2891, "kind": "shop", "name": "横浜ラーメン 味玉", "detail": "restaurant" }, "geometry": { "type": "Point", "coordinates": [ 139.627457, 35.4350092 ] } },
{ "type": "Feature", "properties": { "amenity_id": 2892, "kind": "shop", "name": "寿司 川徳", "detail": "restaurant" }, "geometry": { "type": "Point", "coordinates": [ 139.6286595, 35.435072 ] } },
{ "type": "Feature", "properties": { "amenity_id": 2893, "kind": "shop", "name": "LOVELY クリーニング", "detail": "dry_cleaning" }, "geometry": { "type": "Point", "coordinates": [ 139.631429700000012, 35.4365196 ] } },
{ "type": "Feature", "properties": { "amenity_id": 2894, "kind": "shop", "name": "Haircut SecondFlag", "detail": "hairdresser" }, "geometry": { "type": "Point", "coordinates": [ 139.62815980000002, 35.4352061 ] } },
{ "type": "Feature", "properties": { "amenity_id": 2895, "kind": "shop", "name": "お好み焼き 粉鉄", "detail": "restaurant" }, "geometry": { "type": "Point", "coordinates": [ 139.630636400000014, 35.4361762 ] } },
{ "type": "Feature", "properties": { "amenity_id": 2896, "kind": "shop", "name": "ドトール", "detail": "cafe" }, "geometry": { "type": "Point", "coordinates": [ 139.5859486, 35.4228556 ] } },
{ "type": "Feature", "properties": { "amenity_id": 2897, "kind": "shop", "name": "やぶ忠", "detail": "restaurant" }, "geometry": { "type": "Point", "coordinates": [ 139.57382, 35.4241334 ] } },
{ "type": "Feature", "properties": { "amenity_id": 2898, "kind": "shop", "name": "ローソン", "detail": "convenience" }, "geometry": { "type": "Point", "coordinates": [ 139.575412200000017, 35.4236828 ] } },
{ "type": "Feature", "properties": { "amenity_id": 2899, "kind": "shop", "name": "すし処 いなせ", "detail": "restaurant" }, "geometry": { "type": "Point", "coordinates": [ 139.5946514, 35.425766 ] } },
{ "type": "Feature", "properties": { "amenity_id": 2900, "kind": "shop", "name": "むさしの森珈琲", "detail": "cafe" }, "geometry": { "type": "Point", "coordinates": [ 139.582981600000011, 35.4258691 ] } },
{ "type": "Feature", "properties": { "amenity_id": 2901, "kind": "shop", "name": "永福拉麺", "detail": "restaurant" }, "geometry": { "type": "Point", "coordinates": [ 139.5839473, 35.4243397 ] } },
{ "type": "Feature", "properties": { "amenity_id": 2902, "kind": "shop", "name": "さとう", "detail": "hairdresser" }, "geometry": { "type": "Point", "coordinates": [ 139.5812909, 35.4269133 ] } },
{ "type": "Feature", "properties": { "amenity_id": 2903, "kind": "shop", "name": "安楽亭", "detail": "restaurant" }, "geometry": { "type": "Point", "coordinates": [ 139.5854625, 35.4230392 ] } },
{ "type": "Feature", "properties": { "amenity_id": 2904, "kind": "shop", "name": null, "detail": "laundry" }, "geometry": { "type": "Point", "coordinates": [ 139.574014300000016, 35.4240052 ] } },
{ "type": "Feature", "properties": { "amenity_id": 2905, "kind": "shop", "name": "セブン-イレブン", "detail": "convenience" }, "geometry": { "type": "Point", "coordinates": [ 139.588580900000011, 35.4234185 ] } },
{ "type": "Feature", "properties": { "amenity_id": 2906, "kind": "shop", "name": "ローソンストア100", "detail": "convenience" }, "geometry": { "type": "Point", "coordinates": [ 139.5896734, 35.424 ] } },
{ "type": "Feature", "properties": { "amenity_id": 2907, "kind": "shop", "name": "鶴岡", "detail": "restaurant" }, "geometry": { "type": "Point", "coordinates": [ 139.579171300000013, 35.4262288 ] } },
{ "type": "Feature", "properties": { "amenity_id": 2908, "kind": "shop", "name": "Hotto Motto", "detail": "fast_food" }, "geometry": { "type": "Point", "coordinates": [ 139.5904209, 35.4242444 ] } },
{ "type": "Feature", "properties": { "amenity_id": 2909, "kind": "shop", "name": "IZAWA", "detail": "hairdresser" }, "geometry": { "type": "Point", "coordinates": [ 139.573908500000016, 35.4240982 ] } },
{ "type": "Feature", "properties": { "amenity_id": 2910, "kind": "shop", "name": "ダンス&カラオケ GORILLA2", "detail": "bar" }, "geometry": { "type": "Point", "coordinates": [ 139.6172995, 35.4358718 ] } },
{ "type": "Feature", "properties": { "amenity_id": 2911, "kind": "shop", "name": "ファミリーマート", "detail": "convenience" }, "geometry": { "type": "Point", "coordinates": [ 139.6207814, 35.4366425 ] } },
{ "type": "Feature", "properties": { "amenity_id": 2912, "kind": "shop", "name": "CAFE CHOCOLAT", "detail": "cafe" }, "geometry": { "type": "Point", "coordinates": [ 139.621744, 35.4369604 ] } },
{ "type": "Feature", "properties": { "amenity_id": 2913, "kind": "shop", "name": "クリーニング館", "detail": "dry_cleaning" }, "geometry": { "type": "Point", "coordinates": [ 139.6183766, 35.4359956 ] } },
{ "type": "Feature", "properties": { "amenity_id": 2914, "kind": "shop", "name": "パブ もり山", "detail": "bar" }, "geometry": { "type": "Point", "coordinates": [ 139.6197215, 35.4373132 ] } },
{ "type": "Feature", "properties": { "amenity_id": 2915, "kind": "shop", "name": null, "detail": "restaurant" }, "geometry": { "type": "Point", "coordinates": [ 139.635125500000015, 35.4361988 ] } },
{ "type": "Feature", "properties": { "amenity_id": 2916, "kind": "shop", "name": "ヘアーサロン タカヤス", "detail": "hairdresser" }, "geometry": { "type": "Point", "coordinates": [ 139.6194576, 35.4324068 ] } },
{ "type": "Feature", "properties": { "amenity_id": 2917, "kind": "shop", "name": "Luke", "detail": "hairdresser" }, "geometry": { "type": "Point", "coordinates": [ 139.6187314, 35.4377125 ] } },
{ "type": "Feature", "properties": { "amenity_id": 2918, "kind": "shop", "name": "激安クリーニング館", "detail": "dry_cleaning" }, "geometry": { "type": "Point", "coordinates": [ 139.6325644, 35.4370886 ] } },
{ "type": "Feature", "properties": { "amenity_id": 2919, "kind": "shop", "name": "MILANO", "detail": "hairdresser" }, "geometry": { "type": "Point", "coordinates": [ 139.6206238, 35.4310369 ] } },
{ "type": "Feature", "properties": { "amenity_id": 2920, "kind": "shop", "name": "そば処 一二三屋", "detail": "restaurant" }, "geometry": { "type": "Point", "coordinates": [ 139.6250282, 35.4350548 ] } },
{ "type": "Feature", "properties": { "amenity_id": 2921, "kind": "shop", "name": "伊勢屋", "detail": "restaurant" }, "geometry": { "type": "Point", "coordinates": [ 139.625148, 35.4348888 ] } },
{ "type": "Feature", "properties": { "amenity_id": 2922, "kind": "shop", "name": "Lapin Coffee & Bakery", "detail": "cafe" }, "geometry": { "type": "Point", "coordinates": [ 139.625202300000012, 35.4353488 ] } },
{ "type": "Feature", "properties": { "amenity_id": 2923, "kind": "shop", "name": "PIRO CAFE", "detail": "cafe" }, "geometry": { "type": "Point", "coordinates": [ 139.625405200000017, 35.4347607 ] } },
{ "type": "Feature", "properties": { "amenity_id": 2924, "kind": "shop", "name": "美容室arm", "detail": "hairdresser" }, "geometry": { "type": "Point", "coordinates": [ 139.625117400000022, 35.4353098 ] } },
{ "type": "Feature", "properties": { "amenity_id": 2925, "kind": "shop", "name": "喫茶カネコ", "detail": "cafe" }, "geometry": { "type": "Point", "coordinates": [ 139.625297100000012, 35.434965 ] } },
{ "type": "Feature", "properties": { "amenity_id": 2926, "kind": "shop", "name": null, "detail": "laundry" }, "geometry": { "type": "Point", "coordinates": [ 139.6251686, 35.4348599 ] } },
{ "type": "Feature", "properties": { "amenity_id": 2927, "kind": "shop", "name": "中華料理 うらふね", "detail": "restaurant" }, "geometry": { "type": "Point", "coordinates": [ 139.6252081, 35.4347928 ] } },
{ "type": "Feature", "properties": { "amenity_id": 2928, "kind": "shop", "name": "Rythm", "detail": "bar" }, "geometry": { "type": "Point", "coordinates": [ 139.604782700000015, 35.4331071 ] } },
{ "type": "Feature", "properties": { "amenity_id": 2929, "kind": "shop", "name": "ウォッシュランド55", "detail": "laundry" }, "geometry": { "type": "Point", "coordinates": [ 139.61591, 35.4379661 ] } },
{ "type": "Feature", "properties": { "amenity_id": 2930, "kind": "shop", "name": "中華園", "detail": "restaurant" }, "geometry": { "type": "Point", "coordinates": [ 139.615676800000017, 35.4389849 ] } },
{ "type": "Feature", "properties": { "amenity_id": 2931, "kind": "shop", "name": "ヘアーサロンのむら", "detail": "hairdresser" }, "geometry": { "type": "Point", "coordinates": [ 139.613596700000016, 35.4394429 ] } },
{ "type": "Feature", "properties": { "amenity_id": 2932, "kind": "shop", "name": "白洋舎", "detail": "dry_cleaning" }, "geometry": { "type": "Point", "coordinates": [ 139.6151891, 35.4392752 ] } },
{ "type": "Feature", "properties": { "amenity_id": 2933, "kind": "shop", "name": "美容室シャーロン", "detail": "hairdresser" }, "geometry": { "type": "Point", "coordinates": [ 139.6152859, 35.4391204 ] } },
{ "type": "Feature", "properties": { "amenity_id": 2934, "kind": "shop", "name": "Siesta", "detail": "hairdresser" }, "geometry": { "type": "Point", "coordinates": [ 139.615847800000012, 35.4344594 ] } },
{ "type": "Feature", "properties": { "amenity_id": 2935, "kind": "shop", "name": "bake16", "detail": "bakery" }, "geometry": { "type": "Point", "coordinates": [ 139.615887500000014, 35.4344828 ] } },
{ "type": "Feature", "properties": { "amenity_id": 2936, "kind": "shop", "name": "パール美容室", "detail": "hairdresser" }, "geometry": { "type": "Point", "coordinates": [ 139.5977025, 35.4245079 ] } },
{ "type": "Feature", "properties": { "amenity_id": 2937, "kind": "shop", "name": "マリカ", "detail": "restaurant" }, "geometry": { "type": "Point", "coordinates": [ 139.5977981, 35.4243375 ] } },
{ "type": "Feature", "properties": { "amenity_id": 2938, "kind": "shop", "name": "スナック カミュ", "detail": "restaurant" }, "geometry": { "type": "Point", "coordinates": [ 139.5968162, 35.4249323 ] } },
{ "type": "Feature", "properties": { "amenity_id": 2939, "kind": "shop", "name": "横浜ラーメン 田上家", "detail": "restaurant" }, "geometry": { "type": "Point", "coordinates": [ 139.603822800000017, 35.4262654 ] } },
{ "type": "Feature", "properties": { "amenity_id": 2940, "kind": "shop", "name": "タイ ランド レストラン", "detail": "restaurant" }, "geometry": { "type": "Point", "coordinates": [ 139.601388, 35.4218031 ] } },
{ "type": "Feature", "properties": { "amenity_id": 2941, "kind": "shop", "name": "みつ葉珈琲", "detail": "cafe" }, "geometry": { "type": "Point", "coordinates": [ 139.5994607, 35.4235204 ] } },
{ "type": "Feature", "properties": { "amenity_id": 2942, "kind": "shop", "name": "塩野商店", "detail": "supermarket" }, "geometry": { "type": "Point", "coordinates": [ 139.60389760000001, 35.4259187 ] } },
{ "type": "Feature", "properties": { "amenity_id": 2943, "kind": "shop", "name": "丸十ベーカリー", "detail": "bakery" }, "geometry": { "type": "Point", "coordinates": [ 139.628026700000021, 35.4371918 ] } },
{ "type": "Feature", "properties": { "amenity_id": 2944, "kind": "shop", "name": "麺や太華", "detail": "restaurant" }, "geometry": { "type": "Point", "coordinates": [ 139.627533, 35.438346 ] } },
{ "type": "Feature", "properties": { "amenity_id": 2945, "kind": "shop", "name": "栃木屋惣菜店", "detail": "fast_food" }, "geometry": { "type": "Point", "coordinates": [ 139.627877400000017, 35.4374066 ] } },
{ "type": "Feature", "properties": { "amenity_id": 2946, "kind": "shop", "name": "うなぎハ舟", "detail": "restaurant" }, "geometry": { "type": "Point", "coordinates": [ 139.627625500000022, 35.4380071 ] } },
{ "type": "Feature", "properties": { "amenity_id": 2947, "kind": "shop", "name": "安楽", "detail": "restaurant" }, "geometry": { "type": "Point", "coordinates": [ 139.6277552, 35.437822 ] } },
{ "type": "Feature", "properties": { "amenity_id": 2948, "kind": "shop", "name": "豊野丼", "detail": "restaurant" }, "geometry": { "type": "Point", "coordinates": [ 139.6275635, 35.4383577 ] } },
{ "type": "Feature", "properties": { "amenity_id": 2949, "kind": "shop", "name": "いろは", "detail": "restaurant" }, "geometry": { "type": "Point", "coordinates": [ 139.6290137, 35.4356852 ] } },
{ "type": "Feature", "properties": { "amenity_id": 2950, "kind": "shop", "name": "トルーヴィル", "detail": "restaurant" }, "geometry": { "type": "Point", "coordinates": [ 139.6296288, 35.4387198 ] } },
{ "type": "Feature", "properties": { "amenity_id": 2951, "kind": "shop", "name": "龍華", "detail": "restaurant" }, "geometry": { "type": "Point", "coordinates": [ 139.6305328, 35.4372003 ] } },
{ "type": "Feature", "properties": { "amenity_id": 2952, "kind": "shop", "name": "埼玉屋食堂", "detail": "restaurant" }, "geometry": { "type": "Point", "coordinates": [ 139.6309295, 35.43485 ] } },
{ "type": "Feature", "properties": { "amenity_id": 2953, "kind": "shop", "name": null, "detail": "hairdresser" }, "geometry": { "type": "Point", "coordinates": [ 139.5830262, 35.4184341 ] } },
{ "type": "Feature", "properties": { "amenity_id": 2954, "kind": "shop", "name": "SALON APRICOT", "detail": "hairdresser" }, "geometry": { "type": "Point", "coordinates": [ 139.5849895, 35.4182462 ] } },
{ "type": "Feature", "properties": { "amenity_id": 2955, "kind": "shop", "name": "中華ダイニング　たくみ", "detail": "restaurant" }, "geometry": { "type": "Point", "coordinates": [ 139.583960900000022, 35.4182429 ] } },
{ "type": "Feature", "properties": { "amenity_id": 2956, "kind": "shop", "name": "サロン・ド・レーヌ", "detail": "hairdresser" }, "geometry": { "type": "Point", "coordinates": [ 139.584223800000018, 35.4182757 ] } },
{ "type": "Feature", "properties": { "amenity_id": 2957, "kind": "shop", "name": "宅配寿司　銀のさら", "detail": "fast_food" }, "geometry": { "type": "Point", "coordinates": [ 139.5822953, 35.4182669 ] } },
{ "type": "Feature", "properties": { "amenity_id": 2958, "kind": "shop", "name": "FUJI", "detail": "supermarket" }, "geometry": { "type": "Point", "coordinates": [ 139.613682400000016, 35.436016 ] } },
{ "type": "Feature", "properties": { "amenity_id": 2959, "kind": "shop", "name": "LOOP", "detail": "bar" }, "geometry": { "type": "Point", "coordinates": [ 139.618156, 35.4354499 ] } },
{ "type": "Feature", "properties": { "amenity_id": 2960, "kind": "shop", "name": "Tails", "detail": "restaurant" }, "geometry": { "type": "Point", "coordinates": [ 139.617583700000012, 35.4362398 ] } },
{ "type": "Feature", "properties": { "amenity_id": 2961, "kind": "shop", "name": "おこめカフェ", "detail": "restaurant" }, "geometry": { "type": "Point", "coordinates": [ 139.618793300000021, 35.4367413 ] } },
{ "type": "Feature", "properties": { "amenity_id": 2962, "kind": "shop", "name": "美容室みどり", "detail": "hairdresser" }, "geometry": { "type": "Point", "coordinates": [ 139.6191934, 35.4366878 ] } },
{ "type": "Feature", "properties": { "amenity_id": 2963, "kind": "shop", "name": "FELLOWS", "detail": "bar" }, "geometry": { "type": "Point", "coordinates": [ 139.6198855, 35.4370544 ] } },
{ "type": "Feature", "properties": { "amenity_id": 2964, "kind": "shop", "name": "Silver Rock", "detail": "bar" }, "geometry": { "type": "Point", "coordinates": [ 139.6173545, 35.4363405 ] } },
{ "type": "Feature", "properties": { "amenity_id": 2965, "kind": "shop", "name": "ヘアーサロン　アンス", "detail": "hairdresser" }, "geometry": { "type": "Point", "coordinates": [ 139.6185376, 35.4361847 ] } },
{ "type": "Feature", "properties": { "amenity_id": 2966, "kind": "shop", "name": "コインランドリー日本橋", "detail": "laundry" }, "geometry": { "type": "Point", "coordinates": [ 139.6213186, 35.4353895 ] } },
{ "type": "Feature", "properties": { "amenity_id": 2967, "kind": "shop", "name": "SアンドK", "detail": "bar" }, "geometry": { "type": "Point", "coordinates": [ 139.6213396, 35.4353365 ] } },
{ "type": "Feature", "properties": { "amenity_id": 2968, "kind": "shop", "name": "ガナパティ", "detail": "restaurant" }, "geometry": { "type": "Point", "coordinates": [ 139.6196208, 35.4351696 ] } },
{ "type": "Feature", "properties": { "amenity_id": 2969, "kind": "shop", "name": "Oira", "detail": "bar" }, "geometry": { "type": "Point", "coordinates": [ 139.6215359, 35.4357481 ] } },
{ "type": "Feature", "properties": { "amenity_id": 2970, "kind": "shop", "name": "さわやかクリーニング", "detail": "dry_cleaning" }, "geometry": { "type": "Point", "coordinates": [ 139.6231244, 35.4397729 ] } },
{ "type": "Feature", "properties": { "amenity_id": 2971, "kind": "shop", "name": "粉亭", "detail": "restaurant" }, "geometry": { "type": "Point", "coordinates": [ 139.623045600000012, 35.4397436 ] } },
{ "type": "Feature", "properties": { "amenity_id": 2972, "kind": "shop", "name": "ISHIOKA", "detail": "hairdresser" }, "geometry": { "type": "Point", "coordinates": [ 139.6298912, 35.4312897 ] } },
{ "type": "Feature", "properties": { "amenity_id": 2973, "kind": "shop", "name": "喫茶オオタ", "detail": "cafe" }, "geometry": { "type": "Point", "coordinates": [ 139.6106087, 35.4427032 ] } },
{ "type": "Feature", "properties": { "amenity_id": 2974, "kind": "shop", "name": "ローレルクリーニング", "detail": "dry_cleaning" }, "geometry": { "type": "Point", "coordinates": [ 139.6153032, 35.4420285 ] } },
{ "type": "Feature", "properties": { "amenity_id": 2975, "kind": "shop", "name": "中華きそば 末廣", "detail": "restaurant" }, "geometry": { "type": "Point", "coordinates": [ 139.616122600000011, 35.4416849 ] } },
{ "type": "Feature", "properties": { "amenity_id": 2976, "kind": "shop", "name": "美容室みっお", "detail": "hairdresser" }, "geometry": { "type": "Point", "coordinates": [ 139.6162708, 35.4416363 ] } },
{ "type": "Feature", "properties": { "amenity_id": 2977, "kind": "shop", "name": "まいばすけっと", "detail": "supermarket" }, "geometry": { "type": "Point", "coordinates": [ 139.614859, 35.4376285 ] } },
{ "type": "Feature", "properties": { "amenity_id": 2978, "kind": "shop", "name": "Cafe Kimagure", "detail": "cafe" }, "geometry": { "type": "Point", "coordinates": [ 139.610795600000017, 35.4318604 ] } },
{ "type": "Feature", "properties": { "amenity_id": 2979, "kind": "shop", "name": "まいばすけっと", "detail": "supermarket" }, "geometry": { "type": "Point", "coordinates": [ 139.6093023, 35.4304761 ] } },
{ "type": "Feature", "properties": { "amenity_id": 2980, "kind": "shop", "name": "milliona", "detail": "cafe" }, "geometry": { "type": "Point", "coordinates": [ 139.613964900000013, 35.439115 ] } },
{ "type": "Feature", "properties": { "amenity_id": 2981, "kind": "shop", "name": "ニューおりーぶ", "detail": "bar" }, "geometry": { "type": "Point", "coordinates": [ 139.6061871, 35.4321424 ] } },
{ "type": "Feature", "properties": { "amenity_id": 2982, "kind": "shop", "name": null, "detail": "clothes" }, "geometry": { "type": "Point", "coordinates": [ 139.6057676, 35.4321909 ] } },
{ "type": "Feature", "properties": { "amenity_id": 2983, "kind": "shop", "name": null, "detail": "fast_food" }, "geometry": { "type": "Point", "coordinates": [ 139.6202787, 35.4344875 ] } },
{ "type": "Feature", "properties": { "amenity_id": 2984, "kind": "shop", "name": "イトーヨーカドー", "detail": "supermarket" }, "geometry": { "type": "Point", "coordinates": [ 139.594544, 35.4160747 ] } },
{ "type": "Feature", "properties": { "amenity_id": 2985, "kind": "shop", "name": "まいばすけっと　横浜中村橋", "detail": "supermarket" }, "geometry": { "type": "Point", "coordinates": [ 139.6200919, 35.4306008 ] } },
{ "type": "Feature", "properties": { "amenity_id": 2986, "kind": "shop", "name": "TIES", "detail": "restaurant" }, "geometry": { "type": "Point", "coordinates": [ 139.611335100000019, 35.4310927 ] } },
{ "type": "Feature", "properties": { "amenity_id": 2987, "kind": "shop", "name": "サンクス", "detail": "laundry" }, "geometry": { "type": "Point", "coordinates": [ 139.6142987, 35.4332663 ] } },
{ "type": "Feature", "properties": { "amenity_id": 2988, "kind": "shop", "name": "まいばすけっと", "detail": "supermarket" }, "geometry": { "type": "Point", "coordinates": [ 139.6106934, 35.4306174 ] } },
{ "type": "Feature", "properties": { "amenity_id": 2989, "kind": "shop", "name": "すし冨", "detail": "restaurant" }, "geometry": { "type": "Point", "coordinates": [ 139.610197100000022, 35.4308497 ] } },
{ "type": "Feature", "properties": { "amenity_id": 2990, "kind": "shop", "name": "サンキューカット", "detail": "hairdresser" }, "geometry": { "type": "Point", "coordinates": [ 139.6086989, 35.4316028 ] } },
{ "type": "Feature", "properties": { "amenity_id": 2991, "kind": "shop", "name": "KEY'S CAFE", "detail": "cafe" }, "geometry": { "type": "Point", "coordinates": [ 139.6086574, 35.4316443 ] } },
{ "type": "Feature", "properties": { "amenity_id": 2992, "kind": "shop", "name": "くら寿司", "detail": "fast_food" }, "geometry": { "type": "Point", "coordinates": [ 139.6088116, 35.431747 ] } },
{ "type": "Feature", "properties": { "amenity_id": 2993, "kind": "shop", "name": "ライフ", "detail": "supermarket" }, "geometry": { "type": "Point", "coordinates": [ 139.608802200000014, 35.4318082 ] } },
{ "type": "Feature", "properties": { "amenity_id": 2994, "kind": "shop", "name": "カナパニ", "detail": "restaurant" }, "geometry": { "type": "Point", "coordinates": [ 139.618749800000018, 35.4351224 ] } },
{ "type": "Feature", "properties": { "amenity_id": 2995, "kind": "shop", "name": "つきじ海賓", "detail": "restaurant" }, "geometry": { "type": "Point", "coordinates": [ 139.621704, 35.4338194 ] } },
{ "type": "Feature", "properties": { "amenity_id": 2996, "kind": "shop", "name": "ニッショウ生活応援館", "detail": "supermarket" }, "geometry": { "type": "Point", "coordinates": [ 139.628953200000012, 35.4357823 ] } },
{ "type": "Feature", "properties": { "amenity_id": 2997, "kind": "shop", "name": "スーパー大我 生鮮館", "detail": "supermarket" }, "geometry": { "type": "Point", "coordinates": [ 139.5935447, 35.4382577 ] } },
{ "type": "Feature", "properties": { "amenity_id": 2998, "kind": "shop", "name": "まいばすけっと", "detail": "supermarket" }, "geometry": { "type": "Point", "coordinates": [ 139.6322489, 35.4369379 ] } },
{ "type": "Feature", "properties": { "amenity_id": 2999, "kind": "shop", "name": "Beauty Salon", "detail": "hairdresser" }, "geometry": { "type": "Point", "coordinates": [ 139.57974040000002, 35.4268357 ] } },
{ "type": "Feature", "properties": { "amenity_id": 3000, "kind": "shop", "name": "味道苑", "detail": "restaurant" }, "geometry": { "type": "Point", "coordinates": [ 139.5798148, 35.4268772 ] } },
{ "type": "Feature", "properties": { "amenity_id": 3001, "kind": "shop", "name": "ネオ２１六ツ川店", "detail": "dry_cleaning" }, "geometry": { "type": "Point", "coordinates": [ 139.5799208, 35.4268816 ] } },
{ "type": "Feature", "properties": { "amenity_id": 3002, "kind": "shop", "name": "Kami Kami", "detail": "hairdresser" }, "geometry": { "type": "Point", "coordinates": [ 139.58061410000002, 35.4269285 ] } },
{ "type": "Feature", "properties": { "amenity_id": 3003, "kind": "shop", "name": "まいばすけっと", "detail": "supermarket" }, "geometry": { "type": "Point", "coordinates": [ 139.598589, 35.4114911 ] } },
{ "type": "Feature", "properties": { "amenity_id": 3004, "kind": "shop", "name": "TRATTORIA COMPARE", "detail": "restaurant" }, "geometry": { "type": "Point", "coordinates": [ 139.598865600000011, 35.4114225 ] } },
{ "type": "Feature", "properties": { "amenity_id": 3005, "kind": "shop", "name": "居酒屋 大閤", "detail": "restaurant" }, "geometry": { "type": "Point", "coordinates": [ 139.58795, 35.4134911 ] } },
{ "type": "Feature", "properties": { "amenity_id": 3006, "kind": "shop", "name": "セブン-イレブン", "detail": "convenience" }, "geometry": { "type": "Point", "coordinates": [ 139.5866322, 35.4114681 ] } },
{ "type": "Feature", "properties": { "amenity_id": 3007, "kind": "shop", "name": "柳屋 弘明寺２号店", "detail": "clothes" }, "geometry": { "type": "Point", "coordinates": [ 139.600156, 35.4236374 ] } },
{ "type": "Feature", "properties": { "amenity_id": 3008, "kind": "shop", "name": "ワークマン", "detail": "clothes" }, "geometry": { "type": "Point", "coordinates": [ 139.5892379, 35.4392696 ] } },
{ "type": "Feature", "properties": { "amenity_id": 3009, "kind": "shop", "name": "BistroCafeFiore", "detail": "cafe" }, "geometry": { "type": "Point", "coordinates": [ 139.617603, 35.429741 ] } }
]
}
