{
"type": "FeatureCollection",
"name": "bike_facilities",
"crs": { "type": "name", "properties": { "name": "urn:ogc:def:crs:OGC:1.3:CRS84" } },
"features": [
{ "type": "Feature", "properties": { "osm_id": "node/1733094525", "name": "日本大通り地下駐車場", "ref": null, "amenity": "bicycle_parking", "capacity": null, "facility_type": "parking", "fee": null, "brand": null, "access": null, "covered": null, "supervised": null, "note": null, "operator": null, "opening_hours": null }, "geometry": { "type": "Point", "coordinates": [ 139.6416898, 35.44606 ] } },
{ "type": "Feature", "properties": { "osm_id": "node/2309096734", "name": null, "ref": null, "amenity": "bicycle_parking", "capacity": null, "facility_type": "parking", "fee": null, "brand": null, "access": null, "covered": null, "supervised": null, "note": null, "operator": null, "opening_hours": null }, "geometry": { "type": "Point", "coordinates": [ 139.642332, 35.453411 ] } },
{ "type": "Feature", "properties": { "osm_id": "node/2309096748", "name": "横浜赤レンガ倉庫", "ref": "10", "amenity": "bicycle_rental", "capacity": "20", "facility_type": "sharing", "fee": "yes", "brand": "ドコモ・バイクシェア", "access": null, "covered": null, "supervised": null, "note": null, "operator": "ドコモ・バイクシェア", "opening_hours": null }, "geometry": { "type": "Point", "coordinates": [ 139.642316, 35.453365 ] } },
{ "type": "Feature", "properties": { "osm_id": "node/2328206215", "name": null, "ref": null, "amenity": "bicycle_parking", "capacity": null, "facility_type": "parking", "fee": null, "brand": null, "access": "customers", "covered": null, "supervised": null, "note": null, "operator": "横浜銀行", "opening_hours": null }, "geometry": { "type": "Point", "coordinates": [ 139.645751600000011, 35.4394657 ] } },
{ "type": "Feature", "properties": { "osm_id": "node/2735693113", "name": null, "ref": null, "amenity": "bicycle_parking", "capacity": null, "facility_type": "parking", "fee": "yes", "brand": null, "access": null, "covered": null, "supervised": null, "note": null, "operator": null, "opening_hours": null }, "geometry": { "type": "Point", "coordinates": [ 139.624128, 35.43721 ] } },
{ "type": "Feature", "properties": { "osm_id": "node/3121544349", "name": null, "ref": null, "amenity": "bicycle_parking", "capacity": null, "facility_type": "parking", "fee": null, "brand": null, "access": null, "covered": "yes", "supervised": null, "note": null, "operator": null, "opening_hours": null }, "geometry": { "type": "Point", "coordinates": [ 139.6295374, 35.4525457 ] } },
{ "type": "Feature", "properties": { "osm_id": "node/3121544350", "name": null, "ref": null, "amenity": "bicycle_parking", "capacity": null, "facility_type": "parking", "fee": null, "brand": null, "access": null, "covered": "yes", "supervised": null, "note": null, "operator": null, "opening_hours": null }, "geometry": { "type": "Point", "coordinates": [ 139.629901400000023, 35.4527557 ] } },
{ "type": "Feature", "properties": { "osm_id": "node/3245707726", "name": "りそな銀行", "ref": "19", "amenity": "bicycle_rental", "capacity": "6", "facility_type": "sharing", "fee": "yes", "brand": "Docomo Bike Share", "access": null, "covered": null, "supervised": null, "note": null, "operator": null, "opening_hours": null }, "geometry": { "type": "Point", "coordinates": [ 139.635490200000021, 35.4466455 ] } },
{ "type": "Feature", "properties": { "osm_id": "node/3824554505", "name": "ホテルテラス横浜", "ref": "9011", "amenity": "bicycle_rental", "capacity": "3", "facility_type": "sharing", "fee": "yes", "brand": "Docomo Bike Share", "access": null, "covered": null, "supervised": null, "note": null, "operator": "ドコモ・バイクシェア", "opening_hours": null }, "geometry": { "type": "Point", "coordinates": [ 139.6284, 35.45109 ] } },
{ "type": "Feature", "properties": { "osm_id": "node/3824554506", "name": "紅葉坂下", "ref": "36", "amenity": "bicycle_rental", "capacity": "14", "facility_type": "sharing", "fee": "yes", "brand": "Docomo Bike Share", "access": null, "covered": null, "supervised": null, "note": null, "operator": null, "opening_hours": null }, "geometry": { "type": "Point", "coordinates": [ 139.629409800000019, 35.4524922 ] } },
{ "type": "Feature", "properties": { "osm_id": "node/3824554507", "name": "桜木町日本丸交差点前", "ref": "42", "amenity": "bicycle_rental", "capacity": "10", "facility_type": "sharing", "fee": "yes", "brand": "ドコモ・バイクシェア", "access": null, "covered": null, "supervised": null, "note": null, "operator": "ドコモ・バイクシェア", "opening_hours": null }, "geometry": { "type": "Point", "coordinates": [ 139.63207460000001, 35.4522283 ] } },
{ "type": "Feature", "properties": { "osm_id": "node/4794408125", "name": null, "ref": null, "amenity": "bicycle_rental", "capacity": null, "facility_type": "sharing", "fee": null, "brand": null, "access": null, "covered": null, "supervised": null, "note": null, "operator": null, "opening_hours": "24/7" }, "geometry": { "type": "Point", "coordinates": [ 139.6397523, 35.4525958 ] } },
{ "type": "Feature", "properties": { "osm_id": "node/4930495337", "name": null, "ref": null, "amenity": "bicycle_parking", "capacity": null, "facility_type": "parking", "fee": null, "brand": null, "access": null, "covered": null, "supervised": null, "note": null, "operator": null, "opening_hours": null }, "geometry": { "type": "Point", "coordinates": [ 139.642344800000018, 35.4402942 ] } },
{ "type": "Feature", "properties": { "osm_id": "node/5153192402", "name": "馬車道駅", "ref": "12", "amenity": "bicycle_rental", "capacity": "15", "facility_type": "sharing", "fee": "yes", "brand": "ドコモ・バイクシェア", "access": null, "covered": null, "supervised": null, "note": null, "operator": "ドコモ・バイクシェア", "opening_hours": null }, "geometry": { "type": "Point", "coordinates": [ 139.636116500000014, 35.4504575 ] } },
{ "type": "Feature", "properties": { "osm_id": "node/7457510290", "name": null, "ref": null, "amenity": "bicycle_parking", "capacity": null, "facility_type": "parking", "fee": "yes", "brand": null, "access": "yes", "covered": "yes", "supervised": "no", "note": null, "operator": null, "opening_hours": null }, "geometry": { "type": "Point", "coordinates": [ 139.65427840000001, 35.4424022 ] } },
{ "type": "Feature", "properties": { "osm_id": "node/8068020542", "name": null, "ref": null, "amenity": "bicycle_parking", "capacity": null, "facility_type": "parking", "fee": null, "brand": null, "access": null, "covered": null, "supervised": null, "note": null, "operator": null, "opening_hours": null }, "geometry": { "type": "Point", "coordinates": [ 139.639889300000021, 35.4538945 ] } },
{ "type": "Feature", "properties": { "osm_id": "node/10978717572", "name": "石川町駅北口自転車駐車場", "ref": null, "amenity": "bicycle_parking", "capacity": null, "facility_type": "parking", "fee": "yes", "brand": null, "access": null, "covered": null, "supervised": null, "note": null, "operator": null, "opening_hours": null }, "geometry": { "type": "Point", "coordinates": [ 139.64217960000002, 35.438584 ] } },
{ "type": "Feature", "properties": { "osm_id": "node/11038361313", "name": "関内南仲通（横浜振興前）", "ref": null, "amenity": "bicycle_rental", "capacity": "2", "facility_type": "sharing", "fee": "yes", "brand": "HELLO CYCLING", "access": null, "covered": null, "supervised": null, "note": null, "operator": null, "opening_hours": null }, "geometry": { "type": "Point", "coordinates": [ 139.63967980000001, 35.4475913 ] } },
{ "type": "Feature", "properties": { "osm_id": "node/11038361400", "name": "本牧マクブライドの杜", "ref": null, "amenity": "bicycle_rental", "capacity": "6", "facility_type": "sharing", "fee": "yes", "brand": "HELLO CYCLING", "access": null, "covered": null, "supervised": null, "note": null, "operator": null, "opening_hours": null }, "geometry": { "type": "Point", "coordinates": [ 139.656265, 35.418232 ] } },
{ "type": "Feature", "properties": { "osm_id": "node/11038361535", "name": "デニーズ 長者町店", "ref": null, "amenity": "bicycle_rental", "capacity": "3", "facility_type": "sharing", "fee": "yes", "brand": "HELLO CYCLING", "access": null, "covered": null, "supervised": null, "note": null, "operator": null, "opening_hours": null }, "geometry": { "type": "Point", "coordinates": [ 139.632788, 35.437154 ] } },
{ "type": "Feature", "properties": { "osm_id": "node/11176608064", "name": "BAY AZURE関内", "ref": null, "amenity": "bicycle_rental", "capacity": "15", "facility_type": "sharing", "fee": "yes", "brand": "HELLO CYCLING", "access": null, "covered": null, "supervised": null, "note": null, "operator": null, "opening_hours": null }, "geometry": { "type": "Point", "coordinates": [ 139.6359089, 35.4375738 ] } },
{ "type": "Feature", "properties": { "osm_id": "node/11436138586", "name": "横浜市役所", "ref": "110", "amenity": "bicycle_rental", "capacity": "16", "facility_type": "sharing", "fee": "yes", "brand": "ドコモ・バイクシェア", "access": null, "covered": null, "supervised": null, "note": null, "operator": "ドコモ・バイクシェア", "opening_hours": null }, "geometry": { "type": "Point", "coordinates": [ 139.634156500000017, 35.4510373 ] } },
{ "type": "Feature", "properties": { "osm_id": "node/11436138598", "name": "関内駅第三駐輪場", "ref": "144", "amenity": "bicycle_rental", "capacity": "43", "facility_type": "sharing", "fee": "yes", "brand": "Docomo Bike Share", "access": null, "covered": null, "supervised": null, "note": null, "operator": null, "opening_hours": null }, "geometry": { "type": "Point", "coordinates": [ 139.639079, 35.442375 ] } },
{ "type": "Feature", "properties": { "osm_id": "node/11436138634", "name": "新山下シーサイド", "ref": "138", "amenity": "bicycle_rental", "capacity": "19", "facility_type": "sharing", "fee": "yes", "brand": "Docomo Bike Share", "access": null, "covered": null, "supervised": null, "note": null, "operator": null, "opening_hours": null }, "geometry": { "type": "Point", "coordinates": [ 139.661399, 35.44154 ] } },
{ "type": "Feature", "properties": { "osm_id": "node/11436145586", "name": "横浜カントリー・アンド・アスレティック・クラブ", "ref": "134", "amenity": "bicycle_rental", "capacity": "5", "facility_type": "sharing", "fee": "yes", "brand": "Docomo Bike Share", "access": null, "covered": null, "supervised": null, "note": null, "operator": null, "opening_hours": null }, "geometry": { "type": "Point", "coordinates": [ 139.648904, 35.423768 ] } },
{ "type": "Feature", "properties": { "osm_id": "node/11436145623", "name": "デュフレ横浜石川町", "ref": "132", "amenity": "bicycle_rental", "capacity": "4", "facility_type": "sharing", "fee": "yes", "brand": "Docomo Bike Share", "access": null, "covered": null, "supervised": null, "note": null, "operator": null, "opening_hours": null }, "geometry": { "type": "Point", "coordinates": [ 139.64037, 35.4389 ] } },
{ "type": "Feature", "properties": { "osm_id": "node/11436145697", "name": "ニッセイ横浜尾上町ビル", "ref": "129", "amenity": "bicycle_rental", "capacity": "5", "facility_type": "sharing", "fee": "yes", "brand": "Docomo Bike Share", "access": null, "covered": null, "supervised": null, "note": null, "operator": null, "opening_hours": null }, "geometry": { "type": "Point", "coordinates": [ 139.63387, 35.44749 ] } },
{ "type": "Feature", "properties": { "osm_id": "node/11436145706", "name": "神奈川住空間", "ref": "128", "amenity": "bicycle_rental", "capacity": "3", "facility_type": "sharing", "fee": "yes", "brand": "ドコモ・バイクシェア", "access": null, "covered": null, "supervised": null, "note": null, "operator": "ドコモ・バイクシェア", "opening_hours": null }, "geometry": { "type": "Point", "coordinates": [ 139.64035, 35.44626 ] } },
{ "type": "Feature", "properties": { "osm_id": "node/11436145753", "name": "タイムズステーション横浜山下町B", "ref": "125", "amenity": "bicycle_rental", "capacity": "5", "facility_type": "sharing", "fee": "yes", "brand": "ドコモ・バイクシェア", "access": null, "covered": null, "supervised": null, "note": null, "operator": "ドコモ・バイクシェア", "opening_hours": null }, "geometry": { "type": "Point", "coordinates": [ 139.647974, 35.44491 ] } },
{ "type": "Feature", "properties": { "osm_id": "node/11436145807", "name": "ファミリーマート横浜本牧店", "ref": "122", "amenity": "bicycle_rental", "capacity": "4", "facility_type": "sharing", "fee": "yes", "brand": "Docomo Bike Share", "access": null, "covered": null, "supervised": null, "note": null, "operator": null, "opening_hours": null }, "geometry": { "type": "Point", "coordinates": [ 139.648473, 35.419003 ] } },
{ "type": "Feature", "properties": { "osm_id": "node/11436145910", "name": "横浜タウンホテル24", "ref": "163", "amenity": "bicycle_rental", "capacity": "6", "facility_type": "sharing", "fee": "yes", "brand": "Docomo Bike Share", "access": null, "covered": null, "supervised": null, "note": null, "operator": null, "opening_hours": null }, "geometry": { "type": "Point", "coordinates": [ 139.631367, 35.444308 ] } },
{ "type": "Feature", "properties": { "osm_id": "node/11436145934", "name": "HOMMOKU BASE", "ref": "86", "amenity": "bicycle_rental", "capacity": "4", "facility_type": "sharing", "fee": "yes", "brand": "Docomo Bike Share", "access": null, "covered": null, "supervised": null, "note": null, "operator": null, "opening_hours": null }, "geometry": { "type": "Point", "coordinates": [ 139.658211, 35.431584 ] } },
{ "type": "Feature", "properties": { "osm_id": "node/11436145935", "name": "美濃屋あられ製造本舗", "ref": "84", "amenity": "bicycle_rental", "capacity": "12", "facility_type": "sharing", "fee": "yes", "brand": "Docomo Bike Share", "access": null, "covered": null, "supervised": null, "note": null, "operator": null, "opening_hours": null }, "geometry": { "type": "Point", "coordinates": [ 139.663724, 35.433045 ] } },
{ "type": "Feature", "properties": { "osm_id": "node/11436145936", "name": "NTT本牧ビル", "ref": "83", "amenity": "bicycle_rental", "capacity": "5", "facility_type": "sharing", "fee": "yes", "brand": "Docomo Bike Share", "access": null, "covered": null, "supervised": null, "note": null, "operator": null, "opening_hours": null }, "geometry": { "type": "Point", "coordinates": [ 139.663295, 35.435227 ] } },
{ "type": "Feature", "properties": { "osm_id": "node/11436145937", "name": "SPORTIVO横浜元町（スポルティーヴォ横浜元町）", "ref": "96", "amenity": "bicycle_rental", "capacity": "38", "facility_type": "sharing", "fee": "yes", "brand": "Docomo Bike Share", "access": null, "covered": null, "supervised": null, "note": null, "operator": null, "opening_hours": null }, "geometry": { "type": "Point", "coordinates": [ 139.661251, 35.43817 ] } },
{ "type": "Feature", "properties": { "osm_id": "node/11436145938", "name": "D-Parking 横浜中華街第1", "ref": "71", "amenity": "bicycle_rental", "capacity": "6", "facility_type": "sharing", "fee": "yes", "brand": "ドコモ・バイクシェア", "access": null, "covered": null, "supervised": null, "note": null, "operator": "ドコモ・バイクシェア", "opening_hours": null }, "geometry": { "type": "Point", "coordinates": [ 139.643342, 35.441812 ] } },
{ "type": "Feature", "properties": { "osm_id": "node/11436145939", "name": "横浜山下町スペースバリュー", "ref": "73", "amenity": "bicycle_rental", "capacity": "6", "facility_type": "sharing", "fee": "yes", "brand": "ドコモ・バイクシェア", "access": null, "covered": null, "supervised": null, "note": null, "operator": "ドコモ・バイクシェア", "opening_hours": null }, "geometry": { "type": "Point", "coordinates": [ 139.646478, 35.444997 ] } },
{ "type": "Feature", "properties": { "osm_id": "node/11436145941", "name": "いなり湯", "ref": "93", "amenity": "bicycle_rental", "capacity": "1", "facility_type": "sharing", "fee": "yes", "brand": "Docomo Bike Share", "access": null, "covered": null, "supervised": null, "note": null, "operator": null, "opening_hours": null }, "geometry": { "type": "Point", "coordinates": [ 139.649028, 35.431413 ] } },
{ "type": "Feature", "properties": { "osm_id": "node/11436145947", "name": "セブン-イレブン横浜不老町1丁目店", "ref": "62", "amenity": "bicycle_rental", "capacity": "9", "facility_type": "sharing", "fee": "yes", "brand": "ドコモ・バイクシェア", "access": null, "covered": null, "supervised": null, "note": null, "operator": "ドコモ・バイクシェア", "opening_hours": null }, "geometry": { "type": "Point", "coordinates": [ 139.637149, 35.441456 ] } },
{ "type": "Feature", "properties": { "osm_id": "node/11436145949", "name": "黄金町エリアマネジメントセンター", "ref": "67", "amenity": "bicycle_rental", "capacity": "5", "facility_type": "sharing", "fee": "yes", "brand": "Docomo Bike Share", "access": null, "covered": null, "supervised": null, "note": null, "operator": null, "opening_hours": null }, "geometry": { "type": "Point", "coordinates": [ 139.625554, 35.441737 ] } },
{ "type": "Feature", "properties": { "osm_id": "node/11436145951", "name": "セブン-イレブン横浜弥生町3丁目店", "ref": "63", "amenity": "bicycle_rental", "capacity": "7", "facility_type": "sharing", "fee": "yes", "brand": "Docomo Bike Share", "access": null, "covered": null, "supervised": null, "note": null, "operator": null, "opening_hours": null }, "geometry": { "type": "Point", "coordinates": [ 139.628813, 35.439615 ] } },
{ "type": "Feature", "properties": { "osm_id": "node/11436145955", "name": "伊勢佐木長者町駅駐輪場", "ref": "52", "amenity": "bicycle_rental", "capacity": "10", "facility_type": "sharing", "fee": "yes", "brand": "Docomo Bike Share", "access": null, "covered": null, "supervised": null, "note": null, "operator": null, "opening_hours": null }, "geometry": { "type": "Point", "coordinates": [ 139.632243, 35.440582 ] } },
{ "type": "Feature", "properties": { "osm_id": "node/11436145956", "name": "マリン&ウォークヨコハマ", "ref": "55", "amenity": "bicycle_rental", "capacity": "6", "facility_type": "sharing", "fee": "yes", "brand": "Docomo Bike Share", "access": null, "covered": null, "supervised": null, "note": null, "operator": null, "opening_hours": null }, "geometry": { "type": "Point", "coordinates": [ 139.641577, 35.454987 ] } },
{ "type": "Feature", "properties": { "osm_id": "node/11436145957", "name": "開港広場公園", "ref": "56", "amenity": "bicycle_rental", "capacity": "35", "facility_type": "sharing", "fee": "yes", "brand": "Docomo Bike Share", "access": null, "covered": null, "supervised": null, "note": null, "operator": null, "opening_hours": null }, "geometry": { "type": "Point", "coordinates": [ 139.644265, 35.447165 ] } },
{ "type": "Feature", "properties": { "osm_id": "node/11436145959", "name": "吉田興産P9", "ref": "64", "amenity": "bicycle_rental", "capacity": "5", "facility_type": "sharing", "fee": "yes", "brand": "Docomo Bike Share", "access": null, "covered": null, "supervised": null, "note": null, "operator": null, "opening_hours": null }, "geometry": { "type": "Point", "coordinates": [ 139.627854, 35.444358 ] } },
{ "type": "Feature", "properties": { "osm_id": "node/11436145960", "name": "セブン-イレブン京急ST黄金町店", "ref": "119", "amenity": "bicycle_rental", "capacity": "12", "facility_type": "sharing", "fee": "yes", "brand": "Docomo Bike Share", "access": null, "covered": null, "supervised": null, "note": null, "operator": null, "opening_hours": null }, "geometry": { "type": "Point", "coordinates": [ 139.623442, 35.440107 ] } },
{ "type": "Feature", "properties": { "osm_id": "node/11436145963", "name": "みなとみらい21 クリーンセンター", "ref": "105", "amenity": "bicycle_rental", "capacity": "4", "facility_type": "sharing", "fee": "yes", "brand": "ドコモ・バイクシェア", "access": null, "covered": null, "supervised": null, "note": null, "operator": "ドコモ・バイクシェア", "opening_hours": null }, "geometry": { "type": "Point", "coordinates": [ 139.630073, 35.453156 ] } },
{ "type": "Feature", "properties": { "osm_id": "node/11436145964", "name": "横浜北仲ノット", "ref": "108", "amenity": "bicycle_rental", "capacity": "14", "facility_type": "sharing", "fee": "yes", "brand": "ドコモ・バイクシェア", "access": null, "covered": null, "supervised": null, "note": null, "operator": "ドコモ・バイクシェア", "opening_hours": null }, "geometry": { "type": "Point", "coordinates": [ 139.63549, 35.45129 ] } },
{ "type": "Feature", "properties": { "osm_id": "node/11436145970", "name": "本牧フロント", "ref": "107", "amenity": "bicycle_rental", "capacity": "17", "facility_type": "sharing", "fee": "yes", "brand": "Docomo Bike Share", "access": null, "covered": null, "supervised": null, "note": null, "operator": null, "opening_hours": null }, "geometry": { "type": "Point", "coordinates": [ 139.664483, 35.430919 ] } },
{ "type": "Feature", "properties": { "osm_id": "node/11436145971", "name": "神奈川県庁西庁舎", "ref": "41", "amenity": "bicycle_rental", "capacity": "29", "facility_type": "sharing", "fee": "yes", "brand": "Docomo Bike Share", "access": null, "covered": null, "supervised": null, "note": null, "operator": null, "opening_hours": null }, "geometry": { "type": "Point", "coordinates": [ 139.640649, 35.448529 ] } },
{ "type": "Feature", "properties": { "osm_id": "node/11436145977", "name": "カップヌードルミュージアムパーク", "ref": "104", "amenity": "bicycle_rental", "capacity": "36", "facility_type": "sharing", "fee": "yes", "brand": "Docomo Bike Share", "access": null, "covered": null, "supervised": null, "note": null, "operator": null, "opening_hours": null }, "geometry": { "type": "Point", "coordinates": [ 139.640658, 35.455152 ] } },
{ "type": "Feature", "properties": { "osm_id": "node/11436145978", "name": "本牧神社", "ref": "87", "amenity": "bicycle_rental", "capacity": "7", "facility_type": "sharing", "fee": "yes", "brand": "Docomo Bike Share", "access": null, "covered": null, "supervised": null, "note": null, "operator": null, "opening_hours": null }, "geometry": { "type": "Point", "coordinates": [ 139.659932, 35.424073 ] } },
{ "type": "Feature", "properties": { "osm_id": "node/11436145979", "name": "MEGAドン・キホーテ港山下総本店（港山下ナナイロ）", "ref": "85", "amenity": "bicycle_rental", "capacity": "8", "facility_type": "sharing", "fee": "yes", "brand": "ドコモ・バイクシェア", "access": null, "covered": null, "supervised": null, "note": null, "operator": "ドコモ・バイクシェア", "opening_hours": null }, "geometry": { "type": "Point", "coordinates": [ 139.65357, 35.442638 ] } },
{ "type": "Feature", "properties": { "osm_id": "node/11436145980", "name": "イオン本牧店前", "ref": "89", "amenity": "bicycle_rental", "capacity": "10", "facility_type": "sharing", "fee": "yes", "brand": "Docomo Bike Share", "access": null, "covered": null, "supervised": null, "note": null, "operator": null, "opening_hours": null }, "geometry": { "type": "Point", "coordinates": [ 139.666541, 35.425196 ] } },
{ "type": "Feature", "properties": { "osm_id": "node/11436145982", "name": "まゆ玉キャビン 関内", "ref": "88", "amenity": "bicycle_rental", "capacity": "3", "facility_type": "sharing", "fee": "yes", "brand": "ドコモ・バイクシェア", "access": null, "covered": null, "supervised": null, "note": null, "operator": "ドコモ・バイクシェア", "opening_hours": null }, "geometry": { "type": "Point", "coordinates": [ 139.63629, 35.442215 ] } },
{ "type": "Feature", "properties": { "osm_id": "node/11436145985", "name": "石川町5丁目", "ref": "94", "amenity": "bicycle_rental", "capacity": "4", "facility_type": "sharing", "fee": "yes", "brand": "Docomo Bike Share", "access": null, "covered": null, "supervised": null, "note": null, "operator": null, "opening_hours": null }, "geometry": { "type": "Point", "coordinates": [ 139.63687, 35.436575 ] } },
{ "type": "Feature", "properties": { "osm_id": "node/11436145988", "name": "関内駅", "ref": "1", "amenity": "bicycle_rental", "capacity": "16", "facility_type": "sharing", "fee": "yes", "brand": "Docomo Bike Share", "access": null, "covered": null, "supervised": null, "note": null, "operator": null, "opening_hours": null }, "geometry": { "type": "Point", "coordinates": [ 139.636138, 35.444105 ] } },
{ "type": "Feature", "properties": { "osm_id": "node/11436145989", "name": "石川町駅駐輪場", "ref": "2", "amenity": "bicycle_rental", "capacity": "37", "facility_type": "sharing", "fee": "yes", "brand": "Docomo Bike Share", "access": null, "covered": null, "supervised": null, "note": null, "operator": null, "opening_hours": null }, "geometry": { "type": "Point", "coordinates": [ 139.642991, 35.440061 ] } },
{ "type": "Feature", "properties": { "osm_id": "node/11436145990", "name": "桜木町駅駐輪場", "ref": "3", "amenity": "bicycle_rental", "capacity": "31", "facility_type": "sharing", "fee": "yes", "brand": "Docomo Bike Share", "access": null, "covered": null, "supervised": null, "note": null, "operator": null, "opening_hours": null }, "geometry": { "type": "Point", "coordinates": [ 139.632103, 35.449408 ] } },
{ "type": "Feature", "properties": { "osm_id": "node/11436145994", "name": "大さん橋国際客船ターミナル", "ref": "46", "amenity": "bicycle_rental", "capacity": "8", "facility_type": "sharing", "fee": "yes", "brand": "Docomo Bike Share", "access": null, "covered": null, "supervised": null, "note": null, "operator": null, "opening_hours": null }, "geometry": { "type": "Point", "coordinates": [ 139.646107, 35.449977 ] } },
{ "type": "Feature", "properties": { "osm_id": "node/11436145996", "name": "港の見える丘公園(フランス橋)", "ref": "48", "amenity": "bicycle_rental", "capacity": "12", "facility_type": "sharing", "fee": "yes", "brand": "ドコモ・バイクシェア", "access": null, "covered": null, "supervised": null, "note": null, "operator": "ドコモ・バイクシェア", "opening_hours": null }, "geometry": { "type": "Point", "coordinates": [ 139.652282, 35.442141 ] } },
{ "type": "Feature", "properties": { "osm_id": "node/11436145999", "name": "石川町5丁目-2", "ref": "115", "amenity": "bicycle_rental", "capacity": "4", "facility_type": "sharing", "fee": "yes", "brand": "Docomo Bike Share", "access": null, "covered": null, "supervised": null, "note": null, "operator": null, "opening_hours": null }, "geometry": { "type": "Point", "coordinates": [ 139.637049, 35.436524 ] } },
{ "type": "Feature", "properties": { "osm_id": "node/11436146000", "name": "横浜市技能文化会館", "ref": "23", "amenity": "bicycle_rental", "capacity": "6", "facility_type": "sharing", "fee": "yes", "brand": "ドコモ・バイクシェア", "access": null, "covered": null, "supervised": null, "note": null, "operator": "ドコモ・バイクシェア", "opening_hours": null }, "geometry": { "type": "Point", "coordinates": [ 139.634809, 35.441958 ] } },
{ "type": "Feature", "properties": { "osm_id": "node/11436146001", "name": "横浜ワールドポーターズ", "ref": "28", "amenity": "bicycle_rental", "capacity": "9", "facility_type": "sharing", "fee": "yes", "brand": "Docomo Bike Share", "access": null, "covered": null, "supervised": null, "note": null, "operator": null, "opening_hours": null }, "geometry": { "type": "Point", "coordinates": [ 139.6382983, 35.4538894 ] } },
{ "type": "Feature", "properties": { "osm_id": "node/11436146002", "name": "元町・中華街駅駐輪場", "ref": "6", "amenity": "bicycle_rental", "capacity": "16", "facility_type": "sharing", "fee": "yes", "brand": "Docomo Bike Share", "access": null, "covered": null, "supervised": null, "note": null, "operator": null, "opening_hours": null }, "geometry": { "type": "Point", "coordinates": [ 139.6479261, 35.4409694 ] } },
{ "type": "Feature", "properties": { "osm_id": "node/11436146003", "name": "山下公園−東", "ref": "9", "amenity": "bicycle_rental", "capacity": "23", "facility_type": "sharing", "fee": "yes", "brand": "ドコモ・バイクシェア", "access": null, "covered": null, "supervised": null, "note": null, "operator": "ドコモ・バイクシェア", "opening_hours": null }, "geometry": { "type": "Point", "coordinates": [ 139.651117, 35.444519 ] } },
{ "type": "Feature", "properties": { "osm_id": "node/11436146005", "name": "NTTル･パルク山下駐車場", "ref": "14", "amenity": "bicycle_rental", "capacity": "10", "facility_type": "sharing", "fee": "yes", "brand": "ドコモ・バイクシェア", "access": null, "covered": null, "supervised": null, "note": null, "operator": "ドコモ・バイクシェア", "opening_hours": null }, "geometry": { "type": "Point", "coordinates": [ 139.643649, 35.444357 ] } },
{ "type": "Feature", "properties": { "osm_id": "node/11436146013", "name": "福富町西公園", "ref": "157", "amenity": "bicycle_rental", "capacity": "12", "facility_type": "sharing", "fee": "yes", "brand": "Docomo Bike Share", "access": null, "covered": null, "supervised": null, "note": null, "operator": null, "opening_hours": null }, "geometry": { "type": "Point", "coordinates": [ 139.631482, 35.446416 ] } },
{ "type": "Feature", "properties": { "osm_id": "node/11436146015", "name": "阪東橋公園", "ref": "159", "amenity": "bicycle_rental", "capacity": "8", "facility_type": "sharing", "fee": "yes", "brand": "Docomo Bike Share", "access": null, "covered": null, "supervised": null, "note": null, "operator": null, "opening_hours": null }, "geometry": { "type": "Point", "coordinates": [ 139.623198, 35.436872 ] } },
{ "type": "Feature", "properties": { "osm_id": "node/11436146016", "name": "根岸森林公園", "ref": "160", "amenity": "bicycle_rental", "capacity": "8", "facility_type": "sharing", "fee": "yes", "brand": "Docomo Bike Share", "access": null, "covered": null, "supervised": null, "note": null, "operator": null, "opening_hours": null }, "geometry": { "type": "Point", "coordinates": [ 139.638226, 35.420603 ] } },
{ "type": "Feature", "properties": { "osm_id": "node/11436146017", "name": "本牧市民公園", "ref": "161", "amenity": "bicycle_rental", "capacity": "14", "facility_type": "sharing", "fee": "yes", "brand": "Docomo Bike Share", "access": null, "covered": null, "supervised": null, "note": null, "operator": null, "opening_hours": null }, "geometry": { "type": "Point", "coordinates": [ 139.658463, 35.413715 ] } },
{ "type": "Feature", "properties": { "osm_id": "node/11436146018", "name": "中央第6関内ビル", "ref": "149", "amenity": "bicycle_rental", "capacity": "4", "facility_type": "sharing", "fee": "yes", "brand": "Docomo Bike Share", "access": null, "covered": null, "supervised": null, "note": null, "operator": null, "opening_hours": null }, "geometry": { "type": "Point", "coordinates": [ 139.637087, 35.442497 ] } },
{ "type": "Feature", "properties": { "osm_id": "node/11436146022", "name": "キリン園", "ref": "153", "amenity": "bicycle_rental", "capacity": "7", "facility_type": "sharing", "fee": "yes", "brand": "Docomo Bike Share", "access": null, "covered": null, "supervised": null, "note": null, "operator": null, "opening_hours": null }, "geometry": { "type": "Point", "coordinates": [ 139.653245, 35.435101 ] } },
{ "type": "Feature", "properties": { "osm_id": "node/11436146023", "name": "富士見川公園", "ref": "154", "amenity": "bicycle_rental", "capacity": "6", "facility_type": "sharing", "fee": "yes", "brand": "Docomo Bike Share", "access": null, "covered": null, "supervised": null, "note": null, "operator": null, "opening_hours": null }, "geometry": { "type": "Point", "coordinates": [ 139.62208, 35.438123 ] } },
{ "type": "Feature", "properties": { "osm_id": "node/11436146024", "name": "千歳公園", "ref": "155", "amenity": "bicycle_rental", "capacity": "9", "facility_type": "sharing", "fee": "yes", "brand": "Docomo Bike Share", "access": null, "covered": null, "supervised": null, "note": null, "operator": null, "opening_hours": null }, "geometry": { "type": "Point", "coordinates": [ 139.633259, 35.437421 ] } },
{ "type": "Feature", "properties": { "osm_id": "node/11436146025", "name": "羽衣街庭", "ref": "156", "amenity": "bicycle_rental", "capacity": "11", "facility_type": "sharing", "fee": "yes", "brand": "Docomo Bike Share", "access": null, "covered": null, "supervised": null, "note": null, "operator": null, "opening_hours": null }, "geometry": { "type": "Point", "coordinates": [ 139.632781, 35.443062 ] } },
{ "type": "Feature", "properties": { "osm_id": "node/11436146067", "name": "東京電力パワーグリッド株式会社 神奈川総支社", "ref": "147", "amenity": "bicycle_rental", "capacity": "4", "facility_type": "sharing", "fee": "yes", "brand": "ドコモ・バイクシェア", "access": null, "covered": null, "supervised": null, "note": null, "operator": "ドコモ・バイクシェア", "opening_hours": null }, "geometry": { "type": "Point", "coordinates": [ 139.640902, 35.44668 ] } },
{ "type": "Feature", "properties": { "osm_id": "node/11836237085", "name": "関東学院大学 関内キャンパス", "ref": "146", "amenity": "bicycle_rental", "capacity": "9", "facility_type": "sharing", "fee": "yes", "brand": "ドコモ・バイクシェア", "access": null, "covered": null, "supervised": null, "note": null, "operator": "ドコモ・バイクシェア", "opening_hours": null }, "geometry": { "type": "Point", "coordinates": [ 139.636154, 35.442932 ] } },
{ "type": "Feature", "properties": { "osm_id": "node/11836237089", "name": "みなと赤十字病院", "ref": "169", "amenity": "bicycle_rental", "capacity": "18", "facility_type": "sharing", "fee": "yes", "brand": "Docomo Bike Share", "access": null, "covered": null, "supervised": null, "note": null, "operator": null, "opening_hours": null }, "geometry": { "type": "Point", "coordinates": [ 139.663722, 35.437611 ] } },
{ "type": "Feature", "properties": { "osm_id": "node/11836237099", "name": "ホテル コメント 横浜関内", "ref": "168", "amenity": "bicycle_rental", "capacity": "4", "facility_type": "sharing", "fee": "yes", "brand": "Docomo Bike Share", "access": null, "covered": null, "supervised": null, "note": null, "operator": null, "opening_hours": null }, "geometry": { "type": "Point", "coordinates": [ 139.635678, 35.441042 ] } },
{ "type": "Feature", "properties": { "osm_id": "node/11836237105", "name": "プレシス横濱関内パークアベニュー", "ref": "167", "amenity": "bicycle_rental", "capacity": "5", "facility_type": "sharing", "fee": "yes", "brand": "ドコモ・バイクシェア", "access": null, "covered": null, "supervised": null, "note": null, "operator": "ドコモ・バイクシェア", "opening_hours": null }, "geometry": { "type": "Point", "coordinates": [ 139.6351588, 35.4433032 ] } },
{ "type": "Feature", "properties": { "osm_id": "node/11836237107", "name": "見晴通交番前", "ref": "166", "amenity": "bicycle_rental", "capacity": "5", "facility_type": "sharing", "fee": "yes", "brand": "Docomo Bike Share", "access": null, "covered": null, "supervised": null, "note": null, "operator": null, "opening_hours": null }, "geometry": { "type": "Point", "coordinates": [ 139.657639, 35.433667 ] } },
{ "type": "Feature", "properties": { "osm_id": "node/11843195580", "name": "ユナイト山手ロミー・シュナイダー", "ref": null, "amenity": "bicycle_rental", "capacity": "3", "facility_type": "sharing", "fee": "yes", "brand": "HELLO CYCLING", "access": null, "covered": null, "supervised": null, "note": null, "operator": null, "opening_hours": null }, "geometry": { "type": "Point", "coordinates": [ 139.6459116, 35.430474 ] } },
{ "type": "Feature", "properties": { "osm_id": "node/11843195634", "name": "スーパーホテル横浜・関内", "ref": null, "amenity": "bicycle_rental", "capacity": "8", "facility_type": "sharing", "fee": "yes", "brand": "HELLO CYCLING", "access": null, "covered": null, "supervised": null, "note": null, "operator": "OpenStreet", "opening_hours": null }, "geometry": { "type": "Point", "coordinates": [ 139.64240460000002, 35.4442697 ] } },
{ "type": "Feature", "properties": { "osm_id": "node/12295909467", "name": "ウエインズトヨタ神奈川 関内サービスセンター", "ref": null, "amenity": "bicycle_rental", "capacity": "4", "facility_type": "sharing", "fee": "yes", "brand": "HELLO CYCLING", "access": null, "covered": null, "supervised": null, "note": null, "operator": "OpenStreet", "opening_hours": null }, "geometry": { "type": "Point", "coordinates": [ 139.638578700000011, 35.4461273 ] } },
{ "type": "Feature", "properties": { "osm_id": "node/12295909469", "name": "ウエインズトヨタ神奈川 (旧)横浜三春台店", "ref": null, "amenity": "bicycle_rental", "capacity": "4", "facility_type": "sharing", "fee": "yes", "brand": "HELLO CYCLING", "access": null, "covered": null, "supervised": null, "note": null, "operator": null, "opening_hours": null }, "geometry": { "type": "Point", "coordinates": [ 139.62235, 35.4413899 ] } },
{ "type": "Feature", "properties": { "osm_id": "node/12295909473", "name": "ヒューリックみなとみらい②", "ref": null, "amenity": "bicycle_rental", "capacity": "6", "facility_type": "sharing", "fee": "yes", "brand": "HELLO CYCLING", "access": null, "covered": null, "supervised": null, "note": null, "operator": null, "opening_hours": null }, "geometry": { "type": "Point", "coordinates": [ 139.6299032, 35.4528154 ] } },
{ "type": "Feature", "properties": { "osm_id": "node/12295909474", "name": "ヒューリックみなとみらい①", "ref": null, "amenity": "bicycle_rental", "capacity": "15", "facility_type": "sharing", "fee": "yes", "brand": "HELLO CYCLING", "access": null, "covered": null, "supervised": null, "note": null, "operator": "OpenStreet", "opening_hours": null }, "geometry": { "type": "Point", "coordinates": [ 139.630701400000021, 35.4527276 ] } },
{ "type": "Feature", "properties": { "osm_id": "node/12295909585", "name": "ホテルテラス横浜", "ref": null, "amenity": "bicycle_rental", "capacity": "4", "facility_type": "sharing", "fee": "yes", "brand": "HELLO CYCLING", "access": null, "covered": null, "supervised": null, "note": null, "operator": null, "opening_hours": null }, "geometry": { "type": "Point", "coordinates": [ 139.628387700000019, 35.4510873 ] } },
{ "type": "Feature", "properties": { "osm_id": "node/12313504845", "name": "セブン-イレブン横浜本牧原店", "ref": "180", "amenity": "bicycle_rental", "capacity": "5", "facility_type": "sharing", "fee": "yes", "brand": "Docomo Bike Share", "access": null, "covered": null, "supervised": null, "note": null, "operator": null, "opening_hours": null }, "geometry": { "type": "Point", "coordinates": [ 139.666118, 35.426606 ] } },
{ "type": "Feature", "properties": { "osm_id": "node/12313504850", "name": "鷺山入口付近", "ref": "176", "amenity": "bicycle_rental", "capacity": "5", "facility_type": "sharing", "fee": "yes", "brand": "Docomo Bike Share", "access": null, "covered": null, "supervised": null, "note": null, "operator": null, "opening_hours": null }, "geometry": { "type": "Point", "coordinates": [ 139.647006, 35.433332 ] } },
{ "type": "Feature", "properties": { "osm_id": "node/12313504853", "name": "東京電力パワーグリッド株式会社中事務所", "ref": "174", "amenity": "bicycle_rental", "capacity": "5", "facility_type": "sharing", "fee": "yes", "brand": "Docomo Bike Share", "access": null, "covered": null, "supervised": null, "note": null, "operator": null, "opening_hours": null }, "geometry": { "type": "Point", "coordinates": [ 139.636388, 35.437993 ] } },
{ "type": "Feature", "properties": { "osm_id": "node/13097619459", "name": "LUUP", "ref": null, "amenity": "bicycle_rental", "capacity": "8", "facility_type": "sharing", "fee": "yes", "brand": "LUUP", "access": null, "covered": null, "supervised": null, "note": null, "operator": null, "opening_hours": "24/7" }, "geometry": { "type": "Point", "coordinates": [ 139.630126600000011, 35.4529125 ] } },
{ "type": "Feature", "properties": { "osm_id": "node/13189922552", "name": "169.みなと赤十字病院", "ref": null, "amenity": "bicycle_rental", "capacity": "18", "facility_type": "sharing", "fee": "yes", "brand": "HELLO CYCLING", "access": null, "covered": null, "supervised": null, "note": null, "operator": null, "opening_hours": null }, "geometry": { "type": "Point", "coordinates": [ 139.663722, 35.437611 ] } },
{ "type": "Feature", "properties": { "osm_id": "node/13189922553", "name": "161.本牧市民公園", "ref": null, "amenity": "bicycle_rental", "capacity": "14", "facility_type": "sharing", "fee": "yes", "brand": "HELLO CYCLING", "access": null, "covered": null, "supervised": null, "note": null, "operator": null, "opening_hours": null }, "geometry": { "type": "Point", "coordinates": [ 139.658463, 35.413715 ] } },
{ "type": "Feature", "properties": { "osm_id": "node/13189922554", "name": "160.根岸森林公園", "ref": null, "amenity": "bicycle_rental", "capacity": "9", "facility_type": "sharing", "fee": "yes", "brand": "HELLO CYCLING", "access": null, "covered": null, "supervised": null, "note": null, "operator": null, "opening_hours": null }, "geometry": { "type": "Point", "coordinates": [ 139.638226, 35.420603 ] } },
{ "type": "Feature", "properties": { "osm_id": "node/13189922555", "name": "159.阪東橋公園", "ref": null, "amenity": "bicycle_rental", "capacity": "8", "facility_type": "sharing", "fee": "yes", "brand": "HELLO CYCLING", "access": null, "covered": null, "supervised": null, "note": null, "operator": null, "opening_hours": null }, "geometry": { "type": "Point", "coordinates": [ 139.623198, 35.436872 ] } },
{ "type": "Feature", "properties": { "osm_id": "node/13189922557", "name": "157.福富町西公園", "ref": null, "amenity": "bicycle_rental", "capacity": "12", "facility_type": "sharing", "fee": "yes", "brand": "HELLO CYCLING", "access": null, "covered": null, "supervised": null, "note": null, "operator": null, "opening_hours": null }, "geometry": { "type": "Point", "coordinates": [ 139.631482, 35.446416 ] } },
{ "type": "Feature", "properties": { "osm_id": "node/13189922558", "name": "156.羽衣街庭", "ref": null, "amenity": "bicycle_rental", "capacity": "13", "facility_type": "sharing", "fee": "yes", "brand": "HELLO CYCLING", "access": null, "covered": null, "supervised": null, "note": null, "operator": null, "opening_hours": null }, "geometry": { "type": "Point", "coordinates": [ 139.632781, 35.443062 ] } },
{ "type": "Feature", "properties": { "osm_id": "node/13189922559", "name": "154.富士見川公園", "ref": null, "amenity": "bicycle_rental", "capacity": "7", "facility_type": "sharing", "fee": "yes", "brand": "HELLO CYCLING", "access": null, "covered": null, "supervised": null, "note": null, "operator": null, "opening_hours": null }, "geometry": { "type": "Point", "coordinates": [ 139.62208, 35.438123 ] } },
{ "type": "Feature", "properties": { "osm_id": "node/13189922560", "name": "153.キリン園", "ref": null, "amenity": "bicycle_rental", "capacity": "7", "facility_type": "sharing", "fee": "yes", "brand": "HELLO CYCLING", "access": null, "covered": null, "supervised": null, "note": null, "operator": null, "opening_hours": null }, "geometry": { "type": "Point", "coordinates": [ 139.653245, 35.435101 ] } },
{ "type": "Feature", "properties": { "osm_id": "node/13189922562", "name": "144.関内駅第三駐輪場", "ref": null, "amenity": "bicycle_rental", "capacity": "43", "facility_type": "sharing", "fee": "yes", "brand": "HELLO CYCLING", "access": null, "covered": null, "supervised": null, "note": null, "operator": null, "opening_hours": null }, "geometry": { "type": "Point", "coordinates": [ 139.639079, 35.442375 ] } },
{ "type": "Feature", "properties": { "osm_id": "node/13189922569", "name": "110.横浜市役所", "ref": null, "amenity": "bicycle_rental", "capacity": "16", "facility_type": "sharing", "fee": "yes", "brand": "HELLO CYCLING", "access": null, "covered": null, "supervised": null, "note": null, "operator": null, "opening_hours": null }, "geometry": { "type": "Point", "coordinates": [ 139.634167, 35.451083 ] } },
{ "type": "Feature", "properties": { "osm_id": "node/13189922570", "name": "104.カップヌードルミュージアムパーク", "ref": null, "amenity": "bicycle_rental", "capacity": "1000", "facility_type": "sharing", "fee": "yes", "brand": "HELLO CYCLING", "access": null, "covered": null, "supervised": null, "note": null, "operator": null, "opening_hours": null }, "geometry": { "type": "Point", "coordinates": [ 139.640658, 35.455152 ] } },
{ "type": "Feature", "properties": { "osm_id": "node/13189922573", "name": "089.イオン本牧店前", "ref": null, "amenity": "bicycle_rental", "capacity": "1000", "facility_type": "sharing", "fee": "yes", "brand": "HELLO CYCLING", "access": null, "covered": null, "supervised": null, "note": null, "operator": null, "opening_hours": null }, "geometry": { "type": "Point", "coordinates": [ 139.666541, 35.425196 ] } },
{ "type": "Feature", "properties": { "osm_id": "node/13189922574", "name": "083.NTT本牧ビル", "ref": null, "amenity": "bicycle_rental", "capacity": "1000", "facility_type": "sharing", "fee": "yes", "brand": "HELLO CYCLING", "access": null, "covered": null, "supervised": null, "note": null, "operator": null, "opening_hours": null }, "geometry": { "type": "Point", "coordinates": [ 139.663295, 35.435227 ] } },
{ "type": "Feature", "properties": { "osm_id": "node/13189922581", "name": "056.開港広場公園", "ref": null, "amenity": "bicycle_rental", "capacity": "1000", "facility_type": "sharing", "fee": "yes", "brand": "HELLO CYCLING", "access": null, "covered": null, "supervised": null, "note": null, "operator": null, "opening_hours": null }, "geometry": { "type": "Point", "coordinates": [ 139.644265, 35.447165 ] } },
{ "type": "Feature", "properties": { "osm_id": "node/13189922582", "name": "052.伊勢佐木長者町駅駐輪場", "ref": null, "amenity": "bicycle_rental", "capacity": "10", "facility_type": "sharing", "fee": "yes", "brand": "HELLO CYCLING", "access": null, "covered": null, "supervised": null, "note": null, "operator": null, "opening_hours": null }, "geometry": { "type": "Point", "coordinates": [ 139.632243, 35.440582 ] } },
{ "type": "Feature", "properties": { "osm_id": "node/13189922584", "name": "048.港の見える丘公園(フランス橋)", "ref": null, "amenity": "bicycle_rental", "capacity": "15", "facility_type": "sharing", "fee": "yes", "brand": "HELLO CYCLING", "access": null, "covered": null, "supervised": null, "note": null, "operator": null, "opening_hours": null }, "geometry": { "type": "Point", "coordinates": [ 139.652282, 35.442141 ] } },
{ "type": "Feature", "properties": { "osm_id": "node/13189922585", "name": "046.大さん橋国際客船ターミナル", "ref": null, "amenity": "bicycle_rental", "capacity": "10", "facility_type": "sharing", "fee": "yes", "brand": "HELLO CYCLING", "access": null, "covered": null, "supervised": null, "note": null, "operator": null, "opening_hours": null }, "geometry": { "type": "Point", "coordinates": [ 139.646107, 35.449977 ] } },
{ "type": "Feature", "properties": { "osm_id": "node/13189922587", "name": "042.桜木町日本丸交差点前", "ref": null, "amenity": "bicycle_rental", "capacity": "10", "facility_type": "sharing", "fee": "yes", "brand": "HELLO CYCLING", "access": null, "covered": null, "supervised": null, "note": null, "operator": null, "opening_hours": null }, "geometry": { "type": "Point", "coordinates": [ 139.632079, 35.452239 ] } },
{ "type": "Feature", "properties": { "osm_id": "node/13189922588", "name": "041.神奈川県庁西庁舎", "ref": null, "amenity": "bicycle_rental", "capacity": "1000", "facility_type": "sharing", "fee": "yes", "brand": "HELLO CYCLING", "access": null, "covered": null, "supervised": null, "note": null, "operator": null, "opening_hours": null }, "geometry": { "type": "Point", "coordinates": [ 139.640649, 35.448529 ] } },
{ "type": "Feature", "properties": { "osm_id": "node/13189922589", "name": "023.横浜市技能文化会館", "ref": null, "amenity": "bicycle_rental", "capacity": "1000", "facility_type": "sharing", "fee": "yes", "brand": "HELLO CYCLING", "access": null, "covered": null, "supervised": null, "note": null, "operator": "OpenStreet", "opening_hours": null }, "geometry": { "type": "Point", "coordinates": [ 139.6348347, 35.4419694 ] } },
{ "type": "Feature", "properties": { "osm_id": "node/13189922590", "name": "012.馬車道駅", "ref": null, "amenity": "bicycle_rental", "capacity": "1000", "facility_type": "sharing", "fee": "yes", "brand": "HELLO CYCLING", "access": null, "covered": null, "supervised": null, "note": null, "operator": null, "opening_hours": null }, "geometry": { "type": "Point", "coordinates": [ 139.636086, 35.450495 ] } },
{ "type": "Feature", "properties": { "osm_id": "node/13189922591", "name": "010.横浜赤レンガ倉庫", "ref": null, "amenity": "bicycle_rental", "capacity": "1000", "facility_type": "sharing", "fee": "yes", "brand": "HELLO CYCLING", "access": null, "covered": null, "supervised": null, "note": null, "operator": null, "opening_hours": null }, "geometry": { "type": "Point", "coordinates": [ 139.642432, 35.453626 ] } },
{ "type": "Feature", "properties": { "osm_id": "node/13189922592", "name": "009.山下公園−東", "ref": null, "amenity": "bicycle_rental", "capacity": "23", "facility_type": "sharing", "fee": "yes", "brand": "HELLO CYCLING", "access": null, "covered": null, "supervised": null, "note": null, "operator": null, "opening_hours": null }, "geometry": { "type": "Point", "coordinates": [ 139.651117, 35.444519 ] } },
{ "type": "Feature", "properties": { "osm_id": "node/13189922593", "name": "006.元町・中華街駅駐輪場", "ref": null, "amenity": "bicycle_rental", "capacity": "16", "facility_type": "sharing", "fee": "yes", "brand": "HELLO CYCLING", "access": null, "covered": null, "supervised": null, "note": null, "operator": null, "opening_hours": null }, "geometry": { "type": "Point", "coordinates": [ 139.647914, 35.440988 ] } },
{ "type": "Feature", "properties": { "osm_id": "node/13189922594", "name": "003.桜木町駅駐輪場", "ref": null, "amenity": "bicycle_rental", "capacity": "32", "facility_type": "sharing", "fee": "yes", "brand": "HELLO CYCLING", "access": null, "covered": null, "supervised": null, "note": null, "operator": null, "opening_hours": null }, "geometry": { "type": "Point", "coordinates": [ 139.632103, 35.449408 ] } },
{ "type": "Feature", "properties": { "osm_id": "node/13189922595", "name": "002.石川町駅駐輪場", "ref": null, "amenity": "bicycle_rental", "capacity": "39", "facility_type": "sharing", "fee": "yes", "brand": "HELLO CYCLING", "access": null, "covered": null, "supervised": null, "note": null, "operator": null, "opening_hours": null }, "geometry": { "type": "Point", "coordinates": [ 139.642991, 35.440061 ] } },
{ "type": "Feature", "properties": { "osm_id": "node/13189922596", "name": "001.関内駅", "ref": null, "amenity": "bicycle_rental", "capacity": "1000", "facility_type": "sharing", "fee": "yes", "brand": "HELLO CYCLING", "access": null, "covered": null, "supervised": null, "note": null, "operator": null, "opening_hours": null }, "geometry": { "type": "Point", "coordinates": [ 139.636138, 35.444105 ] } },
{ "type": "Feature", "properties": { "osm_id": "node/13189922622", "name": "リパーク山手駅前第2", "ref": null, "amenity": "bicycle_rental", "capacity": "10", "facility_type": "sharing", "fee": "yes", "brand": "HELLO CYCLING", "access": null, "covered": null, "supervised": null, "note": null, "operator": null, "opening_hours": null }, "geometry": { "type": "Point", "coordinates": [ 139.6461701, 35.4277838 ] } },
{ "type": "Feature", "properties": { "osm_id": "node/13189922623", "name": "リパーク横浜大和町１丁目", "ref": null, "amenity": "bicycle_rental", "capacity": "8", "facility_type": "sharing", "fee": "yes", "brand": "HELLO CYCLING", "access": null, "covered": null, "supervised": null, "note": null, "operator": null, "opening_hours": null }, "geometry": { "type": "Point", "coordinates": [ 139.647865600000017, 35.430274 ] } },
{ "type": "Feature", "properties": { "osm_id": "node/13189922654", "name": "横浜市中区大和町1丁目1", "ref": null, "amenity": "bicycle_rental", "capacity": "8", "facility_type": "sharing", "fee": "yes", "brand": "HELLO CYCLING", "access": null, "covered": null, "supervised": null, "note": null, "operator": null, "opening_hours": null }, "geometry": { "type": "Point", "coordinates": [ 139.6491819, 35.4321232 ] } },
{ "type": "Feature", "properties": { "osm_id": "node/13189922729", "name": "エースパーク山下町第２", "ref": null, "amenity": "bicycle_rental", "capacity": "10", "facility_type": "sharing", "fee": "yes", "brand": "HELLO CYCLING", "access": null, "covered": null, "supervised": null, "note": null, "operator": null, "opening_hours": null }, "geometry": { "type": "Point", "coordinates": [ 139.64472, 35.441863 ] } },
{ "type": "Feature", "properties": { "osm_id": "node/13189922765", "name": "イエローハット 新山下店", "ref": null, "amenity": "bicycle_rental", "capacity": "12", "facility_type": "sharing", "fee": "yes", "brand": "HELLO CYCLING", "access": null, "covered": null, "supervised": null, "note": null, "operator": null, "opening_hours": null }, "geometry": { "type": "Point", "coordinates": [ 139.65827920000001, 35.4420883 ] } },
{ "type": "Feature", "properties": { "osm_id": "node/13192247154", "name": "クリオレミントンハウス山下公園", "ref": "191", "amenity": "bicycle_rental", "capacity": "5", "facility_type": "sharing", "fee": "yes", "brand": "Docomo Bike Share", "access": null, "covered": null, "supervised": null, "note": null, "operator": null, "opening_hours": null }, "geometry": { "type": "Point", "coordinates": [ 139.64984, 35.442396 ] } },
{ "type": "Feature", "properties": { "osm_id": "node/13192247179", "name": "新山下ベイシティ", "ref": "190", "amenity": "bicycle_rental", "capacity": "5", "facility_type": "sharing", "fee": "yes", "brand": "Docomo Bike Share", "access": null, "covered": null, "supervised": null, "note": null, "operator": null, "opening_hours": null }, "geometry": { "type": "Point", "coordinates": [ 139.662331, 35.435614 ] } },
{ "type": "Feature", "properties": { "osm_id": "node/13192247183", "name": "関内南仲通（横浜振興前）", "ref": "9006", "amenity": "bicycle_rental", "capacity": "2", "facility_type": "sharing", "fee": "yes", "brand": "Docomo Bike Share", "access": null, "covered": null, "supervised": null, "note": null, "operator": null, "opening_hours": null }, "geometry": { "type": "Point", "coordinates": [ 139.63968, 35.447591 ] } },
{ "type": "Feature", "properties": { "osm_id": "node/13192247186", "name": "BAY AZURE関内", "ref": "9004", "amenity": "bicycle_rental", "capacity": "13", "facility_type": "sharing", "fee": "yes", "brand": "Docomo Bike Share", "access": null, "covered": null, "supervised": null, "note": null, "operator": null, "opening_hours": null }, "geometry": { "type": "Point", "coordinates": [ 139.635909, 35.437574 ] } },
{ "type": "Feature", "properties": { "osm_id": "node/13192247190", "name": "ウエインズトヨタ神奈川 関内サービスセンター", "ref": "9002", "amenity": "bicycle_rental", "capacity": "2", "facility_type": "sharing", "fee": "yes", "brand": "Docomo Bike Share", "access": null, "covered": null, "supervised": null, "note": null, "operator": null, "opening_hours": null }, "geometry": { "type": "Point", "coordinates": [ 139.638579, 35.446127 ] } },
{ "type": "Feature", "properties": { "osm_id": "node/13192274841", "name": "ファンケルビル", "ref": "183", "amenity": "bicycle_rental", "capacity": "1", "facility_type": "sharing", "fee": "yes", "brand": "Docomo Bike Share", "access": null, "covered": null, "supervised": null, "note": null, "operator": null, "opening_hours": null }, "geometry": { "type": "Point", "coordinates": [ 139.643187, 35.445258 ] } },
{ "type": "Feature", "properties": { "osm_id": "node/13722830764", "name": "194.中スポーツセンター", "ref": null, "amenity": "bicycle_rental", "capacity": "9", "facility_type": "sharing", "fee": "yes", "brand": "HELLO CYCLING", "access": null, "covered": null, "supervised": null, "note": null, "operator": null, "opening_hours": null }, "geometry": { "type": "Point", "coordinates": [ 139.661831, 35.436195 ] } },
{ "type": "Feature", "properties": { "osm_id": "node/13722830765", "name": "196.日ノ出川公園", "ref": null, "amenity": "bicycle_rental", "capacity": "9", "facility_type": "sharing", "fee": "yes", "brand": "HELLO CYCLING", "access": null, "covered": null, "supervised": null, "note": null, "operator": null, "opening_hours": null }, "geometry": { "type": "Point", "coordinates": [ 139.634235, 35.440951 ] } },
{ "type": "Feature", "properties": { "osm_id": "node/13722830779", "name": "ホームズ新山下店", "ref": null, "amenity": "bicycle_rental", "capacity": "16", "facility_type": "sharing", "fee": "yes", "brand": "HELLO CYCLING", "access": null, "covered": null, "supervised": null, "note": null, "operator": null, "opening_hours": null }, "geometry": { "type": "Point", "coordinates": [ 139.66034860000002, 35.4400834 ] } },
{ "type": "Feature", "properties": { "osm_id": "node/13722830811", "name": "JP BAYSIDE HUB", "ref": null, "amenity": "bicycle_rental", "capacity": "14", "facility_type": "sharing", "fee": "yes", "brand": "HELLO CYCLING", "access": null, "covered": null, "supervised": null, "note": null, "operator": null, "opening_hours": null }, "geometry": { "type": "Point", "coordinates": [ 139.65166, 35.44339 ] } },
{ "type": "Feature", "properties": { "osm_id": "node/13722830820", "name": "KDXレジデンス横浜関内", "ref": null, "amenity": "bicycle_rental", "capacity": "8", "facility_type": "sharing", "fee": "yes", "brand": "HELLO CYCLING", "access": null, "covered": null, "supervised": null, "note": null, "operator": null, "opening_hours": null }, "geometry": { "type": "Point", "coordinates": [ 139.634414600000014, 35.4416472 ] } },
{ "type": "Feature", "properties": { "osm_id": "node/13722830890", "name": "アークス本牧店", "ref": null, "amenity": "bicycle_rental", "capacity": "7", "facility_type": "sharing", "fee": "yes", "brand": "HELLO CYCLING", "access": null, "covered": null, "supervised": null, "note": null, "operator": null, "opening_hours": null }, "geometry": { "type": "Point", "coordinates": [ 139.665718, 35.4269711 ] } },
{ "type": "Feature", "properties": { "osm_id": "node/13722830899", "name": "183.ファンケルビル", "ref": null, "amenity": "bicycle_rental", "capacity": "3", "facility_type": "sharing", "fee": "yes", "brand": "HELLO CYCLING", "access": null, "covered": null, "supervised": null, "note": null, "operator": null, "opening_hours": null }, "geometry": { "type": "Point", "coordinates": [ 139.643187, 35.445258 ] } },
{ "type": "Feature", "properties": { "osm_id": "node/13722831012", "name": "168.ホテル コメント 横浜関内", "ref": null, "amenity": "bicycle_rental", "capacity": "5", "facility_type": "sharing", "fee": "yes", "brand": "HELLO CYCLING", "access": null, "covered": null, "supervised": null, "note": null, "operator": null, "opening_hours": null }, "geometry": { "type": "Point", "coordinates": [ 139.635678, 35.441042 ] } },
{ "type": "Feature", "properties": { "osm_id": "node/13722831013", "name": "167.プレシス横濱関内パークアベニュー", "ref": null, "amenity": "bicycle_rental", "capacity": "5", "facility_type": "sharing", "fee": "yes", "brand": "HELLO CYCLING", "access": null, "covered": null, "supervised": null, "note": null, "operator": "OpenStreet", "opening_hours": null }, "geometry": { "type": "Point", "coordinates": [ 139.635181, 35.443286 ] } },
{ "type": "Feature", "properties": { "osm_id": "node/13722831014", "name": "155.千歳公園", "ref": null, "amenity": "bicycle_rental", "capacity": "10", "facility_type": "sharing", "fee": "yes", "brand": "HELLO CYCLING", "access": null, "covered": null, "supervised": null, "note": null, "operator": null, "opening_hours": null }, "geometry": { "type": "Point", "coordinates": [ 139.633259, 35.437421 ] } },
{ "type": "Feature", "properties": { "osm_id": "node/13722831019", "name": "134.横浜カントリー・アンド・アスレティック・クラブ", "ref": null, "amenity": "bicycle_rental", "capacity": "1000", "facility_type": "sharing", "fee": "yes", "brand": "HELLO CYCLING", "access": null, "covered": null, "supervised": null, "note": null, "operator": null, "opening_hours": null }, "geometry": { "type": "Point", "coordinates": [ 139.648904, 35.423768 ] } },
{ "type": "Feature", "properties": { "osm_id": "node/13722831020", "name": "125.タイムズステーション横浜山下町B", "ref": null, "amenity": "bicycle_rental", "capacity": "1000", "facility_type": "sharing", "fee": "yes", "brand": "HELLO CYCLING", "access": null, "covered": null, "supervised": null, "note": null, "operator": null, "opening_hours": null }, "geometry": { "type": "Point", "coordinates": [ 139.647974, 35.44491 ] } },
{ "type": "Feature", "properties": { "osm_id": "node/13722831022", "name": "105.みなとみらい21 クリーンセンター", "ref": null, "amenity": "bicycle_rental", "capacity": "4", "facility_type": "sharing", "fee": "yes", "brand": "HELLO CYCLING", "access": null, "covered": null, "supervised": null, "note": null, "operator": null, "opening_hours": null }, "geometry": { "type": "Point", "coordinates": [ 139.630073, 35.453156 ] } },
{ "type": "Feature", "properties": { "osm_id": "node/13722831024", "name": "073.横浜山下町スペースバリュー", "ref": null, "amenity": "bicycle_rental", "capacity": "1000", "facility_type": "sharing", "fee": "yes", "brand": "HELLO CYCLING", "access": null, "covered": null, "supervised": null, "note": null, "operator": null, "opening_hours": null }, "geometry": { "type": "Point", "coordinates": [ 139.646478, 35.444997 ] } },
{ "type": "Feature", "properties": { "osm_id": "node/13722831025", "name": "055.マリン&ウォークヨコハマ", "ref": null, "amenity": "bicycle_rental", "capacity": "7", "facility_type": "sharing", "fee": "yes", "brand": "HELLO CYCLING", "access": null, "covered": null, "supervised": null, "note": null, "operator": null, "opening_hours": null }, "geometry": { "type": "Point", "coordinates": [ 139.641577, 35.454987 ] } },
{ "type": "Feature", "properties": { "osm_id": "node/13722831029", "name": "036.紅葉坂下", "ref": null, "amenity": "bicycle_rental", "capacity": "1000", "facility_type": "sharing", "fee": "yes", "brand": "HELLO CYCLING", "access": null, "covered": null, "supervised": null, "note": null, "operator": null, "opening_hours": null }, "geometry": { "type": "Point", "coordinates": [ 139.629408, 35.452491 ] } },
{ "type": "Feature", "properties": { "osm_id": "node/13722831030", "name": "004.都市発展記念館（日本大通り駅）", "ref": null, "amenity": "bicycle_rental", "capacity": "1000", "facility_type": "sharing", "fee": "yes", "brand": "HELLO CYCLING", "access": null, "covered": null, "supervised": null, "note": null, "operator": null, "opening_hours": null }, "geometry": { "type": "Point", "coordinates": [ 139.643317, 35.445948 ] } },
{ "type": "Feature", "properties": { "osm_id": "node/13726855609", "name": "リパーク横浜大和町１丁目", "ref": "9013", "amenity": "bicycle_rental", "capacity": "7", "facility_type": "sharing", "fee": "yes", "brand": "Docomo Bike Share", "access": null, "covered": null, "supervised": null, "note": null, "operator": null, "opening_hours": null }, "geometry": { "type": "Point", "coordinates": [ 139.647866, 35.430274 ] } },
{ "type": "Feature", "properties": { "osm_id": "node/13726855610", "name": "リパーク山手駅前第2", "ref": "9012", "amenity": "bicycle_rental", "capacity": "8", "facility_type": "sharing", "fee": "yes", "brand": "Docomo Bike Share", "access": null, "covered": null, "supervised": null, "note": null, "operator": null, "opening_hours": null }, "geometry": { "type": "Point", "coordinates": [ 139.64617, 35.427784 ] } },
{ "type": "Feature", "properties": { "osm_id": "node/13726855611", "name": "CENTRAL GARDEN", "ref": "205", "amenity": "bicycle_rental", "capacity": "4", "facility_type": "sharing", "fee": "yes", "brand": "Docomo Bike Share", "access": null, "covered": null, "supervised": null, "note": null, "operator": null, "opening_hours": null }, "geometry": { "type": "Point", "coordinates": [ 139.632861, 35.43952 ] } },
{ "type": "Feature", "properties": { "osm_id": "node/13726855612", "name": "セントラルシティ横浜", "ref": "204", "amenity": "bicycle_rental", "capacity": "4", "facility_type": "sharing", "fee": "yes", "brand": "Docomo Bike Share", "access": null, "covered": null, "supervised": null, "note": null, "operator": null, "opening_hours": null }, "geometry": { "type": "Point", "coordinates": [ 139.634541, 35.438629 ] } },
{ "type": "Feature", "properties": { "osm_id": "node/13726855613", "name": "BASEGATE 横浜関内", "ref": "203", "amenity": "bicycle_rental", "capacity": "5", "facility_type": "sharing", "fee": "yes", "brand": "Docomo Bike Share", "access": null, "covered": null, "supervised": null, "note": null, "operator": null, "opening_hours": null }, "geometry": { "type": "Point", "coordinates": [ 139.637486, 35.444384 ] } },
{ "type": "Feature", "properties": { "osm_id": "node/13726855614", "name": "山元町5丁目交差点付近", "ref": "202", "amenity": "bicycle_rental", "capacity": "7", "facility_type": "sharing", "fee": "yes", "brand": "Docomo Bike Share", "access": null, "covered": null, "supervised": null, "note": null, "operator": null, "opening_hours": null }, "geometry": { "type": "Point", "coordinates": [ 139.641067, 35.424416 ] } },
{ "type": "Feature", "properties": { "osm_id": "node/13726855615", "name": "山元町4丁目バス停前", "ref": "201", "amenity": "bicycle_rental", "capacity": "34", "facility_type": "sharing", "fee": "yes", "brand": "Docomo Bike Share", "access": null, "covered": null, "supervised": null, "note": null, "operator": null, "opening_hours": null }, "geometry": { "type": "Point", "coordinates": [ 139.640056, 35.426371 ] } },
{ "type": "Feature", "properties": { "osm_id": "node/13726855616", "name": "山元町3丁目143地先", "ref": "200", "amenity": "bicycle_rental", "capacity": "20", "facility_type": "sharing", "fee": "yes", "brand": "Docomo Bike Share", "access": null, "covered": null, "supervised": null, "note": null, "operator": null, "opening_hours": null }, "geometry": { "type": "Point", "coordinates": [ 139.638297, 35.428774 ] } },
{ "type": "Feature", "properties": { "osm_id": "node/13726855618", "name": "フロール山田町第３", "ref": "198", "amenity": "bicycle_rental", "capacity": "6", "facility_type": "sharing", "fee": "yes", "brand": "Docomo Bike Share", "access": null, "covered": null, "supervised": null, "note": null, "operator": null, "opening_hours": null }, "geometry": { "type": "Point", "coordinates": [ 139.632437, 35.438629 ] } },
{ "type": "Feature", "properties": { "osm_id": "node/13726855619", "name": "元町公園前パーキング", "ref": "197", "amenity": "bicycle_rental", "capacity": "6", "facility_type": "sharing", "fee": "yes", "brand": "Docomo Bike Share", "access": null, "covered": null, "supervised": null, "note": null, "operator": null, "opening_hours": null }, "geometry": { "type": "Point", "coordinates": [ 139.650894, 35.439383 ] } },
{ "type": "Feature", "properties": { "osm_id": "node/13726855620", "name": "日ノ出川公園", "ref": "196", "amenity": "bicycle_rental", "capacity": "8", "facility_type": "sharing", "fee": "yes", "brand": "Docomo Bike Share", "access": null, "covered": null, "supervised": null, "note": null, "operator": null, "opening_hours": null }, "geometry": { "type": "Point", "coordinates": [ 139.634235, 35.440951 ] } },
{ "type": "Feature", "properties": { "osm_id": "node/13726855621", "name": "JP BAYSIDE HUB", "ref": "195", "amenity": "bicycle_rental", "capacity": "31", "facility_type": "sharing", "fee": "yes", "brand": "Docomo Bike Share", "access": null, "covered": null, "supervised": null, "note": null, "operator": null, "opening_hours": null }, "geometry": { "type": "Point", "coordinates": [ 139.651492, 35.443372 ] } },
{ "type": "Feature", "properties": { "osm_id": "node/13726855622", "name": "中スポーツセンター", "ref": "194", "amenity": "bicycle_rental", "capacity": "7", "facility_type": "sharing", "fee": "yes", "brand": "Docomo Bike Share", "access": null, "covered": null, "supervised": null, "note": null, "operator": null, "opening_hours": null }, "geometry": { "type": "Point", "coordinates": [ 139.661831, 35.436195 ] } },
{ "type": "Feature", "properties": { "osm_id": "way/47969139", "name": "元町・中華街駅自転車駐車場", "ref": null, "amenity": "bicycle_parking", "capacity": null, "facility_type": "parking", "fee": "yes", "brand": null, "access": "yes", "covered": "yes", "supervised": "yes", "note": null, "operator": null, "opening_hours": null }, "geometry": { "type": "Point", "coordinates": [ 139.652725179216304, 35.442184240207872 ] } },
{ "type": "Feature", "properties": { "osm_id": "way/72991674", "name": null, "ref": null, "amenity": "bicycle_parking", "capacity": null, "facility_type": "parking", "fee": null, "brand": null, "access": null, "covered": null, "supervised": null, "note": null, "operator": null, "opening_hours": null }, "geometry": { "type": "Point", "coordinates": [ 139.643065552991175, 35.454269248044191 ] } },
{ "type": "Feature", "properties": { "osm_id": "way/222976235", "name": "関内自転車駐輪場", "ref": null, "amenity": "bicycle_parking", "capacity": null, "facility_type": "parking", "fee": null, "brand": null, "access": null, "covered": null, "supervised": "yes", "note": null, "operator": "横浜市", "opening_hours": null }, "geometry": { "type": "Point", "coordinates": [ 139.634359753462093, 35.445715014311531 ] } },
{ "type": "Feature", "properties": { "osm_id": "way/222976236", "name": "関内自転車駐輪場", "ref": null, "amenity": "bicycle_parking", "capacity": null, "facility_type": "parking", "fee": null, "brand": null, "access": null, "covered": null, "supervised": "yes", "note": null, "operator": "横浜市", "opening_hours": null }, "geometry": { "type": "Point", "coordinates": [ 139.634726182890716, 35.445316473602482 ] } },
{ "type": "Feature", "properties": { "osm_id": "way/222978672", "name": "関内駅第三自転車駐車場", "ref": null, "amenity": "bicycle_parking", "capacity": null, "facility_type": "parking", "fee": null, "brand": null, "access": null, "covered": null, "supervised": null, "note": null, "operator": "横浜市", "opening_hours": null }, "geometry": { "type": "Point", "coordinates": [ 139.636222720337827, 35.443932979504602 ] } },
{ "type": "Feature", "properties": { "osm_id": "way/303276590", "name": "ECOPOOL", "ref": null, "amenity": "bicycle_parking", "capacity": null, "facility_type": "parking", "fee": null, "brand": null, "access": null, "covered": null, "supervised": null, "note": null, "operator": null, "opening_hours": null }, "geometry": { "type": "Point", "coordinates": [ 139.623933967066165, 35.440300048765259 ] } },
{ "type": "Feature", "properties": { "osm_id": "way/316032415", "name": null, "ref": null, "amenity": "bicycle_parking", "capacity": "0", "facility_type": "parking", "fee": null, "brand": null, "access": "destination", "covered": "no", "supervised": null, "note": null, "operator": "山手警察署", "opening_hours": null }, "geometry": { "type": "Point", "coordinates": [ 139.664252650120176, 35.429377897855687 ] } },
{ "type": "Feature", "properties": { "osm_id": "way/354288420", "name": null, "ref": null, "amenity": "bicycle_parking", "capacity": null, "facility_type": "parking", "fee": "no", "brand": null, "access": null, "covered": "no", "supervised": null, "note": null, "operator": null, "opening_hours": null }, "geometry": { "type": "Point", "coordinates": [ 139.664269032325564, 35.430031767582555 ] } },
{ "type": "Feature", "properties": { "osm_id": "way/380176347", "name": null, "ref": null, "amenity": "bicycle_parking", "capacity": "7", "facility_type": "parking", "fee": "no", "brand": null, "access": "customers", "covered": "no", "supervised": "no", "note": null, "operator": null, "opening_hours": null }, "geometry": { "type": "Point", "coordinates": [ 139.648140428892816, 35.435208837120989 ] } },
{ "type": "Feature", "properties": { "osm_id": "way/385650294", "name": null, "ref": null, "amenity": "bicycle_parking", "capacity": null, "facility_type": "parking", "fee": "no", "brand": null, "access": null, "covered": "no", "supervised": null, "note": null, "operator": null, "opening_hours": null }, "geometry": { "type": "Point", "coordinates": [ 139.664620352711466, 35.430566352573045 ] } },
{ "type": "Feature", "properties": { "osm_id": "way/385650295", "name": null, "ref": null, "amenity": "bicycle_parking", "capacity": null, "facility_type": "parking", "fee": "no", "brand": null, "access": null, "covered": "no", "supervised": null, "note": null, "operator": null, "opening_hours": null }, "geometry": { "type": "Point", "coordinates": [ 139.664386554843531, 35.430218599916564 ] } },
{ "type": "Feature", "properties": { "osm_id": "way/385650296", "name": null, "ref": null, "amenity": "bicycle_parking", "capacity": null, "facility_type": "parking", "fee": "no", "brand": null, "access": null, "covered": "no", "supervised": null, "note": null, "operator": null, "opening_hours": null }, "geometry": { "type": "Point", "coordinates": [ 139.664667812298916, 35.43040018568508 ] } },
{ "type": "Feature", "properties": { "osm_id": "way/385650297", "name": null, "ref": null, "amenity": "bicycle_parking", "capacity": null, "facility_type": "parking", "fee": "no", "brand": null, "access": null, "covered": "no", "supervised": null, "note": null, "operator": null, "opening_hours": null }, "geometry": { "type": "Point", "coordinates": [ 139.66454329446654, 35.430326657827855 ] } },
{ "type": "Feature", "properties": { "osm_id": "way/408519193", "name": "中区役所前自転車駐輪場", "ref": null, "amenity": "bicycle_parking", "capacity": "44", "facility_type": "parking", "fee": "no", "brand": null, "access": "customers", "covered": "no", "supervised": "no", "note": null, "operator": "中区役所; 中土木事務所", "opening_hours": "Mo-Fr 08:30-17:15; Su 08:45-17:00" }, "geometry": { "type": "Point", "coordinates": [ 139.641911066679455, 35.444648718157914 ] } },
{ "type": "Feature", "properties": { "osm_id": "way/408519196", "name": "中区役所", "ref": null, "amenity": "bicycle_rental", "capacity": "35", "facility_type": "sharing", "fee": "yes", "brand": "Docomo Bike Share", "access": null, "covered": null, "supervised": null, "note": null, "operator": "baybike", "opening_hours": null }, "geometry": { "type": "Point", "coordinates": [ 139.642172712539718, 35.444513118271502 ] } },
{ "type": "Feature", "properties": { "osm_id": "way/411624925", "name": null, "ref": null, "amenity": "bicycle_parking", "capacity": null, "facility_type": "parking", "fee": "no", "brand": null, "access": "customers", "covered": "no", "supervised": "no", "note": null, "operator": null, "opening_hours": null }, "geometry": { "type": "Point", "coordinates": [ 139.641601914562131, 35.454934880081723 ] } },
{ "type": "Feature", "properties": { "osm_id": "way/453504098", "name": "外来患者専用駐輪場", "ref": null, "amenity": "bicycle_parking", "capacity": null, "facility_type": "parking", "fee": "no", "brand": null, "access": "customers", "covered": "no", "supervised": "no", "note": null, "operator": "横浜市立みなと赤十字病院", "opening_hours": null }, "geometry": { "type": "Point", "coordinates": [ 139.662919823171308, 35.436729984212519 ] } },
{ "type": "Feature", "properties": { "osm_id": "way/455161579", "name": "都市発展記念館（日本大通り駅）", "ref": null, "amenity": "bicycle_rental", "capacity": "14", "facility_type": "sharing", "fee": "yes", "brand": "ドコモ・バイクシェア", "access": null, "covered": null, "supervised": null, "note": null, "operator": "ドコモ・バイクシェア", "opening_hours": null }, "geometry": { "type": "Point", "coordinates": [ 139.643358148627499, 35.445922197756609 ] } },
{ "type": "Feature", "properties": { "osm_id": "way/455668113", "name": null, "ref": null, "amenity": "bicycle_parking", "capacity": null, "facility_type": "parking", "fee": null, "brand": null, "access": null, "covered": null, "supervised": null, "note": null, "operator": null, "opening_hours": null }, "geometry": { "type": "Point", "coordinates": [ 139.6458760084044, 35.428648716736461 ] } },
{ "type": "Feature", "properties": { "osm_id": "way/699302046", "name": null, "ref": null, "amenity": "bicycle_parking", "capacity": "10", "facility_type": "parking", "fee": null, "brand": null, "access": null, "covered": "yes", "supervised": null, "note": null, "operator": null, "opening_hours": null }, "geometry": { "type": "Point", "coordinates": [ 139.643336352475131, 35.437834903354791 ] } },
{ "type": "Feature", "properties": { "osm_id": "way/708196220", "name": null, "ref": null, "amenity": "bicycle_parking", "capacity": null, "facility_type": "parking", "fee": "no", "brand": null, "access": "customers", "covered": "no", "supervised": "no", "note": null, "operator": null, "opening_hours": "10:00-20:00" }, "geometry": { "type": "Point", "coordinates": [ 139.655036619958111, 35.420391535826155 ] } },
{ "type": "Feature", "properties": { "osm_id": "way/802419887", "name": "石川町駅北口第二自転車駐車場", "ref": null, "amenity": "bicycle_parking", "capacity": null, "facility_type": "parking", "fee": "yes", "brand": null, "access": "yes", "covered": "no", "supervised": null, "note": null, "operator": "横浜市営", "opening_hours": null }, "geometry": { "type": "Point", "coordinates": [ 139.642669474264068, 35.440232849385218 ] } },
{ "type": "Feature", "properties": { "osm_id": "way/856565155", "name": null, "ref": null, "amenity": "bicycle_parking", "capacity": null, "facility_type": "parking", "fee": null, "brand": null, "access": null, "covered": "yes", "supervised": null, "note": null, "operator": null, "opening_hours": null }, "geometry": { "type": "Point", "coordinates": [ 139.651136837636614, 35.442519192731162 ] } },
{ "type": "Feature", "properties": { "osm_id": "way/1186513217", "name": null, "ref": null, "amenity": "bicycle_parking", "capacity": null, "facility_type": "parking", "fee": null, "brand": null, "access": "customers", "covered": null, "supervised": null, "note": null, "operator": null, "opening_hours": null }, "geometry": { "type": "Point", "coordinates": [ 139.668970120446147, 35.423397174648585 ] } },
{ "type": "Feature", "properties": { "osm_id": "way/1383895564", "name": null, "ref": null, "amenity": "bicycle_parking", "capacity": null, "facility_type": "parking", "fee": null, "brand": null, "access": "private", "covered": null, "supervised": null, "note": null, "operator": null, "opening_hours": null }, "geometry": { "type": "Point", "coordinates": [ 139.646339210559404, 35.429379321016512 ] } },
{ "type": "Feature", "properties": { "osm_id": "way/1383895565", "name": null, "ref": null, "amenity": "bicycle_parking", "capacity": null, "facility_type": "parking", "fee": null, "brand": null, "access": null, "covered": null, "supervised": null, "note": null, "operator": null, "opening_hours": null }, "geometry": { "type": "Point", "coordinates": [ 139.646429450791288, 35.429333557469398 ] } },
{ "type": "Feature", "properties": { "osm_id": "way/1535236726", "name": null, "ref": null, "amenity": "bicycle_parking", "capacity": null, "facility_type": "parking", "fee": null, "brand": null, "access": "private", "covered": null, "supervised": null, "note": null, "operator": null, "opening_hours": null }, "geometry": { "type": "Point", "coordinates": [ 139.64860522110979, 35.419750332090125 ] } },
{ "type": "Feature", "properties": { "osm_id": "way/1535236755", "name": null, "ref": null, "amenity": "bicycle_parking", "capacity": null, "facility_type": "parking", "fee": null, "brand": null, "access": "private", "covered": null, "supervised": null, "note": null, "operator": null, "opening_hours": null }, "geometry": { "type": "Point", "coordinates": [ 139.647841464220164, 35.419938607869746 ] } },
{ "type": "Feature", "properties": { "osm_id": "node/2212094912", "name": "屏風浦駅自転車駐車場", "ref": null, "amenity": "bicycle_parking", "capacity": null, "facility_type": "parking", "fee": null, "brand": null, "access": null, "covered": null, "supervised": null, "note": null, "operator": null, "opening_hours": null }, "geometry": { "type": "Point", "coordinates": [ 139.610928300000012, 35.3938663 ] } },
{ "type": "Feature", "properties": { "osm_id": "node/9897113469", "name": "洋光台駅自転車駐車場", "ref": null, "amenity": "bicycle_rental", "capacity": "4", "facility_type": "sharing", "fee": "yes", "brand": "HELLO CYCLING", "access": null, "covered": null, "supervised": null, "note": null, "operator": "OpenStreet", "opening_hours": null }, "geometry": { "type": "Point", "coordinates": [ 139.595583200000021, 35.3789735 ] } },
{ "type": "Feature", "properties": { "osm_id": "node/9897113470", "name": "新杉田駅第四自転車駐車場", "ref": null, "amenity": "bicycle_rental", "capacity": "10", "facility_type": "sharing", "fee": "yes", "brand": "HELLO CYCLING", "access": null, "covered": null, "supervised": null, "note": null, "operator": "HELLO CYCLING", "opening_hours": null }, "geometry": { "type": "Point", "coordinates": [ 139.622602600000022, 35.3837866 ] } },
{ "type": "Feature", "properties": { "osm_id": "node/9897113471", "name": "磯子駅第二自転車駐車場", "ref": null, "amenity": "bicycle_rental", "capacity": "10", "facility_type": "sharing", "fee": "yes", "brand": "HELLO CYCLING", "access": null, "covered": null, "supervised": null, "note": null, "operator": "HELLO CYCLING", "opening_hours": null }, "geometry": { "type": "Point", "coordinates": [ 139.619338100000022, 35.402107 ] } },
{ "type": "Feature", "properties": { "osm_id": "node/9923640545", "name": null, "ref": null, "amenity": "bicycle_parking", "capacity": null, "facility_type": "parking", "fee": null, "brand": null, "access": null, "covered": null, "supervised": null, "note": null, "operator": null, "opening_hours": null }, "geometry": { "type": "Point", "coordinates": [ 139.5956428, 35.3790144 ] } },
{ "type": "Feature", "properties": { "osm_id": "node/9923640546", "name": null, "ref": null, "amenity": "bicycle_parking", "capacity": null, "facility_type": "parking", "fee": null, "brand": null, "access": null, "covered": null, "supervised": null, "note": null, "operator": null, "opening_hours": null }, "geometry": { "type": "Point", "coordinates": [ 139.5964921, 35.3788483 ] } },
{ "type": "Feature", "properties": { "osm_id": "node/9923640547", "name": null, "ref": null, "amenity": "bicycle_parking", "capacity": null, "facility_type": "parking", "fee": null, "brand": null, "access": null, "covered": null, "supervised": null, "note": null, "operator": null, "opening_hours": null }, "geometry": { "type": "Point", "coordinates": [ 139.5966142, 35.3785946 ] } },
{ "type": "Feature", "properties": { "osm_id": "node/11038361314", "name": "横浜銀行洋光台支店駐車場", "ref": null, "amenity": "bicycle_rental", "capacity": "2", "facility_type": "sharing", "fee": "yes", "brand": "HELLO CYCLING", "access": null, "covered": null, "supervised": null, "note": null, "operator": "OpenStreet", "opening_hours": null }, "geometry": { "type": "Point", "coordinates": [ 139.59519, 35.3781226 ] } },
{ "type": "Feature", "properties": { "osm_id": "node/11038361319", "name": "横浜銀行磯子支店駐車場", "ref": null, "amenity": "bicycle_rental", "capacity": "4", "facility_type": "sharing", "fee": "yes", "brand": "HELLO CYCLING", "access": null, "covered": null, "supervised": null, "note": null, "operator": null, "opening_hours": null }, "geometry": { "type": "Point", "coordinates": [ 139.625562, 35.4140044 ] } },
{ "type": "Feature", "properties": { "osm_id": "node/11038362006", "name": "磯子消防署", "ref": null, "amenity": "bicycle_rental", "capacity": "5", "facility_type": "sharing", "fee": "yes", "brand": "HELLO CYCLING", "access": null, "covered": null, "supervised": null, "note": null, "operator": null, "opening_hours": null }, "geometry": { "type": "Point", "coordinates": [ 139.6240526, 35.4125767 ] } },
{ "type": "Feature", "properties": { "osm_id": "node/11038362043", "name": "SRAcademia横浜磯子", "ref": null, "amenity": "bicycle_rental", "capacity": "12", "facility_type": "sharing", "fee": "yes", "brand": "HELLO CYCLING", "access": null, "covered": null, "supervised": null, "note": null, "operator": null, "opening_hours": null }, "geometry": { "type": "Point", "coordinates": [ 139.6064724, 35.3860146 ] } },
{ "type": "Feature", "properties": { "osm_id": "node/11038362121", "name": "Well Being", "ref": null, "amenity": "bicycle_rental", "capacity": "4", "facility_type": "sharing", "fee": "yes", "brand": "HELLO CYCLING", "access": null, "covered": null, "supervised": null, "note": null, "operator": null, "opening_hours": null }, "geometry": { "type": "Point", "coordinates": [ 139.600481300000013, 35.3997906 ] } },
{ "type": "Feature", "properties": { "osm_id": "node/11176608063", "name": "新杉田駅東口", "ref": null, "amenity": "bicycle_rental", "capacity": "12", "facility_type": "sharing", "fee": "yes", "brand": "HELLO CYCLING", "access": null, "covered": null, "supervised": null, "note": null, "operator": null, "opening_hours": null }, "geometry": { "type": "Point", "coordinates": [ 139.620112700000021, 35.3863754 ] } },
{ "type": "Feature", "properties": { "osm_id": "node/11176608067", "name": "岡村公園", "ref": null, "amenity": "bicycle_rental", "capacity": "4", "facility_type": "sharing", "fee": "yes", "brand": "HELLO CYCLING", "access": null, "covered": null, "supervised": null, "note": null, "operator": null, "opening_hours": null }, "geometry": { "type": "Point", "coordinates": [ 139.6123772, 35.4153944 ] } },
{ "type": "Feature", "properties": { "osm_id": "node/11176608068", "name": "森2丁目（屏風浦駅北側）", "ref": null, "amenity": "bicycle_rental", "capacity": "10", "facility_type": "sharing", "fee": "yes", "brand": "HELLO CYCLING", "access": null, "covered": null, "supervised": null, "note": null, "operator": null, "opening_hours": null }, "geometry": { "type": "Point", "coordinates": [ 139.609473800000018, 35.3961243 ] } },
{ "type": "Feature", "properties": { "osm_id": "node/11436138599", "name": "根岸駅第二駐輪場", "ref": "145", "amenity": "bicycle_rental", "capacity": "26", "facility_type": "sharing", "fee": "yes", "brand": "Docomo Bike Share", "access": null, "covered": null, "supervised": null, "note": null, "operator": null, "opening_hours": null }, "geometry": { "type": "Point", "coordinates": [ 139.638097, 35.416886 ] } },
{ "type": "Feature", "properties": { "osm_id": "node/11843195627", "name": "杉田ふれあい散歩道", "ref": null, "amenity": "bicycle_rental", "capacity": "3", "facility_type": "sharing", "fee": "yes", "brand": "HELLO CYCLING", "access": null, "covered": null, "supervised": null, "note": null, "operator": null, "opening_hours": null }, "geometry": { "type": "Point", "coordinates": [ 139.6237284, 35.3806437 ] } },
{ "type": "Feature", "properties": { "osm_id": "node/12295909435", "name": "ポートヒルズ杉田", "ref": null, "amenity": "bicycle_rental", "capacity": "6", "facility_type": "sharing", "fee": "yes", "brand": "HELLO CYCLING", "access": null, "covered": null, "supervised": null, "note": null, "operator": null, "opening_hours": null }, "geometry": { "type": "Point", "coordinates": [ 139.609117, 35.3786395 ] } },
{ "type": "Feature", "properties": { "osm_id": "node/12295909465", "name": "ウエインズトヨタ神奈川 磯子店", "ref": null, "amenity": "bicycle_rental", "capacity": "6", "facility_type": "sharing", "fee": "yes", "brand": "HELLO CYCLING", "access": null, "covered": null, "supervised": null, "note": null, "operator": null, "opening_hours": null }, "geometry": { "type": "Point", "coordinates": [ 139.6372484, 35.4173161 ] } },
{ "type": "Feature", "properties": { "osm_id": "node/12295909497", "name": "洋光台南第一住宅", "ref": null, "amenity": "bicycle_rental", "capacity": "6", "facility_type": "sharing", "fee": "yes", "brand": "HELLO CYCLING", "access": null, "covered": null, "supervised": null, "note": null, "operator": null, "opening_hours": null }, "geometry": { "type": "Point", "coordinates": [ 139.59664380000001, 35.3760171 ] } },
{ "type": "Feature", "properties": { "osm_id": "node/12295909498", "name": "杉田駅前", "ref": null, "amenity": "bicycle_rental", "capacity": "10", "facility_type": "sharing", "fee": "yes", "brand": "HELLO CYCLING", "access": null, "covered": null, "supervised": null, "note": null, "operator": null, "opening_hours": null }, "geometry": { "type": "Point", "coordinates": [ 139.615566700000016, 35.3838456 ] } },
{ "type": "Feature", "properties": { "osm_id": "node/12295909514", "name": "VAMOS中原", "ref": null, "amenity": "bicycle_rental", "capacity": "3", "facility_type": "sharing", "fee": "yes", "brand": "HELLO CYCLING", "access": null, "covered": null, "supervised": null, "note": null, "operator": null, "opening_hours": null }, "geometry": { "type": "Point", "coordinates": [ 139.614070200000015, 35.3839202 ] } },
{ "type": "Feature", "properties": { "osm_id": "node/12295909515", "name": "ラ・ベル・メール", "ref": null, "amenity": "bicycle_rental", "capacity": "2", "facility_type": "sharing", "fee": "yes", "brand": "HELLO CYCLING", "access": null, "covered": null, "supervised": null, "note": null, "operator": null, "opening_hours": null }, "geometry": { "type": "Point", "coordinates": [ 139.613958700000012, 35.3954037 ] } },
{ "type": "Feature", "properties": { "osm_id": "node/12295909606", "name": "上中里町バス停前", "ref": null, "amenity": "bicycle_rental", "capacity": "5", "facility_type": "sharing", "fee": "yes", "brand": "HELLO CYCLING", "access": null, "covered": null, "supervised": null, "note": null, "operator": null, "opening_hours": null }, "geometry": { "type": "Point", "coordinates": [ 139.611759, 35.3723932 ] } },
{ "type": "Feature", "properties": { "osm_id": "node/12295909607", "name": "根岸駅第二自転車駐車場", "ref": null, "amenity": "bicycle_rental", "capacity": "17", "facility_type": "sharing", "fee": "yes", "brand": "HELLO CYCLING", "access": null, "covered": null, "supervised": null, "note": null, "operator": null, "opening_hours": null }, "geometry": { "type": "Point", "coordinates": [ 139.6381278, 35.4169079 ] } },
{ "type": "Feature", "properties": { "osm_id": "node/12295909608", "name": "根岸港付近", "ref": null, "amenity": "bicycle_rental", "capacity": "3", "facility_type": "sharing", "fee": "yes", "brand": "HELLO CYCLING", "access": null, "covered": null, "supervised": null, "note": null, "operator": null, "opening_hours": null }, "geometry": { "type": "Point", "coordinates": [ 139.630906300000021, 35.4048359 ] } },
{ "type": "Feature", "properties": { "osm_id": "node/12295909609", "name": "磯子2丁目（ハイツ磯子付近）", "ref": null, "amenity": "bicycle_rental", "capacity": "3", "facility_type": "sharing", "fee": "yes", "brand": "HELLO CYCLING", "access": null, "covered": null, "supervised": null, "note": null, "operator": null, "opening_hours": null }, "geometry": { "type": "Point", "coordinates": [ 139.62516770000002, 35.4116971 ] } },
{ "type": "Feature", "properties": { "osm_id": "node/13189919068", "name": "横浜市立脳卒中・神経脊椎センター", "ref": null, "amenity": "bicycle_rental", "capacity": "8", "facility_type": "sharing", "fee": "yes", "brand": "HELLO CYCLING", "access": null, "covered": null, "supervised": null, "note": null, "operator": null, "opening_hours": null }, "geometry": { "type": "Point", "coordinates": [ 139.618796800000013, 35.4222746 ] } },
{ "type": "Feature", "properties": { "osm_id": "node/13189919094", "name": "岡村７丁目２０ー３４", "ref": null, "amenity": "bicycle_rental", "capacity": "3", "facility_type": "sharing", "fee": "yes", "brand": "HELLO CYCLING", "access": null, "covered": null, "supervised": null, "note": null, "operator": null, "opening_hours": null }, "geometry": { "type": "Point", "coordinates": [ 139.614071100000018, 35.4108497 ] } },
{ "type": "Feature", "properties": { "osm_id": "node/13189922627", "name": "キトラハイム杉田", "ref": null, "amenity": "bicycle_rental", "capacity": "2", "facility_type": "sharing", "fee": "yes", "brand": "HELLO CYCLING", "access": null, "covered": null, "supervised": null, "note": null, "operator": null, "opening_hours": null }, "geometry": { "type": "Point", "coordinates": [ 139.61267650000002, 35.3808188 ] } },
{ "type": "Feature", "properties": { "osm_id": "node/13189922661", "name": "磯子区役所", "ref": null, "amenity": "bicycle_rental", "capacity": "3", "facility_type": "sharing", "fee": "yes", "brand": "HELLO CYCLING", "access": null, "covered": null, "supervised": null, "note": null, "operator": null, "opening_hours": null }, "geometry": { "type": "Point", "coordinates": [ 139.6181326, 35.4023412 ] } },
{ "type": "Feature", "properties": { "osm_id": "node/13189922664", "name": "カーサ八島", "ref": null, "amenity": "bicycle_rental", "capacity": "20", "facility_type": "sharing", "fee": "yes", "brand": "HELLO CYCLING", "access": null, "covered": null, "supervised": null, "note": null, "operator": null, "opening_hours": null }, "geometry": { "type": "Point", "coordinates": [ 139.6366083, 35.418279 ] } },
{ "type": "Feature", "properties": { "osm_id": "node/13189922690", "name": "杉田1-16-11", "ref": null, "amenity": "bicycle_rental", "capacity": "20", "facility_type": "sharing", "fee": "yes", "brand": "HELLO CYCLING", "access": null, "covered": null, "supervised": null, "note": null, "operator": null, "opening_hours": null }, "geometry": { "type": "Point", "coordinates": [ 139.617045, 35.3827645 ] } },
{ "type": "Feature", "properties": { "osm_id": "node/13189922738", "name": "ハックドラッグ杉田3丁目店付近", "ref": null, "amenity": "bicycle_rental", "capacity": "3", "facility_type": "sharing", "fee": "yes", "brand": "HELLO CYCLING", "access": null, "covered": null, "supervised": null, "note": null, "operator": null, "opening_hours": null }, "geometry": { "type": "Point", "coordinates": [ 139.6175173, 35.3806081 ] } },
{ "type": "Feature", "properties": { "osm_id": "node/13189922739", "name": "杉田台団地付近", "ref": null, "amenity": "bicycle_rental", "capacity": "4", "facility_type": "sharing", "fee": "yes", "brand": "HELLO CYCLING", "access": null, "covered": null, "supervised": null, "note": null, "operator": null, "opening_hours": null }, "geometry": { "type": "Point", "coordinates": [ 139.615327800000017, 35.3776609 ] } },
{ "type": "Feature", "properties": { "osm_id": "node/13189922740", "name": "杉田臨海緑地付近", "ref": null, "amenity": "bicycle_rental", "capacity": "4", "facility_type": "sharing", "fee": "yes", "brand": "HELLO CYCLING", "access": null, "covered": null, "supervised": null, "note": null, "operator": null, "opening_hours": null }, "geometry": { "type": "Point", "coordinates": [ 139.625853300000017, 35.3853243 ] } },
{ "type": "Feature", "properties": { "osm_id": "node/13189922741", "name": "磯子海づり施設", "ref": null, "amenity": "bicycle_rental", "capacity": "4", "facility_type": "sharing", "fee": "yes", "brand": "HELLO CYCLING", "access": null, "covered": null, "supervised": null, "note": null, "operator": null, "opening_hours": null }, "geometry": { "type": "Point", "coordinates": [ 139.6427885, 35.4023912 ] } },
{ "type": "Feature", "properties": { "osm_id": "node/13189922742", "name": "マルエツ磯子店前", "ref": null, "amenity": "bicycle_rental", "capacity": "3", "facility_type": "sharing", "fee": "yes", "brand": "HELLO CYCLING", "access": null, "covered": null, "supervised": null, "note": null, "operator": null, "opening_hours": null }, "geometry": { "type": "Point", "coordinates": [ 139.614925, 35.4029943 ] } },
{ "type": "Feature", "properties": { "osm_id": "node/13192247157", "name": "横浜市立脳卒中・神経脊椎センター", "ref": "IS025", "amenity": "bicycle_rental", "capacity": "8", "facility_type": "sharing", "fee": "yes", "brand": "Docomo Bike Share", "access": null, "covered": null, "supervised": null, "note": null, "operator": null, "opening_hours": null }, "geometry": { "type": "Point", "coordinates": [ 139.618797, 35.422275 ] } },
{ "type": "Feature", "properties": { "osm_id": "node/13192247160", "name": "SRAcademia横浜磯子", "ref": "IS024", "amenity": "bicycle_rental", "capacity": "5", "facility_type": "sharing", "fee": "yes", "brand": "Docomo Bike Share", "access": null, "covered": null, "supervised": null, "note": null, "operator": null, "opening_hours": null }, "geometry": { "type": "Point", "coordinates": [ 139.6065, 35.38601 ] } },
{ "type": "Feature", "properties": { "osm_id": "node/13192247162", "name": "Well Being", "ref": "IS023", "amenity": "bicycle_rental", "capacity": "4", "facility_type": "sharing", "fee": "yes", "brand": "Docomo Bike Share", "access": null, "covered": null, "supervised": null, "note": null, "operator": null, "opening_hours": null }, "geometry": { "type": "Point", "coordinates": [ 139.6005, 35.39979 ] } },
{ "type": "Feature", "properties": { "osm_id": "node/13192247168", "name": "ラ・ベル・メール", "ref": "IS022", "amenity": "bicycle_rental", "capacity": "1", "facility_type": "sharing", "fee": "yes", "brand": "Docomo Bike Share", "access": null, "covered": null, "supervised": null, "note": null, "operator": null, "opening_hours": null }, "geometry": { "type": "Point", "coordinates": [ 139.61397980000001, 35.3953964 ] } },
{ "type": "Feature", "properties": { "osm_id": "node/13192247169", "name": "VAMOS中原", "ref": "IS021", "amenity": "bicycle_rental", "capacity": "1", "facility_type": "sharing", "fee": "yes", "brand": "Docomo Bike Share", "access": null, "covered": null, "supervised": null, "note": null, "operator": null, "opening_hours": null }, "geometry": { "type": "Point", "coordinates": [ 139.614097500000014, 35.3839305 ] } },
{ "type": "Feature", "properties": { "osm_id": "node/13192247170", "name": "ポートヒルズ杉田", "ref": "IS020", "amenity": "bicycle_rental", "capacity": "6", "facility_type": "sharing", "fee": "yes", "brand": "Docomo Bike Share", "access": null, "covered": null, "supervised": null, "note": null, "operator": null, "opening_hours": null }, "geometry": { "type": "Point", "coordinates": [ 139.6091, 35.37864 ] } },
{ "type": "Feature", "properties": { "osm_id": "node/13192247177", "name": "杉田1-16-11", "ref": "IS019", "amenity": "bicycle_rental", "capacity": "12", "facility_type": "sharing", "fee": "yes", "brand": "Docomo Bike Share", "access": null, "covered": null, "supervised": null, "note": null, "operator": null, "opening_hours": null }, "geometry": { "type": "Point", "coordinates": [ 139.617, 35.38276 ] } },
{ "type": "Feature", "properties": { "osm_id": "node/13192247182", "name": "横浜銀行磯子支店駐車場", "ref": "IS018", "amenity": "bicycle_rental", "capacity": "2", "facility_type": "sharing", "fee": "yes", "brand": "ドコモ・バイクシェア", "access": null, "covered": null, "supervised": null, "note": null, "operator": "ドコモ・バイクシェア", "opening_hours": null }, "geometry": { "type": "Point", "coordinates": [ 139.625562, 35.414004 ] } },
{ "type": "Feature", "properties": { "osm_id": "node/13192247192", "name": "ウエインズトヨタ神奈川 磯子店", "ref": "IS016", "amenity": "bicycle_rental", "capacity": "6", "facility_type": "sharing", "fee": "yes", "brand": "Docomo Bike Share", "access": null, "covered": null, "supervised": null, "note": null, "operator": null, "opening_hours": null }, "geometry": { "type": "Point", "coordinates": [ 139.637248, 35.417316 ] } },
{ "type": "Feature", "properties": { "osm_id": "node/13192274803", "name": "新杉田駅第四自転車駐車場", "ref": "IS015", "amenity": "bicycle_rental", "capacity": "8", "facility_type": "sharing", "fee": "yes", "brand": "Docomo Bike Share", "access": null, "covered": null, "supervised": null, "note": null, "operator": null, "opening_hours": null }, "geometry": { "type": "Point", "coordinates": [ 139.6225, 35.38375 ] } },
{ "type": "Feature", "properties": { "osm_id": "node/13192274804", "name": "磯子駅第二自転車駐車場", "ref": "IS014", "amenity": "bicycle_rental", "capacity": "3", "facility_type": "sharing", "fee": "yes", "brand": "Docomo Bike Share", "access": null, "covered": null, "supervised": null, "note": null, "operator": null, "opening_hours": null }, "geometry": { "type": "Point", "coordinates": [ 139.6193, 35.40205 ] } },
{ "type": "Feature", "properties": { "osm_id": "node/13192274809", "name": "磯子消防署", "ref": "IS013", "amenity": "bicycle_rental", "capacity": "3", "facility_type": "sharing", "fee": "yes", "brand": "Docomo Bike Share", "access": null, "covered": null, "supervised": null, "note": null, "operator": null, "opening_hours": null }, "geometry": { "type": "Point", "coordinates": [ 139.6241, 35.41258 ] } },
{ "type": "Feature", "properties": { "osm_id": "node/13192274810", "name": "新杉田駅東口", "ref": "IS012", "amenity": "bicycle_rental", "capacity": "10", "facility_type": "sharing", "fee": "yes", "brand": "Docomo Bike Share", "access": null, "covered": null, "supervised": null, "note": null, "operator": null, "opening_hours": null }, "geometry": { "type": "Point", "coordinates": [ 139.6201, 35.38638 ] } },
{ "type": "Feature", "properties": { "osm_id": "node/13192274811", "name": "森2丁目（屏風浦駅北側）", "ref": "IS011", "amenity": "bicycle_rental", "capacity": "7", "facility_type": "sharing", "fee": "yes", "brand": "Docomo Bike Share", "access": null, "covered": null, "supervised": null, "note": null, "operator": null, "opening_hours": null }, "geometry": { "type": "Point", "coordinates": [ 139.6095, 35.39612 ] } },
{ "type": "Feature", "properties": { "osm_id": "node/13192274812", "name": "岡村公園", "ref": "IS010", "amenity": "bicycle_rental", "capacity": "4", "facility_type": "sharing", "fee": "yes", "brand": "Docomo Bike Share", "access": null, "covered": null, "supervised": null, "note": null, "operator": null, "opening_hours": null }, "geometry": { "type": "Point", "coordinates": [ 139.6124, 35.41539 ] } },
{ "type": "Feature", "properties": { "osm_id": "node/13192274814", "name": "杉田ふれあい散歩道", "ref": "IS009", "amenity": "bicycle_rental", "capacity": "1", "facility_type": "sharing", "fee": "yes", "brand": "Docomo Bike Share", "access": null, "covered": null, "supervised": null, "note": null, "operator": null, "opening_hours": null }, "geometry": { "type": "Point", "coordinates": [ 139.6237, 35.38064 ] } },
{ "type": "Feature", "properties": { "osm_id": "node/13192274822", "name": "磯子2丁目（ハイツ磯子付近）", "ref": "IS008", "amenity": "bicycle_rental", "capacity": "2", "facility_type": "sharing", "fee": "yes", "brand": "Docomo Bike Share", "access": null, "covered": null, "supervised": null, "note": null, "operator": null, "opening_hours": null }, "geometry": { "type": "Point", "coordinates": [ 139.6252, 35.4117 ] } },
{ "type": "Feature", "properties": { "osm_id": "node/13192274823", "name": "根岸港付近", "ref": "IS007", "amenity": "bicycle_rental", "capacity": "2", "facility_type": "sharing", "fee": "yes", "brand": "Docomo Bike Share", "access": null, "covered": null, "supervised": null, "note": null, "operator": null, "opening_hours": null }, "geometry": { "type": "Point", "coordinates": [ 139.6309, 35.40484 ] } },
{ "type": "Feature", "properties": { "osm_id": "node/13192274824", "name": "上中里町バス停前", "ref": "IS006", "amenity": "bicycle_rental", "capacity": "1", "facility_type": "sharing", "fee": "yes", "brand": "Docomo Bike Share", "access": null, "covered": null, "supervised": null, "note": null, "operator": null, "opening_hours": null }, "geometry": { "type": "Point", "coordinates": [ 139.6118, 35.37239 ] } },
{ "type": "Feature", "properties": { "osm_id": "node/13192274833", "name": "マルエツ磯子店前", "ref": "IS005", "amenity": "bicycle_rental", "capacity": "3", "facility_type": "sharing", "fee": "yes", "brand": "Docomo Bike Share", "access": null, "covered": null, "supervised": null, "note": null, "operator": null, "opening_hours": null }, "geometry": { "type": "Point", "coordinates": [ 139.6149, 35.40299 ] } },
{ "type": "Feature", "properties": { "osm_id": "node/13192274834", "name": "磯子海づり施設", "ref": "IS004", "amenity": "bicycle_rental", "capacity": "2", "facility_type": "sharing", "fee": "yes", "brand": "Docomo Bike Share", "access": null, "covered": null, "supervised": null, "note": null, "operator": null, "opening_hours": null }, "geometry": { "type": "Point", "coordinates": [ 139.6428, 35.40239 ] } },
{ "type": "Feature", "properties": { "osm_id": "node/13192274835", "name": "杉田臨海緑地付近", "ref": "IS003", "amenity": "bicycle_rental", "capacity": "0", "facility_type": "sharing", "fee": "yes", "brand": "Docomo Bike Share", "access": null, "covered": null, "supervised": null, "note": null, "operator": null, "opening_hours": null }, "geometry": { "type": "Point", "coordinates": [ 139.6259, 35.38532 ] } },
{ "type": "Feature", "properties": { "osm_id": "node/13192274836", "name": "杉田台団地付近", "ref": "IS002", "amenity": "bicycle_rental", "capacity": "3", "facility_type": "sharing", "fee": "yes", "brand": "Docomo Bike Share", "access": null, "covered": null, "supervised": null, "note": null, "operator": null, "opening_hours": null }, "geometry": { "type": "Point", "coordinates": [ 139.6153, 35.37766 ] } },
{ "type": "Feature", "properties": { "osm_id": "node/13722789592", "name": "汐見台第2共同住宅", "ref": null, "amenity": "bicycle_rental", "capacity": "4", "facility_type": "sharing", "fee": "yes", "brand": "HELLO CYCLING", "access": null, "covered": null, "supervised": null, "note": null, "operator": null, "opening_hours": null }, "geometry": { "type": "Point", "coordinates": [ 139.6040403, 35.4014697 ] } },
{ "type": "Feature", "properties": { "osm_id": "node/13722789593", "name": "フロール新杉田", "ref": null, "amenity": "bicycle_rental", "capacity": "9", "facility_type": "sharing", "fee": "yes", "brand": "HELLO CYCLING", "access": null, "covered": null, "supervised": null, "note": null, "operator": null, "opening_hours": null }, "geometry": { "type": "Point", "coordinates": [ 139.624412, 35.3817345 ] } },
{ "type": "Feature", "properties": { "osm_id": "node/13722789596", "name": "汐見台第3共同住宅", "ref": null, "amenity": "bicycle_rental", "capacity": "9", "facility_type": "sharing", "fee": "yes", "brand": "HELLO CYCLING", "access": null, "covered": null, "supervised": null, "note": null, "operator": null, "opening_hours": null }, "geometry": { "type": "Point", "coordinates": [ 139.605849800000016, 35.4018892 ] } },
{ "type": "Feature", "properties": { "osm_id": "node/13722830514", "name": "ソーシャルレジデンス横浜ベイビュー", "ref": null, "amenity": "bicycle_rental", "capacity": "12", "facility_type": "sharing", "fee": "yes", "brand": "HELLO CYCLING", "access": null, "covered": null, "supervised": null, "note": null, "operator": null, "opening_hours": null }, "geometry": { "type": "Point", "coordinates": [ 139.6075117, 35.4017621 ] } },
{ "type": "Feature", "properties": { "osm_id": "node/13722830704", "name": "にゃんこの森横浜", "ref": null, "amenity": "bicycle_rental", "capacity": "3", "facility_type": "sharing", "fee": "yes", "brand": "HELLO CYCLING", "access": null, "covered": null, "supervised": null, "note": null, "operator": null, "opening_hours": null }, "geometry": { "type": "Point", "coordinates": [ 139.608652, 35.3868174 ] } },
{ "type": "Feature", "properties": { "osm_id": "node/13722830745", "name": "ローソン 横浜岡村七丁目店", "ref": null, "amenity": "bicycle_rental", "capacity": "4", "facility_type": "sharing", "fee": "yes", "brand": "HELLO CYCLING", "access": null, "covered": null, "supervised": null, "note": null, "operator": null, "opening_hours": null }, "geometry": { "type": "Point", "coordinates": [ 139.609735300000011, 35.4115083 ] } },
{ "type": "Feature", "properties": { "osm_id": "node/13722830791", "name": "ローソン 氷取沢町店", "ref": null, "amenity": "bicycle_rental", "capacity": "6", "facility_type": "sharing", "fee": "yes", "brand": "HELLO CYCLING", "access": null, "covered": null, "supervised": null, "note": null, "operator": null, "opening_hours": null }, "geometry": { "type": "Point", "coordinates": [ 139.6117365, 35.36541 ] } },
{ "type": "Feature", "properties": { "osm_id": "node/13722830841", "name": "たきがしら会館", "ref": null, "amenity": "bicycle_rental", "capacity": "5", "facility_type": "sharing", "fee": "yes", "brand": "HELLO CYCLING", "access": null, "covered": null, "supervised": null, "note": null, "operator": "OpenStreet", "opening_hours": null }, "geometry": { "type": "Point", "coordinates": [ 139.62378, 35.42087 ] } },
{ "type": "Feature", "properties": { "osm_id": "node/13722830861", "name": "シェアハウス横浜根岸", "ref": null, "amenity": "bicycle_rental", "capacity": "5", "facility_type": "sharing", "fee": "yes", "brand": "HELLO CYCLING", "access": null, "covered": null, "supervised": null, "note": null, "operator": null, "opening_hours": null }, "geometry": { "type": "Point", "coordinates": [ 139.62703350000001, 35.4224183 ] } },
{ "type": "Feature", "properties": { "osm_id": "node/13726855779", "name": "洋光台駅自転車駐車場", "ref": "IS030", "amenity": "bicycle_rental", "capacity": "0", "facility_type": "sharing", "fee": "yes", "brand": "Docomo Bike Share", "access": null, "covered": null, "supervised": null, "note": null, "operator": null, "opening_hours": null }, "geometry": { "type": "Point", "coordinates": [ 139.595528, 35.37885 ] } },
{ "type": "Feature", "properties": { "osm_id": "node/13726855780", "name": "磯子区役所", "ref": "IS029", "amenity": "bicycle_rental", "capacity": "1", "facility_type": "sharing", "fee": "yes", "brand": "Docomo Bike Share", "access": null, "covered": null, "supervised": null, "note": null, "operator": null, "opening_hours": null }, "geometry": { "type": "Point", "coordinates": [ 139.618133, 35.402341 ] } },
{ "type": "Feature", "properties": { "osm_id": "node/13726855781", "name": "カーサ八島", "ref": "IS028", "amenity": "bicycle_rental", "capacity": "18", "facility_type": "sharing", "fee": "yes", "brand": "Docomo Bike Share", "access": null, "covered": null, "supervised": null, "note": null, "operator": null, "opening_hours": null }, "geometry": { "type": "Point", "coordinates": [ 139.636608, 35.418279 ] } },
{ "type": "Feature", "properties": { "osm_id": "node/13726855782", "name": "岡村７丁目２０−３４", "ref": "IS027", "amenity": "bicycle_rental", "capacity": "1", "facility_type": "sharing", "fee": "yes", "brand": "Docomo Bike Share", "access": null, "covered": null, "supervised": null, "note": null, "operator": null, "opening_hours": null }, "geometry": { "type": "Point", "coordinates": [ 139.614071, 35.41085 ] } },
{ "type": "Feature", "properties": { "osm_id": "node/13726855783", "name": "たきがしら会館", "ref": "IS026", "amenity": "bicycle_rental", "capacity": "1", "facility_type": "sharing", "fee": "yes", "brand": "ドコモ・バイクシェア", "access": null, "covered": null, "supervised": null, "note": null, "operator": "ドコモ・バイクシェア", "opening_hours": null }, "geometry": { "type": "Point", "coordinates": [ 139.623693, 35.420831 ] } },
{ "type": "Feature", "properties": { "osm_id": "node/13726855784", "name": "笹堀商会", "ref": "IS-004", "amenity": "bicycle_rental", "capacity": "10", "facility_type": "sharing", "fee": "yes", "brand": "Docomo Bike Share", "access": null, "covered": null, "supervised": null, "note": null, "operator": null, "opening_hours": null }, "geometry": { "type": "Point", "coordinates": [ 139.609412, 35.412029 ] } },
{ "type": "Feature", "properties": { "osm_id": "node/13726855785", "name": "フロール新杉田", "ref": "IS-003", "amenity": "bicycle_rental", "capacity": "4", "facility_type": "sharing", "fee": "yes", "brand": "Docomo Bike Share", "access": null, "covered": null, "supervised": null, "note": null, "operator": null, "opening_hours": null }, "geometry": { "type": "Point", "coordinates": [ 139.624451, 35.381733 ] } },
{ "type": "Feature", "properties": { "osm_id": "node/13726855786", "name": "汐見台第4共同住宅", "ref": "IS-002", "amenity": "bicycle_rental", "capacity": "4", "facility_type": "sharing", "fee": "yes", "brand": "Docomo Bike Share", "access": null, "covered": null, "supervised": null, "note": null, "operator": null, "opening_hours": null }, "geometry": { "type": "Point", "coordinates": [ 139.604867, 35.401008 ] } },
{ "type": "Feature", "properties": { "osm_id": "node/13726855787", "name": "汐見台第3共同住宅", "ref": "IS-001", "amenity": "bicycle_rental", "capacity": "3", "facility_type": "sharing", "fee": "yes", "brand": "Docomo Bike Share", "access": null, "covered": null, "supervised": null, "note": null, "operator": null, "opening_hours": null }, "geometry": { "type": "Point", "coordinates": [ 139.605878, 35.401905 ] } },
{ "type": "Feature", "properties": { "osm_id": "node/20742372", "name": null, "ref": null, "amenity": "bicycle_parking", "capacity": null, "facility_type": "parking", "fee": null, "brand": null, "access": "private", "covered": null, "supervised": null, "note": null, "operator": null, "opening_hours": null }, "geometry": { "type": "Point", "coordinates": [ 139.620178730545291, 35.424850409217747 ] } },
{ "type": "Feature", "properties": { "osm_id": "node/20810611", "name": "根岸駅自転車駐車場", "ref": null, "amenity": "bicycle_parking", "capacity": null, "facility_type": "parking", "fee": "yes", "brand": null, "access": "yes", "covered": "yes", "supervised": "yes", "note": null, "operator": null, "opening_hours": null }, "geometry": { "type": "Point", "coordinates": [ 139.634868013302423, 35.41659190847966 ] } },
{ "type": "Feature", "properties": { "osm_id": "way/215773546", "name": null, "ref": null, "amenity": "bicycle_parking", "capacity": null, "facility_type": "parking", "fee": null, "brand": null, "access": null, "covered": null, "supervised": null, "note": null, "operator": null, "opening_hours": null }, "geometry": { "type": "Point", "coordinates": [ 139.618260830385623, 35.400716951920927 ] } },
{ "type": "Feature", "properties": { "osm_id": "way/217136230", "name": null, "ref": null, "amenity": "bicycle_parking", "capacity": null, "facility_type": "parking", "fee": null, "brand": null, "access": null, "covered": null, "supervised": null, "note": null, "operator": null, "opening_hours": null }, "geometry": { "type": "Point", "coordinates": [ 139.619033929491508, 35.401643785660973 ] } },
{ "type": "Feature", "properties": { "osm_id": "way/311082509", "name": "ビーンズ新杉田駐輪場", "ref": null, "amenity": "bicycle_parking", "capacity": null, "facility_type": "parking", "fee": null, "brand": null, "access": null, "covered": null, "supervised": null, "note": null, "operator": null, "opening_hours": null }, "geometry": { "type": "Point", "coordinates": [ 139.619001265653765, 35.387359100950817 ] } },
{ "type": "Feature", "properties": { "osm_id": "way/311082521", "name": "新杉田第3自転車駐車場", "ref": null, "amenity": "bicycle_parking", "capacity": null, "facility_type": "parking", "fee": null, "brand": null, "access": null, "covered": null, "supervised": null, "note": null, "operator": null, "opening_hours": null }, "geometry": { "type": "Point", "coordinates": [ 139.62151104549622, 35.385027187203654 ] } },
{ "type": "Feature", "properties": { "osm_id": "way/311524794", "name": "新杉田駅第四自転車駐車場", "ref": null, "amenity": "bicycle_parking", "capacity": null, "facility_type": "parking", "fee": null, "brand": null, "access": "private", "covered": null, "supervised": null, "note": null, "operator": null, "opening_hours": null }, "geometry": { "type": "Point", "coordinates": [ 139.622599537389533, 35.383791447488711 ] } },
{ "type": "Feature", "properties": { "osm_id": "way/312551549", "name": "磯子駅東口自転車駐車場", "ref": null, "amenity": "bicycle_parking", "capacity": null, "facility_type": "parking", "fee": null, "brand": null, "access": null, "covered": null, "supervised": null, "note": null, "operator": null, "opening_hours": null }, "geometry": { "type": "Point", "coordinates": [ 139.618292685104933, 35.399359729605692 ] } },
{ "type": "Feature", "properties": { "osm_id": "way/448324211", "name": null, "ref": null, "amenity": "bicycle_parking", "capacity": null, "facility_type": "parking", "fee": null, "brand": null, "access": null, "covered": null, "supervised": null, "note": null, "operator": null, "opening_hours": null }, "geometry": { "type": "Point", "coordinates": [ 139.595609799354861, 35.378985299954472 ] } },
{ "type": "Feature", "properties": { "osm_id": "way/455015946", "name": "根岸駅第2自転車駐車場", "ref": null, "amenity": "bicycle_parking", "capacity": null, "facility_type": "parking", "fee": "yes", "brand": null, "access": "yes", "covered": "no", "supervised": "yes", "note": null, "operator": null, "opening_hours": null }, "geometry": { "type": "Point", "coordinates": [ 139.638051975423281, 35.416830324833406 ] } },
{ "type": "Feature", "properties": { "osm_id": "way/455015947", "name": "根岸駅自転車駐車場", "ref": null, "amenity": "bicycle_parking", "capacity": null, "facility_type": "parking", "fee": "yes", "brand": null, "access": "yes", "covered": "no", "supervised": null, "note": null, "operator": null, "opening_hours": null }, "geometry": { "type": "Point", "coordinates": [ 139.634782910150335, 35.416811678619965 ] } },
{ "type": "Feature", "properties": { "osm_id": "way/461867242", "name": null, "ref": null, "amenity": "bicycle_parking", "capacity": null, "facility_type": "parking", "fee": null, "brand": null, "access": "private", "covered": null, "supervised": null, "note": null, "operator": null, "opening_hours": null }, "geometry": { "type": "Point", "coordinates": [ 139.625446040428017, 35.417961119088019 ] } },
{ "type": "Feature", "properties": { "osm_id": "way/461867246", "name": null, "ref": null, "amenity": "bicycle_parking", "capacity": null, "facility_type": "parking", "fee": null, "brand": null, "access": "private", "covered": null, "supervised": null, "note": null, "operator": null, "opening_hours": null }, "geometry": { "type": "Point", "coordinates": [ 139.625588887130874, 35.417996652915235 ] } },
{ "type": "Feature", "properties": { "osm_id": "way/461867286", "name": null, "ref": null, "amenity": "bicycle_parking", "capacity": null, "facility_type": "parking", "fee": null, "brand": null, "access": "private", "covered": null, "supervised": null, "note": null, "operator": null, "opening_hours": null }, "geometry": { "type": "Point", "coordinates": [ 139.625736919516726, 35.418035051099849 ] } },
{ "type": "Feature", "properties": { "osm_id": "way/461867292", "name": null, "ref": null, "amenity": "bicycle_parking", "capacity": null, "facility_type": "parking", "fee": null, "brand": null, "access": "private", "covered": null, "supervised": null, "note": null, "operator": null, "opening_hours": null }, "geometry": { "type": "Point", "coordinates": [ 139.625323527843022, 35.417928447684893 ] } },
{ "type": "Feature", "properties": { "osm_id": "way/462477123", "name": null, "ref": null, "amenity": "bicycle_parking", "capacity": null, "facility_type": "parking", "fee": null, "brand": null, "access": "private", "covered": null, "supervised": null, "note": null, "operator": null, "opening_hours": null }, "geometry": { "type": "Point", "coordinates": [ 139.621804907799657, 35.425297552131916 ] } },
{ "type": "Feature", "properties": { "osm_id": "way/462477124", "name": null, "ref": null, "amenity": "bicycle_parking", "capacity": null, "facility_type": "parking", "fee": null, "brand": null, "access": "private", "covered": null, "supervised": null, "note": null, "operator": null, "opening_hours": null }, "geometry": { "type": "Point", "coordinates": [ 139.621738101123782, 35.425317551083594 ] } },
{ "type": "Feature", "properties": { "osm_id": "way/462477152", "name": null, "ref": null, "amenity": "bicycle_parking", "capacity": null, "facility_type": "parking", "fee": null, "brand": null, "access": "private", "covered": null, "supervised": null, "note": null, "operator": null, "opening_hours": null }, "geometry": { "type": "Point", "coordinates": [ 139.621855983739806, 35.425299789772346 ] } },
{ "type": "Feature", "properties": { "osm_id": "way/485318898", "name": null, "ref": null, "amenity": "bicycle_parking", "capacity": null, "facility_type": "parking", "fee": null, "brand": null, "access": null, "covered": null, "supervised": null, "note": null, "operator": null, "opening_hours": null }, "geometry": { "type": "Point", "coordinates": [ 139.610769494517029, 35.394009895758842 ] } },
{ "type": "Feature", "properties": { "osm_id": "way/485318899", "name": null, "ref": null, "amenity": "bicycle_parking", "capacity": null, "facility_type": "parking", "fee": null, "brand": null, "access": null, "covered": null, "supervised": null, "note": null, "operator": null, "opening_hours": null }, "geometry": { "type": "Point", "coordinates": [ 139.61071399037786, 35.394174394342713 ] } },
{ "type": "Feature", "properties": { "osm_id": "way/485318900", "name": null, "ref": null, "amenity": "bicycle_parking", "capacity": null, "facility_type": "parking", "fee": null, "brand": null, "access": null, "covered": null, "supervised": null, "note": null, "operator": null, "opening_hours": null }, "geometry": { "type": "Point", "coordinates": [ 139.611105556956176, 35.393766591070801 ] } },
{ "type": "Feature", "properties": { "osm_id": "way/499595261", "name": "駐輪場", "ref": null, "amenity": "bicycle_parking", "capacity": null, "facility_type": "parking", "fee": null, "brand": null, "access": null, "covered": null, "supervised": null, "note": null, "operator": null, "opening_hours": null }, "geometry": { "type": "Point", "coordinates": [ 139.624055262393682, 35.380552099637683 ] } },
{ "type": "Feature", "properties": { "osm_id": "way/1510502116", "name": null, "ref": null, "amenity": "bicycle_parking", "capacity": null, "facility_type": "parking", "fee": null, "brand": null, "access": "private", "covered": null, "supervised": null, "note": null, "operator": null, "opening_hours": null }, "geometry": { "type": "Point", "coordinates": [ 139.625826578274456, 35.418248075866543 ] } },
{ "type": "Feature", "properties": { "osm_id": "way/1510502117", "name": null, "ref": null, "amenity": "bicycle_parking", "capacity": null, "facility_type": "parking", "fee": null, "brand": null, "access": "private", "covered": null, "supervised": null, "note": null, "operator": null, "opening_hours": null }, "geometry": { "type": "Point", "coordinates": [ 139.625779189993978, 35.418366730245069 ] } },
{ "type": "Feature", "properties": { "osm_id": "way/1510502118", "name": null, "ref": null, "amenity": "bicycle_parking", "capacity": null, "facility_type": "parking", "fee": null, "brand": null, "access": "private", "covered": null, "supervised": null, "note": null, "operator": null, "opening_hours": null }, "geometry": { "type": "Point", "coordinates": [ 139.625743957622404, 35.418462054585277 ] } },
{ "type": "Feature", "properties": { "osm_id": "way/1510502153", "name": null, "ref": null, "amenity": "bicycle_parking", "capacity": null, "facility_type": "parking", "fee": null, "brand": null, "access": null, "covered": null, "supervised": null, "note": null, "operator": null, "opening_hours": null }, "geometry": { "type": "Point", "coordinates": [ 139.622719605760864, 35.421912549300757 ] } },
{ "type": "Feature", "properties": { "osm_id": "way/1510502188", "name": null, "ref": null, "amenity": "bicycle_parking", "capacity": null, "facility_type": "parking", "fee": null, "brand": null, "access": "private", "covered": null, "supervised": null, "note": null, "operator": null, "opening_hours": null }, "geometry": { "type": "Point", "coordinates": [ 139.622869604787951, 35.420262039952966 ] } },
{ "type": "Feature", "properties": { "osm_id": "way/1512655669", "name": null, "ref": null, "amenity": "bicycle_parking", "capacity": null, "facility_type": "parking", "fee": null, "brand": null, "access": "private", "covered": null, "supervised": null, "note": null, "operator": null, "opening_hours": null }, "geometry": { "type": "Point", "coordinates": [ 139.620213224615156, 35.421986630232126 ] } },
{ "type": "Feature", "properties": { "osm_id": "way/1512655672", "name": null, "ref": null, "amenity": "bicycle_parking", "capacity": null, "facility_type": "parking", "fee": null, "brand": null, "access": "private", "covered": null, "supervised": null, "note": null, "operator": null, "opening_hours": null }, "geometry": { "type": "Point", "coordinates": [ 139.619937625371676, 35.422093407846084 ] } },
{ "type": "Feature", "properties": { "osm_id": "way/1512655673", "name": null, "ref": null, "amenity": "bicycle_parking", "capacity": null, "facility_type": "parking", "fee": null, "brand": null, "access": "private", "covered": null, "supervised": null, "note": null, "operator": null, "opening_hours": null }, "geometry": { "type": "Point", "coordinates": [ 139.620200946477922, 35.421881277425641 ] } },
{ "type": "Feature", "properties": { "osm_id": "way/1516995846", "name": null, "ref": null, "amenity": "bicycle_parking", "capacity": null, "facility_type": "parking", "fee": null, "brand": null, "access": "private", "covered": null, "supervised": null, "note": null, "operator": null, "opening_hours": null }, "geometry": { "type": "Point", "coordinates": [ 139.631408210532527, 35.417646530439036 ] } },
{ "type": "Feature", "properties": { "osm_id": "way/1516995847", "name": null, "ref": null, "amenity": "bicycle_parking", "capacity": null, "facility_type": "parking", "fee": null, "brand": null, "access": "private", "covered": null, "supervised": null, "note": null, "operator": null, "opening_hours": null }, "geometry": { "type": "Point", "coordinates": [ 139.63145734529823, 35.417648672479622 ] } },
{ "type": "Feature", "properties": { "osm_id": "way/1521456610", "name": null, "ref": null, "amenity": "bicycle_parking", "capacity": null, "facility_type": "parking", "fee": null, "brand": null, "access": "private", "covered": null, "supervised": null, "note": null, "operator": null, "opening_hours": null }, "geometry": { "type": "Point", "coordinates": [ 139.62005006255572, 35.424709394414919 ] } },
{ "type": "Feature", "properties": { "osm_id": "way/1521456612", "name": null, "ref": null, "amenity": "bicycle_parking", "capacity": null, "facility_type": "parking", "fee": null, "brand": null, "access": "private", "covered": null, "supervised": null, "note": null, "operator": null, "opening_hours": null }, "geometry": { "type": "Point", "coordinates": [ 139.619972647322498, 35.424568153874759 ] } },
{ "type": "Feature", "properties": { "osm_id": "way/1524017942", "name": null, "ref": null, "amenity": "bicycle_parking", "capacity": null, "facility_type": "parking", "fee": null, "brand": null, "access": "private", "covered": null, "supervised": null, "note": null, "operator": null, "opening_hours": null }, "geometry": { "type": "Point", "coordinates": [ 139.621921095196626, 35.425688894227342 ] } },
{ "type": "Feature", "properties": { "osm_id": "way/1524017943", "name": null, "ref": null, "amenity": "bicycle_parking", "capacity": null, "facility_type": "parking", "fee": null, "brand": null, "access": "private", "covered": null, "supervised": null, "note": null, "operator": null, "opening_hours": null }, "geometry": { "type": "Point", "coordinates": [ 139.621876334297497, 35.425692820452809 ] } },
{ "type": "Feature", "properties": { "osm_id": "way/1524017944", "name": null, "ref": null, "amenity": "bicycle_parking", "capacity": null, "facility_type": "parking", "fee": null, "brand": null, "access": "private", "covered": null, "supervised": null, "note": null, "operator": null, "opening_hours": null }, "geometry": { "type": "Point", "coordinates": [ 139.621846788194432, 35.425698535499187 ] } },
{ "type": "Feature", "properties": { "osm_id": "way/1524043972", "name": null, "ref": null, "amenity": "bicycle_parking", "capacity": null, "facility_type": "parking", "fee": null, "brand": null, "access": "private", "covered": null, "supervised": null, "note": null, "operator": null, "opening_hours": null }, "geometry": { "type": "Point", "coordinates": [ 139.621879074411169, 35.422079799602344 ] } },
{ "type": "Feature", "properties": { "osm_id": "way/1524043985", "name": null, "ref": null, "amenity": "bicycle_parking", "capacity": null, "facility_type": "parking", "fee": null, "brand": null, "access": "private", "covered": null, "supervised": null, "note": null, "operator": null, "opening_hours": null }, "geometry": { "type": "Point", "coordinates": [ 139.622086051313261, 35.422034448234264 ] } },
{ "type": "Feature", "properties": { "osm_id": "way/1524106257", "name": null, "ref": null, "amenity": "bicycle_parking", "capacity": null, "facility_type": "parking", "fee": null, "brand": null, "access": "private", "covered": null, "supervised": null, "note": null, "operator": null, "opening_hours": null }, "geometry": { "type": "Point", "coordinates": [ 139.622532430048125, 35.422363731502855 ] } },
{ "type": "Feature", "properties": { "osm_id": "way/1524295252", "name": null, "ref": null, "amenity": "bicycle_parking", "capacity": null, "facility_type": "parking", "fee": null, "brand": null, "access": "private", "covered": null, "supervised": null, "note": null, "operator": null, "opening_hours": null }, "geometry": { "type": "Point", "coordinates": [ 139.617300581885559, 35.425465140571148 ] } },
{ "type": "Feature", "properties": { "osm_id": "way/1524295347", "name": null, "ref": null, "amenity": "bicycle_parking", "capacity": null, "facility_type": "parking", "fee": null, "brand": null, "access": "private", "covered": null, "supervised": null, "note": null, "operator": null, "opening_hours": null }, "geometry": { "type": "Point", "coordinates": [ 139.617344547647036, 35.424321304667636 ] } },
{ "type": "Feature", "properties": { "osm_id": "node/1804675327", "name": null, "ref": null, "amenity": "bicycle_parking", "capacity": null, "facility_type": "parking", "fee": null, "brand": null, "access": null, "covered": null, "supervised": null, "note": null, "operator": null, "opening_hours": null }, "geometry": { "type": "Point", "coordinates": [ 139.6193815, 35.4663091 ] } },
{ "type": "Feature", "properties": { "osm_id": "node/1972323480", "name": "新高島駅", "ref": "26", "amenity": "bicycle_rental", "capacity": null, "facility_type": "sharing", "fee": null, "brand": null, "access": null, "covered": null, "supervised": null, "note": null, "operator": null, "opening_hours": null }, "geometry": { "type": "Point", "coordinates": [ 139.6270514, 35.4618528 ] } },
{ "type": "Feature", "properties": { "osm_id": "node/2253892449", "name": "ランドマークプラザ", "ref": "32", "amenity": "bicycle_rental", "capacity": "24", "facility_type": "sharing", "fee": "yes", "brand": "ドコモ・バイクシェア", "access": null, "covered": null, "supervised": null, "note": null, "operator": "ドコモ・バイクシェア", "opening_hours": null }, "geometry": { "type": "Point", "coordinates": [ 139.6313097, 35.4557949 ] } },
{ "type": "Feature", "properties": { "osm_id": "node/2253894872", "name": "横浜ロイヤルパークホテル", "ref": "34", "amenity": "bicycle_rental", "capacity": "20", "facility_type": "sharing", "fee": "yes", "brand": "baybike", "access": null, "covered": null, "supervised": null, "note": null, "operator": "baybike", "opening_hours": null }, "geometry": { "type": "Point", "coordinates": [ 139.630351, 35.45539 ] } },
{ "type": "Feature", "properties": { "osm_id": "node/2254438113", "name": "横浜三井ビルディング", "ref": "24", "amenity": "bicycle_rental", "capacity": "17", "facility_type": "sharing", "fee": "yes", "brand": "ドコモ・バイクシェア", "access": null, "covered": null, "supervised": null, "note": null, "operator": "ドコモ・バイクシェア", "opening_hours": null }, "geometry": { "type": "Point", "coordinates": [ 139.6243059, 35.4630204 ] } },
{ "type": "Feature", "properties": { "osm_id": "node/2597917683", "name": "みなとみらい駅自転車駐車場", "ref": null, "amenity": "bicycle_parking", "capacity": null, "facility_type": "parking", "fee": null, "brand": null, "access": null, "covered": "no", "supervised": null, "note": null, "operator": null, "opening_hours": null }, "geometry": { "type": "Point", "coordinates": [ 139.6319431, 35.4566185 ] } },
{ "type": "Feature", "properties": { "osm_id": "node/3112483326", "name": null, "ref": null, "amenity": "bicycle_parking", "capacity": null, "facility_type": "parking", "fee": null, "brand": null, "access": null, "covered": null, "supervised": null, "note": null, "operator": null, "opening_hours": null }, "geometry": { "type": "Point", "coordinates": [ 139.626749900000021, 35.4477294 ] } },
{ "type": "Feature", "properties": { "osm_id": "node/3824546113", "name": "高島中央公園", "ref": "44", "amenity": "bicycle_rental", "capacity": "23", "facility_type": "sharing", "fee": "yes", "brand": "ドコモ・バイクシェア", "access": null, "covered": null, "supervised": null, "note": null, "operator": "ドコモ・バイクシェア", "opening_hours": null }, "geometry": { "type": "Point", "coordinates": [ 139.629978500000021, 35.4621025 ] } },
{ "type": "Feature", "properties": { "osm_id": "node/3824546114", "name": null, "ref": null, "amenity": "bicycle_rental", "capacity": null, "facility_type": "sharing", "fee": null, "brand": null, "access": null, "covered": null, "supervised": null, "note": null, "operator": null, "opening_hours": null }, "geometry": { "type": "Point", "coordinates": [ 139.6292784, 35.460003 ] } },
{ "type": "Feature", "properties": { "osm_id": "node/3824546115", "name": "横浜メディアタワー", "ref": "18", "amenity": "bicycle_rental", "capacity": "11", "facility_type": "sharing", "fee": "yes", "brand": "ドコモ・バイクシェア", "access": null, "covered": null, "supervised": null, "note": null, "operator": "ドコモ・バイクシェア", "opening_hours": null }, "geometry": { "type": "Point", "coordinates": [ 139.63035720000002, 35.4600492 ] } },
{ "type": "Feature", "properties": { "osm_id": "node/3824554501", "name": "MARKISみなとみらい", "ref": "37", "amenity": "bicycle_rental", "capacity": "33", "facility_type": "sharing", "fee": "yes", "brand": "baybike", "access": null, "covered": null, "supervised": null, "note": null, "operator": "baybike", "opening_hours": null }, "geometry": { "type": "Point", "coordinates": [ 139.632330100000019, 35.4576621 ] } },
{ "type": "Feature", "properties": { "osm_id": "node/3824554503", "name": "日産カーパレス", "ref": null, "amenity": "bicycle_rental", "capacity": null, "facility_type": "sharing", "fee": null, "brand": null, "access": null, "covered": null, "supervised": null, "note": null, "operator": null, "opening_hours": null }, "geometry": { "type": "Point", "coordinates": [ 139.629387, 35.4552271 ] } },
{ "type": "Feature", "properties": { "osm_id": "node/3824554504", "name": "クイーンズパーク", "ref": "30", "amenity": "bicycle_rental", "capacity": "22", "facility_type": "sharing", "fee": "yes", "brand": "ドコモ・バイクシェア", "access": null, "covered": null, "supervised": null, "note": null, "operator": "ドコモ・バイクシェア", "opening_hours": null }, "geometry": { "type": "Point", "coordinates": [ 139.634413500000022, 35.456137 ] } },
{ "type": "Feature", "properties": { "osm_id": "node/4155082080", "name": null, "ref": null, "amenity": "bicycle_rental", "capacity": null, "facility_type": "sharing", "fee": null, "brand": null, "access": null, "covered": null, "supervised": null, "note": null, "operator": "Cycle Travelation", "opening_hours": null }, "geometry": { "type": "Point", "coordinates": [ 139.615524600000015, 35.4633612 ] } },
{ "type": "Feature", "properties": { "osm_id": "node/5139091723", "name": "baybike 横浜美術館", "ref": null, "amenity": "bicycle_rental", "capacity": null, "facility_type": "sharing", "fee": "yes", "brand": "baybike", "access": null, "covered": null, "supervised": null, "note": null, "operator": "baybike", "opening_hours": null }, "geometry": { "type": "Point", "coordinates": [ 139.6294776, 35.4576569 ] } },
{ "type": "Feature", "properties": { "osm_id": "node/5911031345", "name": "横浜アイマークプレイス", "ref": "39", "amenity": "bicycle_rental", "capacity": "32", "facility_type": "sharing", "fee": "yes", "brand": "ドコモ・バイクシェア", "access": null, "covered": null, "supervised": null, "note": null, "operator": "ドコモ・バイクシェア", "opening_hours": null }, "geometry": { "type": "Point", "coordinates": [ 139.6288888, 35.4599304 ] } },
{ "type": "Feature", "properties": { "osm_id": "node/7922056250", "name": "美術の広場前", "ref": "20", "amenity": "bicycle_rental", "capacity": "27", "facility_type": "sharing", "fee": "yes", "brand": "baybike", "access": null, "covered": null, "supervised": null, "note": null, "operator": "baybike", "opening_hours": null }, "geometry": { "type": "Point", "coordinates": [ 139.63168570000002, 35.456478 ] } },
{ "type": "Feature", "properties": { "osm_id": "node/8120955313", "name": "横浜スカイビル前", "ref": "75", "amenity": "bicycle_rental", "capacity": "12", "facility_type": "sharing", "fee": "yes", "brand": "baybike", "access": null, "covered": null, "supervised": null, "note": null, "operator": "baybike", "opening_hours": null }, "geometry": { "type": "Point", "coordinates": [ 139.6241688, 35.4648648 ] } },
{ "type": "Feature", "properties": { "osm_id": "node/8120955314", "name": "横浜スカイビル前-2", "ref": "112", "amenity": "bicycle_rental", "capacity": "6", "facility_type": "sharing", "fee": "yes", "brand": "baybike", "access": null, "covered": null, "supervised": null, "note": null, "operator": "baybike", "opening_hours": null }, "geometry": { "type": "Point", "coordinates": [ 139.6241492, 35.4643966 ] } },
{ "type": "Feature", "properties": { "osm_id": "node/8476030936", "name": null, "ref": null, "amenity": "bicycle_parking", "capacity": null, "facility_type": "parking", "fee": null, "brand": null, "access": null, "covered": null, "supervised": null, "note": null, "operator": null, "opening_hours": null }, "geometry": { "type": "Point", "coordinates": [ 139.629271500000016, 35.4601242 ] } },
{ "type": "Feature", "properties": { "osm_id": "node/8481523740", "name": null, "ref": null, "amenity": "bicycle_parking", "capacity": null, "facility_type": "parking", "fee": null, "brand": null, "access": null, "covered": null, "supervised": null, "note": null, "operator": null, "opening_hours": null }, "geometry": { "type": "Point", "coordinates": [ 139.63398, 35.4584984 ] } },
{ "type": "Feature", "properties": { "osm_id": "node/8481523741", "name": null, "ref": null, "amenity": "bicycle_parking", "capacity": null, "facility_type": "parking", "fee": null, "brand": null, "access": null, "covered": null, "supervised": null, "note": null, "operator": null, "opening_hours": null }, "geometry": { "type": "Point", "coordinates": [ 139.6338446, 35.4584375 ] } },
{ "type": "Feature", "properties": { "osm_id": "node/10553916742", "name": null, "ref": null, "amenity": "bicycle_parking", "capacity": null, "facility_type": "parking", "fee": null, "brand": null, "access": null, "covered": null, "supervised": null, "note": null, "operator": null, "opening_hours": null }, "geometry": { "type": "Point", "coordinates": [ 139.624495, 35.4669343 ] } },
{ "type": "Feature", "properties": { "osm_id": "node/11038361432", "name": "ハーミットクラブハウス西横浜2", "ref": null, "amenity": "bicycle_rental", "capacity": "5", "facility_type": "sharing", "fee": "yes", "brand": "HELLO CYCLING", "access": null, "covered": null, "supervised": null, "note": null, "operator": null, "opening_hours": null }, "geometry": { "type": "Point", "coordinates": [ 139.614585, 35.4482501 ] } },
{ "type": "Feature", "properties": { "osm_id": "node/11038361487", "name": "グランヴァン横濱クレストシティ", "ref": null, "amenity": "bicycle_rental", "capacity": "8", "facility_type": "sharing", "fee": "yes", "brand": "HELLO CYCLING", "access": null, "covered": null, "supervised": null, "note": null, "operator": "OpenStreet", "opening_hours": null }, "geometry": { "type": "Point", "coordinates": [ 139.6186271, 35.4606418 ] } },
{ "type": "Feature", "properties": { "osm_id": "node/11225948455", "name": null, "ref": null, "amenity": "bicycle_parking", "capacity": null, "facility_type": "parking", "fee": null, "brand": null, "access": null, "covered": null, "supervised": null, "note": null, "operator": null, "opening_hours": "07:00-23:00" }, "geometry": { "type": "Point", "coordinates": [ 139.6309152, 35.4653812 ] } },
{ "type": "Feature", "properties": { "osm_id": "node/11278791811", "name": null, "ref": null, "amenity": "bicycle_parking", "capacity": null, "facility_type": "parking", "fee": null, "brand": null, "access": "private", "covered": null, "supervised": null, "note": null, "operator": null, "opening_hours": null }, "geometry": { "type": "Point", "coordinates": [ 139.6122446, 35.4667779 ] } },
{ "type": "Feature", "properties": { "osm_id": "node/11345478884", "name": "Flat Share TOBE Campus", "ref": null, "amenity": "bicycle_rental", "capacity": "4", "facility_type": "sharing", "fee": "yes", "brand": "HELLO CYCLING", "access": null, "covered": null, "supervised": null, "note": null, "operator": null, "opening_hours": null }, "geometry": { "type": "Point", "coordinates": [ 139.6192762, 35.452106 ] } },
{ "type": "Feature", "properties": { "osm_id": "node/11436138597", "name": "平沼橋駐輪場", "ref": "143", "amenity": "bicycle_rental", "capacity": "13", "facility_type": "sharing", "fee": "yes", "brand": "ドコモ・バイクシェア", "access": null, "covered": null, "supervised": null, "note": null, "operator": "ドコモ・バイクシェア", "opening_hours": null }, "geometry": { "type": "Point", "coordinates": [ 139.619404, 35.461257 ] } },
{ "type": "Feature", "properties": { "osm_id": "node/11436138600", "name": "西横浜駅南口駐輪場", "ref": "140", "amenity": "bicycle_rental", "capacity": "13", "facility_type": "sharing", "fee": "yes", "brand": "Docomo Bike Share", "access": null, "covered": null, "supervised": null, "note": null, "operator": null, "opening_hours": null }, "geometry": { "type": "Point", "coordinates": [ 139.609255, 35.453342 ] } },
{ "type": "Feature", "properties": { "osm_id": "node/11436145471", "name": "tvkハウジング プラザ横浜", "ref": "137", "amenity": "bicycle_rental", "capacity": "11", "facility_type": "sharing", "fee": "yes", "brand": "Docomo Bike Share", "access": null, "covered": null, "supervised": null, "note": null, "operator": null, "opening_hours": null }, "geometry": { "type": "Point", "coordinates": [ 139.612279, 35.458067 ] } },
{ "type": "Feature", "properties": { "osm_id": "node/11436145651", "name": "プライムコーストみなとみらい", "ref": "133", "amenity": "bicycle_rental", "capacity": "12", "facility_type": "sharing", "fee": "yes", "brand": "ドコモ・バイクシェア", "access": null, "covered": null, "supervised": null, "note": null, "operator": "ドコモ・バイクシェア", "opening_hours": null }, "geometry": { "type": "Point", "coordinates": [ 139.632213, 35.462961 ] } },
{ "type": "Feature", "properties": { "osm_id": "node/11436145729", "name": "横濱ゲートタワー", "ref": "130", "amenity": "bicycle_rental", "capacity": "6", "facility_type": "sharing", "fee": "yes", "brand": "ドコモ・バイクシェア", "access": null, "covered": null, "supervised": null, "note": null, "operator": "ドコモ・バイクシェア", "opening_hours": null }, "geometry": { "type": "Point", "coordinates": [ 139.624539, 35.462579 ] } },
{ "type": "Feature", "properties": { "osm_id": "node/11436145744", "name": "神奈川大学みなとみらいキャンパス", "ref": "126", "amenity": "bicycle_rental", "capacity": "19", "facility_type": "sharing", "fee": "yes", "brand": "ドコモ・バイクシェア", "access": null, "covered": null, "supervised": null, "note": null, "operator": "ドコモ・バイクシェア", "opening_hours": null }, "geometry": { "type": "Point", "coordinates": [ 139.62837, 35.458566 ] } },
{ "type": "Feature", "properties": { "osm_id": "node/11436145755", "name": "横浜市中央図書館", "ref": "127", "amenity": "bicycle_rental", "capacity": "15", "facility_type": "sharing", "fee": "yes", "brand": "Docomo Bike Share", "access": null, "covered": null, "supervised": null, "note": null, "operator": null, "opening_hours": null }, "geometry": { "type": "Point", "coordinates": [ 139.626706, 35.447638 ] } },
{ "type": "Feature", "properties": { "osm_id": "node/11436145909", "name": "食選館 マルヤマ藤棚店", "ref": "162", "amenity": "bicycle_rental", "capacity": "3", "facility_type": "sharing", "fee": "yes", "brand": "Docomo Bike Share", "access": null, "covered": null, "supervised": null, "note": null, "operator": null, "opening_hours": null }, "geometry": { "type": "Point", "coordinates": [ 139.61438, 35.451442 ] } },
{ "type": "Feature", "properties": { "osm_id": "node/11436145916", "name": "GSパーク みなとみらい", "ref": "164", "amenity": "bicycle_rental", "capacity": "17", "facility_type": "sharing", "fee": "yes", "brand": "ドコモ・バイクシェア", "access": null, "covered": null, "supervised": null, "note": null, "operator": "ドコモ・バイクシェア", "opening_hours": null }, "geometry": { "type": "Point", "coordinates": [ 139.630041, 35.460552 ] } },
{ "type": "Feature", "properties": { "osm_id": "node/11436145930", "name": "戸部公園", "ref": "79", "amenity": "bicycle_rental", "capacity": "5", "facility_type": "sharing", "fee": "yes", "brand": "Docomo Bike Share", "access": null, "covered": null, "supervised": null, "note": null, "operator": null, "opening_hours": null }, "geometry": { "type": "Point", "coordinates": [ 139.61614, 35.453976 ] } },
{ "type": "Feature", "properties": { "osm_id": "node/11436145932", "name": "西区役所", "ref": "81", "amenity": "bicycle_rental", "capacity": "34", "facility_type": "sharing", "fee": "yes", "brand": "Docomo Bike Share", "access": null, "covered": null, "supervised": null, "note": null, "operator": null, "opening_hours": null }, "geometry": { "type": "Point", "coordinates": [ 139.616845, 35.453819 ] } },
{ "type": "Feature", "properties": { "osm_id": "node/11436145933", "name": "掃部山公園", "ref": "82", "amenity": "bicycle_rental", "capacity": "5", "facility_type": "sharing", "fee": "yes", "brand": "Docomo Bike Share", "access": null, "covered": null, "supervised": null, "note": null, "operator": null, "opening_hours": null }, "geometry": { "type": "Point", "coordinates": [ 139.625986, 35.453037 ] } },
{ "type": "Feature", "properties": { "osm_id": "node/11436145942", "name": "高島交番横", "ref": "76", "amenity": "bicycle_rental", "capacity": "9", "facility_type": "sharing", "fee": "yes", "brand": "Docomo Bike Share", "access": null, "covered": null, "supervised": null, "note": null, "operator": null, "opening_hours": null }, "geometry": { "type": "Point", "coordinates": [ 139.623183, 35.459558 ] } },
{ "type": "Feature", "properties": { "osm_id": "node/11436145943", "name": "ふれあい歩道橋下", "ref": "77", "amenity": "bicycle_rental", "capacity": "5", "facility_type": "sharing", "fee": "yes", "brand": "Docomo Bike Share", "access": null, "covered": null, "supervised": null, "note": null, "operator": null, "opening_hours": null }, "geometry": { "type": "Point", "coordinates": [ 139.622293, 35.459948 ] } },
{ "type": "Feature", "properties": { "osm_id": "node/11436145945", "name": "京急戸部駐輪場", "ref": "91", "amenity": "bicycle_rental", "capacity": "6", "facility_type": "sharing", "fee": "yes", "brand": "Docomo Bike Share", "access": null, "covered": null, "supervised": null, "note": null, "operator": null, "opening_hours": null }, "geometry": { "type": "Point", "coordinates": [ 139.619784, 35.456129 ] } },
{ "type": "Feature", "properties": { "osm_id": "node/11436145948", "name": "みなとみらいグランドセントラルタワー", "ref": "66", "amenity": "bicycle_rental", "capacity": "36", "facility_type": "sharing", "fee": "yes", "brand": "ドコモ・バイクシェア", "access": null, "covered": null, "supervised": null, "note": null, "operator": "ドコモ・バイクシェア", "opening_hours": null }, "geometry": { "type": "Point", "coordinates": [ 139.628577, 35.458845 ] } },
{ "type": "Feature", "properties": { "osm_id": "node/11436145950", "name": "OCEAN GATE MINATO MIRAI", "ref": "68", "amenity": "bicycle_rental", "capacity": "22", "facility_type": "sharing", "fee": "yes", "brand": "ドコモ・バイクシェア", "access": null, "covered": null, "supervised": null, "note": null, "operator": "ドコモ・バイクシェア", "opening_hours": null }, "geometry": { "type": "Point", "coordinates": [ 139.63468, 35.45843 ] } },
{ "type": "Feature", "properties": { "osm_id": "node/11436145952", "name": "野毛山動物園", "ref": "49", "amenity": "bicycle_rental", "capacity": "38", "facility_type": "sharing", "fee": "yes", "brand": "Docomo Bike Share", "access": null, "covered": null, "supervised": null, "note": null, "operator": null, "opening_hours": null }, "geometry": { "type": "Point", "coordinates": [ 139.622949, 35.446376 ] } },
{ "type": "Feature", "properties": { "osm_id": "node/11436145954", "name": "高島駐輪場", "ref": "51", "amenity": "bicycle_rental", "capacity": "13", "facility_type": "sharing", "fee": "yes", "brand": "Docomo Bike Share", "access": null, "covered": null, "supervised": null, "note": null, "operator": "ドコモ・バイクシェア", "opening_hours": null }, "geometry": { "type": "Point", "coordinates": [ 139.624389, 35.460381 ] } },
{ "type": "Feature", "properties": { "osm_id": "node/11436145958", "name": "オーケーみなとみらい", "ref": "54", "amenity": "bicycle_rental", "capacity": "10", "facility_type": "sharing", "fee": "yes", "brand": "ドコモ・バイクシェア", "access": null, "covered": null, "supervised": null, "note": null, "operator": "ドコモ・バイクシェア", "opening_hours": null }, "geometry": { "type": "Point", "coordinates": [ 139.631396, 35.463662 ] } },
{ "type": "Feature", "properties": { "osm_id": "node/11436145961", "name": "アソビル", "ref": "120", "amenity": "bicycle_rental", "capacity": "8", "facility_type": "sharing", "fee": "yes", "brand": "ドコモ・バイクシェア", "access": null, "covered": null, "supervised": null, "note": null, "operator": "ドコモ・バイクシェア", "opening_hours": null }, "geometry": { "type": "Point", "coordinates": [ 139.622196, 35.463607 ] } },
{ "type": "Feature", "properties": { "osm_id": "node/11436145967", "name": "西平沼橋", "ref": "114", "amenity": "bicycle_rental", "capacity": "17", "facility_type": "sharing", "fee": "yes", "brand": "Docomo Bike Share", "access": null, "covered": null, "supervised": null, "note": null, "operator": null, "opening_hours": null }, "geometry": { "type": "Point", "coordinates": [ 139.617457, 35.457253 ] } },
{ "type": "Feature", "properties": { "osm_id": "node/11436145968", "name": "みなとみらい学園ビル", "ref": "121", "amenity": "bicycle_rental", "capacity": "14", "facility_type": "sharing", "fee": "yes", "brand": "ドコモ・バイクシェア", "access": null, "covered": null, "supervised": null, "note": null, "operator": "ドコモ・バイクシェア", "opening_hours": null }, "geometry": { "type": "Point", "coordinates": [ 139.625096, 35.460521 ] } },
{ "type": "Feature", "properties": { "osm_id": "node/11436145972", "name": "BeGood西戸部", "ref": "97", "amenity": "bicycle_rental", "capacity": "18", "facility_type": "sharing", "fee": "yes", "brand": "Docomo Bike Share", "access": null, "covered": null, "supervised": null, "note": null, "operator": null, "opening_hours": null }, "geometry": { "type": "Point", "coordinates": [ 139.6193, 35.45211 ] } },
{ "type": "Feature", "properties": { "osm_id": "node/11436145973", "name": "プラウド横浜桜木町", "ref": "98", "amenity": "bicycle_rental", "capacity": "11", "facility_type": "sharing", "fee": "yes", "brand": "Docomo Bike Share", "access": null, "covered": null, "supervised": null, "note": null, "operator": null, "opening_hours": null }, "geometry": { "type": "Point", "coordinates": [ 139.625999, 35.4555 ] } },
{ "type": "Feature", "properties": { "osm_id": "node/11436145981", "name": "西公会堂・西地区センター", "ref": "90", "amenity": "bicycle_rental", "capacity": "6", "facility_type": "sharing", "fee": "yes", "brand": "ドコモ・バイクシェア", "access": null, "covered": null, "supervised": null, "note": null, "operator": "ドコモ・バイクシェア", "opening_hours": null }, "geometry": { "type": "Point", "coordinates": [ 139.615488, 35.462795 ] } },
{ "type": "Feature", "properties": { "osm_id": "node/11436145983", "name": "MMパークビル", "ref": "33", "amenity": "bicycle_rental", "capacity": "24", "facility_type": "sharing", "fee": "yes", "brand": "ドコモ・バイクシェア", "access": null, "covered": null, "supervised": null, "note": null, "operator": "ドコモ・バイクシェア", "opening_hours": null }, "geometry": { "type": "Point", "coordinates": [ 139.632938, 35.458805 ] } },
{ "type": "Feature", "properties": { "osm_id": "node/11436145984", "name": "ローソン横浜中央二丁目店", "ref": "92", "amenity": "bicycle_rental", "capacity": "4", "facility_type": "sharing", "fee": "yes", "brand": "Docomo Bike Share", "access": null, "covered": null, "supervised": null, "note": null, "operator": null, "opening_hours": null }, "geometry": { "type": "Point", "coordinates": [ 139.616224, 35.453376 ] } },
{ "type": "Feature", "properties": { "osm_id": "node/11436145995", "name": "横浜野村ビル", "ref": "69", "amenity": "bicycle_rental", "capacity": "9", "facility_type": "sharing", "fee": "yes", "brand": "ドコモ・バイクシェア", "access": null, "covered": null, "supervised": null, "note": null, "operator": "ドコモ・バイクシェア", "opening_hours": null }, "geometry": { "type": "Point", "coordinates": [ 139.627792, 35.459342 ] } },
{ "type": "Feature", "properties": { "osm_id": "node/11436145998", "name": "KDX横浜みなとみらいタワー", "ref": "35", "amenity": "bicycle_rental", "capacity": "28", "facility_type": "sharing", "fee": "yes", "brand": "Docomo Bike Share", "access": null, "covered": null, "supervised": null, "note": null, "operator": null, "opening_hours": null }, "geometry": { "type": "Point", "coordinates": [ 139.629498, 35.455912 ] } },
{ "type": "Feature", "properties": { "osm_id": "node/11436146019", "name": "戸部公園-2", "ref": "150", "amenity": "bicycle_rental", "capacity": "5", "facility_type": "sharing", "fee": "yes", "brand": "Docomo Bike Share", "access": null, "covered": null, "supervised": null, "note": null, "operator": null, "opening_hours": null }, "geometry": { "type": "Point", "coordinates": [ 139.616099, 35.454733 ] } },
{ "type": "Feature", "properties": { "osm_id": "node/11436146056", "name": "セブン-イレブン京急ST戸部店", "ref": "148", "amenity": "bicycle_rental", "capacity": "5", "facility_type": "sharing", "fee": "yes", "brand": "Docomo Bike Share", "access": null, "covered": null, "supervised": null, "note": null, "operator": null, "opening_hours": null }, "geometry": { "type": "Point", "coordinates": [ 139.61921, 35.457443 ] } },
{ "type": "Feature", "properties": { "osm_id": "node/12295909432", "name": "ヴィラコンフォート", "ref": null, "amenity": "bicycle_rental", "capacity": "8", "facility_type": "sharing", "fee": "yes", "brand": "HELLO CYCLING", "access": null, "covered": null, "supervised": null, "note": null, "operator": null, "opening_hours": null }, "geometry": { "type": "Point", "coordinates": [ 139.6045435, 35.4463649 ] } },
{ "type": "Feature", "properties": { "osm_id": "node/12295909468", "name": "ウエインズトヨタ神奈川 横浜みなとみらい店", "ref": null, "amenity": "bicycle_rental", "capacity": "5", "facility_type": "sharing", "fee": "yes", "brand": "HELLO CYCLING", "access": null, "covered": null, "supervised": null, "note": null, "operator": null, "opening_hours": null }, "geometry": { "type": "Point", "coordinates": [ 139.623566400000016, 35.4578997 ] } },
{ "type": "Feature", "properties": { "osm_id": "node/12313504847", "name": "ベイサイド8227", "ref": "178", "amenity": "bicycle_rental", "capacity": "3", "facility_type": "sharing", "fee": "yes", "brand": "Docomo Bike Share", "access": null, "covered": null, "supervised": null, "note": null, "operator": null, "opening_hours": null }, "geometry": { "type": "Point", "coordinates": [ 139.609236, 35.458287 ] } },
{ "type": "Feature", "properties": { "osm_id": "node/12313504849", "name": "みなとみらいセンタービル", "ref": "177", "amenity": "bicycle_rental", "capacity": "4", "facility_type": "sharing", "fee": "yes", "brand": "ドコモ・バイクシェア", "access": null, "covered": null, "supervised": null, "note": null, "operator": "ドコモ・バイクシェア", "opening_hours": null }, "geometry": { "type": "Point", "coordinates": [ 139.633418, 35.458145 ] } },
{ "type": "Feature", "properties": { "osm_id": "node/12313504851", "name": "カルナ横浜", "ref": "175", "amenity": "bicycle_rental", "capacity": "4", "facility_type": "sharing", "fee": "yes", "brand": "ドコモ・バイクシェア", "access": null, "covered": null, "supervised": null, "note": null, "operator": "ドコモ・バイクシェア", "opening_hours": null }, "geometry": { "type": "Point", "coordinates": [ 139.611076, 35.462152 ] } },
{ "type": "Feature", "properties": { "osm_id": "node/12313504855", "name": "パシフィコ横浜ノース駐輪場", "ref": "172", "amenity": "bicycle_rental", "capacity": "11", "facility_type": "sharing", "fee": "yes", "brand": "ドコモ・バイクシェア", "access": null, "covered": null, "supervised": null, "note": null, "operator": "ドコモ・バイクシェア", "opening_hours": null }, "geometry": { "type": "Point", "coordinates": [ 139.635047, 35.462633 ] } },
{ "type": "Feature", "properties": { "osm_id": "node/12313504856", "name": "横浜ブルーアベニュー", "ref": "171", "amenity": "bicycle_rental", "capacity": "14", "facility_type": "sharing", "fee": "yes", "brand": "ドコモ・バイクシェア", "access": null, "covered": null, "supervised": null, "note": null, "operator": "ドコモ・バイクシェア", "opening_hours": null }, "geometry": { "type": "Point", "coordinates": [ 139.62692, 35.459844 ] } },
{ "type": "Feature", "properties": { "osm_id": "node/13189922506", "name": "西区御所山町", "ref": null, "amenity": "bicycle_rental", "capacity": "16", "facility_type": "sharing", "fee": "yes", "brand": "HELLO CYCLING", "access": null, "covered": null, "supervised": null, "note": null, "operator": null, "opening_hours": null }, "geometry": { "type": "Point", "coordinates": [ 139.623244200000016, 35.455261 ] } },
{ "type": "Feature", "properties": { "osm_id": "node/13189922539", "name": "藤棚町駐車場", "ref": null, "amenity": "bicycle_rental", "capacity": "3", "facility_type": "sharing", "fee": "yes", "brand": "HELLO CYCLING", "access": null, "covered": null, "supervised": null, "note": null, "operator": null, "opening_hours": null }, "geometry": { "type": "Point", "coordinates": [ 139.6128362, 35.4503947 ] } },
{ "type": "Feature", "properties": { "osm_id": "node/13189922563", "name": "143.平沼橋駐輪場", "ref": null, "amenity": "bicycle_rental", "capacity": "13", "facility_type": "sharing", "fee": "yes", "brand": "HELLO CYCLING", "access": null, "covered": null, "supervised": null, "note": null, "operator": null, "opening_hours": null }, "geometry": { "type": "Point", "coordinates": [ 139.619404, 35.461257 ] } },
{ "type": "Feature", "properties": { "osm_id": "node/13189922566", "name": "140.西横浜駅南口駐輪場", "ref": null, "amenity": "bicycle_rental", "capacity": "14", "facility_type": "sharing", "fee": "yes", "brand": "HELLO CYCLING", "access": null, "covered": null, "supervised": null, "note": null, "operator": null, "opening_hours": null }, "geometry": { "type": "Point", "coordinates": [ 139.6092552, 35.4533419 ] } },
{ "type": "Feature", "properties": { "osm_id": "node/13189922567", "name": "127.横浜市中央図書館", "ref": null, "amenity": "bicycle_rental", "capacity": "16", "facility_type": "sharing", "fee": "yes", "brand": "HELLO CYCLING", "access": null, "covered": null, "supervised": null, "note": null, "operator": null, "opening_hours": null }, "geometry": { "type": "Point", "coordinates": [ 139.626706, 35.447638 ] } },
{ "type": "Feature", "properties": { "osm_id": "node/13189922568", "name": "114.西平沼橋", "ref": null, "amenity": "bicycle_rental", "capacity": "1000", "facility_type": "sharing", "fee": "yes", "brand": "HELLO CYCLING", "access": null, "covered": null, "supervised": null, "note": null, "operator": null, "opening_hours": null }, "geometry": { "type": "Point", "coordinates": [ 139.617457, 35.457253 ] } },
{ "type": "Feature", "properties": { "osm_id": "node/13189922572", "name": "090.西公会堂・西地区センター", "ref": null, "amenity": "bicycle_rental", "capacity": "6", "facility_type": "sharing", "fee": "yes", "brand": "HELLO CYCLING", "access": null, "covered": null, "supervised": null, "note": null, "operator": null, "opening_hours": null }, "geometry": { "type": "Point", "coordinates": [ 139.615488, 35.462795 ] } },
{ "type": "Feature", "properties": { "osm_id": "node/13189922575", "name": "082.掃部山公園", "ref": null, "amenity": "bicycle_rental", "capacity": "1000", "facility_type": "sharing", "fee": "yes", "brand": "HELLO CYCLING", "access": null, "covered": null, "supervised": null, "note": null, "operator": null, "opening_hours": null }, "geometry": { "type": "Point", "coordinates": [ 139.625986, 35.453037 ] } },
{ "type": "Feature", "properties": { "osm_id": "node/13189922576", "name": "077.ふれあい歩道橋下", "ref": null, "amenity": "bicycle_rental", "capacity": "1000", "facility_type": "sharing", "fee": "yes", "brand": "HELLO CYCLING", "access": null, "covered": null, "supervised": null, "note": null, "operator": null, "opening_hours": null }, "geometry": { "type": "Point", "coordinates": [ 139.622293, 35.459948 ] } },
{ "type": "Feature", "properties": { "osm_id": "node/13189922577", "name": "076.高島交番横", "ref": null, "amenity": "bicycle_rental", "capacity": "9", "facility_type": "sharing", "fee": "yes", "brand": "HELLO CYCLING", "access": null, "covered": null, "supervised": null, "note": null, "operator": null, "opening_hours": null }, "geometry": { "type": "Point", "coordinates": [ 139.623183, 35.459558 ] } },
{ "type": "Feature", "properties": { "osm_id": "node/13189922583", "name": "049.野毛山動物園", "ref": null, "amenity": "bicycle_rental", "capacity": "38", "facility_type": "sharing", "fee": "yes", "brand": "HELLO CYCLING", "access": null, "covered": null, "supervised": null, "note": null, "operator": null, "opening_hours": null }, "geometry": { "type": "Point", "coordinates": [ 139.622949, 35.446376 ] } },
{ "type": "Feature", "properties": { "osm_id": "node/13189922586", "name": "044.高島中央公園", "ref": null, "amenity": "bicycle_rental", "capacity": "25", "facility_type": "sharing", "fee": "yes", "brand": "HELLO CYCLING", "access": null, "covered": null, "supervised": null, "note": null, "operator": null, "opening_hours": null }, "geometry": { "type": "Point", "coordinates": [ 139.630055, 35.462033 ] } },
{ "type": "Feature", "properties": { "osm_id": "node/13189922610", "name": "東京電力パワーグリッド(株) 神奈川総支社西事務所", "ref": null, "amenity": "bicycle_rental", "capacity": "6", "facility_type": "sharing", "fee": "yes", "brand": "HELLO CYCLING", "access": null, "covered": null, "supervised": null, "note": null, "operator": "OpenStreet", "opening_hours": null }, "geometry": { "type": "Point", "coordinates": [ 139.6149756, 35.464998 ] } },
{ "type": "Feature", "properties": { "osm_id": "node/13189922624", "name": "西区戸部町5丁目駐車場", "ref": null, "amenity": "bicycle_rental", "capacity": "5", "facility_type": "sharing", "fee": "yes", "brand": "HELLO CYCLING", "access": null, "covered": null, "supervised": null, "note": null, "operator": null, "opening_hours": null }, "geometry": { "type": "Point", "coordinates": [ 139.626021300000019, 35.4550597 ] } },
{ "type": "Feature", "properties": { "osm_id": "node/13189922649", "name": "サミットストア 横浜岡野店", "ref": null, "amenity": "bicycle_rental", "capacity": "15", "facility_type": "sharing", "fee": "yes", "brand": "HELLO CYCLING", "access": null, "covered": null, "supervised": null, "note": null, "operator": null, "opening_hours": null }, "geometry": { "type": "Point", "coordinates": [ 139.6109753, 35.4597477 ] } },
{ "type": "Feature", "properties": { "osm_id": "node/13189922670", "name": "横浜市西区岡野2丁目駐車場", "ref": null, "amenity": "bicycle_rental", "capacity": "3", "facility_type": "sharing", "fee": "yes", "brand": "HELLO CYCLING", "access": null, "covered": null, "supervised": null, "note": null, "operator": null, "opening_hours": null }, "geometry": { "type": "Point", "coordinates": [ 139.6132263, 35.4594258 ] } },
{ "type": "Feature", "properties": { "osm_id": "node/13189922711", "name": "ロアール横浜西", "ref": null, "amenity": "bicycle_rental", "capacity": "10", "facility_type": "sharing", "fee": "yes", "brand": "HELLO CYCLING", "access": null, "covered": null, "supervised": null, "note": null, "operator": null, "opening_hours": null }, "geometry": { "type": "Point", "coordinates": [ 139.6159644, 35.4578967 ] } },
{ "type": "Feature", "properties": { "osm_id": "node/13189922712", "name": "ストレージ王 天王町トランクルーム", "ref": null, "amenity": "bicycle_rental", "capacity": "2", "facility_type": "sharing", "fee": "yes", "brand": "HELLO CYCLING", "access": null, "covered": null, "supervised": null, "note": null, "operator": null, "opening_hours": null }, "geometry": { "type": "Point", "coordinates": [ 139.606147100000015, 35.4568696 ] } },
{ "type": "Feature", "properties": { "osm_id": "node/13189922727", "name": "リパーク横浜岡野１丁目第４", "ref": null, "amenity": "bicycle_rental", "capacity": "23", "facility_type": "sharing", "fee": "yes", "brand": "HELLO CYCLING", "access": null, "covered": null, "supervised": null, "note": null, "operator": null, "opening_hours": null }, "geometry": { "type": "Point", "coordinates": [ 139.614508300000011, 35.4632246 ] } },
{ "type": "Feature", "properties": { "osm_id": "node/13192247150", "name": "洪福寺交差点付近", "ref": "193", "amenity": "bicycle_rental", "capacity": "25", "facility_type": "sharing", "fee": "yes", "brand": "Docomo Bike Share", "access": null, "covered": null, "supervised": null, "note": null, "operator": null, "opening_hours": null }, "geometry": { "type": "Point", "coordinates": [ 139.606398, 35.45692 ] } },
{ "type": "Feature", "properties": { "osm_id": "node/13192247153", "name": "京急グループ本社ビル", "ref": "192", "amenity": "bicycle_rental", "capacity": "14", "facility_type": "sharing", "fee": "yes", "brand": "Docomo Bike Share", "access": null, "covered": null, "supervised": null, "note": null, "operator": null, "opening_hours": null }, "geometry": { "type": "Point", "coordinates": [ 139.625848, 35.462123 ] } },
{ "type": "Feature", "properties": { "osm_id": "node/13192247171", "name": "ヴィラコンフォート", "ref": "9009", "amenity": "bicycle_rental", "capacity": "7", "facility_type": "sharing", "fee": "yes", "brand": "Docomo Bike Share", "access": null, "covered": null, "supervised": null, "note": null, "operator": null, "opening_hours": null }, "geometry": { "type": "Point", "coordinates": [ 139.6045, 35.44636 ] } },
{ "type": "Feature", "properties": { "osm_id": "node/13192247174", "name": "ロアール横浜西", "ref": "9008", "amenity": "bicycle_rental", "capacity": "10", "facility_type": "sharing", "fee": "yes", "brand": "Docomo Bike Share", "access": null, "covered": null, "supervised": null, "note": null, "operator": null, "opening_hours": null }, "geometry": { "type": "Point", "coordinates": [ 139.616, 35.4579 ] } },
{ "type": "Feature", "properties": { "osm_id": "node/13192247181", "name": "横浜銀行横浜駅前支店", "ref": "9007", "amenity": "bicycle_rental", "capacity": "6", "facility_type": "sharing", "fee": "yes", "brand": "ドコモ・バイクシェア", "access": null, "covered": null, "supervised": null, "note": null, "operator": "ドコモ・バイクシェア", "opening_hours": null }, "geometry": { "type": "Point", "coordinates": [ 139.621688, 35.467334 ] } },
{ "type": "Feature", "properties": { "osm_id": "node/13192247191", "name": "藤棚町駐車場", "ref": "9003", "amenity": "bicycle_rental", "capacity": "2", "facility_type": "sharing", "fee": "yes", "brand": "Docomo Bike Share", "access": null, "covered": null, "supervised": null, "note": null, "operator": null, "opening_hours": null }, "geometry": { "type": "Point", "coordinates": [ 139.612836, 35.450395 ] } },
{ "type": "Feature", "properties": { "osm_id": "node/13192247196", "name": "タイムズ北幸第6", "ref": "186", "amenity": "bicycle_rental", "capacity": "27", "facility_type": "sharing", "fee": "yes", "brand": "ドコモ・バイクシェア", "access": null, "covered": null, "supervised": null, "note": null, "operator": "ドコモ・バイクシェア", "opening_hours": null }, "geometry": { "type": "Point", "coordinates": [ 139.616962, 35.466609 ] } },
{ "type": "Feature", "properties": { "osm_id": "node/13722789575", "name": "020.美術の広場前", "ref": null, "amenity": "bicycle_rental", "capacity": "27", "facility_type": "sharing", "fee": "yes", "brand": "HELLO CYCLING", "access": null, "covered": null, "supervised": null, "note": null, "operator": null, "opening_hours": null }, "geometry": { "type": "Point", "coordinates": [ 139.631672, 35.456437 ] } },
{ "type": "Feature", "properties": { "osm_id": "node/13722789579", "name": "193.洪福寺交差点付近", "ref": null, "amenity": "bicycle_rental", "capacity": "45", "facility_type": "sharing", "fee": "yes", "brand": "HELLO CYCLING", "access": null, "covered": null, "supervised": null, "note": null, "operator": null, "opening_hours": null }, "geometry": { "type": "Point", "coordinates": [ 139.606398, 35.45692 ] } },
{ "type": "Feature", "properties": { "osm_id": "node/13722830728", "name": "キャピタルヒルズ境之谷", "ref": null, "amenity": "bicycle_rental", "capacity": "8", "facility_type": "sharing", "fee": "yes", "brand": "HELLO CYCLING", "access": null, "covered": null, "supervised": null, "note": null, "operator": null, "opening_hours": null }, "geometry": { "type": "Point", "coordinates": [ 139.61379, 35.44521 ] } },
{ "type": "Feature", "properties": { "osm_id": "node/13722831010", "name": "175.カルナ横浜", "ref": null, "amenity": "bicycle_rental", "capacity": "4", "facility_type": "sharing", "fee": "yes", "brand": "HELLO CYCLING", "access": null, "covered": null, "supervised": null, "note": null, "operator": null, "opening_hours": null }, "geometry": { "type": "Point", "coordinates": [ 139.611076, 35.462152 ] } },
{ "type": "Feature", "properties": { "osm_id": "node/13722831011", "name": "172.パシフィコ横浜ノース駐輪場", "ref": null, "amenity": "bicycle_rental", "capacity": "11", "facility_type": "sharing", "fee": "yes", "brand": "HELLO CYCLING", "access": null, "covered": null, "supervised": null, "note": null, "operator": null, "opening_hours": null }, "geometry": { "type": "Point", "coordinates": [ 139.635047, 35.462633 ] } },
{ "type": "Feature", "properties": { "osm_id": "node/13722831016", "name": "150.戸部公園-2", "ref": null, "amenity": "bicycle_rental", "capacity": "5", "facility_type": "sharing", "fee": "yes", "brand": "HELLO CYCLING", "access": null, "covered": null, "supervised": null, "note": null, "operator": null, "opening_hours": null }, "geometry": { "type": "Point", "coordinates": [ 139.616099, 35.454733 ] } },
{ "type": "Feature", "properties": { "osm_id": "node/13722831017", "name": "137.tvkハウジング プラザ横浜", "ref": null, "amenity": "bicycle_rental", "capacity": "1000", "facility_type": "sharing", "fee": "yes", "brand": "HELLO CYCLING", "access": null, "covered": null, "supervised": null, "note": null, "operator": null, "opening_hours": null }, "geometry": { "type": "Point", "coordinates": [ 139.612279, 35.458067 ] } },
{ "type": "Feature", "properties": { "osm_id": "node/13722831023", "name": "079.戸部公園", "ref": null, "amenity": "bicycle_rental", "capacity": "1000", "facility_type": "sharing", "fee": "yes", "brand": "HELLO CYCLING", "access": null, "covered": null, "supervised": null, "note": null, "operator": null, "opening_hours": null }, "geometry": { "type": "Point", "coordinates": [ 139.61614, 35.453976 ] } },
{ "type": "Feature", "properties": { "osm_id": "node/13722831026", "name": "054.オーケーみなとみらい", "ref": null, "amenity": "bicycle_rental", "capacity": "1000", "facility_type": "sharing", "fee": "yes", "brand": "HELLO CYCLING", "access": null, "covered": null, "supervised": null, "note": null, "operator": null, "opening_hours": null }, "geometry": { "type": "Point", "coordinates": [ 139.631396, 35.463662 ] } },
{ "type": "Feature", "properties": { "osm_id": "node/13722831027", "name": "051.高島駐輪場", "ref": null, "amenity": "bicycle_rental", "capacity": "13", "facility_type": "sharing", "fee": "yes", "brand": "HELLO CYCLING", "access": null, "covered": null, "supervised": null, "note": null, "operator": null, "opening_hours": null }, "geometry": { "type": "Point", "coordinates": [ 139.624389, 35.460381 ] } },
{ "type": "Feature", "properties": { "osm_id": "node/13726811884", "name": "ストレージ王 天王町トランクルーム", "ref": "9014", "amenity": "bicycle_rental", "capacity": "2", "facility_type": "sharing", "fee": "yes", "brand": "Docomo Bike Share", "access": null, "covered": null, "supervised": null, "note": null, "operator": null, "opening_hours": null }, "geometry": { "type": "Point", "coordinates": [ 139.606147, 35.45687 ] } },
{ "type": "Feature", "properties": { "osm_id": "node/13726855606", "name": "横浜市西区岡野2丁目駐車場", "ref": "9017", "amenity": "bicycle_rental", "capacity": "3", "facility_type": "sharing", "fee": "yes", "brand": "Docomo Bike Share", "access": null, "covered": null, "supervised": null, "note": null, "operator": null, "opening_hours": null }, "geometry": { "type": "Point", "coordinates": [ 139.61323, 35.459426 ] } },
{ "type": "Feature", "properties": { "osm_id": "node/13726855607", "name": "サミットストア 横浜岡野店", "ref": "9016", "amenity": "bicycle_rental", "capacity": "15", "facility_type": "sharing", "fee": "yes", "brand": "Docomo Bike Share", "access": null, "covered": null, "supervised": null, "note": null, "operator": null, "opening_hours": null }, "geometry": { "type": "Point", "coordinates": [ 139.61098, 35.459748 ] } },
{ "type": "Feature", "properties": { "osm_id": "node/13726855608", "name": "リパーク横浜岡野１丁目第４", "ref": "9015", "amenity": "bicycle_rental", "capacity": "22", "facility_type": "sharing", "fee": "yes", "brand": "Docomo Bike Share", "access": null, "covered": null, "supervised": null, "note": null, "operator": null, "opening_hours": null }, "geometry": { "type": "Point", "coordinates": [ 139.614508, 35.463225 ] } },
{ "type": "Feature", "properties": { "osm_id": "way/135378218", "name": null, "ref": null, "amenity": "bicycle_parking", "capacity": null, "facility_type": "parking", "fee": null, "brand": null, "access": null, "covered": null, "supervised": null, "note": null, "operator": null, "opening_hours": null }, "geometry": { "type": "Point", "coordinates": [ 139.616141551591227, 35.453975330292309 ] } },
{ "type": "Feature", "properties": { "osm_id": "way/165367164", "name": "横浜市西口第六自転車駐輪場", "ref": null, "amenity": "bicycle_parking", "capacity": null, "facility_type": "parking", "fee": "no", "brand": null, "access": "yes", "covered": "no", "supervised": null, "note": null, "operator": "横浜市", "opening_hours": null }, "geometry": { "type": "Point", "coordinates": [ 139.6167716057831, 35.466345025508133 ] } },
{ "type": "Feature", "properties": { "osm_id": "way/247836478", "name": null, "ref": null, "amenity": "bicycle_parking", "capacity": null, "facility_type": "parking", "fee": null, "brand": null, "access": null, "covered": null, "supervised": null, "note": null, "operator": null, "opening_hours": null }, "geometry": { "type": "Point", "coordinates": [ 139.623103865706895, 35.463893745573692 ] } },
{ "type": "Feature", "properties": { "osm_id": "way/297012115", "name": "横浜駅東口第二自転車駐車場", "ref": null, "amenity": "bicycle_parking", "capacity": null, "facility_type": "parking", "fee": "yes", "brand": null, "access": null, "covered": "no", "supervised": null, "note": null, "operator": null, "opening_hours": null }, "geometry": { "type": "Point", "coordinates": [ 139.625414012725344, 35.466252082921734 ] } },
{ "type": "Feature", "properties": { "osm_id": "way/297677290", "name": "横浜駅第8自転車駐輪場", "ref": null, "amenity": "bicycle_parking", "capacity": null, "facility_type": "parking", "fee": null, "brand": null, "access": null, "covered": "yes", "supervised": null, "note": null, "operator": null, "opening_hours": null }, "geometry": { "type": "Point", "coordinates": [ 139.61717637866326, 35.46257756370715 ] } },
{ "type": "Feature", "properties": { "osm_id": "way/297678249", "name": "横浜駅西口第5駐輪場", "ref": null, "amenity": "bicycle_parking", "capacity": null, "facility_type": "parking", "fee": null, "brand": null, "access": null, "covered": "no", "supervised": null, "note": null, "operator": null, "opening_hours": null }, "geometry": { "type": "Point", "coordinates": [ 139.615809543052819, 35.464619955532925 ] } },
{ "type": "Feature", "properties": { "osm_id": "way/297678250", "name": "横浜駅西口第十二駐輪場", "ref": null, "amenity": "bicycle_parking", "capacity": "12", "facility_type": "parking", "fee": "yes", "brand": null, "access": "yes", "covered": "no", "supervised": "no", "note": null, "operator": null, "opening_hours": "24/7" }, "geometry": { "type": "Point", "coordinates": [ 139.616148495239997, 35.465091467900635 ] } },
{ "type": "Feature", "properties": { "osm_id": "way/297678251", "name": "横浜駅西口第十二駐輪場", "ref": null, "amenity": "bicycle_parking", "capacity": "51", "facility_type": "parking", "fee": "yes", "brand": null, "access": "yes", "covered": "no", "supervised": "no", "note": null, "operator": null, "opening_hours": "24/7" }, "geometry": { "type": "Point", "coordinates": [ 139.617460504108749, 35.465575525360819 ] } },
{ "type": "Feature", "properties": { "osm_id": "way/297678705", "name": "横浜駅西口第十一自転車駐車場", "ref": null, "amenity": "bicycle_parking", "capacity": null, "facility_type": "parking", "fee": null, "brand": null, "access": null, "covered": null, "supervised": null, "note": null, "operator": null, "opening_hours": null }, "geometry": { "type": "Point", "coordinates": [ 139.615270800483074, 35.467838149126095 ] } },
{ "type": "Feature", "properties": { "osm_id": "way/298987622", "name": "横浜駅西口第四自転車駐車場", "ref": null, "amenity": "bicycle_parking", "capacity": null, "facility_type": "parking", "fee": "yes", "brand": null, "access": "permissive", "covered": "no", "supervised": "no", "note": null, "operator": null, "opening_hours": null }, "geometry": { "type": "Point", "coordinates": [ 139.617740265798858, 35.465383137695873 ] } },
{ "type": "Feature", "properties": { "osm_id": "way/306065266", "name": "平沼橋駅自転車駐車場", "ref": null, "amenity": "bicycle_parking", "capacity": null, "facility_type": "parking", "fee": null, "brand": null, "access": null, "covered": "yes", "supervised": null, "note": null, "operator": null, "opening_hours": null }, "geometry": { "type": "Point", "coordinates": [ 139.619552999465412, 35.461264898013901 ] } },
{ "type": "Feature", "properties": { "osm_id": "way/306065267", "name": "平沼橋駅自転車駐車場", "ref": null, "amenity": "bicycle_parking", "capacity": null, "facility_type": "parking", "fee": null, "brand": null, "access": null, "covered": "yes", "supervised": null, "note": null, "operator": null, "opening_hours": null }, "geometry": { "type": "Point", "coordinates": [ 139.619341460692908, 35.461378711399696 ] } },
{ "type": "Feature", "properties": { "osm_id": "way/353391524", "name": null, "ref": null, "amenity": "bicycle_parking", "capacity": null, "facility_type": "parking", "fee": null, "brand": null, "access": null, "covered": null, "supervised": null, "note": null, "operator": null, "opening_hours": null }, "geometry": { "type": "Point", "coordinates": [ 139.636934747309709, 35.462668325832396 ] } },
{ "type": "Feature", "properties": { "osm_id": "way/379072905", "name": "西横浜駅南口自転車駐車場", "ref": null, "amenity": "bicycle_parking", "capacity": null, "facility_type": "parking", "fee": null, "brand": null, "access": null, "covered": null, "supervised": null, "note": null, "operator": null, "opening_hours": null }, "geometry": { "type": "Point", "coordinates": [ 139.608995215497345, 35.453224684189188 ] } },
{ "type": "Feature", "properties": { "osm_id": "way/414266100", "name": "横浜駅西口第十二駐輪場", "ref": null, "amenity": "bicycle_parking", "capacity": "13", "facility_type": "parking", "fee": "yes", "brand": null, "access": "yes", "covered": "no", "supervised": "no", "note": null, "operator": null, "opening_hours": "24/7" }, "geometry": { "type": "Point", "coordinates": [ 139.615331607611637, 35.464788535519595 ] } },
{ "type": "Feature", "properties": { "osm_id": "way/452392764", "name": "緑町保管場所", "ref": null, "amenity": "bicycle_parking", "capacity": null, "facility_type": "parking", "fee": null, "brand": null, "access": "no", "covered": null, "supervised": null, "note": null, "operator": null, "opening_hours": null }, "geometry": { "type": "Point", "coordinates": [ 139.624645075839567, 35.460275887362769 ] } },
{ "type": "Feature", "properties": { "osm_id": "way/452392766", "name": "高島自転車駐車場", "ref": null, "amenity": "bicycle_parking", "capacity": null, "facility_type": "parking", "fee": "yes", "brand": null, "access": "yes", "covered": null, "supervised": null, "note": null, "operator": "横浜市", "opening_hours": null }, "geometry": { "type": "Point", "coordinates": [ 139.624198015467897, 35.460209102385292 ] } },
{ "type": "Feature", "properties": { "osm_id": "way/452398558", "name": "高島町駅自転車駐輪場", "ref": null, "amenity": "bicycle_parking", "capacity": null, "facility_type": "parking", "fee": "yes", "brand": null, "access": "yes", "covered": "no", "supervised": "no", "note": null, "operator": "横浜市", "opening_hours": null }, "geometry": { "type": "Point", "coordinates": [ 139.623376173113485, 35.458453363697892 ] } },
{ "type": "Feature", "properties": { "osm_id": "way/459205008", "name": "横浜南幸駐輪場", "ref": null, "amenity": "bicycle_parking", "capacity": null, "facility_type": "parking", "fee": "yes", "brand": null, "access": "yes", "covered": "no", "supervised": "no", "note": null, "operator": "三井のリパーク", "opening_hours": null }, "geometry": { "type": "Point", "coordinates": [ 139.616279823782406, 35.463592506563771 ] } },
{ "type": "Feature", "properties": { "osm_id": "way/871911450", "name": "横浜駅東口第三自転車駐車場", "ref": null, "amenity": "bicycle_parking", "capacity": null, "facility_type": "parking", "fee": "yes", "brand": null, "access": null, "covered": "no", "supervised": null, "note": null, "operator": null, "opening_hours": null }, "geometry": { "type": "Point", "coordinates": [ 139.624361751635234, 35.466983498458347 ] } },
{ "type": "Feature", "properties": { "osm_id": "way/913526719", "name": null, "ref": null, "amenity": "bicycle_parking", "capacity": null, "facility_type": "parking", "fee": null, "brand": null, "access": null, "covered": null, "supervised": null, "note": null, "operator": null, "opening_hours": null }, "geometry": { "type": "Point", "coordinates": [ 139.631546509781884, 35.463702384641678 ] } },
{ "type": "Feature", "properties": { "osm_id": "way/922174025", "name": null, "ref": null, "amenity": "bicycle_parking", "capacity": null, "facility_type": "parking", "fee": null, "brand": null, "access": null, "covered": null, "supervised": null, "note": null, "operator": null, "opening_hours": null }, "geometry": { "type": "Point", "coordinates": [ 139.627921947716828, 35.459345104927657 ] } },
{ "type": "Feature", "properties": { "osm_id": "way/1538369091", "name": null, "ref": null, "amenity": "bicycle_parking", "capacity": null, "facility_type": "parking", "fee": null, "brand": null, "access": "private", "covered": null, "supervised": null, "note": null, "operator": null, "opening_hours": null }, "geometry": { "type": "Point", "coordinates": [ 139.615715762667179, 35.448809915794527 ] } },
{ "type": "Feature", "properties": { "osm_id": "way/1538369092", "name": null, "ref": null, "amenity": "bicycle_parking", "capacity": null, "facility_type": "parking", "fee": null, "brand": null, "access": "private", "covered": null, "supervised": null, "note": null, "operator": null, "opening_hours": null }, "geometry": { "type": "Point", "coordinates": [ 139.615809267420332, 35.448805615644083 ] } },
{ "type": "Feature", "properties": { "osm_id": "way/1538369093", "name": null, "ref": null, "amenity": "bicycle_parking", "capacity": null, "facility_type": "parking", "fee": null, "brand": null, "access": "private", "covered": null, "supervised": null, "note": null, "operator": null, "opening_hours": null }, "geometry": { "type": "Point", "coordinates": [ 139.615820013599887, 35.449084651856353 ] } },
{ "type": "Feature", "properties": { "osm_id": "way/1538369094", "name": null, "ref": null, "amenity": "bicycle_parking", "capacity": null, "facility_type": "parking", "fee": null, "brand": null, "access": "private", "covered": null, "supervised": null, "note": null, "operator": null, "opening_hours": null }, "geometry": { "type": "Point", "coordinates": [ 139.6159230567809, 35.449079285617181 ] } },
{ "type": "Feature", "properties": { "osm_id": "way/1538369095", "name": null, "ref": null, "amenity": "bicycle_parking", "capacity": null, "facility_type": "parking", "fee": null, "brand": null, "access": "private", "covered": null, "supervised": null, "note": null, "operator": null, "opening_hours": null }, "geometry": { "type": "Point", "coordinates": [ 139.615914453990939, 35.449377701826414 ] } },
{ "type": "Feature", "properties": { "osm_id": "way/1538369096", "name": null, "ref": null, "amenity": "bicycle_parking", "capacity": null, "facility_type": "parking", "fee": null, "brand": null, "access": "private", "covered": null, "supervised": null, "note": null, "operator": null, "opening_hours": null }, "geometry": { "type": "Point", "coordinates": [ 139.615958394103473, 35.449376317539354 ] } },
{ "type": "Feature", "properties": { "osm_id": "way/1538369097", "name": null, "ref": null, "amenity": "bicycle_parking", "capacity": null, "facility_type": "parking", "fee": null, "brand": null, "access": "private", "covered": null, "supervised": null, "note": null, "operator": null, "opening_hours": null }, "geometry": { "type": "Point", "coordinates": [ 139.615839685686097, 35.449638313413097 ] } },
{ "type": "Feature", "properties": { "osm_id": "way/1538369098", "name": null, "ref": null, "amenity": "bicycle_parking", "capacity": null, "facility_type": "parking", "fee": null, "brand": null, "access": "private", "covered": null, "supervised": null, "note": null, "operator": null, "opening_hours": null }, "geometry": { "type": "Point", "coordinates": [ 139.615918145564024, 35.449636046614771 ] } },
{ "type": "Feature", "properties": { "osm_id": "way/1538369099", "name": null, "ref": null, "amenity": "bicycle_parking", "capacity": null, "facility_type": "parking", "fee": null, "brand": null, "access": "private", "covered": null, "supervised": null, "note": null, "operator": null, "opening_hours": null }, "geometry": { "type": "Point", "coordinates": [ 139.616329674767314, 35.449302404253991 ] } },
{ "type": "Feature", "properties": { "osm_id": "way/1538369100", "name": null, "ref": null, "amenity": "bicycle_parking", "capacity": null, "facility_type": "parking", "fee": null, "brand": null, "access": "private", "covered": null, "supervised": null, "note": null, "operator": null, "opening_hours": null }, "geometry": { "type": "Point", "coordinates": [ 139.616372064832007, 35.449301151149591 ] } },
{ "type": "Feature", "properties": { "osm_id": "way/1538369101", "name": null, "ref": null, "amenity": "bicycle_parking", "capacity": null, "facility_type": "parking", "fee": null, "brand": null, "access": "private", "covered": null, "supervised": null, "note": null, "operator": null, "opening_hours": null }, "geometry": { "type": "Point", "coordinates": [ 139.616324022953222, 35.449111894292876 ] } },
{ "type": "Feature", "properties": { "osm_id": "way/1538369107", "name": null, "ref": null, "amenity": "bicycle_parking", "capacity": null, "facility_type": "parking", "fee": null, "brand": null, "access": "private", "covered": null, "supervised": null, "note": null, "operator": null, "opening_hours": null }, "geometry": { "type": "Point", "coordinates": [ 139.616694753544039, 35.449462812629363 ] } },
{ "type": "Feature", "properties": { "osm_id": "way/1538369108", "name": null, "ref": null, "amenity": "bicycle_parking", "capacity": null, "facility_type": "parking", "fee": null, "brand": null, "access": "private", "covered": null, "supervised": null, "note": null, "operator": null, "opening_hours": null }, "geometry": { "type": "Point", "coordinates": [ 139.614947251110721, 35.447898350281008 ] } },
{ "type": "Feature", "properties": { "osm_id": "way/1538369112", "name": null, "ref": null, "amenity": "bicycle_parking", "capacity": null, "facility_type": "parking", "fee": null, "brand": null, "access": "private", "covered": null, "supervised": null, "note": null, "operator": null, "opening_hours": null }, "geometry": { "type": "Point", "coordinates": [ 139.615005849265657, 35.448262341286892 ] } }
]
}
