{
"type": "FeatureCollection",
"name": "hexagons",
"crs": { "type": "name", "properties": { "name": "urn:ogc:def:crs:OGC:1.3:CRS84" } },
"features": [
{ "type": "Feature", "properties": { "hex_id": "892f5aa4dbbffff", "population": 1343.2100416483345, "production_score": 0.47606993017848076, "attraction_score": 0.54392298435619735, "demand_score": 0.42499752008713731, "stress_score": 2.36, "infra_quality_score": 0.54666666666666663, "gap_score": -0.12166914657952932, "schools_nearby": 24, "stations_nearby": 3, "shops_nearby": 371, "bike_parking_nearby": 0, "bike_parking_capacity_nearby": 0.0, "bike_sharing_nearby": 3, "bike_sharing_capacity_nearby": 38.0, "flat_terrain": 0, "roi_car_trips_per_day": 940.24702915383409, "roi_congestion_cost_yen_day": 329011.24044150964, "roi_operating_cost_yen_day": 45940.469844456333, "roi_emissions_kg_day": 244.46422757999687, "roi_shifted_trips_per_day": 188.04940583076683, "roi_congestion_savings_yen_day": 65802.248088301931, "roi_operating_savings_yen_day": 9188.0939688912677, "roi_emissions_avoided_kg_day": 48.892845515999376, "roi_health_benefit_yen_day": 5641.482174923005, "roi_parking_spaces_freed": 3.7609881166153367 }, "geometry": { "type": "Polygon", "coordinates": [ [ [ 139.651841510975544, 35.439037340231714 ], [ 139.651276177404014, 35.440789600992431 ], [ 139.649299577055388, 35.441263122241637 ], [ 139.647888406175326, 35.439984401588454 ], [ 139.648453788793176, 35.438232193968638 ], [ 139.650430293247922, 35.437758653861394 ], [ 139.651841510975544, 35.439037340231714 ] ] ] } },
{ "type": "Feature", "properties": { "hex_id": "892f5aa6b63ffff", "population": 162.99822816219373, "production_score": 0.057770976015907201, "attraction_score": 0.049338146811071001, "demand_score": 0.27082152632277567, "stress_score": 2.6666666666666665, "infra_quality_score": 0.44444444444444453, "gap_score": -0.17362291812166886, "schools_nearby": 2, "stations_nearby": 0, "shops_nearby": 35, "bike_parking_nearby": 1, "bike_parking_capacity_nearby": 4.0, "bike_sharing_nearby": 4, "bike_sharing_capacity_nearby": 1041.0, "flat_terrain": 1, "roi_car_trips_per_day": 114.09875971353561, "roi_congestion_cost_yen_day": 39925.437998960384, "roi_operating_cost_yen_day": 5574.8653996033499, "roi_emissions_kg_day": 29.665677525519261, "roi_shifted_trips_per_day": 22.819751942707125, "roi_congestion_savings_yen_day": 7985.0875997920775, "roi_operating_savings_yen_day": 1114.9730799206702, "roi_emissions_avoided_kg_day": 5.933135505103853, "roi_health_benefit_yen_day": 684.59255828121377, "roi_parking_spaces_freed": 0.45639503885414251 }, "geometry": { "type": "Polygon", "coordinates": [ [ [ 139.667089858241638, 35.436999860192977 ], [ 139.666524788293117, 35.43875236151375 ], [ 139.664547957095778, 35.43922620060701 ], [ 139.663136291750391, 35.437947557207636 ], [ 139.663701410789344, 35.436195109017888 ], [ 139.665678146086407, 35.435721251096787 ], [ 139.667089858241638, 35.436999860192977 ] ] ] } },
{ "type": "Feature", "properties": { "hex_id": "892f5aa6887ffff", "population": 0.0, "production_score": 0.0, "attraction_score": 0.0, "demand_score": 0.2125, "stress_score": 2.25, "infra_quality_score": 0.58333333333333326, "gap_score": -0.37083333333333324, "schools_nearby": 0, "stations_nearby": 0, "shops_nearby": 0, "bike_parking_nearby": 0, "bike_parking_capacity_nearby": 0.0, "bike_sharing_nearby": 0, "bike_sharing_capacity_nearby": 0.0, "flat_terrain": 1, "roi_car_trips_per_day": 0.0, "roi_congestion_cost_yen_day": 0.0, "roi_operating_cost_yen_day": 0.0, "roi_emissions_kg_day": 0.0, "roi_shifted_trips_per_day": 0.0, "roi_congestion_savings_yen_day": 0.0, "roi_operating_savings_yen_day": 0.0, "roi_emissions_avoided_kg_day": 0.0, "roi_health_benefit_yen_day": 0.0, "roi_parking_spaces_freed": 0.0 }, "geometry": { "type": "Polygon", "coordinates": [ [ [ 139.689962170619509, 35.405636762373128 ], [ 139.689397709869837, 35.407389630960935 ], [ 139.687421280594094, 35.407864274898373 ], [ 139.686009407908472, 35.406586069013834 ], [ 139.68657391777748, 35.404833253549484 ], [ 139.688550251215986, 35.404358590846527 ], [ 139.689962170619509, 35.405636762373128 ] ] ] } },
{ "type": "Feature", "properties": { "hex_id": "892f5bd3243ffff", "population": 1421.0006556764899, "production_score": 0.50364102556984536, "attraction_score": 0.83273164861612514, "demand_score": 0.56252210263175639, "stress_score": 2.8958333333333335, "infra_quality_score": 0.36805555555555547, "gap_score": 0.19446654707620092, "schools_nearby": 6, "stations_nearby": 9, "shops_nearby": 647, "bike_parking_nearby": 2, "bike_parking_capacity_nearby": 8.0, "bike_sharing_nearby": 6, "bike_sharing_capacity_nearby": 98.0, "flat_terrain": 0, "roi_car_trips_per_day": 994.70045897354305, "roi_congestion_cost_yen_day": 348065.58460402221, "roi_operating_cost_yen_day": 48601.064425447315, "roi_emissions_kg_day": 258.62211933312119, "roi_shifted_trips_per_day": 198.94009179470862, "roi_congestion_savings_yen_day": 69613.116920804445, "roi_operating_savings_yen_day": 9720.2128850894624, "roi_emissions_avoided_kg_day": 51.724423866624242, "roi_health_benefit_yen_day": 5968.2027538412585, "roi_parking_spaces_freed": 3.9788018358941724 }, "geometry": { "type": "Polygon", "coordinates": [ [ [ 139.634898416235757, 35.446328550803123 ], [ 139.634332751841015, 35.4480805428447 ], [ 139.632356275385405, 35.448553652563007 ], [ 139.630945559227428, 35.447274789134639 ], [ 139.63151127262617, 35.44552285024367 ], [ 139.633487653182044, 35.445049721630738 ], [ 139.634898416235757, 35.446328550803123 ] ] ] } },
{ "type": "Feature", "properties": { "hex_id": "892f5aa6ba7ffff", "population": 631.40887892568708, "production_score": 0.22378836636401747, "attraction_score": 0.11432009626955475, "demand_score": 0.33790317931305464, "stress_score": 2.3913043478260869, "infra_quality_score": 0.53623188405797095, "gap_score": -0.19832870474491632, "schools_nearby": 12, "stations_nearby": 0, "shops_nearby": 59, "bike_parking_nearby": 0, "bike_parking_capacity_nearby": 0.0, "bike_sharing_nearby": 1, "bike_sharing_capacity_nearby": 7.0, "flat_terrain": 1, "roi_car_trips_per_day": 441.98621524798091, "roi_congestion_cost_yen_day": 154659.81643957348, "roi_operating_cost_yen_day": 21595.446477016347, "roi_emissions_kg_day": 114.91641596447504, "roi_shifted_trips_per_day": 88.397243049596185, "roi_congestion_savings_yen_day": 30931.963287914699, "roi_operating_savings_yen_day": 4319.0892954032697, "roi_emissions_avoided_kg_day": 22.983283192895009, "roi_health_benefit_yen_day": 2651.9172914878854, "roi_parking_spaces_freed": 1.7679448609919237 }, "geometry": { "type": "Polygon", "coordinates": [ [ [ 139.66285737825288, 35.421844810846679 ], [ 139.662292353869788, 35.423597249241311 ], [ 139.660316002089786, 35.424071182471707 ], [ 139.658904770554244, 35.422792696134579 ], [ 139.659469843994884, 35.421040310877771 ], [ 139.661446099916674, 35.420566358820587 ], [ 139.66285737825288, 35.421844810846679 ] ] ] } },
{ "type": "Feature", "properties": { "hex_id": "892f5aa499bffff", "population": 49.537930690735912, "production_score": 0.017557581073608039, "attraction_score": 0.29241877256317689, "demand_score": 0.33349172377287473, "stress_score": 2.5, "infra_quality_score": 0.5, "gap_score": -0.16650827622712527, "schools_nearby": 0, "stations_nearby": 3, "shops_nearby": 234, "bike_parking_nearby": 4, "bike_parking_capacity_nearby": 16.0, "bike_sharing_nearby": 8, "bike_sharing_capacity_nearby": 2082.0, "flat_terrain": 1, "roi_car_trips_per_day": 34.676551483515141, "roi_congestion_cost_yen_day": 12134.018895111618, "roi_operating_cost_yen_day": 1694.2963054845497, "roi_emissions_kg_day": 9.015903385713937, "roi_shifted_trips_per_day": 6.9353102967030287, "roi_congestion_savings_yen_day": 2426.8037790223239, "roi_operating_savings_yen_day": 338.85926109690996, "roi_emissions_avoided_kg_day": 1.8031806771427876, "roi_health_benefit_yen_day": 208.05930890109087, "roi_parking_spaces_freed": 0.13870620593406058 }, "geometry": { "type": "Polygon", "coordinates": [ [ [ 139.643364537061927, 35.454001725719721 ], [ 139.64279895238306, 35.455753849076928 ], [ 139.640822114871781, 35.456227033028462 ], [ 139.63941095796838, 35.454948112506209 ], [ 139.63997659168723, 35.453196042291815 ], [ 139.64195333327271, 35.452722839457152 ], [ 139.643364537061927, 35.454001725719721 ] ] ] } },
{ "type": "Feature", "properties": { "hex_id": "892f5aa690fffff", "population": 62.78518569436315, "production_score": 0.02225276616684492, "attraction_score": 0.010830324909747292, "demand_score": 0.23657908187680726, "stress_score": 2.5, "infra_quality_score": 0.5, "gap_score": -0.26342091812319274, "schools_nearby": 2, "stations_nearby": 0, "shops_nearby": 3, "bike_parking_nearby": 0, "bike_parking_capacity_nearby": 0.0, "bike_sharing_nearby": 0, "bike_sharing_capacity_nearby": 0.0, "flat_terrain": 1, "roi_car_trips_per_day": 43.949629986054205, "roi_congestion_cost_yen_day": 15378.854524720089, "roi_operating_cost_yen_day": 2147.3789211186086, "roi_emissions_kg_day": 11.426903796374093, "roi_shifted_trips_per_day": 8.7899259972108421, "roi_congestion_savings_yen_day": 3075.7709049440182, "roi_operating_savings_yen_day": 429.47578422372175, "roi_emissions_avoided_kg_day": 2.285380759274819, "roi_health_benefit_yen_day": 263.69777991632526, "roi_parking_spaces_freed": 0.17579851994421686 }, "geometry": { "type": "Polygon", "coordinates": [ [ [ 139.662859813622987, 35.410525804063589 ], [ 139.662294874752121, 35.412278245094178 ], [ 139.660318821891792, 35.412752309627201 ], [ 139.658907803734678, 35.41147395194993 ], [ 139.659472791648255, 35.409721564060142 ], [ 139.661448748679362, 35.409247480707087 ], [ 139.662859813622987, 35.410525804063589 ] ] ] } },
{ "type": "Feature", "properties": { "hex_id": "892f5bd32cbffff", "population": 1367.9840857920713, "production_score": 0.48485052077864782, "attraction_score": 0.97352587244283995, "demand_score": 0.75876507096085399, "stress_score": 2.9666666666666668, "infra_quality_score": 0.34444444444444444, "gap_score": 0.41432062651640955, "schools_nearby": 16, "stations_nearby": 8, "shops_nearby": 737, "bike_parking_nearby": 1, "bike_parking_capacity_nearby": 4.0, "bike_sharing_nearby": 15, "bike_sharing_capacity_nearby": 2157.0, "flat_terrain": 1, "roi_car_trips_per_day": 957.58886005444992, "roi_congestion_cost_yen_day": 335079.49391025311, "roi_operating_cost_yen_day": 46787.791702260423, "roi_emissions_kg_day": 248.973103614157, "roi_shifted_trips_per_day": 191.51777201088998, "roi_congestion_savings_yen_day": 67015.89878205063, "roi_operating_savings_yen_day": 9357.5583404520839, "roi_emissions_avoided_kg_day": 49.794620722831397, "roi_health_benefit_yen_day": 5745.5331603266995, "roi_parking_spaces_freed": 3.8303554402177999 }, "geometry": { "type": "Polygon", "coordinates": [ [ [ 139.63998248948559, 35.4418780007775 ], [ 139.63941694146331, 35.443630074054241 ], [ 139.637440487604891, 35.444103333537036 ], [ 139.636029677664112, 35.442824538625644 ], [ 139.636595274700142, 35.441072518497158 ], [ 139.638571632666356, 35.440599240132109 ], [ 139.63998248948559, 35.4418780007775 ] ] ] } },
{ "type": "Feature", "properties": { "hex_id": "892f5aa4cbbffff", "population": 0.0, "production_score": 0.0, "attraction_score": 0.0, "demand_score": 0.2, "stress_score": 2.0, "infra_quality_score": 0.66666666666666674, "gap_score": -0.46666666666666679, "schools_nearby": 0, "stations_nearby": 0, "shops_nearby": 0, "bike_parking_nearby": 0, "bike_parking_capacity_nearby": 0.0, "bike_sharing_nearby": 0, "bike_sharing_capacity_nearby": 0.0, "flat_terrain": 1, "roi_car_trips_per_day": 0.0, "roi_congestion_cost_yen_day": 0.0, "roi_operating_cost_yen_day": 0.0, "roi_emissions_kg_day": 0.0, "roi_shifted_trips_per_day": 0.0, "roi_congestion_savings_yen_day": 0.0, "roi_operating_savings_yen_day": 0.0, "roi_emissions_avoided_kg_day": 0.0, "roi_health_benefit_yen_day": 0.0, "roi_parking_spaces_freed": 0.0 }, "geometry": { "type": "Polygon", "coordinates": [ [ [ 139.675561674015682, 35.444671713941517 ], [ 139.674996684089194, 35.44642434661796 ], [ 139.673019492045512, 35.446898260187638 ], [ 139.671607385857897, 35.445619559897509 ], [ 139.672172424910912, 35.443866980344289 ], [ 139.67414952102817, 35.443393047958281 ], [ 139.675561674015682, 35.444671713941517 ] ] ] } },
{ "type": "Feature", "properties": { "hex_id": "892f5aa6953ffff", "population": 82.213086267336706, "production_score": 0.029138539041160191, "attraction_score": 0.01684717208182912, "demand_score": 0.24109499889304625, "stress_score": 2.5, "infra_quality_score": 0.5, "gap_score": -0.25890500110695375, "schools_nearby": 2, "stations_nearby": 0, "shops_nearby": 8, "bike_parking_nearby": 0, "bike_parking_capacity_nearby": 0.0, "bike_sharing_nearby": 0, "bike_sharing_capacity_nearby": 0.0, "flat_terrain": 1, "roi_car_trips_per_day": 57.5491603871357, "roi_congestion_cost_yen_day": 20137.602202666527, "roi_operating_cost_yen_day": 2811.8519765154501, "roi_emissions_kg_day": 14.962781700655283, "roi_shifted_trips_per_day": 11.509832077427141, "roi_congestion_savings_yen_day": 4027.5204405333056, "roi_operating_savings_yen_day": 562.37039530309016, "roi_emissions_avoided_kg_day": 2.9925563401310571, "roi_health_benefit_yen_day": 345.29496232281423, "roi_parking_spaces_freed": 0.23019664154854283 }, "geometry": { "type": "Polygon", "coordinates": [ [ [ 139.673022187234579, 35.412938170819444 ], [ 139.672457395560571, 35.414690771257227 ], [ 139.670481089354041, 35.415165003829692 ], [ 139.669069670667739, 35.413886654766785 ], [ 139.669634511418764, 35.412134107462208 ], [ 139.67161072178223, 35.411659856087624 ], [ 139.673022187234579, 35.412938170819444 ] ] ] } },
{ "type": "Feature", "properties": { "hex_id": "892f5bd362fffff", "population": 942.099907423952, "production_score": 0.33390566124571686, "attraction_score": 0.030084235860409144, "demand_score": 0.17739646398714409, "stress_score": 2.0, "infra_quality_score": 0.66666666666666674, "gap_score": -0.48927020267952265, "schools_nearby": 5, "stations_nearby": 0, "shops_nearby": 10, "bike_parking_nearby": 0, "bike_parking_capacity_nearby": 0.0, "bike_sharing_nearby": 0, "bike_sharing_capacity_nearby": 0.0, "flat_terrain": 0, "roi_car_trips_per_day": 659.46993519676641, "roi_congestion_cost_yen_day": 230761.71972405253, "roi_operating_cost_yen_day": 32221.701033714005, "roi_emissions_kg_day": 171.46218315115928, "roi_shifted_trips_per_day": 131.89398703935328, "roi_congestion_savings_yen_day": 46152.343944810498, "roi_operating_savings_yen_day": 6444.3402067428015, "roi_emissions_avoided_kg_day": 34.292436630231855, "roi_health_benefit_yen_day": 3956.8196111805983, "roi_parking_spaces_freed": 2.6378797407870658 }, "geometry": { "type": "Polygon", "coordinates": [ [ [ 139.635756675081865, 35.426724333846344 ], [ 139.635191172901528, 35.428476344317644 ], [ 139.633215198419833, 35.428949698209728 ], [ 139.631804821971684, 35.427671060512061 ], [ 139.632370373132915, 35.425919103195845 ], [ 139.634346251764498, 35.425445730422545 ], [ 139.635756675081865, 35.426724333846344 ] ] ] } },
{ "type": "Feature", "properties": { "hex_id": "892f5aa4d43ffff", "population": 0.0, "production_score": 0.0, "attraction_score": 0.0048134777376654635, "demand_score": 0.2016847172081829, "stress_score": 2.0, "infra_quality_score": 0.66666666666666674, "gap_score": -0.46498194945848381, "schools_nearby": 0, "stations_nearby": 0, "shops_nearby": 4, "bike_parking_nearby": 0, "bike_parking_capacity_nearby": 0.0, "bike_sharing_nearby": 0, "bike_sharing_capacity_nearby": 0.0, "flat_terrain": 1, "roi_car_trips_per_day": 0.0, "roi_congestion_cost_yen_day": 0.0, "roi_operating_cost_yen_day": 0.0, "roi_emissions_kg_day": 0.0, "roi_shifted_trips_per_day": 0.0, "roi_congestion_savings_yen_day": 0.0, "roi_operating_savings_yen_day": 0.0, "roi_emissions_avoided_kg_day": 0.0, "roi_health_benefit_yen_day": 0.0, "roi_parking_spaces_freed": 0.0 }, "geometry": { "type": "Polygon", "coordinates": [ [ [ 139.658614531482442, 35.451966806290223 ], [ 139.658049210435934, 35.453719170315324 ], [ 139.65607214185988, 35.454192672175161 ], [ 139.654660490265684, 35.452913828863146 ], [ 139.6552258603962, 35.451161517970981 ], [ 139.65720283304006, 35.450687997258207 ], [ 139.658614531482442, 35.451966806290223 ] ] ] } },
{ "type": "Feature", "properties": { "hex_id": "892f5aa69dbffff", "population": 9.1374022750200012, "production_score": 0.0032385422444752292, "attraction_score": 0.0, "demand_score": 0.2154192040712806, "stress_score": 2.2857142857142856, "infra_quality_score": 0.5714285714285714, "gap_score": -0.35600936735729083, "schools_nearby": 0, "stations_nearby": 0, "shops_nearby": 0, "bike_parking_nearby": 0, "bike_parking_capacity_nearby": 0.0, "bike_sharing_nearby": 0, "bike_sharing_capacity_nearby": 0.0, "flat_terrain": 1, "roi_car_trips_per_day": 6.3961815925140009, "roi_congestion_cost_yen_day": 2238.1518628524991, "roi_operating_cost_yen_day": 312.5174326102341, "roi_emissions_kg_day": 1.6630072140536403, "roi_shifted_trips_per_day": 1.2792363185028002, "roi_congestion_savings_yen_day": 447.63037257049984, "roi_operating_savings_yen_day": 62.503486522046813, "roi_emissions_avoided_kg_day": 0.33260144281072807, "roi_health_benefit_yen_day": 38.377089555084005, "roi_parking_spaces_freed": 0.025584726370056005 }, "geometry": { "type": "Polygon", "coordinates": [ [ [ 139.67810417422308, 35.408484158869015 ], [ 139.677539498899108, 35.410236840274919 ], [ 139.675563215526637, 35.41071122249496 ], [ 139.674151703316852, 35.409432942099194 ], [ 139.67471642772756, 35.407680313824173 ], [ 139.676692615264471, 35.407205912814334 ], [ 139.67810417422308, 35.408484158869015 ] ] ] } },
{ "type": "Feature", "properties": { "hex_id": "892f5bd3673ffff", "population": 1340.1166076997331, "production_score": 0.47497353360738664, "attraction_score": 0.19975932611311673, "demand_score": 0.28771900090217617, "stress_score": 2.03125, "infra_quality_score": 0.65625, "gap_score": -0.36853099909782383, "schools_nearby": 22, "stations_nearby": 2, "shops_nearby": 94, "bike_parking_nearby": 3, "bike_parking_capacity_nearby": 12.0, "bike_sharing_nearby": 3, "bike_sharing_capacity_nearby": 21.0, "flat_terrain": 0, "roi_car_trips_per_day": 938.08162538981321, "roi_congestion_cost_yen_day": 328253.52235640347, "roi_operating_cost_yen_day": 45834.66821654627, "roi_emissions_kg_day": 243.90122260135144, "roi_shifted_trips_per_day": 187.61632507796264, "roi_congestion_savings_yen_day": 65650.704471280696, "roi_operating_savings_yen_day": 9166.933643309254, "roi_emissions_avoided_kg_day": 48.780244520270287, "roi_health_benefit_yen_day": 5628.489752338879, "roi_parking_spaces_freed": 3.7523265015592528 }, "geometry": { "type": "Polygon", "coordinates": [ [ [ 139.645916889533424, 35.429139673044467 ], [ 139.645351534364465, 35.430891842965963 ], [ 139.643375306214438, 35.431365364793685 ], [ 139.641964529100505, 35.430086735563577 ], [ 139.642529933284692, 35.428334618789613 ], [ 139.644506065570653, 35.427861078098523 ], [ 139.645916889533424, 35.429139673044467 ] ] ] } },
{ "type": "Feature", "properties": { "hex_id": "892f5aa4d87ffff", "population": 981.33967304939142, "production_score": 0.34781329437999453, "attraction_score": 0.46570397111913359, "demand_score": 0.34098104292469478, "stress_score": 2.125, "infra_quality_score": 0.625, "gap_score": -0.28401895707530522, "schools_nearby": 21, "stations_nearby": 2, "shops_nearby": 318, "bike_parking_nearby": 0, "bike_parking_capacity_nearby": 0.0, "bike_sharing_nearby": 3, "bike_sharing_capacity_nearby": 20.0, "flat_terrain": 0, "roi_car_trips_per_day": 686.93777113457395, "roi_congestion_cost_yen_day": 240373.26487541012, "roi_operating_cost_yen_day": 33563.779497635282, "roi_emissions_kg_day": 178.60382049498924, "roi_shifted_trips_per_day": 137.3875542269148, "roi_congestion_savings_yen_day": 48074.652975082026, "roi_operating_savings_yen_day": 6712.7558995270574, "roi_emissions_avoided_kg_day": 35.720764098997847, "roi_health_benefit_yen_day": 4121.6266268074442, "roi_parking_spaces_freed": 2.747751084538296 }, "geometry": { "type": "Polygon", "coordinates": [ [ [ 139.654383375352722, 35.436811442764451 ], [ 139.653818099974586, 35.438563744109324 ], [ 139.651841510975544, 35.439037340231714 ], [ 139.650430293247922, 35.437758653861394 ], [ 139.650995617677268, 35.436006405656308 ], [ 139.65297211078618, 35.435532790682039 ], [ 139.654383375352722, 35.436811442764451 ] ] ] } },
{ "type": "Feature", "properties": { "hex_id": "892f5bd36b7ffff", "population": 5.9739257226278584, "production_score": 0.0021173206821569189, "attraction_score": 0.020457280385078221, "demand_score": 0.20790111037353229, "stress_score": 2.0, "infra_quality_score": 0.66666666666666674, "gap_score": -0.45876555629313442, "schools_nearby": 4, "stations_nearby": 0, "shops_nearby": 5, "bike_parking_nearby": 0, "bike_parking_capacity_nearby": 0.0, "bike_sharing_nearby": 0, "bike_sharing_capacity_nearby": 0.0, "flat_terrain": 1, "roi_car_trips_per_day": 4.1817480058395002, "roi_congestion_cost_yen_day": 1463.2772622033581, "roi_operating_cost_yen_day": 204.32020756531799, "roi_emissions_kg_day": 1.0872544815182701, "roi_shifted_trips_per_day": 0.83634960116790014, "roi_congestion_savings_yen_day": 292.65545244067164, "roi_operating_savings_yen_day": 40.864041513063597, "roi_emissions_avoided_kg_day": 0.21745089630365405, "roi_health_benefit_yen_day": 25.090488035037005, "roi_parking_spaces_freed": 0.016726992023358003 }, "geometry": { "type": "Polygon", "coordinates": [ [ [ 139.641690275238034, 35.413986352233437 ], [ 139.641124965836298, 35.415738459142347 ], [ 139.639149216922362, 35.41621207528479 ], [ 139.637738873235293, 35.414933603380966 ], [ 139.638304231619486, 35.413181549626408 ], [ 139.640279884711447, 35.41270791462167 ], [ 139.641690275238034, 35.413986352233437 ] ] ] } },
{ "type": "Feature", "properties": { "hex_id": "892f5aa4dcbffff", "population": 88.361975655944761, "production_score": 0.03131787157378299, "attraction_score": 0.015643802647412757, "demand_score": 0.21643658597741849, "stress_score": 2.0, "infra_quality_score": 0.66666666666666674, "gap_score": -0.45023008068924825, "schools_nearby": 0, "stations_nearby": 0, "shops_nearby": 13, "bike_parking_nearby": 0, "bike_parking_capacity_nearby": 0.0, "bike_sharing_nearby": 0, "bike_sharing_capacity_nearby": 0.0, "flat_terrain": 1, "roi_car_trips_per_day": 61.853382959161337, "roi_congestion_cost_yen_day": 21643.735765069738, "roi_operating_cost_yen_day": 3022.1562913846228, "roi_emissions_kg_day": 16.081879569381947, "roi_shifted_trips_per_day": 12.370676591832268, "roi_congestion_savings_yen_day": 4328.7471530139474, "roi_operating_savings_yen_day": 604.43125827692461, "roi_emissions_avoided_kg_day": 3.2163759138763899, "roi_health_benefit_yen_day": 371.12029775496802, "roi_parking_spaces_freed": 0.24741353183664536 }, "geometry": { "type": "Polygon", "coordinates": [ [ [ 139.663699101929012, 35.447514727990978 ], [ 139.663133897323263, 35.449267173235043 ], [ 139.661156851507855, 35.449740824891236 ], [ 139.659745106225984, 35.448462050144251 ], [ 139.660310359925575, 35.44670965803077 ], [ 139.662287309816321, 35.44623598753401 ], [ 139.663699101929012, 35.447514727990978 ] ] ] } },
{ "type": "Feature", "properties": { "hex_id": "892f5aa6aa7ffff", "population": 8.8433171869958116, "production_score": 0.0031343105435638814, "attraction_score": 0.0, "demand_score": 0.21776367535691404, "stress_score": 2.3333333333333335, "infra_quality_score": 0.55555555555555558, "gap_score": -0.33779188019864154, "schools_nearby": 0, "stations_nearby": 0, "shops_nearby": 0, "bike_parking_nearby": 0, "bike_parking_capacity_nearby": 0.0, "bike_sharing_nearby": 0, "bike_sharing_capacity_nearby": 0.0, "flat_terrain": 1, "roi_car_trips_per_day": 6.1903220308970681, "roi_congestion_cost_yen_day": 2166.1174850515022, "roi_operating_cost_yen_day": 302.45913442963075, "roi_emissions_kg_day": 1.6094837280332377, "roi_shifted_trips_per_day": 1.2380644061794137, "roi_congestion_savings_yen_day": 433.22349701030049, "roi_operating_savings_yen_day": 60.491826885926152, "roi_emissions_avoided_kg_day": 0.32189674560664755, "roi_health_benefit_yen_day": 37.141932185382409, "roi_parking_spaces_freed": 0.024761288123588274 }, "geometry": { "type": "Polygon", "coordinates": [ [ [ 139.686576222348066, 35.427474660443629 ], [ 139.686011541688345, 35.429227470732414 ], [ 139.684034598686907, 35.429701796279204 ], [ 139.682622432239015, 35.428423330322573 ], [ 139.683187162036376, 35.426670573153906 ], [ 139.685164009147172, 35.42619622882205 ], [ 139.686576222348066, 35.427474660443629 ] ] ] } },
{ "type": "Feature", "properties": { "hex_id": "892f5aa680fffff", "population": 0.0, "production_score": 0.0, "attraction_score": 0.0, "demand_score": 0.2, "stress_score": 2.0, "infra_quality_score": 0.66666666666666674, "gap_score": -0.46666666666666679, "schools_nearby": 0, "stations_nearby": 0, "shops_nearby": 0, "bike_parking_nearby": 0, "bike_parking_capacity_nearby": 0.0, "bike_sharing_nearby": 0, "bike_sharing_capacity_nearby": 0.0, "flat_terrain": 1, "roi_car_trips_per_day": 0.0, "roi_congestion_cost_yen_day": 0.0, "roi_operating_cost_yen_day": 0.0, "roi_emissions_kg_day": 0.0, "roi_shifted_trips_per_day": 0.0, "roi_congestion_savings_yen_day": 0.0, "roi_operating_savings_yen_day": 0.0, "roi_emissions_avoided_kg_day": 0.0, "roi_health_benefit_yen_day": 0.0, "roi_parking_spaces_freed": 0.0 }, "geometry": { "type": "Polygon", "coordinates": [ [ [ 139.686575069888448, 35.416153834858733 ], [ 139.686010474636987, 35.417906647803974 ], [ 139.684033830734109, 35.418381104544082 ], [ 139.682621877947469, 35.41710276711752 ], [ 139.683186522321705, 35.415350007295316 ], [ 139.685163070362989, 35.41487553177695 ], [ 139.686575069888448, 35.416153834858733 ] ] ] } },
{ "type": "Feature", "properties": { "hex_id": "892f5aa6b2fffff", "population": 1220.5215116220788, "production_score": 0.4325858002864621, "attraction_score": 0.1299638989169675, "demand_score": 0.40105906138786707, "stress_score": 2.0833333333333335, "infra_quality_score": 0.63888888888888884, "gap_score": -0.23782982750102177, "schools_nearby": 13, "stations_nearby": 0, "shops_nearby": 69, "bike_parking_nearby": 0, "bike_parking_capacity_nearby": 0.0, "bike_sharing_nearby": 2, "bike_sharing_capacity_nearby": 9.0, "flat_terrain": 1, "roi_car_trips_per_day": 854.36505813545512, "roi_congestion_cost_yen_day": 298959.42114275845, "roi_operating_cost_yen_day": 41744.276740498339, "roi_emissions_kg_day": 222.13491511521835, "roi_shifted_trips_per_day": 170.87301162709105, "roi_congestion_savings_yen_day": 59791.884228551702, "roi_operating_savings_yen_day": 8348.8553480996688, "roi_emissions_avoided_kg_day": 44.426983023043675, "roi_health_benefit_yen_day": 5126.1903488127318, "roi_parking_spaces_freed": 3.4174602325418211 }, "geometry": { "type": "Polygon", "coordinates": [ [ [ 139.659466895449583, 35.432359301509187 ], [ 139.658901736455988, 35.434111683995617 ], [ 139.656925170179761, 35.434585429852696 ], [ 139.655513858782967, 35.433306812063144 ], [ 139.656079066837577, 35.431554482714148 ], [ 139.658055537231149, 35.43108071801754 ], [ 139.659466895449583, 35.432359301509187 ] ] ] } },
{ "type": "Feature", "properties": { "hex_id": "892f5bd320fffff", "population": 1841.0294549113528, "production_score": 0.65251058053483468, "attraction_score": 0.55234657039711188, "demand_score": 0.48874545737163577, "stress_score": 2.3409090909090908, "infra_quality_score": 0.55303030303030298, "gap_score": -0.064284845658667211, "schools_nearby": 5, "stations_nearby": 5, "shops_nearby": 429, "bike_parking_nearby": 1, "bike_parking_capacity_nearby": 4.0, "bike_sharing_nearby": 3, "bike_sharing_capacity_nearby": 21.0, "flat_terrain": 0, "roi_car_trips_per_day": 1288.720618437947, "roi_congestion_cost_yen_day": 450949.11880380643, "roi_operating_cost_yen_day": 62966.88941687809, "roi_emissions_kg_day": 335.06736079386621, "roi_shifted_trips_per_day": 257.74412368758942, "roi_congestion_savings_yen_day": 90189.823760761297, "roi_operating_savings_yen_day": 12593.377883375619, "roi_emissions_avoided_kg_day": 67.013472158773254, "roi_health_benefit_yen_day": 7732.3237106276829, "roi_parking_spaces_freed": 5.1548824737517887 }, "geometry": { "type": "Polygon", "coordinates": [ [ [ 139.627279604598726, 35.441686382830973 ], [ 139.626713851398307, 35.443438256038711 ], [ 139.624737640073562, 35.443911272697214 ], [ 139.623327277834363, 35.442632435054534 ], [ 139.62389308000931, 35.440880615003799 ], [ 139.625869195452083, 35.440407579438997 ], [ 139.627279604598726, 35.441686382830973 ] ] ] } },
{ "type": "Feature", "properties": { "hex_id": "892f5aa6b73ffff", "population": 163.00505490529838, "production_score": 0.05777339559811133, "attraction_score": 0.051744885679903728, "demand_score": 0.28833139844730526, "stress_score": 3.0, "infra_quality_score": 0.33333333333333337, "gap_score": -0.045001934886028105, "schools_nearby": 3, "stations_nearby": 0, "shops_nearby": 34, "bike_parking_nearby": 0, "bike_parking_capacity_nearby": 0.0, "bike_sharing_nearby": 0, "bike_sharing_capacity_nearby": 0.0, "flat_terrain": 1, "roi_car_trips_per_day": 114.10353843370886, "roi_congestion_cost_yen_day": 39927.110168723404, "roi_operating_cost_yen_day": 5575.098887871015, "roi_emissions_kg_day": 29.666919992764306, "roi_shifted_trips_per_day": 22.820707686741773, "roi_congestion_savings_yen_day": 7985.4220337446814, "roi_operating_savings_yen_day": 1115.0197775742031, "roi_emissions_avoided_kg_day": 5.9333839985528609, "roi_health_benefit_yen_day": 684.62123060225315, "roi_parking_spaces_freed": 0.45641415373483546 }, "geometry": { "type": "Polygon", "coordinates": [ [ [ 139.669631689780573, 35.434773404343886 ], [ 139.669066678038575, 35.436525946227512 ], [ 139.667089858241638, 35.436999860192977 ], [ 139.665678146086407, 35.435721251096787 ], [ 139.666243206923724, 35.433968762343028 ], [ 139.668219930824137, 35.43349482955589 ], [ 139.669631689780573, 35.434773404343886 ] ] ] } },
{ "type": "Feature", "properties": { "hex_id": "892f5aa6897ffff", "population": 0.0, "production_score": 0.0, "attraction_score": 0.0, "demand_score": null, "stress_score": 2.0, "infra_quality_score": 0.66666666666666674, "gap_score": null, "schools_nearby": 0, "stations_nearby": 0, "shops_nearby": 0, "bike_parking_nearby": 0, "bike_parking_capacity_nearby": 0.0, "bike_sharing_nearby": 0, "bike_sharing_capacity_nearby": 0.0, "flat_terrain": null, "roi_car_trips_per_day": 0.0, "roi_congestion_cost_yen_day": 0.0, "roi_operating_cost_yen_day": 0.0, "roi_emissions_kg_day": 0.0, "roi_shifted_trips_per_day": 0.0, "roi_congestion_savings_yen_day": 0.0, "roi_operating_savings_yen_day": 0.0, "roi_emissions_avoided_kg_day": 0.0, "roi_health_benefit_yen_day": 0.0, "roi_parking_spaces_freed": 0.0 }, "geometry": { "type": "Polygon", "coordinates": [ [ [ 139.692502990994825, 35.40340913458278 ], [ 139.691938588427206, 35.405162043621104 ], [ 139.689962170619509, 35.405636762373128 ], [ 139.688550251215986, 35.404358590846527 ], [ 139.689114702907744, 35.402605734930482 ], [ 139.691091024882041, 35.402130997419086 ], [ 139.692502990994825, 35.40340913458278 ] ] ] } },
{ "type": "Feature", "properties": { "hex_id": "892f5bd3253ffff", "population": 1421.0602564007195, "production_score": 0.50366214967682998, "attraction_score": 1.0, "demand_score": 0.77979052431671503, "stress_score": 3.0701754385964914, "infra_quality_score": 0.30994152046783618, "gap_score": 0.46984900384887884, "schools_nearby": 12, "stations_nearby": 10, "shops_nearby": 765, "bike_parking_nearby": 3, "bike_parking_capacity_nearby": 12.0, "bike_sharing_nearby": 13, "bike_sharing_capacity_nearby": 2083.0, "flat_terrain": 1, "roi_car_trips_per_day": 994.74217948050352, "roi_congestion_cost_yen_day": 348080.18344381783, "roi_operating_cost_yen_day": 48603.102889417401, "roi_emissions_kg_day": 258.6329666649309, "roi_shifted_trips_per_day": 198.9484358961007, "roi_congestion_savings_yen_day": 69616.036688763561, "roi_operating_savings_yen_day": 9720.620577883481, "roi_emissions_avoided_kg_day": 51.726593332986184, "roi_health_benefit_yen_day": 5968.4530768830209, "roi_parking_spaces_freed": 3.9789687179220143 }, "geometry": { "type": "Polygon", "coordinates": [ [ [ 139.637440487604891, 35.444103333537036 ], [ 139.63687488139675, 35.445855366200639 ], [ 139.634898416235757, 35.446328550803123 ], [ 139.633487653182044, 35.445049721630738 ], [ 139.634053308399075, 35.443297742116556 ], [ 139.636029677664112, 35.442824538625644 ], [ 139.637440487604891, 35.444103333537036 ] ] ] } },
{ "type": "Feature", "properties": { "hex_id": "892f5aa6bb7ffff", "population": 849.14808566078136, "production_score": 0.30096102420112519, "attraction_score": 0.091456077015643802, "demand_score": 0.34290154098142472, "stress_score": 2.1111111111111112, "infra_quality_score": 0.62962962962962954, "gap_score": -0.28672808864820482, "schools_nearby": 8, "stations_nearby": 0, "shops_nearby": 52, "bike_parking_nearby": 0, "bike_parking_capacity_nearby": 0.0, "bike_sharing_nearby": 0, "bike_sharing_capacity_nearby": 0.0, "flat_terrain": 1, "roi_car_trips_per_day": 594.40365996254695, "roi_congestion_cost_yen_day": 207993.72869409443, "roi_operating_cost_yen_day": 29042.562825770045, "roi_emissions_kg_day": 154.5449515902622, "roi_shifted_trips_per_day": 118.8807319925094, "roi_congestion_savings_yen_day": 41598.745738818892, "roi_operating_savings_yen_day": 5808.5125651540093, "roi_emissions_avoided_kg_day": 30.908990318052442, "roi_health_benefit_yen_day": 3566.4219597752817, "roi_parking_spaces_freed": 2.3776146398501878 }, "geometry": { "type": "Polygon", "coordinates": [ [ [ 139.665398684856058, 35.41961832385612 ], [ 139.66483371865138, 35.421370802774902 ], [ 139.66285737825288, 35.421844810846679 ], [ 139.661446099916674, 35.420566358820587 ], [ 139.662011115183816, 35.418813933038486 ], [ 139.663987359727798, 35.418339906146073 ], [ 139.665398684856058, 35.41961832385612 ] ] ] } },
{ "type": "Feature", "properties": { "hex_id": "892f5aa4c87ffff", "population": 0.31200125320882538, "production_score": 0.00011058167391932866, "attraction_score": 0.0, "demand_score": 0.20003870358587175, "stress_score": 2.0, "infra_quality_score": 0.66666666666666674, "gap_score": -0.46662796308079502, "schools_nearby": 0, "stations_nearby": 0, "shops_nearby": 0, "bike_parking_nearby": 0, "bike_parking_capacity_nearby": 0.0, "bike_sharing_nearby": 0, "bike_sharing_capacity_nearby": 0.0, "flat_terrain": 1, "roi_car_trips_per_day": 0.21840087724617779, "roi_congestion_cost_yen_day": 76.422834965982531, "roi_operating_cost_yen_day": 10.671066862248248, "roi_emissions_kg_day": 0.056784228084006232, "roi_shifted_trips_per_day": 0.04368017544923556, "roi_congestion_savings_yen_day": 15.284566993196508, "roi_operating_savings_yen_day": 2.1342133724496493, "roi_emissions_avoided_kg_day": 0.011356845616801246, "roi_health_benefit_yen_day": 1.3104052634770669, "roi_parking_spaces_freed": 0.00087360350898471118 }, "geometry": { "type": "Polygon", "coordinates": [ [ [ 139.678103786327029, 35.442445052230326 ], [ 139.677538854627983, 35.444197725482773 ], [ 139.675561674015682, 35.444671713941517 ], [ 139.67414952102817, 35.443393047958281 ], [ 139.674714501858546, 35.441640427827892 ], [ 139.676691586548259, 35.441166420558986 ], [ 139.678103786327029, 35.442445052230326 ] ] ] } },
{ "type": "Feature", "properties": { "hex_id": "892f5bd32dbffff", "population": 1637.1464123142518, "production_score": 0.58024892163994835, "attraction_score": 0.81949458483754511, "demand_score": 0.7318021191590145, "stress_score": 2.8378378378378377, "infra_quality_score": 0.38738738738738743, "gap_score": 0.34441473177162707, "schools_nearby": 21, "stations_nearby": 7, "shops_nearby": 597, "bike_parking_nearby": 3, "bike_parking_capacity_nearby": 12.0, "bike_sharing_nearby": 5, "bike_sharing_capacity_nearby": 166.0, "flat_terrain": 1, "roi_car_trips_per_day": 1146.0024886199765, "roi_congestion_cost_yen_day": 401009.19081790221, "roi_operating_cost_yen_day": 55993.681593972047, "roi_emissions_kg_day": 297.96064704119391, "roi_shifted_trips_per_day": 229.20049772399531, "roi_congestion_savings_yen_day": 80201.83816358044, "roi_operating_savings_yen_day": 11198.73631879441, "roi_emissions_avoided_kg_day": 59.592129408238783, "roi_health_benefit_yen_day": 6876.0149317198593, "roi_parking_spaces_freed": 4.5840099544799067 }, "geometry": { "type": "Polygon", "coordinates": [ [ [ 139.642524421870718, 35.439652552537325 ], [ 139.641958932033532, 35.441404666418329 ], [ 139.63998248948559, 35.4418780007775 ], [ 139.638571632666356, 35.440599240132109 ], [ 139.639137171522123, 35.438847179398238 ], [ 139.641113518181697, 35.43837382616293 ], [ 139.642524421870718, 35.439652552537325 ] ] ] } },
{ "type": "Feature", "properties": { "hex_id": "892f5aa6963ffff", "population": 254.81861682809273, "production_score": 0.09031460260128675, "attraction_score": 0.068592057761732855, "demand_score": 0.095617331127056865, "stress_score": 1.8, "infra_quality_score": 0.73333333333333339, "gap_score": -0.63771600220627656, "schools_nearby": 7, "stations_nearby": 0, "shops_nearby": 36, "bike_parking_nearby": 0, "bike_parking_capacity_nearby": 0.0, "bike_sharing_nearby": 2, "bike_sharing_capacity_nearby": 28.0, "flat_terrain": 0, "roi_car_trips_per_day": 178.3730317796649, "roi_congestion_cost_yen_day": 62416.291280340345, "roi_operating_cost_yen_day": 8715.306332754426, "roi_emissions_kg_day": 46.376988262712878, "roi_shifted_trips_per_day": 35.67460635593298, "roi_congestion_savings_yen_day": 12483.258256068069, "roi_operating_savings_yen_day": 1743.0612665508854, "roi_emissions_avoided_kg_day": 9.2753976525425745, "roi_health_benefit_yen_day": 1070.2381906779895, "roi_parking_spaces_freed": 0.71349212711865961 }, "geometry": { "type": "Polygon", "coordinates": [ [ [ 139.66116492973353, 35.415783099292653 ], [ 139.660599923583305, 35.417535512453099 ], [ 139.658623763511343, 35.418009483336874 ], [ 139.657212705434176, 35.416731059886907 ], [ 139.657777760628846, 35.414978699867063 ], [ 139.659753824859393, 35.414504710156891 ], [ 139.66116492973353, 35.415783099292653 ] ] ] } },
{ "type": "Feature", "properties": { "hex_id": "892f5aa4d0fffff", "population": 870.94970207855181, "production_score": 0.30868810610489744, "attraction_score": 0.48134777376654631, "demand_score": 0.57651255795500533, "stress_score": 4.0, "infra_quality_score": 0.0, "gap_score": 0.57651255795500533, "schools_nearby": 6, "stations_nearby": 2, "shops_nearby": 376, "bike_parking_nearby": 0, "bike_parking_capacity_nearby": 0.0, "bike_sharing_nearby": 0, "bike_sharing_capacity_nearby": 0.0, "flat_terrain": 1, "roi_car_trips_per_day": 609.66479145498636, "roi_congestion_cost_yen_day": 213333.90382592884, "roi_operating_cost_yen_day": 29788.221710490634, "roi_emissions_kg_day": 158.51284577829645, "roi_shifted_trips_per_day": 121.93295829099728, "roi_congestion_savings_yen_day": 42666.780765185766, "roi_operating_savings_yen_day": 5957.6443420981268, "roi_emissions_avoided_kg_day": 31.702569155659294, "roi_health_benefit_yen_day": 3657.9887487299184, "roi_parking_spaces_freed": 2.4386591658199457 }, "geometry": { "type": "Polygon", "coordinates": [ [ [ 139.650991386405025, 35.447325110626963 ], [ 139.650425976346725, 35.449077355863118 ], [ 139.648449172835711, 35.449550764506178 ], [ 139.647037875300754, 35.448271946778021 ], [ 139.647603334413674, 35.446519754681248 ], [ 139.649580042010115, 35.446046327173555 ], [ 139.650991386405025, 35.447325110626963 ] ] ] } },
{ "type": "Feature", "properties": { "hex_id": "892f5aa4d53ffff", "population": 48.676385299379213, "production_score": 0.01725222610931262, "attraction_score": 0.012033694344163659, "demand_score": 0.21025007215871669, "stress_score": 2.0, "infra_quality_score": 0.66666666666666674, "gap_score": -0.45641659450795002, "schools_nearby": 0, "stations_nearby": 0, "shops_nearby": 10, "bike_parking_nearby": 0, "bike_parking_capacity_nearby": 0.0, "bike_sharing_nearby": 0, "bike_sharing_capacity_nearby": 0.0, "flat_terrain": 1, "roi_car_trips_per_day": 34.073469709565444, "roi_congestion_cost_yen_day": 11922.988520771141, "roi_operating_cost_yen_day": 1664.8297300093675, "roi_emissions_kg_day": 8.8591021244870163, "roi_shifted_trips_per_day": 6.814693941913089, "roi_congestion_savings_yen_day": 2384.5977041542283, "roi_operating_savings_yen_day": 332.96594600187353, "roi_emissions_avoided_kg_day": 1.7718204248974032, "roi_health_benefit_yen_day": 204.44081825739266, "roi_parking_spaces_freed": 0.13629387883826177 }, "geometry": { "type": "Polygon", "coordinates": [ [ [ 139.661156851507855, 35.449740824891236 ], [ 139.660591588682138, 35.451493229530278 ], [ 139.658614531482442, 35.451966806290223 ], [ 139.65720283304006, 35.450687997258207 ], [ 139.65776814495473, 35.44893564575095 ], [ 139.659745106225984, 35.448462050144251 ], [ 139.661156851507855, 35.449740824891236 ] ] ] } },
{ "type": "Feature", "properties": { "hex_id": "892f5bd30cbffff", "population": 933.67456995295765, "production_score": 0.33091949400665704, "attraction_score": 0.026474127557160047, "demand_score": 0.17893392139348982, "stress_score": 2.0769230769230771, "infra_quality_score": 0.64102564102564097, "gap_score": -0.46209171963215112, "schools_nearby": 5, "stations_nearby": 0, "shops_nearby": 7, "bike_parking_nearby": 0, "bike_parking_capacity_nearby": 0.0, "bike_sharing_nearby": 0, "bike_sharing_capacity_nearby": 0.0, "flat_terrain": 0, "roi_car_trips_per_day": 653.57219896707034, "roi_congestion_cost_yen_day": 228697.98386255727, "roi_operating_cost_yen_day": 31933.537641531057, "roi_emissions_kg_day": 169.9287717314383, "roi_shifted_trips_per_day": 130.71443979341407, "roi_congestion_savings_yen_day": 45739.596772511453, "roi_operating_savings_yen_day": 6386.7075283062113, "roi_emissions_avoided_kg_day": 33.985754346287663, "roi_health_benefit_yen_day": 3921.433193802422, "roi_parking_spaces_freed": 2.6142887958682817 }, "geometry": { "type": "Polygon", "coordinates": [ [ [ 139.634066891965517, 35.420663175301442 ], [ 139.633501408128609, 35.422415160586844 ], [ 139.631525625338725, 35.422888552241176 ], [ 139.630115422222161, 35.421609977491194 ], [ 139.630680955026889, 35.419858045363632 ], [ 139.632656641983488, 35.419384634828504 ], [ 139.634066891965517, 35.420663175301442 ] ] ] } },
{ "type": "Feature", "properties": { "hex_id": "892f5bd3683ffff", "population": 508.81807233309456, "production_score": 0.1803388722972222, "attraction_score": 0.048134777376654635, "demand_score": 0.3099657773858569, "stress_score": 2.6, "infra_quality_score": 0.46666666666666667, "gap_score": -0.15670088928080977, "schools_nearby": 8, "stations_nearby": 0, "shops_nearby": 16, "bike_parking_nearby": 0, "bike_parking_capacity_nearby": 0.0, "bike_sharing_nearby": 1, "bike_sharing_capacity_nearby": 4.0, "flat_terrain": 1, "roi_car_trips_per_day": 356.1726506331662, "roi_congestion_cost_yen_day": 124631.93390955753, "roi_operating_cost_yen_day": 17402.5957099365, "roi_emissions_kg_day": 92.604889164623216, "roi_shifted_trips_per_day": 71.234530126633246, "roi_congestion_savings_yen_day": 24926.386781911508, "roi_operating_savings_yen_day": 3480.5191419873004, "roi_emissions_avoided_kg_day": 18.520977832924643, "roi_health_benefit_yen_day": 2137.0359037989974, "roi_parking_spaces_freed": 1.4246906025326649 }, "geometry": { "type": "Polygon", "coordinates": [ [ [ 139.651849714176365, 35.416400407357692 ], [ 139.651284551790496, 35.418152673714559 ], [ 139.649308549341015, 35.418626457777393 ], [ 139.647897805116514, 35.417347994328125 ], [ 139.648463016519116, 35.415595781118057 ], [ 139.650438923132668, 35.415121978210792 ], [ 139.651849714176365, 35.416400407357692 ] ] ] } },
{ "type": "Feature", "properties": { "hex_id": "892f5aa6a2fffff", "population": 0.0, "production_score": 0.0, "attraction_score": 0.0, "demand_score": 0.2, "stress_score": 2.0, "infra_quality_score": 0.66666666666666674, "gap_score": -0.46666666666666679, "schools_nearby": 0, "stations_nearby": 0, "shops_nearby": 0, "bike_parking_nearby": 0, "bike_parking_capacity_nearby": 0.0, "bike_sharing_nearby": 0, "bike_sharing_capacity_nearby": 0.0, "flat_terrain": 1, "roi_car_trips_per_day": 0.0, "roi_congestion_cost_yen_day": 0.0, "roi_operating_cost_yen_day": 0.0, "roi_emissions_kg_day": 0.0, "roi_shifted_trips_per_day": 0.0, "roi_congestion_savings_yen_day": 0.0, "roi_operating_savings_yen_day": 0.0, "roi_emissions_avoided_kg_day": 0.0, "roi_health_benefit_yen_day": 0.0, "roi_parking_spaces_freed": 0.0 }, "geometry": { "type": "Polygon", "coordinates": [ [ [ 139.683187801944655, 35.43799138246392 ], [ 139.682622986698277, 35.439744136841661 ], [ 139.680645828972388, 35.440218275066847 ], [ 139.67923358241103, 35.438939677712426 ], [ 139.679798446798486, 35.437186976454399 ], [ 139.681775508609348, 35.436712819431392 ], [ 139.683187801944655, 35.43799138246392 ] ] ] } },
{ "type": "Feature", "properties": { "hex_id": "892f5aa4d97ffff", "population": 981.43282984971836, "production_score": 0.34784631166698032, "attraction_score": 0.26113116726835139, "demand_score": 0.26141797969633163, "stress_score": 1.9655172413793103, "infra_quality_score": 0.67816091954022983, "gap_score": -0.41674293984389821, "schools_nearby": 18, "stations_nearby": 1, "shops_nearby": 160, "bike_parking_nearby": 0, "bike_parking_capacity_nearby": 0.0, "bike_sharing_nearby": 3, "bike_sharing_capacity_nearby": 19.0, "flat_terrain": 0, "roi_car_trips_per_day": 687.00298089480282, "roi_congestion_cost_yen_day": 240396.0830747094, "roi_operating_cost_yen_day": 33566.965646520068, "roi_emissions_kg_day": 178.62077503264874, "roi_shifted_trips_per_day": 137.40059617896057, "roi_congestion_savings_yen_day": 48079.216614941884, "roi_operating_savings_yen_day": 6713.3931293040132, "roi_emissions_avoided_kg_day": 35.724155006529749, "roi_health_benefit_yen_day": 4122.0178853688167, "roi_parking_spaces_freed": 2.7480119235792113 }, "geometry": { "type": "Polygon", "coordinates": [ [ [ 139.656925170179761, 35.434585429852696 ], [ 139.656359952994279, 35.436337771772791 ], [ 139.654383375352722, 35.436811442764451 ], [ 139.65297211078618, 35.435532790682039 ], [ 139.653537377027789, 35.433780501900529 ], [ 139.655513858782967, 35.433306812063144 ], [ 139.656925170179761, 35.434585429852696 ] ] ] } },
{ "type": "Feature", "properties": { "hex_id": "892f5bd36c7ffff", "population": 638.61522918134847, "production_score": 0.22634249159884995, "attraction_score": 0.11070998796630566, "demand_score": 0.16796836784780445, "stress_score": 2.0, "infra_quality_score": 0.66666666666666674, "gap_score": -0.4986982988188623, "schools_nearby": 13, "stations_nearby": 1, "shops_nearby": 50, "bike_parking_nearby": 0, "bike_parking_capacity_nearby": 0.0, "bike_sharing_nearby": 2, "bike_sharing_capacity_nearby": 1005.0, "flat_terrain": 0, "roi_car_trips_per_day": 447.030660426944, "roi_congestion_cost_yen_day": 156424.96869659625, "roi_operating_cost_yen_day": 21841.918068460483, "roi_emissions_kg_day": 116.22797171100544, "roi_shifted_trips_per_day": 89.406132085388805, "roi_congestion_savings_yen_day": 31284.993739319252, "roi_operating_savings_yen_day": 4368.3836136920972, "roi_emissions_avoided_kg_day": 23.245594342201091, "roi_health_benefit_yen_day": 2682.183962561664, "roi_parking_spaces_freed": 1.7881226417077762 }, "geometry": { "type": "Polygon", "coordinates": [ [ [ 139.653541222472114, 35.422461905361033 ], [ 139.652976041815919, 35.424214196942074 ], [ 139.650999847669397, 35.424687943315341 ], [ 139.649588930034952, 35.423409416952786 ], [ 139.650154159721012, 35.421657178515815 ], [ 139.652130258014836, 35.421183413297655 ], [ 139.653541222472114, 35.422461905361033 ] ] ] } },
{ "type": "Feature", "properties": { "hex_id": "892f5aa4ddbffff", "population": 1.0991462045271481, "production_score": 0.00038956711208251884, "attraction_score": 0.019253910950661854, "demand_score": 0.20687521732196051, "stress_score": 2.0, "infra_quality_score": 0.66666666666666674, "gap_score": -0.45979144934470623, "schools_nearby": 0, "stations_nearby": 0, "shops_nearby": 16, "bike_parking_nearby": 0, "bike_parking_capacity_nearby": 0.0, "bike_sharing_nearby": 0, "bike_sharing_capacity_nearby": 0.0, "flat_terrain": 1, "roi_car_trips_per_day": 0.76940234316900358, "roi_congestion_cost_yen_day": 269.22926792169773, "roi_operating_cost_yen_day": 37.592998487237516, "roi_emissions_kg_day": 0.20004460922394093, "roi_shifted_trips_per_day": 0.15388046863380073, "roi_congestion_savings_yen_day": 53.845853584339551, "roi_operating_savings_yen_day": 7.5185996974475033, "roi_emissions_avoided_kg_day": 0.040008921844788194, "roi_health_benefit_yen_day": 4.6164140590140219, "roi_parking_spaces_freed": 0.0030776093726760144 }, "geometry": { "type": "Polygon", "coordinates": [ [ [ 139.666241282738753, 35.44528851560225 ], [ 139.665676136352261, 35.447041001442457 ], [ 139.663699101929012, 35.447514727990978 ], [ 139.662287309816321, 35.44623598753401 ], [ 139.662852505301544, 35.444483554823236 ], [ 139.664829443803882, 35.444009809440296 ], [ 139.666241282738753, 35.44528851560225 ] ] ] } },
{ "type": "Feature", "properties": { "hex_id": "892f5aa6ab7ffff", "population": 4.1906077745968844, "production_score": 0.001485264618934448, "attraction_score": 0.0, "demand_score": null, "stress_score": 4.0, "infra_quality_score": 0.0, "gap_score": null, "schools_nearby": 0, "stations_nearby": 0, "shops_nearby": 0, "bike_parking_nearby": 0, "bike_parking_capacity_nearby": 0.0, "bike_sharing_nearby": 0, "bike_sharing_capacity_nearby": 0.0, "flat_terrain": null, "roi_car_trips_per_day": 2.933425442217819, "roi_congestion_cost_yen_day": 1026.4642307408592, "roi_operating_cost_yen_day": 143.32716710676263, "roi_emissions_kg_day": 0.76269061497663293, "roi_shifted_trips_per_day": 0.58668508844356382, "roi_congestion_savings_yen_day": 205.29284614817186, "roi_operating_savings_yen_day": 28.665433421352528, "roi_emissions_avoided_kg_day": 0.1525381229953266, "roi_health_benefit_yen_day": 17.600552653306913, "roi_parking_spaces_freed": 0.011733701768871277 }, "geometry": { "type": "Polygon", "coordinates": [ [ [ 139.689117776333489, 35.425247409234871 ], [ 139.688553153886232, 35.427000260039648 ], [ 139.686576222348066, 35.427474660443629 ], [ 139.685164009147172, 35.42619622882205 ], [ 139.685728680736958, 35.424443431136247 ], [ 139.687705516388291, 35.423969011953353 ], [ 139.689117776333489, 35.425247409234871 ] ] ] } },
{ "type": "Feature", "properties": { "hex_id": "892f5aa6863ffff", "population": 0.0, "production_score": 0.0, "attraction_score": 0.0, "demand_score": 0.05, "stress_score": 2.0, "infra_quality_score": 0.66666666666666674, "gap_score": -0.6166666666666667, "schools_nearby": 0, "stations_nearby": 0, "shops_nearby": 0, "bike_parking_nearby": 0, "bike_parking_capacity_nearby": 0.0, "bike_sharing_nearby": 0, "bike_sharing_capacity_nearby": 0.0, "flat_terrain": 0, "roi_car_trips_per_day": 0.0, "roi_congestion_cost_yen_day": 0.0, "roi_operating_cost_yen_day": 0.0, "roi_emissions_kg_day": 0.0, "roi_shifted_trips_per_day": 0.0, "roi_congestion_savings_yen_day": 0.0, "roi_operating_savings_yen_day": 0.0, "roi_emissions_avoided_kg_day": 0.0, "roi_health_benefit_yen_day": 0.0, "roi_parking_spaces_freed": 0.0 }, "geometry": { "type": "Polygon", "coordinates": [ [ [ 139.684881216869115, 35.421412245830403 ], [ 139.684316554350175, 35.423165030904109 ], [ 139.682339803121607, 35.423639394020846 ], [ 139.680927810288892, 35.422360990848816 ], [ 139.681492521932284, 35.420608258897971 ], [ 139.683469177287066, 35.420133876996587 ], [ 139.684881216869115, 35.421412245830403 ] ] ] } },
{ "type": "Feature", "properties": { "hex_id": "892f5aa68a7ffff", "population": 0.0, "production_score": 0.0, "attraction_score": 0.0, "demand_score": 0.2181818181818182, "stress_score": 2.3636363636363638, "infra_quality_score": 0.54545454545454541, "gap_score": -0.32727272727272722, "schools_nearby": 0, "stations_nearby": 0, "shops_nearby": 0, "bike_parking_nearby": 0, "bike_parking_capacity_nearby": 0.0, "bike_sharing_nearby": 0, "bike_sharing_capacity_nearby": 0.0, "flat_terrain": 1, "roi_car_trips_per_day": 0.0, "roi_congestion_cost_yen_day": 0.0, "roi_operating_cost_yen_day": 0.0, "roi_emissions_kg_day": 0.0, "roi_shifted_trips_per_day": 0.0, "roi_congestion_savings_yen_day": 0.0, "roi_operating_savings_yen_day": 0.0, "roi_emissions_avoided_kg_day": 0.0, "roi_health_benefit_yen_day": 0.0, "roi_parking_spaces_freed": 0.0 }, "geometry": { "type": "Polygon", "coordinates": [ [ [ 139.680645063316774, 35.406256979954449 ], [ 139.680080446166698, 35.408009701831027 ], [ 139.67810417422308, 35.408484158869015 ], [ 139.676692615264471, 35.407205912814334 ], [ 139.677257281506201, 35.405453244067445 ], [ 139.679233457618039, 35.40497876824584 ], [ 139.680645063316774, 35.406256979954449 ] ] ] } },
{ "type": "Feature", "properties": { "hex_id": "892f5aa6b83ffff", "population": 844.53704600577169, "production_score": 0.29932674716436569, "attraction_score": 0.052948255114320095, "demand_score": 0.32329625079754004, "stress_score": 2.0, "infra_quality_score": 0.66666666666666674, "gap_score": -0.3433704158691267, "schools_nearby": 4, "stations_nearby": 0, "shops_nearby": 32, "bike_parking_nearby": 0, "bike_parking_capacity_nearby": 0.0, "bike_sharing_nearby": 0, "bike_sharing_capacity_nearby": 0.0, "flat_terrain": 1, "roi_car_trips_per_day": 591.17593220404012, "roi_congestion_cost_yen_day": 206864.28219683774, "roi_operating_cost_yen_day": 28884.8560474894, "roi_emissions_kg_day": 153.70574237305044, "roi_shifted_trips_per_day": 118.23518644080804, "roi_congestion_savings_yen_day": 41372.856439367548, "roi_operating_savings_yen_day": 5776.9712094978804, "roi_emissions_avoided_kg_day": 30.741148474610089, "roi_health_benefit_yen_day": 3547.055593224241, "roi_parking_spaces_freed": 2.3647037288161608 }, "geometry": { "type": "Polygon", "coordinates": [ [ [ 139.675562701845138, 35.422031142815527 ], [ 139.674997882896434, 35.423783781129224 ], [ 139.673021289110096, 35.424257957294031 ], [ 139.671609610143918, 35.422979513948206 ], [ 139.672174478189362, 35.421226928763616 ], [ 139.67415097610737, 35.420752733796043 ], [ 139.675562701845138, 35.422031142815527 ] ] ] } },
{ "type": "Feature", "properties": { "hex_id": "892f5aa6bc7ffff", "population": 300.8252183153661, "production_score": 0.10662058519423827, "attraction_score": 0.033694344163658241, "demand_score": 0.26381610762820495, "stress_score": 2.2941176470588234, "infra_quality_score": 0.56862745098039214, "gap_score": -0.30481134335218718, "schools_nearby": 2, "stations_nearby": 0, "shops_nearby": 22, "bike_parking_nearby": 0, "bike_parking_capacity_nearby": 0.0, "bike_sharing_nearby": 0, "bike_sharing_capacity_nearby": 0.0, "flat_terrain": 1, "roi_car_trips_per_day": 210.57765282075627, "roi_congestion_cost_yen_day": 73685.332275039036, "roi_operating_cost_yen_day": 10288.824116822152, "roi_emissions_kg_day": 54.750189733396631, "roi_shifted_trips_per_day": 42.115530564151257, "roi_congestion_savings_yen_day": 14737.066455007809, "roi_operating_savings_yen_day": 2057.7648233644304, "roi_emissions_avoided_kg_day": 10.950037946679327, "roi_health_benefit_yen_day": 1263.4659169245376, "roi_parking_spaces_freed": 0.8423106112830252 }, "geometry": { "type": "Polygon", "coordinates": [ [ [ 139.677256766684508, 35.428093344314327 ], [ 139.67669192955745, 35.429846007833078 ], [ 139.674715144009127, 35.43032014639175 ], [ 139.673303291476259, 35.429041640235134 ], [ 139.673868177713246, 35.42728902984274 ], [ 139.675844867376355, 35.426814872480911 ], [ 139.677256766684508, 35.428093344314327 ] ] ] } },
{ "type": "Feature", "properties": { "hex_id": "892f5aa692fffff", "population": 60.289626252304231, "production_score": 0.021368272474496332, "attraction_score": 0.013237063778580024, "demand_score": 0.062111867688576718, "stress_score": 2.0, "infra_quality_score": 0.66666666666666674, "gap_score": -0.60455479897809006, "schools_nearby": 2, "stations_nearby": 0, "shops_nearby": 5, "bike_parking_nearby": 0, "bike_parking_capacity_nearby": 0.0, "bike_sharing_nearby": 0, "bike_sharing_capacity_nearby": 0.0, "flat_terrain": 0, "roi_car_trips_per_day": 42.202738376612956, "roi_congestion_cost_yen_day": 14767.582212744406, "roi_operating_cost_yen_day": 2062.0257970813091, "roi_emissions_kg_day": 10.972711977919369, "roi_shifted_trips_per_day": 8.4405476753225912, "roi_congestion_savings_yen_day": 2953.5164425488811, "roi_operating_savings_yen_day": 412.40515941626182, "roi_emissions_avoided_kg_day": 2.1945423955838739, "roi_health_benefit_yen_day": 253.21643025967774, "roi_parking_spaces_freed": 0.16881095350645184 }, "geometry": { "type": "Polygon", "coordinates": [ [ [ 139.653545066753196, 35.4111435525069 ], [ 139.652979971656521, 35.412895846750139 ], [ 139.651004076381923, 35.413369724479665 ], [ 139.649593372031006, 35.412091326804287 ], [ 139.650158516142739, 35.410339085708038 ], [ 139.652134315593571, 35.409865189140461 ], [ 139.653545066753196, 35.4111435525069 ] ] ] } },
{ "type": "Feature", "properties": { "hex_id": "892f5aa4c97ffff", "population": 0.0, "production_score": 0.0, "attraction_score": 0.0, "demand_score": 0.2, "stress_score": 2.0, "infra_quality_score": 0.66666666666666674, "gap_score": -0.46666666666666679, "schools_nearby": 0, "stations_nearby": 0, "shops_nearby": 0, "bike_parking_nearby": 0, "bike_parking_capacity_nearby": 0.0, "bike_sharing_nearby": 0, "bike_sharing_capacity_nearby": 0.0, "flat_terrain": 1, "roi_car_trips_per_day": 0.0, "roi_congestion_cost_yen_day": 0.0, "roi_operating_cost_yen_day": 0.0, "roi_emissions_kg_day": 0.0, "roi_shifted_trips_per_day": 0.0, "roi_congestion_savings_yen_day": 0.0, "roi_operating_savings_yen_day": 0.0, "roi_emissions_avoided_kg_day": 0.0, "roi_health_benefit_yen_day": 0.0, "roi_parking_spaces_freed": 0.0 }, "geometry": { "type": "Polygon", "coordinates": [ [ [ 139.680645828972388, 35.440218275066847 ], [ 139.680080955500074, 35.441970988886396 ], [ 139.678103786327029, 35.442445052230326 ], [ 139.676691586548259, 35.441166420558986 ], [ 139.677256509156791, 35.439413759860329 ], [ 139.67923358241103, 35.438939677712426 ], [ 139.680645828972388, 35.440218275066847 ] ] ] } },
{ "type": "Feature", "properties": { "hex_id": "892f5aa6973ffff", "population": 67.089447829132396, "production_score": 0.023778312961786136, "attraction_score": 0.055354993983152828, "demand_score": 0.097696657430728626, "stress_score": 2.4, "infra_quality_score": 0.53333333333333344, "gap_score": -0.4356366759026048, "schools_nearby": 5, "stations_nearby": 0, "shops_nearby": 31, "bike_parking_nearby": 0, "bike_parking_capacity_nearby": 0.0, "bike_sharing_nearby": 2, "bike_sharing_capacity_nearby": 28.0, "flat_terrain": 0, "roi_car_trips_per_day": 46.962613480392676, "roi_congestion_cost_yen_day": 16433.157709059007, "roi_operating_cost_yen_day": 2294.5932946519861, "roi_emissions_kg_day": 12.210279504902097, "roi_shifted_trips_per_day": 9.3925226960785348, "roi_congestion_savings_yen_day": 3286.6315418118011, "roi_operating_savings_yen_day": 458.91865893039721, "roi_emissions_avoided_kg_day": 2.442055900980419, "roi_health_benefit_yen_day": 281.77568088235603, "roi_parking_spaces_freed": 0.18785045392157071 }, "geometry": { "type": "Polygon", "coordinates": [ [ [ 139.663706026414587, 35.413556599910734 ], [ 139.663141078431522, 35.415309053579833 ], [ 139.66116492973353, 35.415783099292653 ], [ 139.659753824859393, 35.414504710156891 ], [ 139.660318821891792, 35.412752309627201 ], [ 139.662294874752121, 35.412278245094178 ], [ 139.663706026414587, 35.413556599910734 ] ] ] } },
{ "type": "Feature", "properties": { "hex_id": "892f5bd3053ffff", "population": 933.66526692935668, "production_score": 0.33091619676373984, "attraction_score": 0.0096269554753309269, "demand_score": 0.16919010328367476, "stress_score": 2.0, "infra_quality_score": 0.66666666666666674, "gap_score": -0.49747656338299195, "schools_nearby": 1, "stations_nearby": 0, "shops_nearby": 5, "bike_parking_nearby": 0, "bike_parking_capacity_nearby": 0.0, "bike_sharing_nearby": 0, "bike_sharing_capacity_nearby": 0.0, "flat_terrain": 0, "roi_car_trips_per_day": 653.56568685054958, "roi_congestion_cost_yen_day": 228695.70514274432, "roi_operating_cost_yen_day": 31933.219459517852, "roi_emissions_kg_day": 169.92707858114289, "roi_shifted_trips_per_day": 130.71313737010993, "roi_congestion_savings_yen_day": 45739.141028548867, "roi_operating_savings_yen_day": 6386.6438919035709, "roi_emissions_avoided_kg_day": 33.985415716228587, "roi_health_benefit_yen_day": 3921.3941211032979, "roi_parking_spaces_freed": 2.6142627474021989 }, "geometry": { "type": "Polygon", "coordinates": [ [ [ 139.631525625338725, 35.422888552241176 ], [ 139.630960083355262, 35.424640496967584 ], [ 139.62898428928915, 35.425113813784769 ], [ 139.627574133046693, 35.423835204762774 ], [ 139.628139723993087, 35.422083313195337 ], [ 139.630115422222161, 35.421609977491194 ], [ 139.631525625338725, 35.422888552241176 ] ] ] } },
{ "type": "Feature", "properties": { "hex_id": "892f5bd360bffff", "population": 1340.1727492750913, "production_score": 0.47499343169855046, "attraction_score": 0.11793020457280386, "demand_score": 0.26144484132242501, "stress_score": 2.0784313725490198, "infra_quality_score": 0.64052287581699341, "gap_score": -0.37907803449456839, "schools_nearby": 14, "stations_nearby": 1, "shops_nearby": 53, "bike_parking_nearby": 3, "bike_parking_capacity_nearby": 12.0, "bike_sharing_nearby": 2, "bike_sharing_capacity_nearby": 18.0, "flat_terrain": 0, "roi_car_trips_per_day": 938.12092449256397, "roi_congestion_cost_yen_day": 328267.27389843803, "roi_operating_cost_yen_day": 45836.588370706675, "roi_emissions_kg_day": 243.91144036806665, "roi_shifted_trips_per_day": 187.62418489851279, "roi_congestion_savings_yen_day": 65653.4547796876, "roi_operating_savings_yen_day": 9167.3176741413354, "roi_emissions_avoided_kg_day": 48.78228807361333, "roi_health_benefit_yen_day": 5628.7255469553838, "roi_parking_spaces_freed": 3.752483697970256 }, "geometry": { "type": "Polygon", "coordinates": [ [ [ 139.648458403354084, 35.426913865880756 ], [ 139.647893106356804, 35.428666076364344 ], [ 139.645916889533424, 35.429139673044467 ], [ 139.644506065570653, 35.427861078098523 ], [ 139.645071411588049, 35.426108920761351 ], [ 139.64704753255117, 35.425635305223999 ], [ 139.648458403354084, 35.426913865880756 ] ] ] } },
{ "type": "Feature", "properties": { "hex_id": "892f5aa4d63ffff", "population": 49.543307331111457, "production_score": 0.017559486700225481, "attraction_score": 0.19494584837545126, "demand_score": 0.22437686727648687, "stress_score": 4.0, "infra_quality_score": 0.0, "gap_score": 0.22437686727648687, "schools_nearby": 0, "stations_nearby": 2, "shops_nearby": 156, "bike_parking_nearby": 0, "bike_parking_capacity_nearby": 0.0, "bike_sharing_nearby": 0, "bike_sharing_capacity_nearby": 0.0, "flat_terrain": 0, "roi_car_trips_per_day": 34.680315131778023, "roi_congestion_cost_yen_day": 12135.335870911766, "roi_operating_cost_yen_day": 1694.4801973386743, "roi_emissions_kg_day": 9.0168819342622868, "roi_shifted_trips_per_day": 6.9360630263556047, "roi_congestion_savings_yen_day": 2427.0671741823535, "roi_operating_savings_yen_day": 338.89603946773485, "roi_emissions_avoided_kg_day": 1.8033763868524573, "roi_health_benefit_yen_day": 208.08189079066813, "roi_parking_spaces_freed": 0.13872126052711209 }, "geometry": { "type": "Polygon", "coordinates": [ [ [ 139.649295088875959, 35.452581818238258 ], [ 139.648729611460965, 35.454334035369804 ], [ 139.646752700681958, 35.454807350248572 ], [ 139.645341363247695, 35.45352846686712 ], [ 139.645906889718987, 35.451776302874691 ], [ 139.647883704571314, 35.45130296912491 ], [ 139.649295088875959, 35.452581818238258 ] ] ] } },
{ "type": "Feature", "properties": { "hex_id": "892f5bd364fffff", "population": 1506.0209539744837, "production_score": 0.53377451640111517, "attraction_score": 0.37785800240673889, "demand_score": 0.37804574055710793, "stress_score": 2.1794871794871793, "infra_quality_score": 0.6068376068376069, "gap_score": -0.22879186628049897, "schools_nearby": 28, "stations_nearby": 3, "shops_nearby": 221, "bike_parking_nearby": 1, "bike_parking_capacity_nearby": 7.0, "bike_sharing_nearby": 3, "bike_sharing_capacity_nearby": 14.0, "flat_terrain": 0, "roi_car_trips_per_day": 1054.2146677821386, "roi_congestion_cost_yen_day": 368890.79655032593, "roi_operating_cost_yen_day": 51508.928667835287, "roi_emissions_kg_day": 274.09581362335604, "roi_shifted_trips_per_day": 210.84293355642774, "roi_congestion_savings_yen_day": 73778.159310065195, "roi_operating_savings_yen_day": 10301.78573356706, "roi_emissions_avoided_kg_day": 54.819162724671216, "roi_health_benefit_yen_day": 6325.2880066928319, "roi_parking_spaces_freed": 4.2168586711285547 }, "geometry": { "type": "Polygon", "coordinates": [ [ [ 139.650149801981144, 35.432975515060662 ], [ 139.649584486694863, 35.434727750701043 ], [ 139.647608078125643, 35.435201309666127 ], [ 139.646197080722999, 35.433922651848768 ], [ 139.646762445042498, 35.432170469352045 ], [ 139.648738757734634, 35.431696891529334 ], [ 139.650149801981144, 35.432975515060662 ] ] ] } },
{ "type": "Feature", "properties": { "hex_id": "892f5bd30dbffff", "population": 933.71368216083363, "production_score": 0.33093335642987853, "attraction_score": 0.021660649819494584, "demand_score": 0.17502080541308701, "stress_score": 2.032258064516129, "infra_quality_score": 0.65591397849462374, "gap_score": -0.48089317308153673, "schools_nearby": 4, "stations_nearby": 0, "shops_nearby": 6, "bike_parking_nearby": 0, "bike_parking_capacity_nearby": 0.0, "bike_sharing_nearby": 0, "bike_sharing_capacity_nearby": 0.0, "flat_terrain": 0, "roi_car_trips_per_day": 653.59957751258355, "roi_congestion_cost_yen_day": 228707.56416320323, "roi_operating_cost_yen_day": 31934.875357264831, "roi_emissions_kg_day": 169.93589015327174, "roi_shifted_trips_per_day": 130.71991550251673, "roi_congestion_savings_yen_day": 45741.512832640656, "roi_operating_savings_yen_day": 6386.9750714529673, "roi_emissions_avoided_kg_day": 33.987178030654349, "roi_health_benefit_yen_day": 3921.597465075502, "roi_parking_spaces_freed": 2.6143983100503347 }, "geometry": { "type": "Polygon", "coordinates": [ [ [ 139.636608089162451, 35.4184376829784 ], [ 139.636042663471386, 35.420189708813858 ], [ 139.634066891965517, 35.420663175301442 ], [ 139.632656641983488, 35.419384634828504 ], [ 139.633222116647318, 35.417632662149721 ], [ 139.635197792323595, 35.4171591767875 ], [ 139.636608089162451, 35.4184376829784 ] ] ] } },
{ "type": "Feature", "properties": { "hex_id": "892f5aa4da7ffff", "population": 1644.4744938515416, "production_score": 0.58284619172997731, "attraction_score": 0.60890493381468114, "demand_score": 0.48470548653322304, "stress_score": 2.3518518518518516, "infra_quality_score": 0.54938271604938271, "gap_score": -0.064677229516159673, "schools_nearby": 28, "stations_nearby": 5, "shops_nearby": 407, "bike_parking_nearby": 5, "bike_parking_capacity_nearby": 26.0, "bike_sharing_nearby": 3, "bike_sharing_capacity_nearby": 80.0, "flat_terrain": 0, "roi_car_trips_per_day": 1151.1321456960793, "roi_congestion_cost_yen_day": 402804.1604219721, "roi_operating_cost_yen_day": 56244.316638710436, "roi_emissions_kg_day": 299.29435788098061, "roi_shifted_trips_per_day": 230.22642913921587, "roi_congestion_savings_yen_day": 80560.832084394424, "roi_operating_savings_yen_day": 11248.863327742087, "roi_emissions_avoided_kg_day": 59.85887157619613, "roi_health_benefit_yen_day": 6906.7928741764763, "roi_parking_spaces_freed": 4.6045285827843179 }, "geometry": { "type": "Polygon", "coordinates": [ [ [ 139.645066284753113, 35.437426988829259 ], [ 139.64450085310034, 35.439179143305623 ], [ 139.642524421870718, 35.439652552537325 ], [ 139.641113518181697, 35.43837382616293 ], [ 139.641678998857998, 35.436621724832555 ], [ 139.643655334202947, 35.436148296730899 ], [ 139.645066284753113, 35.437426988829259 ] ] ] } },
{ "type": "Feature", "properties": { "hex_id": "892f5bd3693ffff", "population": 62.23577374326775, "production_score": 0.022058039727131711, "attraction_score": 0.030084235860409144, "demand_score": 0.21824979645563927, "stress_score": 2.0, "infra_quality_score": 0.66666666666666674, "gap_score": -0.4484168702110275, "schools_nearby": 4, "stations_nearby": 0, "shops_nearby": 13, "bike_parking_nearby": 0, "bike_parking_capacity_nearby": 0.0, "bike_sharing_nearby": 0, "bike_sharing_capacity_nearby": 0.0, "flat_terrain": 1, "roi_car_trips_per_day": 43.565041620287424, "roi_congestion_cost_yen_day": 15244.279363770976, "roi_operating_cost_yen_day": 2128.5879335672435, "roi_emissions_kg_day": 11.32691082127473, "roi_shifted_trips_per_day": 8.7130083240574852, "roi_congestion_savings_yen_day": 3048.8558727541954, "roi_operating_savings_yen_day": 425.71758671344872, "roi_emissions_avoided_kg_day": 2.2653821642549463, "roi_health_benefit_yen_day": 261.39024972172456, "roi_parking_spaces_freed": 0.1742601664811497 }, "geometry": { "type": "Polygon", "coordinates": [ [ [ 139.654390809510772, 35.414174241589734 ], [ 139.653825705283111, 35.415926548466487 ], [ 139.651849714176365, 35.416400407357692 ], [ 139.650438923132668, 35.415121978210792 ], [ 139.651004076381923, 35.413369724479665 ], [ 139.652979971656521, 35.412895846750139 ], [ 139.654390809510772, 35.414174241589734 ] ] ] } },
{ "type": "Feature", "properties": { "hex_id": "892f5bd36d7ffff", "population": 623.84452742027111, "production_score": 0.22110735581364246, "attraction_score": 0.070998796630565589, "demand_score": 0.16439931551763498, "stress_score": 2.2432432432432434, "infra_quality_score": 0.5855855855855856, "gap_score": -0.42118627006795062, "schools_nearby": 9, "stations_nearby": 1, "shops_nearby": 29, "bike_parking_nearby": 1, "bike_parking_capacity_nearby": 4.0, "bike_sharing_nearby": 0, "bike_sharing_capacity_nearby": 0.0, "flat_terrain": 0, "roi_car_trips_per_day": 436.69116919418985, "roi_congestion_cost_yen_day": 152806.97392443093, "roi_operating_cost_yen_day": 21336.730526828116, "roi_emissions_kg_day": 113.53970399048937, "roi_shifted_trips_per_day": 87.338233838837979, "roi_congestion_savings_yen_day": 30561.394784886186, "roi_operating_savings_yen_day": 4267.3461053656238, "roi_emissions_avoided_kg_day": 22.707940798097876, "roi_health_benefit_yen_day": 2620.1470151651392, "roi_parking_spaces_freed": 1.7467646767767597 }, "geometry": { "type": "Polygon", "coordinates": [ [ [ 139.65608252775516, 35.420235752030607 ], [ 139.65551740526837, 35.421988084147017 ], [ 139.653541222472114, 35.422461905361033 ], [ 139.652130258014836, 35.421183413297655 ], [ 139.652695429536323, 35.419431134324164 ], [ 139.654671516483603, 35.418957294271443 ], [ 139.65608252775516, 35.420235752030607 ] ] ] } },
{ "type": "Feature", "properties": { "hex_id": "892f5aa6b0bffff", "population": 512.43760102988722, "production_score": 0.1816217310613262, "attraction_score": 0.048134777376654635, "demand_score": 0.34003016256867791, "stress_score": 3.1923076923076925, "infra_quality_score": 0.26923076923076916, "gap_score": 0.070799393337908745, "schools_nearby": 2, "stations_nearby": 0, "shops_nearby": 34, "bike_parking_nearby": 0, "bike_parking_capacity_nearby": 0.0, "bike_sharing_nearby": 0, "bike_sharing_capacity_nearby": 0.0, "flat_terrain": 1, "roi_car_trips_per_day": 358.7063207209211, "roi_congestion_cost_yen_day": 125518.51574666472, "roi_operating_cost_yen_day": 17526.390830424203, "roi_emissions_kg_day": 93.263643387439487, "roi_shifted_trips_per_day": 71.741264144184228, "roi_congestion_savings_yen_day": 25103.703149332945, "roi_operating_savings_yen_day": 3505.2781660848414, "roi_emissions_avoided_kg_day": 18.6527286774879, "roi_health_benefit_yen_day": 2152.2379243255268, "roi_parking_spaces_freed": 1.4348252828836845 }, "geometry": { "type": "Polygon", "coordinates": [ [ [ 139.672173451705476, 35.43254683307255 ], [ 139.671608498169178, 35.434299415510111 ], [ 139.669631689780573, 35.434773404343886 ], [ 139.668219930824137, 35.43349482955589 ], [ 139.668784933460586, 35.431742300246995 ], [ 139.670761645956446, 35.431268292597721 ], [ 139.672173451705476, 35.43254683307255 ] ] ] } },
{ "type": "Feature", "properties": { "hex_id": "892f5aa682fffff", "population": 278.67531139215492, "production_score": 0.098770059725077311, "attraction_score": 0.01684717208182912, "demand_score": 0.24046603113241724, "stress_score": 2.0, "infra_quality_score": 0.66666666666666674, "gap_score": -0.42620063553424947, "schools_nearby": 3, "stations_nearby": 0, "shops_nearby": 5, "bike_parking_nearby": 0, "bike_parking_capacity_nearby": 0.0, "bike_sharing_nearby": 0, "bike_sharing_capacity_nearby": 0.0, "flat_terrain": 1, "roi_car_trips_per_day": 195.07271797450844, "roi_congestion_cost_yen_day": 68259.845473640002, "roi_operating_cost_yen_day": 9531.2530002344829, "roi_emissions_kg_day": 50.718906673372196, "roi_shifted_trips_per_day": 39.014543594901689, "roi_congestion_savings_yen_day": 13651.969094728, "roi_operating_savings_yen_day": 1906.2506000468966, "roi_emissions_avoided_kg_day": 10.14378133467444, "roi_health_benefit_yen_day": 1170.4363078470506, "roi_parking_spaces_freed": 0.78029087189803381 }, "geometry": { "type": "Polygon", "coordinates": [ [ [ 139.677257024134292, 35.416773172091396 ], [ 139.676692272462816, 35.418525838292894 ], [ 139.674715785965475, 35.419000108098537 ], [ 139.673304146998873, 35.417721730499366 ], [ 139.673868947765385, 35.415969117427181 ], [ 139.675845338406617, 35.415494828825146 ], [ 139.677257024134292, 35.416773172091396 ] ] ] } },
{ "type": "Feature", "properties": { "hex_id": "892f5aa6b4fffff", "population": 163.01992637253622, "production_score": 0.057778666447904026, "attraction_score": 0.010830324909747292, "demand_score": 0.22401314697517793, "stress_score": 2.0, "infra_quality_score": 0.66666666666666674, "gap_score": -0.44265351969148881, "schools_nearby": 0, "stations_nearby": 0, "shops_nearby": 9, "bike_parking_nearby": 0, "bike_parking_capacity_nearby": 0.0, "bike_sharing_nearby": 0, "bike_sharing_capacity_nearby": 0.0, "flat_terrain": 1, "roi_car_trips_per_day": 114.11394846077536, "roi_congestion_cost_yen_day": 39930.75284539452, "roi_operating_cost_yen_day": 5575.607521793484, "roi_emissions_kg_day": 29.669626599801596, "roi_shifted_trips_per_day": 22.822789692155073, "roi_congestion_savings_yen_day": 7986.1505690789036, "roi_operating_savings_yen_day": 1115.1215043586969, "roi_emissions_avoided_kg_day": 5.933925319960319, "roi_health_benefit_yen_day": 684.68369076465217, "roi_parking_spaces_freed": 0.45645579384310148 }, "geometry": { "type": "Polygon", "coordinates": [ [ [ 139.673867407427991, 35.438609185633183 ], [ 139.673302435694723, 35.440361793208417 ], [ 139.67132543549539, 35.440835744410542 ], [ 139.669913502942109, 35.439557106853663 ], [ 139.670478523788745, 35.437804552404415 ], [ 139.672455428078479, 35.437330582386345 ], [ 139.673867407427991, 35.438609185633183 ] ] ] } },
{ "type": "Feature", "properties": { "hex_id": "892f5aa68b7ffff", "population": 0.0, "production_score": 0.0, "attraction_score": 0.0, "demand_score": 0.225, "stress_score": 2.5, "infra_quality_score": 0.5, "gap_score": -0.275, "schools_nearby": 0, "stations_nearby": 0, "shops_nearby": 0, "bike_parking_nearby": 0, "bike_parking_capacity_nearby": 0.0, "bike_sharing_nearby": 0, "bike_sharing_capacity_nearby": 0.0, "flat_terrain": 1, "roi_car_trips_per_day": 0.0, "roi_congestion_cost_yen_day": 0.0, "roi_operating_cost_yen_day": 0.0, "roi_emissions_kg_day": 0.0, "roi_shifted_trips_per_day": 0.0, "roi_congestion_savings_yen_day": 0.0, "roi_operating_savings_yen_day": 0.0, "roi_emissions_avoided_kg_day": 0.0, "roi_health_benefit_yen_day": 0.0, "roi_parking_spaces_freed": 0.0 }, "geometry": { "type": "Polygon", "coordinates": [ [ [ 139.683185882800558, 35.404029685764115 ], [ 139.682621323823639, 35.405782448102457 ], [ 139.680645063316774, 35.406256979954449 ], [ 139.679233457618039, 35.40497876824584 ], [ 139.6797980656915, 35.403226059036008 ], [ 139.681774230370337, 35.402751508406567 ], [ 139.683185882800558, 35.404029685764115 ] ] ] } },
{ "type": "Feature", "properties": { "hex_id": "892f5aa6b93ffff", "population": 125.3651643647252, "production_score": 0.04443280142001349, "attraction_score": 0.026474127557160047, "demand_score": 0.22481742514201072, "stress_score": 2.0, "infra_quality_score": 0.66666666666666674, "gap_score": -0.44184924152465599, "schools_nearby": 4, "stations_nearby": 0, "shops_nearby": 10, "bike_parking_nearby": 0, "bike_parking_capacity_nearby": 0.0, "bike_sharing_nearby": 0, "bike_sharing_capacity_nearby": 0.0, "flat_terrain": 1, "roi_car_trips_per_day": 87.755615055307644, "roi_congestion_cost_yen_day": 30707.44482015325, "roi_operating_cost_yen_day": 4287.7393516023312, "roi_emissions_kg_day": 22.816459914379987, "roi_shifted_trips_per_day": 17.551123011061531, "roi_congestion_savings_yen_day": 6141.488964030651, "roi_operating_savings_yen_day": 857.54787032046636, "roi_emissions_avoided_kg_day": 4.5632919828759979, "roi_health_benefit_yen_day": 526.53369033184595, "roi_parking_spaces_freed": 0.35102246022123063 }, "geometry": { "type": "Polygon", "coordinates": [ [ [ 139.678104044963533, 35.419804212981035 ], [ 139.677539284207057, 35.421556891806475 ], [ 139.675562701845138, 35.422031142815527 ], [ 139.67415097610737, 35.420752733796043 ], [ 139.674715785965475, 35.419000108098537 ], [ 139.676692272462816, 35.418525838292894 ], [ 139.678104044963533, 35.419804212981035 ] ] ] } },
{ "type": "Feature", "properties": { "hex_id": "892f5aa4987ffff", "population": 732.38244539800621, "production_score": 0.25957612646843048, "attraction_score": 0.54392298435619735, "demand_score": 0.49644208009296759, "stress_score": 2.3043478260869565, "infra_quality_score": 0.56521739130434789, "gap_score": -0.068775311211380308, "schools_nearby": 2, "stations_nearby": 7, "shops_nearby": 425, "bike_parking_nearby": 0, "bike_parking_capacity_nearby": 0.0, "bike_sharing_nearby": 7, "bike_sharing_capacity_nearby": 1081.0, "flat_terrain": 1, "roi_car_trips_per_day": 512.66771177860437, "roi_congestion_cost_yen_day": 179392.68570556925, "roi_operating_cost_yen_day": 25048.944397502608, "roi_emissions_kg_day": 133.29360506243714, "roi_shifted_trips_per_day": 102.53354235572088, "roi_congestion_savings_yen_day": 35878.537141113855, "roi_operating_savings_yen_day": 5009.7888795005219, "roi_emissions_avoided_kg_day": 26.65872101248743, "roi_health_benefit_yen_day": 3076.0062706716267, "roi_parking_spaces_freed": 2.0506708471144175 }, "geometry": { "type": "Polygon", "coordinates": [ [ [ 139.636588864560451, 35.452390299983897 ], [ 139.636023181813016, 35.454142317052955 ], [ 139.634046513532752, 35.454615388981416 ], [ 139.632635623919612, 35.453336462736132 ], [ 139.63320135568415, 35.451584498814917 ], [ 139.635177928047909, 35.451111407991441 ], [ 139.636588864560451, 35.452390299983897 ] ] ] } },
{ "type": "Feature", "properties": { "hex_id": "892f5aa6bd7ffff", "population": 8.4293083793767778, "production_score": 0.0029875746362782274, "attraction_score": 0.013237063778580024, "demand_score": 0.20567862344520038, "stress_score": 2.0, "infra_quality_score": 0.66666666666666674, "gap_score": -0.46098804322146636, "schools_nearby": 2, "stations_nearby": 0, "shops_nearby": 5, "bike_parking_nearby": 0, "bike_parking_capacity_nearby": 0.0, "bike_sharing_nearby": 0, "bike_sharing_capacity_nearby": 0.0, "flat_terrain": 1, "roi_car_trips_per_day": 5.9005158655637437, "roi_congestion_cost_yen_day": 2064.7085116780654, "roi_operating_cost_yen_day": 288.29920519144451, "roi_emissions_kg_day": 1.5341341250465734, "roi_shifted_trips_per_day": 1.1801031731127487, "roi_congestion_savings_yen_day": 412.94170233561306, "roi_operating_savings_yen_day": 57.659841038288903, "roi_emissions_avoided_kg_day": 0.30682682500931469, "roi_health_benefit_yen_day": 35.403095193382462, "roi_parking_spaces_freed": 0.023602063462254973 }, "geometry": { "type": "Polygon", "coordinates": [ [ [ 139.679798319724341, 35.425866426853069 ], [ 139.679233540800766, 35.427619130899068 ], [ 139.677256766684508, 35.428093344314327 ], [ 139.675844867376355, 35.426814872480911 ], [ 139.676409695414691, 35.425062221560125 ], [ 139.678386373649602, 35.424587989347877 ], [ 139.679798319724341, 35.425866426853069 ] ] ] } },
{ "type": "Feature", "properties": { "hex_id": "892f5aa4ca7ffff", "population": 0.0, "production_score": 0.0, "attraction_score": 0.018050541516245487, "demand_score": 0.20631768953068591, "stress_score": 2.0, "infra_quality_score": 0.66666666666666674, "gap_score": -0.46034897713598083, "schools_nearby": 0, "stations_nearby": 0, "shops_nearby": 15, "bike_parking_nearby": 0, "bike_parking_capacity_nearby": 0.0, "bike_sharing_nearby": 0, "bike_sharing_capacity_nearby": 0.0, "flat_terrain": 1, "roi_car_trips_per_day": 0.0, "roi_congestion_cost_yen_day": 0.0, "roi_operating_cost_yen_day": 0.0, "roi_emissions_kg_day": 0.0, "roi_shifted_trips_per_day": 0.0, "roi_congestion_savings_yen_day": 0.0, "roi_operating_savings_yen_day": 0.0, "roi_emissions_avoided_kg_day": 0.0, "roi_health_benefit_yen_day": 0.0, "roi_parking_spaces_freed": 0.0 }, "geometry": { "type": "Polygon", "coordinates": [ [ [ 139.668783393929942, 35.443062187737837 ], [ 139.66821830576194, 35.444814714165283 ], [ 139.666241282738753, 35.44528851560225 ], [ 139.664829443803882, 35.444009809440296 ], [ 139.665394581075475, 35.442257336141132 ], [ 139.66737150818156, 35.441783515875919 ], [ 139.668783393929942, 35.443062187737837 ] ] ] } },
{ "type": "Feature", "properties": { "hex_id": "892f5aa4d2fffff", "population": 1027.0437588638245, "production_score": 0.36401205724499475, "attraction_score": 0.79181708784596871, "demand_score": 0.67329020078183721, "stress_score": 3.375, "infra_quality_score": 0.20833333333333337, "gap_score": 0.46495686744850384, "schools_nearby": 7, "stations_nearby": 8, "shops_nearby": 613, "bike_parking_nearby": 0, "bike_parking_capacity_nearby": 0.0, "bike_sharing_nearby": 8, "bike_sharing_capacity_nearby": 1046.0, "flat_terrain": 1, "roi_car_trips_per_day": 718.93063120467707, "roi_congestion_cost_yen_day": 251568.20647114061, "roi_operating_cost_yen_day": 35126.950640660521, "roi_emissions_kg_day": 186.92196411321603, "roi_shifted_trips_per_day": 143.78612624093543, "roi_congestion_savings_yen_day": 50313.641294228131, "roi_operating_savings_yen_day": 7025.390128132105, "roi_emissions_avoided_kg_day": 37.384392822643214, "roi_health_benefit_yen_day": 4313.5837872280626, "roi_parking_spaces_freed": 2.8757225248187086 }, "geometry": { "type": "Polygon", "coordinates": [ [ [ 139.641673358108619, 35.447939775399583 ], [ 139.641107791756156, 35.449691873734771 ], [ 139.639131146088118, 35.450165095452356 ], [ 139.637720162684758, 35.44888623771773 ], [ 139.638285778064102, 35.44713419252809 ], [ 139.640262327823109, 35.446660951927825 ], [ 139.641673358108619, 35.447939775399583 ] ] ] } },
{ "type": "Feature", "properties": { "hex_id": "892f5bd361bffff", "population": 1175.8026528732312, "production_score": 0.41673622851278785, "attraction_score": 0.11311672683513839, "demand_score": 0.23196016227875091, "stress_score": 1.930232558139535, "infra_quality_score": 0.68992248062015493, "gap_score": -0.457962318341404, "schools_nearby": 12, "stations_nearby": 1, "shops_nearby": 55, "bike_parking_nearby": 0, "bike_parking_capacity_nearby": 0.0, "bike_sharing_nearby": 2, "bike_sharing_capacity_nearby": 1005.0, "flat_terrain": 0, "roi_car_trips_per_day": 823.06185701126196, "roi_congestion_cost_yen_day": 288005.80500538083, "roi_operating_cost_yen_day": 40214.80233357026, "roi_emissions_kg_day": 213.99608282292812, "roi_shifted_trips_per_day": 164.61237140225239, "roi_congestion_savings_yen_day": 57601.161001076158, "roi_operating_savings_yen_day": 8042.960466714052, "roi_emissions_avoided_kg_day": 42.79921656458562, "roi_health_benefit_yen_day": 4938.3711420675718, "roi_parking_spaces_freed": 3.292247428045048 }, "geometry": { "type": "Polygon", "coordinates": [ [ [ 139.650999847669397, 35.424687943315341 ], [ 139.650434608843028, 35.426440194352111 ], [ 139.648458403354084, 35.426913865880756 ], [ 139.64704753255117, 35.425635305223999 ], [ 139.647612820402543, 35.423883107332472 ], [ 139.649588930034952, 35.423409416952786 ], [ 139.650999847669397, 35.424687943315341 ] ] ] } },
{ "type": "Feature", "properties": { "hex_id": "892f5aa69c7ffff", "population": 12.035918470275417, "production_score": 0.0042658546974130339, "attraction_score": 0.0048134777376654635, "demand_score": 0.20317776635227747, "stress_score": 2.0, "infra_quality_score": 0.66666666666666674, "gap_score": -0.46348890031438927, "schools_nearby": 1, "stations_nearby": 0, "shops_nearby": 1, "bike_parking_nearby": 0, "bike_parking_capacity_nearby": 0.0, "bike_sharing_nearby": 0, "bike_sharing_capacity_nearby": 0.0, "flat_terrain": 1, "roi_car_trips_per_day": 8.4251429291927931, "roi_congestion_cost_yen_day": 2948.1260137831423, "roi_operating_cost_yen_day": 411.65248352035985, "roi_emissions_kg_day": 2.1905371615901261, "roi_shifted_trips_per_day": 1.6850285858385587, "roi_congestion_savings_yen_day": 589.62520275662848, "roi_operating_savings_yen_day": 82.330496704071976, "roi_emissions_avoided_kg_day": 0.43810743231802529, "roi_health_benefit_yen_day": 50.550857575156762, "roi_parking_spaces_freed": 0.033700571716771176 }, "geometry": { "type": "Polygon", "coordinates": [ [ [ 139.671328899139496, 35.406876409866896 ], [ 139.67076412565342, 35.408628985008534 ], [ 139.66878801112469, 35.409103255185052 ], [ 139.667376765911513, 35.407824969021917 ], [ 139.667941588461531, 35.406072447016214 ], [ 139.669917607163939, 35.405598158037989 ], [ 139.671328899139496, 35.406876409866896 ] ] ] } },
{ "type": "Feature", "properties": { "hex_id": "892f5aa4d73ffff", "population": 141.81787571631568, "production_score": 0.050264086849346988, "attraction_score": 0.26353790613718414, "demand_score": 0.25983069754528587, "stress_score": 4.0, "infra_quality_score": 0.0, "gap_score": 0.25983069754528587, "schools_nearby": 0, "stations_nearby": 2, "shops_nearby": 213, "bike_parking_nearby": 0, "bike_parking_capacity_nearby": 0.0, "bike_sharing_nearby": 0, "bike_sharing_capacity_nearby": 0.0, "flat_terrain": 0, "roi_car_trips_per_day": 99.272513001420975, "roi_congestion_cost_yen_day": 34737.437749457233, "roi_operating_cost_yen_day": 4850.4549852494292, "roi_emissions_kg_day": 25.810853380369455, "roi_shifted_trips_per_day": 19.854502600284196, "roi_congestion_savings_yen_day": 6947.4875498914462, "roi_operating_savings_yen_day": 970.0909970498858, "roi_emissions_avoided_kg_day": 5.1621706760738908, "roi_health_benefit_yen_day": 595.63507800852585, "roi_parking_spaces_freed": 0.39709005200568392 }, "geometry": { "type": "Polygon", "coordinates": [ [ [ 139.651837407513113, 35.450356170703316 ], [ 139.651271988309873, 35.452108428460029 ], [ 139.649295088875959, 35.452581818238258 ], [ 139.647883704571314, 35.45130296912491 ], [ 139.648449172835711, 35.449550764506178 ], [ 139.650425976346725, 35.449077355863118 ], [ 139.651837407513113, 35.450356170703316 ] ] ] } },
{ "type": "Feature", "properties": { "hex_id": "892f5bd36a3ffff", "population": 838.61216433737957, "production_score": 0.29722680902012294, "attraction_score": 0.025270758122743681, "demand_score": 0.31912414850000326, "stress_score": 2.125, "infra_quality_score": 0.625, "gap_score": -0.30587585149999674, "schools_nearby": 5, "stations_nearby": 0, "shops_nearby": 6, "bike_parking_nearby": 0, "bike_parking_capacity_nearby": 0.0, "bike_sharing_nearby": 0, "bike_sharing_capacity_nearby": 0.0, "flat_terrain": 1, "roi_car_trips_per_day": 587.02851503616569, "roi_congestion_cost_yen_day": 205413.01798145511, "roi_operating_cost_yen_day": 28682.213244667055, "roi_emissions_kg_day": 152.62741390940309, "roi_shifted_trips_per_day": 117.40570300723314, "roi_congestion_savings_yen_day": 41082.603596291025, "roi_operating_savings_yen_day": 5736.442648933411, "roi_emissions_avoided_kg_day": 30.525482781880619, "roi_health_benefit_yen_day": 3522.1710902169943, "roi_parking_spaces_freed": 2.3481140601446628 }, "geometry": { "type": "Polygon", "coordinates": [ [ [ 139.64253544303142, 35.417016928238731 ], [ 139.641970124474369, 35.418769047768357 ], [ 139.639994279730018, 35.419242645048307 ], [ 139.638583849376261, 35.417964141661429 ], [ 139.639149216922362, 35.41621207528479 ], [ 139.641124965836298, 35.415738459142347 ], [ 139.64253544303142, 35.417016928238731 ] ] ] } },
{ "type": "Feature", "properties": { "hex_id": "892f5aa4db7ffff", "population": 1644.5434159737047, "production_score": 0.58287061959223896, "attraction_score": 0.53309265944645001, "demand_score": 0.45535987493626839, "stress_score": 2.2954545454545454, "infra_quality_score": 0.56818181818181812, "gap_score": -0.11282194324554973, "schools_nearby": 28, "stations_nearby": 3, "shops_nearby": 350, "bike_parking_nearby": 1, "bike_parking_capacity_nearby": 7.0, "bike_sharing_nearby": 1, "bike_sharing_capacity_nearby": 5.0, "flat_terrain": 0, "roi_car_trips_per_day": 1151.1803911815934, "roi_congestion_cost_yen_day": 402821.04248226318, "roi_operating_cost_yen_day": 56246.673913132654, "roi_emissions_kg_day": 299.30690170721431, "roi_shifted_trips_per_day": 230.23607823631869, "roi_congestion_savings_yen_day": 80564.208496452644, "roi_operating_savings_yen_day": 11249.334782626531, "roi_emissions_avoided_kg_day": 59.86138034144286, "roi_health_benefit_yen_day": 6907.0823470895612, "roi_parking_spaces_freed": 4.6047215647263737 }, "geometry": { "type": "Polygon", "coordinates": [ [ [ 139.647608078125643, 35.435201309666127 ], [ 139.647042704656485, 35.436953504728926 ], [ 139.645066284753113, 35.437426988829259 ], [ 139.643655334202947, 35.436148296730899 ], [ 139.644220756700491, 35.434396154812887 ], [ 139.646197080722999, 35.433922651848768 ], [ 139.647608078125643, 35.435201309666127 ] ] ] } },
{ "type": "Feature", "properties": { "hex_id": "892f5aa6d6fffff", "population": 0.0, "production_score": 0.0, "attraction_score": 0.0, "demand_score": 0.2, "stress_score": 2.0, "infra_quality_score": 0.66666666666666674, "gap_score": -0.46666666666666679, "schools_nearby": 0, "stations_nearby": 0, "shops_nearby": 0, "bike_parking_nearby": 0, "bike_parking_capacity_nearby": 0.0, "bike_sharing_nearby": 0, "bike_sharing_capacity_nearby": 0.0, "flat_terrain": 1, "roi_car_trips_per_day": 0.0, "roi_congestion_cost_yen_day": 0.0, "roi_operating_cost_yen_day": 0.0, "roi_emissions_kg_day": 0.0, "roi_shifted_trips_per_day": 0.0, "roi_congestion_savings_yen_day": 0.0, "roi_operating_savings_yen_day": 0.0, "roi_emissions_avoided_kg_day": 0.0, "roi_health_benefit_yen_day": 0.0, "roi_parking_spaces_freed": 0.0 }, "geometry": { "type": "Polygon", "coordinates": [ [ [ 139.676410466452893, 35.402422373384141 ], [ 139.675845809294344, 35.40417502946292 ], [ 139.673869717584608, 35.40464944926233 ], [ 139.672458378855282, 35.403371231772638 ], [ 139.673023085087408, 35.401618628827464 ], [ 139.674999080978409, 35.401144190238675 ], [ 139.676410466452893, 35.402422373384141 ] ] ] } },
{ "type": "Feature", "properties": { "hex_id": "892f5bd344fffff", "population": 5.9741758331352166, "production_score": 0.0021174093280783182, "attraction_score": 0.0096269554753309269, "demand_score": 0.20411052768119323, "stress_score": 2.0, "infra_quality_score": 0.66666666666666674, "gap_score": -0.46255613898547354, "schools_nearby": 1, "stations_nearby": 0, "shops_nearby": 5, "bike_parking_nearby": 0, "bike_parking_capacity_nearby": 0.0, "bike_sharing_nearby": 0, "bike_sharing_capacity_nearby": 0.0, "flat_terrain": 1, "roi_car_trips_per_day": 4.1819230831946514, "roi_congestion_cost_yen_day": 1463.3385252714725, "roi_operating_cost_yen_day": 204.32876184489066, "roi_emissions_kg_day": 1.0873000016306094, "roi_shifted_trips_per_day": 0.83638461663893038, "roi_congestion_savings_yen_day": 292.66770505429452, "roi_operating_savings_yen_day": 40.865752368978136, "roi_emissions_avoided_kg_day": 0.21746000032612189, "roi_health_benefit_yen_day": 25.09153849916791, "roi_parking_spaces_freed": 0.016727692332778609 }, "geometry": { "type": "Polygon", "coordinates": [ [ [ 139.644231264102388, 35.41176051383713 ], [ 139.643666012844221, 35.413512661269401 ], [ 139.641690275238034, 35.413986352233437 ], [ 139.640279884711447, 35.41270791462167 ], [ 139.640845184956902, 35.410955820342593 ], [ 139.642820826744867, 35.410482110522409 ], [ 139.644231264102388, 35.41176051383713 ] ] ] } },
{ "type": "Feature", "properties": { "hex_id": "892f5aa6b1bffff", "population": 728.77083412902789, "production_score": 0.25829607385466025, "attraction_score": 0.046931407942238268, "demand_score": 0.33495461862891446, "stress_score": 2.5625, "infra_quality_score": 0.47916666666666663, "gap_score": -0.14421204803775217, "schools_nearby": 3, "stations_nearby": 0, "shops_nearby": 30, "bike_parking_nearby": 0, "bike_parking_capacity_nearby": 0.0, "bike_sharing_nearby": 0, "bike_sharing_capacity_nearby": 0.0, "flat_terrain": 1, "roi_car_trips_per_day": 510.13958389031956, "roi_congestion_cost_yen_day": 178508.04319490062, "roi_operating_cost_yen_day": 24925.420068881012, "roi_emissions_kg_day": 132.63629181148309, "roi_shifted_trips_per_day": 102.02791677806391, "roi_congestion_savings_yen_day": 35701.608638980128, "roi_operating_savings_yen_day": 4985.0840137762025, "roi_emissions_avoided_kg_day": 26.527258362296617, "roi_health_benefit_yen_day": 3060.8375033419175, "roi_parking_spaces_freed": 2.0405583355612782 }, "geometry": { "type": "Polygon", "coordinates": [ [ [ 139.674715144009127, 35.43032014639175 ], [ 139.674150248677819, 35.432072769374379 ], [ 139.672173451705476, 35.43254683307255 ], [ 139.670761645956446, 35.431268292597721 ], [ 139.671326590392795, 35.429515722742643 ], [ 139.673303291476259, 35.429041640235134 ], [ 139.674715144009127, 35.43032014639175 ] ] ] } },
{ "type": "Feature", "properties": { "hex_id": "892f5aa6883ffff", "population": 0.0, "production_score": 0.0, "attraction_score": 0.0, "demand_score": null, "stress_score": 2.0, "infra_quality_score": 0.66666666666666674, "gap_score": null, "schools_nearby": 0, "stations_nearby": 0, "shops_nearby": 0, "bike_parking_nearby": 0, "bike_parking_capacity_nearby": 0.0, "bike_sharing_nearby": 0, "bike_sharing_capacity_nearby": 0.0, "flat_terrain": null, "roi_car_trips_per_day": 0.0, "roi_congestion_cost_yen_day": 0.0, "roi_operating_cost_yen_day": 0.0, "roi_emissions_kg_day": 0.0, "roi_shifted_trips_per_day": 0.0, "roi_congestion_savings_yen_day": 0.0, "roi_operating_savings_yen_day": 0.0, "roi_emissions_avoided_kg_day": 0.0, "roi_health_benefit_yen_day": 0.0, "roi_parking_spaces_freed": 0.0 }, "geometry": { "type": "Polygon", "coordinates": [ [ [ 139.693350641323974, 35.406440212216125 ], [ 139.692786229705092, 35.408193133924868 ], [ 139.690809716055526, 35.408667833917328 ], [ 139.689397709869837, 35.407389630960935 ], [ 139.689962170619509, 35.405636762373128 ], [ 139.691938588427206, 35.405162043621104 ], [ 139.693350641323974, 35.406440212216125 ] ] ] } },
{ "type": "Feature", "properties": { "hex_id": "892f5aa6ba3ffff", "population": 901.709549079353, "production_score": 0.31959022696456718, "attraction_score": 0.11432009626955475, "demand_score": 0.22353527979860932, "stress_score": 2.4333333333333331, "infra_quality_score": 0.52222222222222237, "gap_score": -0.29868694242361304, "schools_nearby": 11, "stations_nearby": 0, "shops_nearby": 62, "bike_parking_nearby": 0, "bike_parking_capacity_nearby": 0.0, "bike_sharing_nearby": 0, "bike_sharing_capacity_nearby": 0.0, "flat_terrain": 0, "roi_car_trips_per_day": 631.19668435554718, "roi_congestion_cost_yen_day": 220868.34378969308, "roi_operating_cost_yen_day": 30840.269997612035, "roi_emissions_kg_day": 164.11113793244226, "roi_shifted_trips_per_day": 126.23933687110944, "roi_congestion_savings_yen_day": 44173.66875793862, "roi_operating_savings_yen_day": 6168.0539995224071, "roi_emissions_avoided_kg_day": 32.822227586488459, "roi_health_benefit_yen_day": 3787.1801061332835, "roi_parking_spaces_freed": 2.5247867374221888 }, "geometry": { "type": "Polygon", "coordinates": [ [ [ 139.666245130526505, 35.422649251918315 ], [ 139.665680155212442, 35.4244017434483 ], [ 139.663703718951098, 35.424875732699213 ], [ 139.662292353869788, 35.423597249241311 ], [ 139.66285737825288, 35.421844810846679 ], [ 139.66483371865138, 35.421370802774902 ], [ 139.666245130526505, 35.422649251918315 ] ] ] } },
{ "type": "Feature", "properties": { "hex_id": "892f5aa4997ffff", "population": 677.57211049518696, "production_score": 0.24014986289000803, "attraction_score": 0.64741275571600476, "demand_score": 0.55715854441908119, "stress_score": 2.9302325581395348, "infra_quality_score": 0.35658914728682178, "gap_score": 0.20056939713225941, "schools_nearby": 3, "stations_nearby": 7, "shops_nearby": 508, "bike_parking_nearby": 0, "bike_parking_capacity_nearby": 0.0, "bike_sharing_nearby": 5, "bike_sharing_capacity_nearby": 1061.0, "flat_terrain": 1, "roi_car_trips_per_day": 474.30047734663094, "roi_congestion_cost_yen_day": 165967.22303313311, "roi_operating_cost_yen_day": 23174.321323156386, "roi_emissions_kg_day": 123.31812411012405, "roi_shifted_trips_per_day": 94.860095469326197, "roi_congestion_savings_yen_day": 33193.444606626625, "roi_operating_savings_yen_day": 4634.8642646312783, "roi_emissions_avoided_kg_day": 24.663624822024811, "roi_health_benefit_yen_day": 2845.8028640797861, "roi_parking_spaces_freed": 1.897201909386524 }, "geometry": { "type": "Polygon", "coordinates": [ [ [ 139.639131146088118, 35.450165095452356 ], [ 139.638565521538567, 35.451917153158931 ], [ 139.636588864560451, 35.452390299983897 ], [ 139.635177928047909, 35.451111407991441 ], [ 139.635743601619424, 35.449359403431565 ], [ 139.637720162684758, 35.44888623771773 ], [ 139.639131146088118, 35.450165095452356 ] ] ] } },
{ "type": "Feature", "properties": { "hex_id": "892f5aa690bffff", "population": 82.026628605477157, "production_score": 0.029072453408005017, "attraction_score": 0.019253910950661854, "demand_score": 0.24691422752553338, "stress_score": 2.6, "infra_quality_score": 0.46666666666666667, "gap_score": -0.21975243914113329, "schools_nearby": 2, "stations_nearby": 0, "shops_nearby": 10, "bike_parking_nearby": 0, "bike_parking_capacity_nearby": 0.0, "bike_sharing_nearby": 0, "bike_sharing_capacity_nearby": 0.0, "flat_terrain": 1, "roi_car_trips_per_day": 57.418640023834016, "roi_congestion_cost_yen_day": 20091.930517140001, "roi_operating_cost_yen_day": 2805.4747515645299, "roi_emissions_kg_day": 14.928846406196845, "roi_shifted_trips_per_day": 11.483728004766803, "roi_congestion_savings_yen_day": 4018.3861034279998, "roi_operating_savings_yen_day": 561.09495031290601, "roi_emissions_avoided_kg_day": 2.985769281239369, "roi_health_benefit_yen_day": 344.51184014300406, "roi_parking_spaces_freed": 0.22967456009533607 }, "geometry": { "type": "Polygon", "coordinates": [ [ [ 139.66624705354738, 35.411329985203928 ], [ 139.665682163730736, 35.413082479372768 ], [ 139.663706026414587, 35.413556599910734 ], [ 139.662294874752121, 35.412278245094178 ], [ 139.662859813622987, 35.410525804063589 ], [ 139.664835855105224, 35.41005166471156 ], [ 139.66624705354738, 35.411329985203928 ] ] ] } },
{ "type": "Feature", "properties": { "hex_id": "892f5bd32c7ffff", "population": 2821.4553293562544, "production_score": 1.0, "attraction_score": 0.66185318892900125, "demand_score": 0.8201101545866889, "stress_score": 2.7692307692307692, "infra_quality_score": 0.41025641025641024, "gap_score": 0.40985374433027866, "schools_nearby": 14, "stations_nearby": 7, "shops_nearby": 487, "bike_parking_nearby": 0, "bike_parking_capacity_nearby": 0.0, "bike_sharing_nearby": 13, "bike_sharing_capacity_nearby": 106.0, "flat_terrain": 1, "roi_car_trips_per_day": 1975.0187305493782, "roi_congestion_cost_yen_day": 691098.5541938385, "roi_operating_cost_yen_day": 96499.415174642621, "roi_emissions_kg_day": 513.50486994283835, "roi_shifted_trips_per_day": 395.00374610987569, "roi_congestion_savings_yen_day": 138219.7108387677, "roi_operating_savings_yen_day": 19299.883034928527, "roi_emissions_avoided_kg_day": 102.70097398856768, "roi_health_benefit_yen_day": 11850.112383296271, "roi_parking_spaces_freed": 7.9000749221975139 }, "geometry": { "type": "Polygon", "coordinates": [ [ [ 139.635750139339535, 35.43804174742651 ], [ 139.635184551476584, 35.439793755010726 ], [ 139.633208278099062, 35.440266977389896 ], [ 139.631797688466804, 35.43898821107318 ], [ 139.632363325325514, 35.437236256641114 ], [ 139.634339502823906, 35.43676301537392 ], [ 139.635750139339535, 35.43804174742651 ] ] ] } },
{ "type": "Feature", "properties": { "hex_id": "892f5aa4cb7ffff", "population": 103.86163182812965, "production_score": 0.036811368497486299, "attraction_score": 0.01444043321299639, "demand_score": 0.21793813059866893, "stress_score": 2.0, "infra_quality_score": 0.66666666666666674, "gap_score": -0.44872853606799779, "schools_nearby": 0, "stations_nearby": 0, "shops_nearby": 12, "bike_parking_nearby": 0, "bike_parking_capacity_nearby": 0.0, "bike_sharing_nearby": 0, "bike_sharing_capacity_nearby": 0.0, "flat_terrain": 1, "roi_car_trips_per_day": 72.703142279690752, "roi_congestion_cost_yen_day": 25440.283546509389, "roi_operating_cost_yen_day": 3552.27553178569, "roi_emissions_kg_day": 18.902816992719597, "roi_shifted_trips_per_day": 14.540628455938151, "roi_congestion_savings_yen_day": 5088.0567093018781, "roi_operating_savings_yen_day": 710.45510635713811, "roi_emissions_avoided_kg_day": 3.7805633985439195, "roi_health_benefit_yen_day": 436.21885367814451, "roi_parking_spaces_freed": 0.29081256911876302 }, "geometry": { "type": "Polygon", "coordinates": [ [ [ 139.67132543549539, 35.440835744410542 ], [ 139.67076040554511, 35.44258831141633 ], [ 139.668783393929942, 35.443062187737837 ], [ 139.66737150818156, 35.441783515875919 ], [ 139.667936587240263, 35.440031001997241 ], [ 139.669913502942109, 35.439557106853663 ], [ 139.67132543549539, 35.440835744410542 ] ] ] } },
{ "type": "Feature", "properties": { "hex_id": "892f5aa694fffff", "population": 835.30011377683013, "production_score": 0.29605292881507816, "attraction_score": 0.075812274368231042, "demand_score": 0.18515282111415821, "stress_score": 2.1, "infra_quality_score": 0.6333333333333333, "gap_score": -0.4481805122191751, "schools_nearby": 6, "stations_nearby": 0, "shops_nearby": 45, "bike_parking_nearby": 0, "bike_parking_capacity_nearby": 0.0, "bike_sharing_nearby": 0, "bike_sharing_capacity_nearby": 0.0, "flat_terrain": 0, "roi_car_trips_per_day": 584.710079643781, "roi_congestion_cost_yen_day": 204601.75106895185, "roi_operating_cost_yen_day": 28568.934491395139, "roi_emissions_kg_day": 152.02462070738306, "roi_shifted_trips_per_day": 116.94201592875621, "roi_congestion_savings_yen_day": 40920.350213790371, "roi_operating_savings_yen_day": 5713.7868982790278, "roi_emissions_avoided_kg_day": 30.404924141476613, "roi_health_benefit_yen_day": 3508.260477862686, "roi_parking_spaces_freed": 2.3388403185751243 }, "geometry": { "type": "Polygon", "coordinates": [ [ [ 139.667939921892156, 35.41739172151285 ], [ 139.667375013865126, 35.419144240946871 ], [ 139.665398684856058, 35.41961832385612 ], [ 139.663987359727798, 35.418339906146073 ], [ 139.664552316822181, 35.416587439847575 ], [ 139.666528549980569, 35.416113338123871 ], [ 139.667939921892156, 35.41739172151285 ] ] ] } },
{ "type": "Feature", "properties": { "hex_id": "892f5bd362bffff", "population": 1096.3872148563878, "production_score": 0.38858925159964891, "attraction_score": 0.086642599277978335, "demand_score": 0.2163311478071695, "stress_score": 2.0, "infra_quality_score": 0.66666666666666674, "gap_score": -0.45033551885949724, "schools_nearby": 12, "stations_nearby": 1, "shops_nearby": 33, "bike_parking_nearby": 0, "bike_parking_capacity_nearby": 0.0, "bike_sharing_nearby": 1, "bike_sharing_capacity_nearby": 20.0, "flat_terrain": 0, "roi_car_trips_per_day": 767.47105039947144, "roi_congestion_cost_yen_day": 268553.46995578305, "roi_operating_cost_yen_day": 37498.635522518176, "roi_emissions_kg_day": 199.54247310386259, "roi_shifted_trips_per_day": 153.49421007989429, "roi_congestion_savings_yen_day": 53710.693991156615, "roi_operating_savings_yen_day": 7499.727104503635, "roi_emissions_avoided_kg_day": 39.908494620772515, "roi_health_benefit_yen_day": 4604.8263023968284, "roi_parking_spaces_freed": 3.069884201597886 }, "geometry": { "type": "Polygon", "coordinates": [ [ [ 139.639143195133272, 35.427529505717239 ], [ 139.63857774194534, 35.429281569341136 ], [ 139.636601682900533, 35.429754979203544 ], [ 139.635191172901528, 35.428476344317644 ], [ 139.635756675081865, 35.426724333846344 ], [ 139.637732638271899, 35.426250905108652 ], [ 139.639143195133272, 35.427529505717239 ] ] ] } },
{ "type": "Feature", "properties": { "hex_id": "892f5bd366fffff", "population": 1656.6442829319155, "production_score": 0.58715949378858212, "attraction_score": 0.28880866425992779, "demand_score": 0.35840703713516026, "stress_score": 2.0363636363636362, "infra_quality_score": 0.65454545454545454, "gap_score": -0.29613841741029429, "schools_nearby": 20, "stations_nearby": 3, "shops_nearby": 171, "bike_parking_nearby": 0, "bike_parking_capacity_nearby": 0.0, "bike_sharing_nearby": 0, "bike_sharing_capacity_nearby": 0.0, "flat_terrain": 0, "roi_car_trips_per_day": 1159.650998052341, "roi_congestion_cost_yen_day": 405785.07723847521, "roi_operating_cost_yen_day": 56660.547764837385, "roi_emissions_kg_day": 301.50925949360868, "roi_shifted_trips_per_day": 231.93019961046821, "roi_congestion_savings_yen_day": 81157.015447695041, "roi_operating_savings_yen_day": 11332.109552967477, "roi_emissions_avoided_kg_day": 60.301851898721736, "roi_health_benefit_yen_day": 6957.9059883140462, "roi_parking_spaces_freed": 4.6386039922093643 }, "geometry": { "type": "Polygon", "coordinates": [ [ [ 139.640833653404371, 35.433590941115625 ], [ 139.640268181889923, 35.435343029886269 ], [ 139.638291931110359, 35.435816401997478 ], [ 139.636881247719998, 35.434537704214044 ], [ 139.637446768239926, 35.43278566859324 ], [ 139.639422923147919, 35.432312277606329 ], [ 139.640833653404371, 35.433590941115625 ] ] ] } },
{ "type": "Feature", "properties": { "hex_id": "892f5aa4d83ffff", "population": 981.40501200208303, "production_score": 0.347836452270184, "attraction_score": 0.30926594464500601, "demand_score": 0.28415250558698318, "stress_score": 2.0833333333333335, "infra_quality_score": 0.63888888888888884, "gap_score": -0.35473638330190566, "schools_nearby": 16, "stations_nearby": 1, "shops_nearby": 206, "bike_parking_nearby": 0, "bike_parking_capacity_nearby": 0.0, "bike_sharing_nearby": 0, "bike_sharing_capacity_nearby": 0.0, "flat_terrain": 0, "roi_car_trips_per_day": 686.98350840145815, "roi_congestion_cost_yen_day": 240389.26925983824, "roi_operating_cost_yen_day": 33566.014220495243, "roi_emissions_kg_day": 178.61571218437913, "roi_shifted_trips_per_day": 137.39670168029164, "roi_congestion_savings_yen_day": 48077.853851967651, "roi_operating_savings_yen_day": 6713.2028440990498, "roi_emissions_avoided_kg_day": 35.723142436875825, "roi_health_benefit_yen_day": 4121.9010504087491, "roi_parking_spaces_freed": 2.7479340336058331 }, "geometry": { "type": "Polygon", "coordinates": [ [ [ 139.657771351149364, 35.437616420971629 ], [ 139.657206124833948, 35.439368775453737 ], [ 139.6552294512976, 35.439842427599473 ], [ 139.653818099974586, 35.438563744109324 ], [ 139.654383375352722, 35.436811442764451 ], [ 139.656359952994279, 35.436337771772791 ], [ 139.657771351149364, 35.437616420971629 ] ] ] } },
{ "type": "Feature", "properties": { "hex_id": "892f5bd36b3ffff", "population": 40.283625884562532, "production_score": 0.01427760541356991, "attraction_score": 0.021660649819494584, "demand_score": 0.21257838933157255, "stress_score": 2.0, "infra_quality_score": 0.66666666666666674, "gap_score": -0.45408827733509416, "schools_nearby": 4, "stations_nearby": 0, "shops_nearby": 6, "bike_parking_nearby": 0, "bike_parking_capacity_nearby": 0.0, "bike_sharing_nearby": 0, "bike_sharing_capacity_nearby": 0.0, "flat_terrain": 1, "roi_car_trips_per_day": 28.198538119193771, "roi_congestion_cost_yen_day": 9867.2324586682844, "roi_operating_cost_yen_day": 1377.7805725038077, "roi_emissions_kg_day": 7.3316199109903808, "roi_shifted_trips_per_day": 5.6397076238387545, "roi_congestion_savings_yen_day": 1973.446491733657, "roi_operating_savings_yen_day": 275.55611450076157, "roi_emissions_avoided_kg_day": 1.4663239821980762, "roi_health_benefit_yen_day": 169.19122871516262, "roi_parking_spaces_freed": 0.11279415247677509 }, "geometry": { "type": "Polygon", "coordinates": [ [ [ 139.645076536872125, 35.414791096070317 ], [ 139.644511276464215, 35.416543256131057 ], [ 139.64253544303142, 35.417016928238731 ], [ 139.641124965836298, 35.415738459142347 ], [ 139.641690275238034, 35.413986352233437 ], [ 139.643666012844221, 35.413512661269401 ], [ 139.645076536872125, 35.414791096070317 ] ] ] } },
{ "type": "Feature", "properties": { "hex_id": "892f5aa4dc7ffff", "population": 116.3145235926022, "production_score": 0.041225009796324021, "attraction_score": 0.18050541516245489, "demand_score": 0.30617707730700117, "stress_score": 2.5714285714285716, "infra_quality_score": 0.47619047619047616, "gap_score": -0.170013398883475, "schools_nearby": 3, "stations_nearby": 1, "shops_nearby": 138, "bike_parking_nearby": 0, "bike_parking_capacity_nearby": 0.0, "bike_sharing_nearby": 1, "bike_sharing_capacity_nearby": 12.0, "flat_terrain": 1, "roi_car_trips_per_day": 81.420166514821531, "roi_congestion_cost_yen_day": 28490.54466686635, "roi_operating_cost_yen_day": 3978.18933591418, "roi_emissions_kg_day": 21.169243293853597, "roi_shifted_trips_per_day": 16.284033302964307, "roi_congestion_savings_yen_day": 5698.1089333732707, "roi_operating_savings_yen_day": 795.63786718283598, "roi_emissions_avoided_kg_day": 4.2338486587707198, "roi_health_benefit_yen_day": 488.52099908892922, "roi_parking_spaces_freed": 0.32568066605928614 }, "geometry": { "type": "Polygon", "coordinates": [ [ [ 139.659463946011954, 35.443678535078689 ], [ 139.658898701439483, 35.445430914657472 ], [ 139.656921836088259, 35.445904529110734 ], [ 139.655510311224333, 35.444625782831842 ], [ 139.656075604872655, 35.442873456387559 ], [ 139.658052374312206, 35.44239982308796 ], [ 139.659463946011954, 35.443678535078689 ] ] ] } },
{ "type": "Feature", "properties": { "hex_id": "892f5aa6aa3ffff", "population": 2.9650131492661163, "production_score": 0.0010508807700820896, "attraction_score": 0.0, "demand_score": 0.22179637969810012, "stress_score": 2.4285714285714284, "infra_quality_score": 0.52380952380952395, "gap_score": -0.30201314411142383, "schools_nearby": 0, "stations_nearby": 0, "shops_nearby": 0, "bike_parking_nearby": 0, "bike_parking_capacity_nearby": 0.0, "bike_sharing_nearby": 0, "bike_sharing_capacity_nearby": 0.0, "flat_terrain": 1, "roi_car_trips_per_day": 2.0755092044862815, "roi_congestion_cost_yen_day": 726.26218083383969, "roi_operating_cost_yen_day": 101.40937973119971, "roi_emissions_kg_day": 0.53963239316643319, "roi_shifted_trips_per_day": 0.41510184089725632, "roi_congestion_savings_yen_day": 145.25243616676795, "roi_operating_savings_yen_day": 20.281875946239943, "roi_emissions_avoided_kg_day": 0.10792647863328665, "roi_health_benefit_yen_day": 12.453055226917689, "roi_parking_spaces_freed": 0.008302036817945127 }, "geometry": { "type": "Polygon", "coordinates": [ [ [ 139.689965500656768, 35.428278688703259 ], [ 139.689400869146141, 35.430031552109661 ], [ 139.687423841712729, 35.430505933734516 ], [ 139.686011541688345, 35.429227470732414 ], [ 139.686576222348066, 35.427474660443629 ], [ 139.688553153886232, 35.427000260039648 ], [ 139.689965500656768, 35.428278688703259 ] ] ] } },
{ "type": "Feature", "properties": { "hex_id": "892f5aa6b2bffff", "population": 1095.3526356487653, "production_score": 0.38822256877576788, "attraction_score": 0.10709987966305656, "demand_score": 0.21936285695358854, "stress_score": 1.92, "infra_quality_score": 0.69333333333333336, "gap_score": -0.47397047637974482, "schools_nearby": 11, "stations_nearby": 0, "shops_nearby": 56, "bike_parking_nearby": 0, "bike_parking_capacity_nearby": 0.0, "bike_sharing_nearby": 7, "bike_sharing_capacity_nearby": 1043.0, "flat_terrain": 0, "roi_car_trips_per_day": 766.74684495413567, "roi_congestion_cost_yen_day": 268300.05598635116, "roi_operating_cost_yen_day": 37463.250844459071, "roi_emissions_kg_day": 199.35417968807528, "roi_shifted_trips_per_day": 153.34936899082714, "roi_congestion_savings_yen_day": 53660.011197270236, "roi_operating_savings_yen_day": 7492.6501688918142, "roi_emissions_avoided_kg_day": 39.870835937615063, "roi_health_benefit_yen_day": 4600.481069724814, "roi_parking_spaces_freed": 3.0669873798165428 }, "geometry": { "type": "Polygon", "coordinates": [ [ [ 139.662854942145856, 35.4331640613918 ], [ 139.662289832224644, 35.434916497013148 ], [ 139.660313181434532, 35.435390298898135 ], [ 139.658901736455988, 35.434111683995617 ], [ 139.659466895449583, 35.432359301509187 ], [ 139.661443450352493, 35.431885480790605 ], [ 139.662854942145856, 35.4331640613918 ] ] ] } },
{ "type": "Feature", "properties": { "hex_id": "892f5bd320bffff", "population": 1501.3814340352601, "production_score": 0.53213014518213775, "attraction_score": 0.72924187725631773, "demand_score": 0.66948020785345941, "stress_score": 2.56, "infra_quality_score": 0.48, "gap_score": 0.18948020785345943, "schools_nearby": 6, "stations_nearby": 8, "shops_nearby": 564, "bike_parking_nearby": 0, "bike_parking_capacity_nearby": 0.0, "bike_sharing_nearby": 2, "bike_sharing_capacity_nearby": 11.0, "flat_terrain": 1, "roi_car_trips_per_day": 1050.967003824682, "roi_congestion_cost_yen_day": 367754.37397833273, "roi_operating_cost_yen_day": 51350.247806873966, "roi_emissions_kg_day": 273.25142099441734, "roi_shifted_trips_per_day": 210.19340076493643, "roi_congestion_savings_yen_day": 73550.874795666561, "roi_operating_savings_yen_day": 10270.049561374793, "roi_emissions_avoided_kg_day": 54.650284198883476, "roi_health_benefit_yen_day": 6305.8020229480926, "roi_parking_spaces_freed": 4.2038680152987284 }, "geometry": { "type": "Polygon", "coordinates": [ [ [ 139.630666347396158, 35.442492091874882 ], [ 139.630100643181748, 35.444244018237093 ], [ 139.628124347237929, 35.444717090868686 ], [ 139.626713851398307, 35.443438256038711 ], [ 139.627279604598726, 35.441686382830973 ], [ 139.629255804655912, 35.441213291299036 ], [ 139.630666347396158, 35.442492091874882 ] ] ] } },
{ "type": "Feature", "properties": { "hex_id": "892f5aa6b6fffff", "population": 552.6163619984037, "production_score": 0.19586216951536464, "attraction_score": 0.055354993983152828, "demand_score": 0.35221172151019536, "stress_score": 3.2857142857142856, "infra_quality_score": 0.23809523809523814, "gap_score": 0.11411648341495723, "schools_nearby": 4, "stations_nearby": 0, "shops_nearby": 34, "bike_parking_nearby": 0, "bike_parking_capacity_nearby": 0.0, "bike_sharing_nearby": 5, "bike_sharing_capacity_nearby": 109.0, "flat_terrain": 1, "roi_car_trips_per_day": 386.83145339888256, "roi_congestion_cost_yen_day": 135360.06217333698, "roi_operating_cost_yen_day": 18900.584813069403, "roi_emissions_kg_day": 100.57617788370946, "roi_shifted_trips_per_day": 77.366290679776512, "roi_congestion_savings_yen_day": 27072.012434667398, "roi_operating_savings_yen_day": 3780.1169626138803, "roi_emissions_avoided_kg_day": 20.115235576741895, "roi_health_benefit_yen_day": 2320.9887203932954, "roi_parking_spaces_freed": 1.5473258135955303 }, "geometry": { "type": "Polygon", "coordinates": [ [ [ 139.664547957095778, 35.43922620060701 ], [ 139.66398282894005, 35.440978661356006 ], [ 139.662005986350181, 35.441452425573175 ], [ 139.660594367823307, 35.440173747875647 ], [ 139.661159545064606, 35.438421340258799 ], [ 139.663136291750391, 35.437947557207636 ], [ 139.664547957095778, 35.43922620060701 ] ] ] } },
{ "type": "Feature", "properties": { "hex_id": "892f5aa6893ffff", "population": 0.0, "production_score": 0.0, "attraction_score": 0.0, "demand_score": null, "stress_score": 2.0, "infra_quality_score": 0.66666666666666674, "gap_score": null, "schools_nearby": 0, "stations_nearby": 0, "shops_nearby": 0, "bike_parking_nearby": 0, "bike_parking_capacity_nearby": 0.0, "bike_sharing_nearby": 0, "bike_sharing_capacity_nearby": 0.0, "flat_terrain": null, "roi_car_trips_per_day": 0.0, "roi_congestion_cost_yen_day": 0.0, "roi_operating_cost_yen_day": 0.0, "roi_emissions_kg_day": 0.0, "roi_shifted_trips_per_day": 0.0, "roi_congestion_savings_yen_day": 0.0, "roi_operating_savings_yen_day": 0.0, "roi_emissions_avoided_kg_day": 0.0, "roi_health_benefit_yen_day": 0.0, "roi_parking_spaces_freed": 0.0 }, "geometry": { "type": "Polygon", "coordinates": [ [ [ 139.69589149692581, 35.404212475248734 ], [ 139.695327143493898, 35.405965437406799 ], [ 139.693350641323974, 35.406440212216125 ], [ 139.691938588427206, 35.405162043621104 ], [ 139.692502990994825, 35.40340913458278 ], [ 139.69447939732666, 35.402934341020071 ], [ 139.69589149692581, 35.404212475248734 ] ] ] } },
{ "type": "Feature", "properties": { "hex_id": "892f5bd324fffff", "population": 1318.8862790145733, "production_score": 0.46744893151134581, "attraction_score": 0.74729241877256314, "demand_score": 0.67640947259936812, "stress_score": 3.025, "infra_quality_score": 0.325, "gap_score": 0.35140947259936806, "schools_nearby": 6, "stations_nearby": 8, "shops_nearby": 579, "bike_parking_nearby": 0, "bike_parking_capacity_nearby": 0.0, "bike_sharing_nearby": 4, "bike_sharing_capacity_nearby": 70.0, "flat_terrain": 1, "roi_car_trips_per_day": 923.2203953102013, "roi_congestion_cost_yen_day": 323053.28072694567, "roi_operating_cost_yen_day": 45108.548514856433, "roi_emissions_kg_day": 240.03730278065234, "roi_shifted_trips_per_day": 184.64407906204028, "roi_congestion_savings_yen_day": 64610.656145389134, "roi_operating_savings_yen_day": 9021.7097029712877, "roi_emissions_avoided_kg_day": 48.007460556130475, "roi_health_benefit_yen_day": 5539.322371861208, "roi_parking_spaces_freed": 3.6928815812408056 }, "geometry": { "type": "Polygon", "coordinates": [ [ [ 139.632356275385405, 35.448553652563007 ], [ 139.631790552803267, 35.450305603973653 ], [ 139.629814065060941, 35.450778638803918 ], [ 139.628403395807311, 35.449499741124598 ], [ 139.628969167388533, 35.44774784286566 ], [ 139.630945559227428, 35.447274789134639 ], [ 139.632356275385405, 35.448553652563007 ] ] ] } },
{ "type": "Feature", "properties": { "hex_id": "892f5aa6bb3ffff", "population": 904.27290751263808, "production_score": 0.32049875045122822, "attraction_score": 0.084235860409145602, "demand_score": 0.34682952759423424, "stress_score": 2.103448275862069, "infra_quality_score": 0.63218390804597702, "gap_score": -0.28535438045174277, "schools_nearby": 7, "stations_nearby": 0, "shops_nearby": 49, "bike_parking_nearby": 0, "bike_parking_capacity_nearby": 0.0, "bike_sharing_nearby": 0, "bike_sharing_capacity_nearby": 0.0, "flat_terrain": 1, "roi_car_trips_per_day": 632.99103525884664, "roi_congestion_cost_yen_day": 221496.22305777561, "roi_operating_cost_yen_day": 30927.941982747245, "roi_emissions_kg_day": 164.57766916730014, "roi_shifted_trips_per_day": 126.59820705176934, "roi_congestion_savings_yen_day": 44299.244611555128, "roi_operating_savings_yen_day": 6185.5883965494495, "roi_emissions_avoided_kg_day": 32.915533833460032, "roi_health_benefit_yen_day": 3797.94621155308, "roi_parking_spaces_freed": 2.5319641410353868 }, "geometry": { "type": "Polygon", "coordinates": [ [ [ 139.668786472525454, 35.420422655770821 ], [ 139.668221555394666, 35.422175187823761 ], [ 139.666245130526505, 35.422649251918315 ], [ 139.66483371865138, 35.421370802774902 ], [ 139.665398684856058, 35.41961832385612 ], [ 139.667375013865126, 35.419144240946871 ], [ 139.668786472525454, 35.420422655770821 ] ] ] } },
{ "type": "Feature", "properties": { "hex_id": "892f5aa691bffff", "population": 76.453473707814382, "production_score": 0.027097176734411765, "attraction_score": 0.0048134777376654635, "demand_score": 0.21116872906522702, "stress_score": 2.0, "infra_quality_score": 0.66666666666666674, "gap_score": -0.45549793760143975, "schools_nearby": 1, "stations_nearby": 0, "shops_nearby": 1, "bike_parking_nearby": 0, "bike_parking_capacity_nearby": 0.0, "bike_sharing_nearby": 0, "bike_sharing_capacity_nearby": 0.0, "flat_terrain": 1, "roi_car_trips_per_day": 53.517431595470065, "roi_congestion_cost_yen_day": 18726.819663886887, "roi_operating_cost_yen_day": 2614.8617077546673, "roi_emissions_kg_day": 13.914532214822218, "roi_shifted_trips_per_day": 10.703486319094013, "roi_congestion_savings_yen_day": 3745.3639327773772, "roi_operating_savings_yen_day": 522.97234155093349, "roi_emissions_avoided_kg_day": 2.7829064429644434, "roi_health_benefit_yen_day": 321.10458957282037, "roi_parking_spaces_freed": 0.21406972638188027 }, "geometry": { "type": "Polygon", "coordinates": [ [ [ 139.66878801112469, 35.409103255185052 ], [ 139.668223179473728, 35.410855789844724 ], [ 139.66624705354738, 35.411329985203928 ], [ 139.664835855105224, 35.41005166471156 ], [ 139.665400735815268, 35.408299183188973 ], [ 139.667376765911513, 35.407824969021917 ], [ 139.66878801112469, 35.409103255185052 ] ] ] } },
{ "type": "Feature", "properties": { "hex_id": "892f5bd32d7ffff", "population": 2676.3188281694843, "production_score": 0.9485597026198942, "attraction_score": 0.44765342960288806, "demand_score": 0.54815735489866335, "stress_score": 2.1896551724137931, "infra_quality_score": 0.60344827586206895, "gap_score": -0.055290920963405599, "schools_nearby": 16, "stations_nearby": 4, "shops_nearby": 312, "bike_parking_nearby": 0, "bike_parking_capacity_nearby": 0.0, "bike_sharing_nearby": 5, "bike_sharing_capacity_nearby": 41.0, "flat_terrain": 0, "roi_car_trips_per_day": 1873.4231797186389, "roi_congestion_cost_yen_day": 655548.23904714617, "roi_operating_cost_yen_day": 91535.456561052692, "roi_emissions_kg_day": 487.09002672684613, "roi_shifted_trips_per_day": 374.68463594372781, "roi_congestion_savings_yen_day": 131109.64780942924, "roi_operating_savings_yen_day": 18307.091312210541, "roi_emissions_avoided_kg_day": 97.418005345369238, "roi_health_benefit_yen_day": 11240.539078311835, "roi_parking_spaces_freed": 7.4936927188745566 }, "geometry": { "type": "Polygon", "coordinates": [ [ [ 139.638291931110359, 35.435816401997478 ], [ 139.637726401422043, 35.437568450179377 ], [ 139.635750139339535, 35.43804174742651 ], [ 139.634339502823906, 35.43676301537392 ], [ 139.634905081512841, 35.43501102034304 ], [ 139.636881247719998, 35.434537704214044 ], [ 139.638291931110359, 35.435816401997478 ] ] ] } },
{ "type": "Feature", "properties": { "hex_id": "892f5aa4d0bffff", "population": 112.24559791300233, "production_score": 0.039782872599514935, "attraction_score": 0.2851985559566787, "demand_score": null, "stress_score": 4.0, "infra_quality_score": 0.0, "gap_score": null, "schools_nearby": 1, "stations_nearby": 2, "shops_nearby": 228, "bike_parking_nearby": 0, "bike_parking_capacity_nearby": 0.0, "bike_sharing_nearby": 0, "bike_sharing_capacity_nearby": 0.0, "flat_terrain": null, "roi_car_trips_per_day": 78.571918539101631, "roi_congestion_cost_yen_day": 27493.885735202442, "roi_operating_cost_yen_day": 3839.0239398205058, "roi_emissions_kg_day": 20.428698820166424, "roi_shifted_trips_per_day": 15.714383707820327, "roi_congestion_savings_yen_day": 5498.7771470404887, "roi_operating_savings_yen_day": 767.80478796410114, "roi_emissions_avoided_kg_day": 4.0857397640332849, "roi_health_benefit_yen_day": 471.43151123460979, "roi_parking_spaces_freed": 0.31428767415640652 }, "geometry": { "type": "Polygon", "coordinates": [ [ [ 139.654379656586258, 35.448130407656549 ], [ 139.65381429559406, 35.449882706029513 ], [ 139.651837407513113, 35.450356170703316 ], [ 139.650425976346725, 35.449077355863118 ], [ 139.650991386405025, 35.447325110626963 ], [ 139.652968178566766, 35.446851627094489 ], [ 139.654379656586258, 35.448130407656549 ] ] ] } },
{ "type": "Feature", "properties": { "hex_id": "892f5bd363bffff", "population": 1277.2174263072766, "production_score": 0.45268036428515335, "attraction_score": 0.083032490974729242, "demand_score": 0.23437449934095889, "stress_score": 1.9375, "infra_quality_score": 0.6875, "gap_score": -0.45312550065904111, "schools_nearby": 9, "stations_nearby": 1, "shops_nearby": 39, "bike_parking_nearby": 0, "bike_parking_capacity_nearby": 0.0, "bike_sharing_nearby": 2, "bike_sharing_capacity_nearby": 41.0, "flat_terrain": 0, "roi_car_trips_per_day": 894.05219841509359, "roi_congestion_cost_yen_day": 312846.74526940956, "roi_operating_cost_yen_day": 43683.390414561472, "roi_emissions_kg_day": 232.45357158792433, "roi_shifted_trips_per_day": 178.81043968301873, "roi_congestion_savings_yen_day": 62569.349053881917, "roi_operating_savings_yen_day": 8736.6780829122945, "roi_emissions_avoided_kg_day": 46.490714317584874, "roi_health_benefit_yen_day": 5364.3131904905622, "roi_parking_spaces_freed": 3.5762087936603746 }, "geometry": { "type": "Polygon", "coordinates": [ [ [ 139.64168463790088, 35.425303916818706 ], [ 139.641119242874822, 35.427056021006976 ], [ 139.639143195133272, 35.427529505717239 ], [ 139.637732638271899, 35.426250905108652 ], [ 139.638298082295194, 35.424498854071814 ], [ 139.640274034185751, 35.424025350492428 ], [ 139.64168463790088, 35.425303916818706 ] ] ] } },
{ "type": "Feature", "properties": { "hex_id": "892f5aa6a2bffff", "population": 0.0, "production_score": 0.0, "attraction_score": 0.0, "demand_score": 0.2, "stress_score": 2.0, "infra_quality_score": 0.66666666666666674, "gap_score": -0.46666666666666679, "schools_nearby": 0, "stations_nearby": 0, "shops_nearby": 0, "bike_parking_nearby": 0, "bike_parking_capacity_nearby": 0.0, "bike_sharing_nearby": 0, "bike_sharing_capacity_nearby": 0.0, "flat_terrain": 1, "roi_car_trips_per_day": 0.0, "roi_congestion_cost_yen_day": 0.0, "roi_operating_cost_yen_day": 0.0, "roi_emissions_kg_day": 0.0, "roi_shifted_trips_per_day": 0.0, "roi_congestion_savings_yen_day": 0.0, "roi_operating_savings_yen_day": 0.0, "roi_emissions_avoided_kg_day": 0.0, "roi_health_benefit_yen_day": 0.0, "roi_parking_spaces_freed": 0.0 }, "geometry": { "type": "Polygon", "coordinates": [ [ [ 139.686577375156503, 35.438795729428122 ], [ 139.686012609062686, 35.440548536923053 ], [ 139.684035366872166, 35.441022731233758 ], [ 139.682622986698277, 35.439744136841661 ], [ 139.683187801944655, 35.43799138246392 ], [ 139.685164948215544, 35.43751716936135 ], [ 139.686577375156503, 35.438795729428122 ] ] ] } },
{ "type": "Feature", "properties": { "hex_id": "892f5aa4d93ffff", "population": 981.44612847067833, "production_score": 0.34785102505755633, "attraction_score": 0.16125150421179302, "demand_score": 0.24357050062888763, "stress_score": 2.3076923076923075, "infra_quality_score": 0.5641025641025641, "gap_score": -0.32053206347367647, "schools_nearby": 15, "stations_nearby": 1, "shops_nearby": 86, "bike_parking_nearby": 0, "bike_parking_capacity_nearby": 0.0, "bike_sharing_nearby": 1, "bike_sharing_capacity_nearby": 5.0, "flat_terrain": 0, "roi_car_trips_per_day": 687.01228992947483, "roi_congestion_cost_yen_day": 240399.34049212185, "roi_operating_cost_yen_day": 33567.420485954142, "roi_emissions_kg_day": 178.62319538166346, "roi_shifted_trips_per_day": 137.40245798589498, "roi_congestion_savings_yen_day": 48079.868098424377, "roi_operating_savings_yen_day": 6713.4840971908288, "roi_emissions_avoided_kg_day": 35.7246390763327, "roi_health_benefit_yen_day": 4122.0737395768492, "roi_parking_spaces_freed": 2.7480491597178998 }, "geometry": { "type": "Polygon", "coordinates": [ [ [ 139.660313181434532, 35.435390298898135 ], [ 139.659748013316602, 35.437142693954314 ], [ 139.657771351149364, 35.437616420971629 ], [ 139.656359952994279, 35.436337771772791 ], [ 139.656925170179761, 35.434585429852696 ], [ 139.658901736455988, 35.434111683995617 ], [ 139.660313181434532, 35.435390298898135 ] ] ] } },
{ "type": "Feature", "properties": { "hex_id": "892f5bd36c3ffff", "population": 670.83568029333537, "production_score": 0.23776229001874497, "attraction_score": 0.13838748495788206, "demand_score": 0.17483423942363763, "stress_score": 1.8636363636363635, "infra_quality_score": 0.71212121212121215, "gap_score": -0.53728697269757453, "schools_nearby": 12, "stations_nearby": 1, "shops_nearby": 76, "bike_parking_nearby": 0, "bike_parking_capacity_nearby": 0.0, "bike_sharing_nearby": 0, "bike_sharing_capacity_nearby": 0.0, "flat_terrain": 0, "roi_car_trips_per_day": 469.58497620533473, "roi_congestion_cost_yen_day": 164317.17487377074, "roi_operating_cost_yen_day": 22943.921937392653, "roi_emissions_kg_day": 122.09209381338704, "roi_shifted_trips_per_day": 93.916995241066957, "roi_congestion_savings_yen_day": 32863.434974754149, "roi_operating_savings_yen_day": 4588.7843874785312, "roi_emissions_avoided_kg_day": 24.418418762677408, "roi_health_benefit_yen_day": 2817.5098572320085, "roi_parking_spaces_freed": 1.8783399048213392 }, "geometry": { "type": "Polygon", "coordinates": [ [ [ 139.656928503262606, 35.423266573352649 ], [ 139.656363371647672, 35.425018918075217 ], [ 139.654387092994057, 35.425492720450322 ], [ 139.652976041815919, 35.424214196942074 ], [ 139.653541222472114, 35.422461905361033 ], [ 139.65551740526837, 35.421988084147017 ], [ 139.656928503262606, 35.423266573352649 ] ] ] } },
{ "type": "Feature", "properties": { "hex_id": "892f5aa4dd7ffff", "population": 464.63118092059386, "production_score": 0.16467784412046832, "attraction_score": 0.1095066185318893, "demand_score": 0.32374233970610294, "stress_score": 2.5555555555555554, "infra_quality_score": 0.48148148148148151, "gap_score": -0.15773914177537857, "schools_nearby": 6, "stations_nearby": 1, "shops_nearby": 70, "bike_parking_nearby": 0, "bike_parking_capacity_nearby": 0.0, "bike_sharing_nearby": 3, "bike_sharing_capacity_nearby": 47.0, "flat_terrain": 1, "roi_car_trips_per_day": 325.24182664441571, "roi_congestion_cost_yen_day": 113808.61997941395, "roi_operating_cost_yen_day": 15891.315649846152, "roi_emissions_kg_day": 84.562874927548094, "roi_shifted_trips_per_day": 65.04836532888315, "roi_congestion_savings_yen_day": 22761.723995882792, "roi_operating_savings_yen_day": 3178.2631299692307, "roi_emissions_avoided_kg_day": 16.912574985509618, "roi_health_benefit_yen_day": 1951.4509598664945, "roi_parking_spaces_freed": 1.300967306577663 }, "geometry": { "type": "Polygon", "coordinates": [ [ [ 139.662005986350181, 35.441452425573175 ], [ 139.661440799986423, 35.443204845741526 ], [ 139.659463946011954, 35.443678535078689 ], [ 139.658052374312206, 35.44239982308796 ], [ 139.658617609756675, 35.440647456052972 ], [ 139.660594367823307, 35.440173747875647 ], [ 139.662005986350181, 35.441452425573175 ] ] ] } },
{ "type": "Feature", "properties": { "hex_id": "892f5aa48a7ffff", "population": 9.3345029372610444, "production_score": 0.003308400044522701, "attraction_score": 0.024067388688327317, "demand_score": null, "stress_score": 4.0, "infra_quality_score": 0.0, "gap_score": null, "schools_nearby": 0, "stations_nearby": 0, "shops_nearby": 20, "bike_parking_nearby": 0, "bike_parking_capacity_nearby": 0.0, "bike_sharing_nearby": 0, "bike_sharing_capacity_nearby": 0.0, "flat_terrain": null, "roi_car_trips_per_day": 6.5341520560827311, "roi_congestion_cost_yen_day": 2286.4304874644695, "roi_operating_cost_yen_day": 319.25866946020221, "roi_emissions_kg_day": 1.6988795345815102, "roi_shifted_trips_per_day": 1.3068304112165463, "roi_congestion_savings_yen_day": 457.28609749289393, "roi_operating_savings_yen_day": 63.85173389204045, "roi_emissions_avoided_kg_day": 0.33977590691630205, "roi_health_benefit_yen_day": 39.204912336496392, "roi_parking_spaces_freed": 0.026136608224330928 }, "geometry": { "type": "Polygon", "coordinates": [ [ [ 139.650987153852043, 35.458644057351712 ], [ 139.650421658138868, 35.46039629948158 ], [ 139.648444555481092, 35.460869576617725 ], [ 139.647033044483237, 35.45959063049574 ], [ 139.647598589265897, 35.457838441502268 ], [ 139.649575595980082, 35.457365145494698 ], [ 139.650987153852043, 35.458644057351712 ] ] ] } },
{ "type": "Feature", "properties": { "hex_id": "892f5aa6b3bffff", "population": 846.95307227158605, "production_score": 0.30018305215019214, "attraction_score": 0.092659446450060162, "demand_score": 0.21305043006564384, "stress_score": 2.5111111111111111, "infra_quality_score": 0.49629629629629635, "gap_score": -0.28324586623065251, "schools_nearby": 7, "stations_nearby": 0, "shops_nearby": 56, "bike_parking_nearby": 6, "bike_parking_capacity_nearby": 20.0, "bike_sharing_nearby": 2, "bike_sharing_capacity_nearby": 29.0, "flat_terrain": 0, "roi_car_trips_per_day": 592.86715059011033, "roi_congestion_cost_yen_day": 207456.0733344914, "roi_operating_cost_yen_day": 28967.488977832789, "roi_emissions_kg_day": 154.1454591534287, "roi_shifted_trips_per_day": 118.57343011802207, "roi_congestion_savings_yen_day": 41491.21466689829, "roi_operating_savings_yen_day": 5793.4977955665581, "roi_emissions_avoided_kg_day": 30.829091830685741, "roi_health_benefit_yen_day": 3557.2029035406622, "roi_parking_spaces_freed": 2.3714686023604417 }, "geometry": { "type": "Polygon", "coordinates": [ [ [ 139.665396633276202, 35.430937708465407 ], [ 139.664831581551027, 35.43269018464305 ], [ 139.662854942145856, 35.4331640613918 ], [ 139.661443450352493, 35.431885480790605 ], [ 139.662008551154941, 35.43013305774673 ], [ 139.66398509467669, 35.429659162170537 ], [ 139.665396633276202, 35.430937708465407 ] ] ] } },
{ "type": "Feature", "properties": { "hex_id": "892f5bd321bffff", "population": 2594.9860382846646, "production_score": 0.91973316440091879, "attraction_score": 0.73164861612515042, "demand_score": 0.81548362318412426, "stress_score": 2.75, "infra_quality_score": 0.41666666666666663, "gap_score": 0.39881695651745763, "schools_nearby": 7, "stations_nearby": 7, "shops_nearby": 566, "bike_parking_nearby": 0, "bike_parking_capacity_nearby": 0.0, "bike_sharing_nearby": 9, "bike_sharing_capacity_nearby": 78.0, "flat_terrain": 1, "roi_car_trips_per_day": 1816.490226799265, "roi_congestion_cost_yen_day": 635626.2601615988, "roi_operating_cost_yen_day": 88753.712481412091, "roi_emissions_kg_day": 472.2874589678089, "roi_shifted_trips_per_day": 363.29804535985301, "roi_congestion_savings_yen_day": 127125.25203231977, "roi_operating_savings_yen_day": 17750.742496282419, "roi_emissions_avoided_kg_day": 94.457491793561786, "roi_health_benefit_yen_day": 10898.94136079559, "roi_parking_spaces_freed": 7.2659609071970603 }, "geometry": { "type": "Polygon", "coordinates": [ [ [ 139.633208278099062, 35.440266977389896 ], [ 139.632642632060765, 35.442018944367575 ], [ 139.630666347396158, 35.442492091874882 ], [ 139.629255804655912, 35.441213291299036 ], [ 139.629821499685079, 35.439461377474679 ], [ 139.631797688466804, 35.43898821107318 ], [ 139.633208278099062, 35.440266977389896 ] ] ] } },
{ "type": "Feature", "properties": { "hex_id": "892f5aa68a3ffff", "population": 0.0, "production_score": 0.0, "attraction_score": 0.0, "demand_score": 0.24090909090909091, "stress_score": 2.8181818181818183, "infra_quality_score": 0.39393939393939392, "gap_score": -0.15303030303030302, "schools_nearby": 0, "stations_nearby": 0, "shops_nearby": 0, "bike_parking_nearby": 0, "bike_parking_capacity_nearby": 0.0, "bike_sharing_nearby": 0, "bike_sharing_capacity_nearby": 0.0, "flat_terrain": 1, "roi_car_trips_per_day": 0.0, "roi_congestion_cost_yen_day": 0.0, "roi_operating_cost_yen_day": 0.0, "roi_emissions_kg_day": 0.0, "roi_shifted_trips_per_day": 0.0, "roi_congestion_savings_yen_day": 0.0, "roi_operating_savings_yen_day": 0.0, "roi_emissions_avoided_kg_day": 0.0, "roi_health_benefit_yen_day": 0.0, "roi_parking_spaces_freed": 0.0 }, "geometry": { "type": "Polygon", "coordinates": [ [ [ 139.684033063013658, 35.407060656904427 ], [ 139.683468494966604, 35.408813431908186 ], [ 139.681492138623327, 35.409287944982502 ], [ 139.680080446166698, 35.408009701831027 ], [ 139.680645063316774, 35.406256979954449 ], [ 139.682621323823639, 35.405782448102457 ], [ 139.684033063013658, 35.407060656904427 ] ] ] } },
{ "type": "Feature", "properties": { "hex_id": "892f5aa6bc3ffff", "population": 8.8423587453290722, "production_score": 0.0031339708459416056, "attraction_score": 0.0096269554753309269, "demand_score": 0.22946632421244539, "stress_score": 2.5, "infra_quality_score": 0.5, "gap_score": -0.27053367578755461, "schools_nearby": 1, "stations_nearby": 0, "shops_nearby": 5, "bike_parking_nearby": 0, "bike_parking_capacity_nearby": 0.0, "bike_sharing_nearby": 0, "bike_sharing_capacity_nearby": 0.0, "flat_terrain": 1, "roi_car_trips_per_day": 6.1896511217303498, "roi_congestion_cost_yen_day": 2165.8827205158841, "roi_operating_cost_yen_day": 302.42635380774487, "roi_emissions_kg_day": 1.609309291649891, "roi_shifted_trips_per_day": 1.2379302243460701, "roi_congestion_savings_yen_day": 433.17654410317687, "roi_operating_savings_yen_day": 60.485270761548989, "roi_emissions_avoided_kg_day": 0.32186185832997827, "roi_health_benefit_yen_day": 37.137906730382106, "roi_parking_spaces_freed": 0.024758604486921403 }, "geometry": { "type": "Polygon", "coordinates": [ [ [ 139.680645573676628, 35.42889759979947 ], [ 139.680080785670924, 35.430650316442055 ], [ 139.678103915664849, 35.431124511060112 ], [ 139.67669192955745, 35.429846007833078 ], [ 139.677256766684508, 35.428093344314327 ], [ 139.679233540800766, 35.427619130899068 ], [ 139.680645573676628, 35.42889759979947 ] ] ] } },
{ "type": "Feature", "properties": { "hex_id": "892f5aa4c93ffff", "population": 0.0, "production_score": 0.0, "attraction_score": 0.0, "demand_score": 0.2, "stress_score": 2.0, "infra_quality_score": 0.66666666666666674, "gap_score": -0.46666666666666679, "schools_nearby": 0, "stations_nearby": 0, "shops_nearby": 0, "bike_parking_nearby": 0, "bike_parking_capacity_nearby": 0.0, "bike_sharing_nearby": 0, "bike_sharing_capacity_nearby": 0.0, "flat_terrain": 1, "roi_car_trips_per_day": 0.0, "roi_congestion_cost_yen_day": 0.0, "roi_operating_cost_yen_day": 0.0, "roi_emissions_kg_day": 0.0, "roi_shifted_trips_per_day": 0.0, "roi_congestion_savings_yen_day": 0.0, "roi_operating_savings_yen_day": 0.0, "roi_emissions_avoided_kg_day": 0.0, "roi_health_benefit_yen_day": 0.0, "roi_parking_spaces_freed": 0.0 }, "geometry": { "type": "Polygon", "coordinates": [ [ [ 139.684035366872166, 35.441022731233758 ], [ 139.683470542547497, 35.442775498171656 ], [ 139.681493288898167, 35.443249617598831 ], [ 139.680080955500074, 35.441970988886396 ], [ 139.680645828972388, 35.440218275066847 ], [ 139.682622986698277, 35.439744136841661 ], [ 139.684035366872166, 35.441022731233758 ] ] ] } },
{ "type": "Feature", "properties": { "hex_id": "892f5aa692bffff", "population": 62.238378385080978, "production_score": 0.022058962882563638, "attraction_score": 0.020457280385078221, "demand_score": 0.21488068514367464, "stress_score": 2.0, "infra_quality_score": 0.66666666666666674, "gap_score": -0.4517859815229921, "schools_nearby": 2, "stations_nearby": 0, "shops_nearby": 11, "bike_parking_nearby": 0, "bike_parking_capacity_nearby": 0.0, "bike_sharing_nearby": 0, "bike_sharing_capacity_nearby": 0.0, "flat_terrain": 1, "roi_car_trips_per_day": 43.566864869556682, "roi_congestion_cost_yen_day": 15244.917355155274, "roi_operating_cost_yen_day": 2128.6770175265397, "roi_emissions_kg_day": 11.327384866084737, "roi_shifted_trips_per_day": 8.713372973911337, "roi_congestion_savings_yen_day": 3048.9834710310552, "roi_operating_savings_yen_day": 425.73540350530794, "roi_emissions_avoided_kg_day": 2.2654769732169475, "roi_health_benefit_yen_day": 261.40118921734012, "roi_parking_spaces_freed": 0.17426745947822675 }, "geometry": { "type": "Polygon", "coordinates": [ [ [ 139.656931835337133, 35.411947960486287 ], [ 139.656366789266883, 35.413700307874002 ], [ 139.654390809510772, 35.414174241589734 ], [ 139.652979971656521, 35.412895846750139 ], [ 139.653545066753196, 35.4111435525069 ], [ 139.655520950680938, 35.410669599959057 ], [ 139.656931835337133, 35.411947960486287 ] ] ] } },
{ "type": "Feature", "properties": { "hex_id": "892f5aa696fffff", "population": 623.87064256439044, "production_score": 0.22111661172630837, "attraction_score": 0.073405535499398308, "demand_score": 0.15308275152899734, "stress_score": 2.0, "infra_quality_score": 0.66666666666666674, "gap_score": -0.51358391513766943, "schools_nearby": 8, "stations_nearby": 0, "shops_nearby": 37, "bike_parking_nearby": 1, "bike_parking_capacity_nearby": 4.0, "bike_sharing_nearby": 1, "bike_sharing_capacity_nearby": 6.0, "flat_terrain": 0, "roi_car_trips_per_day": 436.70944979507328, "roi_congestion_cost_yen_day": 152813.37067229205, "roi_operating_cost_yen_day": 21337.62371698728, "roi_emissions_kg_day": 113.54445694671905, "roi_shifted_trips_per_day": 87.341889959014665, "roi_congestion_savings_yen_day": 30562.674134458412, "roi_operating_savings_yen_day": 4267.5247433974564, "roi_emissions_avoided_kg_day": 22.708891389343815, "roi_health_benefit_yen_day": 2620.2566987704399, "roi_parking_spaces_freed": 1.7468377991802932 }, "geometry": { "type": "Polygon", "coordinates": [ [ [ 139.658623763511343, 35.418009483336874 ], [ 139.658058699193219, 35.41976185597975 ], [ 139.65608252775516, 35.420235752030607 ], [ 139.654671516483603, 35.418957294271443 ], [ 139.65523662984134, 35.417204974770307 ], [ 139.657212705434176, 35.416731059886907 ], [ 139.658623763511343, 35.418009483336874 ] ] ] } },
{ "type": "Feature", "properties": { "hex_id": "892f5bd3607ffff", "population": 1050.1987434885584, "production_score": 0.37221880940719082, "attraction_score": 0.086642599277978335, "demand_score": 0.21245334489166107, "stress_score": 2.0370370370370372, "infra_quality_score": 0.65432098765432101, "gap_score": -0.44186764276265994, "schools_nearby": 10, "stations_nearby": 1, "shops_nearby": 39, "bike_parking_nearby": 0, "bike_parking_capacity_nearby": 0.0, "bike_sharing_nearby": 1, "bike_sharing_capacity_nearby": 7.0, "flat_terrain": 0, "roi_car_trips_per_day": 735.13912044199083, "roi_congestion_cost_yen_day": 257239.88102506145, "roi_operating_cost_yen_day": 35918.897424795672, "roi_emissions_kg_day": 191.13617131491762, "roi_shifted_trips_per_day": 147.02782408839818, "roi_congestion_savings_yen_day": 51447.976205012295, "roi_operating_savings_yen_day": 7183.7794849591346, "roi_emissions_avoided_kg_day": 38.227234262983529, "roi_health_benefit_yen_day": 4410.8347226519454, "roi_parking_spaces_freed": 2.9405564817679637 }, "geometry": { "type": "Polygon", "coordinates": [ [ [ 139.644226011196139, 35.423078212520672 ], [ 139.643660674331244, 35.424830357264469 ], [ 139.64168463790088, 35.425303916818706 ], [ 139.640274034185751, 35.424025350492428 ], [ 139.640839420052771, 35.422273258898933 ], [ 139.642815360635893, 35.42179968048174 ], [ 139.644226011196139, 35.423078212520672 ] ] ] } },
{ "type": "Feature", "properties": { "hex_id": "892f5aa4d1bffff", "population": 116.30964861609652, "production_score": 0.041223281972936225, "attraction_score": 0.25872442839951865, "demand_score": 0.30498169863035918, "stress_score": 2.0, "infra_quality_score": 0.66666666666666674, "gap_score": -0.36168496803630756, "schools_nearby": 1, "stations_nearby": 1, "shops_nearby": 209, "bike_parking_nearby": 0, "bike_parking_capacity_nearby": 0.0, "bike_sharing_nearby": 0, "bike_sharing_capacity_nearby": 0.0, "flat_terrain": 1, "roi_car_trips_per_day": 81.416754031267558, "roi_congestion_cost_yen_day": 28489.350570621144, "roi_operating_cost_yen_day": 3978.022601967733, "roi_emissions_kg_day": 21.168356048129567, "roi_shifted_trips_per_day": 16.283350806253512, "roi_congestion_savings_yen_day": 5697.8701141242291, "roi_operating_savings_yen_day": 795.60452039354664, "roi_emissions_avoided_kg_day": 4.2336712096259133, "roi_health_benefit_yen_day": 488.50052418760538, "roi_parking_spaces_freed": 0.32566701612507026 }, "geometry": { "type": "Polygon", "coordinates": [ [ [ 139.656921836088259, 35.445904529110734 ], [ 139.65635653330628, 35.447656868091073 ], [ 139.654379656586258, 35.448130407656549 ], [ 139.652968178566766, 35.446851627094489 ], [ 139.653533530419736, 35.445099341249836 ], [ 139.655510311224333, 35.444625782831842 ], [ 139.656921836088259, 35.445904529110734 ] ] ] } },
{ "type": "Feature", "properties": { "hex_id": "892f5bd364bffff", "population": 1061.9777142247603, "production_score": 0.37639359488532537, "attraction_score": 0.37545126353790614, "demand_score": 0.32072145802388857, "stress_score": 2.1515151515151514, "infra_quality_score": 0.61616161616161613, "gap_score": -0.29544015813772756, "schools_nearby": 25, "stations_nearby": 3, "shops_nearby": 228, "bike_parking_nearby": 0, "bike_parking_capacity_nearby": 0.0, "bike_sharing_nearby": 2, "bike_sharing_capacity_nearby": 14.0, "flat_terrain": 0, "roi_car_trips_per_day": 743.38439995733222, "roi_congestion_cost_yen_day": 260125.06923306969, "roi_operating_cost_yen_day": 36321.761781915251, "roi_emissions_kg_day": 193.27994398890638, "roi_shifted_trips_per_day": 148.67687999146645, "roi_congestion_savings_yen_day": 52025.01384661394, "roi_operating_savings_yen_day": 7264.3523563830504, "roi_emissions_avoided_kg_day": 38.655988797781276, "roi_health_benefit_yen_day": 4460.3063997439931, "roi_parking_spaces_freed": 2.9735375998293292 }, "geometry": { "type": "Polygon", "coordinates": [ [ [ 139.653537377027789, 35.433780501900529 ], [ 139.65297211078618, 35.435532790682039 ], [ 139.650995617677268, 35.436006405656308 ], [ 139.649584486694863, 35.434727750701043 ], [ 139.650149801981144, 35.432975515060662 ], [ 139.652126199208311, 35.432501881234721 ], [ 139.653537377027789, 35.433780501900529 ] ] ] } },
{ "type": "Feature", "properties": { "hex_id": "892f5bd368fffff", "population": 1042.7317936898805, "production_score": 0.36957232065332435, "attraction_score": 0.069795427196149215, "demand_score": 0.22044537841398243, "stress_score": 2.3333333333333335, "infra_quality_score": 0.55555555555555558, "gap_score": -0.33511017714157315, "schools_nearby": 11, "stations_nearby": 1, "shops_nearby": 22, "bike_parking_nearby": 2, "bike_parking_capacity_nearby": 8.0, "bike_sharing_nearby": 1, "bike_sharing_capacity_nearby": 4.0, "flat_terrain": 0, "roi_car_trips_per_day": 729.91225558291637, "roi_congestion_cost_yen_day": 255410.8964735741, "roi_operating_cost_yen_day": 35663.512807781291, "roi_emissions_kg_day": 189.77718645155826, "roi_shifted_trips_per_day": 145.98245111658329, "roi_congestion_savings_yen_day": 51082.179294714828, "roi_operating_savings_yen_day": 7132.7025615562598, "roi_emissions_avoided_kg_day": 37.955437290311657, "roi_health_benefit_yen_day": 4379.4735334974985, "roi_parking_spaces_freed": 2.919649022331666 }, "geometry": { "type": "Polygon", "coordinates": [ [ [ 139.649308549341015, 35.418626457777393 ], [ 139.648743328796229, 35.420378683605449 ], [ 139.646767315011886, 35.420852392835975 ], [ 139.645356617615192, 35.419573895089364 ], [ 139.645921887171852, 35.417821722409265 ], [ 139.647897805116514, 35.417347994328125 ], [ 139.649308549341015, 35.418626457777393 ] ] ] } },
{ "type": "Feature", "properties": { "hex_id": "892f5aa4da3ffff", "population": 1644.5840096010918, "production_score": 0.58288500707056079, "attraction_score": 0.57761732851985559, "demand_score": 0.49032215892006037, "stress_score": 2.6829268292682928, "infra_quality_score": 0.43902439024390238, "gap_score": 0.051297768676157984, "schools_nearby": 26, "stations_nearby": 3, "shops_nearby": 393, "bike_parking_nearby": 1, "bike_parking_capacity_nearby": 4.0, "bike_sharing_nearby": 2, "bike_sharing_capacity_nearby": 32.0, "flat_terrain": 0, "roi_car_trips_per_day": 1151.2088067207642, "roi_congestion_cost_yen_day": 402830.98564772983, "roi_operating_cost_yen_day": 56248.062296376535, "roi_emissions_kg_day": 299.31428974739867, "roi_shifted_trips_per_day": 230.24176134415285, "roi_congestion_savings_yen_day": 80566.197129545966, "roi_operating_savings_yen_day": 11249.612459275308, "roi_emissions_avoided_kg_day": 59.862857949479739, "roi_health_benefit_yen_day": 6907.2528403245851, "roi_parking_spaces_freed": 4.6048352268830568 }, "geometry": { "type": "Polygon", "coordinates": [ [ [ 139.648453788793176, 35.438232193968638 ], [ 139.647888406175326, 35.439984401588454 ], [ 139.645911890382649, 35.440457866824779 ], [ 139.64450085310034, 35.439179143305623 ], [ 139.645066284753113, 35.437426988829259 ], [ 139.647042704656485, 35.436953504728926 ], [ 139.648453788793176, 35.438232193968638 ] ] ] } },
{ "type": "Feature", "properties": { "hex_id": "892f5aa6a3bffff", "population": 0.0, "production_score": 0.0, "attraction_score": 0.0, "demand_score": 0.2, "stress_score": 2.0, "infra_quality_score": 0.66666666666666674, "gap_score": -0.46666666666666679, "schools_nearby": 0, "stations_nearby": 0, "shops_nearby": 0, "bike_parking_nearby": 0, "bike_parking_capacity_nearby": 0.0, "bike_sharing_nearby": 0, "bike_sharing_capacity_nearby": 0.0, "flat_terrain": 1, "roi_car_trips_per_day": 0.0, "roi_congestion_cost_yen_day": 0.0, "roi_operating_cost_yen_day": 0.0, "roi_emissions_kg_day": 0.0, "roi_shifted_trips_per_day": 0.0, "roi_congestion_savings_yen_day": 0.0, "roi_operating_savings_yen_day": 0.0, "roi_emissions_avoided_kg_day": 0.0, "roi_health_benefit_yen_day": 0.0, "roi_parking_spaces_freed": 0.0 }, "geometry": { "type": "Polygon", "coordinates": [ [ [ 139.689119313744015, 35.436568612194726 ], [ 139.688554605880284, 35.438321460237802 ], [ 139.686577375156503, 35.438795729428122 ], [ 139.685164948215544, 35.43751716936135 ], [ 139.685729705236668, 35.435764374434314 ], [ 139.687706840044569, 35.43529008645833 ], [ 139.689119313744015, 35.436568612194726 ] ] ] } },
{ "type": "Feature", "properties": { "hex_id": "892f5bd36d3ffff", "population": 623.88606907443886, "production_score": 0.22112207929826952, "attraction_score": 0.095066185318892896, "demand_score": 0.17288811483822908, "stress_score": 2.2444444444444445, "infra_quality_score": 0.58518518518518525, "gap_score": -0.41229707034695617, "schools_nearby": 9, "stations_nearby": 0, "shops_nearby": 52, "bike_parking_nearby": 1, "bike_parking_capacity_nearby": 4.0, "bike_sharing_nearby": 0, "bike_sharing_capacity_nearby": 0.0, "flat_terrain": 0, "roi_car_trips_per_day": 436.72024835210721, "roi_congestion_cost_yen_day": 152817.14930336937, "roi_operating_cost_yen_day": 21338.151334483959, "roi_emissions_kg_day": 113.54726457154787, "roi_shifted_trips_per_day": 87.344049670421441, "roi_congestion_savings_yen_day": 30563.42986067387, "roi_operating_savings_yen_day": 4267.6302668967919, "roi_emissions_avoided_kg_day": 22.709452914309576, "roi_health_benefit_yen_day": 2620.321490112643, "roi_parking_spaces_freed": 1.7468809934084288 }, "geometry": { "type": "Polygon", "coordinates": [ [ [ 139.659469843994884, 35.421040310877771 ], [ 139.658904770554244, 35.422792696134579 ], [ 139.656928503262606, 35.423266573352649 ], [ 139.65551740526837, 35.421988084147017 ], [ 139.65608252775516, 35.420235752030607 ], [ 139.658058699193219, 35.41976185597975 ], [ 139.659469843994884, 35.421040310877771 ] ] ] } },
{ "type": "Feature", "properties": { "hex_id": "892f5aa48b7ffff", "population": 1.863388239312346, "production_score": 0.00066043513782566181, "attraction_score": 0.024067388688327317, "demand_score": null, "stress_score": 4.0, "infra_quality_score": 0.0, "gap_score": null, "schools_nearby": 0, "stations_nearby": 0, "shops_nearby": 20, "bike_parking_nearby": 0, "bike_parking_capacity_nearby": 0.0, "bike_sharing_nearby": 0, "bike_sharing_capacity_nearby": 0.0, "flat_terrain": null, "roi_car_trips_per_day": 1.3043717675186424, "roi_congestion_cost_yen_day": 456.42576889012338, "roi_operating_cost_yen_day": 63.731604560960868, "roi_emissions_kg_day": 0.33913665955484701, "roi_shifted_trips_per_day": 0.26087435350372851, "roi_congestion_savings_yen_day": 91.285153778024679, "roi_operating_savings_yen_day": 12.746320912192175, "roi_emissions_avoided_kg_day": 0.067827331910969416, "roi_health_benefit_yen_day": 7.8262306051118555, "roi_parking_spaces_freed": 0.0052174870700745701 }, "geometry": { "type": "Polygon", "coordinates": [ [ [ 139.65352968264736, 35.456418422533247 ], [ 139.652964245157193, 35.45817070530375 ], [ 139.650987153852043, 35.458644057351712 ], [ 139.649575595980082, 35.457365145494698 ], [ 139.650141082544621, 35.455612915859433 ], [ 139.652118077909932, 35.455139544946228 ], [ 139.65352968264736, 35.456418422533247 ] ] ] } },
{ "type": "Feature", "properties": { "hex_id": "892f5aa6b07ffff", "population": 728.67382747612703, "production_score": 0.25826169207590532, "attraction_score": 0.096269554753309269, "demand_score": 0.34372879353308222, "stress_score": 2.3928571428571428, "infra_quality_score": 0.53571428571428581, "gap_score": -0.19198549218120359, "schools_nearby": 7, "stations_nearby": 0, "shops_nearby": 59, "bike_parking_nearby": 6, "bike_parking_capacity_nearby": 20.0, "bike_sharing_nearby": 3, "bike_sharing_capacity_nearby": 29.0, "flat_terrain": 1, "roi_car_trips_per_day": 510.07167923328888, "roi_congestion_cost_yen_day": 178484.28199731244, "roi_operating_cost_yen_day": 24922.102247338495, "roi_emissions_kg_day": 132.61863660065512, "roi_shifted_trips_per_day": 102.01433584665779, "roi_congestion_savings_yen_day": 35696.856399462493, "roi_operating_savings_yen_day": 4984.4204494676997, "roi_emissions_avoided_kg_day": 26.523727320131027, "roi_health_benefit_yen_day": 3060.4300753997336, "roi_parking_spaces_freed": 2.0402867169331556 }, "geometry": { "type": "Polygon", "coordinates": [ [ [ 139.667938254818466, 35.428711240131783 ], [ 139.667373261288532, 35.430463756856781 ], [ 139.665396633276202, 35.430937708465407 ], [ 139.66398509467669, 35.429659162170537 ], [ 139.664550137288757, 35.427906698578127 ], [ 139.666526669421415, 35.427432728148268 ], [ 139.667938254818466, 35.428711240131783 ] ] ] } },
{ "type": "Feature", "properties": { "hex_id": "892f5aa6b4bffff", "population": 66.150932920321253, "production_score": 0.023445677920909812, "attraction_score": 0.0, "demand_score": 0.20820598727231843, "stress_score": 2.0, "infra_quality_score": 0.66666666666666674, "gap_score": -0.45846067939434831, "schools_nearby": 0, "stations_nearby": 0, "shops_nearby": 0, "bike_parking_nearby": 0, "bike_parking_capacity_nearby": 0.0, "bike_sharing_nearby": 0, "bike_sharing_capacity_nearby": 0.0, "flat_terrain": 1, "roi_car_trips_per_day": 46.305653044224876, "roi_congestion_cost_yen_day": 16203.274113235169, "roi_operating_cost_yen_day": 2262.4942077408273, "roi_emissions_kg_day": 12.039469791498469, "roi_shifted_trips_per_day": 9.2611306088449759, "roi_congestion_savings_yen_day": 3240.6548226470341, "roi_operating_savings_yen_day": 452.4988415481655, "roi_emissions_avoided_kg_day": 2.4078939582996939, "roi_health_benefit_yen_day": 277.83391826534927, "roi_parking_spaces_freed": 0.18522261217689953 }, "geometry": { "type": "Polygon", "coordinates": [ [ [ 139.677256509156791, 35.439413759860329 ], [ 139.676691586548259, 35.441166420558986 ], [ 139.674714501858546, 35.441640427827892 ], [ 139.673302435694723, 35.440361793208417 ], [ 139.673867407427991, 35.438609185633183 ], [ 139.675844396203559, 35.438135159554307 ], [ 139.677256509156791, 35.439413759860329 ] ] ] } },
{ "type": "Feature", "properties": { "hex_id": "892f5aa686fffff", "population": 1.5515624197957938, "production_score": 0.00054991564234681668, "attraction_score": 0.0048134777376654635, "demand_score": 0.20187718768300428, "stress_score": 2.0, "infra_quality_score": 0.66666666666666674, "gap_score": -0.46478947898366246, "schools_nearby": 1, "stations_nearby": 0, "shops_nearby": 1, "bike_parking_nearby": 0, "bike_parking_capacity_nearby": 0.0, "bike_sharing_nearby": 0, "bike_sharing_capacity_nearby": 0.0, "flat_terrain": 1, "roi_car_trips_per_day": 1.0860936938570556, "roi_congestion_cost_yen_day": 380.0459053544609, "roi_operating_cost_yen_day": 53.066537881855737, "roi_emissions_kg_day": 0.28238436040283443, "roi_shifted_trips_per_day": 0.21721873877141112, "roi_congestion_savings_yen_day": 76.009181070892183, "roi_operating_savings_yen_day": 10.613307576371147, "roi_emissions_avoided_kg_day": 0.056476872080566891, "roi_health_benefit_yen_day": 6.5165621631423338, "roi_parking_spaces_freed": 0.0043443747754282223 }, "geometry": { "type": "Polygon", "coordinates": [ [ [ 139.682339803121607, 35.423639394020846 ], [ 139.681775082400748, 35.425392138585131 ], [ 139.679798319724341, 35.425866426853069 ], [ 139.678386373649602, 35.424587989347877 ], [ 139.67895114349011, 35.422835297907604 ], [ 139.680927810288892, 35.422360990848816 ], [ 139.682339803121607, 35.423639394020846 ] ] ] } },
{ "type": "Feature", "properties": { "hex_id": "892f5aa68b3ffff", "population": 0.0, "production_score": 0.0, "attraction_score": 0.0, "demand_score": 0.225, "stress_score": 2.5, "infra_quality_score": 0.5, "gap_score": -0.275, "schools_nearby": 0, "stations_nearby": 0, "shops_nearby": 0, "bike_parking_nearby": 0, "bike_parking_capacity_nearby": 0.0, "bike_sharing_nearby": 0, "bike_sharing_capacity_nearby": 0.0, "flat_terrain": 1, "roi_car_trips_per_day": 0.0, "roi_congestion_cost_yen_day": 0.0, "roi_operating_cost_yen_day": 0.0, "roi_emissions_kg_day": 0.0, "roi_shifted_trips_per_day": 0.0, "roi_congestion_savings_yen_day": 0.0, "roi_operating_savings_yen_day": 0.0, "roi_emissions_avoided_kg_day": 0.0, "roi_health_benefit_yen_day": 0.0, "roi_parking_spaces_freed": 0.0 }, "geometry": { "type": "Polygon", "coordinates": [ [ [ 139.68657391777748, 35.404833253549484 ], [ 139.686009407908472, 35.406586069013834 ], [ 139.684033063013658, 35.407060656904427 ], [ 139.682621323823639, 35.405782448102457 ], [ 139.683185882800558, 35.404029685764115 ], [ 139.685162131862768, 35.403555079102013 ], [ 139.68657391777748, 35.404833253549484 ] ] ] } },
{ "type": "Feature", "properties": { "hex_id": "892f5aa6b8fffff", "population": 834.45216982816873, "production_score": 0.29575239456956354, "attraction_score": 0.085439229843561976, "demand_score": 0.35508373521126058, "stress_score": 2.4333333333333331, "infra_quality_score": 0.52222222222222237, "gap_score": -0.16713848701096179, "schools_nearby": 7, "stations_nearby": 0, "shops_nearby": 50, "bike_parking_nearby": 1, "bike_parking_capacity_nearby": 4.0, "bike_sharing_nearby": 0, "bike_sharing_capacity_nearby": 0.0, "flat_terrain": 1, "roi_car_trips_per_day": 584.11651887971811, "roi_congestion_cost_yen_day": 204394.05228639097, "roi_operating_cost_yen_day": 28539.933112463026, "roi_emissions_kg_day": 151.87029490872672, "roi_shifted_trips_per_day": 116.82330377594363, "roi_congestion_savings_yen_day": 40878.810457278196, "roi_operating_savings_yen_day": 5707.9866224926054, "roi_emissions_avoided_kg_day": 30.374058981745346, "roi_health_benefit_yen_day": 3504.6991132783087, "roi_parking_spaces_freed": 2.3364660755188726 }, "geometry": { "type": "Polygon", "coordinates": [ [ [ 139.673021289110096, 35.424257957294031 ], [ 139.672456411968369, 35.426010555087068 ], [ 139.670479806765456, 35.42648465640373 ], [ 139.669068174579536, 35.425206178736538 ], [ 139.669633100813115, 35.42345363407378 ], [ 139.671609610143918, 35.422979513948206 ], [ 139.673021289110096, 35.424257957294031 ] ] ] } },
{ "type": "Feature", "properties": { "hex_id": "892f5aa4983ffff", "population": 275.84969426046371, "production_score": 0.097768584669884459, "attraction_score": 0.44404332129963897, "demand_score": 0.2669068943620605, "stress_score": 2.5454545454545454, "infra_quality_score": 0.48484848484848486, "gap_score": -0.21794159048642436, "schools_nearby": 1, "stations_nearby": 6, "shops_nearby": 348, "bike_parking_nearby": 1, "bike_parking_capacity_nearby": 4.0, "bike_sharing_nearby": 4, "bike_sharing_capacity_nearby": 1049.0, "flat_terrain": 0, "roi_car_trips_per_day": 193.09478598232462, "roi_congestion_cost_yen_day": 67567.72751093503, "roi_operating_cost_yen_day": 9434.6112430963803, "roi_emissions_kg_day": 50.204644355404405, "roi_shifted_trips_per_day": 38.618957196464926, "roi_congestion_savings_yen_day": 13513.545502187008, "roi_operating_savings_yen_day": 1886.9222486192762, "roi_emissions_avoided_kg_day": 10.040928871080881, "roi_health_benefit_yen_day": 1158.5687158939477, "roi_parking_spaces_freed": 0.77237914392929852 }, "geometry": { "type": "Polygon", "coordinates": [ [ [ 139.63997659168723, 35.453196042291815 ], [ 139.63941095796838, 35.454948112506209 ], [ 139.63743420506907, 35.455421240442107 ], [ 139.636023181813016, 35.454142317052955 ], [ 139.636588864560451, 35.452390299983897 ], [ 139.638565521538567, 35.451917153158931 ], [ 139.63997659168723, 35.453196042291815 ] ] ] } },
{ "type": "Feature", "properties": { "hex_id": "892f5aa6bd3ffff", "population": 8.8427287822105516, "production_score": 0.0031341019970102151, "attraction_score": 0.0048134777376654635, "demand_score": 0.2527816529071365, "stress_score": 3.0, "infra_quality_score": 0.33333333333333337, "gap_score": -0.08055168042619687, "schools_nearby": 1, "stations_nearby": 0, "shops_nearby": 1, "bike_parking_nearby": 0, "bike_parking_capacity_nearby": 0.0, "bike_sharing_nearby": 0, "bike_sharing_capacity_nearby": 0.0, "flat_terrain": 1, "roi_car_trips_per_day": 6.1899101475473861, "roi_congestion_cost_yen_day": 2165.9733588297813, "roi_operating_cost_yen_day": 302.43900980916527, "roi_emissions_kg_day": 1.6093766383623205, "roi_shifted_trips_per_day": 1.2379820295094772, "roi_congestion_savings_yen_day": 433.19467176595629, "roi_operating_savings_yen_day": 60.487801961833057, "roi_emissions_avoided_kg_day": 0.32187532767246407, "roi_health_benefit_yen_day": 37.139460885284315, "roi_parking_spaces_freed": 0.024759640590189546 }, "geometry": { "type": "Polygon", "coordinates": [ [ [ 139.683187162036376, 35.426670573153906 ], [ 139.682622432239015, 35.428423330322573 ], [ 139.680645573676628, 35.42889759979947 ], [ 139.679233540800766, 35.427619130899068 ], [ 139.679798319724341, 35.425866426853069 ], [ 139.681775082400748, 35.425392138585131 ], [ 139.683187162036376, 35.426670573153906 ] ] ] } },
{ "type": "Feature", "properties": { "hex_id": "892f5aa693bffff", "population": 62.240982646268606, "production_score": 0.022059885903091565, "attraction_score": 0.010830324909747292, "demand_score": 0.21151157378449359, "stress_score": 2.0, "infra_quality_score": 0.66666666666666674, "gap_score": -0.45515509288217315, "schools_nearby": 2, "stations_nearby": 0, "shops_nearby": 3, "bike_parking_nearby": 0, "bike_parking_capacity_nearby": 0.0, "bike_sharing_nearby": 0, "bike_sharing_capacity_nearby": 0.0, "flat_terrain": 1, "roi_car_trips_per_day": 43.568687852388024, "roi_congestion_cost_yen_day": 15245.555253307619, "roi_operating_cost_yen_day": 2128.7660884676789, "roi_emissions_kg_day": 11.327858841620886, "roi_shifted_trips_per_day": 8.7137375704776048, "roi_congestion_savings_yen_day": 3049.1110506615237, "roi_operating_savings_yen_day": 425.75321769353576, "roi_emissions_avoided_kg_day": 2.2655717683241772, "roi_health_benefit_yen_day": 261.41212711432814, "roi_parking_spaces_freed": 0.17427475140955209 }, "geometry": { "type": "Polygon", "coordinates": [ [ [ 139.659472791648255, 35.409721564060142 ], [ 139.658907803734678, 35.41147395194993 ], [ 139.656931835337133, 35.411947960486287 ], [ 139.655520950680938, 35.410669599959057 ], [ 139.656085987625858, 35.408917265212537 ], [ 139.658061860198785, 35.40844323785025 ], [ 139.659472791648255, 35.409721564060142 ] ] ] } },
{ "type": "Feature", "properties": { "hex_id": "892f5aa4ca3ffff", "population": 0.0, "production_score": 0.0, "attraction_score": 0.0, "demand_score": 0.2, "stress_score": 2.0, "infra_quality_score": 0.66666666666666674, "gap_score": -0.46666666666666679, "schools_nearby": 0, "stations_nearby": 0, "shops_nearby": 0, "bike_parking_nearby": 0, "bike_parking_capacity_nearby": 0.0, "bike_sharing_nearby": 0, "bike_sharing_capacity_nearby": 0.0, "flat_terrain": 1, "roi_car_trips_per_day": 0.0, "roi_congestion_cost_yen_day": 0.0, "roi_operating_cost_yen_day": 0.0, "roi_emissions_kg_day": 0.0, "roi_shifted_trips_per_day": 0.0, "roi_congestion_savings_yen_day": 0.0, "roi_operating_savings_yen_day": 0.0, "roi_emissions_avoided_kg_day": 0.0, "roi_health_benefit_yen_day": 0.0, "roi_parking_spaces_freed": 0.0 }, "geometry": { "type": "Polygon", "coordinates": [ [ [ 139.672172424910912, 35.443866980344289 ], [ 139.671607385857897, 35.445619559897509 ], [ 139.669630278320938, 35.446093417396732 ], [ 139.66821830576194, 35.444814714165283 ], [ 139.668783393929942, 35.443062187737837 ], [ 139.67076040554511, 35.44258831141633 ], [ 139.672172424910912, 35.443866980344289 ] ] ] } },
{ "type": "Feature", "properties": { "hex_id": "892f5bd3617ffff", "population": 1042.6881313374397, "production_score": 0.36955684553593138, "attraction_score": 0.080625752105896509, "demand_score": 0.20399248060321118, "stress_score": 1.9285714285714286, "infra_quality_score": 0.69047619047619047, "gap_score": -0.48648370987297929, "schools_nearby": 11, "stations_nearby": 1, "shops_nearby": 31, "bike_parking_nearby": 0, "bike_parking_capacity_nearby": 0.0, "bike_sharing_nearby": 0, "bike_sharing_capacity_nearby": 0.0, "flat_terrain": 0, "roi_car_trips_per_day": 729.88169193620774, "roi_congestion_cost_yen_day": 255400.20164231781, "roi_operating_cost_yen_day": 35662.019468003113, "roi_emissions_kg_day": 189.76923990341402, "roi_shifted_trips_per_day": 145.97633838724155, "roi_congestion_savings_yen_day": 51080.040328463569, "roi_operating_savings_yen_day": 7132.4038936006227, "roi_emissions_avoided_kg_day": 37.953847980682802, "roi_health_benefit_yen_day": 4379.2901516172469, "roi_parking_spaces_freed": 2.9195267677448311 }, "geometry": { "type": "Polygon", "coordinates": [ [ [ 139.646767315011886, 35.420852392835975 ], [ 139.646202036307415, 35.422604578126332 ], [ 139.644226011196139, 35.423078212520672 ], [ 139.642815360635893, 35.42179968048174 ], [ 139.643380688347349, 35.420047548340484 ], [ 139.645356617615192, 35.419573895089364 ], [ 139.646767315011886, 35.420852392835975 ] ] ] } },
{ "type": "Feature", "properties": { "hex_id": "892f5aa4d2bffff", "population": 827.95577103239918, "production_score": 0.29344989531388621, "attraction_score": 0.59326113116726831, "demand_score": 0.5427018004448747, "stress_score": 2.6470588235294117, "infra_quality_score": 0.45098039215686281, "gap_score": 0.091721408288011896, "schools_nearby": 5, "stations_nearby": 6, "shops_nearby": 460, "bike_parking_nearby": 0, "bike_parking_capacity_nearby": 0.0, "bike_sharing_nearby": 6, "bike_sharing_capacity_nearby": 2082.0, "flat_terrain": 1, "roi_car_trips_per_day": 579.56903972267946, "roi_congestion_cost_yen_day": 202802.79837976, "roi_operating_cost_yen_day": 28317.743280850118, "roi_emissions_kg_day": 150.68795032789666, "roi_shifted_trips_per_day": 115.9138079445359, "roi_congestion_savings_yen_day": 40560.559675952005, "roi_operating_savings_yen_day": 5663.5486561700245, "roi_emissions_avoided_kg_day": 30.137590065579335, "roi_health_benefit_yen_day": 3477.4142383360772, "roi_parking_spaces_freed": 2.3182761588907179 }, "geometry": { "type": "Polygon", "coordinates": [ [ [ 139.645061156366722, 35.44874529939861 ], [ 139.644495639052536, 35.450497450876831 ], [ 139.642518908788844, 35.450970728606393 ], [ 139.641107791756156, 35.449691873734771 ], [ 139.641673358108619, 35.447939775399583 ], [ 139.643649992458649, 35.447466478793274 ], [ 139.645061156366722, 35.44874529939861 ] ] ] } },
{ "type": "Feature", "properties": { "hex_id": "892f5aa69c3ffff", "population": 35.621144843430841, "production_score": 0.012625096159703577, "attraction_score": 0.0036101083032490976, "demand_score": 0.20568232156203342, "stress_score": 2.0, "infra_quality_score": 0.66666666666666674, "gap_score": -0.46098434510463332, "schools_nearby": 1, "stations_nearby": 0, "shops_nearby": 0, "bike_parking_nearby": 0, "bike_parking_capacity_nearby": 0.0, "bike_sharing_nearby": 0, "bike_sharing_capacity_nearby": 0.0, "flat_terrain": 1, "roi_car_trips_per_day": 24.934801390401589, "roi_congestion_cost_yen_day": 8725.1857025293248, "roi_operating_cost_yen_day": 1218.3143959350216, "roi_emissions_kg_day": 6.4830483615044132, "roi_shifted_trips_per_day": 4.9869602780803177, "roi_congestion_savings_yen_day": 1745.037140505865, "roi_operating_savings_yen_day": 243.66287918700431, "roi_emissions_avoided_kg_day": 1.2966096723008826, "roi_health_benefit_yen_day": 149.60880834240953, "roi_parking_spaces_freed": 0.099739205561606356 }, "geometry": { "type": "Polygon", "coordinates": [ [ [ 139.67471642772756, 35.407680313824173 ], [ 139.674151703316852, 35.409432942099194 ], [ 139.672175504362713, 35.409907268293352 ], [ 139.67076412565342, 35.408628985008534 ], [ 139.671328899139496, 35.406876409866896 ], [ 139.67330500226268, 35.406402064877 ], [ 139.67471642772756, 35.407680313824173 ] ] ] } },
{ "type": "Feature", "properties": { "hex_id": "892f5aa4d6fffff", "population": 49.541229313436759, "production_score": 0.017558750194616807, "attraction_score": 0.14681107099879662, "demand_score": 0.25752943741769468, "stress_score": 2.0, "infra_quality_score": 0.66666666666666674, "gap_score": -0.40913722924897206, "schools_nearby": 0, "stations_nearby": 2, "shops_nearby": 116, "bike_parking_nearby": 2, "bike_parking_capacity_nearby": 8.0, "bike_sharing_nearby": 3, "bike_sharing_capacity_nearby": 1013.0, "flat_terrain": 1, "roi_car_trips_per_day": 34.678860519405731, "roi_congestion_cost_yen_day": 12134.826872950454, "roi_operating_cost_yen_day": 1694.4091249781641, "roi_emissions_kg_day": 9.0165037350454895, "roi_shifted_trips_per_day": 6.9357721038811464, "roi_congestion_savings_yen_day": 2426.965374590091, "roi_operating_savings_yen_day": 338.88182499563283, "roi_emissions_avoided_kg_day": 1.803300747009098, "roi_health_benefit_yen_day": 208.07316311643439, "roi_parking_spaces_freed": 0.13871544207762293 }, "geometry": { "type": "Polygon", "coordinates": [ [ [ 139.646752700681958, 35.454807350248572 ], [ 139.646187165054499, 35.456559526746076 ], [ 139.644210242938243, 35.457032766721525 ], [ 139.64279895238306, 35.455753849076928 ], [ 139.643364537061927, 35.454001725719721 ], [ 139.645341363247695, 35.45352846686712 ], [ 139.646752700681958, 35.454807350248572 ] ] ] } },
{ "type": "Feature", "properties": { "hex_id": "892f5aa6a07ffff", "population": 0.0, "production_score": 0.0, "attraction_score": 0.0, "demand_score": 0.2, "stress_score": 2.0, "infra_quality_score": 0.66666666666666674, "gap_score": -0.46666666666666679, "schools_nearby": 0, "stations_nearby": 0, "shops_nearby": 0, "bike_parking_nearby": 0, "bike_parking_capacity_nearby": 0.0, "bike_sharing_nearby": 0, "bike_sharing_capacity_nearby": 0.0, "flat_terrain": 1, "roi_car_trips_per_day": 0.0, "roi_congestion_cost_yen_day": 0.0, "roi_operating_cost_yen_day": 0.0, "roi_emissions_kg_day": 0.0, "roi_shifted_trips_per_day": 0.0, "roi_congestion_savings_yen_day": 0.0, "roi_operating_savings_yen_day": 0.0, "roi_emissions_avoided_kg_day": 0.0, "roi_health_benefit_yen_day": 0.0, "roi_parking_spaces_freed": 0.0 }, "geometry": { "type": "Polygon", "coordinates": [ [ [ 139.691661182627627, 35.434341379546439 ], [ 139.691096532993157, 35.436094268128706 ], [ 139.689119313744015, 35.436568612194726 ], [ 139.687706840044569, 35.43529008645833 ], [ 139.688271538841263, 35.433537250990888 ], [ 139.690248662178334, 35.433062888145336 ], [ 139.691661182627627, 35.434341379546439 ] ] ] } },
{ "type": "Feature", "properties": { "hex_id": "892f5bd365bffff", "population": 1308.9582534059573, "production_score": 0.46393017099604772, "attraction_score": 0.18531889290012032, "demand_score": 0.28244550569699212, "stress_score": 2.1041666666666665, "infra_quality_score": 0.63194444444444442, "gap_score": -0.3494989387474523, "schools_nearby": 21, "stations_nearby": 1, "shops_nearby": 88, "bike_parking_nearby": 0, "bike_parking_capacity_nearby": 0.0, "bike_sharing_nearby": 0, "bike_sharing_capacity_nearby": 0.0, "flat_terrain": 0, "roi_car_trips_per_day": 916.27077738417006, "roi_congestion_cost_yen_day": 320621.47042226879, "roi_operating_cost_yen_day": 44768.99018299055, "roi_emissions_kg_day": 238.23040211988422, "roi_shifted_trips_per_day": 183.25415547683403, "roi_congestion_savings_yen_day": 64124.294084453766, "roi_operating_savings_yen_day": 8953.7980365981111, "roi_emissions_avoided_kg_day": 47.646080423976848, "roi_health_benefit_yen_day": 5497.6246643050208, "roi_parking_spaces_freed": 3.6650831095366807 }, "geometry": { "type": "Polygon", "coordinates": [ [ [ 139.656079066837577, 35.431554482714148 ], [ 139.655513858782967, 35.433306812063144 ], [ 139.653537377027789, 35.433780501900529 ], [ 139.652126199208311, 35.432501881234721 ], [ 139.652691456312482, 35.430749605025717 ], [ 139.654667842189696, 35.43027589634282 ], [ 139.656079066837577, 35.431554482714148 ] ] ] } },
{ "type": "Feature", "properties": { "hex_id": "892f5aa4db3ffff", "population": 1525.5909064646946, "production_score": 0.54071063631291827, "attraction_score": 0.52346570397111913, "demand_score": 0.43155262819032214, "stress_score": 2.1818181818181817, "infra_quality_score": 0.60606060606060619, "gap_score": -0.17450797787028405, "schools_nearby": 28, "stations_nearby": 2, "shops_nearby": 345, "bike_parking_nearby": 1, "bike_parking_capacity_nearby": 7.0, "bike_sharing_nearby": 0, "bike_sharing_capacity_nearby": 0.0, "flat_terrain": 0, "roi_car_trips_per_day": 1067.9136345252864, "roi_congestion_cost_yen_day": 373684.33899308823, "roi_operating_cost_yen_day": 52178.260182905491, "roi_emissions_kg_day": 277.65754497657446, "roi_shifted_trips_per_day": 213.58272690505729, "roi_congestion_savings_yen_day": 74736.867798617648, "roi_operating_savings_yen_day": 10435.652036581099, "roi_emissions_avoided_kg_day": 55.531508995314894, "roi_health_benefit_yen_day": 6407.4818071517184, "roi_parking_spaces_freed": 4.2716545381011457 }, "geometry": { "type": "Polygon", "coordinates": [ [ [ 139.650995617677268, 35.436006405656308 ], [ 139.650430293247922, 35.437758653861394 ], [ 139.648453788793176, 35.438232193968638 ], [ 139.647042704656485, 35.436953504728926 ], [ 139.647608078125643, 35.435201309666127 ], [ 139.649584486694863, 35.434727750701043 ], [ 139.650995617677268, 35.436006405656308 ] ] ] } },
{ "type": "Feature", "properties": { "hex_id": "892f5aa6d6bffff", "population": 0.0, "production_score": 0.0, "attraction_score": 0.0, "demand_score": 0.2, "stress_score": 2.0, "infra_quality_score": 0.66666666666666674, "gap_score": -0.46666666666666679, "schools_nearby": 0, "stations_nearby": 0, "shops_nearby": 0, "bike_parking_nearby": 0, "bike_parking_capacity_nearby": 0.0, "bike_sharing_nearby": 0, "bike_sharing_capacity_nearby": 0.0, "flat_terrain": 1, "roi_car_trips_per_day": 0.0, "roi_congestion_cost_yen_day": 0.0, "roi_operating_cost_yen_day": 0.0, "roi_emissions_kg_day": 0.0, "roi_shifted_trips_per_day": 0.0, "roi_congestion_savings_yen_day": 0.0, "roi_operating_savings_yen_day": 0.0, "roi_emissions_avoided_kg_day": 0.0, "roi_health_benefit_yen_day": 0.0, "roi_parking_spaces_freed": 0.0 }, "geometry": { "type": "Polygon", "coordinates": [ [ [ 139.6797980656915, 35.403226059036008 ], [ 139.679233457618039, 35.40497876824584 ], [ 139.677257281506201, 35.405453244067445 ], [ 139.675845809294344, 35.40417502946292 ], [ 139.676410466452893, 35.402422373384141 ], [ 139.678386546741336, 35.401947878779119 ], [ 139.6797980656915, 35.403226059036008 ] ] ] } },
{ "type": "Feature", "properties": { "hex_id": "892f5bd344bffff", "population": 5.9745738017232073, "production_score": 0.0021175503788983859, "attraction_score": 0.013237063778580024, "demand_score": 0.20537411495511743, "stress_score": 2.0, "infra_quality_score": 0.66666666666666674, "gap_score": -0.46129255171154931, "schools_nearby": 2, "stations_nearby": 0, "shops_nearby": 5, "bike_parking_nearby": 0, "bike_parking_capacity_nearby": 0.0, "bike_sharing_nearby": 0, "bike_sharing_capacity_nearby": 0.0, "flat_terrain": 1, "roi_car_trips_per_day": 4.1822016612062445, "roi_congestion_cost_yen_day": 1463.4360052892891, "roi_operating_cost_yen_day": 204.3423731665371, "roi_emissions_kg_day": 1.0873724319136235, "roi_shifted_trips_per_day": 0.83644033224124892, "roi_congestion_savings_yen_day": 292.68720105785786, "roi_operating_savings_yen_day": 40.868474633307422, "roi_emissions_avoided_kg_day": 0.21747448638272474, "roi_health_benefit_yen_day": 25.093209967237467, "roi_parking_spaces_freed": 0.01672880664482498 }, "geometry": { "type": "Polygon", "coordinates": [ [ [ 139.647617561244942, 35.412565148555807 ], [ 139.647052358985491, 35.41431734913877 ], [ 139.645076536872125, 35.414791096070317 ], [ 139.643666012844221, 35.413512661269401 ], [ 139.644231264102388, 35.41176051383713 ], [ 139.646206990392898, 35.411286748055396 ], [ 139.647617561244942, 35.412565148555807 ] ] ] } },
{ "type": "Feature", "properties": { "hex_id": "892f5aa6b17ffff", "population": 728.70433271328579, "production_score": 0.25827250395615781, "attraction_score": 0.092659446450060162, "demand_score": 0.33051849033448399, "stress_score": 2.1538461538461537, "infra_quality_score": 0.61538461538461542, "gap_score": -0.28486612505013142, "schools_nearby": 7, "stations_nearby": 0, "shops_nearby": 56, "bike_parking_nearby": 0, "bike_parking_capacity_nearby": 0.0, "bike_sharing_nearby": 4, "bike_sharing_capacity_nearby": 1022.0, "flat_terrain": 1, "roi_car_trips_per_day": 510.09303289930011, "roi_congestion_cost_yen_day": 178491.75407212309, "roi_operating_cost_yen_day": 24923.145587459803, "roi_emissions_kg_day": 132.62418855381804, "roi_shifted_trips_per_day": 102.01860657986003, "roi_congestion_savings_yen_day": 35698.350814424623, "roi_operating_savings_yen_day": 4984.6291174919616, "roi_emissions_avoided_kg_day": 26.52483771076361, "roi_health_benefit_yen_day": 3060.558197395801, "roi_parking_spaces_freed": 2.0403721315972008 }, "geometry": { "type": "Polygon", "coordinates": [ [ [ 139.670479806765456, 35.42648465640373 ], [ 139.669914871430024, 35.428237213667209 ], [ 139.667938254818466, 35.428711240131783 ], [ 139.666526669421415, 35.427432728148268 ], [ 139.667091653843869, 35.425680224016212 ], [ 139.669068174579536, 35.425206178736538 ], [ 139.670479806765456, 35.42648465640373 ] ] ] } },
{ "type": "Feature", "properties": { "hex_id": "892f5aa683bffff", "population": 0.0, "production_score": 0.0, "attraction_score": 0.0, "demand_score": 0.2, "stress_score": 2.0, "infra_quality_score": 0.66666666666666674, "gap_score": -0.46666666666666679, "schools_nearby": 0, "stations_nearby": 0, "shops_nearby": 0, "bike_parking_nearby": 0, "bike_parking_capacity_nearby": 0.0, "bike_sharing_nearby": 0, "bike_sharing_capacity_nearby": 0.0, "flat_terrain": 1, "roi_car_trips_per_day": 0.0, "roi_congestion_cost_yen_day": 0.0, "roi_operating_cost_yen_day": 0.0, "roi_emissions_kg_day": 0.0, "roi_shifted_trips_per_day": 0.0, "roi_congestion_savings_yen_day": 0.0, "roi_operating_savings_yen_day": 0.0, "roi_emissions_avoided_kg_day": 0.0, "roi_health_benefit_yen_day": 0.0, "roi_parking_spaces_freed": 0.0 }, "geometry": { "type": "Polygon", "coordinates": [ [ [ 139.683186522321705, 35.415350007295316 ], [ 139.682621877947469, 35.41710276711752 ], [ 139.68064531845809, 35.417577167803351 ], [ 139.67923349920315, 35.416298827451556 ], [ 139.679798192688708, 35.414546120754984 ], [ 139.681774656321096, 35.414071701284868 ], [ 139.683186522321705, 35.415350007295316 ] ] ] } },
{ "type": "Feature", "properties": { "hex_id": "892f5aa6b5bffff", "population": 0.0, "production_score": 0.0, "attraction_score": 0.0012033694344163659, "demand_score": 0.2004211793020457, "stress_score": 2.0, "infra_quality_score": 0.66666666666666674, "gap_score": -0.46624548736462101, "schools_nearby": 0, "stations_nearby": 0, "shops_nearby": 1, "bike_parking_nearby": 0, "bike_parking_capacity_nearby": 0.0, "bike_sharing_nearby": 0, "bike_sharing_capacity_nearby": 0.0, "flat_terrain": 1, "roi_car_trips_per_day": 0.0, "roi_congestion_cost_yen_day": 0.0, "roi_operating_cost_yen_day": 0.0, "roi_emissions_kg_day": 0.0, "roi_shifted_trips_per_day": 0.0, "roi_congestion_savings_yen_day": 0.0, "roi_operating_savings_yen_day": 0.0, "roi_emissions_avoided_kg_day": 0.0, "roi_health_benefit_yen_day": 0.0, "roi_parking_spaces_freed": 0.0 }, "geometry": { "type": "Polygon", "coordinates": [ [ [ 139.679798446798486, 35.437186976454399 ], [ 139.67923358241103, 35.438939677712426 ], [ 139.677256509156791, 35.439413759860329 ], [ 139.675844396203559, 35.438135159554307 ], [ 139.676409309720611, 35.436382511418564 ], [ 139.678386287064455, 35.435908410466851 ], [ 139.679798446798486, 35.437186976454399 ] ] ] } },
{ "type": "Feature", "properties": { "hex_id": "892f5aa4993ffff", "population": 75.308722434157602, "production_score": 0.026691445953652613, "attraction_score": 0.50902527075812276, "demand_score": 0.43281335084912143, "stress_score": 2.90625, "infra_quality_score": 0.36458333333333337, "gap_score": 0.068230017515788055, "schools_nearby": 1, "stations_nearby": 7, "shops_nearby": 399, "bike_parking_nearby": 2, "bike_parking_capacity_nearby": 8.0, "bike_sharing_nearby": 3, "bike_sharing_capacity_nearby": 1024.0, "flat_terrain": 1, "roi_car_trips_per_day": 52.71610570391033, "roi_congestion_cost_yen_day": 18446.419707912304, "roi_operating_cost_yen_day": 2575.7089246930586, "roi_emissions_kg_day": 13.706187483016686, "roi_shifted_trips_per_day": 10.543221140782066, "roi_congestion_savings_yen_day": 3689.2839415824606, "roi_operating_savings_yen_day": 515.14178493861175, "roi_emissions_avoided_kg_day": 2.741237496603337, "roi_health_benefit_yen_day": 316.29663422346198, "roi_parking_spaces_freed": 0.21086442281564133 }, "geometry": { "type": "Polygon", "coordinates": [ [ [ 139.642518908788844, 35.450970728606393 ], [ 139.64195333327271, 35.452722839457152 ], [ 139.63997659168723, 35.453196042291815 ], [ 139.638565521538567, 35.451917153158931 ], [ 139.639131146088118, 35.450165095452356 ], [ 139.641107791756156, 35.449691873734771 ], [ 139.642518908788844, 35.450970728606393 ] ] ] } },
{ "type": "Feature", "properties": { "hex_id": "892f5aa6907ffff", "population": 22.575044798534901, "production_score": 0.0080012058187310161, "attraction_score": 0.0012033694344163659, "demand_score": 0.20322160133860157, "stress_score": 2.0, "infra_quality_score": 0.66666666666666674, "gap_score": -0.46344506532806518, "schools_nearby": 0, "stations_nearby": 0, "shops_nearby": 1, "bike_parking_nearby": 0, "bike_parking_capacity_nearby": 0.0, "bike_sharing_nearby": 0, "bike_sharing_capacity_nearby": 0.0, "flat_terrain": 1, "roi_car_trips_per_day": 15.802531358974433, "roi_congestion_cost_yen_day": 5529.6217731323341, "roi_operating_cost_yen_day": 772.11168219949082, "roi_emissions_kg_day": 4.1086581533333524, "roi_shifted_trips_per_day": 3.1605062717948869, "roi_congestion_savings_yen_day": 1105.9243546264668, "roi_operating_savings_yen_day": 154.42233643989817, "roi_emissions_avoided_kg_day": 0.82173163066667065, "roi_health_benefit_yen_day": 94.815188153846606, "roi_parking_spaces_freed": 0.06321012543589774 }, "geometry": { "type": "Polygon", "coordinates": [ [ [ 139.662013678437006, 35.407495052324094 ], [ 139.661448748679362, 35.409247480707087 ], [ 139.659472791648255, 35.409721564060142 ], [ 139.658061860198785, 35.40844323785025 ], [ 139.658626838992603, 35.406690862609423 ], [ 139.660602700202929, 35.406216760436592 ], [ 139.662013678437006, 35.407495052324094 ] ] ] } },
{ "type": "Feature", "properties": { "hex_id": "892f5bd32c3ffff", "population": 2367.6560187683622, "production_score": 0.83916126338550556, "attraction_score": 0.80024067388688325, "demand_score": 0.82712401137866942, "stress_score": 3.0666666666666669, "infra_quality_score": 0.31111111111111101, "gap_score": 0.51601290026755842, "schools_nearby": 20, "stations_nearby": 6, "shops_nearby": 587, "bike_parking_nearby": 0, "bike_parking_capacity_nearby": 0.0, "bike_sharing_nearby": 8, "bike_sharing_capacity_nearby": 59.0, "flat_terrain": 1, "roi_car_trips_per_day": 1657.3592131378534, "roi_congestion_cost_yen_day": 579943.13586119772, "roi_operating_cost_yen_day": 80978.571153915516, "roi_emissions_kg_day": 430.91339541584193, "roi_shifted_trips_per_day": 331.47184262757071, "roi_congestion_savings_yen_day": 115988.62717223955, "roi_operating_savings_yen_day": 16195.714230783105, "roi_emissions_avoided_kg_day": 86.182679083168381, "roi_health_benefit_yen_day": 9944.1552788271219, "roi_parking_spaces_freed": 6.6294368525514145 }, "geometry": { "type": "Polygon", "coordinates": [ [ [ 139.639137171522123, 35.438847179398238 ], [ 139.638571632666356, 35.440599240132109 ], [ 139.636595274700142, 35.441072518497158 ], [ 139.635184551476584, 35.439793755010726 ], [ 139.635750139339535, 35.43804174742651 ], [ 139.637726401422043, 35.437568450179377 ], [ 139.639137171522123, 35.438847179398238 ] ] ] } },
{ "type": "Feature", "properties": { "hex_id": "892f5aa49d7ffff", "population": 39.850955754730478, "production_score": 0.014124255429492447, "attraction_score": 0.068592057761732855, "demand_score": 0.22895070961692884, "stress_score": 2.0, "infra_quality_score": 0.66666666666666674, "gap_score": -0.43771595704973787, "schools_nearby": 0, "stations_nearby": 1, "shops_nearby": 54, "bike_parking_nearby": 1, "bike_parking_capacity_nearby": 4.0, "bike_sharing_nearby": 4, "bike_sharing_capacity_nearby": 1049.0, "flat_terrain": 1, "roi_car_trips_per_day": 27.895669028311332, "roi_congestion_cost_yen_day": 9761.2525063867015, "roi_operating_cost_yen_day": 1362.9823887232917, "roi_emissions_kg_day": 7.2528739473609463, "roi_shifted_trips_per_day": 5.5791338056622664, "roi_congestion_savings_yen_day": 1952.2505012773404, "roi_operating_savings_yen_day": 272.59647774465833, "roi_emissions_avoided_kg_day": 1.4505747894721892, "roi_health_benefit_yen_day": 167.37401416986799, "roi_parking_spaces_freed": 0.11158267611324534 }, "geometry": { "type": "Polygon", "coordinates": [ [ [ 139.644210242938243, 35.457032766721525 ], [ 139.643644649097581, 35.458784902576056 ], [ 139.641667715652005, 35.459258067644299 ], [ 139.640256471984543, 35.457979115741601 ], [ 139.640822114871781, 35.456227033028462 ], [ 139.64279895238306, 35.455753849076928 ], [ 139.644210242938243, 35.457032766721525 ] ] ] } },
{ "type": "Feature", "properties": { "hex_id": "892f5aa4cb3ffff", "population": 53.959691418317497, "production_score": 0.019124772544468739, "attraction_score": 0.0, "demand_score": 0.20669367039056405, "stress_score": 2.0, "infra_quality_score": 0.66666666666666674, "gap_score": -0.45997299627610266, "schools_nearby": 0, "stations_nearby": 0, "shops_nearby": 0, "bike_parking_nearby": 0, "bike_parking_capacity_nearby": 0.0, "bike_sharing_nearby": 0, "bike_sharing_capacity_nearby": 0.0, "flat_terrain": 1, "roi_car_trips_per_day": 37.771783992822243, "roi_congestion_cost_yen_day": 13217.10265476836, "roi_operating_cost_yen_day": 1845.5293658892947, "roi_emissions_kg_day": 9.8206638381337843, "roi_shifted_trips_per_day": 7.5543567985644486, "roi_congestion_savings_yen_day": 2643.4205309536719, "roi_operating_savings_yen_day": 369.10587317785894, "roi_emissions_avoided_kg_day": 1.9641327676267568, "roi_health_benefit_yen_day": 226.63070395693347, "roi_parking_spaces_freed": 0.15108713597128898 }, "geometry": { "type": "Polygon", "coordinates": [ [ [ 139.674714501858546, 35.441640427827892 ], [ 139.67414952102817, 35.443393047958281 ], [ 139.672172424910912, 35.443866980344289 ], [ 139.67076040554511, 35.44258831141633 ], [ 139.67132543549539, 35.440835744410542 ], [ 139.673302435694723, 35.440361793208417 ], [ 139.674714501858546, 35.441640427827892 ] ] ] } },
{ "type": "Feature", "properties": { "hex_id": "892f5aa694bffff", "population": 904.31074751101119, "production_score": 0.32051216196902876, "attraction_score": 0.063778580024067388, "demand_score": 0.35471452565503042, "stress_score": 2.4042553191489362, "infra_quality_score": 0.53191489361702127, "gap_score": -0.17720036796199085, "schools_nearby": 5, "stations_nearby": 0, "shops_nearby": 38, "bike_parking_nearby": 0, "bike_parking_capacity_nearby": 0.0, "bike_sharing_nearby": 0, "bike_sharing_capacity_nearby": 0.0, "flat_terrain": 1, "roi_car_trips_per_day": 633.01752325770781, "roi_congestion_cost_yen_day": 221505.49173833712, "roi_operating_cost_yen_day": 30929.236186371603, "roi_emissions_kg_day": 164.58455604700404, "roi_shifted_trips_per_day": 126.60350465154157, "roi_congestion_savings_yen_day": 44301.09834766743, "roi_operating_savings_yen_day": 6185.8472372743208, "roi_emissions_avoided_kg_day": 32.916911209400809, "roi_health_benefit_yen_day": 3798.1051395462473, "roi_parking_spaces_freed": 2.5320700930308315 }, "geometry": { "type": "Polygon", "coordinates": [ [ [ 139.671327744940783, 35.418195944269492 ], [ 139.670762885992531, 35.419948516836527 ], [ 139.668786472525454, 35.420422655770821 ], [ 139.667375013865126, 35.419144240946871 ], [ 139.667939921892156, 35.41739172151285 ], [ 139.669916239503891, 35.416917563770049 ], [ 139.671327744940783, 35.418195944269492 ] ] ] } },
{ "type": "Feature", "properties": { "hex_id": "892f5bd3627ffff", "population": 935.31180319313341, "production_score": 0.33149977370243705, "attraction_score": 0.027677496991576414, "demand_score": 0.18480295383381379, "stress_score": 2.1818181818181817, "infra_quality_score": 0.60606060606060619, "gap_score": -0.4212576522267924, "schools_nearby": 4, "stations_nearby": 0, "shops_nearby": 11, "bike_parking_nearby": 0, "bike_parking_capacity_nearby": 0.0, "bike_sharing_nearby": 0, "bike_sharing_capacity_nearby": 0.0, "flat_terrain": 0, "roi_car_trips_per_day": 654.71826223519338, "roi_congestion_cost_yen_day": 229099.01432133888, "roi_operating_cost_yen_day": 31989.53429281155, "roi_emissions_kg_day": 170.22674818115027, "roi_shifted_trips_per_day": 130.94365244703869, "roi_congestion_savings_yen_day": 45819.802864267782, "roi_operating_savings_yen_day": 6397.9068585623099, "roi_emissions_avoided_kg_day": 34.045349636230057, "roi_health_benefit_yen_day": 3928.3095734111607, "roi_parking_spaces_freed": 2.6188730489407739 }, "geometry": { "type": "Polygon", "coordinates": [ [ [ 139.634911744773603, 35.42369373253964 ], [ 139.634346251764498, 35.425445730422545 ], [ 139.632370373132915, 35.425919103195845 ], [ 139.630960083355262, 35.424640496967584 ], [ 139.631525625338725, 35.422888552241176 ], [ 139.633501408128609, 35.422415160586844 ], [ 139.634911744773603, 35.42369373253964 ] ] ] } },
{ "type": "Feature", "properties": { "hex_id": "892f5aa4d3bffff", "population": 1034.5419041370544, "production_score": 0.36666960251789504, "attraction_score": 0.70998796630565586, "demand_score": 0.6226634824215761, "stress_score": 2.9166666666666665, "infra_quality_score": 0.36111111111111116, "gap_score": 0.26155237131046494, "schools_nearby": 8, "stations_nearby": 7, "shops_nearby": 545, "bike_parking_nearby": 0, "bike_parking_capacity_nearby": 0.0, "bike_sharing_nearby": 8, "bike_sharing_capacity_nearby": 3059.0, "flat_terrain": 1, "roi_car_trips_per_day": 724.17933289593805, "roi_congestion_cost_yen_day": 253404.83216694664, "roi_operating_cost_yen_day": 35383.402205295533, "roi_emissions_kg_day": 188.28662655294389, "roi_shifted_trips_per_day": 144.83586657918761, "roi_congestion_savings_yen_day": 50680.966433389331, "roi_operating_savings_yen_day": 7076.6804410591067, "roi_emissions_avoided_kg_day": 37.657325310588782, "roi_health_benefit_yen_day": 4345.0759973756285, "roi_parking_spaces_freed": 2.8967173315837522 }, "geometry": { "type": "Polygon", "coordinates": [ [ [ 139.647603334413674, 35.446519754681248 ], [ 139.647037875300754, 35.448271946778021 ], [ 139.645061156366722, 35.44874529939861 ], [ 139.643649992458649, 35.447466478793274 ], [ 139.644215500614763, 35.445714339838361 ], [ 139.646192123638912, 35.4452409683472 ], [ 139.647603334413674, 35.446519754681248 ] ] ] } },
{ "type": "Feature", "properties": { "hex_id": "892f5aa69d3ffff", "population": 0.0, "production_score": 0.0, "attraction_score": 0.0, "demand_score": 0.2, "stress_score": 2.0, "infra_quality_score": 0.66666666666666674, "gap_score": -0.46666666666666679, "schools_nearby": 0, "stations_nearby": 0, "shops_nearby": 0, "bike_parking_nearby": 0, "bike_parking_capacity_nearby": 0.0, "bike_sharing_nearby": 0, "bike_sharing_capacity_nearby": 0.0, "flat_terrain": 1, "roi_car_trips_per_day": 0.0, "roi_congestion_cost_yen_day": 0.0, "roi_operating_cost_yen_day": 0.0, "roi_emissions_kg_day": 0.0, "roi_shifted_trips_per_day": 0.0, "roi_congestion_savings_yen_day": 0.0, "roi_operating_savings_yen_day": 0.0, "roi_emissions_avoided_kg_day": 0.0, "roi_health_benefit_yen_day": 0.0, "roi_parking_spaces_freed": 0.0 }, "geometry": { "type": "Polygon", "coordinates": [ [ [ 139.677257281506201, 35.405453244067445 ], [ 139.676692615264471, 35.407205912814334 ], [ 139.67471642772756, 35.407680313824173 ], [ 139.67330500226268, 35.406402064877 ], [ 139.673869717584608, 35.40464944926233 ], [ 139.675845809294344, 35.40417502946292 ], [ 139.677257281506201, 35.405453244067445 ] ] ] } },
{ "type": "Feature", "properties": { "hex_id": "892f5bd366bffff", "population": 1640.6447608370061, "production_score": 0.58148883087627579, "attraction_score": 0.44163658243080628, "demand_score": 0.41615841078651089, "stress_score": 2.161290322580645, "infra_quality_score": 0.61290322580645173, "gap_score": -0.19674481501994084, "schools_nearby": 26, "stations_nearby": 2, "shops_nearby": 283, "bike_parking_nearby": 0, "bike_parking_capacity_nearby": 0.0, "bike_sharing_nearby": 0, "bike_sharing_capacity_nearby": 0.0, "flat_terrain": 0, "roi_car_trips_per_day": 1148.4513325859043, "roi_congestion_cost_yen_day": 401866.09029845963, "roi_operating_cost_yen_day": 56113.332110147283, "roi_emissions_kg_day": 298.59734647233512, "roi_shifted_trips_per_day": 229.69026651718087, "roi_congestion_savings_yen_day": 80373.218059691935, "roi_operating_savings_yen_day": 11222.666422029457, "roi_emissions_avoided_kg_day": 59.719469294467032, "roi_health_benefit_yen_day": 6890.7079955154259, "roi_parking_spaces_freed": 4.5938053303436179 }, "geometry": { "type": "Polygon", "coordinates": [ [ [ 139.644220756700491, 35.434396154812887 ], [ 139.643655334202947, 35.436148296730899 ], [ 139.641678998857998, 35.436621724832555 ], [ 139.640268181889923, 35.435343029886269 ], [ 139.640833653404371, 35.433590941115625 ], [ 139.642809892873146, 35.433117494144206 ], [ 139.644220756700491, 35.434396154812887 ] ] ] } },
{ "type": "Feature", "properties": { "hex_id": "892f5bd36afffff", "population": 1007.191661845268, "production_score": 0.35697593768924551, "attraction_score": 0.031287605294825514, "demand_score": 0.1910646538375283, "stress_score": 2.103448275862069, "infra_quality_score": 0.63218390804597702, "gap_score": -0.44111925420844872, "schools_nearby": 6, "stations_nearby": 0, "shops_nearby": 8, "bike_parking_nearby": 0, "bike_parking_capacity_nearby": 0.0, "bike_sharing_nearby": 2, "bike_sharing_capacity_nearby": 17.0, "flat_terrain": 0, "roi_car_trips_per_day": 705.03416329168761, "roi_congestion_cost_yen_day": 246705.55441902735, "roi_operating_cost_yen_day": 34447.969218431856, "roi_emissions_kg_day": 183.30888245583878, "roi_shifted_trips_per_day": 141.00683265833752, "roi_congestion_savings_yen_day": 49341.110883805464, "roi_operating_savings_yen_day": 6889.5938436863707, "roi_emissions_avoided_kg_day": 36.661776491167757, "roi_health_benefit_yen_day": 4230.2049797501259, "roi_parking_spaces_freed": 2.8201366531667502 }, "geometry": { "type": "Polygon", "coordinates": [ [ [ 139.639994279730018, 35.419242645048307 ], [ 139.639428903023003, 35.420994724037932 ], [ 139.637453046975025, 35.421468246486185 ], [ 139.636042663471386, 35.420189708813858 ], [ 139.636608089162451, 35.4184376829784 ], [ 139.638583849376261, 35.417964141661429 ], [ 139.639994279730018, 35.419242645048307 ] ] ] } },
{ "type": "Feature", "properties": { "hex_id": "892f5aa4dc3ffff", "population": 113.30294728071844, "production_score": 0.040157625783346973, "attraction_score": 0.054151624548736461, "demand_score": 0.23300823761622919, "stress_score": 2.0, "infra_quality_score": 0.66666666666666674, "gap_score": -0.43365842905043755, "schools_nearby": 1, "stations_nearby": 1, "shops_nearby": 39, "bike_parking_nearby": 0, "bike_parking_capacity_nearby": 0.0, "bike_sharing_nearby": 0, "bike_sharing_capacity_nearby": 0.0, "flat_terrain": 1, "roi_car_trips_per_day": 79.312063096502911, "roi_congestion_cost_yen_day": 27752.877118728298, "roi_operating_cost_yen_day": 3875.187402895132, "roi_emissions_kg_day": 20.621136405090759, "roi_shifted_trips_per_day": 15.862412619300583, "roi_congestion_savings_yen_day": 5550.5754237456604, "roi_operating_savings_yen_day": 775.03748057902646, "roi_emissions_avoided_kg_day": 4.1242272810181522, "roi_health_benefit_yen_day": 475.87237857901749, "roi_parking_spaces_freed": 0.31724825238601168 }, "geometry": { "type": "Polygon", "coordinates": [ [ [ 139.662852505301544, 35.444483554823236 ], [ 139.662287309816321, 35.44623598753401 ], [ 139.660310359925575, 35.44670965803077 ], [ 139.658898701439483, 35.445430914657472 ], [ 139.659463946011954, 35.443678535078689 ], [ 139.661440799986423, 35.443204845741526 ], [ 139.662852505301544, 35.444483554823236 ] ] ] } },
{ "type": "Feature", "properties": { "hex_id": "892f5aa6d7bffff", "population": 0.0, "production_score": 0.0, "attraction_score": 0.0, "demand_score": 0.2, "stress_score": 2.0, "infra_quality_score": 0.66666666666666674, "gap_score": -0.46666666666666679, "schools_nearby": 0, "stations_nearby": 0, "shops_nearby": 0, "bike_parking_nearby": 0, "bike_parking_capacity_nearby": 0.0, "bike_sharing_nearby": 0, "bike_sharing_capacity_nearby": 0.0, "flat_terrain": 1, "roi_car_trips_per_day": 0.0, "roi_congestion_cost_yen_day": 0.0, "roi_operating_cost_yen_day": 0.0, "roi_emissions_kg_day": 0.0, "roi_shifted_trips_per_day": 0.0, "roi_congestion_savings_yen_day": 0.0, "roi_operating_savings_yen_day": 0.0, "roi_emissions_avoided_kg_day": 0.0, "roi_health_benefit_yen_day": 0.0, "roi_parking_spaces_freed": 0.0 }, "geometry": { "type": "Polygon", "coordinates": [ [ [ 139.682338780276268, 35.400998758742709 ], [ 139.681774230370337, 35.402751508406567 ], [ 139.6797980656915, 35.403226059036008 ], [ 139.678386546741336, 35.401947878779119 ], [ 139.678951145737187, 35.400195182245163 ], [ 139.680927214596437, 35.399720612838479 ], [ 139.682338780276268, 35.400998758742709 ] ] ] } },
{ "type": "Feature", "properties": { "hex_id": "892f5bd345bffff", "population": 6.2703538503247067, "production_score": 0.0022223828196334958, "attraction_score": 0.0096269554753309269, "demand_score": 0.20414726840323752, "stress_score": 2.0, "infra_quality_score": 0.66666666666666674, "gap_score": -0.46251939826342925, "schools_nearby": 2, "stations_nearby": 0, "shops_nearby": 2, "bike_parking_nearby": 0, "bike_parking_capacity_nearby": 0.0, "bike_sharing_nearby": 0, "bike_sharing_capacity_nearby": 0.0, "flat_terrain": 1, "roi_car_trips_per_day": 4.3892476952272945, "roi_congestion_cost_yen_day": 1535.8855535139351, "roi_operating_cost_yen_day": 214.4586423888056, "roi_emissions_kg_day": 1.1412044007590967, "roi_shifted_trips_per_day": 0.87784953904545893, "roi_congestion_savings_yen_day": 307.17711070278699, "roi_operating_savings_yen_day": 42.89172847776112, "roi_emissions_avoided_kg_day": 0.22824088015181934, "roi_health_benefit_yen_day": 26.335486171363769, "roi_parking_spaces_freed": 0.017556990780909179 }, "geometry": { "type": "Polygon", "coordinates": [ [ [ 139.650158516142739, 35.410339085708038 ], [ 139.649593372031006, 35.412091326804287 ], [ 139.647617561244942, 35.412565148555807 ], [ 139.646206990392898, 35.411286748055396 ], [ 139.646772183508233, 35.409534560108639 ], [ 139.648747898475165, 35.409060719513114 ], [ 139.650158516142739, 35.410339085708038 ] ] ] } },
{ "type": "Feature", "properties": { "hex_id": "892f5aa6b27ffff", "population": 1328.3793896782825, "production_score": 0.47081354641945244, "attraction_score": 0.1588447653429603, "demand_score": 0.26385866998640961, "stress_score": 1.8695652173913044, "infra_quality_score": 0.71014492753623193, "gap_score": -0.44628625754982232, "schools_nearby": 15, "stations_nearby": 1, "shops_nearby": 84, "bike_parking_nearby": 0, "bike_parking_capacity_nearby": 0.0, "bike_sharing_nearby": 1, "bike_sharing_capacity_nearby": 4.0, "flat_terrain": 0, "roi_car_trips_per_day": 929.86557277479778, "roi_congestion_cost_yen_day": 325378.56122535723, "roi_operating_cost_yen_day": 45433.231885776622, "roi_emissions_kg_day": 241.76504892144743, "roi_shifted_trips_per_day": 185.97311455495958, "roi_congestion_savings_yen_day": 65075.71224507146, "roi_operating_savings_yen_day": 9086.6463771553244, "roi_emissions_avoided_kg_day": 48.35300978428949, "roi_health_benefit_yen_day": 5579.1934366487876, "roi_parking_spaces_freed": 3.7194622910991915 }, "geometry": { "type": "Polygon", "coordinates": [ [ [ 139.658620687099528, 35.429328348109941 ], [ 139.658055537231149, 35.43108071801754 ], [ 139.656079066837577, 35.431554482714148 ], [ 139.654667842189696, 35.43027589634282 ], [ 139.655233041112439, 35.428523579574041 ], [ 139.657209415631826, 35.42804979603806 ], [ 139.658620687099528, 35.429328348109941 ] ] ] } },
{ "type": "Feature", "properties": { "hex_id": "892f5bd3207ffff", "population": 2607.2152921575553, "production_score": 0.92406754238863664, "attraction_score": 0.39951865222623345, "demand_score": 0.70881072367076003, "stress_score": 2.911111111111111, "infra_quality_score": 0.36296296296296304, "gap_score": 0.34584776070779699, "schools_nearby": 4, "stations_nearby": 3, "shops_nearby": 311, "bike_parking_nearby": 2, "bike_parking_capacity_nearby": 8.0, "bike_sharing_nearby": 5, "bike_sharing_capacity_nearby": 41.0, "flat_terrain": 1, "roi_car_trips_per_day": 1825.0507045102886, "roi_congestion_cost_yen_day": 638621.74252224027, "roi_operating_cost_yen_day": 89171.9774223727, "roi_emissions_kg_day": 474.51318317267504, "roi_shifted_trips_per_day": 365.01014090205774, "roi_congestion_savings_yen_day": 127724.34850444805, "roi_operating_savings_yen_day": 17834.395484474542, "roi_emissions_avoided_kg_day": 94.902636634535014, "roi_health_benefit_yen_day": 10950.304227061732, "roi_parking_spaces_freed": 7.3002028180411553 }, "geometry": { "type": "Polygon", "coordinates": [ [ [ 139.626434939460637, 35.438655718770505 ], [ 139.625869195452083, 35.440407579438997 ], [ 139.62389308000931, 35.440880615003799 ], [ 139.622482804451863, 35.439601808806451 ], [ 139.623048597428436, 35.437850001296297 ], [ 139.625024616997649, 35.437376946825431 ], [ 139.626434939460637, 35.438655718770505 ] ] ] } },
{ "type": "Feature", "properties": { "hex_id": "892f5aa6b6bffff", "population": 147.96116803725585, "production_score": 0.052441435629964339, "attraction_score": 0.030084235860409144, "demand_score": 0.25388398502163073, "stress_score": 2.5, "infra_quality_score": 0.5, "gap_score": -0.24611601497836927, "schools_nearby": 1, "stations_nearby": 0, "shops_nearby": 22, "bike_parking_nearby": 0, "bike_parking_capacity_nearby": 0.0, "bike_sharing_nearby": 0, "bike_sharing_capacity_nearby": 0.0, "flat_terrain": 1, "roi_car_trips_per_day": 103.5728176260791, "roi_congestion_cost_yen_day": 36242.200343717603, "roi_operating_cost_yen_day": 5060.5678692102247, "roi_emissions_kg_day": 26.928932582780568, "roi_shifted_trips_per_day": 20.714563525215823, "roi_congestion_savings_yen_day": 7248.4400687435209, "roi_operating_savings_yen_day": 1012.1135738420451, "roi_emissions_avoided_kg_day": 5.3857865165561138, "roi_health_benefit_yen_day": 621.43690575647474, "roi_parking_spaces_freed": 0.41429127050431647 }, "geometry": { "type": "Polygon", "coordinates": [ [ [ 139.667936587240263, 35.440031001997241 ], [ 139.66737150818156, 35.441783515875919 ], [ 139.665394581075475, 35.442257336141132 ], [ 139.66398282894005, 35.440978661356006 ], [ 139.664547957095778, 35.43922620060701 ], [ 139.666524788293117, 35.43875236151375 ], [ 139.667936587240263, 35.440031001997241 ] ] ] } },
{ "type": "Feature", "properties": { "hex_id": "892f5aa688fffff", "population": 0.0, "production_score": 0.0, "attraction_score": 0.0, "demand_score": 0.2, "stress_score": 2.0, "infra_quality_score": 0.66666666666666674, "gap_score": -0.46666666666666679, "schools_nearby": 0, "stations_nearby": 0, "shops_nearby": 0, "bike_parking_nearby": 0, "bike_parking_capacity_nearby": 0.0, "bike_sharing_nearby": 0, "bike_sharing_capacity_nearby": 0.0, "flat_terrain": 1, "roi_car_trips_per_day": 0.0, "roi_congestion_cost_yen_day": 0.0, "roi_operating_cost_yen_day": 0.0, "roi_emissions_kg_day": 0.0, "roi_shifted_trips_per_day": 0.0, "roi_congestion_savings_yen_day": 0.0, "roi_operating_savings_yen_day": 0.0, "roi_emissions_avoided_kg_day": 0.0, "roi_health_benefit_yen_day": 0.0, "roi_parking_spaces_freed": 0.0 }, "geometry": { "type": "Polygon", "coordinates": [ [ [ 139.690809716055526, 35.408667833917328 ], [ 139.690245246248907, 35.410420715167781 ], [ 139.688268721127571, 35.410895340339472 ], [ 139.686856761661574, 35.409617103026747 ], [ 139.687421280594094, 35.407864274898373 ], [ 139.689397709869837, 35.407389630960935 ], [ 139.690809716055526, 35.408667833917328 ] ] ] } },
{ "type": "Feature", "properties": { "hex_id": "892f5bd324bffff", "population": 1120.622760116574, "production_score": 0.3971789836460945, "attraction_score": 0.71841155234657039, "demand_score": 0.64358168759743273, "stress_score": 3.0625, "infra_quality_score": 0.3125, "gap_score": 0.33108168759743273, "schools_nearby": 4, "stations_nearby": 9, "shops_nearby": 558, "bike_parking_nearby": 0, "bike_parking_capacity_nearby": 0.0, "bike_sharing_nearby": 8, "bike_sharing_capacity_nearby": 1129.0, "flat_terrain": 1, "roi_car_trips_per_day": 784.43593208160178, "roi_congestion_cost_yen_day": 274489.82135399414, "roi_operating_cost_yen_day": 38327.539641507065, "roi_emissions_kg_day": 203.95334234121646, "roi_shifted_trips_per_day": 156.88718641632036, "roi_congestion_savings_yen_day": 54897.964270798824, "roi_operating_savings_yen_day": 7665.5079283014129, "roi_emissions_avoided_kg_day": 40.790668468243297, "roi_health_benefit_yen_day": 4706.6155924896111, "roi_parking_spaces_freed": 3.1377437283264071 }, "geometry": { "type": "Polygon", "coordinates": [ [ [ 139.635743601619424, 35.449359403431565 ], [ 139.635177928047909, 35.451111407991441 ], [ 139.63320135568415, 35.451584498814917 ], [ 139.631790552803267, 35.450305603973653 ], [ 139.632356275385405, 35.448553652563007 ], [ 139.634332751841015, 35.4480805428447 ], [ 139.635743601619424, 35.449359403431565 ] ] ] } },
{ "type": "Feature", "properties": { "hex_id": "892f5aa6bafffff", "population": 998.54419497937295, "production_score": 0.35391104179104677, "attraction_score": 0.12515042117930206, "demand_score": 0.19445722632533638, "stress_score": 1.5357142857142858, "infra_quality_score": 0.8214285714285714, "gap_score": -0.62697134510323504, "schools_nearby": 11, "stations_nearby": 0, "shops_nearby": 71, "bike_parking_nearby": 0, "bike_parking_capacity_nearby": 0.0, "bike_sharing_nearby": 1, "bike_sharing_capacity_nearby": 7.0, "flat_terrain": 0, "roi_car_trips_per_day": 698.98093648556107, "roi_congestion_cost_yen_day": 244587.40929502755, "roi_operating_cost_yen_day": 34152.208556684513, "roi_emissions_kg_day": 181.73504348624587, "roi_shifted_trips_per_day": 139.79618729711223, "roi_congestion_savings_yen_day": 48917.481859005515, "roi_operating_savings_yen_day": 6830.4417113369036, "roi_emissions_avoided_kg_day": 36.34700869724918, "roi_health_benefit_yen_day": 4193.8856189133667, "roi_parking_spaces_freed": 2.7959237459422446 }, "geometry": { "type": "Polygon", "coordinates": [ [ [ 139.663703718951098, 35.424875732699213 ], [ 139.663138685453049, 35.426628183697296 ], [ 139.661162237806394, 35.427102098100697 ], [ 139.659750919527596, 35.425823580333287 ], [ 139.660316002089786, 35.424071182471707 ], [ 139.662292353869788, 35.423597249241311 ], [ 139.663703718951098, 35.424875732699213 ] ] ] } },
{ "type": "Feature", "properties": { "hex_id": "892f5aa6917ffff", "population": 0.0, "production_score": 0.0, "attraction_score": 0.0012033694344163659, "demand_score": 0.2004211793020457, "stress_score": 2.0, "infra_quality_score": 0.66666666666666674, "gap_score": -0.46624548736462101, "schools_nearby": 0, "stations_nearby": 0, "shops_nearby": 1, "bike_parking_nearby": 0, "bike_parking_capacity_nearby": 0.0, "bike_sharing_nearby": 0, "bike_sharing_capacity_nearby": 0.0, "flat_terrain": 1, "roi_car_trips_per_day": 0.0, "roi_congestion_cost_yen_day": 0.0, "roi_operating_cost_yen_day": 0.0, "roi_emissions_kg_day": 0.0, "roi_shifted_trips_per_day": 0.0, "roi_congestion_savings_yen_day": 0.0, "roi_operating_savings_yen_day": 0.0, "roi_emissions_avoided_kg_day": 0.0, "roi_health_benefit_yen_day": 0.0, "roi_parking_spaces_freed": 0.0 }, "geometry": { "type": "Polygon", "coordinates": [ [ [ 139.664554495696279, 35.40526842529102 ], [ 139.66398962409383, 35.407020894158272 ], [ 139.662013678437006, 35.407495052324094 ], [ 139.660602700202929, 35.406216760436592 ], [ 139.661167620846442, 35.404464344710334 ], [ 139.66314347068618, 35.403990167730875 ], [ 139.664554495696279, 35.40526842529102 ] ] ] } },
{ "type": "Feature", "properties": { "hex_id": "892f5bd32d3ffff", "population": 1644.3649754358096, "production_score": 0.58280737544442685, "attraction_score": 0.52226233453670279, "demand_score": 0.44959491131390816, "stress_score": 2.2564102564102564, "infra_quality_score": 0.58119658119658113, "gap_score": -0.13160166988267297, "schools_nearby": 22, "stations_nearby": 5, "shops_nearby": 353, "bike_parking_nearby": 1, "bike_parking_capacity_nearby": 4.0, "bike_sharing_nearby": 3, "bike_sharing_capacity_nearby": 12.0, "flat_terrain": 0, "roi_car_trips_per_day": 1151.0554828050667, "roi_congestion_cost_yen_day": 402777.33454314899, "roi_operating_cost_yen_day": 56240.57088985556, "roi_emissions_kg_day": 299.27442552931734, "roi_shifted_trips_per_day": 230.21109656101336, "roi_congestion_savings_yen_day": 80555.466908629794, "roi_operating_savings_yen_day": 11248.114177971112, "roi_emissions_avoided_kg_day": 59.854885105863474, "roi_health_benefit_yen_day": 6906.3328968304013, "roi_parking_spaces_freed": 4.604221931220267 }, "geometry": { "type": "Polygon", "coordinates": [ [ [ 139.641678998857998, 35.436621724832555 ], [ 139.641113518181697, 35.43837382616293 ], [ 139.639137171522123, 35.438847179398238 ], [ 139.637726401422043, 35.437568450179377 ], [ 139.638291931110359, 35.435816401997478 ], [ 139.640268181889923, 35.435343029886269 ], [ 139.641678998857998, 35.436621724832555 ] ] ] } },
{ "type": "Feature", "properties": { "hex_id": "892f5aa695bffff", "population": 422.36745013441077, "production_score": 0.14969843603045047, "attraction_score": 0.037304452466907341, "demand_score": 0.29045101097407522, "stress_score": 2.5, "infra_quality_score": 0.5, "gap_score": -0.20954898902592478, "schools_nearby": 4, "stations_nearby": 0, "shops_nearby": 19, "bike_parking_nearby": 0, "bike_parking_capacity_nearby": 0.0, "bike_sharing_nearby": 0, "bike_sharing_capacity_nearby": 0.0, "flat_terrain": 1, "roi_car_trips_per_day": 295.65721509408752, "roi_congestion_cost_yen_day": 103456.37270572312, "roi_operating_cost_yen_day": 14445.811529497116, "roi_emissions_kg_day": 76.870875924462752, "roi_shifted_trips_per_day": 59.131443018817507, "roi_congestion_savings_yen_day": 20691.274541144623, "roi_operating_savings_yen_day": 2889.1623058994232, "roi_emissions_avoided_kg_day": 15.374175184892552, "roi_health_benefit_yen_day": 1773.9432905645251, "roi_parking_spaces_freed": 1.1826288603763502 }, "geometry": { "type": "Polygon", "coordinates": [ [ [ 139.673868947765385, 35.415969117427181 ], [ 139.673304146998873, 35.417721730499366 ], [ 139.671327744940783, 35.418195944269492 ], [ 139.669916239503891, 35.416917563770049 ], [ 139.670481089354041, 35.415165003829692 ], [ 139.672457395560571, 35.414690771257227 ], [ 139.673868947765385, 35.415969117427181 ] ] ] } },
{ "type": "Feature", "properties": { "hex_id": "892f5aa4d07ffff", "population": 1030.5277392758574, "production_score": 0.36524687403467893, "attraction_score": 0.61853188929001202, "demand_score": 0.59624564408671876, "stress_score": 3.0384615384615383, "infra_quality_score": 0.3205128205128206, "gap_score": 0.27573282357389817, "schools_nearby": 13, "stations_nearby": 3, "shops_nearby": 466, "bike_parking_nearby": 0, "bike_parking_capacity_nearby": 0.0, "bike_sharing_nearby": 6, "bike_sharing_capacity_nearby": 2057.0, "flat_terrain": 1, "roi_car_trips_per_day": 721.36941749310006, "roi_congestion_cost_yen_day": 252421.58656918557, "roi_operating_cost_yen_day": 35246.109738712868, "roi_emissions_kg_day": 187.55604854820604, "roi_shifted_trips_per_day": 144.27388349862002, "roi_congestion_savings_yen_day": 50484.31731383712, "roi_operating_savings_yen_day": 7049.2219477425742, "roi_emissions_avoided_kg_day": 37.511209709641207, "roi_health_benefit_yen_day": 4328.216504958601, "roi_parking_spaces_freed": 2.8854776699724005 }, "geometry": { "type": "Polygon", "coordinates": [ [ [ 139.650145442922565, 35.444294094467068 ], [ 139.649580042010115, 35.446046327173555 ], [ 139.647603334413674, 35.446519754681248 ], [ 139.646192123638912, 35.4452409683472 ], [ 139.646757573599388, 35.443488788781437 ], [ 139.648734185289754, 35.443015342409325 ], [ 139.650145442922565, 35.444294094467068 ] ] ] } },
{ "type": "Feature", "properties": { "hex_id": "892f5bd3637ffff", "population": 933.73677641920153, "production_score": 0.33094154165901457, "attraction_score": 0.031287605294825514, "demand_score": 0.1934468681005107, "stress_score": 2.3333333333333335, "infra_quality_score": 0.55555555555555558, "gap_score": -0.36210868745504488, "schools_nearby": 6, "stations_nearby": 0, "shops_nearby": 8, "bike_parking_nearby": 0, "bike_parking_capacity_nearby": 0.0, "bike_sharing_nearby": 2, "bike_sharing_capacity_nearby": 17.0, "flat_terrain": 0, "roi_car_trips_per_day": 653.61574349344107, "roi_congestion_cost_yen_day": 228713.22096322491, "roi_operating_cost_yen_day": 31935.665227089532, "roi_emissions_kg_day": 169.94009330829468, "roi_shifted_trips_per_day": 130.72314869868822, "roi_congestion_savings_yen_day": 45742.644192644984, "roi_operating_savings_yen_day": 6387.133045417906, "roi_emissions_avoided_kg_day": 33.988018661658941, "roi_health_benefit_yen_day": 3921.6944609606467, "roi_parking_spaces_freed": 2.6144629739737644 }, "geometry": { "type": "Polygon", "coordinates": [ [ [ 139.637453046975025, 35.421468246486185 ], [ 139.636887612117334, 35.423220284926899 ], [ 139.634911744773603, 35.42369373253964 ], [ 139.633501408128609, 35.422415160586844 ], [ 139.634066891965517, 35.420663175301442 ], [ 139.636042663471386, 35.420189708813858 ], [ 139.637453046975025, 35.421468246486185 ] ] ] } },
{ "type": "Feature", "properties": { "hex_id": "892f5bd367bffff", "population": 1413.892744143295, "production_score": 0.50112178967791421, "attraction_score": 0.32851985559566788, "demand_score": 0.3371830864840516, "stress_score": 1.9361702127659575, "infra_quality_score": 0.68794326241134751, "gap_score": -0.35076017592729591, "schools_nearby": 26, "stations_nearby": 2, "shops_nearby": 189, "bike_parking_nearby": 0, "bike_parking_capacity_nearby": 0.0, "bike_sharing_nearby": 2, "bike_sharing_capacity_nearby": 8.0, "flat_terrain": 0, "roi_car_trips_per_day": 989.72492090030653, "roi_congestion_cost_yen_day": 346324.54432143527, "roi_operating_cost_yen_day": 48357.959635188978, "roi_emissions_kg_day": 257.32847943407972, "roi_shifted_trips_per_day": 197.94498418006131, "roi_congestion_savings_yen_day": 69264.908864287063, "roi_operating_savings_yen_day": 9671.5919270377963, "roi_emissions_avoided_kg_day": 51.465695886815944, "roi_health_benefit_yen_day": 5938.3495254018389, "roi_parking_spaces_freed": 3.9588996836012265 }, "geometry": { "type": "Polygon", "coordinates": [ [ [ 139.646762445042498, 35.432170469352045 ], [ 139.646197080722999, 35.433922651848768 ], [ 139.644220756700491, 35.434396154812887 ], [ 139.642809892873146, 35.433117494144206 ], [ 139.643375306214438, 35.431365364793685 ], [ 139.645351534364465, 35.430891842965963 ], [ 139.646762445042498, 35.432170469352045 ] ] ] } },
{ "type": "Feature", "properties": { "hex_id": "892f5aa4d8fffff", "population": 943.61270524776239, "production_score": 0.33444183766788815, "attraction_score": 0.45607701564380265, "demand_score": 0.33256395160026825, "stress_score": 2.1176470588235294, "infra_quality_score": 0.62745098039215685, "gap_score": -0.29488702879188861, "schools_nearby": 19, "stations_nearby": 2, "shops_nearby": 316, "bike_parking_nearby": 2, "bike_parking_capacity_nearby": 8.0, "bike_sharing_nearby": 4, "bike_sharing_capacity_nearby": 41.0, "flat_terrain": 0, "roi_car_trips_per_day": 660.52889367343369, "roi_congestion_cost_yen_day": 231132.27047420794, "roi_operating_cost_yen_day": 32273.44174488397, "roi_emissions_kg_day": 171.73751235509278, "roi_shifted_trips_per_day": 132.10577873468674, "roi_congestion_savings_yen_day": 46226.454094841582, "roi_operating_savings_yen_day": 6454.6883489767943, "roi_emissions_avoided_kg_day": 34.347502471018551, "roi_health_benefit_yen_day": 3963.1733620406021, "roi_parking_spaces_freed": 2.6421155746937348 }, "geometry": { "type": "Polygon", "coordinates": [ [ [ 139.6552294512976, 35.439842427599473 ], [ 139.654664166783874, 35.441594741498612 ], [ 139.652687481886261, 35.442068318768882 ], [ 139.651276177404014, 35.440789600992431 ], [ 139.651841510975544, 35.439037340231714 ], [ 139.653818099974586, 35.438563744109324 ], [ 139.6552294512976, 35.439842427599473 ] ] ] } },
{ "type": "Feature", "properties": { "hex_id": "892f5aa4dd3ffff", "population": 53.48422531017097, "production_score": 0.018956254509396742, "attraction_score": 0.038507821901323708, "demand_score": 0.22011242674375214, "stress_score": 2.0, "infra_quality_score": 0.66666666666666674, "gap_score": -0.4465542399229146, "schools_nearby": 2, "stations_nearby": 0, "shops_nearby": 26, "bike_parking_nearby": 0, "bike_parking_capacity_nearby": 0.0, "bike_sharing_nearby": 1, "bike_sharing_capacity_nearby": 19.0, "flat_terrain": 1, "roi_car_trips_per_day": 37.438957717119685, "roi_congestion_cost_yen_day": 13100.640084374521, "roi_operating_cost_yen_day": 1829.2674740584678, "roi_emissions_kg_day": 9.7341290064511181, "roi_shifted_trips_per_day": 7.4877915434239375, "roi_congestion_savings_yen_day": 2620.1280168749045, "roi_operating_savings_yen_day": 365.85349481169357, "roi_emissions_avoided_kg_day": 1.9468258012902238, "roi_health_benefit_yen_day": 224.63374630271812, "roi_parking_spaces_freed": 0.14975583086847874 }, "geometry": { "type": "Polygon", "coordinates": [ [ [ 139.665394581075475, 35.442257336141132 ], [ 139.664829443803882, 35.444009809440296 ], [ 139.662852505301544, 35.444483554823236 ], [ 139.661440799986423, 35.443204845741526 ], [ 139.662005986350181, 35.441452425573175 ], [ 139.66398282894005, 35.440978661356006 ], [ 139.665394581075475, 35.442257336141132 ] ] ] } },
{ "type": "Feature", "properties": { "hex_id": "892f5aa6aafffff", "population": 8.8435355382111709, "production_score": 0.0031343879331341105, "attraction_score": 0.0, "demand_score": 0.21263549731505849, "stress_score": 2.2307692307692308, "infra_quality_score": 0.58974358974358965, "gap_score": -0.37710809242853116, "schools_nearby": 0, "stations_nearby": 0, "shops_nearby": 0, "bike_parking_nearby": 0, "bike_parking_capacity_nearby": 0.0, "bike_sharing_nearby": 0, "bike_sharing_capacity_nearby": 0.0, "flat_terrain": 1, "roi_car_trips_per_day": 6.1904748767478193, "roi_congestion_cost_yen_day": 2166.1709688715969, "roi_operating_cost_yen_day": 302.46660247789845, "roi_emissions_kg_day": 1.609523467954433, "roi_shifted_trips_per_day": 1.238094975349564, "roi_congestion_savings_yen_day": 433.23419377431946, "roi_operating_savings_yen_day": 60.493320495579695, "roi_emissions_avoided_kg_day": 0.32190469359088664, "roi_health_benefit_yen_day": 37.142849260486919, "roi_parking_spaces_freed": 0.024761899506991283 }, "geometry": { "type": "Polygon", "coordinates": [ [ [ 139.687423841712729, 35.430505933734516 ], [ 139.686859151984038, 35.432258756617159 ], [ 139.684882113083574, 35.432733063378677 ], [ 139.683469859814011, 35.431454566043101 ], [ 139.684034598686907, 35.429701796279204 ], [ 139.686011541688345, 35.429227470732414 ], [ 139.687423841712729, 35.430505933734516 ] ] ] } },
{ "type": "Feature", "properties": { "hex_id": "892f5aa6b37ffff", "population": 1328.4350185155856, "production_score": 0.47083326278239623, "attraction_score": 0.13237063778580024, "demand_score": 0.25657591065341423, "stress_score": 1.9090909090909092, "infra_quality_score": 0.69696969696969702, "gap_score": -0.44039378631628279, "schools_nearby": 11, "stations_nearby": 0, "shops_nearby": 77, "bike_parking_nearby": 0, "bike_parking_capacity_nearby": 0.0, "bike_sharing_nearby": 0, "bike_sharing_capacity_nearby": 0.0, "flat_terrain": 0, "roi_car_trips_per_day": 929.90451296090987, "roi_congestion_cost_yen_day": 325392.18717528158, "roi_operating_cost_yen_day": 45435.134503270056, "roi_emissions_kg_day": 241.77517336983658, "roi_shifted_trips_per_day": 185.98090259218199, "roi_congestion_savings_yen_day": 65078.437435056323, "roi_operating_savings_yen_day": 9087.0269006540111, "roi_emissions_avoided_kg_day": 48.355034673967317, "roi_health_benefit_yen_day": 5579.4270777654601, "roi_parking_spaces_freed": 3.7196180518436397 }, "geometry": { "type": "Polygon", "coordinates": [ [ [ 139.661162237806394, 35.427102098100697 ], [ 139.660597146123564, 35.428854508557983 ], [ 139.658620687099528, 35.429328348109941 ], [ 139.657209415631826, 35.42804979603806 ], [ 139.657774556373937, 35.426297438718436 ], [ 139.659750919527596, 35.425823580333287 ], [ 139.661162237806394, 35.427102098100697 ] ] ] } },
{ "type": "Feature", "properties": { "hex_id": "892f5aa6b7bffff", "population": 163.009077402028, "production_score": 0.057774821279633827, "attraction_score": 0.032490974729241874, "demand_score": 0.26492636193643981, "stress_score": 2.6666666666666665, "infra_quality_score": 0.44444444444444453, "gap_score": -0.17951808250800472, "schools_nearby": 1, "stations_nearby": 0, "shops_nearby": 24, "bike_parking_nearby": 0, "bike_parking_capacity_nearby": 0.0, "bike_sharing_nearby": 0, "bike_sharing_capacity_nearby": 0.0, "flat_terrain": 1, "roi_car_trips_per_day": 114.10635418141959, "roi_congestion_cost_yen_day": 39928.095455162344, "roi_operating_cost_yen_day": 5575.2364653041614, "roi_emissions_kg_day": 29.667652087169095, "roi_shifted_trips_per_day": 22.821270836283919, "roi_congestion_savings_yen_day": 7985.6190910324694, "roi_operating_savings_yen_day": 1115.0472930608323, "roi_emissions_avoided_kg_day": 5.9335304174338193, "roi_health_benefit_yen_day": 684.63812508851754, "roi_parking_spaces_freed": 0.45642541672567838 }, "geometry": { "type": "Polygon", "coordinates": [ [ [ 139.670478523788745, 35.437804552404415 ], [ 139.669913502942109, 35.439557106853663 ], [ 139.667936587240263, 35.440031001997241 ], [ 139.666524788293117, 35.43875236151375 ], [ 139.667089858241638, 35.436999860192977 ], [ 139.669066678038575, 35.436525946227512 ], [ 139.670478523788745, 35.437804552404415 ] ] ] } },
{ "type": "Feature", "properties": { "hex_id": "892f5bd325bffff", "population": 1374.0187890038571, "production_score": 0.4869893826450743, "attraction_score": 0.86522262334536704, "demand_score": 0.71927420209665438, "stress_score": 2.92, "infra_quality_score": 0.36, "gap_score": 0.35927420209665439, "schools_nearby": 8, "stations_nearby": 9, "shops_nearby": 668, "bike_parking_nearby": 2, "bike_parking_capacity_nearby": 8.0, "bike_sharing_nearby": 4, "bike_sharing_capacity_nearby": 17.0, "flat_terrain": 1, "roi_car_trips_per_day": 961.8131523026999, "roi_congestion_cost_yen_day": 336557.65825376078, "roi_operating_cost_yen_day": 46994.190621509915, "roi_emissions_kg_day": 250.07141959870199, "roi_shifted_trips_per_day": 192.36263046054, "roi_congestion_savings_yen_day": 67311.531650752164, "roi_operating_savings_yen_day": 9398.8381243019849, "roi_emissions_avoided_kg_day": 50.0142839197404, "roi_health_benefit_yen_day": 5770.8789138162001, "roi_parking_spaces_freed": 3.8472526092108001 }, "geometry": { "type": "Polygon", "coordinates": [ [ [ 139.638285778064102, 35.44713419252809 ], [ 139.637720162684758, 35.44888623771773 ], [ 139.635743601619424, 35.449359403431565 ], [ 139.634332751841015, 35.4480805428447 ], [ 139.634898416235757, 35.446328550803123 ], [ 139.63687488139675, 35.445855366200639 ], [ 139.638285778064102, 35.44713419252809 ] ] ] } },
{ "type": "Feature", "properties": { "hex_id": "892f5aa49b3ffff", "population": 732.33366755875306, "production_score": 0.25955883828429882, "attraction_score": 0.56558363417569191, "demand_score": 0.37155848605065189, "stress_score": 2.6551724137931036, "infra_quality_score": 0.44827586206896541, "gap_score": -0.076717376018313521, "schools_nearby": 1, "stations_nearby": 7, "shops_nearby": 446, "bike_parking_nearby": 2, "bike_parking_capacity_nearby": 8.0, "bike_sharing_nearby": 13, "bike_sharing_capacity_nearby": 1110.0, "flat_terrain": 0, "roi_car_trips_per_day": 512.63356729112706, "roi_congestion_cost_yen_day": 179380.73786651119, "roi_operating_cost_yen_day": 25047.276097844468, "roi_emissions_kg_day": 133.28472749569303, "roi_shifted_trips_per_day": 102.52671345822542, "roi_congestion_savings_yen_day": 35876.147573302238, "roi_operating_savings_yen_day": 5009.4552195688939, "roi_emissions_avoided_kg_day": 26.656945499138608, "roi_health_benefit_yen_day": 3075.8014037467624, "roi_parking_spaces_freed": 2.0505342691645083 }, "geometry": { "type": "Polygon", "coordinates": [ [ [ 139.63320135568415, 35.451584498814917 ], [ 139.632635623919612, 35.453336462736132 ], [ 139.630659040265357, 35.453809478665399 ], [ 139.629248284290725, 35.452530549574739 ], [ 139.629814065060941, 35.450778638803918 ], [ 139.631790552803267, 35.450305603973653 ], [ 139.63320135568415, 35.451584498814917 ] ] ] } },
{ "type": "Feature", "properties": { "hex_id": "892f5aa6927ffff", "population": 28.160012976070789, "production_score": 0.0099806694378875033, "attraction_score": 0.0, "demand_score": 0.15349323430326062, "stress_score": 4.0, "infra_quality_score": 0.0, "gap_score": 0.15349323430326062, "schools_nearby": 0, "stations_nearby": 0, "shops_nearby": 0, "bike_parking_nearby": 0, "bike_parking_capacity_nearby": 0.0, "bike_sharing_nearby": 0, "bike_sharing_capacity_nearby": 0.0, "flat_terrain": 0, "roi_car_trips_per_day": 19.712009083249551, "roi_congestion_cost_yen_day": 6897.6262184106836, "roi_operating_cost_yen_day": 963.12876380757302, "roi_emissions_kg_day": 5.1251223616448831, "roi_shifted_trips_per_day": 3.9424018166499106, "roi_congestion_savings_yen_day": 1379.5252436821368, "roi_operating_savings_yen_day": 192.62575276151463, "roi_emissions_avoided_kg_day": 1.0250244723289768, "roi_health_benefit_yen_day": 118.27205449949732, "roi_parking_spaces_freed": 0.078848036332998209 }, "geometry": { "type": "Polygon", "coordinates": [ [ [ 139.65269940155838, 35.408112907539781 ], [ 139.652134315593571, 35.409865189140461 ], [ 139.650158516142739, 35.410339085708038 ], [ 139.648747898475165, 35.409060719513114 ], [ 139.649313033448465, 35.407308491060803 ], [ 139.651288737083945, 35.40683457565536 ], [ 139.65269940155838, 35.408112907539781 ] ] ] } },
{ "type": "Feature", "properties": { "hex_id": "892f5aa4c8fffff", "population": 0.0, "production_score": 0.0, "attraction_score": 0.0, "demand_score": 0.2, "stress_score": 2.0, "infra_quality_score": 0.66666666666666674, "gap_score": -0.46666666666666679, "schools_nearby": 0, "stations_nearby": 0, "shops_nearby": 0, "bike_parking_nearby": 0, "bike_parking_capacity_nearby": 0.0, "bike_sharing_nearby": 0, "bike_sharing_capacity_nearby": 0.0, "flat_terrain": 1, "roi_car_trips_per_day": 0.0, "roi_congestion_cost_yen_day": 0.0, "roi_operating_cost_yen_day": 0.0, "roi_emissions_kg_day": 0.0, "roi_shifted_trips_per_day": 0.0, "roi_congestion_savings_yen_day": 0.0, "roi_operating_savings_yen_day": 0.0, "roi_emissions_avoided_kg_day": 0.0, "roi_health_benefit_yen_day": 0.0, "roi_parking_spaces_freed": 0.0 }, "geometry": { "type": "Polygon", "coordinates": [ [ [ 139.678951141241669, 35.445476388510528 ], [ 139.678386200453104, 35.447229074307629 ], [ 139.676408923909776, 35.447703043956032 ], [ 139.674996684089194, 35.44642434661796 ], [ 139.675561674015682, 35.444671713941517 ], [ 139.677538854627983, 35.444197725482773 ], [ 139.678951141241669, 35.445476388510528 ] ] ] } },
{ "type": "Feature", "properties": { "hex_id": "892f5aa696bffff", "population": 623.9121842915464, "production_score": 0.22113133523680445, "attraction_score": 0.096269554753309269, "demand_score": 0.16287602578225407, "stress_score": 2.0357142857142856, "infra_quality_score": 0.65476190476190488, "gap_score": -0.4918858789796508, "schools_nearby": 10, "stations_nearby": 0, "shops_nearby": 50, "bike_parking_nearby": 0, "bike_parking_capacity_nearby": 0.0, "bike_sharing_nearby": 0, "bike_sharing_capacity_nearby": 0.0, "flat_terrain": 0, "roi_car_trips_per_day": 436.73852900408252, "roi_congestion_cost_yen_day": 152823.54606910856, "roi_operating_cost_yen_day": 21339.044527139471, "roi_emissions_kg_day": 113.55201754106146, "roi_shifted_trips_per_day": 87.347705800816513, "roi_congestion_savings_yen_day": 30564.709213821716, "roi_operating_savings_yen_day": 4267.8089054278944, "roi_emissions_avoided_kg_day": 22.710403508212295, "roi_health_benefit_yen_day": 2620.4311740244952, "roi_parking_spaces_freed": 1.7469541160163302 }, "geometry": { "type": "Polygon", "coordinates": [ [ [ 139.662011115183816, 35.418813933038486 ], [ 139.661446099916674, 35.420566358820587 ], [ 139.659469843994884, 35.421040310877771 ], [ 139.658058699193219, 35.41976185597975 ], [ 139.658623763511343, 35.418009483336874 ], [ 139.660599923583305, 35.417535512453099 ], [ 139.662011115183816, 35.418813933038486 ] ] ] } },
{ "type": "Feature", "properties": { "hex_id": "892f5bd3603ffff", "population": 1119.2553663944504, "production_score": 0.3966943423661507, "attraction_score": 0.097472924187725629, "demand_score": 0.21295854329385669, "stress_score": 1.8, "infra_quality_score": 0.73333333333333339, "gap_score": -0.52037479003947673, "schools_nearby": 10, "stations_nearby": 1, "shops_nearby": 48, "bike_parking_nearby": 0, "bike_parking_capacity_nearby": 0.0, "bike_sharing_nearby": 0, "bike_sharing_capacity_nearby": 0.0, "flat_terrain": 0, "roi_car_trips_per_day": 783.47875647611545, "roi_congestion_cost_yen_day": 274154.88646612235, "roi_operating_cost_yen_day": 38280.772041422999, "roi_emissions_kg_day": 203.70447668379003, "roi_shifted_trips_per_day": 156.69575129522309, "roi_congestion_savings_yen_day": 54830.977293224467, "roi_operating_savings_yen_day": 7656.1544082846003, "roi_emissions_avoided_kg_day": 40.740895336758008, "roi_health_benefit_yen_day": 4700.8725388566927, "roi_parking_spaces_freed": 3.1339150259044617 }, "geometry": { "type": "Polygon", "coordinates": [ [ [ 139.647612820402543, 35.423883107332472 ], [ 139.64704753255117, 35.425635305223999 ], [ 139.645071411588049, 35.426108920761351 ], [ 139.643660674331244, 35.424830357264469 ], [ 139.644226011196139, 35.423078212520672 ], [ 139.646202036307415, 35.422604578126332 ], [ 139.647612820402543, 35.423883107332472 ] ] ] } },
{ "type": "Feature", "properties": { "hex_id": "892f5aa4d17ffff", "population": 502.40596147322685, "production_score": 0.17806624696335568, "attraction_score": 0.52346570397111913, "demand_score": 0.48083030047412501, "stress_score": 2.7058823529411766, "infra_quality_score": 0.43137254901960775, "gap_score": 0.049457751454517251, "schools_nearby": 21, "stations_nearby": 3, "shops_nearby": 363, "bike_parking_nearby": 2, "bike_parking_capacity_nearby": 8.0, "bike_sharing_nearby": 8, "bike_sharing_capacity_nearby": 131.0, "flat_terrain": 1, "roi_car_trips_per_day": 351.68417303125875, "roi_congestion_cost_yen_day": 123061.32582709807, "roi_operating_cost_yen_day": 17183.288694307303, "roi_emissions_kg_day": 91.43788498812728, "roi_shifted_trips_per_day": 70.336834606251756, "roi_congestion_savings_yen_day": 24612.265165419616, "roi_operating_savings_yen_day": 3436.657738861461, "roi_emissions_avoided_kg_day": 18.287576997625457, "roi_health_benefit_yen_day": 2110.1050381875525, "roi_parking_spaces_freed": 1.406736692125035 }, "geometry": { "type": "Polygon", "coordinates": [ [ [ 139.652687481886261, 35.442068318768882 ], [ 139.652122139173542, 35.443820592076136 ], [ 139.650145442922565, 35.444294094467068 ], [ 139.648734185289754, 35.443015342409325 ], [ 139.649299577055388, 35.441263122241637 ], [ 139.651276177404014, 35.440789600992431 ], [ 139.652687481886261, 35.442068318768882 ] ] ] } },
{ "type": "Feature", "properties": { "hex_id": "892f5bd3647ffff", "population": 1340.2058599623522, "production_score": 0.47500516702071433, "attraction_score": 0.27436823104693142, "demand_score": 0.31633474337773004, "stress_score": 2.0810810810810811, "infra_quality_score": 0.63963963963963955, "gap_score": -0.3233048962619095, "schools_nearby": 28, "stations_nearby": 2, "shops_nearby": 138, "bike_parking_nearby": 3, "bike_parking_capacity_nearby": 12.0, "bike_sharing_nearby": 5, "bike_sharing_capacity_nearby": 27.0, "flat_terrain": 0, "roi_car_trips_per_day": 938.14410197364657, "roi_congestion_cost_yen_day": 328275.38416261843, "roi_operating_cost_yen_day": 45837.720822432369, "roi_emissions_kg_day": 243.91746651314813, "roi_shifted_trips_per_day": 187.62882039472933, "roi_congestion_savings_yen_day": 65655.076832523686, "roi_operating_savings_yen_day": 9167.544164486475, "roi_emissions_avoided_kg_day": 48.78349330262963, "roi_health_benefit_yen_day": 5628.8646118418801, "roi_parking_spaces_freed": 3.7525764078945869 }, "geometry": { "type": "Polygon", "coordinates": [ [ [ 139.649304063876883, 35.429944668462817 ], [ 139.648738757734634, 35.431696891529334 ], [ 139.646762445042498, 35.432170469352045 ], [ 139.645351534364465, 35.430891842965963 ], [ 139.645916889533424, 35.429139673044467 ], [ 139.647893106356804, 35.428666076364344 ], [ 139.649304063876883, 35.429944668462817 ] ] ] } },
{ "type": "Feature", "properties": { "hex_id": "892f5bd368bffff", "population": 732.20582728820807, "production_score": 0.25951352823837504, "attraction_score": 0.080625752105896509, "demand_score": 0.17715685622860314, "stress_score": 2.1621621621621623, "infra_quality_score": 0.61261261261261257, "gap_score": -0.43545575638400946, "schools_nearby": 12, "stations_nearby": 1, "shops_nearby": 28, "bike_parking_nearby": 2, "bike_parking_capacity_nearby": 8.0, "bike_sharing_nearby": 1, "bike_sharing_capacity_nearby": 4.0, "flat_terrain": 0, "roi_car_trips_per_day": 512.54407910174575, "roi_congestion_cost_yen_day": 179349.42415928288, "roi_operating_cost_yen_day": 25042.903704911296, "roi_emissions_kg_day": 133.26146056645391, "roi_shifted_trips_per_day": 102.50881582034916, "roi_congestion_savings_yen_day": 35869.88483185658, "roi_operating_savings_yen_day": 5008.5807409822601, "roi_emissions_avoided_kg_day": 26.65229211329078, "roi_health_benefit_yen_day": 3075.2644746104747, "roi_parking_spaces_freed": 2.0501763164069833 }, "geometry": { "type": "Polygon", "coordinates": [ [ [ 139.652695429536323, 35.419431134324164 ], [ 139.652130258014836, 35.421183413297655 ], [ 139.650154159721012, 35.421657178515815 ], [ 139.648743328796229, 35.420378683605449 ], [ 139.649308549341015, 35.418626457777393 ], [ 139.651284551790496, 35.418152673714559 ], [ 139.652695429536323, 35.419431134324164 ] ] ] } },
{ "type": "Feature", "properties": { "hex_id": "892f5aa6a37ffff", "population": 4.834698503697088, "production_score": 0.001713547775643918, "attraction_score": 0.0012033694344163659, "demand_score": 0.20102092102352109, "stress_score": 2.0, "infra_quality_score": 0.66666666666666674, "gap_score": -0.46564574564314565, "schools_nearby": 0, "stations_nearby": 0, "shops_nearby": 1, "bike_parking_nearby": 0, "bike_parking_capacity_nearby": 0.0, "bike_sharing_nearby": 0, "bike_sharing_capacity_nearby": 0.0, "flat_terrain": 1, "roi_car_trips_per_day": 3.3842889525879616, "roi_congestion_cost_yen_day": 1184.2303902895796, "roi_operating_cost_yen_day": 165.35635822344781, "roi_emissions_kg_day": 0.87991512767287006, "roi_shifted_trips_per_day": 0.67685779051759232, "roi_congestion_savings_yen_day": 236.84607805791592, "roi_operating_savings_yen_day": 33.07127164468956, "roi_emissions_avoided_kg_day": 0.17598302553457401, "roi_health_benefit_yen_day": 20.305733715527769, "roi_parking_spaces_freed": 0.013537155810351847 }, "geometry": { "type": "Polygon", "coordinates": [ [ [ 139.684882113083574, 35.432733063378677 ], [ 139.684317365136081, 35.434485845728695 ], [ 139.68234031477644, 35.434960077622904 ], [ 139.680928108270336, 35.433681545958834 ], [ 139.681492905357203, 35.43192881672875 ], [ 139.683469859814011, 35.431454566043101 ], [ 139.684882113083574, 35.432733063378677 ] ] ] } },
{ "type": "Feature", "properties": { "hex_id": "892f5bd36cfffff", "population": 1222.321395138661, "production_score": 0.4332237276347547, "attraction_score": 0.13116726835138387, "demand_score": 0.24369069474899463, "stress_score": 1.9230769230769231, "infra_quality_score": 0.69230769230769229, "gap_score": -0.44861699755869766, "schools_nearby": 13, "stations_nearby": 1, "shops_nearby": 67, "bike_parking_nearby": 0, "bike_parking_capacity_nearby": 0.0, "bike_sharing_nearby": 0, "bike_sharing_capacity_nearby": 0.0, "flat_terrain": 0, "roi_car_trips_per_day": 855.62497659706264, "roi_congestion_cost_yen_day": 299400.29181084415, "roi_operating_cost_yen_day": 41805.836356532483, "roi_emissions_kg_day": 222.46249391523631, "roi_shifted_trips_per_day": 171.12499531941253, "roi_congestion_savings_yen_day": 59880.058362168835, "roi_operating_savings_yen_day": 8361.1672713064963, "roi_emissions_avoided_kg_day": 44.49249878304726, "roi_health_benefit_yen_day": 5133.7498595823763, "roi_parking_spaces_freed": 3.4224999063882509 }, "geometry": { "type": "Polygon", "coordinates": [ [ [ 139.654387092994057, 35.425492720450322 ], [ 139.653821903204118, 35.427245024629784 ], [ 139.651845613196457, 35.427718752157972 ], [ 139.650434608843028, 35.426440194352111 ], [ 139.650999847669397, 35.424687943315341 ], [ 139.652976041815919, 35.424214196942074 ], [ 139.654387092994057, 35.425492720450322 ] ] ] } },
{ "type": "Feature", "properties": { "hex_id": "892f5aa6827ffff", "population": 56.813889599794116, "production_score": 0.020136377495920454, "attraction_score": 0.0072202166064981952, "demand_score": 0.20957480793584651, "stress_score": 2.0, "infra_quality_score": 0.66666666666666674, "gap_score": -0.45709185873082026, "schools_nearby": 1, "stations_nearby": 0, "shops_nearby": 3, "bike_parking_nearby": 0, "bike_parking_capacity_nearby": 0.0, "bike_sharing_nearby": 0, "bike_sharing_capacity_nearby": 0.0, "flat_terrain": 1, "roi_car_trips_per_day": 39.769722719855885, "roi_congestion_cost_yen_day": 13916.221374131972, "roi_operating_cost_yen_day": 1943.1486520921585, "roi_emissions_kg_day": 10.340127907162531, "roi_shifted_trips_per_day": 7.9539445439711773, "roi_congestion_savings_yen_day": 2783.2442748263943, "roi_operating_savings_yen_day": 388.62973041843173, "roi_emissions_avoided_kg_day": 2.0680255814325061, "roi_health_benefit_yen_day": 238.61833631913532, "roi_parking_spaces_freed": 0.15907889087942356 }, "geometry": { "type": "Polygon", "coordinates": [ [ [ 139.676410080992099, 35.413742175256694 ], [ 139.675845338406617, 35.415494828825146 ], [ 139.673868947765385, 35.415969117427181 ], [ 139.672457395560571, 35.414690771257227 ], [ 139.673022187234579, 35.412938170819444 ], [ 139.674998482028059, 35.412463863421252 ], [ 139.676410080992099, 35.413742175256694 ] ] ] } },
{ "type": "Feature", "properties": { "hex_id": "892f5aa6b03ffff", "population": 728.72233139827688, "production_score": 0.25827888317641479, "attraction_score": 0.069795427196149215, "demand_score": 0.34815934196373072, "stress_score": 2.6666666666666665, "infra_quality_score": 0.44444444444444453, "gap_score": -0.096285102480713813, "schools_nearby": 5, "stations_nearby": 0, "shops_nearby": 43, "bike_parking_nearby": 0, "bike_parking_capacity_nearby": 0.0, "bike_sharing_nearby": 0, "bike_sharing_capacity_nearby": 0.0, "flat_terrain": 1, "roi_car_trips_per_day": 510.10563197879378, "roi_congestion_cost_yen_day": 178496.16274201951, "roi_operating_cost_yen_day": 24923.761178483863, "roi_emissions_kg_day": 132.62746431448639, "roi_shifted_trips_per_day": 102.02112639575876, "roi_congestion_savings_yen_day": 35699.232548403903, "roi_operating_savings_yen_day": 4984.7522356967729, "roi_emissions_avoided_kg_day": 26.525492862897277, "roi_health_benefit_yen_day": 3060.6337918727627, "roi_parking_spaces_freed": 2.0404225279151751 }, "geometry": { "type": "Polygon", "coordinates": [ [ [ 139.671326590392795, 35.429515722742643 ], [ 139.670761645956446, 35.431268292597721 ], [ 139.668784933460586, 35.431742300246995 ], [ 139.667373261288532, 35.430463756856781 ], [ 139.667938254818466, 35.428711240131783 ], [ 139.669914871430024, 35.428237213667209 ], [ 139.671326590392795, 35.429515722742643 ] ] ] } },
{ "type": "Feature", "properties": { "hex_id": "892f5aa6b47ffff", "population": 163.01590416830777, "production_score": 0.057777240870051844, "attraction_score": 0.028880866425992781, "demand_score": 0.27033033755361557, "stress_score": 2.8, "infra_quality_score": 0.4, "gap_score": -0.12966966244638445, "schools_nearby": 1, "stations_nearby": 0, "shops_nearby": 21, "bike_parking_nearby": 0, "bike_parking_capacity_nearby": 0.0, "bike_sharing_nearby": 0, "bike_sharing_capacity_nearby": 0.0, "flat_terrain": 1, "roi_car_trips_per_day": 114.11113291781543, "roi_congestion_cost_yen_day": 39929.767630601978, "roi_operating_cost_yen_day": 5575.469954364462, "roi_emissions_kg_day": 29.668894558632012, "roi_shifted_trips_per_day": 22.822226583563086, "roi_congestion_savings_yen_day": 7985.9535261203955, "roi_operating_savings_yen_day": 1115.0939908728924, "roi_emissions_avoided_kg_day": 5.933778911726403, "roi_health_benefit_yen_day": 684.66679750689264, "roi_parking_spaces_freed": 0.45644453167126176 }, "geometry": { "type": "Polygon", "coordinates": [ [ [ 139.673020390713759, 35.435577987375396 ], [ 139.672455428078479, 35.437330582386345 ], [ 139.670478523788745, 35.437804552404415 ], [ 139.669066678038575, 35.436525946227512 ], [ 139.669631689780573, 35.434773404343886 ], [ 139.671608498169178, 35.434299415510111 ], [ 139.673020390713759, 35.435577987375396 ] ] ] } },
{ "type": "Feature", "properties": { "hex_id": "892f5aa686bffff", "population": 4.1446432001658069, "production_score": 0.001468973531865717, "attraction_score": 0.0, "demand_score": 0.30051414073615301, "stress_score": 4.0, "infra_quality_score": 0.0, "gap_score": 0.30051414073615301, "schools_nearby": 0, "stations_nearby": 0, "shops_nearby": 0, "bike_parking_nearby": 0, "bike_parking_capacity_nearby": 0.0, "bike_sharing_nearby": 0, "bike_sharing_capacity_nearby": 0.0, "flat_terrain": 1, "roi_car_trips_per_day": 2.9012502401160645, "roi_congestion_cost_yen_day": 1015.2054840214133, "roi_operating_cost_yen_day": 141.75508673207091, "roi_emissions_kg_day": 0.75432506243017683, "roi_shifted_trips_per_day": 0.58025004802321289, "roi_congestion_savings_yen_day": 203.04109680428266, "roi_operating_savings_yen_day": 28.351017346414181, "roi_emissions_avoided_kg_day": 0.15086501248603537, "roi_health_benefit_yen_day": 17.407501440696386, "roi_parking_spaces_freed": 0.011605000960464257 }, "geometry": { "type": "Polygon", "coordinates": [ [ [ 139.685728680736958, 35.424443431136247 ], [ 139.685164009147172, 35.42619622882205 ], [ 139.683187162036376, 35.426670573153906 ], [ 139.681775082400748, 35.425392138585131 ], [ 139.682339803121607, 35.423639394020846 ], [ 139.684316554350175, 35.423165030904109 ], [ 139.685728680736958, 35.424443431136247 ] ] ] } },
{ "type": "Feature", "properties": { "hex_id": "892f5aa6b8bffff", "population": 542.84444202789768, "production_score": 0.1923987370559411, "attraction_score": 0.049338146811071001, "demand_score": 0.2846079093534542, "stress_score": 2.0, "infra_quality_score": 0.66666666666666674, "gap_score": -0.38205875731321254, "schools_nearby": 3, "stations_nearby": 0, "shops_nearby": 32, "bike_parking_nearby": 0, "bike_parking_capacity_nearby": 0.0, "bike_sharing_nearby": 0, "bike_sharing_capacity_nearby": 0.0, "flat_terrain": 1, "roi_car_trips_per_day": 379.99110941952836, "roi_congestion_cost_yen_day": 132966.48900808138, "roi_operating_cost_yen_day": 18566.365606238156, "roi_emissions_kg_day": 98.79768844907737, "roi_shifted_trips_per_day": 75.998221883905671, "roi_congestion_savings_yen_day": 26593.297801616274, "roi_operating_savings_yen_day": 3713.273121247631, "roi_emissions_avoided_kg_day": 19.759537689815474, "roi_health_benefit_yen_day": 2279.9466565171701, "roi_parking_spaces_freed": 1.5199644376781134 }, "geometry": { "type": "Polygon", "coordinates": [ [ [ 139.676409695414691, 35.425062221560125 ], [ 139.675844867376355, 35.426814872480911 ], [ 139.673868177713246, 35.42728902984274 ], [ 139.672456411968369, 35.426010555087068 ], [ 139.673021289110096, 35.424257957294031 ], [ 139.674997882896434, 35.423783781129224 ], [ 139.676409695414691, 35.425062221560125 ] ] ] } },
{ "type": "Feature", "properties": { "hex_id": "892f5aa68afffff", "population": 0.0, "production_score": 0.0, "attraction_score": 0.0, "demand_score": 0.21764705882352942, "stress_score": 2.3529411764705883, "infra_quality_score": 0.5490196078431373, "gap_score": -0.33137254901960789, "schools_nearby": 0, "stations_nearby": 0, "shops_nearby": 0, "bike_parking_nearby": 0, "bike_parking_capacity_nearby": 0.0, "bike_sharing_nearby": 0, "bike_sharing_capacity_nearby": 0.0, "flat_terrain": 1, "roi_car_trips_per_day": 0.0, "roi_congestion_cost_yen_day": 0.0, "roi_operating_cost_yen_day": 0.0, "roi_emissions_kg_day": 0.0, "roi_shifted_trips_per_day": 0.0, "roi_congestion_savings_yen_day": 0.0, "roi_operating_savings_yen_day": 0.0, "roi_emissions_avoided_kg_day": 0.0, "roi_health_benefit_yen_day": 0.0, "roi_parking_spaces_freed": 0.0 }, "geometry": { "type": "Polygon", "coordinates": [ [ [ 139.681492138623327, 35.409287944982502 ], [ 139.680927512397602, 35.411040679516724 ], [ 139.678951144613819, 35.411515117770861 ], [ 139.677539498899108, 35.410236840274919 ], [ 139.67810417422308, 35.408484158869015 ], [ 139.680080446166698, 35.408009701831027 ], [ 139.681492138623327, 35.409287944982502 ] ] ] } },
{ "type": "Feature", "properties": { "hex_id": "892f5aa6bcfffff", "population": 108.75497388913141, "production_score": 0.038545701134295479, "attraction_score": 0.010830324909747292, "demand_score": 0.21728160911541494, "stress_score": 2.0, "infra_quality_score": 0.66666666666666674, "gap_score": -0.4493850575512518, "schools_nearby": 1, "stations_nearby": 0, "shops_nearby": 6, "bike_parking_nearby": 0, "bike_parking_capacity_nearby": 0.0, "bike_sharing_nearby": 0, "bike_sharing_capacity_nearby": 0.0, "flat_terrain": 1, "roi_car_trips_per_day": 76.128481722391982, "roi_congestion_cost_yen_day": 26638.878324299403, "roi_operating_cost_yen_day": 3719.6376169560722, "roi_emissions_kg_day": 19.793405247821916, "roi_shifted_trips_per_day": 15.225696344478397, "roi_congestion_savings_yen_day": 5327.7756648598806, "roi_operating_savings_yen_day": 743.92752339121444, "roi_emissions_avoided_kg_day": 3.9586810495643832, "roi_health_benefit_yen_day": 456.77089033435192, "roi_parking_spaces_freed": 0.30451392688956797 }, "geometry": { "type": "Polygon", "coordinates": [ [ [ 139.678103915664849, 35.431124511060112 ], [ 139.677539069450035, 35.432877187167733 ], [ 139.675562188008143, 35.433351306923022 ], [ 139.674150248677819, 35.432072769374379 ], [ 139.674715144009127, 35.43032014639175 ], [ 139.67669192955745, 35.429846007833078 ], [ 139.678103915664849, 35.431124511060112 ] ] ] } },
{ "type": "Feature", "properties": { "hex_id": "892f5aa697bffff", "population": 524.07811522761904, "production_score": 0.18574744380134955, "attraction_score": 0.085439229843561976, "demand_score": 0.14647783577571905, "stress_score": 2.03125, "infra_quality_score": 0.65625, "gap_score": -0.50977216422428095, "schools_nearby": 8, "stations_nearby": 0, "shops_nearby": 47, "bike_parking_nearby": 0, "bike_parking_capacity_nearby": 0.0, "bike_sharing_nearby": 0, "bike_sharing_capacity_nearby": 0.0, "flat_terrain": 0, "roi_car_trips_per_day": 366.85468065933333, "roi_congestion_cost_yen_day": 128369.78985631392, "roi_operating_cost_yen_day": 17924.519697015025, "roi_emissions_kg_day": 95.382216971426672, "roi_shifted_trips_per_day": 73.370936131866671, "roi_congestion_savings_yen_day": 25673.957971262786, "roi_operating_savings_yen_day": 3584.9039394030056, "roi_emissions_avoided_kg_day": 19.076443394285334, "roi_health_benefit_yen_day": 2201.128083956, "roi_parking_spaces_freed": 1.4674187226373334 }, "geometry": { "type": "Polygon", "coordinates": [ [ [ 139.664552316822181, 35.416587439847575 ], [ 139.663987359727798, 35.418339906146073 ], [ 139.662011115183816, 35.418813933038486 ], [ 139.660599923583305, 35.417535512453099 ], [ 139.66116492973353, 35.415783099292653 ], [ 139.663141078431522, 35.415309053579833 ], [ 139.664552316822181, 35.416587439847575 ] ] ] } },
{ "type": "Feature", "properties": { "hex_id": "892f5bd305bffff", "population": 941.7386707939803, "production_score": 0.3337776292240105, "attraction_score": 0.013237063778580024, "demand_score": 0.17797688168134146, "stress_score": 2.1304347826086958, "infra_quality_score": 0.62318840579710133, "gap_score": -0.44521152411575987, "schools_nearby": 1, "stations_nearby": 0, "shops_nearby": 8, "bike_parking_nearby": 0, "bike_parking_capacity_nearby": 0.0, "bike_sharing_nearby": 0, "bike_sharing_capacity_nearby": 0.0, "flat_terrain": 0, "roi_car_trips_per_day": 659.21706955578622, "roi_congestion_cost_yen_day": 230673.23697896072, "roi_operating_cost_yen_day": 32209.346018495715, "roi_emissions_kg_day": 171.39643808450441, "roi_shifted_trips_per_day": 131.84341391115726, "roi_congestion_savings_yen_day": 46134.647395792148, "roi_operating_savings_yen_day": 6441.8692036991433, "roi_emissions_avoided_kg_day": 34.279287616900888, "roi_health_benefit_yen_day": 3955.3024173347176, "roi_parking_spaces_freed": 2.6368682782231452 }, "geometry": { "type": "Polygon", "coordinates": [ [ [ 139.632370373132915, 35.425919103195845 ], [ 139.631804821971684, 35.427671060512061 ], [ 139.62982893206015, 35.428144358442061 ], [ 139.628418689158423, 35.426865717943336 ], [ 139.62898428928915, 35.425113813784769 ], [ 139.630960083355262, 35.424640496967584 ], [ 139.632370373132915, 35.425919103195845 ] ] ] } },
{ "type": "Feature", "properties": { "hex_id": "892f5bd3613ffff", "population": 1040.6764650741475, "production_score": 0.36884385666016872, "attraction_score": 0.096269554753309269, "demand_score": 0.21046411259936845, "stress_score": 1.9534883720930232, "infra_quality_score": 0.68217054263565902, "gap_score": -0.47170643003629054, "schools_nearby": 12, "stations_nearby": 1, "shops_nearby": 41, "bike_parking_nearby": 2, "bike_parking_capacity_nearby": 8.0, "bike_sharing_nearby": 2, "bike_sharing_capacity_nearby": 1005.0, "flat_terrain": 0, "roi_car_trips_per_day": 728.47352555190332, "roi_congestion_cost_yen_day": 254907.45606112201, "roi_operating_cost_yen_day": 35593.216458465999, "roi_emissions_kg_day": 189.40311664349488, "roi_shifted_trips_per_day": 145.69470511038068, "roi_congestion_savings_yen_day": 50981.491212224413, "roi_operating_savings_yen_day": 7118.6432916931999, "roi_emissions_avoided_kg_day": 37.880623328698981, "roi_health_benefit_yen_day": 4370.8411533114204, "roi_parking_spaces_freed": 2.9138941022076135 }, "geometry": { "type": "Polygon", "coordinates": [ [ [ 139.650154159721012, 35.421657178515815 ], [ 139.649588930034952, 35.423409416952786 ], [ 139.647612820402543, 35.423883107332472 ], [ 139.646202036307415, 35.422604578126332 ], [ 139.646767315011886, 35.420852392835975 ], [ 139.648743328796229, 35.420378683605449 ], [ 139.650154159721012, 35.421657178515815 ] ] ] } },
{ "type": "Feature", "properties": { "hex_id": "892f5aa4d27ffff", "population": 1065.7637457378382, "production_score": 0.37773546674616454, "attraction_score": 0.99277978339350181, "demand_score": 0.74121879908734478, "stress_score": 3.2307692307692308, "infra_quality_score": 0.25641025641025639, "gap_score": 0.48480854267708839, "schools_nearby": 9, "stations_nearby": 9, "shops_nearby": 771, "bike_parking_nearby": 3, "bike_parking_capacity_nearby": 52.0, "bike_sharing_nearby": 9, "bike_sharing_capacity_nearby": 1038.0, "flat_terrain": 1, "roi_car_trips_per_day": 746.03462201648688, "roi_congestion_cost_yen_day": 261052.43493600911, "roi_operating_cost_yen_day": 36451.25163172555, "roi_emissions_kg_day": 193.96900172428658, "roi_shifted_trips_per_day": 149.20692440329739, "roi_congestion_savings_yen_day": 52210.486987201824, "roi_operating_savings_yen_day": 7290.2503263451108, "roi_emissions_avoided_kg_day": 38.793800344857324, "roi_health_benefit_yen_day": 4476.207732098922, "roi_parking_spaces_freed": 2.9841384880659478 }, "geometry": { "type": "Polygon", "coordinates": [ [ [ 139.640827885010992, 35.444908866117281 ], [ 139.640262327823109, 35.446660951927825 ], [ 139.638285778064102, 35.44713419252809 ], [ 139.63687488139675, 35.445855366200639 ], [ 139.637440487604891, 35.444103333537036 ], [ 139.63941694146331, 35.443630074054241 ], [ 139.640827885010992, 35.444908866117281 ] ] ] } },
{ "type": "Feature", "properties": { "hex_id": "892f5aa4d6bffff", "population": 49.338603318488552, "production_score": 0.017486934067372135, "attraction_score": 0.063778580024067388, "demand_score": 0.32844292993200386, "stress_score": 4.0, "infra_quality_score": 0.0, "gap_score": 0.32844292993200386, "schools_nearby": 0, "stations_nearby": 0, "shops_nearby": 53, "bike_parking_nearby": 0, "bike_parking_capacity_nearby": 0.0, "bike_sharing_nearby": 0, "bike_sharing_capacity_nearby": 0.0, "flat_terrain": 1, "roi_car_trips_per_day": 34.537022322941986, "roi_congestion_cost_yen_day": 12085.194851243861, "roi_operating_cost_yen_day": 1687.4789106989454, "roi_emissions_kg_day": 8.9796258039649164, "roi_shifted_trips_per_day": 6.9074044645883976, "roi_congestion_savings_yen_day": 2417.0389702487723, "roi_operating_savings_yen_day": 337.49578213978913, "roi_emissions_avoided_kg_day": 1.7959251607929834, "roi_health_benefit_yen_day": 207.22213393765193, "roi_parking_spaces_freed": 0.13814808929176794 }, "geometry": { "type": "Polygon", "coordinates": [ [ [ 139.650141082544621, 35.455612915859433 ], [ 139.649575595980082, 35.457365145494698 ], [ 139.647598589265897, 35.457838441502268 ], [ 139.646187165054499, 35.456559526746076 ], [ 139.646752700681958, 35.454807350248572 ], [ 139.648729611460965, 35.454334035369804 ], [ 139.650141082544621, 35.455612915859433 ] ] ] } },
{ "type": "Feature", "properties": { "hex_id": "892f5bd3657ffff", "population": 1334.7636723088103, "production_score": 0.47307630867696604, "attraction_score": 0.13959085439229843, "demand_score": 0.26120770062262966, "stress_score": 1.935483870967742, "infra_quality_score": 0.68817204301075274, "gap_score": -0.42696434238812309, "schools_nearby": 20, "stations_nearby": 1, "shops_nearby": 53, "bike_parking_nearby": 0, "bike_parking_capacity_nearby": 0.0, "bike_sharing_nearby": 2, "bike_sharing_capacity_nearby": 15.0, "flat_terrain": 0, "roi_car_trips_per_day": 934.3345706161673, "roi_congestion_cost_yen_day": 326942.35295000928, "roi_operating_cost_yen_day": 45651.587120305936, "roi_emissions_kg_day": 242.9269883602035, "roi_shifted_trips_per_day": 186.86691412323347, "roi_congestion_savings_yen_day": 65388.47059000186, "roi_operating_savings_yen_day": 9130.3174240611879, "roi_emissions_avoided_kg_day": 48.585397672040706, "roi_health_benefit_yen_day": 5606.007423697004, "roi_parking_spaces_freed": 3.7373382824646697 }, "geometry": { "type": "Polygon", "coordinates": [ [ [ 139.651845613196457, 35.427718752157972 ], [ 139.651280365230718, 35.429471015785424 ], [ 139.649304063876883, 35.429944668462817 ], [ 139.647893106356804, 35.428666076364344 ], [ 139.648458403354084, 35.426913865880756 ], [ 139.650434608843028, 35.426440194352111 ], [ 139.651845613196457, 35.427718752157972 ] ] ] } },
{ "type": "Feature", "properties": { "hex_id": "892f5aa4dafffff", "population": 1507.8013547282364, "production_score": 0.53440553853186745, "attraction_score": 0.74007220216606495, "demand_score": 0.69222105539812251, "stress_score": 2.9230769230769229, "infra_quality_score": 0.35897435897435903, "gap_score": 0.33324669642376348, "schools_nearby": 25, "stations_nearby": 7, "shops_nearby": 519, "bike_parking_nearby": 3, "bike_parking_capacity_nearby": 12.0, "bike_sharing_nearby": 4, "bike_sharing_capacity_nearby": 92.0, "flat_terrain": 1, "roi_car_trips_per_day": 1055.4609483097654, "roi_congestion_cost_yen_day": 369326.89503255312, "roi_operating_cost_yen_day": 51569.821934415137, "roi_emissions_kg_day": 274.41984656053899, "roi_shifted_trips_per_day": 211.09218966195309, "roi_congestion_savings_yen_day": 73865.37900651063, "roi_operating_savings_yen_day": 10313.964386883028, "roi_emissions_avoided_kg_day": 54.883969312107801, "roi_health_benefit_yen_day": 6332.7656898585929, "roi_parking_spaces_freed": 4.2218437932390618 }, "geometry": { "type": "Polygon", "coordinates": [ [ [ 139.645911890382649, 35.440457866824779 ], [ 139.645346449575555, 35.442210033850387 ], [ 139.643369922452905, 35.442683424211914 ], [ 139.641958932033532, 35.441404666418329 ], [ 139.642524421870718, 35.439652552537325 ], [ 139.64450085310034, 35.439179143305623 ], [ 139.645911890382649, 35.440457866824779 ] ] ] } },
{ "type": "Feature", "properties": { "hex_id": "892f5bd369bffff", "population": 546.60414649604627, "production_score": 0.19373127790074207, "attraction_score": 0.048134777376654635, "demand_score": 0.14179597648994596, "stress_score": 2.1428571428571428, "infra_quality_score": 0.61904761904761907, "gap_score": -0.47725164255767311, "schools_nearby": 6, "stations_nearby": 0, "shops_nearby": 22, "bike_parking_nearby": 0, "bike_parking_capacity_nearby": 0.0, "bike_sharing_nearby": 1, "bike_sharing_capacity_nearby": 6.0, "flat_terrain": 0, "roi_car_trips_per_day": 382.62290254723234, "roi_congestion_cost_yen_day": 133887.40605932754, "roi_operating_cost_yen_day": 18694.955018457771, "roi_emissions_kg_day": 99.481954662280415, "roi_shifted_trips_per_day": 76.524580509446466, "roi_congestion_savings_yen_day": 26777.48121186551, "roi_operating_savings_yen_day": 3738.9910036915544, "roi_emissions_avoided_kg_day": 19.896390932456082, "roi_health_benefit_yen_day": 2295.7374152833941, "roi_parking_spaces_freed": 1.5304916101889294 }, "geometry": { "type": "Polygon", "coordinates": [ [ [ 139.65523662984134, 35.417204974770307 ], [ 139.654671516483603, 35.418957294271443 ], [ 139.652695429536323, 35.419431134324164 ], [ 139.651284551790496, 35.418152673714559 ], [ 139.651849714176365, 35.416400407357692 ], [ 139.653825705283111, 35.415926548466487 ], [ 139.65523662984134, 35.417204974770307 ] ] ] } },
{ "type": "Feature", "properties": { "hex_id": "892f5aa6d67ffff", "population": 0.0, "production_score": 0.0, "attraction_score": 0.0, "demand_score": 0.2, "stress_score": 2.0, "infra_quality_score": 0.66666666666666674, "gap_score": -0.46666666666666679, "schools_nearby": 0, "stations_nearby": 0, "shops_nearby": 0, "bike_parking_nearby": 0, "bike_parking_capacity_nearby": 0.0, "bike_sharing_nearby": 0, "bike_sharing_capacity_nearby": 0.0, "flat_terrain": 1, "roi_car_trips_per_day": 0.0, "roi_congestion_cost_yen_day": 0.0, "roi_operating_cost_yen_day": 0.0, "roi_emissions_kg_day": 0.0, "roi_shifted_trips_per_day": 0.0, "roi_congestion_savings_yen_day": 0.0, "roi_operating_savings_yen_day": 0.0, "roi_emissions_avoided_kg_day": 0.0, "roi_health_benefit_yen_day": 0.0, "roi_parking_spaces_freed": 0.0 }, "geometry": { "type": "Polygon", "coordinates": [ [ [ 139.675563729052755, 35.399391546837123 ], [ 139.674999080978409, 35.401144190238675 ], [ 139.673023085087408, 35.401618628827464 ], [ 139.671611833084285, 35.400340442804136 ], [ 139.672176530225698, 35.398587852537538 ], [ 139.67415243030635, 35.398113395159598 ], [ 139.675563729052755, 35.399391546837123 ] ] ] } },
{ "type": "Feature", "properties": { "hex_id": "892f5aa6837ffff", "population": 3.9609229235447241e-05, "production_score": 1.4038581019988899e-08, "attraction_score": 0.0036101083032490976, "demand_score": 0.22348576504186274, "stress_score": 2.4444444444444446, "infra_quality_score": 0.51851851851851838, "gap_score": -0.29503275347665564, "schools_nearby": 1, "stations_nearby": 0, "shops_nearby": 0, "bike_parking_nearby": 0, "bike_parking_capacity_nearby": 0.0, "bike_sharing_nearby": 0, "bike_sharing_capacity_nearby": 0.0, "flat_terrain": 1, "roi_car_trips_per_day": 2.7726460464813067e-05, "roi_congestion_cost_yen_day": 0.0097020430458473889, "roi_operating_cost_yen_day": 0.0013547148583107663, "roi_emissions_kg_day": 7.2088797208513975e-06, "roi_shifted_trips_per_day": 5.5452920929626138e-06, "roi_congestion_savings_yen_day": 0.0019404086091694779, "roi_operating_savings_yen_day": 0.00027094297166215328, "roi_emissions_avoided_kg_day": 1.4417759441702796e-06, "roi_health_benefit_yen_day": 0.00016635876278887842, "roi_parking_spaces_freed": 1.1090584185925228e-07 }, "geometry": { "type": "Polygon", "coordinates": [ [ [ 139.678951144613819, 35.411515117770861 ], [ 139.678386460208571, 35.413267811826657 ], [ 139.676410080992099, 35.413742175256694 ], [ 139.674998482028059, 35.412463863421252 ], [ 139.675563215526637, 35.41071122249496 ], [ 139.677539498899108, 35.410236840274919 ], [ 139.678951144613819, 35.411515117770861 ] ] ] } },
{ "type": "Feature", "properties": { "hex_id": "892f5aa6b13ffff", "population": 728.7528367357188, "production_score": 0.25828969509221034, "attraction_score": 0.067388688327316482, "demand_score": 0.34045802243212847, "stress_score": 2.5294117647058822, "infra_quality_score": 0.49019607843137258, "gap_score": -0.14973805599924411, "schools_nearby": 5, "stations_nearby": 0, "shops_nearby": 41, "bike_parking_nearby": 0, "bike_parking_capacity_nearby": 0.0, "bike_sharing_nearby": 0, "bike_sharing_capacity_nearby": 0.0, "flat_terrain": 1, "roi_car_trips_per_day": 510.12698571500323, "roi_congestion_cost_yen_day": 178503.63484139394, "roi_operating_cost_yen_day": 24924.804522035058, "roi_emissions_kg_day": 132.63301628590085, "roi_shifted_trips_per_day": 102.02539714300065, "roi_congestion_savings_yen_day": 35700.726968278788, "roi_operating_savings_yen_day": 4984.9609044070112, "roi_emissions_avoided_kg_day": 26.52660325718017, "roi_health_benefit_yen_day": 3060.7619142900194, "roi_parking_spaces_freed": 2.040507942860013 }, "geometry": { "type": "Polygon", "coordinates": [ [ [ 139.673868177713246, 35.42728902984274 ], [ 139.673303291476259, 35.429041640235134 ], [ 139.671326590392795, 35.429515722742643 ], [ 139.669914871430024, 35.428237213667209 ], [ 139.670479806765456, 35.42648465640373 ], [ 139.672456411968369, 35.426010555087068 ], [ 139.673868177713246, 35.42728902984274 ] ] ] } },
{ "type": "Feature", "properties": { "hex_id": "892f5aa6b57ffff", "population": 320.93150118048572, "production_score": 0.11374679508171044, "attraction_score": 0.020457280385078221, "demand_score": 0.26697142641337601, "stress_score": 2.4, "infra_quality_score": 0.53333333333333344, "gap_score": -0.26636190691995743, "schools_nearby": 1, "stations_nearby": 0, "shops_nearby": 14, "bike_parking_nearby": 0, "bike_parking_capacity_nearby": 0.0, "bike_sharing_nearby": 0, "bike_sharing_capacity_nearby": 0.0, "flat_terrain": 1, "roi_car_trips_per_day": 224.65205082634, "roi_congestion_cost_yen_day": 78610.245625152893, "roi_operating_cost_yen_day": 10976.499203374973, "roi_emissions_kg_day": 58.409533214848402, "roi_shifted_trips_per_day": 44.930410165268, "roi_congestion_savings_yen_day": 15722.049125030579, "roi_operating_savings_yen_day": 2195.2998406749944, "roi_emissions_avoided_kg_day": 11.681906642969681, "roi_health_benefit_yen_day": 1347.9123049580401, "roi_parking_spaces_freed": 0.89860820330536006 }, "geometry": { "type": "Polygon", "coordinates": [ [ [ 139.675562188008143, 35.433351306923022 ], [ 139.674997283583537, 35.435103942486776 ], [ 139.673020390713759, 35.435577987375396 ], [ 139.671608498169178, 35.434299415510111 ], [ 139.672173451705476, 35.43254683307255 ], [ 139.674150248677819, 35.432072769374379 ], [ 139.675562188008143, 35.433351306923022 ] ] ] } },
{ "type": "Feature", "properties": { "hex_id": "892f5aa4c27ffff", "population": 6.9753063702564173, "production_score": 0.0024722370394033169, "attraction_score": 0.0036101083032490976, "demand_score": null, "stress_score": 4.0, "infra_quality_score": 0.0, "gap_score": null, "schools_nearby": 0, "stations_nearby": 0, "shops_nearby": 3, "bike_parking_nearby": 0, "bike_parking_capacity_nearby": 0.0, "bike_sharing_nearby": 0, "bike_sharing_capacity_nearby": 0.0, "flat_terrain": null, "roi_car_trips_per_day": 4.8827144591794926, "roi_congestion_cost_yen_day": 1708.5594435560881, "roi_operating_cost_yen_day": 238.56942847550999, "roi_emissions_kg_day": 1.2695057593866681, "roi_shifted_trips_per_day": 0.9765428918358986, "roi_congestion_savings_yen_day": 341.71188871121763, "roi_operating_savings_yen_day": 47.713885695102007, "roi_emissions_avoided_kg_day": 0.25390115187733364, "roi_health_benefit_yen_day": 29.296286755076959, "roi_parking_spaces_freed": 0.019530857836717971 }, "geometry": { "type": "Polygon", "coordinates": [ [ [ 139.664545776242932, 35.450545945058373 ], [ 139.663980562517622, 35.452298402826649 ], [ 139.662003420769082, 35.452772035642042 ], [ 139.660591588682138, 35.451493229530278 ], [ 139.661156851507855, 35.449740824891236 ], [ 139.663133897323263, 35.449267173235043 ], [ 139.664545776242932, 35.450545945058373 ] ] ] } },
{ "type": "Feature", "properties": { "hex_id": "892f5aa6b9bffff", "population": 0.010237327579479254, "production_score": 3.6283854906237381e-06, "attraction_score": 0.020457280385078221, "demand_score": 0.20716131806969909, "stress_score": 2.0, "infra_quality_score": 0.66666666666666674, "gap_score": -0.45950534859696768, "schools_nearby": 3, "stations_nearby": 0, "shops_nearby": 8, "bike_parking_nearby": 0, "bike_parking_capacity_nearby": 0.0, "bike_sharing_nearby": 0, "bike_sharing_capacity_nearby": 0.0, "flat_terrain": 1, "roi_car_trips_per_day": 0.0071661293056354772, "roi_congestion_cost_yen_day": 2.5075719666279661, "roi_operating_cost_yen_day": 0.35013707787334941, "roi_emissions_kg_day": 0.0018631936194652241, "roi_shifted_trips_per_day": 0.0014332258611270956, "roi_congestion_savings_yen_day": 0.50151439332559333, "roi_operating_savings_yen_day": 0.070027415574669891, "roi_emissions_avoided_kg_day": 0.00037263872389304485, "roi_health_benefit_yen_day": 0.042996775833812867, "roi_parking_spaces_freed": 2.8664517222541914e-05 }, "geometry": { "type": "Polygon", "coordinates": [ [ [ 139.67895114349011, 35.422835297907604 ], [ 139.678386373649602, 35.424587989347877 ], [ 139.676409695414691, 35.425062221560125 ], [ 139.674997882896434, 35.423783781129224 ], [ 139.675562701845138, 35.422031142815527 ], [ 139.677539284207057, 35.421556891806475 ], [ 139.67895114349011, 35.422835297907604 ] ] ] } },
{ "type": "Feature", "properties": { "hex_id": "892f5bd327bffff", "population": 1420.8463958658126, "production_score": 0.50358635172508437, "attraction_score": 0.65102286401925391, "demand_score": 0.48223822551051837, "stress_score": 2.5625, "infra_quality_score": 0.47916666666666663, "gap_score": 0.0030715588438517405, "schools_nearby": 5, "stations_nearby": 8, "shops_nearby": 502, "bike_parking_nearby": 0, "bike_parking_capacity_nearby": 0.0, "bike_sharing_nearby": 0, "bike_sharing_capacity_nearby": 0.0, "flat_terrain": 0, "roi_car_trips_per_day": 994.59247710606871, "roi_congestion_cost_yen_day": 348027.79958895559, "roi_operating_cost_yen_day": 48595.788431402514, "roi_emissions_kg_day": 258.59404404757788, "roi_shifted_trips_per_day": 198.91849542121375, "roi_congestion_savings_yen_day": 69605.559917791121, "roi_operating_savings_yen_day": 9719.1576862805032, "roi_emissions_avoided_kg_day": 51.718808809515579, "roi_health_benefit_yen_day": 5967.5548626364125, "roi_parking_spaces_freed": 3.9783699084242752 }, "geometry": { "type": "Polygon", "coordinates": [ [ [ 139.628969167388533, 35.44774784286566 ], [ 139.628403395807311, 35.449499741124598 ], [ 139.626426992693382, 35.449972719969828 ], [ 139.625016457062628, 35.448693819463195 ], [ 139.62558227763148, 35.446941974358559 ], [ 139.627558584846639, 35.446468976606582 ], [ 139.628969167388533, 35.44774784286566 ] ] ] } },
{ "type": "Feature", "properties": { "hex_id": "892f5aa6903ffff", "population": 52.194855378748571, "production_score": 0.018499266968957255, "attraction_score": 0.0048134777376654635, "demand_score": 0.20815946064731794, "stress_score": 2.0, "infra_quality_score": 0.66666666666666674, "gap_score": -0.4585072060193488, "schools_nearby": 1, "stations_nearby": 0, "shops_nearby": 1, "bike_parking_nearby": 0, "bike_parking_capacity_nearby": 0.0, "bike_sharing_nearby": 0, "bike_sharing_capacity_nearby": 0.0, "flat_terrain": 1, "roi_car_trips_per_day": 36.536398765123998, "roi_congestion_cost_yen_day": 12784.816655892189, "roi_operating_cost_yen_day": 1785.1684436639584, "roi_emissions_kg_day": 9.4994636789322406, "roi_shifted_trips_per_day": 7.3072797530248002, "roi_congestion_savings_yen_day": 2556.9633311784382, "roi_operating_savings_yen_day": 357.03368873279175, "roi_emissions_avoided_kg_day": 1.8998927357864481, "roi_health_benefit_yen_day": 219.218392590744, "roi_parking_spaces_freed": 0.14614559506049601 }, "geometry": { "type": "Polygon", "coordinates": [ [ [ 139.665400735815268, 35.408299183188973 ], [ 139.664835855105224, 35.41005166471156 ], [ 139.662859813622987, 35.410525804063589 ], [ 139.661448748679362, 35.409247480707087 ], [ 139.662013678437006, 35.407495052324094 ], [ 139.66398962409383, 35.407020894158272 ], [ 139.665400735815268, 35.408299183188973 ] ] ] } },
{ "type": "Feature", "properties": { "hex_id": "892f5aa49d3ffff", "population": 25.119031273545662, "production_score": 0.008902863359979845, "attraction_score": 0.040914560770156441, "demand_score": 0.31743609844554765, "stress_score": 4.0, "infra_quality_score": 0.0, "gap_score": 0.31743609844554765, "schools_nearby": 0, "stations_nearby": 0, "shops_nearby": 34, "bike_parking_nearby": 0, "bike_parking_capacity_nearby": 0.0, "bike_sharing_nearby": 0, "bike_sharing_capacity_nearby": 0.0, "flat_terrain": 1, "roi_car_trips_per_day": 17.583321891481962, "roi_congestion_cost_yen_day": 6152.7559962673686, "roi_operating_cost_yen_day": 859.12110761780866, "roi_emissions_kg_day": 4.57166369178531, "roi_shifted_trips_per_day": 3.5166643782963924, "roi_congestion_savings_yen_day": 1230.5511992534737, "roi_operating_savings_yen_day": 171.82422152356173, "roi_emissions_avoided_kg_day": 0.91433273835706208, "roi_health_benefit_yen_day": 105.49993134889178, "roi_parking_spaces_freed": 0.070333287565927854 }, "geometry": { "type": "Polygon", "coordinates": [ [ [ 139.647598589265897, 35.457838441502268 ], [ 139.647033044483237, 35.45959063049574 ], [ 139.645056026428051, 35.460063851593809 ], [ 139.643644649097581, 35.458784902576056 ], [ 139.644210242938243, 35.457032766721525 ], [ 139.646187165054499, 35.456559526746076 ], [ 139.647598589265897, 35.457838441502268 ] ] ] } },
{ "type": "Feature", "properties": { "hex_id": "892f5aa4cafffff", "population": 0.0, "production_score": 0.0, "attraction_score": 0.0024067388688327317, "demand_score": 0.20084235860409144, "stress_score": 2.0, "infra_quality_score": 0.66666666666666674, "gap_score": -0.4658243080625753, "schools_nearby": 0, "stations_nearby": 0, "shops_nearby": 2, "bike_parking_nearby": 0, "bike_parking_capacity_nearby": 0.0, "bike_sharing_nearby": 0, "bike_sharing_capacity_nearby": 0.0, "flat_terrain": 1, "roi_car_trips_per_day": 0.0, "roi_congestion_cost_yen_day": 0.0, "roi_operating_cost_yen_day": 0.0, "roi_emissions_kg_day": 0.0, "roi_shifted_trips_per_day": 0.0, "roi_congestion_savings_yen_day": 0.0, "roi_operating_savings_yen_day": 0.0, "roi_emissions_avoided_kg_day": 0.0, "roi_health_benefit_yen_day": 0.0, "roi_parking_spaces_freed": 0.0 }, "geometry": { "type": "Polygon", "coordinates": [ [ [ 139.669630278320938, 35.446093417396732 ], [ 139.66906518104463, 35.447845956363849 ], [ 139.667088062095928, 35.448319738972344 ], [ 139.665676136352261, 35.447041001442457 ], [ 139.666241282738753, 35.44528851560225 ], [ 139.66821830576194, 35.444814714165283 ], [ 139.669630278320938, 35.446093417396732 ] ] ] } },
{ "type": "Feature", "properties": { "hex_id": "892f5aa6947ffff", "population": 82.204174417064266, "production_score": 0.029135380440639489, "attraction_score": 0.049338146811071001, "demand_score": 0.09621573453809866, "stress_score": 2.375, "infra_quality_score": 0.54166666666666674, "gap_score": -0.44545093212856807, "schools_nearby": 4, "stations_nearby": 0, "shops_nearby": 29, "bike_parking_nearby": 0, "bike_parking_capacity_nearby": 0.0, "bike_sharing_nearby": 0, "bike_sharing_capacity_nearby": 0.0, "flat_terrain": 0, "roi_car_trips_per_day": 57.542922091944995, "roi_congestion_cost_yen_day": 20135.419298413395, "roi_operating_cost_yen_day": 2811.5471734124326, "roi_emissions_kg_day": 14.961159743905698, "roi_shifted_trips_per_day": 11.508584418388999, "roi_congestion_savings_yen_day": 4027.0838596826788, "roi_operating_savings_yen_day": 562.30943468248643, "roi_emissions_avoided_kg_day": 2.9922319487811397, "roi_health_benefit_yen_day": 345.25753255166995, "roi_parking_spaces_freed": 0.23017168836777999 }, "geometry": { "type": "Polygon", "coordinates": [ [ [ 139.667093448902875, 35.414360831317872 ], [ 139.666528549980569, 35.416113338123871 ], [ 139.664552316822181, 35.416587439847575 ], [ 139.663141078431522, 35.415309053579833 ], [ 139.663706026414587, 35.413556599910734 ], [ 139.665682163730736, 35.413082479372768 ], [ 139.667093448902875, 35.414360831317872 ] ] ] } },
{ "type": "Feature", "properties": { "hex_id": "892f5bd3623ffff", "population": 968.04783301709358, "production_score": 0.34310230714797962, "attraction_score": 0.060168471720818288, "demand_score": 0.18489477260407927, "stress_score": 1.875, "infra_quality_score": 0.70833333333333326, "gap_score": -0.52343856072925399, "schools_nearby": 8, "stations_nearby": 1, "shops_nearby": 23, "bike_parking_nearby": 0, "bike_parking_capacity_nearby": 0.0, "bike_sharing_nearby": 0, "bike_sharing_capacity_nearby": 0.0, "flat_terrain": 0, "roi_car_trips_per_day": 677.63348311196546, "roi_congestion_cost_yen_day": 237117.50841053895, "roi_operating_cost_yen_day": 33109.171984850633, "roi_emissions_kg_day": 176.18470560911103, "roi_shifted_trips_per_day": 135.5266966223931, "roi_congestion_savings_yen_day": 47423.501682107795, "roi_operating_savings_yen_day": 6621.8343969701273, "roi_emissions_avoided_kg_day": 35.236941121822206, "roi_health_benefit_yen_day": 4065.8008986717932, "roi_parking_spaces_freed": 2.7105339324478623 }, "geometry": { "type": "Polygon", "coordinates": [ [ [ 139.638298082295194, 35.424498854071814 ], [ 139.637732638271899, 35.426250905108652 ], [ 139.635756675081865, 35.426724333846344 ], [ 139.634346251764498, 35.425445730422545 ], [ 139.634911744773603, 35.42369373253964 ], [ 139.636887612117334, 35.423220284926899 ], [ 139.638298082295194, 35.424498854071814 ] ] ] } },
{ "type": "Feature", "properties": { "hex_id": "892f5aa4d37ffff", "population": 1046.284835575274, "production_score": 0.37083161469509962, "attraction_score": 0.84957882069795432, "demand_score": 0.69589365238756884, "stress_score": 3.375, "infra_quality_score": 0.20833333333333337, "gap_score": 0.48756031905423547, "schools_nearby": 19, "stations_nearby": 8, "shops_nearby": 625, "bike_parking_nearby": 1, "bike_parking_capacity_nearby": 44.0, "bike_sharing_nearby": 8, "bike_sharing_capacity_nearby": 149.0, "flat_terrain": 1, "roi_car_trips_per_day": 732.39938490269174, "roi_congestion_cost_yen_day": 256281.1927651499, "roi_operating_cost_yen_day": 35785.033946345517, "roi_emissions_kg_day": 190.42384007469985, "roi_shifted_trips_per_day": 146.47987698053836, "roi_congestion_savings_yen_day": 51256.238553029987, "roi_operating_savings_yen_day": 7157.006789269104, "roi_emissions_avoided_kg_day": 38.084768014939975, "roi_health_benefit_yen_day": 4394.3963094161509, "roi_parking_spaces_freed": 2.9295975396107674 }, "geometry": { "type": "Polygon", "coordinates": [ [ [ 139.643369922452905, 35.442683424211914 ], [ 139.642804423455743, 35.444435550634431 ], [ 139.640827885010992, 35.444908866117281 ], [ 139.63941694146331, 35.443630074054241 ], [ 139.63998248948559, 35.4418780007775 ], [ 139.641958932033532, 35.441404666418329 ], [ 139.643369922452905, 35.442683424211914 ] ] ] } },
{ "type": "Feature", "properties": { "hex_id": "892f5aa69cfffff", "population": 82.211051995765246, "production_score": 0.029137818040352453, "attraction_score": 0.0048134777376654635, "demand_score": 0.21188295352230627, "stress_score": 2.0, "infra_quality_score": 0.66666666666666674, "gap_score": -0.4547837131443605, "schools_nearby": 1, "stations_nearby": 0, "shops_nearby": 1, "bike_parking_nearby": 0, "bike_parking_capacity_nearby": 0.0, "bike_sharing_nearby": 0, "bike_sharing_capacity_nearby": 0.0, "flat_terrain": 1, "roi_car_trips_per_day": 57.547736397035678, "roi_congestion_cost_yen_day": 20137.103920050726, "roi_operating_cost_yen_day": 2811.7824003591631, "roi_emissions_kg_day": 14.962411463229277, "roi_shifted_trips_per_day": 11.509547279407137, "roi_congestion_savings_yen_day": 4027.4207840101453, "roi_operating_savings_yen_day": 562.35648007183272, "roi_emissions_avoided_kg_day": 2.9924822926458559, "roi_health_benefit_yen_day": 345.28641838221409, "roi_parking_spaces_freed": 0.23019094558814274 }, "geometry": { "type": "Polygon", "coordinates": [ [ [ 139.672175504362713, 35.409907268293352 ], [ 139.67161072178223, 35.411659856087624 ], [ 139.669634511418764, 35.412134107462208 ], [ 139.668223179473728, 35.410855789844724 ], [ 139.66878801112469, 35.409103255185052 ], [ 139.67076412565342, 35.408628985008534 ], [ 139.672175504362713, 35.409907268293352 ] ] ] } },
{ "type": "Feature", "properties": { "hex_id": "892f5bd3667ffff", "population": 1209.8265834382446, "production_score": 0.42879522877800785, "attraction_score": 0.14801444043321299, "demand_score": 0.23988338422392727, "stress_score": 1.76, "infra_quality_score": 0.74666666666666659, "gap_score": -0.50678328244273929, "schools_nearby": 12, "stations_nearby": 2, "shops_nearby": 81, "bike_parking_nearby": 0, "bike_parking_capacity_nearby": 0.0, "bike_sharing_nearby": 1, "bike_sharing_capacity_nearby": 20.0, "flat_terrain": 0, "roi_car_trips_per_day": 846.87860840677115, "roi_congestion_cost_yen_day": 296339.7626536974, "roi_operating_cost_yen_day": 41378.488806754838, "roi_emissions_kg_day": 220.1884381857605, "roi_shifted_trips_per_day": 169.37572168135424, "roi_congestion_savings_yen_day": 59267.95253073948, "roi_operating_savings_yen_day": 8275.697761350968, "roi_emissions_avoided_kg_day": 44.037687637152104, "roi_health_benefit_yen_day": 5081.2716504406271, "roi_parking_spaces_freed": 3.3875144336270848 }, "geometry": { "type": "Polygon", "coordinates": [ [ [ 139.639988385499578, 35.430560201404532 ], [ 139.639422923147919, 35.432312277606329 ], [ 139.637446768239926, 35.43278566859324 ], [ 139.636036171549932, 35.431507002254136 ], [ 139.636601682900533, 35.429754979203544 ], [ 139.63857774194534, 35.429281569341136 ], [ 139.639988385499578, 35.430560201404532 ] ] ] } },
{ "type": "Feature", "properties": { "hex_id": "892f5aa4d7bffff", "population": 13.026820663109584, "production_score": 0.0046170572071689659, "attraction_score": 0.066185318892900122, "demand_score": 0.17478083163502417, "stress_score": 4.0, "infra_quality_score": 0.0, "gap_score": 0.17478083163502417, "schools_nearby": 0, "stations_nearby": 0, "shops_nearby": 55, "bike_parking_nearby": 0, "bike_parking_capacity_nearby": 0.0, "bike_sharing_nearby": 0, "bike_sharing_capacity_nearby": 0.0, "flat_terrain": 0, "roi_car_trips_per_day": 9.1187744641767079, "roi_congestion_cost_yen_day": 3190.8415605047139, "roi_operating_cost_yen_day": 445.54332031967397, "roi_emissions_kg_day": 2.370881360685944, "roi_shifted_trips_per_day": 1.8237548928353418, "roi_congestion_savings_yen_day": 638.16831210094279, "roi_operating_savings_yen_day": 89.108664063934796, "roi_emissions_avoided_kg_day": 0.47417627213718888, "roi_health_benefit_yen_day": 54.712646785060251, "roi_parking_spaces_freed": 0.036475097856706835 }, "geometry": { "type": "Polygon", "coordinates": [ [ [ 139.652683506257119, 35.453387274678057 ], [ 139.652118077909932, 35.455139544946228 ], [ 139.650141082544621, 35.455612915859433 ], [ 139.648729611460965, 35.454334035369804 ], [ 139.649295088875959, 35.452581818238258 ], [ 139.651271988309873, 35.452108428460029 ], [ 139.652683506257119, 35.453387274678057 ] ] ] } },
{ "type": "Feature", "properties": { "hex_id": "892f5bd36abffff", "population": 1042.6186818526294, "production_score": 0.36953223076209896, "attraction_score": 0.051744885679903728, "demand_score": 0.19119699075470092, "stress_score": 1.875, "infra_quality_score": 0.70833333333333326, "gap_score": -0.51713634257863239, "schools_nearby": 7, "stations_nearby": 1, "shops_nearby": 19, "bike_parking_nearby": 0, "bike_parking_capacity_nearby": 0.0, "bike_sharing_nearby": 2, "bike_sharing_capacity_nearby": 17.0, "flat_terrain": 0, "roi_car_trips_per_day": 729.83307729684054, "roi_congestion_cost_yen_day": 255383.19040771044, "roi_operating_cost_yen_day": 35659.644156723625, "roi_emissions_kg_day": 189.75660009717853, "roi_shifted_trips_per_day": 145.96661545936811, "roi_congestion_savings_yen_day": 51076.638081542093, "roi_operating_savings_yen_day": 7131.9288313447259, "roi_emissions_avoided_kg_day": 37.951320019435713, "roi_health_benefit_yen_day": 4378.998463781043, "roi_parking_spaces_freed": 2.9193323091873622 }, "geometry": { "type": "Polygon", "coordinates": [ [ [ 139.643380688347349, 35.420047548340484 ], [ 139.642815360635893, 35.42179968048174 ], [ 139.640839420052771, 35.422273258898933 ], [ 139.639428903023003, 35.420994724037932 ], [ 139.639994279730018, 35.419242645048307 ], [ 139.641970124474369, 35.418769047768357 ], [ 139.643380688347349, 35.420047548340484 ] ] ] } },
{ "type": "Feature", "properties": { "hex_id": "892f5aa6b23ffff", "population": 1328.4678324681117, "production_score": 0.47084489293375276, "attraction_score": 0.1263537906137184, "demand_score": 0.41401953924161489, "stress_score": 2.1, "infra_quality_score": 0.6333333333333333, "gap_score": -0.21931379409171842, "schools_nearby": 13, "stations_nearby": 0, "shops_nearby": 66, "bike_parking_nearby": 0, "bike_parking_capacity_nearby": 0.0, "bike_sharing_nearby": 1, "bike_sharing_capacity_nearby": 4.0, "flat_terrain": 1, "roi_car_trips_per_day": 929.92748272767813, "roi_congestion_cost_yen_day": 325400.22475606913, "roi_operating_cost_yen_day": 45436.256806074351, "roi_emissions_kg_day": 241.78114550919631, "roi_shifted_trips_per_day": 185.98549654553563, "roi_congestion_savings_yen_day": 65080.044951213829, "roi_operating_savings_yen_day": 9087.2513612148705, "roi_emissions_avoided_kg_day": 48.356229101839261, "roi_health_benefit_yen_day": 5579.5648963660688, "roi_parking_spaces_freed": 3.7197099309107124 }, "geometry": { "type": "Polygon", "coordinates": [ [ [ 139.662008551154941, 35.43013305774673 ], [ 139.661443450352493, 35.431885480790605 ], [ 139.659466895449583, 35.432359301509187 ], [ 139.658055537231149, 35.43108071801754 ], [ 139.658620687099528, 35.429328348109941 ], [ 139.660597146123564, 35.428854508557983 ], [ 139.662008551154941, 35.43013305774673 ] ] ] } },
{ "type": "Feature", "properties": { "hex_id": "892f5bd3203ffff", "population": 2821.0467582265896, "production_score": 0.99985519135269885, "attraction_score": 0.55716004813477737, "demand_score": 0.77495533382061654, "stress_score": 2.6, "infra_quality_score": 0.46666666666666667, "gap_score": 0.30828866715394987, "schools_nearby": 4, "stations_nearby": 6, "shops_nearby": 433, "bike_parking_nearby": 0, "bike_parking_capacity_nearby": 0.0, "bike_sharing_nearby": 2, "bike_sharing_capacity_nearby": 12.0, "flat_terrain": 1, "roi_car_trips_per_day": 1974.7327307586129, "roi_congestion_cost_yen_day": 690998.47714705381, "roi_operating_cost_yen_day": 96485.441224865819, "roi_emissions_kg_day": 513.43050999723937, "roi_shifted_trips_per_day": 394.9465461517226, "roi_congestion_savings_yen_day": 138199.69542941079, "roi_operating_savings_yen_day": 19297.088244973165, "roi_emissions_avoided_kg_day": 102.68610199944789, "roi_health_benefit_yen_day": 11848.396384551677, "roi_parking_spaces_freed": 7.8989309230344524 }, "geometry": { "type": "Polygon", "coordinates": [ [ [ 139.629821499685079, 35.439461377474679 ], [ 139.629255804655912, 35.441213291299036 ], [ 139.627279604598726, 35.441686382830973 ], [ 139.625869195452083, 35.440407579438997 ], [ 139.626434939460637, 35.438655718770505 ], [ 139.628411043639659, 35.438182608338408 ], [ 139.629821499685079, 35.439461377474679 ] ] ] } },
{ "type": "Feature", "properties": { "hex_id": "892f5aa6b67ffff", "population": 784.11216701976264, "production_score": 0.27791053746672867, "attraction_score": 0.097472924187725629, "demand_score": 0.35897041847561073, "stress_score": 2.5517241379310347, "infra_quality_score": 0.48275862068965514, "gap_score": -0.12378820221404441, "schools_nearby": 10, "stations_nearby": 0, "shops_nearby": 51, "bike_parking_nearby": 1, "bike_parking_capacity_nearby": 4.0, "bike_sharing_nearby": 8, "bike_sharing_capacity_nearby": 1100.0, "flat_terrain": 1, "roi_car_trips_per_day": 548.87851691383378, "roi_congestion_cost_yen_day": 192063.57063848872, "roi_operating_cost_yen_day": 26818.204336409919, "roi_emissions_kg_day": 142.70841439759678, "roi_shifted_trips_per_day": 109.77570338276676, "roi_congestion_savings_yen_day": 38412.714127697749, "roi_operating_savings_yen_day": 5363.6408672819844, "roi_emissions_avoided_kg_day": 28.54168287951936, "roi_health_benefit_yen_day": 3293.2711014830029, "roi_parking_spaces_freed": 2.1955140676553353 }, "geometry": { "type": "Polygon", "coordinates": [ [ [ 139.663701410789344, 35.436195109017888 ], [ 139.663136291750391, 35.437947557207636 ], [ 139.661159545064606, 35.438421340258799 ], [ 139.659748013316602, 35.437142693954314 ], [ 139.660313181434532, 35.435390298898135 ], [ 139.662289832224644, 35.434916497013148 ], [ 139.663701410789344, 35.436195109017888 ] ] ] } },
{ "type": "Feature", "properties": { "hex_id": "892f5aa688bffff", "population": 0.0, "production_score": 0.0, "attraction_score": 0.0, "demand_score": 0.2, "stress_score": 2.0, "infra_quality_score": 0.66666666666666674, "gap_score": -0.46666666666666679, "schools_nearby": 0, "stations_nearby": 0, "shops_nearby": 0, "bike_parking_nearby": 0, "bike_parking_capacity_nearby": 0.0, "bike_sharing_nearby": 0, "bike_sharing_capacity_nearby": 0.0, "flat_terrain": 1, "roi_car_trips_per_day": 0.0, "roi_congestion_cost_yen_day": 0.0, "roi_operating_cost_yen_day": 0.0, "roi_emissions_kg_day": 0.0, "roi_shifted_trips_per_day": 0.0, "roi_congestion_savings_yen_day": 0.0, "roi_operating_savings_yen_day": 0.0, "roi_emissions_avoided_kg_day": 0.0, "roi_health_benefit_yen_day": 0.0, "roi_parking_spaces_freed": 0.0 }, "geometry": { "type": "Polygon", "coordinates": [ [ [ 139.694198369395139, 35.4094713339423 ], [ 139.693633948725932, 35.411224268312338 ], [ 139.691657339226111, 35.411698949545027 ], [ 139.690245246248907, 35.410420715167781 ], [ 139.690809716055526, 35.408667833917328 ], [ 139.692786229705092, 35.408193133924868 ], [ 139.694198369395139, 35.4094713339423 ] ] ] } },
{ "type": "Feature", "properties": { "hex_id": "892f5bd3247ffff", "population": 1420.9060050390488, "production_score": 0.50360747882662515, "attraction_score": 0.83032490974729245, "demand_score": 0.70541800266753774, "stress_score": 2.7708333333333335, "infra_quality_score": 0.40972222222222221, "gap_score": 0.29569578044531553, "schools_nearby": 6, "stations_nearby": 9, "shops_nearby": 645, "bike_parking_nearby": 0, "bike_parking_capacity_nearby": 0.0, "bike_sharing_nearby": 4, "bike_sharing_capacity_nearby": 35.0, "flat_terrain": 1, "roi_car_trips_per_day": 994.63420352733419, "roi_congestion_cost_yen_day": 348042.40049828478, "roi_operating_cost_yen_day": 48597.827184345551, "roi_emissions_kg_day": 258.60489291710689, "roi_shifted_trips_per_day": 198.92684070546684, "roi_congestion_savings_yen_day": 69608.480099656968, "roi_operating_savings_yen_day": 9719.5654368691103, "roi_emissions_avoided_kg_day": 51.720978583421385, "roi_health_benefit_yen_day": 5967.8052211640052, "roi_parking_spaces_freed": 3.9785368141093369 }, "geometry": { "type": "Polygon", "coordinates": [ [ [ 139.63151127262617, 35.44552285024367 ], [ 139.630945559227428, 35.447274789134639 ], [ 139.628969167388533, 35.44774784286566 ], [ 139.627558584846639, 35.446468976606582 ], [ 139.628124347237929, 35.444717090868686 ], [ 139.630100643181748, 35.444244018237093 ], [ 139.63151127262617, 35.44552285024367 ] ] ] } },
{ "type": "Feature", "properties": { "hex_id": "892f5aa4c37ffff", "population": 0.0, "production_score": 0.0, "attraction_score": 0.0036101083032490976, "demand_score": 0.20126353790613716, "stress_score": 2.0, "infra_quality_score": 0.66666666666666674, "gap_score": -0.46540312876052958, "schools_nearby": 0, "stations_nearby": 0, "shops_nearby": 3, "bike_parking_nearby": 0, "bike_parking_capacity_nearby": 0.0, "bike_sharing_nearby": 0, "bike_sharing_capacity_nearby": 0.0, "flat_terrain": 1, "roi_car_trips_per_day": 0.0, "roi_congestion_cost_yen_day": 0.0, "roi_operating_cost_yen_day": 0.0, "roi_emissions_kg_day": 0.0, "roi_shifted_trips_per_day": 0.0, "roi_congestion_savings_yen_day": 0.0, "roi_operating_savings_yen_day": 0.0, "roi_emissions_avoided_kg_day": 0.0, "roi_health_benefit_yen_day": 0.0, "roi_parking_spaces_freed": 0.0 }, "geometry": { "type": "Polygon", "coordinates": [ [ [ 139.667088062095928, 35.448319738972344 ], [ 139.666522906595503, 35.450072237344493 ], [ 139.664545776242932, 35.450545945058373 ], [ 139.663133897323263, 35.449267173235043 ], [ 139.663699101929012, 35.447514727990978 ], [ 139.665676136352261, 35.447041001442457 ], [ 139.667088062095928, 35.448319738972344 ] ] ] } },
{ "type": "Feature", "properties": { "hex_id": "892f5aa6babffff", "population": 745.40221990630755, "production_score": 0.26419068632795939, "attraction_score": 0.11070998796630566, "demand_score": 0.19371523600299276, "stress_score": 2.25, "infra_quality_score": 0.58333333333333326, "gap_score": -0.38961809733034047, "schools_nearby": 9, "stations_nearby": 0, "shops_nearby": 65, "bike_parking_nearby": 0, "bike_parking_capacity_nearby": 0.0, "bike_sharing_nearby": 4, "bike_sharing_capacity_nearby": 1022.0, "flat_terrain": 0, "roi_car_trips_per_day": 521.78155393441523, "roi_congestion_cost_yen_day": 182581.80135273057, "roi_operating_cost_yen_day": 25494.246725235527, "roi_emissions_kg_day": 135.66320402294795, "roi_shifted_trips_per_day": 104.35631078688306, "roi_congestion_savings_yen_day": 36516.360270546124, "roi_operating_savings_yen_day": 5098.849345047106, "roi_emissions_avoided_kg_day": 27.132640804589595, "roi_health_benefit_yen_day": 3130.6893236064916, "roi_parking_spaces_freed": 2.0871262157376611 }, "geometry": { "type": "Polygon", "coordinates": [ [ [ 139.667091653843869, 35.425680224016212 ], [ 139.666526669421415, 35.427432728148268 ], [ 139.664550137288757, 35.427906698578127 ], [ 139.663138685453049, 35.426628183697296 ], [ 139.663703718951098, 35.424875732699213 ], [ 139.665680155212442, 35.4244017434483 ], [ 139.667091653843869, 35.425680224016212 ] ] ] } },
{ "type": "Feature", "properties": { "hex_id": "892f5aa6913ffff", "population": 0.0, "production_score": 0.0, "attraction_score": 0.0012033694344163659, "demand_score": 0.050421179302045725, "stress_score": 2.0, "infra_quality_score": 0.66666666666666674, "gap_score": -0.61624548736462104, "schools_nearby": 0, "stations_nearby": 0, "shops_nearby": 1, "bike_parking_nearby": 0, "bike_parking_capacity_nearby": 0.0, "bike_sharing_nearby": 0, "bike_sharing_capacity_nearby": 0.0, "flat_terrain": 0, "roi_car_trips_per_day": 0.0, "roi_congestion_cost_yen_day": 0.0, "roi_operating_cost_yen_day": 0.0, "roi_emissions_kg_day": 0.0, "roi_shifted_trips_per_day": 0.0, "roi_congestion_savings_yen_day": 0.0, "roi_operating_savings_yen_day": 0.0, "roi_emissions_avoided_kg_day": 0.0, "roi_health_benefit_yen_day": 0.0, "roi_parking_spaces_freed": 0.0 }, "geometry": { "type": "Polygon", "coordinates": [ [ [ 139.667941588461531, 35.406072447016214 ], [ 139.667376765911513, 35.407824969021917 ], [ 139.665400735815268, 35.408299183188973 ], [ 139.66398962409383, 35.407020894158272 ], [ 139.664554495696279, 35.40526842529102 ], [ 139.666530429970891, 35.404794192316302 ], [ 139.667941588461531, 35.406072447016214 ] ] ] } },
{ "type": "Feature", "properties": { "hex_id": "892f5bd32cfffff", "population": 2187.5488570461748, "production_score": 0.77532641905951694, "attraction_score": 0.9398315282791817, "demand_score": 0.83363861490187796, "stress_score": 2.6666666666666665, "infra_quality_score": 0.44444444444444453, "gap_score": 0.38919417045743343, "schools_nearby": 16, "stations_nearby": 10, "shops_nearby": 703, "bike_parking_nearby": 0, "bike_parking_capacity_nearby": 0.0, "bike_sharing_nearby": 18, "bike_sharing_capacity_nearby": 1123.0, "flat_terrain": 1, "roi_car_trips_per_day": 1531.2841999323223, "roi_congestion_cost_yen_day": 535826.96724031819, "roi_operating_cost_yen_day": 74818.546008693273, "roi_emissions_kg_day": 398.13389198240378, "roi_shifted_trips_per_day": 306.25683998646446, "roi_congestion_savings_yen_day": 107165.39344806365, "roi_operating_savings_yen_day": 14963.709201738653, "roi_emissions_avoided_kg_day": 79.626778396480759, "roi_health_benefit_yen_day": 9187.7051995939328, "roi_parking_spaces_freed": 6.1251367997292894 }, "geometry": { "type": "Polygon", "coordinates": [ [ [ 139.636595274700142, 35.441072518497158 ], [ 139.636029677664112, 35.442824538625644 ], [ 139.634053308399075, 35.443297742116556 ], [ 139.632642632060765, 35.442018944367575 ], [ 139.633208278099062, 35.440266977389896 ], [ 139.635184551476584, 35.439793755010726 ], [ 139.636595274700142, 35.441072518497158 ] ] ] } },
{ "type": "Feature", "properties": { "hex_id": "892f5aa6957ffff", "population": 82.207613456695825, "production_score": 0.029136599329202345, "attraction_score": 0.024067388688327317, "demand_score": 0.24987139580613538, "stress_score": 2.625, "infra_quality_score": 0.45833333333333337, "gap_score": -0.20846193752719799, "schools_nearby": 3, "stations_nearby": 0, "shops_nearby": 11, "bike_parking_nearby": 0, "bike_parking_capacity_nearby": 0.0, "bike_sharing_nearby": 0, "bike_sharing_capacity_nearby": 0.0, "flat_terrain": 1, "roi_car_trips_per_day": 57.545329419687071, "roi_congestion_cost_yen_day": 20136.2616705369, "roi_operating_cost_yen_day": 2811.6647954459104, "roi_emissions_kg_day": 14.961785649118639, "roi_shifted_trips_per_day": 11.509065883937415, "roi_congestion_savings_yen_day": 4027.2523341073806, "roi_operating_savings_yen_day": 562.33295908918205, "roi_emissions_avoided_kg_day": 2.9923571298237279, "roi_health_benefit_yen_day": 345.27197651812247, "roi_parking_spaces_freed": 0.2301813176787483 }, "geometry": { "type": "Polygon", "coordinates": [ [ [ 139.669634511418764, 35.412134107462208 ], [ 139.669069670667739, 35.413886654766785 ], [ 139.667093448902875, 35.414360831317872 ], [ 139.665682163730736, 35.413082479372768 ], [ 139.66624705354738, 35.411329985203928 ], [ 139.668223179473728, 35.410855789844724 ], [ 139.669634511418764, 35.412134107462208 ] ] ] } },
{ "type": "Feature", "properties": { "hex_id": "892f5aa4d03ffff", "population": 150.12958303096238, "production_score": 0.053209980490889458, "attraction_score": 0.41155234657039713, "demand_score": 0.37695252875716456, "stress_score": 2.2857142857142856, "infra_quality_score": 0.5714285714285714, "gap_score": -0.19447604267140683, "schools_nearby": 8, "stations_nearby": 2, "shops_nearby": 312, "bike_parking_nearby": 0, "bike_parking_capacity_nearby": 0.0, "bike_sharing_nearby": 4, "bike_sharing_capacity_nearby": 91.0, "flat_terrain": 1, "roi_car_trips_per_day": 105.09070812167366, "roi_congestion_cost_yen_day": 36773.34058593605, "roi_operating_cost_yen_day": 5134.7319988249747, "roi_emissions_kg_day": 27.323584111635153, "roi_shifted_trips_per_day": 21.018141624334731, "roi_congestion_savings_yen_day": 7354.6681171872096, "roi_operating_savings_yen_day": 1026.946399764995, "roi_emissions_avoided_kg_day": 5.4647168223270306, "roi_health_benefit_yen_day": 630.544248730042, "roi_parking_spaces_freed": 0.42036283248669465 }, "geometry": { "type": "Polygon", "coordinates": [ [ [ 139.653533530419736, 35.445099341249836 ], [ 139.652968178566766, 35.446851627094489 ], [ 139.650991386405025, 35.447325110626963 ], [ 139.649580042010115, 35.446046327173555 ], [ 139.650145442922565, 35.444294094467068 ], [ 139.652122139173542, 35.443820592076136 ], [ 139.653533530419736, 35.445099341249836 ] ] ] } },
{ "type": "Feature", "properties": { "hex_id": "892f5aa699bffff", "population": 0.0, "production_score": 0.0, "attraction_score": 0.0, "demand_score": 0.2, "stress_score": 2.0, "infra_quality_score": 0.66666666666666674, "gap_score": -0.46666666666666679, "schools_nearby": 0, "stations_nearby": 0, "shops_nearby": 0, "bike_parking_nearby": 0, "bike_parking_capacity_nearby": 0.0, "bike_sharing_nearby": 0, "bike_sharing_capacity_nearby": 0.0, "flat_terrain": 1, "roi_car_trips_per_day": 0.0, "roi_congestion_cost_yen_day": 0.0, "roi_operating_cost_yen_day": 0.0, "roi_emissions_kg_day": 0.0, "roi_shifted_trips_per_day": 0.0, "roi_congestion_savings_yen_day": 0.0, "roi_operating_savings_yen_day": 0.0, "roi_emissions_avoided_kg_day": 0.0, "roi_health_benefit_yen_day": 0.0, "roi_parking_spaces_freed": 0.0 }, "geometry": { "type": "Polygon", "coordinates": [ [ [ 139.673023085087408, 35.401618628827464 ], [ 139.672458378855282, 35.403371231772638 ], [ 139.670482371554641, 35.40384559555811 ], [ 139.669071166303382, 35.402567375193975 ], [ 139.669635921597745, 35.400814825384934 ], [ 139.671611833084285, 35.400340442804136 ], [ 139.673023085087408, 35.401618628827464 ] ] ] } },
{ "type": "Feature", "properties": { "hex_id": "892f5bd3633ffff", "population": 1034.0860136687274, "production_score": 0.36650802261847804, "attraction_score": 0.064981949458483748, "demand_score": 0.22245006165550801, "stress_score": 2.4285714285714284, "infra_quality_score": 0.52380952380952395, "gap_score": -0.30135946215401593, "schools_nearby": 8, "stations_nearby": 1, "shops_nearby": 27, "bike_parking_nearby": 0, "bike_parking_capacity_nearby": 0.0, "bike_sharing_nearby": 3, "bike_sharing_capacity_nearby": 24.0, "flat_terrain": 0, "roi_car_trips_per_day": 723.86020956810933, "roi_congestion_cost_yen_day": 253293.16453207281, "roi_operating_cost_yen_day": 35367.809839497822, "roi_emissions_kg_day": 188.20365448770843, "roi_shifted_trips_per_day": 144.77204191362188, "roi_congestion_savings_yen_day": 50658.632906414568, "roi_operating_savings_yen_day": 7073.5619678995645, "roi_emissions_avoided_kg_day": 37.640730897541687, "roi_health_benefit_yen_day": 4343.1612574086566, "roi_parking_spaces_freed": 2.8954408382724375 }, "geometry": { "type": "Polygon", "coordinates": [ [ [ 139.640839420052771, 35.422273258898933 ], [ 139.640274034185751, 35.424025350492428 ], [ 139.638298082295194, 35.424498854071814 ], [ 139.636887612117334, 35.423220284926899 ], [ 139.637453046975025, 35.421468246486185 ], [ 139.639428903023003, 35.420994724037932 ], [ 139.640839420052771, 35.422273258898933 ] ] ] } },
{ "type": "Feature", "properties": { "hex_id": "892f5aa4d47ffff", "population": 0.44145085586051402, "production_score": 0.00015646211062332708, "attraction_score": 0.077015643802647415, "demand_score": null, "stress_score": 4.0, "infra_quality_score": 0.0, "gap_score": null, "schools_nearby": 0, "stations_nearby": 0, "shops_nearby": 64, "bike_parking_nearby": 0, "bike_parking_capacity_nearby": 0.0, "bike_sharing_nearby": 0, "bike_sharing_capacity_nearby": 0.0, "flat_terrain": null, "roi_car_trips_per_day": 0.30901559910235982, "roi_congestion_cost_yen_day": 108.13073843789775, "roi_operating_cost_yen_day": 15.0985021721413, "roi_emissions_kg_day": 0.080344055766613562, "roi_shifted_trips_per_day": 0.061803119820471965, "roi_congestion_savings_yen_day": 21.62614768757955, "roi_operating_savings_yen_day": 3.0197004344282603, "roi_emissions_avoided_kg_day": 0.016068811153322711, "roi_health_benefit_yen_day": 1.854093594614159, "roi_parking_spaces_freed": 0.0012360623964094394 }, "geometry": { "type": "Polygon", "coordinates": [ [ [ 139.6552258603962, 35.451161517970981 ], [ 139.654660490265684, 35.452913828863146 ], [ 139.652683506257119, 35.453387274678057 ], [ 139.651271988309873, 35.452108428460029 ], [ 139.651837407513113, 35.450356170703316 ], [ 139.65381429559406, 35.449882706029513 ], [ 139.6552258603962, 35.451161517970981 ] ] ] } },
{ "type": "Feature", "properties": { "hex_id": "892f5bd3677ffff", "population": 1340.0273532598146, "production_score": 0.47494189942236525, "attraction_score": 0.13718411552346571, "demand_score": 0.25892495629487061, "stress_score": 1.8936170212765957, "infra_quality_score": 0.7021276595744681, "gap_score": -0.44320270327959749, "schools_nearby": 15, "stations_nearby": 1, "shops_nearby": 66, "bike_parking_nearby": 0, "bike_parking_capacity_nearby": 0.0, "bike_sharing_nearby": 2, "bike_sharing_capacity_nearby": 54.0, "flat_terrain": 0, "roi_car_trips_per_day": 938.01914728187035, "roi_congestion_cost_yen_day": 328231.66001687211, "roi_operating_cost_yen_day": 45831.615536192185, "roi_emissions_kg_day": 243.88497829328631, "roi_shifted_trips_per_day": 187.60382945637409, "roi_congestion_savings_yen_day": 65646.332003374424, "roi_operating_savings_yen_day": 9166.3231072384369, "roi_emissions_avoided_kg_day": 48.776995658657263, "roi_health_benefit_yen_day": 5628.1148836912225, "roi_parking_spaces_freed": 3.7520765891274817 }, "geometry": { "type": "Polygon", "coordinates": [ [ [ 139.642529933284692, 35.428334618789613 ], [ 139.641964529100505, 35.430086735563577 ], [ 139.639988385499578, 35.430560201404532 ], [ 139.63857774194534, 35.429281569341136 ], [ 139.639143195133272, 35.427529505717239 ], [ 139.641119242874822, 35.427056021006976 ], [ 139.642529933284692, 35.428334618789613 ] ] ] } },
{ "type": "Feature", "properties": { "hex_id": "892f5aa6a23ffff", "population": 0.0, "production_score": 0.0, "attraction_score": 0.0, "demand_score": 0.2, "stress_score": 2.0, "infra_quality_score": 0.66666666666666674, "gap_score": -0.46666666666666679, "schools_nearby": 0, "stations_nearby": 0, "shops_nearby": 0, "bike_parking_nearby": 0, "bike_parking_capacity_nearby": 0.0, "bike_sharing_nearby": 0, "bike_sharing_capacity_nearby": 0.0, "flat_terrain": 1, "roi_car_trips_per_day": 0.0, "roi_congestion_cost_yen_day": 0.0, "roi_operating_cost_yen_day": 0.0, "roi_emissions_kg_day": 0.0, "roi_shifted_trips_per_day": 0.0, "roi_congestion_savings_yen_day": 0.0, "roi_operating_savings_yen_day": 0.0, "roi_emissions_avoided_kg_day": 0.0, "roi_health_benefit_yen_day": 0.0, "roi_parking_spaces_freed": 0.0 }, "geometry": { "type": "Polygon", "coordinates": [ [ [ 139.685729705236668, 35.435764374434314 ], [ 139.685164948215544, 35.43751716936135 ], [ 139.683187801944655, 35.43799138246392 ], [ 139.681775508609348, 35.436712819431392 ], [ 139.68234031477644, 35.434960077622904 ], [ 139.684317365136081, 35.434485845728695 ], [ 139.685729705236668, 35.435764374434314 ] ] ] } },
{ "type": "Feature", "properties": { "hex_id": "892f5aa4d8bffff", "population": 729.20873633702081, "production_score": 0.25845127822860042, "attraction_score": 0.27196149217809867, "demand_score": 0.25382628782416283, "stress_score": 2.3636363636363638, "infra_quality_score": 0.54545454545454541, "gap_score": -0.29162825763038258, "schools_nearby": 13, "stations_nearby": 1, "shops_nearby": 184, "bike_parking_nearby": 1, "bike_parking_capacity_nearby": 4.0, "bike_sharing_nearby": 1, "bike_sharing_capacity_nearby": 12.0, "flat_terrain": 0, "roi_car_trips_per_day": 510.44611543591463, "roi_congestion_cost_yen_day": 178615.30471333527, "roi_operating_cost_yen_day": 24940.39720019879, "roi_emissions_kg_day": 132.7159900133378, "roi_shifted_trips_per_day": 102.08922308718293, "roi_congestion_savings_yen_day": 35723.060942667049, "roi_operating_savings_yen_day": 4988.0794400397581, "roi_emissions_avoided_kg_day": 26.543198002667562, "roi_health_benefit_yen_day": 3062.6766926154878, "roi_parking_spaces_freed": 2.0417844617436587 }, "geometry": { "type": "Polygon", "coordinates": [ [ [ 139.658617609756675, 35.440647456052972 ], [ 139.658052374312206, 35.44239982308796 ], [ 139.656075604872655, 35.442873456387559 ], [ 139.654664166783874, 35.441594741498612 ], [ 139.6552294512976, 35.439842427599473 ], [ 139.657206124833948, 35.439368775453737 ], [ 139.658617609756675, 35.440647456052972 ] ] ] } },
{ "type": "Feature", "properties": { "hex_id": "892f5bd36bbffff", "population": 1038.0675892857937, "production_score": 0.36791920059306416, "attraction_score": 0.040914560770156441, "demand_score": 0.18627363465894536, "stress_score": 1.8636363636363635, "infra_quality_score": 0.71212121212121215, "gap_score": -0.52584757746226685, "schools_nearby": 6, "stations_nearby": 1, "shops_nearby": 13, "bike_parking_nearby": 0, "bike_parking_capacity_nearby": 0.0, "bike_sharing_nearby": 0, "bike_sharing_capacity_nearby": 0.0, "flat_terrain": 0, "roi_car_trips_per_day": 726.64731250005559, "roi_congestion_cost_yen_day": 254268.42759001948, "roi_operating_cost_yen_day": 35503.987688752713, "roi_emissions_kg_day": 188.92830125001447, "roi_shifted_trips_per_day": 145.32946250001112, "roi_congestion_savings_yen_day": 50853.685518003891, "roi_operating_savings_yen_day": 7100.7975377505436, "roi_emissions_avoided_kg_day": 37.785660250002891, "roi_health_benefit_yen_day": 4359.8838750003333, "roi_parking_spaces_freed": 2.9065892500002226 }, "geometry": { "type": "Polygon", "coordinates": [ [ [ 139.645921887171852, 35.417821722409265 ], [ 139.645356617615192, 35.419573895089364 ], [ 139.643380688347349, 35.420047548340484 ], [ 139.641970124474369, 35.418769047768357 ], [ 139.64253544303142, 35.417016928238731 ], [ 139.644511276464215, 35.416543256131057 ], [ 139.645921887171852, 35.417821722409265 ] ] ] } },
{ "type": "Feature", "properties": { "hex_id": "892f5aa6a67ffff", "population": 0.0, "production_score": 0.0, "attraction_score": 0.0, "demand_score": 0.2, "stress_score": 2.0, "infra_quality_score": 0.66666666666666674, "gap_score": -0.46666666666666679, "schools_nearby": 0, "stations_nearby": 0, "shops_nearby": 0, "bike_parking_nearby": 0, "bike_parking_capacity_nearby": 0.0, "bike_sharing_nearby": 0, "bike_sharing_capacity_nearby": 0.0, "flat_terrain": 1, "roi_car_trips_per_day": 0.0, "roi_congestion_cost_yen_day": 0.0, "roi_operating_cost_yen_day": 0.0, "roi_emissions_kg_day": 0.0, "roi_shifted_trips_per_day": 0.0, "roi_congestion_savings_yen_day": 0.0, "roi_operating_savings_yen_day": 0.0, "roi_emissions_avoided_kg_day": 0.0, "roi_health_benefit_yen_day": 0.0, "roi_parking_spaces_freed": 0.0 }, "geometry": { "type": "Polygon", "coordinates": [ [ [ 139.687425122853426, 35.441827128342041 ], [ 139.686860347687912, 35.443579948395779 ], [ 139.684883009569347, 35.444054123914398 ], [ 139.683470542547497, 35.442775498171656 ], [ 139.684035366872166, 35.441022731233758 ], [ 139.686012609062686, 35.440548536923053 ], [ 139.687425122853426, 35.441827128342041 ] ] ] } },
{ "type": "Feature", "properties": { "hex_id": "892f5aa4dcfffff", "population": 116.31739147846791, "production_score": 0.041226026252560583, "attraction_score": 0.067388688327316482, "demand_score": 0.23801515010295696, "stress_score": 2.0, "infra_quality_score": 0.66666666666666674, "gap_score": -0.42865151656370981, "schools_nearby": 1, "stations_nearby": 1, "shops_nearby": 50, "bike_parking_nearby": 0, "bike_parking_capacity_nearby": 0.0, "bike_sharing_nearby": 0, "bike_sharing_capacity_nearby": 0.0, "flat_terrain": 1, "roi_car_trips_per_day": 81.422174034927536, "roi_congestion_cost_yen_day": 28491.247138301846, "roi_operating_cost_yen_day": 3978.2874233465595, "roi_emissions_kg_day": 21.169765249081159, "roi_shifted_trips_per_day": 16.284434806985509, "roi_congestion_savings_yen_day": 5698.2494276603693, "roi_operating_savings_yen_day": 795.657484669312, "roi_emissions_avoided_kg_day": 4.2339530498162326, "roi_health_benefit_yen_day": 488.53304420956528, "roi_parking_spaces_freed": 0.32568869613971019 }, "geometry": { "type": "Polygon", "coordinates": [ [ [ 139.660310359925575, 35.44670965803077 ], [ 139.659745106225984, 35.448462050144251 ], [ 139.65776814495473, 35.44893564575095 ], [ 139.65635653330628, 35.447656868091073 ], [ 139.656921836088259, 35.445904529110734 ], [ 139.658898701439483, 35.445430914657472 ], [ 139.660310359925575, 35.44670965803077 ] ] ] } },
{ "type": "Feature", "properties": { "hex_id": "892f5aa6aabffff", "population": 0.75134709122193366, "production_score": 0.00026629770934327062, "attraction_score": 0.0, "demand_score": 0.20009320419827012, "stress_score": 2.0, "infra_quality_score": 0.66666666666666674, "gap_score": -0.46657346246839659, "schools_nearby": 0, "stations_nearby": 0, "shops_nearby": 0, "bike_parking_nearby": 0, "bike_parking_capacity_nearby": 0.0, "bike_sharing_nearby": 0, "bike_sharing_capacity_nearby": 0.0, "flat_terrain": 1, "roi_car_trips_per_day": 0.52594296385535355, "roi_congestion_cost_yen_day": 184.03796191226533, "roi_operating_cost_yen_day": 25.697573213972575, "roi_emissions_kg_day": 0.13674517060239194, "roi_shifted_trips_per_day": 0.10518859277107072, "roi_congestion_savings_yen_day": 36.807592382453066, "roi_operating_savings_yen_day": 5.1395146427945155, "roi_emissions_avoided_kg_day": 0.027349034120478389, "roi_health_benefit_yen_day": 3.1556577831321215, "roi_parking_spaces_freed": 0.0021037718554214146 }, "geometry": { "type": "Polygon", "coordinates": [ [ [ 139.690813302751337, 35.431310012146461 ], [ 139.690248662178334, 35.433062888145336 ], [ 139.688271538841263, 35.433537250990888 ], [ 139.686859151984038, 35.432258756617159 ], [ 139.687423841712729, 35.430505933734516 ], [ 139.689400869146141, 35.430031552109661 ], [ 139.690813302751337, 35.431310012146461 ] ] ] } },
{ "type": "Feature", "properties": { "hex_id": "892f5aa6b33ffff", "population": 1013.6714455039814, "production_score": 0.35927254809143533, "attraction_score": 0.12394705174488568, "demand_score": 0.22644393311344407, "stress_score": 2.1463414634146343, "infra_quality_score": 0.61788617886178865, "gap_score": -0.39144224574834457, "schools_nearby": 11, "stations_nearby": 0, "shops_nearby": 70, "bike_parking_nearby": 5, "bike_parking_capacity_nearby": 16.0, "bike_sharing_nearby": 0, "bike_sharing_capacity_nearby": 0.0, "flat_terrain": 0, "roi_car_trips_per_day": 709.57001185278705, "roi_congestion_cost_yen_day": 248292.73854752726, "roi_operating_cost_yen_day": 34669.590779127175, "roi_emissions_kg_day": 184.48820308172463, "roi_shifted_trips_per_day": 141.91400237055743, "roi_congestion_savings_yen_day": 49658.547709505459, "roi_operating_savings_yen_day": 6933.9181558254359, "roi_emissions_avoided_kg_day": 36.89764061634493, "roi_health_benefit_yen_day": 4257.4200711167232, "roi_parking_spaces_freed": 2.8382800474111485 }, "geometry": { "type": "Polygon", "coordinates": [ [ [ 139.664550137288757, 35.427906698578127 ], [ 139.66398509467669, 35.429659162170537 ], [ 139.662008551154941, 35.43013305774673 ], [ 139.660597146123564, 35.428854508557983 ], [ 139.661162237806394, 35.427102098100697 ], [ 139.663138685453049, 35.426628183697296 ], [ 139.664550137288757, 35.427906698578127 ] ] ] } },
{ "type": "Feature", "properties": { "hex_id": "892f5aa6b77ffff", "population": 231.13112544509858, "production_score": 0.081919115656469976, "attraction_score": 0.073405535499398308, "demand_score": 0.26150648504741103, "stress_score": 2.1428571428571428, "infra_quality_score": 0.61904761904761907, "gap_score": -0.35754113400020804, "schools_nearby": 5, "stations_nearby": 0, "shops_nearby": 46, "bike_parking_nearby": 1, "bike_parking_capacity_nearby": 4.0, "bike_sharing_nearby": 6, "bike_sharing_capacity_nearby": 1038.0, "flat_terrain": 1, "roi_car_trips_per_day": 161.79178781156901, "roi_congestion_cost_yen_day": 56614.182391024231, "roi_operating_cost_yen_day": 7905.1467524732616, "roi_emissions_kg_day": 42.065864831007943, "roi_shifted_trips_per_day": 32.358357562313806, "roi_congestion_savings_yen_day": 11322.836478204848, "roi_operating_savings_yen_day": 1581.0293504946526, "roi_emissions_avoided_kg_day": 8.4131729662015893, "roi_health_benefit_yen_day": 970.75072686941417, "roi_parking_spaces_freed": 0.64716715124627611 }, "geometry": { "type": "Polygon", "coordinates": [ [ [ 139.666243206923724, 35.433968762343028 ], [ 139.665678146086407, 35.435721251096787 ], [ 139.663701410789344, 35.436195109017888 ], [ 139.662289832224644, 35.434916497013148 ], [ 139.662854942145856, 35.4331640613918 ], [ 139.664831581551027, 35.43269018464305 ], [ 139.666243206923724, 35.433968762343028 ] ] ] } },
{ "type": "Feature", "properties": { "hex_id": "892f5aa689bffff", "population": 0.0, "production_score": 0.0, "attraction_score": 0.0, "demand_score": null, "stress_score": 2.0, "infra_quality_score": 0.66666666666666674, "gap_score": null, "schools_nearby": 0, "stations_nearby": 0, "shops_nearby": 0, "bike_parking_nearby": 0, "bike_parking_capacity_nearby": 0.0, "bike_sharing_nearby": 0, "bike_sharing_capacity_nearby": 0.0, "flat_terrain": null, "roi_car_trips_per_day": 0.0, "roi_congestion_cost_yen_day": 0.0, "roi_operating_cost_yen_day": 0.0, "roi_emissions_kg_day": 0.0, "roi_shifted_trips_per_day": 0.0, "roi_congestion_savings_yen_day": 0.0, "roi_operating_savings_yen_day": 0.0, "roi_emissions_avoided_kg_day": 0.0, "roi_health_benefit_yen_day": 0.0, "roi_parking_spaces_freed": 0.0 }, "geometry": { "type": "Polygon", "coordinates": [ [ [ 139.696739329888175, 35.407243603059491 ], [ 139.696174967411508, 35.408996577886583 ], [ 139.694198369395139, 35.4094713339423 ], [ 139.692786229705092, 35.408193133924868 ], [ 139.693350641323974, 35.406440212216125 ], [ 139.695327143493898, 35.405965437406799 ], [ 139.696739329888175, 35.407243603059491 ] ] ] } },
{ "type": "Feature", "properties": { "hex_id": "892f5bd3257ffff", "population": 1420.9656055465869, "production_score": 0.50362860285680844, "attraction_score": 0.89651022864019259, "demand_score": 0.71804859102395024, "stress_score": 2.56, "infra_quality_score": 0.48, "gap_score": 0.23804859102395026, "schools_nearby": 7, "stations_nearby": 10, "shops_nearby": 694, "bike_parking_nearby": 2, "bike_parking_capacity_nearby": 8.0, "bike_sharing_nearby": 7, "bike_sharing_capacity_nearby": 64.0, "flat_terrain": 1, "roi_car_trips_per_day": 994.67592388261073, "roi_congestion_cost_yen_day": 348056.99928500317, "roi_operating_cost_yen_day": 48599.865640904361, "roi_emissions_kg_day": 258.61574020947882, "roi_shifted_trips_per_day": 198.93518477652216, "roi_congestion_savings_yen_day": 69611.399857000637, "roi_operating_savings_yen_day": 9719.9731281808727, "roi_emissions_avoided_kg_day": 51.723148041895762, "roi_health_benefit_yen_day": 5968.0555432956653, "roi_parking_spaces_freed": 3.9787036955304433 }, "geometry": { "type": "Polygon", "coordinates": [ [ [ 139.634053308399075, 35.443297742116556 ], [ 139.633487653182044, 35.445049721630738 ], [ 139.63151127262617, 35.44552285024367 ], [ 139.630100643181748, 35.444244018237093 ], [ 139.630666347396158, 35.442492091874882 ], [ 139.632642632060765, 35.442018944367575 ], [ 139.634053308399075, 35.443297742116556 ] ] ] } },
{ "type": "Feature", "properties": { "hex_id": "892f5aa6bbbffff", "population": 883.45521543920188, "production_score": 0.31312039791917307, "attraction_score": 0.092659446450060162, "demand_score": 0.36621649391632838, "stress_score": 2.4838709677419355, "infra_quality_score": 0.5053763440860215, "gap_score": -0.13915985016969312, "schools_nearby": 7, "stations_nearby": 0, "shops_nearby": 56, "bike_parking_nearby": 1, "bike_parking_capacity_nearby": 4.0, "bike_sharing_nearby": 2, "bike_sharing_capacity_nearby": 1010.0, "flat_terrain": 1, "roi_car_trips_per_day": 618.41865080744128, "roi_congestion_cost_yen_day": 216397.05429053988, "roi_operating_cost_yen_day": 30215.93527845158, "roi_emissions_kg_day": 160.78884920993474, "roi_shifted_trips_per_day": 123.68373016148826, "roi_congestion_savings_yen_day": 43279.410858107971, "roi_operating_savings_yen_day": 6043.1870556903159, "roi_emissions_avoided_kg_day": 32.157769841986948, "roi_health_benefit_yen_day": 3710.5119048446477, "roi_parking_spaces_freed": 2.4736746032297652 }, "geometry": { "type": "Polygon", "coordinates": [ [ [ 139.669633100813115, 35.42345363407378 ], [ 139.669068174579536, 35.425206178736538 ], [ 139.667091653843869, 35.425680224016212 ], [ 139.665680155212442, 35.4244017434483 ], [ 139.666245130526505, 35.422649251918315 ], [ 139.668221555394666, 35.422175187823761 ], [ 139.669633100813115, 35.42345363407378 ] ] ] } },
{ "type": "Feature", "properties": { "hex_id": "892f5aa6923ffff", "population": 54.647086489583707, "production_score": 0.019368403930056916, "attraction_score": 0.010830324909747292, "demand_score": null, "stress_score": 4.0, "infra_quality_score": 0.0, "gap_score": null, "schools_nearby": 2, "stations_nearby": 0, "shops_nearby": 3, "bike_parking_nearby": 0, "bike_parking_capacity_nearby": 0.0, "bike_sharing_nearby": 0, "bike_sharing_capacity_nearby": 0.0, "flat_terrain": null, "roi_car_trips_per_day": 38.252960542708593, "roi_congestion_cost_yen_day": 13385.475953104591, "roi_operating_cost_yen_day": 1869.0396521167418, "roi_emissions_kg_day": 9.9457697411042343, "roi_shifted_trips_per_day": 7.6505921085417192, "roi_congestion_savings_yen_day": 2677.0951906209184, "roi_operating_savings_yen_day": 373.80793042334841, "roi_emissions_avoided_kg_day": 1.9891539482208471, "roi_health_benefit_yen_day": 229.51776325625158, "roi_parking_spaces_freed": 0.15301184217083438 }, "geometry": { "type": "Polygon", "coordinates": [ [ [ 139.656085987625858, 35.408917265212537 ], [ 139.655520950680938, 35.410669599959057 ], [ 139.653545066753196, 35.4111435525069 ], [ 139.652134315593571, 35.409865189140461 ], [ 139.65269940155838, 35.408112907539781 ], [ 139.654675189666136, 35.407638936160019 ], [ 139.656085987625858, 35.408917265212537 ] ] ] } },
{ "type": "Feature", "properties": { "hex_id": "892f5aa6967ffff", "population": 106.01230133294999, "production_score": 0.037573623877695007, "attraction_score": 0.044524669073405534, "demand_score": 0.14302011681859944, "stress_score": 3.2857142857142856, "infra_quality_score": 0.23809523809523814, "gap_score": -0.095075121276638697, "schools_nearby": 4, "stations_nearby": 0, "shops_nearby": 25, "bike_parking_nearby": 0, "bike_parking_capacity_nearby": 0.0, "bike_sharing_nearby": 0, "bike_sharing_capacity_nearby": 0.0, "flat_terrain": 0, "roi_car_trips_per_day": 74.208610933064989, "roi_congestion_cost_yen_day": 25967.077137698103, "roi_operating_cost_yen_day": 3625.8327301895551, "roi_emissions_kg_day": 19.294238842596897, "roi_shifted_trips_per_day": 14.841722186612998, "roi_congestion_savings_yen_day": 5193.4154275396204, "roi_operating_savings_yen_day": 725.16654603791108, "roi_emissions_avoided_kg_day": 3.8588477685193796, "roi_health_benefit_yen_day": 445.25166559838993, "roi_parking_spaces_freed": 0.29683444373225998 }, "geometry": { "type": "Polygon", "coordinates": [ [ [ 139.657777760628846, 35.414978699867063 ], [ 139.657212705434176, 35.416731059886907 ], [ 139.65523662984134, 35.417204974770307 ], [ 139.653825705283111, 35.415926548466487 ], [ 139.654390809510772, 35.414174241589734 ], [ 139.656366789266883, 35.413700307874002 ], [ 139.657777760628846, 35.414978699867063 ] ] ] } },
{ "type": "Feature", "properties": { "hex_id": "892f5aa4d13ffff", "population": 117.6605857162567, "production_score": 0.041702090581424246, "attraction_score": 0.38868832731648617, "demand_score": 0.23119220181982419, "stress_score": 2.6111111111111112, "infra_quality_score": 0.46296296296296291, "gap_score": -0.23177076114313871, "schools_nearby": 15, "stations_nearby": 2, "shops_nearby": 272, "bike_parking_nearby": 3, "bike_parking_capacity_nearby": 12.0, "bike_sharing_nearby": 5, "bike_sharing_capacity_nearby": 80.0, "flat_terrain": 0, "roi_car_trips_per_day": 82.362410001379686, "roi_congestion_cost_yen_day": 28820.254507682781, "roi_operating_cost_yen_day": 4024.2273526674117, "roi_emissions_kg_day": 21.41422660035872, "roi_shifted_trips_per_day": 16.472482000275939, "roi_congestion_savings_yen_day": 5764.0509015365569, "roi_operating_savings_yen_day": 804.8454705334824, "roi_emissions_avoided_kg_day": 4.2828453200717442, "roi_health_benefit_yen_day": 494.17446000827817, "roi_parking_spaces_freed": 0.3294496400055188 }, "geometry": { "type": "Polygon", "coordinates": [ [ [ 139.656075604872655, 35.442873456387559 ], [ 139.655510311224333, 35.444625782831842 ], [ 139.653533530419736, 35.445099341249836 ], [ 139.652122139173542, 35.443820592076136 ], [ 139.652687481886261, 35.442068318768882 ], [ 139.654664166783874, 35.441594741498612 ], [ 139.656075604872655, 35.442873456387559 ] ] ] } },
{ "type": "Feature", "properties": { "hex_id": "892f5aa4d57ffff", "population": 84.187380307759156, "production_score": 0.029838282191399224, "attraction_score": 0.078219013237063775, "demand_score": 0.23782005339996204, "stress_score": 2.0, "infra_quality_score": 0.66666666666666674, "gap_score": -0.4288466132667047, "schools_nearby": 0, "stations_nearby": 1, "shops_nearby": 62, "bike_parking_nearby": 0, "bike_parking_capacity_nearby": 0.0, "bike_sharing_nearby": 0, "bike_sharing_capacity_nearby": 0.0, "flat_terrain": 1, "roi_car_trips_per_day": 58.931166215431404, "roi_congestion_cost_yen_day": 20621.193682103756, "roi_operating_cost_yen_day": 2879.3767812859783, "roi_emissions_kg_day": 15.322103216012165, "roi_shifted_trips_per_day": 11.786233243086281, "roi_congestion_savings_yen_day": 4124.2387364207516, "roi_operating_savings_yen_day": 575.87535625719568, "roi_emissions_avoided_kg_day": 3.0644206432024332, "roi_health_benefit_yen_day": 353.58699729258842, "roi_parking_spaces_freed": 0.23572466486172564 }, "geometry": { "type": "Polygon", "coordinates": [ [ [ 139.65776814495473, 35.44893564575095 ], [ 139.65720283304006, 35.450687997258207 ], [ 139.6552258603962, 35.451161517970981 ], [ 139.65381429559406, 35.449882706029513 ], [ 139.654379656586258, 35.448130407656549 ], [ 139.65635653330628, 35.447656868091073 ], [ 139.65776814495473, 35.44893564575095 ] ] ] } },
{ "type": "Feature", "properties": { "hex_id": "892f5bd3643ffff", "population": 1331.3722707123877, "production_score": 0.47187430432086785, "attraction_score": 0.21660649819494585, "demand_score": 0.29568526201261025, "stress_score": 2.0943396226415096, "infra_quality_score": 0.63522012578616338, "gap_score": -0.33953486377355313, "schools_nearby": 22, "stations_nearby": 1, "shops_nearby": 111, "bike_parking_nearby": 0, "bike_parking_capacity_nearby": 0.0, "bike_sharing_nearby": 4, "bike_sharing_capacity_nearby": 24.0, "flat_terrain": 0, "roi_car_trips_per_day": 931.96058949867154, "roi_congestion_cost_yen_day": 326111.64947737515, "roi_operating_cost_yen_day": 45535.594402905088, "roi_emissions_kg_day": 242.30975326965461, "roi_shifted_trips_per_day": 186.39211789973433, "roi_congestion_savings_yen_day": 65222.329895475043, "roi_operating_savings_yen_day": 9107.1188805810198, "roi_emissions_avoided_kg_day": 48.461950653930927, "roi_health_benefit_yen_day": 5591.7635369920299, "roi_parking_spaces_freed": 3.7278423579946867 }, "geometry": { "type": "Polygon", "coordinates": [ [ [ 139.652691456312482, 35.430749605025717 ], [ 139.652126199208311, 35.432501881234721 ], [ 139.650149801981144, 35.432975515060662 ], [ 139.648738757734634, 35.431696891529334 ], [ 139.649304063876883, 35.429944668462817 ], [ 139.651280365230718, 35.429471015785424 ], [ 139.652691456312482, 35.430749605025717 ] ] ] } },
{ "type": "Feature", "properties": { "hex_id": "892f5bd3687ffff", "population": 288.67748592379223, "production_score": 0.10231510062208113, "attraction_score": 0.034897713598074608, "demand_score": 0.24802448497705448, "stress_score": 2.0, "infra_quality_score": 0.66666666666666674, "gap_score": -0.41864218168961226, "schools_nearby": 6, "stations_nearby": 0, "shops_nearby": 11, "bike_parking_nearby": 0, "bike_parking_capacity_nearby": 0.0, "bike_sharing_nearby": 0, "bike_sharing_capacity_nearby": 0.0, "flat_terrain": 1, "roi_car_trips_per_day": 202.07424014665455, "roi_congestion_cost_yen_day": 70709.818112117355, "roi_operating_cost_yen_day": 9873.3473735655407, "roi_emissions_kg_day": 52.539302438130186, "roi_shifted_trips_per_day": 40.414848029330912, "roi_congestion_savings_yen_day": 14141.963622423473, "roi_operating_savings_yen_day": 1974.6694747131082, "roi_emissions_avoided_kg_day": 10.507860487626038, "roi_health_benefit_yen_day": 1212.4454408799274, "roi_parking_spaces_freed": 0.80829696058661826 }, "geometry": { "type": "Polygon", "coordinates": [ [ [ 139.648463016519116, 35.415595781118057 ], [ 139.647897805116514, 35.417347994328125 ], [ 139.645921887171852, 35.417821722409265 ], [ 139.644511276464215, 35.416543256131057 ], [ 139.645076536872125, 35.414791096070317 ], [ 139.647052358985491, 35.41431734913877 ], [ 139.648463016519116, 35.415595781118057 ] ] ] } },
{ "type": "Feature", "properties": { "hex_id": "892f5aa6a33ffff", "population": 2.0348969992646948, "production_score": 0.00072122247624915566, "attraction_score": 0.0, "demand_score": 0.20025242786668718, "stress_score": 2.0, "infra_quality_score": 0.66666666666666674, "gap_score": -0.46641423879997956, "schools_nearby": 0, "stations_nearby": 0, "shops_nearby": 0, "bike_parking_nearby": 0, "bike_parking_capacity_nearby": 0.0, "bike_sharing_nearby": 0, "bike_sharing_capacity_nearby": 0.0, "flat_terrain": 1, "roi_car_trips_per_day": 1.4244278994852866, "roi_congestion_cost_yen_day": 498.43581058789152, "roi_operating_cost_yen_day": 69.597547168851108, "roi_emissions_kg_day": 0.37035125386617451, "roi_shifted_trips_per_day": 0.28488557989705732, "roi_congestion_savings_yen_day": 99.687162117578296, "roi_operating_savings_yen_day": 13.919509433770221, "roi_emissions_avoided_kg_day": 0.074070250773234911, "roi_health_benefit_yen_day": 8.5465673969117191, "roi_parking_spaces_freed": 0.0056977115979411465 }, "geometry": { "type": "Polygon", "coordinates": [ [ [ 139.688271538841263, 35.433537250990888 ], [ 139.687706840044569, 35.43529008645833 ], [ 139.685729705236668, 35.435764374434314 ], [ 139.684317365136081, 35.434485845728695 ], [ 139.684882113083574, 35.432733063378677 ], [ 139.686859151984038, 35.432258756617159 ], [ 139.688271538841263, 35.433537250990888 ] ] ] } },
{ "type": "Feature", "properties": { "hex_id": "892f5aa4d9bffff", "population": 981.47034932994825, "production_score": 0.34785960958449103, "attraction_score": 0.13959085439229843, "demand_score": 0.39560766239187634, "stress_score": 2.5, "infra_quality_score": 0.5, "gap_score": -0.10439233760812366, "schools_nearby": 9, "stations_nearby": 1, "shops_nearby": 86, "bike_parking_nearby": 0, "bike_parking_capacity_nearby": 0.0, "bike_sharing_nearby": 2, "bike_sharing_capacity_nearby": 54.0, "flat_terrain": 1, "roi_car_trips_per_day": 687.02924453096387, "roi_congestion_cost_yen_day": 240405.27324627488, "roi_operating_cost_yen_day": 33568.248887782895, "roi_emissions_kg_day": 178.62760357805061, "roi_shifted_trips_per_day": 137.40584890619277, "roi_congestion_savings_yen_day": 48081.054649254977, "roi_operating_savings_yen_day": 6713.6497775565786, "roi_emissions_avoided_kg_day": 35.725520715610124, "roi_health_benefit_yen_day": 4122.1754671857834, "roi_parking_spaces_freed": 2.7481169781238557 }, "geometry": { "type": "Polygon", "coordinates": [ [ [ 139.661159545064606, 35.438421340258799 ], [ 139.660594367823307, 35.440173747875647 ], [ 139.658617609756675, 35.440647456052972 ], [ 139.657206124833948, 35.439368775453737 ], [ 139.657771351149364, 35.437616420971629 ], [ 139.659748013316602, 35.437142693954314 ], [ 139.661159545064606, 35.438421340258799 ] ] ] } },
{ "type": "Feature", "properties": { "hex_id": "892f5aa6a77ffff", "population": 0.0, "production_score": 0.0, "attraction_score": 0.0, "demand_score": 0.2, "stress_score": 2.0, "infra_quality_score": 0.66666666666666674, "gap_score": -0.46666666666666679, "schools_nearby": 0, "stations_nearby": 0, "shops_nearby": 0, "bike_parking_nearby": 0, "bike_parking_capacity_nearby": 0.0, "bike_sharing_nearby": 0, "bike_sharing_capacity_nearby": 0.0, "flat_terrain": 1, "roi_car_trips_per_day": 0.0, "roi_congestion_cost_yen_day": 0.0, "roi_operating_cost_yen_day": 0.0, "roi_emissions_kg_day": 0.0, "roi_shifted_trips_per_day": 0.0, "roi_congestion_savings_yen_day": 0.0, "roi_operating_savings_yen_day": 0.0, "roi_emissions_avoided_kg_day": 0.0, "roi_health_benefit_yen_day": 0.0, "roi_parking_spaces_freed": 0.0 }, "geometry": { "type": "Polygon", "coordinates": [ [ [ 139.68996716643133, 35.439600017328026 ], [ 139.6894024495015, 35.441352877937618 ], [ 139.687425122853426, 35.441827128342041 ], [ 139.686012609062686, 35.440548536923053 ], [ 139.686577375156503, 35.438795729428122 ], [ 139.688554605880284, 35.438321460237802 ], [ 139.68996716643133, 35.439600017328026 ] ] ] } },
{ "type": "Feature", "properties": { "hex_id": "892f5bd36cbffff", "population": 1328.346573344802, "production_score": 0.4708019154242214, "attraction_score": 0.16486161251504211, "demand_score": 0.26870864987308185, "stress_score": 1.9245283018867925, "infra_quality_score": 0.69182389937106925, "gap_score": -0.4231152494979874, "schools_nearby": 15, "stations_nearby": 1, "shops_nearby": 89, "bike_parking_nearby": 0, "bike_parking_capacity_nearby": 0.0, "bike_sharing_nearby": 0, "bike_sharing_capacity_nearby": 0.0, "flat_terrain": 0, "roi_car_trips_per_day": 929.84260134136127, "roi_congestion_cost_yen_day": 325370.52306136914, "roi_operating_cost_yen_day": 45432.109501538915, "roi_emissions_kg_day": 241.75907634875395, "roi_shifted_trips_per_day": 185.96852026827227, "roi_congestion_savings_yen_day": 65074.104612273833, "roi_operating_savings_yen_day": 9086.4219003077833, "roi_emissions_avoided_kg_day": 48.351815269750794, "roi_health_benefit_yen_day": 5579.0556080481683, "roi_parking_spaces_freed": 3.7193704053654457 }, "geometry": { "type": "Polygon", "coordinates": [ [ [ 139.657774556373937, 35.426297438718436 ], [ 139.657209415631826, 35.42804979603806 ], [ 139.655233041112439, 35.428523579574041 ], [ 139.653821903204118, 35.427245024629784 ], [ 139.654387092994057, 35.425492720450322 ], [ 139.656363371647672, 35.425018918075217 ], [ 139.657774556373937, 35.426297438718436 ] ] ] } },
{ "type": "Feature", "properties": { "hex_id": "892f5aa6823ffff", "population": 0.0, "production_score": 0.0, "attraction_score": 0.0036101083032490976, "demand_score": 0.20126353790613716, "stress_score": 2.0, "infra_quality_score": 0.66666666666666674, "gap_score": -0.46540312876052958, "schools_nearby": 1, "stations_nearby": 0, "shops_nearby": 0, "bike_parking_nearby": 0, "bike_parking_capacity_nearby": 0.0, "bike_sharing_nearby": 0, "bike_sharing_capacity_nearby": 0.0, "flat_terrain": 1, "roi_car_trips_per_day": 0.0, "roi_congestion_cost_yen_day": 0.0, "roi_operating_cost_yen_day": 0.0, "roi_emissions_kg_day": 0.0, "roi_shifted_trips_per_day": 0.0, "roi_congestion_savings_yen_day": 0.0, "roi_operating_savings_yen_day": 0.0, "roi_emissions_avoided_kg_day": 0.0, "roi_health_benefit_yen_day": 0.0, "roi_parking_spaces_freed": 0.0 }, "geometry": { "type": "Polygon", "coordinates": [ [ [ 139.679798192688708, 35.414546120754984 ], [ 139.67923349920315, 35.416298827451556 ], [ 139.677257024134292, 35.416773172091396 ], [ 139.675845338406617, 35.415494828825146 ], [ 139.676410080992099, 35.413742175256694 ], [ 139.678386460208571, 35.413267811826657 ], [ 139.679798192688708, 35.414546120754984 ] ] ] } },
{ "type": "Feature", "properties": { "hex_id": "892f5aa6b43ffff", "population": 112.71901533715686, "production_score": 0.039950664525627962, "attraction_score": 0.0072202166064981952, "demand_score": 0.21650980839624415, "stress_score": 2.0, "infra_quality_score": 0.66666666666666674, "gap_score": -0.45015685827042262, "schools_nearby": 0, "stations_nearby": 0, "shops_nearby": 6, "bike_parking_nearby": 0, "bike_parking_capacity_nearby": 0.0, "bike_sharing_nearby": 0, "bike_sharing_capacity_nearby": 0.0, "flat_terrain": 1, "roi_car_trips_per_day": 78.9033107360098, "roi_congestion_cost_yen_day": 27609.846492744549, "roi_operating_cost_yen_day": 3855.2157625614386, "roi_emissions_kg_day": 20.514860791362548, "roi_shifted_trips_per_day": 15.78066214720196, "roi_congestion_savings_yen_day": 5521.96929854891, "roi_operating_savings_yen_day": 771.04315251228775, "roi_emissions_avoided_kg_day": 4.1029721582725101, "roi_health_benefit_yen_day": 473.41986441605883, "roi_parking_spaces_freed": 0.3156132429440392 }, "geometry": { "type": "Polygon", "coordinates": [ [ [ 139.676409309720611, 35.436382511418564 ], [ 139.675844396203559, 35.438135159554307 ], [ 139.673867407427991, 35.438609185633183 ], [ 139.672455428078479, 35.437330582386345 ], [ 139.673020390713759, 35.435577987375396 ], [ 139.674997283583537, 35.435103942486776 ], [ 139.676409309720611, 35.436382511418564 ] ] ] } },
{ "type": "Feature", "properties": { "hex_id": "892f5aa6867ffff", "population": 0.0, "production_score": 0.0, "attraction_score": 0.0036101083032490976, "demand_score": 0.051263537906137177, "stress_score": 2.0, "infra_quality_score": 0.66666666666666674, "gap_score": -0.61540312876052961, "schools_nearby": 1, "stations_nearby": 0, "shops_nearby": 0, "bike_parking_nearby": 0, "bike_parking_capacity_nearby": 0.0, "bike_sharing_nearby": 0, "bike_sharing_capacity_nearby": 0.0, "flat_terrain": 0, "roi_car_trips_per_day": 0.0, "roi_congestion_cost_yen_day": 0.0, "roi_operating_cost_yen_day": 0.0, "roi_emissions_kg_day": 0.0, "roi_shifted_trips_per_day": 0.0, "roi_congestion_savings_yen_day": 0.0, "roi_operating_savings_yen_day": 0.0, "roi_emissions_avoided_kg_day": 0.0, "roi_health_benefit_yen_day": 0.0, "roi_parking_spaces_freed": 0.0 }, "geometry": { "type": "Polygon", "coordinates": [ [ [ 139.681492521932284, 35.420608258897971 ], [ 139.680927810288892, 35.422360990848816 ], [ 139.67895114349011, 35.422835297907604 ], [ 139.677539284207057, 35.421556891806475 ], [ 139.678104044963533, 35.419804212981035 ], [ 139.680080615893104, 35.419329887131632 ], [ 139.681492521932284, 35.420608258897971 ] ] ] } },
{ "type": "Feature", "properties": { "hex_id": "892f5aa6b87ffff", "population": 904.33310391719647, "production_score": 0.32052008568341567, "attraction_score": 0.073405535499398308, "demand_score": 0.34713322667324409, "stress_score": 2.1851851851851851, "infra_quality_score": 0.60493827160493829, "gap_score": -0.2578050449316942, "schools_nearby": 6, "stations_nearby": 0, "shops_nearby": 43, "bike_parking_nearby": 1, "bike_parking_capacity_nearby": 4.0, "bike_sharing_nearby": 0, "bike_sharing_capacity_nearby": 0.0, "flat_terrain": 1, "roi_car_trips_per_day": 633.03317274203744, "roi_congestion_cost_yen_day": 221510.96780589374, "roi_operating_cost_yen_day": 30930.000820175948, "roi_emissions_kg_day": 164.58862491292973, "roi_shifted_trips_per_day": 126.6066345484075, "roi_congestion_savings_yen_day": 44302.193561178756, "roi_operating_savings_yen_day": 6186.0001640351902, "roi_emissions_avoided_kg_day": 32.917724982585952, "roi_health_benefit_yen_day": 3798.1990364522248, "roi_parking_spaces_freed": 2.5321326909681501 }, "geometry": { "type": "Polygon", "coordinates": [ [ [ 139.672174478189362, 35.421226928763616 ], [ 139.671609610143918, 35.422979513948206 ], [ 139.669633100813115, 35.42345363407378 ], [ 139.668221555394666, 35.422175187823761 ], [ 139.668786472525454, 35.420422655770821 ], [ 139.670762885992531, 35.419948516836527 ], [ 139.672174478189362, 35.421226928763616 ] ] ] } },
{ "type": "Feature", "properties": { "hex_id": "892f5aa6bcbffff", "population": 7.4046535250170011, "production_score": 0.0026244092713339018, "attraction_score": 0.0060168471720818293, "demand_score": 0.20302443975519549, "stress_score": 2.0, "infra_quality_score": 0.66666666666666674, "gap_score": -0.46364222691147128, "schools_nearby": 1, "stations_nearby": 0, "shops_nearby": 2, "bike_parking_nearby": 0, "bike_parking_capacity_nearby": 0.0, "bike_sharing_nearby": 0, "bike_sharing_capacity_nearby": 0.0, "flat_terrain": 1, "roi_car_trips_per_day": 5.1832574675119005, "roi_congestion_cost_yen_day": 1813.7254530317643, "roi_operating_cost_yen_day": 253.25395986263146, "roi_emissions_kg_day": 1.3476469415530943, "roi_shifted_trips_per_day": 1.0366514935023801, "roi_congestion_savings_yen_day": 362.74509060635285, "roi_operating_savings_yen_day": 50.650791972526292, "roi_emissions_avoided_kg_day": 0.26952938831061884, "roi_health_benefit_yen_day": 31.099544805071403, "roi_parking_spaces_freed": 0.0207330298700476 }, "geometry": { "type": "Polygon", "coordinates": [ [ [ 139.681492905357203, 35.43192881672875 ], [ 139.680928108270336, 35.433681545958834 ], [ 139.67895114236606, 35.434155721779483 ], [ 139.677539069450035, 35.432877187167733 ], [ 139.678103915664849, 35.431124511060112 ], [ 139.680080785670924, 35.430650316442055 ], [ 139.681492905357203, 35.43192881672875 ] ] ] } },
{ "type": "Feature", "properties": { "hex_id": "892f5aa6933ffff", "population": 5.7411092430223087, "production_score": 0.0020348042314503718, "attraction_score": 0.0012033694344163659, "demand_score": null, "stress_score": 4.0, "infra_quality_score": 0.0, "gap_score": null, "schools_nearby": 0, "stations_nearby": 0, "shops_nearby": 1, "bike_parking_nearby": 0, "bike_parking_capacity_nearby": 0.0, "bike_sharing_nearby": 0, "bike_sharing_capacity_nearby": 0.0, "flat_terrain": null, "roi_car_trips_per_day": 4.0187764701156157, "roi_congestion_cost_yen_day": 1406.2502624228564, "roi_operating_cost_yen_day": 196.35741832984897, "roi_emissions_kg_day": 1.0448818822300601, "roi_shifted_trips_per_day": 0.80375529402312318, "roi_congestion_savings_yen_day": 281.25005248457126, "roi_operating_savings_yen_day": 39.271483665969797, "roi_emissions_avoided_kg_day": 0.20897637644601202, "roi_health_benefit_yen_day": 24.112658820693696, "roi_parking_spaces_freed": 0.016075105880462463 }, "geometry": { "type": "Polygon", "coordinates": [ [ [ 139.658626838992603, 35.406690862609423 ], [ 139.658061860198785, 35.40844323785025 ], [ 139.656085987625858, 35.408917265212537 ], [ 139.654675189666136, 35.407638936160019 ], [ 139.655240217484703, 35.405886614063853 ], [ 139.657215994241454, 35.405412567875821 ], [ 139.658626838992603, 35.406690862609423 ] ] ] } },
{ "type": "Feature", "properties": { "hex_id": "892f5aa6977ffff", "population": 62.242523082508782, "production_score": 0.022060431875315242, "attraction_score": 0.039711191335740074, "demand_score": 0.24662006812386933, "stress_score": 2.5, "infra_quality_score": 0.5, "gap_score": -0.25337993187613067, "schools_nearby": 4, "stations_nearby": 0, "shops_nearby": 21, "bike_parking_nearby": 0, "bike_parking_capacity_nearby": 0.0, "bike_sharing_nearby": 2, "bike_sharing_capacity_nearby": 28.0, "flat_terrain": 1, "roi_car_trips_per_day": 43.569766157756149, "roi_congestion_cost_yen_day": 15245.932573922033, "roi_operating_cost_yen_day": 2128.8187744679653, "roi_emissions_kg_day": 11.328139201016599, "roi_shifted_trips_per_day": 8.7139532315512298, "roi_congestion_savings_yen_day": 3049.1865147844064, "roi_operating_savings_yen_day": 425.7637548935931, "roi_emissions_avoided_kg_day": 2.2656278402033196, "roi_health_benefit_yen_day": 261.41859694653692, "roi_parking_spaces_freed": 0.1742790646310246 }, "geometry": { "type": "Polygon", "coordinates": [ [ [ 139.660318821891792, 35.412752309627201 ], [ 139.659753824859393, 35.414504710156891 ], [ 139.657777760628846, 35.414978699867063 ], [ 139.656366789266883, 35.413700307874002 ], [ 139.656931835337133, 35.411947960486287 ], [ 139.658907803734678, 35.41147395194993 ], [ 139.660318821891792, 35.412752309627201 ] ] ] } },
{ "type": "Feature", "properties": { "hex_id": "892f5bd360fffff", "population": 1337.7230725747304, "production_score": 0.47412520008953901, "attraction_score": 0.11191335740072202, "demand_score": 0.25303016178825799, "stress_score": 1.9583333333333333, "infra_quality_score": 0.68055555555555558, "gap_score": -0.42752539376729759, "schools_nearby": 13, "stations_nearby": 1, "shops_nearby": 51, "bike_parking_nearby": 0, "bike_parking_capacity_nearby": 0.0, "bike_sharing_nearby": 1, "bike_sharing_capacity_nearby": 34.0, "flat_terrain": 0, "roi_car_trips_per_day": 936.40615080231123, "roi_congestion_cost_yen_day": 327667.24028874474, "roi_operating_cost_yen_day": 45752.804528200926, "roi_emissions_kg_day": 243.46559920860093, "roi_shifted_trips_per_day": 187.28123016046226, "roi_congestion_savings_yen_day": 65533.448057748959, "roi_operating_savings_yen_day": 9150.5609056401863, "roi_emissions_avoided_kg_day": 48.69311984172019, "roi_health_benefit_yen_day": 5618.4369048138678, "roi_parking_spaces_freed": 3.7456246032092451 }, "geometry": { "type": "Polygon", "coordinates": [ [ [ 139.645071411588049, 35.426108920761351 ], [ 139.644506065570653, 35.427861078098523 ], [ 139.642529933284692, 35.428334618789613 ], [ 139.641119242874822, 35.427056021006976 ], [ 139.64168463790088, 35.425303916818706 ], [ 139.643660674331244, 35.424830357264469 ], [ 139.645071411588049, 35.426108920761351 ] ] ] } },
{ "type": "Feature", "properties": { "hex_id": "892f5aa4d23ffff", "population": 1034.4730165065323, "production_score": 0.36664518688040276, "attraction_score": 0.80144404332129959, "demand_score": 0.66672596741270107, "stress_score": 3.1578947368421053, "infra_quality_score": 0.2807017543859649, "gap_score": 0.38602421302673617, "schools_nearby": 10, "stations_nearby": 8, "shops_nearby": 612, "bike_parking_nearby": 2, "bike_parking_capacity_nearby": 48.0, "bike_sharing_nearby": 15, "bike_sharing_capacity_nearby": 3146.0, "flat_terrain": 1, "roi_car_trips_per_day": 724.13111155457261, "roi_congestion_cost_yen_day": 253387.95855517607, "roi_operating_cost_yen_day": 35381.046110556417, "roi_emissions_kg_day": 188.27408900418888, "roi_shifted_trips_per_day": 144.82622231091452, "roi_congestion_savings_yen_day": 50677.591711035209, "roi_operating_savings_yen_day": 7076.2092221112835, "roi_emissions_avoided_kg_day": 37.654817800837776, "roi_health_benefit_yen_day": 4344.7866693274354, "roi_parking_spaces_freed": 2.8965244462182902 }, "geometry": { "type": "Polygon", "coordinates": [ [ [ 139.644215500614763, 35.445714339838361 ], [ 139.643649992458649, 35.447466478793274 ], [ 139.641673358108619, 35.447939775399583 ], [ 139.640262327823109, 35.446660951927825 ], [ 139.640827885010992, 35.444908866117281 ], [ 139.642804423455743, 35.444435550634431 ], [ 139.644215500614763, 35.445714339838361 ] ] ] } },
{ "type": "Feature", "properties": { "hex_id": "892f5aa4d67ffff", "population": 49.540008701848933, "production_score": 0.01755831757689108, "attraction_score": 0.36582430806257521, "demand_score": 0.33418391897381322, "stress_score": 2.0, "infra_quality_score": 0.66666666666666674, "gap_score": -0.33248274769285352, "schools_nearby": 1, "stations_nearby": 2, "shops_nearby": 295, "bike_parking_nearby": 2, "bike_parking_capacity_nearby": 8.0, "bike_sharing_nearby": 2, "bike_sharing_capacity_nearby": 1020.0, "flat_terrain": 1, "roi_car_trips_per_day": 34.67800609129425, "roi_congestion_cost_yen_day": 12134.527891465685, "roi_operating_cost_yen_day": 1694.3673776206369, "roi_emissions_kg_day": 9.0162815837365056, "roi_shifted_trips_per_day": 6.9356012182588502, "roi_congestion_savings_yen_day": 2426.9055782931368, "roi_operating_savings_yen_day": 338.8734755241274, "roi_emissions_avoided_kg_day": 1.803256316747301, "roi_health_benefit_yen_day": 208.0680365477655, "roi_parking_spaces_freed": 0.13871202436517702 }, "geometry": { "type": "Polygon", "coordinates": [ [ [ 139.645906889718987, 35.451776302874691 ], [ 139.645341363247695, 35.45352846686712 ], [ 139.643364537061927, 35.454001725719721 ], [ 139.64195333327271, 35.452722839457152 ], [ 139.642518908788844, 35.450970728606393 ], [ 139.644495639052536, 35.450497450876831 ], [ 139.645906889718987, 35.451776302874691 ] ] ] } },
{ "type": "Feature", "properties": { "hex_id": "892f5bd3653ffff", "population": 1328.2909446693711, "production_score": 0.47078219911864955, "attraction_score": 0.15282791817087846, "demand_score": 0.26185328464107838, "stress_score": 1.8717948717948718, "infra_quality_score": 0.70940170940170932, "gap_score": -0.44754842476063095, "schools_nearby": 20, "stations_nearby": 1, "shops_nearby": 64, "bike_parking_nearby": 0, "bike_parking_capacity_nearby": 0.0, "bike_sharing_nearby": 0, "bike_sharing_capacity_nearby": 0.0, "flat_terrain": 0, "roi_car_trips_per_day": 929.80366126855972, "roi_congestion_cost_yen_day": 325356.89715109445, "roi_operating_cost_yen_day": 45430.20688958183, "roi_emissions_kg_day": 241.74895192982552, "roi_shifted_trips_per_day": 185.96073225371197, "roi_congestion_savings_yen_day": 65071.379430218898, "roi_operating_savings_yen_day": 9086.0413779163664, "roi_emissions_avoided_kg_day": 48.349790385965115, "roi_health_benefit_yen_day": 5578.8219676113586, "roi_parking_spaces_freed": 3.7192146450742394 }, "geometry": { "type": "Polygon", "coordinates": [ [ [ 139.655233041112439, 35.428523579574041 ], [ 139.654667842189696, 35.43027589634282 ], [ 139.652691456312482, 35.430749605025717 ], [ 139.651280365230718, 35.429471015785424 ], [ 139.651845613196457, 35.427718752157972 ], [ 139.653821903204118, 35.427245024629784 ], [ 139.655233041112439, 35.428523579574041 ] ] ] } },
{ "type": "Feature", "properties": { "hex_id": "892f5bd3697ffff", "population": 16.2138708405733, "production_score": 0.0057466338991348379, "attraction_score": 0.022864019253910951, "demand_score": 0.21001372860356601, "stress_score": 2.0, "infra_quality_score": 0.66666666666666674, "gap_score": -0.4566529380631007, "schools_nearby": 3, "stations_nearby": 0, "shops_nearby": 10, "bike_parking_nearby": 0, "bike_parking_capacity_nearby": 0.0, "bike_sharing_nearby": 0, "bike_sharing_capacity_nearby": 0.0, "flat_terrain": 1, "roi_car_trips_per_day": 11.349709588401309, "roi_congestion_cost_yen_day": 3971.4903791733864, "roi_operating_cost_yen_day": 554.54681048928796, "roi_emissions_kg_day": 2.9509244929843406, "roi_shifted_trips_per_day": 2.2699419176802618, "roi_congestion_savings_yen_day": 794.29807583467721, "roi_operating_savings_yen_day": 110.9093620978576, "roi_emissions_avoided_kg_day": 0.59018489859686807, "roi_health_benefit_yen_day": 68.098257530407849, "roi_parking_spaces_freed": 0.045398838353605239 }, "geometry": { "type": "Polygon", "coordinates": [ [ [ 139.651004076381923, 35.413369724479665 ], [ 139.650438923132668, 35.415121978210792 ], [ 139.648463016519116, 35.415595781118057 ], [ 139.647052358985491, 35.41431734913877 ], [ 139.647617561244942, 35.412565148555807 ], [ 139.649593372031006, 35.412091326804287 ], [ 139.651004076381923, 35.413369724479665 ] ] ] } },
{ "type": "Feature", "properties": { "hex_id": "892f5aa4dabffff", "population": 1324.1580092359247, "production_score": 0.4693173751356346, "attraction_score": 0.64019253910950658, "demand_score": 0.6193629527444201, "stress_score": 2.6206896551724137, "infra_quality_score": 0.45977011494252873, "gap_score": 0.15959283780189137, "schools_nearby": 26, "stations_nearby": 4, "shops_nearby": 442, "bike_parking_nearby": 1, "bike_parking_capacity_nearby": 4.0, "bike_sharing_nearby": 4, "bike_sharing_capacity_nearby": 47.0, "flat_terrain": 1, "roi_car_trips_per_day": 926.91060646514723, "roi_congestion_cost_yen_day": 324344.5594142843, "roi_operating_cost_yen_day": 45288.852231887096, "roi_emissions_kg_day": 240.99675768093829, "roi_shifted_trips_per_day": 185.38212129302946, "roi_congestion_savings_yen_day": 64868.911882856868, "roi_operating_savings_yen_day": 9057.7704463774189, "roi_emissions_avoided_kg_day": 48.199351536187663, "roi_health_benefit_yen_day": 5561.463638790884, "roi_parking_spaces_freed": 3.7076424258605893 }, "geometry": { "type": "Polygon", "coordinates": [ [ [ 139.649299577055388, 35.441263122241637 ], [ 139.648734185289754, 35.443015342409325 ], [ 139.646757573599388, 35.443488788781437 ], [ 139.645346449575555, 35.442210033850387 ], [ 139.645911890382649, 35.440457866824779 ], [ 139.647888406175326, 35.439984401588454 ], [ 139.649299577055388, 35.441263122241637 ] ] ] } },
{ "type": "Feature", "properties": { "hex_id": "892f5aa6d63ffff", "population": 0.0, "production_score": 0.0, "attraction_score": 0.0, "demand_score": 0.2, "stress_score": 2.0, "infra_quality_score": 0.66666666666666674, "gap_score": -0.46666666666666679, "schools_nearby": 0, "stations_nearby": 0, "shops_nearby": 0, "bike_parking_nearby": 0, "bike_parking_capacity_nearby": 0.0, "bike_sharing_nearby": 0, "bike_sharing_capacity_nearby": 0.0, "flat_terrain": 1, "roi_car_trips_per_day": 0.0, "roi_congestion_cost_yen_day": 0.0, "roi_operating_cost_yen_day": 0.0, "roi_emissions_kg_day": 0.0, "roi_shifted_trips_per_day": 0.0, "roi_congestion_savings_yen_day": 0.0, "roi_operating_savings_yen_day": 0.0, "roi_emissions_avoided_kg_day": 0.0, "roi_health_benefit_yen_day": 0.0, "roi_parking_spaces_freed": 0.0 }, "geometry": { "type": "Polygon", "coordinates": [ [ [ 139.678951145737187, 35.400195182245163 ], [ 139.678386546741336, 35.401947878779119 ], [ 139.676410466452893, 35.402422373384141 ], [ 139.674999080978409, 35.401144190238675 ], [ 139.675563729052755, 35.399391546837123 ], [ 139.677539713526244, 35.398917033448917 ], [ 139.678951145737187, 35.400195182245163 ] ] ] } },
{ "type": "Feature", "properties": { "hex_id": "892f5bd36dbffff", "population": 854.18440918851024, "production_score": 0.30274603333287636, "attraction_score": 0.12515042117930206, "demand_score": 0.18385466817017151, "stress_score": 1.6818181818181819, "infra_quality_score": 0.77272727272727271, "gap_score": -0.58887260455710122, "schools_nearby": 12, "stations_nearby": 0, "shops_nearby": 68, "bike_parking_nearby": 0, "bike_parking_capacity_nearby": 0.0, "bike_sharing_nearby": 1, "bike_sharing_capacity_nearby": 7.0, "flat_terrain": 0, "roi_car_trips_per_day": 597.92908643195722, "roi_congestion_cost_yen_day": 209227.34592427048, "roi_operating_cost_yen_day": 29214.815163065428, "roi_emissions_kg_day": 155.46156247230888, "roi_shifted_trips_per_day": 119.58581728639145, "roi_congestion_savings_yen_day": 41845.469184854097, "roi_operating_savings_yen_day": 5842.9630326130864, "roi_emissions_avoided_kg_day": 31.092312494461776, "roi_health_benefit_yen_day": 3587.5745185917435, "roi_parking_spaces_freed": 2.3917163457278288 }, "geometry": { "type": "Polygon", "coordinates": [ [ [ 139.660316002089786, 35.424071182471707 ], [ 139.659750919527596, 35.425823580333287 ], [ 139.657774556373937, 35.426297438718436 ], [ 139.656363371647672, 35.425018918075217 ], [ 139.656928503262606, 35.423266573352649 ], [ 139.658904770554244, 35.422792696134579 ], [ 139.660316002089786, 35.424071182471707 ] ] ] } },
{ "type": "Feature", "properties": { "hex_id": "892f5bd3443ffff", "population": 5.9654331331479176, "production_score": 0.0021143106789888451, "attraction_score": 0.0060168471720818293, "demand_score": null, "stress_score": 4.0, "infra_quality_score": 0.0, "gap_score": null, "schools_nearby": 1, "stations_nearby": 0, "shops_nearby": 2, "bike_parking_nearby": 0, "bike_parking_capacity_nearby": 0.0, "bike_sharing_nearby": 0, "bike_sharing_capacity_nearby": 0.0, "flat_terrain": null, "roi_car_trips_per_day": 4.1758031932035431, "roi_congestion_cost_yen_day": 1461.1970533657839, "roi_operating_cost_yen_day": 204.02974401992512, "roi_emissions_kg_day": 1.0857088302329212, "roi_shifted_trips_per_day": 0.83516063864070866, "roi_congestion_savings_yen_day": 292.23941067315678, "roi_operating_savings_yen_day": 40.805948803985025, "roi_emissions_avoided_kg_day": 0.21714176604658425, "roi_health_benefit_yen_day": 25.05481915922126, "roi_parking_spaces_freed": 0.016703212772814172 }, "geometry": { "type": "Polygon", "coordinates": [ [ [ 139.646772183508233, 35.409534560108639 ], [ 139.646206990392898, 35.411286748055396 ], [ 139.644231264102388, 35.41176051383713 ], [ 139.642820826744867, 35.410482110522409 ], [ 139.643386068852351, 35.408729975727702 ], [ 139.645361699328419, 35.408256191095994 ], [ 139.646772183508233, 35.409534560108639 ] ] ] } },
{ "type": "Feature", "properties": { "hex_id": "892f5aa6b0fffff", "population": 668.31455651496981, "production_score": 0.23686873563490124, "attraction_score": 0.074608904933814682, "demand_score": 0.33151717419905058, "stress_score": 2.45, "infra_quality_score": 0.51666666666666661, "gap_score": -0.18514949246761603, "schools_nearby": 6, "stations_nearby": 0, "shops_nearby": 44, "bike_parking_nearby": 3, "bike_parking_capacity_nearby": 12.0, "bike_sharing_nearby": 2, "bike_sharing_capacity_nearby": 29.0, "flat_terrain": 1, "roi_car_trips_per_day": 467.82018956047881, "roi_congestion_cost_yen_day": 163699.64073100276, "roi_operating_cost_yen_day": 22857.694461924995, "roi_emissions_kg_day": 121.63324928572449, "roi_shifted_trips_per_day": 93.56403791209577, "roi_congestion_savings_yen_day": 32739.928146200553, "roi_operating_savings_yen_day": 4571.5388923849996, "roi_emissions_avoided_kg_day": 24.326649857144901, "roi_health_benefit_yen_day": 2806.9211373628732, "roi_parking_spaces_freed": 1.8712807582419155 }, "geometry": { "type": "Polygon", "coordinates": [ [ [ 139.668784933460586, 35.431742300246995 ], [ 139.668219930824137, 35.43349482955589 ], [ 139.666243206923724, 35.433968762343028 ], [ 139.664831581551027, 35.43269018464305 ], [ 139.665396633276202, 35.430937708465407 ], [ 139.667373261288532, 35.430463756856781 ], [ 139.668784933460586, 35.431742300246995 ] ] ] } },
{ "type": "Feature", "properties": { "hex_id": "892f5aa6833ffff", "population": 0.0, "production_score": 0.0, "attraction_score": 0.0, "demand_score": 0.2, "stress_score": 2.0, "infra_quality_score": 0.66666666666666674, "gap_score": -0.46666666666666679, "schools_nearby": 0, "stations_nearby": 0, "shops_nearby": 0, "bike_parking_nearby": 0, "bike_parking_capacity_nearby": 0.0, "bike_sharing_nearby": 0, "bike_sharing_capacity_nearby": 0.0, "flat_terrain": 1, "roi_car_trips_per_day": 0.0, "roi_congestion_cost_yen_day": 0.0, "roi_operating_cost_yen_day": 0.0, "roi_emissions_kg_day": 0.0, "roi_shifted_trips_per_day": 0.0, "roi_congestion_savings_yen_day": 0.0, "roi_operating_savings_yen_day": 0.0, "roi_emissions_avoided_kg_day": 0.0, "roi_health_benefit_yen_day": 0.0, "roi_parking_spaces_freed": 0.0 }, "geometry": { "type": "Polygon", "coordinates": [ [ [ 139.68233929162156, 35.412318954102112 ], [ 139.681774656321096, 35.414071701284868 ], [ 139.679798192688708, 35.414546120754984 ], [ 139.678386460208571, 35.413267811826657 ], [ 139.678951144613819, 35.411515117770861 ], [ 139.680927512397602, 35.411040679516724 ], [ 139.68233929162156, 35.412318954102112 ] ] ] } },
{ "type": "Feature", "properties": { "hex_id": "892f5aa6b53ffff", "population": 0.49889431101253467, "production_score": 0.00017682162316082559, "attraction_score": 0.010830324909747292, "demand_score": 0.20385250128651783, "stress_score": 2.0, "infra_quality_score": 0.66666666666666674, "gap_score": -0.46281416538014891, "schools_nearby": 1, "stations_nearby": 0, "shops_nearby": 6, "bike_parking_nearby": 0, "bike_parking_capacity_nearby": 0.0, "bike_sharing_nearby": 0, "bike_sharing_capacity_nearby": 0.0, "flat_terrain": 1, "roi_car_trips_per_day": 0.34922601770877432, "roi_congestion_cost_yen_day": 122.20116811665432, "roi_operating_cost_yen_day": 17.063183225250715, "roi_emissions_kg_day": 0.090798764604281323, "roi_shifted_trips_per_day": 0.069845203541754872, "roi_congestion_savings_yen_day": 24.440233623330865, "roi_operating_savings_yen_day": 3.4126366450501431, "roi_emissions_avoided_kg_day": 0.018159752920856267, "roi_health_benefit_yen_day": 2.095356106252646, "roi_parking_spaces_freed": 0.0013969040708350974 }, "geometry": { "type": "Polygon", "coordinates": [ [ [ 139.67895114236606, 35.434155721779483 ], [ 139.678386287064455, 35.435908410466851 ], [ 139.676409309720611, 35.436382511418564 ], [ 139.674997283583537, 35.435103942486776 ], [ 139.675562188008143, 35.433351306923022 ], [ 139.677539069450035, 35.432877187167733 ], [ 139.67895114236606, 35.434155721779483 ] ] ] } },
{ "type": "Feature", "properties": { "hex_id": "892f5aa6877ffff", "population": 0.0, "production_score": 0.0, "attraction_score": 0.0, "demand_score": 0.05, "stress_score": 2.0, "infra_quality_score": 0.66666666666666674, "gap_score": -0.6166666666666667, "schools_nearby": 0, "stations_nearby": 0, "shops_nearby": 0, "bike_parking_nearby": 0, "bike_parking_capacity_nearby": 0.0, "bike_sharing_nearby": 0, "bike_sharing_capacity_nearby": 0.0, "flat_terrain": 0, "roi_car_trips_per_day": 0.0, "roi_congestion_cost_yen_day": 0.0, "roi_operating_cost_yen_day": 0.0, "roi_emissions_kg_day": 0.0, "roi_shifted_trips_per_day": 0.0, "roi_congestion_savings_yen_day": 0.0, "roi_operating_savings_yen_day": 0.0, "roi_emissions_avoided_kg_day": 0.0, "roi_health_benefit_yen_day": 0.0, "roi_parking_spaces_freed": 0.0 }, "geometry": { "type": "Polygon", "coordinates": [ [ [ 139.684033830734109, 35.418381104544082 ], [ 139.683469177287066, 35.420133876996587 ], [ 139.681492521932284, 35.420608258897971 ], [ 139.680080615893104, 35.419329887131632 ], [ 139.68064531845809, 35.417577167803351 ], [ 139.682621877947469, 35.41710276711752 ], [ 139.684033830734109, 35.418381104544082 ] ] ] } },
{ "type": "Feature", "properties": { "hex_id": "892f5aa6b97ffff", "population": 904.37094402890079, "production_score": 0.32053349724138386, "attraction_score": 0.054151624548736461, "demand_score": 0.33113979262654208, "stress_score": 2.0, "infra_quality_score": 0.66666666666666674, "gap_score": -0.33552687404012466, "schools_nearby": 5, "stations_nearby": 0, "shops_nearby": 30, "bike_parking_nearby": 0, "bike_parking_capacity_nearby": 0.0, "bike_sharing_nearby": 0, "bike_sharing_capacity_nearby": 0.0, "flat_terrain": 1, "roi_car_trips_per_day": 633.05966082023053, "roi_congestion_cost_yen_day": 221520.23651421507, "roi_operating_cost_yen_day": 30931.295027676464, "roi_emissions_kg_day": 164.59551181325995, "roi_shifted_trips_per_day": 126.61193216404611, "roi_congestion_savings_yen_day": 44304.047302843013, "roi_operating_savings_yen_day": 6186.259005535293, "roi_emissions_avoided_kg_day": 32.919102362651991, "roi_health_benefit_yen_day": 3798.3579649213834, "roi_parking_spaces_freed": 2.5322386432809223 }, "geometry": { "type": "Polygon", "coordinates": [ [ [ 139.674715785965475, 35.419000108098537 ], [ 139.67415097610737, 35.420752733796043 ], [ 139.672174478189362, 35.421226928763616 ], [ 139.670762885992531, 35.419948516836527 ], [ 139.671327744940783, 35.418195944269492 ], [ 139.673304146998873, 35.417721730499366 ], [ 139.674715785965475, 35.419000108098537 ] ] ] } },
{ "type": "Feature", "properties": { "hex_id": "892f5aa68bbffff", "population": 0.0, "production_score": 0.0, "attraction_score": 0.0, "demand_score": 0.23, "stress_score": 2.6, "infra_quality_score": 0.46666666666666667, "gap_score": -0.23666666666666669, "schools_nearby": 0, "stations_nearby": 0, "shops_nearby": 0, "bike_parking_nearby": 0, "bike_parking_capacity_nearby": 0.0, "bike_sharing_nearby": 0, "bike_sharing_capacity_nearby": 0.0, "flat_terrain": 1, "roi_car_trips_per_day": 0.0, "roi_congestion_cost_yen_day": 0.0, "roi_operating_cost_yen_day": 0.0, "roi_emissions_kg_day": 0.0, "roi_shifted_trips_per_day": 0.0, "roi_congestion_savings_yen_day": 0.0, "roi_operating_savings_yen_day": 0.0, "roi_emissions_avoided_kg_day": 0.0, "roi_health_benefit_yen_day": 0.0, "roi_parking_spaces_freed": 0.0 }, "geometry": { "type": "Polygon", "coordinates": [ [ [ 139.687421280594094, 35.407864274898373 ], [ 139.686856761661574, 35.409617103026747 ], [ 139.684880320925714, 35.41009167214564 ], [ 139.683468494966604, 35.408813431908186 ], [ 139.684033063013658, 35.407060656904427 ], [ 139.686009407908472, 35.406586069013834 ], [ 139.687421280594094, 35.407864274898373 ] ] ] } },
{ "type": "Feature", "properties": { "hex_id": "892f5aa498bffff", "population": 105.75020417136093, "production_score": 0.03748072956217563, "attraction_score": 0.18050541516245489, "demand_score": 0.30843800779647779, "stress_score": 2.6428571428571428, "infra_quality_score": 0.45238095238095244, "gap_score": -0.14394294458447465, "schools_nearby": 0, "stations_nearby": 2, "shops_nearby": 144, "bike_parking_nearby": 0, "bike_parking_capacity_nearby": 0.0, "bike_sharing_nearby": 2, "bike_sharing_capacity_nearby": 1036.0, "flat_terrain": 1, "roi_car_trips_per_day": 74.025142919952643, "roi_congestion_cost_yen_day": 25902.87801054983, "roi_operating_cost_yen_day": 3616.8684830688862, "roi_emissions_kg_day": 19.246537159187689, "roi_shifted_trips_per_day": 14.805028583990529, "roi_congestion_savings_yen_day": 5180.575602109966, "roi_operating_savings_yen_day": 723.37369661377727, "roi_emissions_avoided_kg_day": 3.8493074318375378, "roi_health_benefit_yen_day": 444.15085751971588, "roi_parking_spaces_freed": 0.29610057167981058 }, "geometry": { "type": "Polygon", "coordinates": [ [ [ 139.640822114871781, 35.456227033028462 ], [ 139.640256471984543, 35.457979115741601 ], [ 139.638279623155626, 35.458452224788189 ], [ 139.636868513146737, 35.457173270011261 ], [ 139.63743420506907, 35.455421240442107 ], [ 139.63941095796838, 35.454948112506209 ], [ 139.640822114871781, 35.456227033028462 ] ] ] } },
{ "type": "Feature", "properties": { "hex_id": "892f5aa6bdbffff", "population": 8.8429471490225708, "production_score": 0.0031341793921083219, "attraction_score": 0.0048134777376654635, "demand_score": 0.20278167999542082, "stress_score": 2.0, "infra_quality_score": 0.66666666666666674, "gap_score": -0.46388498667124589, "schools_nearby": 1, "stations_nearby": 0, "shops_nearby": 1, "bike_parking_nearby": 0, "bike_parking_capacity_nearby": 0.0, "bike_sharing_nearby": 0, "bike_sharing_capacity_nearby": 0.0, "flat_terrain": 1, "roi_car_trips_per_day": 6.1900630043157996, "roi_congestion_cost_yen_day": 2166.0268464701849, "roi_operating_cost_yen_day": 302.44647839086997, "roi_emissions_kg_day": 1.6094163811221081, "roi_shifted_trips_per_day": 1.23801260086316, "roi_congestion_savings_yen_day": 433.20536929403698, "roi_operating_savings_yen_day": 60.489295678173995, "roi_emissions_avoided_kg_day": 0.32188327622442159, "roi_health_benefit_yen_day": 37.140378025894798, "roi_parking_spaces_freed": 0.024760252017263201 }, "geometry": { "type": "Polygon", "coordinates": [ [ [ 139.684034598686907, 35.429701796279204 ], [ 139.683469859814011, 35.431454566043101 ], [ 139.681492905357203, 35.43192881672875 ], [ 139.680080785670924, 35.430650316442055 ], [ 139.680645573676628, 35.42889759979947 ], [ 139.682622432239015, 35.428423330322573 ], [ 139.684034598686907, 35.429701796279204 ] ] ] } },
{ "type": "Feature", "properties": { "hex_id": "892f5aa4cabffff", "population": 0.0, "production_score": 0.0, "attraction_score": 0.0, "demand_score": 0.2, "stress_score": 2.0, "infra_quality_score": 0.66666666666666674, "gap_score": -0.46666666666666679, "schools_nearby": 0, "stations_nearby": 0, "shops_nearby": 0, "bike_parking_nearby": 0, "bike_parking_capacity_nearby": 0.0, "bike_sharing_nearby": 0, "bike_sharing_capacity_nearby": 0.0, "flat_terrain": 1, "roi_car_trips_per_day": 0.0, "roi_congestion_cost_yen_day": 0.0, "roi_operating_cost_yen_day": 0.0, "roi_emissions_kg_day": 0.0, "roi_shifted_trips_per_day": 0.0, "roi_congestion_savings_yen_day": 0.0, "roi_operating_savings_yen_day": 0.0, "roi_emissions_avoided_kg_day": 0.0, "roi_health_benefit_yen_day": 0.0, "roi_parking_spaces_freed": 0.0 }, "geometry": { "type": "Polygon", "coordinates": [ [ [ 139.673019492045512, 35.446898260187638 ], [ 139.672454443890786, 35.448650852279158 ], [ 139.670477240423708, 35.449124690955848 ], [ 139.66906518104463, 35.447845956363849 ], [ 139.669630278320938, 35.446093417396732 ], [ 139.671607385857897, 35.445619559897509 ], [ 139.673019492045512, 35.446898260187638 ] ] ] } },
{ "type": "Feature", "properties": { "hex_id": "892f5aa6943ffff", "population": 189.80540934632, "production_score": 0.06727216531534673, "attraction_score": 0.046931407942238268, "demand_score": 0.2828283934972976, "stress_score": 2.8571428571428572, "infra_quality_score": 0.38095238095238093, "gap_score": -0.098123987455083328, "schools_nearby": 4, "stations_nearby": 0, "shops_nearby": 27, "bike_parking_nearby": 0, "bike_parking_capacity_nearby": 0.0, "bike_sharing_nearby": 0, "bike_sharing_capacity_nearby": 0.0, "flat_terrain": 1, "roi_car_trips_per_day": 132.86378654242401, "roi_congestion_cost_yen_day": 46491.696186925008, "roi_operating_cost_yen_day": 6491.7246104628366, "roi_emissions_kg_day": 34.544584501030243, "roi_shifted_trips_per_day": 26.572757308484803, "roi_congestion_savings_yen_day": 9298.339237385002, "roi_operating_savings_yen_day": 1298.3449220925675, "roi_emissions_avoided_kg_day": 6.9089169002060489, "roi_health_benefit_yen_day": 797.18271925454405, "roi_parking_spaces_freed": 0.53145514616969602 }, "geometry": { "type": "Polygon", "coordinates": [ [ [ 139.670481089354041, 35.415165003829692 ], [ 139.669916239503891, 35.416917563770049 ], [ 139.667939921892156, 35.41739172151285 ], [ 139.666528549980569, 35.416113338123871 ], [ 139.667093448902875, 35.414360831317872 ], [ 139.669069670667739, 35.413886654766785 ], [ 139.670481089354041, 35.415165003829692 ] ] ] } },
{ "type": "Feature", "properties": { "hex_id": "892f5aa4d33ffff", "population": 1034.5163915514215, "production_score": 0.36666056016823689, "attraction_score": 0.76654632972322501, "demand_score": 0.629955744795345, "stress_score": 2.6666666666666665, "infra_quality_score": 0.44444444444444453, "gap_score": 0.18551130035090047, "schools_nearby": 18, "stations_nearby": 7, "shops_nearby": 562, "bike_parking_nearby": 1, "bike_parking_capacity_nearby": 44.0, "bike_sharing_nearby": 11, "bike_sharing_capacity_nearby": 2093.0, "flat_terrain": 1, "roi_car_trips_per_day": 724.161474085995, "roi_congestion_cost_yen_day": 253398.58301217138, "roi_operating_cost_yen_day": 35382.529623841714, "roi_emissions_kg_day": 188.28198326235869, "roi_shifted_trips_per_day": 144.832294817199, "roi_congestion_savings_yen_day": 50679.716602434273, "roi_operating_savings_yen_day": 7076.505924768343, "roi_emissions_avoided_kg_day": 37.656396652471742, "roi_health_benefit_yen_day": 4344.96884451597, "roi_parking_spaces_freed": 2.8966458963439798 }, "geometry": { "type": "Polygon", "coordinates": [ [ [ 139.646757573599388, 35.443488788781437 ], [ 139.646192123638912, 35.4452409683472 ], [ 139.644215500614763, 35.445714339838361 ], [ 139.642804423455743, 35.444435550634431 ], [ 139.643369922452905, 35.442683424211914 ], [ 139.645346449575555, 35.442210033850387 ], [ 139.646757573599388, 35.443488788781437 ] ] ] } },
{ "type": "Feature", "properties": { "hex_id": "892f5aa69cbffff", "population": 76.76352780286561, "production_score": 0.027207068282870898, "attraction_score": 0.0036101083032490976, "demand_score": 0.2330082340273642, "stress_score": 2.4444444444444446, "infra_quality_score": 0.51851851851851838, "gap_score": -0.28551028449115418, "schools_nearby": 1, "stations_nearby": 0, "shops_nearby": 0, "bike_parking_nearby": 0, "bike_parking_capacity_nearby": 0.0, "bike_sharing_nearby": 0, "bike_sharing_capacity_nearby": 0.0, "flat_terrain": 1, "roi_car_trips_per_day": 53.734469462005926, "roi_congestion_cost_yen_day": 18802.765554145113, "roi_operating_cost_yen_day": 2625.4661779136095, "roi_emissions_kg_day": 13.970962060121542, "roi_shifted_trips_per_day": 10.746893892401186, "roi_congestion_savings_yen_day": 3760.5531108290234, "roi_operating_savings_yen_day": 525.09323558272195, "roi_emissions_avoided_kg_day": 2.7941924120243082, "roi_health_benefit_yen_day": 322.4068167720356, "roi_parking_spaces_freed": 0.21493787784802373 }, "geometry": { "type": "Polygon", "coordinates": [ [ [ 139.675563215526637, 35.41071122249496 ], [ 139.674998482028059, 35.412463863421252 ], [ 139.673022187234579, 35.412938170819444 ], [ 139.67161072178223, 35.411659856087624 ], [ 139.672175504362713, 35.409907268293352 ], [ 139.674151703316852, 35.409432942099194 ], [ 139.675563215526637, 35.41071122249496 ] ] ] } },
{ "type": "Feature", "properties": { "hex_id": "892f5bd3663ffff", "population": 1345.75973006501, "production_score": 0.47697360864191307, "attraction_score": 0.27316486161251502, "demand_score": 0.29891210095268617, "stress_score": 1.7272727272727273, "infra_quality_score": 0.75757575757575757, "gap_score": -0.4586636566230714, "schools_nearby": 20, "stations_nearby": 2, "shops_nearby": 161, "bike_parking_nearby": 0, "bike_parking_capacity_nearby": 0.0, "bike_sharing_nearby": 0, "bike_sharing_capacity_nearby": 0.0, "flat_terrain": 0, "roi_car_trips_per_day": 942.03181104550708, "roi_congestion_cost_yen_day": 329635.77132104384, "roi_operating_cost_yen_day": 46027.674287683476, "roi_emissions_kg_day": 244.92827087183184, "roi_shifted_trips_per_day": 188.40636220910142, "roi_congestion_savings_yen_day": 65927.154264208773, "roi_operating_savings_yen_day": 9205.5348575366952, "roi_emissions_avoided_kg_day": 48.985654174366367, "roi_health_benefit_yen_day": 5652.190866273042, "roi_parking_spaces_freed": 3.7681272441820286 }, "geometry": { "type": "Polygon", "coordinates": [ [ [ 139.643375306214438, 35.431365364793685 ], [ 139.642809892873146, 35.433117494144206 ], [ 139.640833653404371, 35.433590941115625 ], [ 139.639422923147919, 35.432312277606329 ], [ 139.639988385499578, 35.430560201404532 ], [ 139.641964529100505, 35.430086735563577 ], [ 139.643375306214438, 35.431365364793685 ] ] ] } },
{ "type": "Feature", "properties": { "hex_id": "892f5aa6a0fffff", "population": 0.0, "production_score": 0.0, "attraction_score": 0.0, "demand_score": 0.2, "stress_score": 2.0, "infra_quality_score": 0.66666666666666674, "gap_score": -0.46666666666666679, "schools_nearby": 0, "stations_nearby": 0, "shops_nearby": 0, "bike_parking_nearby": 0, "bike_parking_capacity_nearby": 0.0, "bike_sharing_nearby": 0, "bike_sharing_capacity_nearby": 0.0, "flat_terrain": 1, "roi_car_trips_per_day": 0.0, "roi_congestion_cost_yen_day": 0.0, "roi_operating_cost_yen_day": 0.0, "roi_emissions_kg_day": 0.0, "roi_shifted_trips_per_day": 0.0, "roi_congestion_savings_yen_day": 0.0, "roi_operating_savings_yen_day": 0.0, "roi_emissions_avoided_kg_day": 0.0, "roi_health_benefit_yen_day": 0.0, "roi_parking_spaces_freed": 0.0 }, "geometry": { "type": "Polygon", "coordinates": [ [ [ 139.692509140295897, 35.437372790885149 ], [ 139.691944481600956, 35.439125692041713 ], [ 139.68996716643133, 35.439600017328026 ], [ 139.688554605880284, 35.438321460237802 ], [ 139.689119313744015, 35.436568612194726 ], [ 139.691096532993157, 35.436094268128706 ], [ 139.692509140295897, 35.437372790885149 ] ] ] } },
{ "type": "Feature", "properties": { "hex_id": "892f5aa4d77ffff", "population": 533.05969761879044, "production_score": 0.18893075926898115, "attraction_score": 0.47894103489771361, "demand_score": 0.30042179462500979, "stress_score": 2.3333333333333335, "infra_quality_score": 0.55555555555555558, "gap_score": -0.25513376093054579, "schools_nearby": 4, "stations_nearby": 3, "shops_nearby": 377, "bike_parking_nearby": 0, "bike_parking_capacity_nearby": 0.0, "bike_sharing_nearby": 2, "bike_sharing_capacity_nearby": 18.0, "flat_terrain": 0, "roi_car_trips_per_day": 373.14178833315327, "roi_congestion_cost_yen_day": 130569.774573537, "roi_operating_cost_yen_day": 18231.707777957869, "roi_emissions_kg_day": 97.016864966619849, "roi_shifted_trips_per_day": 74.628357666630663, "roi_congestion_savings_yen_day": 26113.954914707403, "roi_operating_savings_yen_day": 3646.341555591574, "roi_emissions_avoided_kg_day": 19.403372993323973, "roi_health_benefit_yen_day": 2238.8507299989201, "roi_parking_spaces_freed": 1.4925671533326133 }, "geometry": { "type": "Polygon", "coordinates": [ [ [ 139.648449172835711, 35.449550764506178 ], [ 139.647883704571314, 35.45130296912491 ], [ 139.645906889718987, 35.451776302874691 ], [ 139.644495639052536, 35.450497450876831 ], [ 139.645061156366722, 35.44874529939861 ], [ 139.647037875300754, 35.448271946778021 ], [ 139.648449172835711, 35.449550764506178 ] ] ] } },
{ "type": "Feature", "properties": { "hex_id": "892f5869b23ffff", "population": 869.47012896896058, "production_score": 0.3081637054191248, "attraction_score": 0.1588447653429603, "demand_score": 0.38011963143339644, "stress_score": 2.3333333333333335, "infra_quality_score": 0.55555555555555558, "gap_score": -0.17543592412215914, "schools_nearby": 2, "stations_nearby": 3, "shops_nearby": 117, "bike_parking_nearby": 2, "bike_parking_capacity_nearby": 8.0, "bike_sharing_nearby": 6, "bike_sharing_capacity_nearby": 35.0, "flat_terrain": 1, "roi_car_trips_per_day": 608.62909027827232, "roi_congestion_cost_yen_day": 212971.49127017305, "roi_operating_cost_yen_day": 29737.617350996385, "roi_emissions_kg_day": 158.24356347235081, "roi_shifted_trips_per_day": 121.72581805565447, "roi_congestion_savings_yen_day": 42594.298254034613, "roi_operating_savings_yen_day": 5947.5234701992777, "roi_emissions_avoided_kg_day": 31.648712694470163, "roi_health_benefit_yen_day": 3651.7745416696343, "roi_parking_spaces_freed": 2.4345163611130896 }, "geometry": { "type": "Polygon", "coordinates": [ [ [ 139.626474637259747, 35.382074365500408 ], [ 139.625909321640705, 35.383826239363131 ], [ 139.623934699534317, 35.384299932331885 ], [ 139.622525488778791, 35.383021770310236 ], [ 139.623090853291927, 35.381269949620453 ], [ 139.625065379669621, 35.380796237779712 ], [ 139.626474637259747, 35.382074365500408 ] ] ] } },
{ "type": "Feature", "properties": { "hex_id": "892f5869b2bffff", "population": 324.95285180691224, "production_score": 0.11517207039427194, "attraction_score": 0.16726835138387486, "demand_score": 0.31885414762235137, "stress_score": 2.4, "infra_quality_score": 0.53333333333333344, "gap_score": -0.21447918571098207, "schools_nearby": 2, "stations_nearby": 3, "shops_nearby": 124, "bike_parking_nearby": 0, "bike_parking_capacity_nearby": 0.0, "bike_sharing_nearby": 2, "bike_sharing_capacity_nearby": 4.0, "flat_terrain": 1, "roi_car_trips_per_day": 227.4669962648386, "roi_congestion_cost_yen_day": 79595.251332992324, "roi_operating_cost_yen_day": 11114.037437500014, "roi_emissions_kg_day": 59.141419028858039, "roi_shifted_trips_per_day": 45.49339925296772, "roi_congestion_savings_yen_day": 15919.050266598466, "roi_operating_savings_yen_day": 2222.8074875000029, "roi_emissions_avoided_kg_day": 11.828283805771608, "roi_health_benefit_yen_day": 1364.8019775890316, "roi_parking_spaces_freed": 0.9098679850593544 }, "geometry": { "type": "Polygon", "coordinates": [ [ [ 139.62731866578352, 35.385104398671821 ], [ 139.626753340986596, 35.386856285248975 ], [ 139.624778623143158, 35.387329959345522 ], [ 139.623369325836791, 35.386051765737442 ], [ 139.623934699534317, 35.384299932331885 ], [ 139.625909321640705, 35.383826239363131 ], [ 139.62731866578352, 35.385104398671821 ] ] ] } },
{ "type": "Feature", "properties": { "hex_id": "892f5869b3bffff", "population": 135.61975108259512, "production_score": 0.048067304015597591, "attraction_score": 0.1022864019253911, "demand_score": 0.30976665422220317, "stress_score": 3.1428571428571428, "infra_quality_score": 0.2857142857142857, "gap_score": 0.024052368507917476, "schools_nearby": 1, "stations_nearby": 2, "shops_nearby": 76, "bike_parking_nearby": 0, "bike_parking_capacity_nearby": 0.0, "bike_sharing_nearby": 2, "bike_sharing_capacity_nearby": 4.0, "flat_terrain": 1, "roi_car_trips_per_day": 94.933825757816578, "roi_congestion_cost_yen_day": 33219.244309175177, "roi_operating_cost_yen_day": 4638.4667265269181, "roi_emissions_kg_day": 24.68279469703231, "roi_shifted_trips_per_day": 18.986765151563315, "roi_congestion_savings_yen_day": 6643.8488618350357, "roi_operating_savings_yen_day": 927.69334530538356, "roi_emissions_avoided_kg_day": 4.9365589394064617, "roi_health_benefit_yen_day": 569.60295454689947, "roi_parking_spaces_freed": 0.37973530303126629 }, "geometry": { "type": "Polygon", "coordinates": [ [ [ 139.629858639089861, 35.382878722780532 ], [ 139.62929337237631, 35.384630649813701 ], [ 139.62731866578352, 35.385104398671821 ], [ 139.625909321640705, 35.383826239363131 ], [ 139.626474637259747, 35.382074365500408 ], [ 139.628449248119239, 35.381600597776249 ], [ 139.629858639089861, 35.382878722780532 ] ] ] } },
{ "type": "Feature", "properties": { "hex_id": "892f5869b43ffff", "population": 1.1065130240108199, "production_score": 0.00039217811194738384, "attraction_score": 0.0, "demand_score": null, "stress_score": 4.0, "infra_quality_score": 0.0, "gap_score": null, "schools_nearby": 0, "stations_nearby": 0, "shops_nearby": 0, "bike_parking_nearby": 0, "bike_parking_capacity_nearby": 0.0, "bike_sharing_nearby": 0, "bike_sharing_capacity_nearby": 0.0, "flat_terrain": null, "roi_car_trips_per_day": 0.77455911680757383, "roi_congestion_cost_yen_day": 271.03372615330625, "roi_operating_cost_yen_day": 37.844958447218055, "roi_emissions_kg_day": 0.2013853703699692, "roi_shifted_trips_per_day": 0.15491182336151477, "roi_congestion_savings_yen_day": 54.206745230661248, "roi_operating_savings_yen_day": 7.5689916894436111, "roi_emissions_avoided_kg_day": 0.040277074073993842, "roi_health_benefit_yen_day": 4.647354700845443, "roi_parking_spaces_freed": 0.0030982364672302956 }, "geometry": { "type": "Polygon", "coordinates": [ [ [ 139.640856709535711, 35.388321677711772 ], [ 139.640291580455511, 35.390073776950217 ], [ 139.638316524689714, 35.390547674677194 ], [ 139.636906693763024, 35.389269492014499 ], [ 139.637471871789501, 35.387517445937632 ], [ 139.639446831799603, 35.387043529362167 ], [ 139.640856709535711, 35.388321677711772 ] ] ] } },
{ "type": "Feature", "properties": { "hex_id": "892f5869b4bffff", "population": 0.52637857991619763, "production_score": 0.00018656279064191195, "attraction_score": 0.0, "demand_score": null, "stress_score": 4.0, "infra_quality_score": 0.0, "gap_score": null, "schools_nearby": 0, "stations_nearby": 0, "shops_nearby": 0, "bike_parking_nearby": 0, "bike_parking_capacity_nearby": 0.0, "bike_sharing_nearby": 0, "bike_sharing_capacity_nearby": 0.0, "flat_terrain": null, "roi_car_trips_per_day": 0.3684650059413383, "roi_congestion_cost_yen_day": 128.9332748789931, "roi_operating_cost_yen_day": 18.003200190293789, "roi_emissions_kg_day": 0.095800901544747963, "roi_shifted_trips_per_day": 0.073693001188267659, "roi_congestion_savings_yen_day": 25.786654975798619, "roi_operating_savings_yen_day": 3.6006400380587578, "roi_emissions_avoided_kg_day": 0.01916018030894959, "roi_health_benefit_yen_day": 2.2107900356480297, "roi_parking_spaces_freed": 0.0014738600237653532 }, "geometry": { "type": "Polygon", "coordinates": [ [ [ 139.641701544798394, 35.391351956849732 ], [ 139.641136406567426, 35.39310406878807 ], [ 139.639161255037664, 35.393577947666408 ], [ 139.637751337505961, 35.392299733455339 ], [ 139.638316524689714, 35.390547674677194 ], [ 139.640291580455511, 35.390073776950217 ], [ 139.641701544798394, 35.391351956849732 ] ] ] } },
{ "type": "Feature", "properties": { "hex_id": "892f5869b63ffff", "population": 0.0, "production_score": 0.0, "attraction_score": 0.036101083032490974, "demand_score": 0.21263537906137181, "stress_score": 2.0, "infra_quality_score": 0.66666666666666674, "gap_score": -0.45403128760529493, "schools_nearby": 0, "stations_nearby": 2, "shops_nearby": 24, "bike_parking_nearby": 0, "bike_parking_capacity_nearby": 0.0, "bike_sharing_nearby": 0, "bike_sharing_capacity_nearby": 0.0, "flat_terrain": 1, "roi_car_trips_per_day": 0.0, "roi_congestion_cost_yen_day": 0.0, "roi_operating_cost_yen_day": 0.0, "roi_emissions_kg_day": 0.0, "roi_shifted_trips_per_day": 0.0, "roi_congestion_savings_yen_day": 0.0, "roi_operating_savings_yen_day": 0.0, "roi_emissions_avoided_kg_day": 0.0, "roi_health_benefit_yen_day": 0.0, "roi_parking_spaces_freed": 0.0 }, "geometry": { "type": "Polygon", "coordinates": [ [ [ 139.631547138133669, 35.388938934301798 ], [ 139.630981853078481, 35.390690886752004 ], [ 139.629006954993827, 35.391164597877371 ], [ 139.627597437717668, 35.389886375419294 ], [ 139.62816277169145, 35.388134476136813 ], [ 139.63013757402598, 35.387660746144974 ], [ 139.631547138133669, 35.388938934301798 ] ] ] } },
{ "type": "Feature", "properties": { "hex_id": "892f5869b6bffff", "population": 0.0, "production_score": 0.0, "attraction_score": 0.0, "demand_score": 0.2, "stress_score": 2.0, "infra_quality_score": 0.66666666666666674, "gap_score": -0.46666666666666679, "schools_nearby": 0, "stations_nearby": 0, "shops_nearby": 0, "bike_parking_nearby": 0, "bike_parking_capacity_nearby": 0.0, "bike_sharing_nearby": 0, "bike_sharing_capacity_nearby": 0.0, "flat_terrain": 1, "roi_car_trips_per_day": 0.0, "roi_congestion_cost_yen_day": 0.0, "roi_operating_cost_yen_day": 0.0, "roi_emissions_kg_day": 0.0, "roi_shifted_trips_per_day": 0.0, "roi_congestion_savings_yen_day": 0.0, "roi_operating_savings_yen_day": 0.0, "roi_emissions_avoided_kg_day": 0.0, "roi_health_benefit_yen_day": 0.0, "roi_parking_spaces_freed": 0.0 }, "geometry": { "type": "Polygon", "coordinates": [ [ [ 139.632391503768758, 35.391969106471812 ], [ 139.63182620954413, 35.393721071616923 ], [ 139.629851215700967, 35.394194763875568 ], [ 139.628441611844067, 35.392916509856086 ], [ 139.629006954993827, 35.391164597877371 ], [ 139.630981853078481, 35.390690886752004 ], [ 139.632391503768758, 35.391969106471812 ] ] ] } },
{ "type": "Feature", "properties": { "hex_id": "892f5869b73ffff", "population": 0.0, "production_score": 0.0, "attraction_score": 0.0, "demand_score": 0.2, "stress_score": 2.0, "infra_quality_score": 0.66666666666666674, "gap_score": -0.46666666666666679, "schools_nearby": 0, "stations_nearby": 0, "shops_nearby": 0, "bike_parking_nearby": 0, "bike_parking_capacity_nearby": 0.0, "bike_sharing_nearby": 0, "bike_sharing_capacity_nearby": 0.0, "flat_terrain": 1, "roi_car_trips_per_day": 0.0, "roi_congestion_cost_yen_day": 0.0, "roi_operating_cost_yen_day": 0.0, "roi_emissions_kg_day": 0.0, "roi_shifted_trips_per_day": 0.0, "roi_congestion_savings_yen_day": 0.0, "roi_operating_savings_yen_day": 0.0, "roi_emissions_avoided_kg_day": 0.0, "roi_health_benefit_yen_day": 0.0, "roi_parking_spaces_freed": 0.0 }, "geometry": { "type": "Polygon", "coordinates": [ [ [ 139.634087251913712, 35.386713155493617 ], [ 139.633522024952299, 35.388465148406446 ], [ 139.631547138133669, 35.388938934301798 ], [ 139.63013757402598, 35.387660746144974 ], [ 139.630702849910818, 35.385908806398689 ], [ 139.632677640983076, 35.385435001643025 ], [ 139.634087251913712, 35.386713155493617 ] ] ] } },
{ "type": "Feature", "properties": { "hex_id": "892f5869b7bffff", "population": 0.0, "production_score": 0.0, "attraction_score": 0.0, "demand_score": 0.05, "stress_score": 2.0, "infra_quality_score": 0.66666666666666674, "gap_score": -0.6166666666666667, "schools_nearby": 0, "stations_nearby": 0, "shops_nearby": 0, "bike_parking_nearby": 0, "bike_parking_capacity_nearby": 0.0, "bike_sharing_nearby": 0, "bike_sharing_capacity_nearby": 0.0, "flat_terrain": 0, "roi_car_trips_per_day": 0.0, "roi_congestion_cost_yen_day": 0.0, "roi_operating_cost_yen_day": 0.0, "roi_emissions_kg_day": 0.0, "roi_shifted_trips_per_day": 0.0, "roi_congestion_savings_yen_day": 0.0, "roi_operating_savings_yen_day": 0.0, "roi_emissions_avoided_kg_day": 0.0, "roi_health_benefit_yen_day": 0.0, "roi_parking_spaces_freed": 0.0 }, "geometry": { "type": "Polygon", "coordinates": [ [ [ 139.634931722467314, 35.389743333821571 ], [ 139.634366486342117, 35.391495339437022 ], [ 139.632391503768758, 35.391969106471812 ], [ 139.630981853078481, 35.390690886752004 ], [ 139.631547138133669, 35.388938934301798 ], [ 139.633522024952299, 35.388465148406446 ], [ 139.634931722467314, 35.389743333821571 ] ] ] } },
{ "type": "Feature", "properties": { "hex_id": "892f5bd3007ffff", "population": 1463.8339485809111, "production_score": 0.51882230186323763, "attraction_score": 0.070998796630565589, "demand_score": 0.4023557518197699, "stress_score": 1.9183673469387754, "infra_quality_score": 0.69387755102040827, "gap_score": -0.29152179920063837, "schools_nearby": 9, "stations_nearby": 0, "shops_nearby": 32, "bike_parking_nearby": 0, "bike_parking_capacity_nearby": 0.0, "bike_sharing_nearby": 0, "bike_sharing_capacity_nearby": 0.0, "flat_terrain": 1, "roi_car_trips_per_day": 1024.6837640066376, "roi_congestion_cost_yen_day": 358557.34270120267, "roi_operating_cost_yen_day": 50066.04870936431, "roi_emissions_kg_day": 266.41777864172576, "roi_shifted_trips_per_day": 204.93675280132754, "roi_congestion_savings_yen_day": 71711.46854024053, "roi_operating_savings_yen_day": 10013.209741872864, "roi_emissions_avoided_kg_day": 53.283555728345164, "roi_health_benefit_yen_day": 6148.1025840398261, "roi_parking_spaces_freed": 4.098735056026551 }, "geometry": { "type": "Polygon", "coordinates": [ [ [ 139.62052445266167, 35.417442303221527 ], [ 139.619958773022063, 35.419194075860503 ], [ 139.617983328517511, 35.419667243763413 ], [ 139.61657365947039, 35.418388657932226 ], [ 139.617139388032058, 35.41663693846111 ], [ 139.619114736721912, 35.416163751653649 ], [ 139.62052445266167, 35.417442303221527 ] ] ] } },
{ "type": "Feature", "properties": { "hex_id": "892f5bd300fffff", "population": 1485.3123791270098, "production_score": 0.52643483796211643, "attraction_score": 0.058965102286401928, "demand_score": 0.25125361545061781, "stress_score": 1.9272727272727272, "infra_quality_score": 0.69090909090909092, "gap_score": -0.43965547545847311, "schools_nearby": 8, "stations_nearby": 0, "shops_nearby": 25, "bike_parking_nearby": 5, "bike_parking_capacity_nearby": 20.0, "bike_sharing_nearby": 2, "bike_sharing_capacity_nearby": 16.0, "flat_terrain": 0, "roi_car_trips_per_day": 1039.7186653889069, "roi_congestion_cost_yen_day": 363818.35539288633, "roi_operating_cost_yen_day": 50800.653990901985, "roi_emissions_kg_day": 270.32685300111581, "roi_shifted_trips_per_day": 207.94373307778139, "roi_congestion_savings_yen_day": 72763.671078577274, "roi_operating_savings_yen_day": 10160.130798180398, "roi_emissions_avoided_kg_day": 54.065370600223162, "roi_health_benefit_yen_day": 6238.3119923334416, "roi_parking_spaces_freed": 4.158874661555628 }, "geometry": { "type": "Polygon", "coordinates": [ [ [ 139.621368575579936, 35.420472658937506 ], [ 139.620802886741927, 35.42222444417942 ], [ 139.618827346414321, 35.422697593177546 ], [ 139.617417590750904, 35.421418975838826 ], [ 139.617983328517511, 35.419667243763413 ], [ 139.619958773022063, 35.419194075860503 ], [ 139.621368575579936, 35.420472658937506 ] ] ] } },
{ "type": "Feature", "properties": { "hex_id": "892f5bd3017ffff", "population": 1225.3983397522284, "production_score": 0.43431427993999688, "attraction_score": 0.070998796630565589, "demand_score": 0.37685957679969684, "stress_score": 2.0, "infra_quality_score": 0.66666666666666674, "gap_score": -0.2898070898669699, "schools_nearby": 9, "stations_nearby": 0, "shops_nearby": 32, "bike_parking_nearby": 0, "bike_parking_capacity_nearby": 0.0, "bike_sharing_nearby": 0, "bike_sharing_capacity_nearby": 0.0, "flat_terrain": 1, "roi_car_trips_per_day": 857.77883782655977, "roi_congestion_cost_yen_day": 300153.97093226982, "roi_operating_cost_yen_day": 41911.074016205712, "roi_emissions_kg_day": 223.02249783490555, "roi_shifted_trips_per_day": 171.55576756531195, "roi_congestion_savings_yen_day": 60030.794186453961, "roi_operating_savings_yen_day": 8382.2148032411424, "roi_emissions_avoided_kg_day": 44.604499566981112, "roi_health_benefit_yen_day": 5146.673026959359, "roi_parking_spaces_freed": 3.4311153513062393 }, "geometry": { "type": "Polygon", "coordinates": [ [ [ 139.623065507442021, 35.415217247300802 ], [ 139.622499885928733, 35.416969060494466 ], [ 139.62052445266167, 35.417442303221527 ], [ 139.619114736721912, 35.416163751653649 ], [ 139.619680407162207, 35.414411991626707 ], [ 139.621655744618351, 35.413938730001234 ], [ 139.623065507442021, 35.415217247300802 ] ] ] } },
{ "type": "Feature", "properties": { "hex_id": "892f5bd3027ffff", "population": 1392.1214534978033, "production_score": 0.4934054560471921, "attraction_score": 0.036101083032490974, "demand_score": 0.23532728867788905, "stress_score": 2.0, "infra_quality_score": 0.66666666666666674, "gap_score": -0.43133937798877769, "schools_nearby": 6, "stations_nearby": 0, "shops_nearby": 12, "bike_parking_nearby": 0, "bike_parking_capacity_nearby": 0.0, "bike_sharing_nearby": 0, "bike_sharing_capacity_nearby": 0.0, "flat_terrain": 0, "roi_car_trips_per_day": 974.48501744846237, "roi_congestion_cost_yen_day": 340991.79730556597, "roi_operating_cost_yen_day": 47613.337952531874, "roi_emissions_kg_day": 253.36610453660023, "roi_shifted_trips_per_day": 194.89700348969248, "roi_congestion_savings_yen_day": 68198.359461113199, "roi_operating_savings_yen_day": 9522.6675905063748, "roi_emissions_avoided_kg_day": 50.673220907320044, "roi_health_benefit_yen_day": 5846.9101046907745, "roi_parking_spaces_freed": 3.8979400697938495 }, "geometry": { "type": "Polygon", "coordinates": [ [ [ 139.61121348869392, 35.418056237419705 ], [ 139.610647653104252, 35.419807863154531 ], [ 139.608672366578077, 35.420280844407614 ], [ 139.607263011453767, 35.419002218848775 ], [ 139.607828895937757, 35.417250646288011 ], [ 139.609804086654833, 35.41677764611233 ], [ 139.61121348869392, 35.418056237419705 ] ] ] } },
{ "type": "Feature", "properties": { "hex_id": "892f5bd3037ffff", "population": 1338.62639340087, "production_score": 0.47444536139662796, "attraction_score": 0.043321299638989168, "demand_score": 0.22191600578107062, "stress_score": 1.8139534883720929, "infra_quality_score": 0.72868217054263562, "gap_score": -0.506766164761565, "schools_nearby": 8, "stations_nearby": 0, "shops_nearby": 12, "bike_parking_nearby": 0, "bike_parking_capacity_nearby": 0.0, "bike_sharing_nearby": 2, "bike_sharing_capacity_nearby": 8.0, "flat_terrain": 0, "roi_car_trips_per_day": 937.03847538060916, "roi_congestion_cost_yen_day": 327888.50330518279, "roi_operating_cost_yen_day": 45783.699907096561, "roi_emissions_kg_day": 243.63000359895838, "roi_shifted_trips_per_day": 187.40769507612185, "roi_congestion_savings_yen_day": 65577.700661036564, "roi_operating_savings_yen_day": 9156.7399814193141, "roi_emissions_avoided_kg_day": 48.726000719791685, "roi_health_benefit_yen_day": 5622.2308522836556, "roi_parking_spaces_freed": 3.748153901522437 }, "geometry": { "type": "Polygon", "coordinates": [ [ [ 139.613754541486145, 35.415831515042463 ], [ 139.613188764013785, 35.417583181343183 ], [ 139.61121348869392, 35.418056237419705 ], [ 139.609804086654833, 35.41677764611233 ], [ 139.61036991302646, 35.415026032984528 ], [ 139.612345092541005, 35.414552957991532 ], [ 139.613754541486145, 35.415831515042463 ] ] ] } },
{ "type": "Feature", "properties": { "hex_id": "892f5bd3047ffff", "population": 1493.7893363849757, "production_score": 0.52943930064836431, "attraction_score": 0.028880866425992781, "demand_score": 0.40593837426549867, "stress_score": 2.2105263157894739, "infra_quality_score": 0.59649122807017529, "gap_score": -0.19055285380467663, "schools_nearby": 2, "stations_nearby": 0, "shops_nearby": 18, "bike_parking_nearby": 7, "bike_parking_capacity_nearby": 28.0, "bike_sharing_nearby": 0, "bike_sharing_capacity_nearby": 0.0, "flat_terrain": 1, "roi_car_trips_per_day": 1045.6525354694832, "roi_congestion_cost_yen_day": 365894.73521148157, "roi_operating_cost_yen_day": 51090.582883038944, "roi_emissions_kg_day": 271.86965922206565, "roi_shifted_trips_per_day": 209.13050709389665, "roi_congestion_savings_yen_day": 73178.94704229632, "roi_operating_savings_yen_day": 10218.11657660779, "roi_emissions_avoided_kg_day": 54.373931844413129, "roi_health_benefit_yen_day": 6273.9152128168998, "roi_parking_spaces_freed": 4.1826101418779329 }, "geometry": { "type": "Polygon", "coordinates": [ [ [ 139.6255984235531, 35.424308465632052 ], [ 139.625032774464302, 35.426060316630462 ], [ 139.623057053714007, 35.426533502660988 ], [ 139.621647077891851, 35.425254856592431 ], [ 139.622212775927267, 35.423503058756644 ], [ 139.624188400841405, 35.423029853827053 ], [ 139.6255984235531, 35.424308465632052 ] ] ] } },
{ "type": "Feature", "properties": { "hex_id": "892f5bd3057ffff", "population": 1004.5650085968333, "production_score": 0.35604498080996932, "attraction_score": 0.055354993983152828, "demand_score": 0.2110354457230473, "stress_score": 2.3409090909090908, "infra_quality_score": 0.55303030303030298, "gap_score": -0.34199485730725565, "schools_nearby": 7, "stations_nearby": 0, "shops_nearby": 25, "bike_parking_nearby": 0, "bike_parking_capacity_nearby": 0.0, "bike_sharing_nearby": 3, "bike_sharing_capacity_nearby": 11.0, "flat_terrain": 0, "roi_car_trips_per_day": 703.19550601778326, "roi_congestion_cost_yen_day": 246062.17146574272, "roi_operating_cost_yen_day": 34358.132424028889, "roi_emissions_kg_day": 182.83083156462365, "roi_shifted_trips_per_day": 140.63910120355666, "roi_congestion_savings_yen_day": 49212.434293148552, "roi_operating_savings_yen_day": 6871.6264848057781, "roi_emissions_avoided_kg_day": 36.566166312924736, "roi_health_benefit_yen_day": 4219.1730361067002, "roi_parking_spaces_freed": 2.8127820240711334 }, "geometry": { "type": "Polygon", "coordinates": [ [ [ 139.628139723993087, 35.422083313195337 ], [ 139.627574133046693, 35.423835204762774 ], [ 139.6255984235531, 35.424308465632052 ], [ 139.624188400841405, 35.423029853827053 ], [ 139.624754040739276, 35.421278015421123 ], [ 139.626729654400521, 35.420804735658976 ], [ 139.628139723993087, 35.422083313195337 ] ] ] } },
{ "type": "Feature", "properties": { "hex_id": "892f5bd3077ffff", "population": 1485.250125917006, "production_score": 0.5264127737425075, "attraction_score": 0.045728038507821901, "demand_score": 0.24214117617950714, "stress_score": 1.8378378378378379, "infra_quality_score": 0.72072072072072069, "gap_score": -0.47857954454121354, "schools_nearby": 7, "stations_nearby": 0, "shops_nearby": 17, "bike_parking_nearby": 2, "bike_parking_capacity_nearby": 8.0, "bike_sharing_nearby": 2, "bike_sharing_capacity_nearby": 16.0, "flat_terrain": 0, "roi_car_trips_per_day": 1039.6750881419041, "roi_congestion_cost_yen_day": 363803.10684261512, "roi_operating_cost_yen_day": 50798.524806613437, "roi_emissions_kg_day": 270.31552291689508, "roi_shifted_trips_per_day": 207.93501762838082, "roi_congestion_savings_yen_day": 72760.621368523018, "roi_operating_savings_yen_day": 10159.704961322686, "roi_emissions_avoided_kg_day": 54.063104583379015, "roi_health_benefit_yen_day": 6238.050528851425, "roi_parking_spaces_freed": 4.1587003525676165 }, "geometry": { "type": "Polygon", "coordinates": [ [ [ 139.618827346414321, 35.422697593177546 ], [ 139.618261599443713, 35.424449337848152 ], [ 139.616286047882738, 35.424922412012059 ], [ 139.614876339122361, 35.423643760416624 ], [ 139.615442135016764, 35.421892068913671 ], [ 139.617417590750904, 35.421418975838826 ], [ 139.618827346414321, 35.422697593177546 ] ] ] } },
{ "type": "Feature", "properties": { "hex_id": "892f5bd3087ffff", "population": 1180.8813851899754, "production_score": 0.41853626846518471, "attraction_score": 0.056558363417569195, "demand_score": 0.38224056796747446, "stress_score": 2.3191489361702127, "infra_quality_score": 0.56028368794326244, "gap_score": -0.17804311997578798, "schools_nearby": 8, "stations_nearby": 0, "shops_nearby": 23, "bike_parking_nearby": 0, "bike_parking_capacity_nearby": 0.0, "bike_sharing_nearby": 4, "bike_sharing_capacity_nearby": 13.0, "flat_terrain": 1, "roi_car_trips_per_day": 826.61696963298289, "roi_congestion_cost_yen_day": 289249.81001397339, "roi_operating_cost_yen_day": 40388.505136267544, "roi_emissions_kg_day": 214.92041210457555, "roi_shifted_trips_per_day": 165.32339392659659, "roi_congestion_savings_yen_day": 57849.96200279468, "roi_operating_savings_yen_day": 8077.7010272535099, "roi_emissions_avoided_kg_day": 42.984082420915115, "roi_health_benefit_yen_day": 4959.701817797898, "roi_parking_spaces_freed": 3.3064678785319321 }, "geometry": { "type": "Polygon", "coordinates": [ [ [ 139.624762237352087, 35.409961751875812 ], [ 139.624196683152491, 35.411713592987759 ], [ 139.622221356937928, 35.412186929427328 ], [ 139.620811680724927, 35.410908443647344 ], [ 139.621377283849853, 35.40915665570234 ], [ 139.623352514265662, 35.408683300370733 ], [ 139.624762237352087, 35.409961751875812 ] ] ] } },
{ "type": "Feature", "properties": { "hex_id": "892f5bd308fffff", "population": 1125.2901138152374, "production_score": 0.3988332199014416, "attraction_score": 0.073405535499398308, "demand_score": 0.38308017455978544, "stress_score": 2.3559322033898304, "infra_quality_score": 0.54802259887005644, "gap_score": -0.16494242431027101, "schools_nearby": 9, "stations_nearby": 0, "shops_nearby": 34, "bike_parking_nearby": 0, "bike_parking_capacity_nearby": 0.0, "bike_sharing_nearby": 6, "bike_sharing_capacity_nearby": 19.0, "flat_terrain": 1, "roi_car_trips_per_day": 787.70307967066617, "roi_congestion_cost_yen_day": 275633.0616383595, "roi_operating_cost_yen_day": 38487.172472708749, "roi_emissions_kg_day": 204.80280071437321, "roi_shifted_trips_per_day": 157.54061593413326, "roi_congestion_savings_yen_day": 55126.612327671908, "roi_operating_savings_yen_day": 7697.4344945417506, "roi_emissions_avoided_kg_day": 40.960560142874648, "roi_health_benefit_yen_day": 4726.2184780239977, "roi_parking_spaces_freed": 3.1508123186826653 }, "geometry": { "type": "Polygon", "coordinates": [ [ [ 139.625606492851432, 35.412992076014021 ], [ 139.625040929463694, 35.414743929753456 ], [ 139.623065507442021, 35.415217247300802 ], [ 139.621655744618351, 35.413938730001234 ], [ 139.622221356937928, 35.412186929427328 ], [ 139.624196683152491, 35.411713592987759 ], [ 139.625606492851432, 35.412992076014021 ] ] ] } },
{ "type": "Feature", "properties": { "hex_id": "892f5bd3097ffff", "population": 576.04321686466938, "production_score": 0.20416527983666496, "attraction_score": 0.040914560770156441, "demand_score": 0.32370897869514614, "stress_score": 2.7586206896551726, "infra_quality_score": 0.4137931034482758, "gap_score": -0.090084124753129657, "schools_nearby": 4, "stations_nearby": 1, "shops_nearby": 19, "bike_parking_nearby": 0, "bike_parking_capacity_nearby": 0.0, "bike_sharing_nearby": 0, "bike_sharing_capacity_nearby": 0.0, "flat_terrain": 1, "roi_car_trips_per_day": 403.23025180526855, "roi_congestion_cost_yen_day": 141098.32971169957, "roi_operating_cost_yen_day": 19701.830103205422, "roi_emissions_kg_day": 104.83986546936983, "roi_shifted_trips_per_day": 80.64605036105371, "roi_congestion_savings_yen_day": 28219.665942339914, "roi_operating_savings_yen_day": 3940.3660206410841, "roi_emissions_avoided_kg_day": 20.967973093873965, "roi_health_benefit_yen_day": 2419.3815108316112, "roi_parking_spaces_freed": 1.6129210072210742 }, "geometry": { "type": "Polygon", "coordinates": [ [ [ 139.627303048397494, 35.407736458984935 ], [ 139.626737552317081, 35.409488340626005 ], [ 139.624762237352087, 35.409961751875812 ], [ 139.623352514265662, 35.408683300370733 ], [ 139.623918059276207, 35.406931471895412 ], [ 139.625893278446256, 35.406458041759734 ], [ 139.627303048397494, 35.407736458984935 ] ] ] } },
{ "type": "Feature", "properties": { "hex_id": "892f5bd30a7ffff", "population": 1209.1711891224381, "production_score": 0.42856293932476458, "attraction_score": 0.063778580024067388, "demand_score": 0.22115674107441677, "stress_score": 1.9767441860465116, "infra_quality_score": 0.67441860465116288, "gap_score": -0.45326186357674614, "schools_nearby": 10, "stations_nearby": 0, "shops_nearby": 23, "bike_parking_nearby": 0, "bike_parking_capacity_nearby": 0.0, "bike_sharing_nearby": 2, "bike_sharing_capacity_nearby": 4.0, "flat_terrain": 0, "roi_car_trips_per_day": 846.41983238570685, "roi_congestion_cost_yen_day": 296179.22774840653, "roi_operating_cost_yen_day": 41356.073010365639, "roi_emissions_kg_day": 220.0691564202838, "roi_shifted_trips_per_day": 169.28396647714138, "roi_congestion_savings_yen_day": 59235.845549681311, "roi_operating_savings_yen_day": 8271.214602073127, "roi_emissions_avoided_kg_day": 44.013831284056756, "roi_health_benefit_yen_day": 5078.5189943142414, "roi_parking_spaces_freed": 3.3856793295428278 }, "geometry": { "type": "Polygon", "coordinates": [ [ [ 139.615451739254041, 35.410576460263975 ], [ 139.614886029105037, 35.41232815449915 ], [ 139.612910860800923, 35.412801304305596 ], [ 139.61150149844218, 35.411522778787216 ], [ 139.612067257488746, 35.409771137725151 ], [ 139.614042329999677, 35.409297969008634 ], [ 139.615451739254041, 35.410576460263975 ] ] ] } },
{ "type": "Feature", "properties": { "hex_id": "892f5bd30afffff", "population": 1181.4957135645286, "production_score": 0.41875400303931082, "attraction_score": 0.067388688327316482, "demand_score": 0.21333176016013772, "stress_score": 1.8636363636363635, "infra_quality_score": 0.71212121212121215, "gap_score": -0.49878945196107444, "schools_nearby": 10, "stations_nearby": 0, "shops_nearby": 26, "bike_parking_nearby": 0, "bike_parking_capacity_nearby": 0.0, "bike_sharing_nearby": 2, "bike_sharing_capacity_nearby": 8.0, "flat_terrain": 0, "roi_car_trips_per_day": 827.0469994951701, "roi_congestion_cost_yen_day": 289400.28606334992, "roi_operating_cost_yen_day": 40409.516395334009, "roi_emissions_kg_day": 215.03221986874422, "roi_shifted_trips_per_day": 165.40939989903404, "roi_congestion_savings_yen_day": 57880.057212669992, "roi_operating_savings_yen_day": 8081.9032790668034, "roi_emissions_avoided_kg_day": 43.006443973748851, "roi_health_benefit_yen_day": 4962.2819969710217, "roi_parking_spaces_freed": 3.308187997980681 }, "geometry": { "type": "Polygon", "coordinates": [ [ [ 139.616295524947674, 35.413606677288641 ], [ 139.615729805591855, 35.415358384146344 ], [ 139.613754541486145, 35.415831515042463 ], [ 139.612345092541005, 35.414552957991532 ], [ 139.612910860800923, 35.412801304305596 ], [ 139.614886029105037, 35.41232815449915 ], [ 139.616295524947674, 35.413606677288641 ] ] ] } },
{ "type": "Feature", "properties": { "hex_id": "892f5bd30b7ffff", "population": 1170.2605344978679, "production_score": 0.41477195202125544, "attraction_score": 0.086642599277978335, "demand_score": 0.22164893910857797, "stress_score": 1.9230769230769231, "infra_quality_score": 0.69230769230769229, "gap_score": -0.47065875319911432, "schools_nearby": 9, "stations_nearby": 1, "shops_nearby": 42, "bike_parking_nearby": 0, "bike_parking_capacity_nearby": 0.0, "bike_sharing_nearby": 2, "bike_sharing_capacity_nearby": 4.0, "flat_terrain": 0, "roi_car_trips_per_day": 819.18237414850751, "roi_congestion_cost_yen_day": 286648.29636204574, "roi_operating_cost_yen_day": 40025.250800896079, "roi_emissions_kg_day": 212.98741727861196, "roi_shifted_trips_per_day": 163.8364748297015, "roi_congestion_savings_yen_day": 57329.659272409153, "roi_operating_savings_yen_day": 8005.0501601792157, "roi_emissions_avoided_kg_day": 42.59748345572239, "roi_health_benefit_yen_day": 4915.0942448910446, "roi_parking_spaces_freed": 3.2767294965940299 }, "geometry": { "type": "Polygon", "coordinates": [ [ [ 139.617992548378595, 35.408351500872435 ], [ 139.617426896339822, 35.410103235647981 ], [ 139.615451739254041, 35.410576460263975 ], [ 139.614042329999677, 35.409297969008634 ], [ 139.6146080309409, 35.407546287405061 ], [ 139.616583092237221, 35.407073043885148 ], [ 139.617992548378595, 35.408351500872435 ] ] ] } },
{ "type": "Feature", "properties": { "hex_id": "892f5bd30c7ffff", "population": 808.35827053126923, "production_score": 0.28650401164270956, "attraction_score": 0.081829121540312882, "demand_score": 0.32961104105850231, "stress_score": 2.0138888888888888, "infra_quality_score": 0.66203703703703698, "gap_score": -0.33242599597853467, "schools_nearby": 8, "stations_nearby": 1, "shops_nearby": 41, "bike_parking_nearby": 7, "bike_parking_capacity_nearby": 28.0, "bike_sharing_nearby": 0, "bike_sharing_capacity_nearby": 0.0, "flat_terrain": 1, "roi_car_trips_per_day": 565.85078937188837, "roi_congestion_cost_yen_day": 198002.5082170112, "roi_operating_cost_yen_day": 27647.469568710465, "roi_emissions_kg_day": 147.12120523669097, "roi_shifted_trips_per_day": 113.17015787437768, "roi_congestion_savings_yen_day": 39600.50164340224, "roi_operating_savings_yen_day": 5529.4939137420934, "roi_emissions_avoided_kg_day": 29.424241047338196, "roi_health_benefit_yen_day": 3395.1047362313302, "roi_parking_spaces_freed": 2.2634031574875535 }, "geometry": { "type": "Polygon", "coordinates": [ [ [ 139.629836362187149, 35.41682758258127 ], [ 139.629270838562064, 35.418579502100869 ], [ 139.627295236161643, 35.419052856691742 ], [ 139.625885253209617, 35.417774310649868 ], [ 139.626450825784502, 35.416022444291976 ], [ 139.628426332364739, 35.415549070814556 ], [ 139.629836362187149, 35.41682758258127 ] ] ] } },
{ "type": "Feature", "properties": { "hex_id": "892f5bd30cfffff", "population": 933.6123619620414, "production_score": 0.33089744581391445, "attraction_score": 0.074608904933814682, "demand_score": 0.19192722276170518, "stress_score": 2.0, "infra_quality_score": 0.66666666666666674, "gap_score": -0.47473944390496159, "schools_nearby": 7, "stations_nearby": 1, "shops_nearby": 38, "bike_parking_nearby": 0, "bike_parking_capacity_nearby": 0.0, "bike_sharing_nearby": 1, "bike_sharing_capacity_nearby": 5.0, "flat_terrain": 0, "roi_car_trips_per_day": 653.52865337342894, "roi_congestion_cost_yen_day": 228682.74638843027, "roi_operating_cost_yen_day": 31931.410003825738, "roi_emissions_kg_day": 169.91744987709154, "roi_shifted_trips_per_day": 130.70573067468578, "roi_congestion_savings_yen_day": 45736.549277686048, "roi_operating_savings_yen_day": 6386.2820007651471, "roi_emissions_avoided_kg_day": 33.983489975418301, "roi_health_benefit_yen_day": 3921.1719202405734, "roi_parking_spaces_freed": 2.6141146134937157 }, "geometry": { "type": "Polygon", "coordinates": [ [ [ 139.630680955026889, 35.419858045363632 ], [ 139.630115422222161, 35.421609977491194 ], [ 139.628139723993087, 35.422083313195337 ], [ 139.626729654400521, 35.420804735658976 ], [ 139.627295236161643, 35.419052856691742 ], [ 139.629270838562064, 35.418579502100869 ], [ 139.630680955026889, 35.419858045363632 ] ] ] } },
{ "type": "Feature", "properties": { "hex_id": "892f5bd30d7ffff", "population": 458.49012074679376, "production_score": 0.16250128647310649, "attraction_score": 0.067388688327316482, "demand_score": 0.31617577689443377, "stress_score": 2.7142857142857144, "infra_quality_score": 0.42857142857142849, "gap_score": -0.11239565167699472, "schools_nearby": 5, "stations_nearby": 1, "shops_nearby": 38, "bike_parking_nearby": 1, "bike_parking_capacity_nearby": 4.0, "bike_sharing_nearby": 0, "bike_sharing_capacity_nearby": 0.0, "flat_terrain": 1, "roi_car_trips_per_day": 320.94308452275561, "roi_congestion_cost_yen_day": 112304.40413620265, "roi_operating_cost_yen_day": 15681.279109781839, "roi_emissions_kg_day": 83.445201975916461, "roi_shifted_trips_per_day": 64.188616904551125, "roi_congestion_savings_yen_day": 22460.880827240529, "roi_operating_savings_yen_day": 3136.255821956368, "roi_emissions_avoided_kg_day": 16.689040395183294, "roi_health_benefit_yen_day": 1925.6585071365337, "roi_parking_spaces_freed": 1.2837723380910224 }, "geometry": { "type": "Polygon", "coordinates": [ [ [ 139.632377418808659, 35.414602193102489 ], [ 139.631811953318874, 35.416354153165564 ], [ 139.629836362187149, 35.41682758258127 ], [ 139.628426332364739, 35.415549070814556 ], [ 139.628991846809157, 35.413797163912029 ], [ 139.630967342124478, 35.413323715615959 ], [ 139.632377418808659, 35.414602193102489 ] ] ] } },
{ "type": "Feature", "properties": { "hex_id": "892f5bd31d7ffff", "population": 1294.7598624460027, "production_score": 0.45889787762169398, "attraction_score": 0.045728038507821901, "demand_score": 0.21779554123356584, "stress_score": 1.8235294117647058, "infra_quality_score": 0.72549019607843146, "gap_score": -0.50769465484486564, "schools_nearby": 9, "stations_nearby": 0, "shops_nearby": 11, "bike_parking_nearby": 0, "bike_parking_capacity_nearby": 0.0, "bike_sharing_nearby": 0, "bike_sharing_capacity_nearby": 0.0, "flat_terrain": 0, "roi_car_trips_per_day": 906.33190371220178, "roi_congestion_cost_yen_day": 317143.65974697366, "roi_operating_cost_yen_day": 44283.376815378178, "roi_emissions_kg_day": 235.64629496517247, "roi_shifted_trips_per_day": 181.26638074244036, "roi_congestion_savings_yen_day": 63428.731949394736, "roi_operating_savings_yen_day": 8856.6753630756357, "roi_emissions_avoided_kg_day": 47.129258993034497, "roi_health_benefit_yen_day": 5437.9914222732104, "roi_parking_spaces_freed": 3.6253276148488074 }, "geometry": { "type": "Polygon", "coordinates": [ [ [ 139.608682993777961, 35.408965756573529 ], [ 139.608117185845202, 35.410717344459975 ], [ 139.606142186721087, 35.411190382480257 ], [ 139.604733091316746, 35.409911851536357 ], [ 139.605298948124187, 35.408160316828031 ], [ 139.607273851464441, 35.40768725988579 ], [ 139.608682993777961, 35.408965756573529 ] ] ] } },
{ "type": "Feature", "properties": { "hex_id": "892f5bd2043ffff", "population": 1139.2793225950538, "production_score": 0.4037913734593816, "attraction_score": 0.077015643802647415, "demand_score": 0.22106023381948792, "stress_score": 2.0555555555555554, "infra_quality_score": 0.64814814814814814, "gap_score": -0.42708791432866022, "schools_nearby": 7, "stations_nearby": 1, "shops_nearby": 40, "bike_parking_nearby": 0, "bike_parking_capacity_nearby": 0.0, "bike_sharing_nearby": 0, "bike_sharing_capacity_nearby": 0.0, "flat_terrain": 0, "roi_car_trips_per_day": 797.49552581653768, "roi_congestion_cost_yen_day": 279059.63439372287, "roi_operating_cost_yen_day": 38965.631391396033, "roi_emissions_kg_day": 207.3488367122998, "roi_shifted_trips_per_day": 159.49910516330755, "roi_congestion_savings_yen_day": 55811.926878744576, "roi_operating_savings_yen_day": 7793.1262782792064, "roi_emissions_avoided_kg_day": 41.469767342459967, "roi_health_benefit_yen_day": 4784.9731548992268, "roi_parking_spaces_freed": 3.1899821032661508 }, "geometry": { "type": "Polygon", "coordinates": [ [ [ 139.593488808228102, 35.377057100808919 ], [ 139.592922994938391, 35.378808455557198 ], [ 139.590949122389475, 35.379281571152397 ], [ 139.589541158823891, 35.378003350931209 ], [ 139.59010702090012, 35.376252049379573 ], [ 139.59208079775857, 35.375778914852802 ], [ 139.593488808228102, 35.377057100808919 ] ] ] } },
{ "type": "Feature", "properties": { "hex_id": "892f5bd204bffff", "population": 1139.3076481339538, "production_score": 0.40380141279567916, "attraction_score": 0.070998796630565589, "demand_score": 0.22659673996585233, "stress_score": 2.2083333333333335, "infra_quality_score": 0.5972222222222221, "gap_score": -0.37062548225636976, "schools_nearby": 7, "stations_nearby": 1, "shops_nearby": 35, "bike_parking_nearby": 0, "bike_parking_capacity_nearby": 0.0, "bike_sharing_nearby": 0, "bike_sharing_capacity_nearby": 0.0, "flat_terrain": 0, "roi_car_trips_per_day": 797.51535369376757, "roi_congestion_cost_yen_day": 279066.57256452314, "roi_operating_cost_yen_day": 38966.600181477486, "roi_emissions_kg_day": 207.35399196037957, "roi_shifted_trips_per_day": 159.50307073875354, "roi_congestion_savings_yen_day": 55813.314512904639, "roi_operating_savings_yen_day": 7793.3200362954976, "roi_emissions_avoided_kg_day": 41.47079839207592, "roi_health_benefit_yen_day": 4785.0921221626058, "roi_parking_spaces_freed": 3.1900614147750708 }, "geometry": { "type": "Polygon", "coordinates": [ [ [ 139.594331091858038, 35.380086673165287 ], [ 139.593765269326042, 35.381838040632417 ], [ 139.591791301078189, 35.382311137295837 ], [ 139.590383251064367, 35.381032885424204 ], [ 139.590949122389475, 35.379281571152397 ], [ 139.592922994938391, 35.378808455557198 ], [ 139.594331091858038, 35.380086673165287 ] ] ] } },
{ "type": "Feature", "properties": { "hex_id": "892f5bd2053ffff", "population": 1044.7707188974125, "production_score": 0.37029497083541929, "attraction_score": 0.078219013237063775, "demand_score": 0.20697989442536904, "stress_score": 2.0, "infra_quality_score": 0.66666666666666674, "gap_score": -0.45968677224129773, "schools_nearby": 7, "stations_nearby": 1, "shops_nearby": 41, "bike_parking_nearby": 0, "bike_parking_capacity_nearby": 0.0, "bike_sharing_nearby": 1, "bike_sharing_capacity_nearby": 6.0, "flat_terrain": 0, "roi_car_trips_per_day": 731.33950322818873, "roi_congestion_cost_yen_day": 255910.31896960782, "roi_operating_cost_yen_day": 35733.248127729305, "roi_emissions_kg_day": 190.14827083932909, "roi_shifted_trips_per_day": 146.26790064563775, "roi_congestion_savings_yen_day": 51182.063793921567, "roi_operating_savings_yen_day": 7146.6496255458605, "roi_emissions_avoided_kg_day": 38.029654167865814, "roi_health_benefit_yen_day": 4388.0370193691324, "roi_parking_spaces_freed": 2.925358012912755 }, "geometry": { "type": "Polygon", "coordinates": [ [ [ 139.596028424897725, 35.374832515259065 ], [ 139.595462669642671, 35.376583910474906 ], [ 139.593488808228102, 35.377057100808919 ], [ 139.59208079775857, 35.375778914852802 ], [ 139.592646601805058, 35.374027572832482 ], [ 139.594620367532826, 35.373554363573078 ], [ 139.596028424897725, 35.374832515259065 ] ] ] } },
{ "type": "Feature", "properties": { "hex_id": "892f5bd205bffff", "population": 1139.355336377743, "production_score": 0.40381831479773922, "attraction_score": 0.081829121540312882, "demand_score": 0.24140517414688967, "stress_score": 2.4285714285714284, "infra_quality_score": 0.52380952380952395, "gap_score": -0.28240434966263428, "schools_nearby": 8, "stations_nearby": 1, "shops_nearby": 41, "bike_parking_nearby": 4, "bike_parking_capacity_nearby": 16.0, "bike_sharing_nearby": 3, "bike_sharing_capacity_nearby": 6.0, "flat_terrain": 0, "roi_car_trips_per_day": 797.54873546442002, "roi_congestion_cost_yen_day": 279078.25351370987, "roi_operating_cost_yen_day": 38968.231214791558, "roi_emissions_kg_day": 207.36267122074921, "roi_shifted_trips_per_day": 159.50974709288403, "roi_congestion_savings_yen_day": 55815.650702741979, "roi_operating_savings_yen_day": 7793.6462429583135, "roi_emissions_avoided_kg_day": 41.472534244149848, "roi_health_benefit_yen_day": 4785.2924127865208, "roi_parking_spaces_freed": 3.1901949418576807 }, "geometry": { "type": "Polygon", "coordinates": [ [ [ 139.596870813459532, 35.377862093814478 ], [ 139.596305048967793, 35.379613501756907 ], [ 139.594331091858038, 35.380086673165287 ], [ 139.592922994938391, 35.378808455557198 ], [ 139.593488808228102, 35.377057100808919 ], [ 139.595462669642671, 35.376583910474906 ], [ 139.596870813459532, 35.377862093814478 ] ] ] } },
{ "type": "Feature", "properties": { "hex_id": "892f5bd2093ffff", "population": 121.5743099677653, "production_score": 0.043089220198819805, "attraction_score": 0.0012033694344163659, "demand_score": 0.015502406371632658, "stress_score": 1.0, "infra_quality_score": 1.0, "gap_score": -0.98449759362836731, "schools_nearby": 0, "stations_nearby": 0, "shops_nearby": 1, "bike_parking_nearby": 0, "bike_parking_capacity_nearby": 0.0, "bike_sharing_nearby": 0, "bike_sharing_capacity_nearby": 0.0, "flat_terrain": 0, "roi_car_trips_per_day": 85.10201697743571, "roi_congestion_cost_yen_day": 29778.897780744304, "roi_operating_cost_yen_day": 4158.084549517509, "roi_emissions_kg_day": 22.126524414133286, "roi_shifted_trips_per_day": 17.020403395487143, "roi_congestion_savings_yen_day": 5955.779556148861, "roi_operating_savings_yen_day": 831.61690990350178, "roi_emissions_avoided_kg_day": 4.4253048828266577, "roi_health_benefit_yen_day": 510.61210186461432, "roi_parking_spaces_freed": 0.34040806790974287 }, "geometry": { "type": "Polygon", "coordinates": [ [ [ 139.595198770569681, 35.360489919718553 ], [ 139.594633110282103, 35.362241304364851 ], [ 139.592659642691615, 35.362714645109371 ], [ 139.59125193104137, 35.361436620126206 ], [ 139.591817640099151, 35.359685288679621 ], [ 139.593791012040128, 35.359211929016801 ], [ 139.595198770569681, 35.360489919718553 ] ] ] } },
{ "type": "Feature", "properties": { "hex_id": "892f5bd209bffff", "population": 121.57733808430208, "production_score": 0.043090293445135375, "attraction_score": 0.0084235860409145602, "demand_score": 0.068029857820117473, "stress_score": 2.0, "infra_quality_score": 0.66666666666666674, "gap_score": -0.59863680884654924, "schools_nearby": 0, "stations_nearby": 0, "shops_nearby": 7, "bike_parking_nearby": 0, "bike_parking_capacity_nearby": 0.0, "bike_sharing_nearby": 0, "bike_sharing_capacity_nearby": 0.0, "flat_terrain": 0, "roi_car_trips_per_day": 85.104136659011459, "roi_congestion_cost_yen_day": 29779.639499721292, "roi_operating_cost_yen_day": 4158.1881171592995, "roi_emissions_kg_day": 22.127075531342982, "roi_shifted_trips_per_day": 17.020827331802291, "roi_congestion_savings_yen_day": 5955.9278999442577, "roi_operating_savings_yen_day": 831.63762343185988, "roi_emissions_avoided_kg_day": 4.4254151062685958, "roi_health_benefit_yen_day": 510.62481995406876, "roi_parking_spaces_freed": 0.34041654663604581 }, "geometry": { "type": "Polygon", "coordinates": [ [ [ 139.596040955228176, 35.363519326757149 ], [ 139.595475285705845, 35.365270724174138 ], [ 139.593501722457489, 35.365744046000117 ], [ 139.592093924392572, 35.364465989327961 ], [ 139.592659642691615, 35.362714645109371 ], [ 139.594633110282103, 35.362241304364851 ], [ 139.596040955228176, 35.363519326757149 ] ] ] } },
{ "type": "Feature", "properties": { "hex_id": "892f5bd20c3ffff", "population": 892.8965852454603, "production_score": 0.31646667446944282, "attraction_score": 0.045728038507821901, "demand_score": 0.18476814954204265, "stress_score": 2.16, "infra_quality_score": 0.61333333333333329, "gap_score": -0.4285651837912906, "schools_nearby": 5, "stations_nearby": 1, "shops_nearby": 20, "bike_parking_nearby": 0, "bike_parking_capacity_nearby": 0.0, "bike_sharing_nearby": 0, "bike_sharing_capacity_nearby": 0.0, "flat_terrain": 0, "roi_car_trips_per_day": 625.02760967182212, "roi_congestion_cost_yen_day": 218709.661176364, "roi_operating_cost_yen_day": 30538.84900856523, "roi_emissions_kg_day": 162.50717851467377, "roi_shifted_trips_per_day": 125.00552193436442, "roi_congestion_savings_yen_day": 43741.932235272798, "roi_operating_savings_yen_day": 6107.769801713046, "roi_emissions_avoided_kg_day": 32.501435702934749, "roi_health_benefit_yen_day": 3750.1656580309327, "roi_parking_spaces_freed": 2.5001104386872885 }, "geometry": { "type": "Polygon", "coordinates": [ [ [ 139.597725556128722, 35.369578274173627 ], [ 139.597159868139556, 35.371329697104706 ], [ 139.595186113550284, 35.371802981092905 ], [ 139.593778142628025, 35.37052486106932 ], [ 139.594343879406978, 35.36877349133394 ], [ 139.596317538321529, 35.368300188426737 ], [ 139.597725556128722, 35.369578274173627 ] ] ] } },
{ "type": "Feature", "properties": { "hex_id": "892f5bd20cbffff", "population": 892.91880203946209, "production_score": 0.31647454870149982, "attraction_score": 0.066185318892900122, "demand_score": 0.18893095365803997, "stress_score": 2.1, "infra_quality_score": 0.6333333333333333, "gap_score": -0.44440237967529334, "schools_nearby": 5, "stations_nearby": 1, "shops_nearby": 37, "bike_parking_nearby": 0, "bike_parking_capacity_nearby": 0.0, "bike_sharing_nearby": 0, "bike_sharing_capacity_nearby": 0.0, "flat_terrain": 0, "roi_car_trips_per_day": 625.04316142762343, "roi_congestion_cost_yen_day": 218715.103046754, "roi_operating_cost_yen_day": 30539.60886735368, "roi_emissions_kg_day": 162.5112219711821, "roi_shifted_trips_per_day": 125.0086322855247, "roi_congestion_savings_yen_day": 43743.020609350802, "roi_operating_savings_yen_day": 6107.9217734707363, "roi_emissions_avoided_kg_day": 32.502244394236421, "roi_health_benefit_yen_day": 3750.2589685657408, "roi_parking_spaces_freed": 2.500172645710494 }, "geometry": { "type": "Polygon", "coordinates": [ [ [ 139.598567972391209, 35.372607814515604 ], [ 139.598002275170046, 35.374359250190111 ], [ 139.596028424897725, 35.374832515259065 ], [ 139.594620367532826, 35.373554363573078 ], [ 139.595186113550284, 35.371802981092905 ], [ 139.597159868139556, 35.371329697104706 ], [ 139.598567972391209, 35.372607814515604 ] ] ] } },
{ "type": "Feature", "properties": { "hex_id": "892f5bd20d3ffff", "population": 813.24317217674616, "production_score": 0.28823535276821, "attraction_score": 0.021660649819494584, "demand_score": 0.15221360090569661, "stress_score": 1.875, "infra_quality_score": 0.70833333333333326, "gap_score": -0.55611973242763668, "schools_nearby": 3, "stations_nearby": 0, "shops_nearby": 9, "bike_parking_nearby": 0, "bike_parking_capacity_nearby": 0.0, "bike_sharing_nearby": 0, "bike_sharing_capacity_nearby": 0.0, "flat_terrain": 0, "roi_car_trips_per_day": 569.27022052372229, "roi_congestion_cost_yen_day": 199199.03556566092, "roi_operating_cost_yen_day": 27814.54297478907, "roi_emissions_kg_day": 148.0102573361678, "roi_shifted_trips_per_day": 113.85404410474446, "roi_congestion_savings_yen_day": 39839.807113132185, "roi_operating_savings_yen_day": 5562.9085949578139, "roi_emissions_avoided_kg_day": 29.602051467233562, "roi_health_benefit_yen_day": 3415.6213231423339, "roi_parking_spaces_freed": 2.2770808820948893 }, "geometry": { "type": "Polygon", "coordinates": [ [ [ 139.600264929533154, 35.367353452087379 ], [ 139.599699299571569, 35.369104915460511 ], [ 139.597725556128722, 35.369578274173627 ], [ 139.596317538321529, 35.368300188426737 ], [ 139.59688321707776, 35.366548778248145 ], [ 139.598856864849665, 35.366075400622194 ], [ 139.600264929533154, 35.367353452087379 ] ] ] } },
{ "type": "Feature", "properties": { "hex_id": "892f5bd20dbffff", "population": 794.03054857808252, "production_score": 0.2814258798700347, "attraction_score": 0.048134777376654635, "demand_score": 0.17867956336967458, "stress_score": 2.2666666666666666, "infra_quality_score": 0.57777777777777772, "gap_score": -0.39909821440810311, "schools_nearby": 5, "stations_nearby": 1, "shops_nearby": 22, "bike_parking_nearby": 0, "bike_parking_capacity_nearby": 0.0, "bike_sharing_nearby": 0, "bike_sharing_capacity_nearby": 0.0, "flat_terrain": 0, "roi_car_trips_per_day": 555.82138400465783, "roi_congestion_cost_yen_day": 194493.01869090987, "roi_operating_cost_yen_day": 27157.432822467581, "roi_emissions_kg_day": 144.51355984121105, "roi_shifted_trips_per_day": 111.16427680093157, "roi_congestion_savings_yen_day": 38898.603738181977, "roi_operating_savings_yen_day": 5431.4865644935171, "roi_emissions_avoided_kg_day": 28.902711968242212, "roi_health_benefit_yen_day": 3334.9283040279474, "roi_parking_spaces_freed": 2.2232855360186314 }, "geometry": { "type": "Polygon", "coordinates": [ [ [ 139.601107450701392, 35.370382998591275 ], [ 139.600541811513352, 35.372134474715587 ], [ 139.598567972391209, 35.372607814515604 ], [ 139.597159868139556, 35.371329697104706 ], [ 139.597725556128722, 35.369578274173627 ], [ 139.599699299571569, 35.369104915460511 ], [ 139.601107450701392, 35.370382998591275 ] ] ] } },
{ "type": "Feature", "properties": { "hex_id": "892f5bd3407ffff", "population": 0.0, "production_score": 0.0, "attraction_score": 0.0012033694344163659, "demand_score": 0.2004211793020457, "stress_score": 2.0, "infra_quality_score": 0.66666666666666674, "gap_score": -0.46624548736462101, "schools_nearby": 0, "stations_nearby": 0, "shops_nearby": 1, "bike_parking_nearby": 0, "bike_parking_capacity_nearby": 0.0, "bike_sharing_nearby": 0, "bike_sharing_capacity_nearby": 0.0, "flat_terrain": 1, "roi_car_trips_per_day": 0.0, "roi_congestion_cost_yen_day": 0.0, "roi_operating_cost_yen_day": 0.0, "roi_emissions_kg_day": 0.0, "roi_shifted_trips_per_day": 0.0, "roi_congestion_savings_yen_day": 0.0, "roi_operating_savings_yen_day": 0.0, "roi_emissions_avoided_kg_day": 0.0, "roi_health_benefit_yen_day": 0.0, "roi_parking_spaces_freed": 0.0 }, "geometry": { "type": "Polygon", "coordinates": [ [ [ 139.638310379084032, 35.401864489536507 ], [ 139.63774510631302, 35.403616545871493 ], [ 139.635769740636619, 35.404090237461837 ], [ 139.634359743522708, 35.402811891578992 ], [ 139.634925065249945, 35.401059888403807 ], [ 139.636900335137994, 35.400586177952007 ], [ 139.638310379084032, 35.401864489536507 ] ] ] } },
{ "type": "Feature", "properties": { "hex_id": "892f5bd340fffff", "population": 0.0, "production_score": 0.0, "attraction_score": 0.0012033694344163659, "demand_score": 0.2004211793020457, "stress_score": 2.0, "infra_quality_score": 0.66666666666666674, "gap_score": -0.46624548736462101, "schools_nearby": 0, "stations_nearby": 0, "shops_nearby": 1, "bike_parking_nearby": 0, "bike_parking_capacity_nearby": 0.0, "bike_sharing_nearby": 0, "bike_sharing_capacity_nearby": 0.0, "flat_terrain": 1, "roi_car_trips_per_day": 0.0, "roi_congestion_cost_yen_day": 0.0, "roi_operating_cost_yen_day": 0.0, "roi_emissions_kg_day": 0.0, "roi_shifted_trips_per_day": 0.0, "roi_congestion_savings_yen_day": 0.0, "roi_operating_savings_yen_day": 0.0, "roi_emissions_avoided_kg_day": 0.0, "roi_health_benefit_yen_day": 0.0, "roi_parking_spaces_freed": 0.0 }, "geometry": { "type": "Polygon", "coordinates": [ [ [ 139.639155236890218, 35.404894888976123 ], [ 139.638589954960111, 35.406646957968228 ], [ 139.636614493486888, 35.407120630696959 ], [ 139.63520440974375, 35.405842253295511 ], [ 139.635769740636619, 35.404090237461837 ], [ 139.63774510631302, 35.403616545871493 ], [ 139.639155236890218, 35.404894888976123 ] ] ] } },
{ "type": "Feature", "properties": { "hex_id": "892f5bd3417ffff", "population": 0.0, "production_score": 0.0, "attraction_score": 0.0, "demand_score": 0.2, "stress_score": 2.0, "infra_quality_score": 0.66666666666666674, "gap_score": -0.46666666666666679, "schools_nearby": 0, "stations_nearby": 0, "shops_nearby": 0, "bike_parking_nearby": 0, "bike_parking_capacity_nearby": 0.0, "bike_sharing_nearby": 0, "bike_sharing_capacity_nearby": 0.0, "flat_terrain": 1, "roi_car_trips_per_day": 0.0, "roi_congestion_cost_yen_day": 0.0, "roi_operating_cost_yen_day": 0.0, "roi_emissions_kg_day": 0.0, "roi_shifted_trips_per_day": 0.0, "roi_congestion_savings_yen_day": 0.0, "roi_operating_savings_yen_day": 0.0, "roi_emissions_avoided_kg_day": 0.0, "roi_health_benefit_yen_day": 0.0, "roi_parking_spaces_freed": 0.0 }, "geometry": { "type": "Polygon", "coordinates": [ [ [ 139.640850948117617, 35.399638626321845 ], [ 139.640285733467721, 35.401390723149206 ], [ 139.638310379084032, 35.401864489536507 ], [ 139.636900335137994, 35.400586177952007 ], [ 139.637465598748946, 35.398834134283263 ], [ 139.639440857348092, 35.398360349040686 ], [ 139.640850948117617, 35.399638626321845 ] ] ] } },
{ "type": "Feature", "properties": { "hex_id": "892f5bd3427ffff", "population": 0.0, "production_score": 0.0, "attraction_score": 0.037304452466907341, "demand_score": 0.21305655836341755, "stress_score": 2.0, "infra_quality_score": 0.66666666666666674, "gap_score": -0.45361010830324922, "schools_nearby": 0, "stations_nearby": 1, "shops_nearby": 28, "bike_parking_nearby": 0, "bike_parking_capacity_nearby": 0.0, "bike_sharing_nearby": 0, "bike_sharing_capacity_nearby": 0.0, "flat_terrain": 1, "roi_car_trips_per_day": 0.0, "roi_congestion_cost_yen_day": 0.0, "roi_operating_cost_yen_day": 0.0, "roi_emissions_kg_day": 0.0, "roi_shifted_trips_per_day": 0.0, "roi_congestion_savings_yen_day": 0.0, "roi_operating_savings_yen_day": 0.0, "roi_emissions_avoided_kg_day": 0.0, "roi_health_benefit_yen_day": 0.0, "roi_parking_spaces_freed": 0.0 }, "geometry": { "type": "Polygon", "coordinates": [ [ [ 139.628999402043718, 35.402480758317914 ], [ 139.628433973259632, 35.404232667827152 ], [ 139.626458765343244, 35.404706172763007 ], [ 139.625049081996963, 35.403427787069425 ], [ 139.625614559709618, 35.401675930726157 ], [ 139.62758967184314, 35.401202406910819 ], [ 139.628999402043718, 35.402480758317914 ] ] ] } },
{ "type": "Feature", "properties": { "hex_id": "892f5bd342fffff", "population": 0.0, "production_score": 0.0, "attraction_score": 0.026474127557160047, "demand_score": 0.209265944645006, "stress_score": 2.0, "infra_quality_score": 0.66666666666666674, "gap_score": -0.45740072202166071, "schools_nearby": 1, "stations_nearby": 1, "shops_nearby": 16, "bike_parking_nearby": 0, "bike_parking_capacity_nearby": 0.0, "bike_sharing_nearby": 0, "bike_sharing_capacity_nearby": 0.0, "flat_terrain": 1, "roi_car_trips_per_day": 0.0, "roi_congestion_cost_yen_day": 0.0, "roi_operating_cost_yen_day": 0.0, "roi_emissions_kg_day": 0.0, "roi_shifted_trips_per_day": 0.0, "roi_congestion_savings_yen_day": 0.0, "roi_operating_savings_yen_day": 0.0, "roi_emissions_avoided_kg_day": 0.0, "roi_health_benefit_yen_day": 0.0, "roi_parking_spaces_freed": 0.0 }, "geometry": { "type": "Polygon", "coordinates": [ [ [ 139.629843790067071, 35.405511050767423 ], [ 139.629278352105132, 35.407262972928784 ], [ 139.627303048397494, 35.407736458984935 ], [ 139.625893278446256, 35.406458041759734 ], [ 139.626458765343244, 35.404706172763007 ], [ 139.628433973259632, 35.404232667827152 ], [ 139.629843790067071, 35.405511050767423 ] ] ] } },
{ "type": "Feature", "properties": { "hex_id": "892f5bd3437ffff", "population": 0.0, "production_score": 0.0, "attraction_score": 0.0072202166064981952, "demand_score": 0.20252707581227436, "stress_score": 2.0, "infra_quality_score": 0.66666666666666674, "gap_score": -0.46413959085439238, "schools_nearby": 0, "stations_nearby": 1, "shops_nearby": 3, "bike_parking_nearby": 0, "bike_parking_capacity_nearby": 0.0, "bike_sharing_nearby": 0, "bike_sharing_capacity_nearby": 0.0, "flat_terrain": 1, "roi_car_trips_per_day": 0.0, "roi_congestion_cost_yen_day": 0.0, "roi_operating_cost_yen_day": 0.0, "roi_emissions_kg_day": 0.0, "roi_shifted_trips_per_day": 0.0, "roi_congestion_savings_yen_day": 0.0, "roi_operating_savings_yen_day": 0.0, "roi_emissions_avoided_kg_day": 0.0, "roi_health_benefit_yen_day": 0.0, "roi_parking_spaces_freed": 0.0 }, "geometry": { "type": "Polygon", "coordinates": [ [ [ 139.63153996937055, 35.40025522857291 ], [ 139.630974598698543, 35.402007178585777 ], [ 139.628999402043718, 35.402480758317914 ], [ 139.62758967184314, 35.401202406910819 ], [ 139.628155091448491, 35.399450510062771 ], [ 139.630130192324259, 35.398976911457325 ], [ 139.63153996937055, 35.40025522857291 ] ] ] } },
{ "type": "Feature", "properties": { "hex_id": "892f5bd3447ffff", "population": 4.9016615105172416, "production_score": 0.0017372812744958852, "attraction_score": 0.013237063778580024, "demand_score": null, "stress_score": 4.0, "infra_quality_score": 0.0, "gap_score": null, "schools_nearby": 0, "stations_nearby": 1, "shops_nearby": 8, "bike_parking_nearby": 0, "bike_parking_capacity_nearby": 0.0, "bike_sharing_nearby": 0, "bike_sharing_capacity_nearby": 0.0, "flat_terrain": null, "roi_car_trips_per_day": 3.4311630573620695, "roi_congestion_cost_yen_day": 1200.6325770321355, "roi_operating_cost_yen_day": 167.6466269827107, "roi_emissions_kg_day": 0.89210239491413812, "roi_shifted_trips_per_day": 0.68623261147241399, "roi_congestion_savings_yen_day": 240.1265154064271, "roi_operating_savings_yen_day": 33.529325396542148, "roi_emissions_avoided_kg_day": 0.17842047898282765, "roi_health_benefit_yen_day": 20.586978344172419, "roi_parking_spaces_freed": 0.01372465222944828 }, "geometry": { "type": "Polygon", "coordinates": [ [ [ 139.643386068852351, 35.408729975727702 ], [ 139.642820826744867, 35.410482110522409 ], [ 139.640845184956902, 35.410955820342593 ], [ 139.639434881089471, 35.409677414224291 ], [ 139.640000172177707, 35.407925332584156 ], [ 139.641975718155862, 35.407451603908065 ], [ 139.643386068852351, 35.408729975727702 ] ] ] } },
{ "type": "Feature", "properties": { "hex_id": "892f5bd3457ffff", "population": 0.26280081743643752, "production_score": 9.3143710163363946e-05, "attraction_score": 0.0, "demand_score": 0.20003260029855716, "stress_score": 2.0, "infra_quality_score": 0.66666666666666674, "gap_score": -0.46663406636810956, "schools_nearby": 0, "stations_nearby": 0, "shops_nearby": 0, "bike_parking_nearby": 0, "bike_parking_capacity_nearby": 0.0, "bike_sharing_nearby": 0, "bike_sharing_capacity_nearby": 0.0, "flat_terrain": 1, "roi_car_trips_per_day": 0.18396057220550624, "roi_congestion_cost_yen_day": 64.371483426150746, "roi_operating_cost_yen_day": 8.9883135579610354, "roi_emissions_kg_day": 0.047829748773431623, "roi_shifted_trips_per_day": 0.036792114441101247, "roi_congestion_savings_yen_day": 12.874296685230149, "roi_operating_savings_yen_day": 1.7976627115922068, "roi_emissions_avoided_kg_day": 0.0095659497546863245, "roi_health_benefit_yen_day": 1.1037634332330375, "roi_parking_spaces_freed": 0.0007358422888220249 }, "geometry": { "type": "Polygon", "coordinates": [ [ [ 139.645926883298728, 35.406504015794567 ], [ 139.645361699328419, 35.408256191095994 ], [ 139.643386068852351, 35.408729975727702 ], [ 139.641975718155862, 35.407451603908065 ], [ 139.642540951111755, 35.405699481760024 ], [ 139.644516485781736, 35.405225678278555 ], [ 139.645926883298728, 35.406504015794567 ] ] ] } },
{ "type": "Feature", "properties": { "hex_id": "892f5bd3467ffff", "population": 446.60980279149942, "production_score": 0.15829058080228345, "attraction_score": 0.050541516245487361, "demand_score": 0.27309123396671975, "stress_score": 2.0, "infra_quality_score": 0.66666666666666674, "gap_score": -0.39357543269994699, "schools_nearby": 4, "stations_nearby": 1, "shops_nearby": 27, "bike_parking_nearby": 0, "bike_parking_capacity_nearby": 0.0, "bike_sharing_nearby": 0, "bike_sharing_capacity_nearby": 0.0, "flat_terrain": 1, "roi_car_trips_per_day": 312.62686195404962, "roi_congestion_cost_yen_day": 109394.39153496105, "roi_operating_cost_yen_day": 15274.948475074863, "roi_emissions_kg_day": 81.282984108052901, "roi_shifted_trips_per_day": 62.525372390809927, "roi_congestion_savings_yen_day": 21878.87830699221, "roi_operating_savings_yen_day": 3054.9896950149732, "roi_emissions_avoided_kg_day": 16.256596821610582, "roi_health_benefit_yen_day": 1875.7611717242978, "roi_parking_spaces_freed": 1.2505074478161986 }, "geometry": { "type": "Polygon", "coordinates": [ [ [ 139.634073680667512, 35.409346257101731 ], [ 139.633508282481728, 35.411098245066853 ], [ 139.631532798439224, 35.411571768177687 ], [ 139.630122808389984, 35.410293322197703 ], [ 139.63068825552881, 35.408541387393349 ], [ 139.632663643766989, 35.408067845408524 ], [ 139.634073680667512, 35.409346257101731 ] ] ] } },
{ "type": "Feature", "properties": { "hex_id": "892f5bd346fffff", "population": 455.24438185656675, "production_score": 0.16135090891566081, "attraction_score": 0.051744885679903728, "demand_score": 0.27696448048939992, "stress_score": 2.0476190476190474, "infra_quality_score": 0.65079365079365092, "gap_score": -0.373829170304251, "schools_nearby": 5, "stations_nearby": 1, "shops_nearby": 25, "bike_parking_nearby": 0, "bike_parking_capacity_nearby": 0.0, "bike_sharing_nearby": 0, "bike_sharing_capacity_nearby": 0.0, "flat_terrain": 1, "roi_car_trips_per_day": 318.6710672995967, "roi_congestion_cost_yen_day": 111509.37986947488, "roi_operating_cost_yen_day": 15570.268348258294, "roi_emissions_kg_day": 82.854477497895147, "roi_shifted_trips_per_day": 63.734213459919346, "roi_congestion_savings_yen_day": 22301.875973894978, "roi_operating_savings_yen_day": 3114.0536696516592, "roi_emissions_avoided_kg_day": 16.570895499579031, "roi_health_benefit_yen_day": 1912.0264037975803, "roi_parking_spaces_freed": 1.2746842691983868 }, "geometry": { "type": "Polygon", "coordinates": [ [ [ 139.634918406019011, 35.412376688268182 ], [ 139.634352998663843, 35.414128688865837 ], [ 139.632377418808659, 35.414602193102489 ], [ 139.630967342124478, 35.413323715615959 ], [ 139.631532798439224, 35.411571768177687 ], [ 139.633508282481728, 35.411098245066853 ], [ 139.634918406019011, 35.412376688268182 ] ] ] } },
{ "type": "Feature", "properties": { "hex_id": "892f5bd3477ffff", "population": 102.4832173784954, "production_score": 0.036322821173949991, "attraction_score": 0.01684717208182912, "demand_score": 0.21860949763952267, "stress_score": 2.0, "infra_quality_score": 0.66666666666666674, "gap_score": -0.4480571690271441, "schools_nearby": 1, "stations_nearby": 1, "shops_nearby": 8, "bike_parking_nearby": 0, "bike_parking_capacity_nearby": 0.0, "bike_sharing_nearby": 0, "bike_sharing_capacity_nearby": 0.0, "flat_terrain": 1, "roi_car_trips_per_day": 71.738252164946772, "roi_congestion_cost_yen_day": 25102.649197558174, "roi_operating_cost_yen_day": 3505.131000779299, "roi_emissions_kg_day": 18.651945562886162, "roi_shifted_trips_per_day": 14.347650432989354, "roi_congestion_savings_yen_day": 5020.5298395116351, "roi_operating_savings_yen_day": 701.0262001558599, "roi_emissions_avoided_kg_day": 3.7303891125772322, "roi_health_benefit_yen_day": 430.42951298968063, "roi_parking_spaces_freed": 0.28695300865978707 }, "geometry": { "type": "Polygon", "coordinates": [ [ [ 139.636614493486888, 35.407120630696959 ], [ 139.636049153429326, 35.408872659180012 ], [ 139.634073680667512, 35.409346257101731 ], [ 139.632663643766989, 35.408067845408524 ], [ 139.633229032782509, 35.406315870085052 ], [ 139.63520440974375, 35.405842253295511 ], [ 139.636614493486888, 35.407120630696959 ] ] ] } },
{ "type": "Feature", "properties": { "hex_id": "892f5bd34a7ffff", "population": 0.0, "production_score": 0.0, "attraction_score": 0.0, "demand_score": 0.2, "stress_score": 2.0, "infra_quality_score": 0.66666666666666674, "gap_score": -0.46666666666666679, "schools_nearby": 0, "stations_nearby": 0, "shops_nearby": 0, "bike_parking_nearby": 0, "bike_parking_capacity_nearby": 0.0, "bike_sharing_nearby": 0, "bike_sharing_capacity_nearby": 0.0, "flat_terrain": 1, "roi_car_trips_per_day": 0.0, "roi_congestion_cost_yen_day": 0.0, "roi_operating_cost_yen_day": 0.0, "roi_emissions_kg_day": 0.0, "roi_shifted_trips_per_day": 0.0, "roi_congestion_savings_yen_day": 0.0, "roi_operating_savings_yen_day": 0.0, "roi_emissions_avoided_kg_day": 0.0, "roi_health_benefit_yen_day": 0.0, "roi_parking_spaces_freed": 0.0 }, "geometry": { "type": "Polygon", "coordinates": [ [ [ 139.633235946826289, 35.394999322890811 ], [ 139.632670643433215, 35.396751300721725 ], [ 139.630695553823102, 35.397224974113406 ], [ 139.629285863376168, 35.395946688541422 ], [ 139.629851215700967, 35.394194763875568 ], [ 139.63182620954413, 35.393721071616923 ], [ 139.633235946826289, 35.394999322890811 ] ] ] } },
{ "type": "Feature", "properties": { "hex_id": "892f5bd34b7ffff", "population": 0.0, "production_score": 0.0, "attraction_score": 0.0, "demand_score": 0.05, "stress_score": 2.0, "infra_quality_score": 0.66666666666666674, "gap_score": -0.6166666666666667, "schools_nearby": 0, "stations_nearby": 0, "shops_nearby": 0, "bike_parking_nearby": 0, "bike_parking_capacity_nearby": 0.0, "bike_sharing_nearby": 0, "bike_sharing_capacity_nearby": 0.0, "flat_terrain": 0, "roi_car_trips_per_day": 0.0, "roi_congestion_cost_yen_day": 0.0, "roi_operating_cost_yen_day": 0.0, "roi_emissions_kg_day": 0.0, "roi_shifted_trips_per_day": 0.0, "roi_congestion_savings_yen_day": 0.0, "roi_operating_savings_yen_day": 0.0, "roi_emissions_avoided_kg_day": 0.0, "roi_health_benefit_yen_day": 0.0, "roi_parking_spaces_freed": 0.0 }, "geometry": { "type": "Polygon", "coordinates": [ [ [ 139.635776270450862, 35.392773556407818 ], [ 139.635211025162818, 35.394525574716788 ], [ 139.633235946826289, 35.394999322890811 ], [ 139.63182620954413, 35.393721071616923 ], [ 139.632391503768758, 35.391969106471812 ], [ 139.634366486342117, 35.391495339437022 ], [ 139.635776270450862, 35.392773556407818 ] ] ] } },
{ "type": "Feature", "properties": { "hex_id": "892f5bd34c7ffff", "population": 0.0, "production_score": 0.0, "attraction_score": 0.0, "demand_score": 0.2, "stress_score": 2.0, "infra_quality_score": 0.66666666666666674, "gap_score": -0.46666666666666679, "schools_nearby": 0, "stations_nearby": 0, "shops_nearby": 0, "bike_parking_nearby": 0, "bike_parking_capacity_nearby": 0.0, "bike_sharing_nearby": 2, "bike_sharing_capacity_nearby": 6.0, "flat_terrain": 1, "roi_car_trips_per_day": 0.0, "roi_congestion_cost_yen_day": 0.0, "roi_operating_cost_yen_day": 0.0, "roi_emissions_kg_day": 0.0, "roi_shifted_trips_per_day": 0.0, "roi_congestion_savings_yen_day": 0.0, "roi_operating_savings_yen_day": 0.0, "roi_emissions_avoided_kg_day": 0.0, "roi_health_benefit_yen_day": 0.0, "roi_parking_spaces_freed": 0.0 }, "geometry": { "type": "Polygon", "coordinates": [ [ [ 139.647622300653495, 35.401247434211484 ], [ 139.647057183960044, 35.402999637348607 ], [ 139.645081660606081, 35.403473515631525 ], [ 139.643671349742647, 35.402195209621055 ], [ 139.644236515420005, 35.400443059637546 ], [ 139.646211942980074, 35.39996916251124 ], [ 139.647622300653495, 35.401247434211484 ] ] ] } },
{ "type": "Feature", "properties": { "hex_id": "892f5bd34cfffff", "population": 0.0, "production_score": 0.0, "attraction_score": 0.0, "demand_score": 0.2, "stress_score": 2.0, "infra_quality_score": 0.66666666666666674, "gap_score": -0.46666666666666679, "schools_nearby": 0, "stations_nearby": 0, "shops_nearby": 0, "bike_parking_nearby": 0, "bike_parking_capacity_nearby": 0.0, "bike_sharing_nearby": 0, "bike_sharing_capacity_nearby": 0.0, "flat_terrain": 1, "roi_car_trips_per_day": 0.0, "roi_congestion_cost_yen_day": 0.0, "roi_operating_cost_yen_day": 0.0, "roi_emissions_kg_day": 0.0, "roi_shifted_trips_per_day": 0.0, "roi_congestion_savings_yen_day": 0.0, "roi_operating_savings_yen_day": 0.0, "roi_emissions_avoided_kg_day": 0.0, "roi_health_benefit_yen_day": 0.0, "roi_parking_spaces_freed": 0.0 }, "geometry": { "type": "Polygon", "coordinates": [ [ [ 139.648467628288813, 35.404277940555964 ], [ 139.647902502454968, 35.406030156355214 ], [ 139.645926883298728, 35.406504015794567 ], [ 139.644516485781736, 35.405225678278555 ], [ 139.645081660606081, 35.403473515631525 ], [ 139.647057183960044, 35.402999637348607 ], [ 139.648467628288813, 35.404277940555964 ] ] ] } },
{ "type": "Feature", "properties": { "hex_id": "892f5bd3507ffff", "population": 905.60187777359761, "production_score": 0.32096977341839417, "attraction_score": 0.19253910950661854, "demand_score": 0.24139477569042109, "stress_score": 2.2333333333333334, "infra_quality_score": 0.5888888888888888, "gap_score": -0.34749411319846768, "schools_nearby": 8, "stations_nearby": 2, "shops_nearby": 130, "bike_parking_nearby": 0, "bike_parking_capacity_nearby": 0.0, "bike_sharing_nearby": 4, "bike_sharing_capacity_nearby": 20.0, "flat_terrain": 0, "roi_car_trips_per_day": 633.92131444151823, "roi_congestion_cost_yen_day": 221821.74634937607, "roi_operating_cost_yen_day": 30973.395423612579, "roi_emissions_kg_day": 164.81954175479476, "roi_shifted_trips_per_day": 126.78426288830366, "roi_congestion_savings_yen_day": 44364.349269875216, "roi_operating_savings_yen_day": 6194.6790847225166, "roi_emissions_avoided_kg_day": 32.963908350958953, "roi_health_benefit_yen_day": 3803.5278866491099, "roi_parking_spaces_freed": 2.5356852577660733 }, "geometry": { "type": "Polygon", "coordinates": [ [ [ 139.614617759384799, 35.396231049608701 ], [ 139.614052144160155, 35.397982733772281 ], [ 139.612077370181709, 35.398456034002628 ], [ 139.610668307186899, 35.397177668972688 ], [ 139.611233971287817, 35.395426037986496 ], [ 139.613208649510398, 35.394952718853112 ], [ 139.614617759384799, 35.396231049608701 ] ] ] } },
{ "type": "Feature", "properties": { "hex_id": "892f5bd225bffff", "population": 1121.4438035496796, "production_score": 0.39746998362208669, "attraction_score": 0.030084235860409144, "demand_score": 0.20208300120911743, "stress_score": 2.0487804878048781, "infra_quality_score": 0.65040650406504064, "gap_score": -0.44832350285592321, "schools_nearby": 4, "stations_nearby": 1, "shops_nearby": 10, "bike_parking_nearby": 0, "bike_parking_capacity_nearby": 0.0, "bike_sharing_nearby": 2, "bike_sharing_capacity_nearby": 8.0, "flat_terrain": 0, "roi_car_trips_per_day": 785.01066248477571, "roi_congestion_cost_yen_day": 274690.93101667275, "roi_operating_cost_yen_day": 38355.620969006144, "roi_emissions_kg_day": 204.1027722460417, "roi_shifted_trips_per_day": 157.00213249695514, "roi_congestion_savings_yen_day": 54938.186203334546, "roi_operating_savings_yen_day": 7671.1241938012281, "roi_emissions_avoided_kg_day": 40.820554449208338, "roi_health_benefit_yen_day": 4710.063974908654, "roi_parking_spaces_freed": 3.1400426499391028 }, "geometry": { "type": "Polygon", "coordinates": [ [ [ 139.602769696255848, 35.399070385093559 ], [ 139.602203867133341, 35.400821881867572 ], [ 139.600229239922072, 35.401294920790157 ], [ 139.598820537590512, 35.40001648186621 ], [ 139.599386415556694, 35.398265038276904 ], [ 139.601360947013973, 35.397791980427087 ], [ 139.602769696255848, 35.399070385093559 ] ] ] } },
{ "type": "Feature", "properties": { "hex_id": "892f5bd350fffff", "population": 921.92936727623589, "production_score": 0.326756676841162, "attraction_score": 0.17448856799037304, "demand_score": 0.23654694680214836, "stress_score": 2.2222222222222223, "infra_quality_score": 0.59259259259259256, "gap_score": -0.35604564579044418, "schools_nearby": 9, "stations_nearby": 2, "shops_nearby": 112, "bike_parking_nearby": 0, "bike_parking_capacity_nearby": 0.0, "bike_sharing_nearby": 0, "bike_sharing_capacity_nearby": 0.0, "flat_terrain": 0, "roi_car_trips_per_day": 645.35055709336507, "roi_congestion_cost_yen_day": 225821.06693811031, "roi_operating_cost_yen_day": 31531.828219581817, "roi_emissions_kg_day": 167.79114484427492, "roi_shifted_trips_per_day": 129.07011141867301, "roi_congestion_savings_yen_day": 45164.213387622061, "roi_operating_savings_yen_day": 6306.3656439163633, "roi_emissions_avoided_kg_day": 33.558228968854984, "roi_health_benefit_yen_day": 3872.1033425601904, "roi_parking_spaces_freed": 2.5814022283734603 }, "geometry": { "type": "Polygon", "coordinates": [ [ [ 139.615461340587274, 35.399261096099096 ], [ 139.614895716157662, 35.401012792929322 ], [ 139.612920846415022, 35.401486074256418 ], [ 139.611511696869314, 35.400207677656823 ], [ 139.612077370181709, 35.398456034002628 ], [ 139.614052144160155, 35.397982733772281 ], [ 139.615461340587274, 35.399261096099096 ] ] ] } },
{ "type": "Feature", "properties": { "hex_id": "892f5bd3517ffff", "population": 720.97749854214624, "production_score": 0.2555339051590248, "attraction_score": 0.22021660649819494, "demand_score": 0.42008410765145549, "stress_score": 3.0714285714285716, "infra_quality_score": 0.30952380952380942, "gap_score": 0.11056029812764606, "schools_nearby": 6, "stations_nearby": 3, "shops_nearby": 156, "bike_parking_nearby": 0, "bike_parking_capacity_nearby": 0.0, "bike_sharing_nearby": 2, "bike_sharing_capacity_nearby": 3.0, "flat_terrain": 1, "roi_car_trips_per_day": 504.6842489795024, "roi_congestion_cost_yen_day": 176599.11240290749, "roi_operating_cost_yen_day": 24658.872405138485, "roi_emissions_kg_day": 131.21790473467064, "roi_shifted_trips_per_day": 100.93684979590049, "roi_congestion_savings_yen_day": 35319.822480581497, "roi_operating_savings_yen_day": 4931.7744810276972, "roi_emissions_avoided_kg_day": 26.243580946934127, "roi_health_benefit_yen_day": 3028.1054938770144, "roi_parking_spaces_freed": 2.0187369959180099 }, "geometry": { "type": "Polygon", "coordinates": [ [ [ 139.617158079289624, 35.394005949933216 ], [ 139.61659252215199, 35.395757674597341 ], [ 139.614617759384799, 35.396231049608701 ], [ 139.613208649510398, 35.394952718853112 ], [ 139.613774255529194, 35.393201047365245 ], [ 139.615748922544299, 35.392727653457001 ], [ 139.617158079289624, 35.394005949933216 ] ] ] } },
{ "type": "Feature", "properties": { "hex_id": "892f5bd3527ffff", "population": 1129.5405564613739, "production_score": 0.4003396916154936, "attraction_score": 0.063778580024067388, "demand_score": 0.22410806174051301, "stress_score": 2.2333333333333334, "infra_quality_score": 0.5888888888888888, "gap_score": -0.36478082714837579, "schools_nearby": 5, "stations_nearby": 1, "shops_nearby": 35, "bike_parking_nearby": 0, "bike_parking_capacity_nearby": 0.0, "bike_sharing_nearby": 0, "bike_sharing_capacity_nearby": 0.0, "flat_terrain": 0, "roi_car_trips_per_day": 790.67838952296165, "roi_congestion_cost_yen_day": 276674.18206187477, "roi_operating_cost_yen_day": 38632.546112091906, "roi_emissions_kg_day": 205.57638127597005, "roi_shifted_trips_per_day": 158.13567790459234, "roi_congestion_savings_yen_day": 55334.836412374956, "roi_operating_savings_yen_day": 7726.5092224183818, "roi_emissions_avoided_kg_day": 41.115276255194011, "roi_health_benefit_yen_day": 4744.0703371377704, "roi_parking_spaces_freed": 3.1627135580918471 }, "geometry": { "type": "Polygon", "coordinates": [ [ [ 139.605310083338708, 35.396845734092153 ], [ 139.604744312294912, 35.39859727138677 ], [ 139.602769696255848, 35.399070385093559 ], [ 139.601360947013973, 35.397791980427087 ], [ 139.601926766906274, 35.396040496316033 ], [ 139.603901287195129, 35.395567363688187 ], [ 139.605310083338708, 35.396845734092153 ] ] ] } },
{ "type": "Feature", "properties": { "hex_id": "892f5bd352fffff", "population": 1006.2015996373973, "production_score": 0.35662503289285574, "attraction_score": 0.058965102286401928, "demand_score": 0.20133890025391665, "stress_score": 2.1176470588235294, "infra_quality_score": 0.62745098039215685, "gap_score": -0.4261120801382402, "schools_nearby": 6, "stations_nearby": 1, "shops_nearby": 28, "bike_parking_nearby": 0, "bike_parking_capacity_nearby": 0.0, "bike_sharing_nearby": 4, "bike_sharing_capacity_nearby": 20.0, "flat_terrain": 0, "roi_car_trips_per_day": 704.34111974617815, "roi_congestion_cost_yen_day": 246463.04462158267, "roi_operating_cost_yen_day": 34414.107110798264, "roi_emissions_kg_day": 183.12869113400632, "roi_shifted_trips_per_day": 140.86822394923564, "roi_congestion_savings_yen_day": 49292.608924316541, "roi_operating_savings_yen_day": 6882.8214221596536, "roi_emissions_avoided_kg_day": 36.625738226801268, "roi_health_benefit_yen_day": 4226.0467184770696, "roi_parking_spaces_freed": 2.8173644789847128 }, "geometry": { "type": "Polygon", "coordinates": [ [ [ 139.606153194966964, 35.399875673374993 ], [ 139.605587414699556, 35.401627223331225 ], [ 139.603612702901842, 35.402100318116723 ], [ 139.602203867133341, 35.400821881867572 ], [ 139.602769696255848, 35.399070385093559 ], [ 139.604744312294912, 35.39859727138677 ], [ 139.606153194966964, 35.399875673374993 ] ] ] } },
{ "type": "Feature", "properties": { "hex_id": "892f5bd3537ffff", "population": 1129.5878593168507, "production_score": 0.40035645702552319, "attraction_score": 0.12876052948255115, "demand_score": 0.24185761194449268, "stress_score": 2.1333333333333333, "infra_quality_score": 0.62222222222222223, "gap_score": -0.38036461027772955, "schools_nearby": 7, "stations_nearby": 1, "shops_nearby": 83, "bike_parking_nearby": 0, "bike_parking_capacity_nearby": 0.0, "bike_sharing_nearby": 0, "bike_sharing_capacity_nearby": 0.0, "flat_terrain": 0, "roi_car_trips_per_day": 790.71150152179541, "roi_congestion_cost_yen_day": 276685.76861250668, "roi_operating_cost_yen_day": 38634.163964354921, "roi_emissions_kg_day": 205.58499039566681, "roi_shifted_trips_per_day": 158.14230030435908, "roi_congestion_savings_yen_day": 55337.153722501331, "roi_operating_savings_yen_day": 7726.832792870985, "roi_emissions_avoided_kg_day": 41.11699807913336, "roi_health_benefit_yen_day": 4744.2690091307722, "roi_parking_spaces_freed": 3.1628460060871819 }, "geometry": { "type": "Polygon", "coordinates": [ [ [ 139.607850401163489, 35.39462096779868 ], [ 139.607284688197694, 35.396372545605018 ], [ 139.605310083338708, 35.396845734092153 ], [ 139.603901287195129, 35.395567363688187 ], [ 139.604467049014318, 35.393815839064253 ], [ 139.606441558126846, 35.393342631662208 ], [ 139.607850401163489, 35.39462096779868 ] ] ] } },
{ "type": "Feature", "properties": { "hex_id": "892f5bd2283ffff", "population": 941.48554509220253, "production_score": 0.33368791463624292, "attraction_score": 0.081829121540312882, "demand_score": 0.20195270179222932, "stress_score": 2.1304347826086958, "infra_quality_score": 0.62318840579710133, "gap_score": -0.42123570400487198, "schools_nearby": 7, "stations_nearby": 1, "shops_nearby": 44, "bike_parking_nearby": 0, "bike_parking_capacity_nearby": 0.0, "bike_sharing_nearby": 0, "bike_sharing_capacity_nearby": 0.0, "flat_terrain": 0, "roi_car_trips_per_day": 659.0398815645417, "roi_congestion_cost_yen_day": 230611.23535706443, "roi_operating_cost_yen_day": 32200.688613243507, "roi_emissions_kg_day": 171.35036920678084, "roi_shifted_trips_per_day": 131.80797631290835, "roi_congestion_savings_yen_day": 46122.247071412894, "roi_operating_savings_yen_day": 6440.137722648702, "roi_emissions_avoided_kg_day": 34.270073841356172, "roi_health_benefit_yen_day": 3954.2392893872507, "roi_parking_spaces_freed": 2.636159526258167 }, "geometry": { "type": "Polygon", "coordinates": [ [ [ 139.598555822267258, 35.383921384021271 ], [ 139.597990039304932, 35.385672817389597 ], [ 139.596015890779626, 35.38614595094603 ], [ 139.594607620931754, 35.384867670060537 ], [ 139.595173452705097, 35.383116289883652 ], [ 139.59714750551845, 35.382643137401125 ], [ 139.598555822267258, 35.383921384021271 ] ] ] } },
{ "type": "Feature", "properties": { "hex_id": "892f5bd228bffff", "population": 914.29862750440134, "production_score": 0.32405213649546188, "attraction_score": 0.074608904933814682, "demand_score": 0.19508692005580233, "stress_score": 2.1111111111111112, "infra_quality_score": 0.62962962962962954, "gap_score": -0.43454270957382723, "schools_nearby": 7, "stations_nearby": 1, "shops_nearby": 38, "bike_parking_nearby": 0, "bike_parking_capacity_nearby": 0.0, "bike_sharing_nearby": 0, "bike_sharing_capacity_nearby": 0.0, "flat_terrain": 0, "roi_car_trips_per_day": 640.00903925308091, "roi_congestion_cost_yen_day": 223951.96301543809, "roi_operating_cost_yen_day": 31270.841657905534, "roi_emissions_kg_day": 166.40235020580104, "roi_shifted_trips_per_day": 128.00180785061619, "roi_congestion_savings_yen_day": 44790.392603087617, "roi_operating_savings_yen_day": 6254.1683315811069, "roi_emissions_avoided_kg_day": 33.280470041160207, "roi_health_benefit_yen_day": 3840.0542355184857, "roi_parking_spaces_freed": 2.5600361570123238 }, "geometry": { "type": "Polygon", "coordinates": [ [ [ 139.599398442533669, 35.386951095636725 ], [ 139.598832650337442, 35.388702541704383 ], [ 139.596858406091769, 35.389175656334501 ], [ 139.595450049765844, 35.387897343823596 ], [ 139.596015890779626, 35.38614595094603 ], [ 139.597990039304932, 35.385672817389597 ], [ 139.599398442533669, 35.386951095636725 ] ] ] } },
{ "type": "Feature", "properties": { "hex_id": "892f5bd2293ffff", "population": 1095.8874959021266, "production_score": 0.3884121377006402, "attraction_score": 0.087845968712394709, "demand_score": 0.21512783724456219, "stress_score": 1.96875, "infra_quality_score": 0.67708333333333326, "gap_score": -0.46195549608877107, "schools_nearby": 8, "stations_nearby": 1, "shops_nearby": 46, "bike_parking_nearby": 0, "bike_parking_capacity_nearby": 0.0, "bike_sharing_nearby": 0, "bike_sharing_capacity_nearby": 0.0, "flat_terrain": 0, "roi_car_trips_per_day": 767.12124713148853, "roi_congestion_cost_yen_day": 268431.06679625047, "roi_operating_cost_yen_day": 37481.544134844531, "roi_emissions_kg_day": 199.45152425418704, "roi_shifted_trips_per_day": 153.42424942629771, "roi_congestion_savings_yen_day": 53686.213359250098, "roi_operating_savings_yen_day": 7496.308826968906, "roi_emissions_avoided_kg_day": 39.890304850837403, "roi_health_benefit_yen_day": 4602.7274827889314, "roi_parking_spaces_freed": 3.0684849885259542 }, "geometry": { "type": "Polygon", "coordinates": [ [ [ 139.601095684550728, 35.381696701861166 ], [ 139.60052995963909, 35.383448175711393 ], [ 139.598555822267258, 35.383921384021271 ], [ 139.59714750551845, 35.382643137401125 ], [ 139.597713279245966, 35.380891716741182 ], [ 139.599687320909538, 35.380418489511399 ], [ 139.601095684550728, 35.381696701861166 ] ] ] } },
{ "type": "Feature", "properties": { "hex_id": "892f5bd3547ffff", "population": 1147.1842559872841, "production_score": 0.40659309543242944, "attraction_score": 0.11070998796630566, "demand_score": 0.24947713182113623, "stress_score": 2.3684210526315788, "infra_quality_score": 0.54385964912280715, "gap_score": -0.29438251730167092, "schools_nearby": 6, "stations_nearby": 1, "shops_nearby": 71, "bike_parking_nearby": 1, "bike_parking_capacity_nearby": 4.0, "bike_sharing_nearby": 6, "bike_sharing_capacity_nearby": 23.0, "flat_terrain": 0, "roi_car_trips_per_day": 803.02897919109887, "roi_congestion_cost_yen_day": 280995.90039854933, "roi_operating_cost_yen_day": 39235.995923277093, "roi_emissions_kg_day": 208.78753458968572, "roi_shifted_trips_per_day": 160.60579583821979, "roi_congestion_savings_yen_day": 56199.180079709869, "roi_operating_savings_yen_day": 7847.1991846554192, "roi_emissions_avoided_kg_day": 41.75750691793715, "roi_health_benefit_yen_day": 4818.1738751465937, "roi_parking_spaces_freed": 3.2121159167643958 }, "geometry": { "type": "Polygon", "coordinates": [ [ [ 139.619689369880575, 35.403096240769607 ], [ 139.619123785147792, 35.404848003429528 ], [ 139.617148735073926, 35.405321321748929 ], [ 139.615739365513321, 35.404042896306287 ], [ 139.616304999146877, 35.402291186818509 ], [ 139.618279953443448, 35.401817849601549 ], [ 139.619689369880575, 35.403096240769607 ] ] ] } },
{ "type": "Feature", "properties": { "hex_id": "892f5bd229bffff", "population": 1055.2067880234049, "production_score": 0.37399379569981062, "attraction_score": 0.086642599277978335, "demand_score": 0.21710509118340257, "stress_score": 2.1176470588235294, "infra_quality_score": 0.62745098039215685, "gap_score": -0.41034588920875426, "schools_nearby": 8, "stations_nearby": 1, "shops_nearby": 45, "bike_parking_nearby": 0, "bike_parking_capacity_nearby": 0.0, "bike_sharing_nearby": 0, "bike_sharing_capacity_nearby": 0.0, "flat_terrain": 0, "roi_car_trips_per_day": 738.64475161638336, "roi_congestion_cost_yen_day": 258466.57148560489, "roi_operating_cost_yen_day": 36090.182563976494, "roi_emissions_kg_day": 192.04763542025967, "roi_shifted_trips_per_day": 147.72895032327668, "roi_congestion_savings_yen_day": 51693.314297120975, "roi_operating_savings_yen_day": 7218.0365127952982, "roi_emissions_avoided_kg_day": 38.409527084051938, "roi_health_benefit_yen_day": 4431.8685096982999, "roi_parking_spaces_freed": 2.9545790064655337 }, "geometry": { "type": "Polygon", "coordinates": [ [ [ 139.601938409762084, 35.384726419689734 ], [ 139.601372675622144, 35.386477906247038 ], [ 139.599398442533669, 35.386951095636725 ], [ 139.597990039304932, 35.385672817389597 ], [ 139.598555822267258, 35.383921384021271 ], [ 139.60052995963909, 35.383448175711393 ], [ 139.601938409762084, 35.384726419689734 ] ] ] } },
{ "type": "Feature", "properties": { "hex_id": "892f5bd354fffff", "population": 1147.2168960368419, "production_score": 0.40660466394787542, "attraction_score": 0.086642599277978335, "demand_score": 0.22419904212904879, "stress_score": 2.03125, "infra_quality_score": 0.65625, "gap_score": -0.43205095787095121, "schools_nearby": 5, "stations_nearby": 1, "shops_nearby": 54, "bike_parking_nearby": 0, "bike_parking_capacity_nearby": 0.0, "bike_sharing_nearby": 0, "bike_sharing_capacity_nearby": 0.0, "flat_terrain": 0, "roi_car_trips_per_day": 803.05182722578934, "roi_congestion_cost_yen_day": 281003.89538284822, "roi_operating_cost_yen_day": 39237.112278252069, "roi_emissions_kg_day": 208.79347507870523, "roi_shifted_trips_per_day": 160.61036544515787, "roi_congestion_savings_yen_day": 56200.779076569641, "roi_operating_savings_yen_day": 7847.4224556504132, "roi_emissions_avoided_kg_day": 41.758695015741047, "roi_health_benefit_yen_day": 4818.3109633547356, "roi_parking_spaces_freed": 3.2122073089031575 }, "geometry": { "type": "Polygon", "coordinates": [ [ [ 139.620533288167508, 35.406126426143757 ], [ 139.61996769423817, 35.407878201450785 ], [ 139.617992548378595, 35.408351500872435 ], [ 139.616583092237221, 35.407073043885148 ], [ 139.617148735073926, 35.405321321748929 ], [ 139.619123785147792, 35.404848003429528 ], [ 139.620533288167508, 35.406126426143757 ] ] ] } },
{ "type": "Feature", "properties": { "hex_id": "892f5bd3557ffff", "population": 1127.74691085004, "production_score": 0.3997039751493594, "attraction_score": 0.11191335740072202, "demand_score": 0.45598914331560536, "stress_score": 3.5384615384615383, "infra_quality_score": 0.15384615384615385, "gap_score": 0.30214298946945151, "schools_nearby": 4, "stations_nearby": 1, "shops_nearby": 78, "bike_parking_nearby": 3, "bike_parking_capacity_nearby": 12.0, "bike_sharing_nearby": 4, "bike_sharing_capacity_nearby": 17.0, "flat_terrain": 1, "roi_car_trips_per_day": 789.42283759502789, "roi_congestion_cost_yen_day": 276234.83933125215, "roi_operating_cost_yen_day": 38571.199844893061, "roi_emissions_kg_day": 205.24993777470726, "roi_shifted_trips_per_day": 157.8845675190056, "roi_congestion_savings_yen_day": 55246.967866250445, "roi_operating_savings_yen_day": 7714.2399689786134, "roi_emissions_avoided_kg_day": 41.04998755494146, "roi_health_benefit_yen_day": 4736.5370255701682, "roi_parking_spaces_freed": 3.1576913503801123 }, "geometry": { "type": "Polygon", "coordinates": [ [ [ 139.622229935353772, 35.4008710444798 ], [ 139.621664408724087, 35.402622847654577 ], [ 139.619689369880575, 35.403096240769607 ], [ 139.618279953443448, 35.401817849601549 ], [ 139.618845528978824, 35.400066099597808 ], [ 139.620820472048763, 35.399592687591394 ], [ 139.622229935353772, 35.4008710444798 ] ] ] } },
{ "type": "Feature", "properties": { "hex_id": "892f5bd22b3ffff", "population": 1073.3967293983014, "production_score": 0.38044080238662098, "attraction_score": 0.058965102286401928, "demand_score": 0.20795873330222467, "stress_score": 2.0833333333333335, "infra_quality_score": 0.63888888888888884, "gap_score": -0.43093015558666414, "schools_nearby": 4, "stations_nearby": 1, "shops_nearby": 34, "bike_parking_nearby": 0, "bike_parking_capacity_nearby": 0.0, "bike_sharing_nearby": 0, "bike_sharing_capacity_nearby": 0.0, "flat_terrain": 0, "roi_car_trips_per_day": 751.37771057881093, "roi_congestion_cost_yen_day": 262922.08848573751, "roi_operating_cost_yen_day": 36712.3149388807, "roi_emissions_kg_day": 195.35820475049084, "roi_shifted_trips_per_day": 150.27554211576219, "roi_congestion_savings_yen_day": 52584.41769714751, "roi_operating_savings_yen_day": 7342.4629877761408, "roi_emissions_avoided_kg_day": 39.071640950098171, "roi_health_benefit_yen_day": 4508.2662634728658, "roi_parking_spaces_freed": 3.0055108423152439 }, "geometry": { "type": "Polygon", "coordinates": [ [ [ 139.591791301078189, 35.382311137295837 ], [ 139.591225420505225, 35.384062464278749 ], [ 139.589251441127146, 35.384535486193293 ], [ 139.587843438027789, 35.383257200063177 ], [ 139.58840936738892, 35.381505926276716 ], [ 139.590383251064367, 35.381032885424204 ], [ 139.591791301078189, 35.382311137295837 ] ] ] } },
{ "type": "Feature", "properties": { "hex_id": "892f5bd356fffff", "population": 977.50002700252287, "production_score": 0.34645242007979976, "attraction_score": 0.050541516245487361, "demand_score": 0.19279403156000433, "stress_score": 2.0769230769230771, "infra_quality_score": 0.64102564102564097, "gap_score": -0.44823160946563667, "schools_nearby": 8, "stations_nearby": 0, "shops_nearby": 18, "bike_parking_nearby": 0, "bike_parking_capacity_nearby": 0.0, "bike_sharing_nearby": 0, "bike_sharing_capacity_nearby": 0.0, "flat_terrain": 0, "roi_car_trips_per_day": 684.250018901766, "roi_congestion_cost_yen_day": 239432.76661410596, "roi_operating_cost_yen_day": 33432.455923540285, "roi_emissions_kg_day": 177.90500491445917, "roi_shifted_trips_per_day": 136.85000378035321, "roi_congestion_savings_yen_day": 47886.553322821193, "roi_operating_savings_yen_day": 6686.4911847080575, "roi_emissions_avoided_kg_day": 35.581000982891837, "roi_health_benefit_yen_day": 4105.500113410596, "roi_parking_spaces_freed": 2.7370000756070643 }, "geometry": { "type": "Polygon", "coordinates": [ [ [ 139.611223731539297, 35.406741015319156 ], [ 139.610657981707021, 35.408492643748254 ], [ 139.608682993777961, 35.408965756573529 ], [ 139.607273851464441, 35.40768725988579 ], [ 139.607839650176317, 35.405935684633647 ], [ 139.609814542325267, 35.405462552892565 ], [ 139.611223731539297, 35.406741015319156 ] ] ] } },
{ "type": "Feature", "properties": { "hex_id": "892f5bd22bbffff", "population": 914.17664713070542, "production_score": 0.32400890335530663, "attraction_score": 0.052948255114320095, "demand_score": 0.19664088781731051, "stress_score": 2.2941176470588234, "infra_quality_score": 0.56862745098039214, "gap_score": -0.37198656316308165, "schools_nearby": 4, "stations_nearby": 1, "shops_nearby": 29, "bike_parking_nearby": 0, "bike_parking_capacity_nearby": 0.0, "bike_sharing_nearby": 0, "bike_sharing_capacity_nearby": 0.0, "flat_terrain": 0, "roi_car_trips_per_day": 639.92365299149378, "roi_congestion_cost_yen_day": 223922.08465478351, "roi_operating_cost_yen_day": 31266.669685164386, "roi_emissions_kg_day": 166.38014977778838, "roi_shifted_trips_per_day": 127.98473059829877, "roi_congestion_savings_yen_day": 44784.416930956708, "roi_operating_savings_yen_day": 6253.3339370328777, "roi_emissions_avoided_kg_day": 33.276029955557682, "roi_health_benefit_yen_day": 3839.5419179489631, "roi_parking_spaces_freed": 2.5596946119659756 }, "geometry": { "type": "Polygon", "coordinates": [ [ [ 139.59263355697658, 35.385340747791908 ], [ 139.59206766715667, 35.387092087476859 ], [ 139.590093592067518, 35.387565090453222 ], [ 139.588685502512504, 35.386286772683135 ], [ 139.589251441127146, 35.384535486193293 ], [ 139.591225420505225, 35.384062464278749 ], [ 139.59263355697658, 35.385340747791908 ] ] ] } },
{ "type": "Feature", "properties": { "hex_id": "892f5bd3577ffff", "population": 942.57268248720459, "production_score": 0.33407322550177065, "attraction_score": 0.1588447653429603, "demand_score": 0.23641018568454469, "stress_score": 2.2777777777777777, "infra_quality_score": 0.57407407407407418, "gap_score": -0.33766388838952949, "schools_nearby": 8, "stations_nearby": 2, "shops_nearby": 102, "bike_parking_nearby": 0, "bike_parking_capacity_nearby": 0.0, "bike_sharing_nearby": 0, "bike_sharing_capacity_nearby": 0.0, "flat_terrain": 0, "roi_car_trips_per_day": 659.80087774104322, "roi_congestion_cost_yen_day": 230877.52313914587, "roi_operating_cost_yen_day": 32237.870886427372, "roi_emissions_kg_day": 171.54822821267123, "roi_shifted_trips_per_day": 131.96017554820864, "roi_congestion_savings_yen_day": 46175.50462782917, "roi_operating_savings_yen_day": 6447.5741772854744, "roi_emissions_avoided_kg_day": 34.30964564253425, "roi_health_benefit_yen_day": 3958.8052664462593, "roi_parking_spaces_freed": 2.6392035109641729 }, "geometry": { "type": "Polygon", "coordinates": [ [ [ 139.612920846415022, 35.401486074256418 ], [ 139.612355163892062, 35.403237730569494 ], [ 139.610380282942316, 35.403710937105515 ], [ 139.608971180286659, 35.402432506238164 ], [ 139.609536911687542, 35.400680903102241 ], [ 139.611511696869314, 35.400207677656823 ], [ 139.612920846415022, 35.401486074256418 ] ] ] } },
{ "type": "Feature", "properties": { "hex_id": "892f5bd3587ffff", "population": 846.41101916748926, "production_score": 0.29999093388467968, "attraction_score": 0.26955475330926593, "demand_score": 0.44025008142697186, "stress_score": 2.8181818181818183, "infra_quality_score": 0.39393939393939392, "gap_score": 0.04631068748757794, "schools_nearby": 4, "stations_nearby": 4, "shops_nearby": 200, "bike_parking_nearby": 1, "bike_parking_capacity_nearby": 4.0, "bike_sharing_nearby": 0, "bike_sharing_capacity_nearby": 0.0, "flat_terrain": 1, "roi_car_trips_per_day": 592.48771341724239, "roi_congestion_cost_yen_day": 207323.30067896147, "roi_operating_cost_yen_day": 28948.949677566463, "roi_emissions_kg_day": 154.04680548848302, "roi_shifted_trips_per_day": 118.49754268344849, "roi_congestion_savings_yen_day": 41464.660135792299, "roi_operating_savings_yen_day": 5789.7899355132931, "roi_emissions_avoided_kg_day": 30.809361097696609, "roi_health_benefit_yen_day": 3554.9262805034546, "roi_parking_spaces_freed": 2.36995085366897 }, "geometry": { "type": "Polygon", "coordinates": [ [ [ 139.618854616138151, 35.388750720332659 ], [ 139.618289126281468, 35.390502472797174 ], [ 139.616314470481683, 35.390975941476377 ], [ 139.614905400281629, 35.389697676581839 ], [ 139.615470939017769, 35.387945977293754 ], [ 139.617445499077633, 35.387472489724097 ], [ 139.618854616138151, 35.388750720332659 ] ] ] } },
{ "type": "Feature", "properties": { "hex_id": "892f5bd22dbffff", "population": 1155.3291055658615, "production_score": 0.40947985018407584, "attraction_score": 0.10830324909747292, "demand_score": 0.24265265617711351, "stress_score": 2.2285714285714286, "infra_quality_score": 0.59047619047619038, "gap_score": -0.34782353429907686, "schools_nearby": 6, "stations_nearby": 1, "shops_nearby": 69, "bike_parking_nearby": 0, "bike_parking_capacity_nearby": 0.0, "bike_sharing_nearby": 0, "bike_sharing_capacity_nearby": 0.0, "flat_terrain": 0, "roi_car_trips_per_day": 808.73037389610295, "roi_congestion_cost_yen_day": 282990.93243372435, "roi_operating_cost_yen_day": 39514.566068563588, "roi_emissions_kg_day": 210.26989721298676, "roi_shifted_trips_per_day": 161.74607477922061, "roi_congestion_savings_yen_day": 56598.186486744875, "roi_operating_savings_yen_day": 7902.913213712719, "roi_emissions_avoided_kg_day": 42.05397944259736, "roi_health_benefit_yen_day": 4852.3822433766181, "roi_parking_spaces_freed": 3.2349214955844121 }, "geometry": { "type": "Polygon", "coordinates": [ [ [ 139.607007261873633, 35.391591066534318 ], [ 139.606441558126846, 35.393342631662208 ], [ 139.604467049014318, 35.393815839064253 ], [ 139.603058339389918, 35.392537500253383 ], [ 139.603624091983619, 35.390785988309233 ], [ 139.605598505358017, 35.390312761992526 ], [ 139.607007261873633, 35.391591066534318 ] ] ] } },
{ "type": "Feature", "properties": { "hex_id": "892f5bd358fffff", "population": 755.95491892510131, "production_score": 0.26793084797751543, "attraction_score": 0.30084235860409148, "demand_score": 0.43835633658927675, "stress_score": 2.7857142857142856, "infra_quality_score": 0.40476190476190477, "gap_score": 0.033594431827371984, "schools_nearby": 4, "stations_nearby": 5, "shops_nearby": 223, "bike_parking_nearby": 0, "bike_parking_capacity_nearby": 0.0, "bike_sharing_nearby": 0, "bike_sharing_capacity_nearby": 0.0, "flat_terrain": 1, "roi_car_trips_per_day": 529.16844324757085, "roi_congestion_cost_yen_day": 185166.62166119, "roi_operating_cost_yen_day": 25855.170137076311, "roi_emissions_kg_day": 137.58379524436842, "roi_shifted_trips_per_day": 105.83368864951417, "roi_congestion_savings_yen_day": 37033.324332238, "roi_operating_savings_yen_day": 5171.0340274152622, "roi_emissions_avoided_kg_day": 27.516759048873684, "roi_health_benefit_yen_day": 3175.0106594854251, "roi_parking_spaces_freed": 2.1166737729902834 }, "geometry": { "type": "Polygon", "coordinates": [ [ [ 139.619698329889047, 35.391780734989013 ], [ 139.619132830837742, 35.39353250014473 ], [ 139.617158079289624, 35.394005949933216 ], [ 139.615748922544299, 35.392727653457001 ], [ 139.616314470481683, 35.390975941476377 ], [ 139.618289126281468, 35.390502472797174 ], [ 139.619698329889047, 35.391780734989013 ] ] ] } },
{ "type": "Feature", "properties": { "hex_id": "892f5bd3597ffff", "population": 846.44643626427023, "production_score": 0.30000348666069299, "attraction_score": 0.20336943441636582, "demand_score": 0.41936234055878879, "stress_score": 2.8636363636363638, "infra_quality_score": 0.37878787878787878, "gap_score": 0.040574461770910009, "schools_nearby": 3, "stations_nearby": 3, "shops_nearby": 151, "bike_parking_nearby": 2, "bike_parking_capacity_nearby": 8.0, "bike_sharing_nearby": 2, "bike_sharing_capacity_nearby": 22.0, "flat_terrain": 1, "roi_car_trips_per_day": 592.51250538498914, "roi_congestion_cost_yen_day": 207331.97588431541, "roi_operating_cost_yen_day": 28950.16101311057, "roi_emissions_kg_day": 154.0532514000972, "roi_shifted_trips_per_day": 118.50250107699783, "roi_congestion_savings_yen_day": 41466.39517686308, "roi_operating_savings_yen_day": 5790.0322026221138, "roi_emissions_avoided_kg_day": 30.810650280019438, "roi_health_benefit_yen_day": 3555.0750323099351, "roi_parking_spaces_freed": 2.3700500215399565 }, "geometry": { "type": "Polygon", "coordinates": [ [ [ 139.621394692491407, 35.386525383946925 ], [ 139.620829260714657, 35.388277176886405 ], [ 139.618854616138151, 35.388750720332659 ], [ 139.617445499077633, 35.387472489724097 ], [ 139.618010979738727, 35.385720749959894 ], [ 139.619985528579065, 35.38524718762929 ], [ 139.621394692491407, 35.386525383946925 ] ] ] } },
{ "type": "Feature", "properties": { "hex_id": "892f5bd35a7ffff", "population": 1203.2410841490166, "production_score": 0.42646114990009398, "attraction_score": 0.14921780986762936, "demand_score": 0.24771405101304278, "stress_score": 1.9245283018867925, "infra_quality_score": 0.69182389937106925, "gap_score": -0.44410984835802647, "schools_nearby": 6, "stations_nearby": 2, "shops_nearby": 100, "bike_parking_nearby": 0, "bike_parking_capacity_nearby": 0.0, "bike_sharing_nearby": 0, "bike_sharing_capacity_nearby": 0.0, "flat_terrain": 0, "roi_car_trips_per_day": 842.26875890431154, "roi_congestion_cost_yen_day": 294726.6841157967, "roi_operating_cost_yen_day": 41153.251560064658, "roi_emissions_kg_day": 218.98987731512102, "roi_shifted_trips_per_day": 168.45375178086232, "roi_congestion_savings_yen_day": 58945.336823159349, "roi_operating_savings_yen_day": 8230.6503120129328, "roi_emissions_avoided_kg_day": 43.797975463024201, "roi_health_benefit_yen_day": 5053.6125534258699, "roi_parking_spaces_freed": 3.3690750356172465 }, "geometry": { "type": "Polygon", "coordinates": [ [ [ 139.609547405477059, 35.389366178739003 ], [ 139.608981759801935, 35.391117784361974 ], [ 139.607007261873633, 35.391591066534318 ], [ 139.605598505358017, 35.390312761992526 ], [ 139.606164199884915, 35.388561209552151 ], [ 139.608138602078867, 35.38808790847127 ], [ 139.609547405477059, 35.389366178739003 ] ] ] } },
{ "type": "Feature", "properties": { "hex_id": "892f5bd35afffff", "population": 1135.7315416601375, "production_score": 0.402533944040598, "attraction_score": 0.15403128760529483, "demand_score": 0.24779783107606249, "stress_score": 2.06, "infra_quality_score": 0.64666666666666672, "gap_score": -0.39886883559060426, "schools_nearby": 8, "stations_nearby": 1, "shops_nearby": 101, "bike_parking_nearby": 4, "bike_parking_capacity_nearby": 16.0, "bike_sharing_nearby": 0, "bike_sharing_capacity_nearby": 0.0, "flat_terrain": 0, "roi_car_trips_per_day": 795.01207916209626, "roi_congestion_cost_yen_day": 278190.62674040074, "roi_operating_cost_yen_day": 38844.290187860024, "roi_emissions_kg_day": 206.70314058214504, "roi_shifted_trips_per_day": 159.00241583241927, "roi_congestion_savings_yen_day": 55638.125348080153, "roi_operating_savings_yen_day": 7768.8580375720057, "roi_emissions_avoided_kg_day": 41.340628116429009, "roi_health_benefit_yen_day": 4770.0724749725778, "roi_parking_spaces_freed": 3.1800483166483855 }, "geometry": { "type": "Polygon", "coordinates": [ [ [ 139.610390649723001, 35.392396086225958 ], [ 139.609824994834526, 35.394147704535087 ], [ 139.607850401163489, 35.39462096779868 ], [ 139.606441558126846, 35.393342631662208 ], [ 139.607007261873633, 35.391591066534318 ], [ 139.608981759801935, 35.391117784361974 ], [ 139.610390649723001, 35.392396086225958 ] ] ] } },
{ "type": "Feature", "properties": { "hex_id": "892f5bd35b7ffff", "population": 1203.2914482428259, "production_score": 0.42647900029569841, "attraction_score": 0.26835138387484958, "demand_score": 0.29684917104505765, "stress_score": 2.0731707317073171, "infra_quality_score": 0.64227642276422769, "gap_score": -0.34542725171917005, "schools_nearby": 6, "stations_nearby": 4, "shops_nearby": 193, "bike_parking_nearby": 0, "bike_parking_capacity_nearby": 0.0, "bike_sharing_nearby": 1, "bike_sharing_capacity_nearby": 3.0, "flat_terrain": 0, "roi_car_trips_per_day": 842.30401376997816, "roi_congestion_cost_yen_day": 294739.02049839078, "roi_operating_cost_yen_day": 41154.97411280113, "roi_emissions_kg_day": 218.99904358019432, "roi_shifted_trips_per_day": 168.46080275399564, "roi_congestion_savings_yen_day": 58947.804099678156, "roi_operating_savings_yen_day": 8230.9948225602275, "roi_emissions_avoided_kg_day": 43.799808716038868, "roi_health_benefit_yen_day": 5053.8240826198689, "roi_parking_spaces_freed": 3.3692160550799128 }, "geometry": { "type": "Polygon", "coordinates": [ [ [ 139.612087479817461, 35.387141175691092 ], [ 139.611521892213233, 35.388892821800241 ], [ 139.609547405477059, 35.389366178739003 ], [ 139.608138602078867, 35.38808790847127 ], [ 139.608704238539701, 35.386336315543588 ], [ 139.610678629545276, 35.385862939702463 ], [ 139.612087479817461, 35.387141175691092 ] ] ] } },
{ "type": "Feature", "properties": { "hex_id": "892f5bd35c7ffff", "population": 721.07363387582757, "production_score": 0.25556797811870668, "attraction_score": 0.14921780986762936, "demand_score": 0.33453216865236046, "stress_score": 1.8571428571428572, "infra_quality_score": 0.71428571428571419, "gap_score": -0.37975354563335373, "schools_nearby": 2, "stations_nearby": 2, "shops_nearby": 112, "bike_parking_nearby": 0, "bike_parking_capacity_nearby": 0.0, "bike_sharing_nearby": 0, "bike_sharing_capacity_nearby": 0.0, "flat_terrain": 1, "roi_car_trips_per_day": 504.75154371307929, "roi_congestion_cost_yen_day": 176622.66017608071, "roi_operating_cost_yen_day": 24662.160425821054, "roi_emissions_kg_day": 131.23540136540061, "roi_shifted_trips_per_day": 100.95030874261586, "roi_congestion_savings_yen_day": 35324.532035216143, "roi_operating_savings_yen_day": 4932.4320851642105, "roi_emissions_avoided_kg_day": 26.247080273080126, "roi_health_benefit_yen_day": 3028.5092622784759, "roi_parking_spaces_freed": 2.0190061748523171 }, "geometry": { "type": "Polygon", "coordinates": [ [ [ 139.623926380663164, 35.395615579279536 ], [ 139.623360921322103, 35.397367410288595 ], [ 139.621385989486612, 35.397840897080556 ], [ 139.619976612756716, 35.396562571748781 ], [ 139.62054212100179, 35.394810793910978 ], [ 139.622516957075902, 35.394337288233999 ], [ 139.623926380663164, 35.395615579279536 ] ] ] } },
{ "type": "Feature", "properties": { "hex_id": "892f5bd35cfffff", "population": 796.58419729238778, "production_score": 0.282330961969948, "attraction_score": 0.096269554753309269, "demand_score": 0.33251018085314005, "stress_score": 2.0, "infra_quality_score": 0.66666666666666674, "gap_score": -0.33415648581352669, "schools_nearby": 1, "stations_nearby": 1, "shops_nearby": 74, "bike_parking_nearby": 0, "bike_parking_capacity_nearby": 0.0, "bike_sharing_nearby": 0, "bike_sharing_capacity_nearby": 0.0, "flat_terrain": 1, "roi_car_trips_per_day": 557.60893810467144, "roi_congestion_cost_yen_day": 195118.51962158663, "roi_operating_cost_yen_day": 27244.772715794246, "roi_emissions_kg_day": 144.97832390721459, "roi_shifted_trips_per_day": 111.52178762093429, "roi_congestion_savings_yen_day": 39023.703924317328, "roi_operating_savings_yen_day": 5448.9545431588494, "roi_emissions_avoided_kg_day": 28.995664781442915, "roi_health_benefit_yen_day": 3345.6536286280289, "roi_parking_spaces_freed": 2.230435752418686 }, "geometry": { "type": "Polygon", "coordinates": [ [ [ 139.624770431486326, 35.398645732892341 ], [ 139.624204962959055, 35.400397576573042 ], [ 139.622229935353772, 35.4008710444798 ], [ 139.620820472048763, 35.399592687591394 ], [ 139.621385989486612, 35.397840897080556 ], [ 139.623360921322103, 35.397367410288595 ], [ 139.624770431486326, 35.398645732892341 ] ] ] } },
{ "type": "Feature", "properties": { "hex_id": "892f5bd35d7ffff", "population": 484.25186663884, "production_score": 0.17163194525901898, "attraction_score": 0.16004813477737664, "demand_score": 0.41608802801273848, "stress_score": 4.0, "infra_quality_score": 0.0, "gap_score": 0.41608802801273848, "schools_nearby": 2, "stations_nearby": 3, "shops_nearby": 118, "bike_parking_nearby": 0, "bike_parking_capacity_nearby": 0.0, "bike_sharing_nearby": 0, "bike_sharing_capacity_nearby": 0.0, "flat_terrain": 1, "roi_car_trips_per_day": 338.97630664718798, "roi_congestion_cost_yen_day": 118614.58922198402, "roi_operating_cost_yen_day": 16562.382342781606, "roi_emissions_kg_day": 88.133839728268882, "roi_shifted_trips_per_day": 67.795261329437594, "roi_congestion_savings_yen_day": 23722.917844396805, "roi_operating_savings_yen_day": 3312.4764685563209, "roi_emissions_avoided_kg_day": 17.626767945653775, "roi_health_benefit_yen_day": 2033.8578398831278, "roi_parking_spaces_freed": 1.3559052265887519 }, "geometry": { "type": "Polygon", "coordinates": [ [ [ 139.626466702501261, 35.393390146207551 ], [ 139.625901301256221, 35.395142017705865 ], [ 139.623926380663164, 35.395615579279536 ], [ 139.622516957075902, 35.394337288233999 ], [ 139.623082407229788, 35.392585469905711 ], [ 139.625057232065245, 35.392111889453247 ], [ 139.626466702501261, 35.393390146207551 ] ] ] } },
{ "type": "Feature", "properties": { "hex_id": "892f5bd36a7ffff", "population": 627.83848562399498, "production_score": 0.22252292251149805, "attraction_score": 0.036101083032490974, "demand_score": 0.29704014107083093, "stress_score": 2.1304347826086958, "infra_quality_score": 0.62318840579710133, "gap_score": -0.3261482647262704, "schools_nearby": 4, "stations_nearby": 1, "shops_nearby": 15, "bike_parking_nearby": 3, "bike_parking_capacity_nearby": 12.0, "bike_sharing_nearby": 6, "bike_sharing_capacity_nearby": 93.0, "flat_terrain": 1, "roi_car_trips_per_day": 439.48693993679649, "roi_congestion_cost_yen_day": 153785.27002268384, "roi_operating_cost_yen_day": 21473.331885311876, "roi_emissions_kg_day": 114.26660438356708, "roi_shifted_trips_per_day": 87.897387987359309, "roi_congestion_savings_yen_day": 30757.054004536771, "roi_operating_savings_yen_day": 4294.6663770623754, "roi_emissions_avoided_kg_day": 22.853320876713422, "roi_health_benefit_yen_day": 2636.9216396207794, "roi_parking_spaces_freed": 1.7579477597471862 }, "geometry": { "type": "Polygon", "coordinates": [ [ [ 139.639149216922362, 35.41621207528479 ], [ 139.638583849376261, 35.417964141661429 ], [ 139.636608089162451, 35.4184376829784 ], [ 139.635197792323595, 35.4171591767875 ], [ 139.635763208847209, 35.415407163566393 ], [ 139.637738873235293, 35.414933603380966 ], [ 139.639149216922362, 35.41621207528479 ] ] ] } },
{ "type": "Feature", "properties": { "hex_id": "892f5bd240bffff", "population": 301.74335929296944, "production_score": 0.10694599916342304, "attraction_score": 0.0048134777376654635, "demand_score": 0.089115816915380966, "stress_score": 2.0, "infra_quality_score": 0.66666666666666674, "gap_score": -0.57755084975128579, "schools_nearby": 0, "stations_nearby": 0, "shops_nearby": 4, "bike_parking_nearby": 0, "bike_parking_capacity_nearby": 0.0, "bike_sharing_nearby": 0, "bike_sharing_capacity_nearby": 0.0, "flat_terrain": 0, "roi_car_trips_per_day": 211.22035150507861, "roi_congestion_cost_yen_day": 73910.225398657116, "roi_operating_cost_yen_day": 10320.226374538141, "roi_emissions_kg_day": 54.91729139132044, "roi_shifted_trips_per_day": 42.244070301015725, "roi_congestion_savings_yen_day": 14782.045079731422, "roi_operating_savings_yen_day": 2064.0452749076285, "roi_emissions_avoided_kg_day": 10.98345827826409, "roi_health_benefit_yen_day": 1267.3221090304717, "roi_parking_spaces_freed": 0.84488140602031447 }, "geometry": { "type": "Polygon", "coordinates": [ [ [ 139.607039876043217, 35.357648774502508 ], [ 139.606474429370451, 35.359400346364922 ], [ 139.604500815073834, 35.359873948123727 ], [ 139.603092743104412, 35.358595996914566 ], [ 139.603658238579868, 35.356844478244611 ], [ 139.605631757225183, 35.356370857591671 ], [ 139.607039876043217, 35.357648774502508 ] ] ] } },
{ "type": "Feature", "properties": { "hex_id": "892f5bd2423ffff", "population": 69.535306166413747, "production_score": 0.024645191239756038, "attraction_score": 0.0, "demand_score": 0.008625816933914612, "stress_score": 1.0, "infra_quality_score": 1.0, "gap_score": -0.99137418306608538, "schools_nearby": 0, "stations_nearby": 0, "shops_nearby": 0, "bike_parking_nearby": 0, "bike_parking_capacity_nearby": 0.0, "bike_sharing_nearby": 0, "bike_sharing_capacity_nearby": 0.0, "flat_terrain": 0, "roi_car_trips_per_day": 48.67471431648962, "roi_congestion_cost_yen_day": 17032.25603362605, "roi_operating_cost_yen_day": 2378.2465415036827, "roi_emissions_kg_day": 12.655425722287301, "roi_shifted_trips_per_day": 9.734942863297924, "roi_congestion_savings_yen_day": 3406.4512067252099, "roi_operating_savings_yen_day": 475.64930830073655, "roi_emissions_avoided_kg_day": 2.5310851444574602, "roi_health_benefit_yen_day": 292.04828589893771, "roi_parking_spaces_freed": 0.19469885726595848 }, "geometry": { "type": "Polygon", "coordinates": [ [ [ 139.596895616948188, 35.355235710509589 ], [ 139.596330023901515, 35.356987122787181 ], [ 139.594356663091986, 35.357460557150269 ], [ 139.59294899096966, 35.356182598147953 ], [ 139.593514632784888, 35.35443123907028 ], [ 139.595487897957014, 35.353957785795281 ], [ 139.596895616948188, 35.355235710509589 ] ] ] } },
{ "type": "Feature", "properties": { "hex_id": "892f5bd242bffff", "population": 103.64826605785979, "production_score": 0.036735745903695827, "attraction_score": 0.0012033694344163659, "demand_score": 0.16327869036833925, "stress_score": 4.0, "infra_quality_score": 0.0, "gap_score": 0.16327869036833925, "schools_nearby": 0, "stations_nearby": 0, "shops_nearby": 1, "bike_parking_nearby": 0, "bike_parking_capacity_nearby": 0.0, "bike_sharing_nearby": 0, "bike_sharing_capacity_nearby": 0.0, "flat_terrain": 0, "roi_car_trips_per_day": 72.55378624050185, "roi_congestion_cost_yen_day": 25388.020881276407, "roi_operating_cost_yen_day": 3544.9779957109204, "roi_emissions_kg_day": 18.863984422530482, "roi_shifted_trips_per_day": 14.51075724810037, "roi_congestion_savings_yen_day": 5077.6041762552823, "roi_operating_savings_yen_day": 708.99559914218412, "roi_emissions_avoided_kg_day": 3.7727968845060964, "roi_health_benefit_yen_day": 435.32271744301113, "roi_parking_spaces_freed": 0.2902151449620074 }, "geometry": { "type": "Polygon", "coordinates": [ [ [ 139.597737829301707, 35.358265079202489 ], [ 139.597172227024913, 35.360016504267598 ], [ 139.595198770569681, 35.360489919718553 ], [ 139.593791012040128, 35.359211929016801 ], [ 139.594356663091986, 35.357460557150269 ], [ 139.596330023901515, 35.356987122787181 ], [ 139.597737829301707, 35.358265079202489 ] ] ] } },
{ "type": "Feature", "properties": { "hex_id": "892f5bd243bffff", "population": 71.538079298659525, "production_score": 0.025355028149597433, "attraction_score": 0.0024067388688327317, "demand_score": 0.026383285123117217, "stress_score": 1.3333333333333333, "infra_quality_score": 0.88888888888888895, "gap_score": -0.86250560376577168, "schools_nearby": 0, "stations_nearby": 0, "shops_nearby": 2, "bike_parking_nearby": 0, "bike_parking_capacity_nearby": 0.0, "bike_sharing_nearby": 0, "bike_sharing_capacity_nearby": 0.0, "flat_terrain": 0, "roi_car_trips_per_day": 50.076655509061666, "roi_congestion_cost_yen_day": 17522.823295730857, "roi_operating_cost_yen_day": 2446.7453881727529, "roi_emissions_kg_day": 13.019930432356034, "roi_shifted_trips_per_day": 10.015331101812334, "roi_congestion_savings_yen_day": 3504.5646591461723, "roi_operating_savings_yen_day": 489.34907763455067, "roi_emissions_avoided_kg_day": 2.603986086471207, "roi_health_benefit_yen_day": 300.45993305437003, "roi_parking_spaces_freed": 0.20030662203624669 }, "geometry": { "type": "Polygon", "coordinates": [ [ [ 139.600276818880673, 35.356040123573997 ], [ 139.599711274613924, 35.357791589049015 ], [ 139.597737829301707, 35.358265079202489 ], [ 139.596330023901515, 35.356987122787181 ], [ 139.596895616948188, 35.355235710509589 ], [ 139.59886896661834, 35.354762201450136 ], [ 139.600276818880673, 35.356040123573997 ] ] ] } },
{ "type": "Feature", "properties": { "hex_id": "892f5bd2443ffff", "population": 449.82614458852652, "production_score": 0.15943053923563597, "attraction_score": 0.018050541516245487, "demand_score": 0.1152433782631585, "stress_score": 2.0625, "infra_quality_score": 0.64583333333333326, "gap_score": -0.5305899550701747, "schools_nearby": 2, "stations_nearby": 0, "shops_nearby": 9, "bike_parking_nearby": 0, "bike_parking_capacity_nearby": 0.0, "bike_sharing_nearby": 0, "bike_sharing_capacity_nearby": 0.0, "flat_terrain": 0, "roi_car_trips_per_day": 314.87830121196856, "roi_congestion_cost_yen_day": 110182.21516009205, "roi_operating_cost_yen_day": 15384.953797216784, "roi_emissions_kg_day": 81.868358315111834, "roi_shifted_trips_per_day": 62.975660242393715, "roi_congestion_savings_yen_day": 22036.443032018411, "roi_operating_savings_yen_day": 3076.9907594433571, "roi_emissions_avoided_kg_day": 16.373671663022368, "roi_health_benefit_yen_day": 1889.2698072718115, "roi_parking_spaces_freed": 1.2595132048478743 }, "geometry": { "type": "Polygon", "coordinates": [ [ [ 139.611264671965898, 35.361482583341356 ], [ 139.610699264903275, 35.363234221175794 ], [ 139.608725470460485, 35.363707859861172 ], [ 139.607317178747849, 35.362429879600811 ], [ 139.607882634631125, 35.360678294954958 ], [ 139.609856333409567, 35.360204637381152 ], [ 139.611264671965898, 35.361482583341356 ] ] ] } },
{ "type": "Feature", "properties": { "hex_id": "892f5bd244bffff", "population": 449.81029258307512, "production_score": 0.15942492085660778, "attraction_score": 0.022864019253910951, "demand_score": 0.14864961388716641, "stress_score": 2.6969696969696968, "infra_quality_score": 0.43434343434343436, "gap_score": -0.28569382045626796, "schools_nearby": 2, "stations_nearby": 0, "shops_nearby": 13, "bike_parking_nearby": 0, "bike_parking_capacity_nearby": 0.0, "bike_sharing_nearby": 1, "bike_sharing_capacity_nearby": 6.0, "flat_terrain": 0, "roi_car_trips_per_day": 314.86720480815262, "roi_congestion_cost_yen_day": 110178.33230646877, "roi_operating_cost_yen_day": 15384.411626926338, "roi_emissions_kg_day": 81.865473250119678, "roi_shifted_trips_per_day": 62.97344096163053, "roi_congestion_savings_yen_day": 22035.666461293757, "roi_operating_savings_yen_day": 3076.8823253852674, "roi_emissions_avoided_kg_day": 16.373094650023937, "roi_health_benefit_yen_day": 1889.2032288489158, "roi_parking_spaces_freed": 1.2594688192326107 }, "geometry": { "type": "Polygon", "coordinates": [ [ [ 139.612107689922794, 35.364512198799048 ], [ 139.611542273657079, 35.366263849406543 ], [ 139.609568383541557, 35.366737469203258 ], [ 139.608160005367608, 35.365459457281432 ], [ 139.608725470460485, 35.363707859861172 ], [ 139.610699264903275, 35.363234221175794 ], [ 139.612107689922794, 35.364512198799048 ] ] ] } },
{ "type": "Feature", "properties": { "hex_id": "892f5bd2463ffff", "population": 284.35048155038834, "production_score": 0.10078149336330836, "attraction_score": 0.012033694344163659, "demand_score": 0.072818649030948535, "stress_score": 1.6666666666666667, "infra_quality_score": 0.77777777777777779, "gap_score": -0.70495912874682931, "schools_nearby": 0, "stations_nearby": 0, "shops_nearby": 10, "bike_parking_nearby": 0, "bike_parking_capacity_nearby": 0.0, "bike_sharing_nearby": 0, "bike_sharing_capacity_nearby": 0.0, "flat_terrain": 0, "roi_car_trips_per_day": 199.04533708527183, "roi_congestion_cost_yen_day": 69649.944352878316, "roi_operating_cost_yen_day": 9725.355169986382, "roi_emissions_kg_day": 51.751787642170676, "roi_shifted_trips_per_day": 39.809067417054365, "roi_congestion_savings_yen_day": 13929.988870575664, "roi_operating_savings_yen_day": 1945.0710339972763, "roi_emissions_avoided_kg_day": 10.350357528434134, "roi_health_benefit_yen_day": 1194.2720225116309, "roi_parking_spaces_freed": 0.79618134834108734 }, "geometry": { "type": "Polygon", "coordinates": [ [ [ 139.601961684918365, 35.362099006630253 ], [ 139.60139612220533, 35.363850497668551 ], [ 139.599422485583943, 35.364323950009322 ], [ 139.598014507337552, 35.363045930218604 ], [ 139.598580118843586, 35.361294492375052 ], [ 139.600553659806167, 35.360821021127819 ], [ 139.601961684918365, 35.362099006630253 ] ] ] } },
{ "type": "Feature", "properties": { "hex_id": "892f5bd246bffff", "population": 382.72561626482542, "production_score": 0.13564829904719719, "attraction_score": 0.027677496991576414, "demand_score": 0.091374554929360224, "stress_score": 1.6842105263157894, "infra_quality_score": 0.77192982456140358, "gap_score": -0.68055526963204338, "schools_nearby": 4, "stations_nearby": 0, "shops_nearby": 11, "bike_parking_nearby": 0, "bike_parking_capacity_nearby": 0.0, "bike_sharing_nearby": 0, "bike_sharing_capacity_nearby": 0.0, "flat_terrain": 0, "roi_car_trips_per_day": 267.90793138537782, "roi_congestion_cost_yen_day": 93746.343350371419, "roi_operating_cost_yen_day": 13089.981527489561, "roi_emissions_kg_day": 69.656062160198232, "roi_shifted_trips_per_day": 53.581586277075566, "roi_congestion_savings_yen_day": 18749.268670074282, "roi_operating_savings_yen_day": 2617.9963054979121, "roi_emissions_avoided_kg_day": 13.931212432039647, "roi_health_benefit_yen_day": 1607.447588312267, "roi_parking_spaces_freed": 1.0716317255415113 }, "geometry": { "type": "Polygon", "coordinates": [ [ [ 139.602804233756473, 35.365128514847015 ], [ 139.602238661821701, 35.366880018653283 ], [ 139.600264929533154, 35.367353452087379 ], [ 139.598856864849665, 35.366075400622194 ], [ 139.599422485583943, 35.364323950009322 ], [ 139.60139612220533, 35.363850497668551 ], [ 139.602804233756473, 35.365128514847015 ] ] ] } },
{ "type": "Feature", "properties": { "hex_id": "892f5bd2473ffff", "population": 449.76613347506748, "production_score": 0.15940926967562039, "attraction_score": 0.0060168471720818293, "demand_score": 0.097899140896695769, "stress_score": 1.8, "infra_quality_score": 0.73333333333333339, "gap_score": -0.63543419243663757, "schools_nearby": 0, "stations_nearby": 0, "shops_nearby": 5, "bike_parking_nearby": 0, "bike_parking_capacity_nearby": 0.0, "bike_sharing_nearby": 0, "bike_sharing_capacity_nearby": 0.0, "flat_terrain": 0, "roi_car_trips_per_day": 314.83629343254722, "roi_congestion_cost_yen_day": 110167.51579791693, "roi_operating_cost_yen_day": 15382.901297114257, "roi_emissions_kg_day": 81.857436292462282, "roi_shifted_trips_per_day": 62.967258686509446, "roi_congestion_savings_yen_day": 22033.503159583386, "roi_operating_savings_yen_day": 3076.5802594228517, "roi_emissions_avoided_kg_day": 16.371487258492458, "roi_health_benefit_yen_day": 1889.0177605952833, "roi_parking_spaces_freed": 1.2593451737301888 }, "geometry": { "type": "Polygon", "coordinates": [ [ [ 139.604500815073834, 35.359873948123727 ], [ 139.603935310381303, 35.361625479578514 ], [ 139.601961684918365, 35.362099006630253 ], [ 139.600553659806167, 35.360821021127819 ], [ 139.601119213296528, 35.359069542866614 ], [ 139.603092743104412, 35.358595996914566 ], [ 139.604500815073834, 35.359873948123727 ] ] ] } },
{ "type": "Feature", "properties": { "hex_id": "892f5bd247bffff", "population": 449.77733532393938, "production_score": 0.15941323991351689, "attraction_score": 0.021660649819494584, "demand_score": 0.11337586140655401, "stress_score": 2.0, "infra_quality_score": 0.66666666666666674, "gap_score": -0.55329080526011276, "schools_nearby": 2, "stations_nearby": 0, "shops_nearby": 12, "bike_parking_nearby": 0, "bike_parking_capacity_nearby": 0.0, "bike_sharing_nearby": 0, "bike_sharing_capacity_nearby": 0.0, "flat_terrain": 0, "roi_car_trips_per_day": 314.8441347267576, "roi_congestion_cost_yen_day": 110170.25962358703, "roi_operating_cost_yen_day": 15383.284422749377, "roi_emissions_kg_day": 81.859475028956979, "roi_shifted_trips_per_day": 62.968826945351523, "roi_congestion_savings_yen_day": 22034.051924717405, "roi_operating_savings_yen_day": 3076.6568845498755, "roi_emissions_avoided_kg_day": 16.371895005791398, "roi_health_benefit_yen_day": 1889.0648083605456, "roi_parking_spaces_freed": 1.2593765389070304 }, "geometry": { "type": "Polygon", "coordinates": [ [ [ 139.605343468791517, 35.362903462465276 ], [ 139.604777954882849, 35.364655006695799 ], [ 139.602804233756473, 35.365128514847015 ], [ 139.60139612220533, 35.363850497668551 ], [ 139.601961684918365, 35.362099006630253 ], [ 139.603935310381303, 35.361625479578514 ], [ 139.605343468791517, 35.362903462465276 ] ] ] } },
{ "type": "Feature", "properties": { "hex_id": "892f5bd2603ffff", "population": 978.77704241012634, "production_score": 0.34690502884319807, "attraction_score": 0.061371841155234655, "demand_score": 0.21095246005500701, "stress_score": 2.3611111111111112, "infra_quality_score": 0.54629629629629628, "gap_score": -0.33534383624128927, "schools_nearby": 7, "stations_nearby": 1, "shops_nearby": 27, "bike_parking_nearby": 0, "bike_parking_capacity_nearby": 0.0, "bike_sharing_nearby": 2, "bike_sharing_capacity_nearby": 12.0, "flat_terrain": 0, "roi_car_trips_per_day": 685.14392968708842, "roi_congestion_cost_yen_day": 239745.563876106, "roi_operating_cost_yen_day": 33476.13240451114, "roi_emissions_kg_day": 178.137421718643, "roi_shifted_trips_per_day": 137.02878593741769, "roi_congestion_savings_yen_day": 47949.112775221205, "roi_operating_savings_yen_day": 6695.2264809022281, "roi_emissions_avoided_kg_day": 35.627484343728604, "roi_health_benefit_yen_day": 4110.8635781225312, "roi_parking_spaces_freed": 2.7405757187483539 }, "geometry": { "type": "Polygon", "coordinates": [ [ [ 139.612097586397368, 35.375826563665107 ], [ 139.611532084475357, 35.377578212092011 ], [ 139.6095578960946, 35.378051700481194 ], [ 139.608149305340618, 35.376773559339306 ], [ 139.608714856104484, 35.375021964096746 ], [ 139.610688948783604, 35.374548456812043 ], [ 139.612097586397368, 35.375826563665107 ] ] ] } },
{ "type": "Feature", "properties": { "hex_id": "892f5bd260bffff", "population": 1022.7146321678393, "production_score": 0.3624776977777574, "attraction_score": 0.11432009626955475, "demand_score": 0.21973637077370212, "stress_score": 2.0571428571428569, "infra_quality_score": 0.64761904761904776, "gap_score": -0.42788267684534564, "schools_nearby": 5, "stations_nearby": 1, "shops_nearby": 77, "bike_parking_nearby": 0, "bike_parking_capacity_nearby": 0.0, "bike_sharing_nearby": 3, "bike_sharing_capacity_nearby": 14.0, "flat_terrain": 0, "roi_car_trips_per_day": 715.90024251748753, "roi_congestion_cost_yen_day": 250507.81286171926, "roi_operating_cost_yen_day": 34978.88584940444, "roi_emissions_kg_day": 186.13406305454677, "roi_shifted_trips_per_day": 143.18004850349752, "roi_congestion_savings_yen_day": 50101.56257234385, "roi_operating_savings_yen_day": 6995.7771698808883, "roi_emissions_avoided_kg_day": 37.226812610909356, "roi_health_benefit_yen_day": 4295.4014551049258, "roi_parking_spaces_freed": 2.8636009700699505 }, "geometry": { "type": "Polygon", "coordinates": [ [ [ 139.612940808587695, 35.378856350571105 ], [ 139.612375297460801, 35.380608011726927 ], [ 139.610401013369938, 35.381081481220377 ], [ 139.608992336119201, 35.379803308454044 ], [ 139.6095578960946, 35.378051700481194 ], [ 139.611532084475357, 35.377578212092011 ], [ 139.612940808587695, 35.378856350571105 ] ] ] } },
{ "type": "Feature", "properties": { "hex_id": "892f5bd2613ffff", "population": 862.68801372609073, "production_score": 0.30575994053498706, "attraction_score": 0.032490974729241874, "demand_score": 0.18549308350037486, "stress_score": 2.3421052631578947, "infra_quality_score": 0.55263157894736836, "gap_score": -0.36713849544699351, "schools_nearby": 5, "stations_nearby": 0, "shops_nearby": 12, "bike_parking_nearby": 0, "bike_parking_capacity_nearby": 0.0, "bike_sharing_nearby": 2, "bike_sharing_capacity_nearby": 6.0, "flat_terrain": 0, "roi_car_trips_per_day": 603.88160960826349, "roi_congestion_cost_yen_day": 211310.25283412356, "roi_operating_cost_yen_day": 29505.655445459754, "roi_emissions_kg_day": 157.0092184981485, "roi_shifted_trips_per_day": 120.77632192165271, "roi_congestion_savings_yen_day": 42262.050566824721, "roi_operating_savings_yen_day": 5901.1310890919513, "roi_emissions_avoided_kg_day": 31.401843699629705, "roi_health_benefit_yen_day": 3623.2896576495814, "roi_parking_spaces_freed": 2.4155264384330541 }, "geometry": { "type": "Polygon", "coordinates": [ [ [ 139.614637207450841, 35.373601311663691 ], [ 139.614071763581478, 35.375353000535767 ], [ 139.612097586397368, 35.375826563665107 ], [ 139.610688948783604, 35.374548456812043 ], [ 139.61125444149971, 35.372796821123181 ], [ 139.613228522985935, 35.372323239104482 ], [ 139.614637207450841, 35.373601311663691 ] ] ] } },
{ "type": "Feature", "properties": { "hex_id": "892f5bd261bffff", "population": 1238.6283330896649, "production_score": 0.43900334703235278, "attraction_score": 0.096269554753309269, "demand_score": 0.26619166947113554, "stress_score": 2.5769230769230771, "infra_quality_score": 0.47435897435897434, "gap_score": -0.2081673048878388, "schools_nearby": 4, "stations_nearby": 1, "shops_nearby": 65, "bike_parking_nearby": 0, "bike_parking_capacity_nearby": 0.0, "bike_sharing_nearby": 2, "bike_sharing_capacity_nearby": 7.0, "flat_terrain": 0, "roi_car_trips_per_day": 867.03983316276538, "roi_congestion_cost_yen_day": 303394.57842031488, "roi_operating_cost_yen_day": 42363.566248332718, "roi_emissions_kg_day": 225.43035662231901, "roi_shifted_trips_per_day": 173.4079666325531, "roi_congestion_savings_yen_day": 60678.91568406298, "roi_operating_savings_yen_day": 8472.7132496665436, "roi_emissions_avoided_kg_day": 45.086071324463809, "roi_health_benefit_yen_day": 5202.2389989765925, "roi_parking_spaces_freed": 3.4681593326510622 }, "geometry": { "type": "Polygon", "coordinates": [ [ [ 139.615480534546862, 35.376631104722598 ], [ 139.614915081478188, 35.378382806331324 ], [ 139.612940808587695, 35.378856350571105 ], [ 139.611532084475357, 35.377578212092011 ], [ 139.612097586397368, 35.375826563665107 ], [ 139.614071763581478, 35.375353000535767 ], [ 139.615480534546862, 35.376631104722598 ] ] ] } },
{ "type": "Feature", "properties": { "hex_id": "892f5bd2623ffff", "population": 1040.4918317823044, "production_score": 0.36877841763303898, "attraction_score": 0.087845968712394709, "demand_score": 0.21436398976635632, "stress_score": 2.0909090909090908, "infra_quality_score": 0.63636363636363646, "gap_score": -0.42199964659728018, "schools_nearby": 7, "stations_nearby": 1, "shops_nearby": 49, "bike_parking_nearby": 0, "bike_parking_capacity_nearby": 0.0, "bike_sharing_nearby": 0, "bike_sharing_capacity_nearby": 0.0, "flat_terrain": 0, "roi_car_trips_per_day": 728.34428224761325, "roi_congestion_cost_yen_day": 254862.23124408483, "roi_operating_cost_yen_day": 35586.901630618384, "roi_emissions_kg_day": 189.36951338437945, "roi_shifted_trips_per_day": 145.66885644952265, "roi_congestion_savings_yen_day": 50972.446248816967, "roi_operating_savings_yen_day": 7117.3803261236762, "roi_emissions_avoided_kg_day": 37.873902676875893, "roi_health_benefit_yen_day": 4370.0656934856797, "roi_parking_spaces_freed": 2.9133771289904531 }, "geometry": { "type": "Polygon", "coordinates": [ [ [ 139.602792724735963, 35.376442224804812 ], [ 139.602227067097942, 35.378193726404149 ], [ 139.600253036591937, 35.378667028377308 ], [ 139.598844759423287, 35.377388847664996 ], [ 139.599410465875536, 35.375637399256149 ], [ 139.601384400685419, 35.375164078369437 ], [ 139.602792724735963, 35.376442224804812 ] ] ] } },
{ "type": "Feature", "properties": { "hex_id": "892f5bd262bffff", "population": 1014.0144413703279, "production_score": 0.35939411509367625, "attraction_score": 0.087845968712394709, "demand_score": 0.21153402933212481, "stress_score": 2.1, "infra_quality_score": 0.6333333333333333, "gap_score": -0.42179930400120846, "schools_nearby": 8, "stations_nearby": 1, "shops_nearby": 46, "bike_parking_nearby": 0, "bike_parking_capacity_nearby": 0.0, "bike_sharing_nearby": 0, "bike_sharing_capacity_nearby": 0.0, "flat_terrain": 0, "roi_car_trips_per_day": 709.81010895922941, "roi_congestion_cost_yen_day": 248376.75332701358, "roi_operating_cost_yen_day": 34681.32192374795, "roi_emissions_kg_day": 184.55062832939964, "roi_shifted_trips_per_day": 141.9620217918459, "roi_congestion_savings_yen_day": 49675.350665402722, "roi_operating_savings_yen_day": 6936.2643847495901, "roi_emissions_avoided_kg_day": 36.910125665879931, "roi_health_benefit_yen_day": 4258.8606537553769, "roi_parking_spaces_freed": 2.8392404358369179 }, "geometry": { "type": "Polygon", "coordinates": [ [ [ 139.603635477622845, 35.379471904478542 ], [ 139.603069810761212, 35.381223418801767 ], [ 139.601095684550728, 35.381696701861166 ], [ 139.599687320909538, 35.380418489511399 ], [ 139.600253036591937, 35.378667028377308 ], [ 139.602227067097942, 35.378193726404149 ], [ 139.603635477622845, 35.379471904478542 ] ] ] } },
{ "type": "Feature", "properties": { "hex_id": "892f5bd2633ffff", "population": 651.08505913907925, "production_score": 0.23076213625102168, "attraction_score": 0.080625752105896509, "demand_score": 0.17637706527274744, "stress_score": 2.347826086956522, "infra_quality_score": 0.55072463768115942, "gap_score": -0.37434757240841199, "schools_nearby": 8, "stations_nearby": 1, "shops_nearby": 40, "bike_parking_nearby": 0, "bike_parking_capacity_nearby": 0.0, "bike_sharing_nearby": 0, "bike_sharing_capacity_nearby": 0.0, "flat_terrain": 0, "roi_car_trips_per_day": 455.75954139735546, "roi_congestion_cost_yen_day": 159479.37872576262, "roi_operating_cost_yen_day": 22268.411192674786, "roi_emissions_kg_day": 118.49748076331242, "roi_shifted_trips_per_day": 91.151908279471101, "roi_congestion_savings_yen_day": 31895.875745152531, "roi_operating_savings_yen_day": 4453.6822385349578, "roi_emissions_avoided_kg_day": 23.699496152662487, "roi_health_benefit_yen_day": 2734.5572483841329, "roi_parking_spaces_freed": 1.8230381655894221 }, "geometry": { "type": "Polygon", "coordinates": [ [ [ 139.605332343670824, 35.374217306036442 ], [ 139.604766744076414, 35.37596884809215 ], [ 139.602792724735963, 35.376442224804812 ], [ 139.601384400685419, 35.375164078369437 ], [ 139.601950049098917, 35.373412589503083 ], [ 139.603923972747026, 35.372939193883042 ], [ 139.605332343670824, 35.374217306036442 ] ] ] } },
{ "type": "Feature", "properties": { "hex_id": "892f5bd263bffff", "population": 1011.436665544751, "production_score": 0.35848048169365176, "attraction_score": 0.083032490974729242, "demand_score": 0.20881525471964765, "stress_score": 2.0857142857142859, "infra_quality_score": 0.63809523809523805, "gap_score": -0.42927998337559037, "schools_nearby": 7, "stations_nearby": 1, "shops_nearby": 45, "bike_parking_nearby": 0, "bike_parking_capacity_nearby": 0.0, "bike_sharing_nearby": 0, "bike_sharing_capacity_nearby": 0.0, "flat_terrain": 0, "roi_car_trips_per_day": 708.00566588132563, "roi_congestion_cost_yen_day": 247745.34260519347, "roi_operating_cost_yen_day": 34593.15683496157, "roi_emissions_kg_day": 184.08147312914468, "roi_shifted_trips_per_day": 141.60113317626514, "roi_congestion_savings_yen_day": 49549.068521038702, "roi_operating_savings_yen_day": 6918.6313669923147, "roi_emissions_avoided_kg_day": 36.816294625828938, "roi_health_benefit_yen_day": 4248.033995287954, "roi_parking_spaces_freed": 2.832022663525303 }, "geometry": { "type": "Polygon", "coordinates": [ [ [ 139.606175201476475, 35.377246991886132 ], [ 139.605609592664081, 35.378998546673479 ], [ 139.603635477622845, 35.379471904478542 ], [ 139.602227067097942, 35.378193726404149 ], [ 139.602792724735963, 35.376442224804812 ], [ 139.604766744076414, 35.37596884809215 ], [ 139.606175201476475, 35.377246991886132 ] ] ] } },
{ "type": "Feature", "properties": { "hex_id": "892f5bd2643ffff", "population": 1093.7992834157749, "production_score": 0.38767201877526697, "attraction_score": 0.2009626955475331, "demand_score": 0.26484567942474468, "stress_score": 2.1764705882352939, "infra_quality_score": 0.60784313725490202, "gap_score": -0.34299745783015734, "schools_nearby": 6, "stations_nearby": 3, "shops_nearby": 140, "bike_parking_nearby": 0, "bike_parking_capacity_nearby": 0.0, "bike_sharing_nearby": 5, "bike_sharing_capacity_nearby": 46.0, "flat_terrain": 0, "roi_car_trips_per_day": 765.65949839104235, "roi_congestion_cost_yen_day": 267919.57167699357, "roi_operating_cost_yen_day": 37410.123091386326, "roi_emissions_kg_day": 199.07146958167101, "roi_shifted_trips_per_day": 153.13189967820847, "roi_congestion_savings_yen_day": 53583.914335398709, "roi_operating_savings_yen_day": 7482.0246182772653, "roi_emissions_avoided_kg_day": 39.814293916334201, "roi_health_benefit_yen_day": 4593.9569903462543, "roi_parking_spaces_freed": 3.0626379935641697 }, "geometry": { "type": "Polygon", "coordinates": [ [ [ 139.617167420680545, 35.382690823888645 ], [ 139.616601949216005, 35.384442550943433 ], [ 139.614627484887677, 35.384916057403373 ], [ 139.61321858775014, 35.383637855698836 ], [ 139.613784108081092, 35.38188618182317 ], [ 139.615758476686295, 35.381412656473209 ], [ 139.617167420680545, 35.382690823888645 ] ] ] } },
{ "type": "Feature", "properties": { "hex_id": "892f5bd264bffff", "population": 846.39000312190319, "production_score": 0.29998348523030355, "attraction_score": 0.21660649819494585, "demand_score": 0.39058910289448939, "stress_score": 2.1956521739130435, "infra_quality_score": 0.60144927536231885, "gap_score": -0.21086017246782945, "schools_nearby": 5, "stations_nearby": 4, "shops_nearby": 153, "bike_parking_nearby": 1, "bike_parking_capacity_nearby": 4.0, "bike_sharing_nearby": 1, "bike_sharing_capacity_nearby": 10.0, "flat_terrain": 1, "roi_car_trips_per_day": 592.47300218533223, "roi_congestion_cost_yen_day": 207318.15292469147, "roi_operating_cost_yen_day": 28948.230886775331, "roi_emissions_kg_day": 154.04298056818638, "roi_shifted_trips_per_day": 118.49460043706645, "roi_congestion_savings_yen_day": 41463.630584938292, "roi_operating_savings_yen_day": 5789.6461773550664, "roi_emissions_avoided_kg_day": 30.808596113637279, "roi_health_benefit_yen_day": 3554.8380131119934, "roi_parking_spaces_freed": 2.3698920087413291 }, "geometry": { "type": "Polygon", "coordinates": [ [ [ 139.618010979738727, 35.385720749959894 ], [ 139.617445499077633, 35.387472489724097 ], [ 139.615470939017769, 35.387945977293754 ], [ 139.614061955353662, 35.38666774398979 ], [ 139.614627484887677, 35.384916057403373 ], [ 139.616601949216005, 35.384442550943433 ], [ 139.618010979738727, 35.385720749959894 ] ] ] } },
{ "type": "Feature", "properties": { "hex_id": "892f5bd2653ffff", "population": 1285.8463353579343, "production_score": 0.45573868279222912, "attraction_score": 0.17569193742478942, "demand_score": 0.27100071707595647, "stress_score": 2.0, "infra_quality_score": 0.66666666666666674, "gap_score": -0.39566594959071028, "schools_nearby": 4, "stations_nearby": 3, "shops_nearby": 125, "bike_parking_nearby": 0, "bike_parking_capacity_nearby": 0.0, "bike_sharing_nearby": 3, "bike_sharing_capacity_nearby": 35.0, "flat_terrain": 0, "roi_car_trips_per_day": 900.09243475055416, "roi_congestion_cost_yen_day": 314960.34476791392, "roi_operating_cost_yen_day": 43978.516361912079, "roi_emissions_kg_day": 234.0240330351441, "roi_shifted_trips_per_day": 180.01848695011086, "roi_congestion_savings_yen_day": 62992.068953582791, "roi_operating_savings_yen_day": 8795.7032723824159, "roi_emissions_avoided_kg_day": 46.804806607028823, "roi_health_benefit_yen_day": 5400.5546085033257, "roi_parking_spaces_freed": 3.6003697390022174 }, "geometry": { "type": "Polygon", "coordinates": [ [ [ 139.61970728718893, 35.38046547515966 ], [ 139.619141873793126, 35.382217242673939 ], [ 139.617167420680545, 35.382690823888645 ], [ 139.615758476686295, 35.381412656473209 ], [ 139.616323938953343, 35.37966094213688 ], [ 139.618298296346552, 35.379187342038335 ], [ 139.61970728718893, 35.38046547515966 ] ] ] } },
{ "type": "Feature", "properties": { "hex_id": "892f5bd265bffff", "population": 960.20340748606282, "production_score": 0.34032203079576795, "attraction_score": 0.19374247894103488, "demand_score": 0.4111650026503052, "stress_score": 2.4848484848484849, "infra_quality_score": 0.50505050505050497, "gap_score": -0.093885502400199772, "schools_nearby": 5, "stations_nearby": 3, "shops_nearby": 137, "bike_parking_nearby": 1, "bike_parking_capacity_nearby": 4.0, "bike_sharing_nearby": 3, "bike_sharing_capacity_nearby": 42.0, "flat_terrain": 1, "roi_car_trips_per_day": 672.14238524024404, "roi_congestion_cost_yen_day": 235196.0634432662, "roi_operating_cost_yen_day": 32840.876942838324, "roi_emissions_kg_day": 174.75702016246345, "roi_shifted_trips_per_day": 134.42847704804882, "roi_congestion_savings_yen_day": 47039.212688653242, "roi_operating_savings_yen_day": 6568.1753885676653, "roi_emissions_avoided_kg_day": 34.951404032492697, "roi_health_benefit_yen_day": 4032.8543114414647, "roi_parking_spaces_freed": 2.6885695409609762 }, "geometry": { "type": "Polygon", "coordinates": [ [ [ 139.620550951165797, 35.383495407397852 ], [ 139.619985528579065, 35.38524718762929 ], [ 139.618010979738727, 35.385720749959894 ], [ 139.616601949216005, 35.384442550943433 ], [ 139.617167420680545, 35.382690823888645 ], [ 139.619141873793126, 35.382217242673939 ], [ 139.620550951165797, 35.383495407397852 ] ] ] } },
{ "type": "Feature", "properties": { "hex_id": "892f5bd2663ffff", "population": 1140.1441705918967, "production_score": 0.4040978989562925, "attraction_score": 0.095066185318892896, "demand_score": 0.23047666026554567, "stress_score": 2.1153846153846154, "infra_quality_score": 0.62820512820512819, "gap_score": -0.3977284679395825, "schools_nearby": 9, "stations_nearby": 2, "shops_nearby": 46, "bike_parking_nearby": 0, "bike_parking_capacity_nearby": 0.0, "bike_sharing_nearby": 2, "bike_sharing_capacity_nearby": 17.0, "flat_terrain": 0, "roi_car_trips_per_day": 798.10091941432768, "roi_congestion_cost_yen_day": 279271.47372146155, "roi_operating_cost_yen_day": 38995.210922584047, "roi_emissions_kg_day": 207.50623904772522, "roi_shifted_trips_per_day": 159.62018388286555, "roi_congestion_savings_yen_day": 55854.294744292318, "roi_operating_savings_yen_day": 7799.0421845168103, "roi_emissions_avoided_kg_day": 41.501247809545042, "roi_health_benefit_yen_day": 4788.6055164859663, "roi_parking_spaces_freed": 3.1924036776573108 }, "geometry": { "type": "Polygon", "coordinates": [ [ [ 139.607861148900668, 35.383306496657667 ], [ 139.607295521655004, 35.385058076881002 ], [ 139.605321215187047, 35.385531396870157 ], [ 139.603912631685432, 35.384253155544343 ], [ 139.604478307769796, 35.382501628506297 ], [ 139.6064525185202, 35.382028289609075 ], [ 139.607861148900668, 35.383306496657667 ] ] ] } },
{ "type": "Feature", "properties": { "hex_id": "892f5bd266bffff", "population": 1203.2112062172987, "production_score": 0.42645056035383849, "attraction_score": 0.1444043321299639, "demand_score": 0.24729921236933081, "stress_score": 1.95, "infra_quality_score": 0.68333333333333335, "gap_score": -0.43603412096400251, "schools_nearby": 6, "stations_nearby": 2, "shops_nearby": 96, "bike_parking_nearby": 0, "bike_parking_capacity_nearby": 0.0, "bike_sharing_nearby": 3, "bike_sharing_capacity_nearby": 20.0, "flat_terrain": 0, "roi_car_trips_per_day": 842.24784435210904, "roi_congestion_cost_yen_day": 294719.36569569004, "roi_operating_cost_yen_day": 41152.229675044044, "roi_emissions_kg_day": 218.98443953154836, "roi_shifted_trips_per_day": 168.44956887042181, "roi_congestion_savings_yen_day": 58943.873139138006, "roi_operating_savings_yen_day": 8230.4459350088091, "roi_emissions_avoided_kg_day": 43.796887906309671, "roi_health_benefit_yen_day": 5053.4870661126542, "roi_parking_spaces_freed": 3.3689913774084363 }, "geometry": { "type": "Polygon", "coordinates": [ [ [ 139.608704238539701, 35.386336315543588 ], [ 139.608138602078867, 35.38808790847127 ], [ 139.606164199884915, 35.388561209552151 ], [ 139.604755529880975, 35.387282936613893 ], [ 139.605321215187047, 35.385531396870157 ], [ 139.607295521655004, 35.385058076881002 ], [ 139.608704238539701, 35.386336315543588 ] ] ] } },
{ "type": "Feature", "properties": { "hex_id": "892f5bd2673ffff", "population": 1011.5292686735986, "production_score": 0.35851330274450594, "attraction_score": 0.11191335740072202, "demand_score": 0.21839933105082976, "stress_score": 2.075, "infra_quality_score": 0.64166666666666661, "gap_score": -0.42326733561583685, "schools_nearby": 7, "stations_nearby": 1, "shops_nearby": 69, "bike_parking_nearby": 0, "bike_parking_capacity_nearby": 0.0, "bike_sharing_nearby": 0, "bike_sharing_capacity_nearby": 0.0, "flat_terrain": 0, "roi_car_trips_per_day": 708.07048807151898, "roi_congestion_cost_yen_day": 247768.02518598593, "roi_operating_cost_yen_day": 34596.324047174414, "roi_emissions_kg_day": 184.09832689859493, "roi_shifted_trips_per_day": 141.6140976143038, "roi_congestion_savings_yen_day": 49553.605037197187, "roi_operating_savings_yen_day": 6919.2648094348833, "roi_emissions_avoided_kg_day": 36.819665379718991, "roi_health_benefit_yen_day": 4248.4229284291141, "roi_parking_spaces_freed": 2.8322819522860763 }, "geometry": { "type": "Polygon", "coordinates": [ [ [ 139.610401013369938, 35.381081481220377 ], [ 139.609835444184, 35.382833101914429 ], [ 139.607861148900668, 35.383306496657667 ], [ 139.6064525185202, 35.382028289609075 ], [ 139.607018136549698, 35.380276722099204 ], [ 139.608992336119201, 35.379803308454044 ], [ 139.610401013369938, 35.381081481220377 ] ] ] } },
{ "type": "Feature", "properties": { "hex_id": "892f5bd267bffff", "population": 1190.2391406766469, "production_score": 0.42185290984146567, "attraction_score": 0.20336943441636582, "demand_score": 0.27115340188558984, "stress_score": 2.0465116279069768, "infra_quality_score": 0.65116279069767447, "gap_score": -0.38000938881208463, "schools_nearby": 7, "stations_nearby": 2, "shops_nearby": 142, "bike_parking_nearby": 0, "bike_parking_capacity_nearby": 0.0, "bike_sharing_nearby": 3, "bike_sharing_capacity_nearby": 20.0, "flat_terrain": 0, "roi_car_trips_per_day": 833.16739847365295, "roi_congestion_cost_yen_day": 291541.93607390067, "roi_operating_cost_yen_day": 40708.559089422684, "roi_emissions_kg_day": 216.62352360314978, "roi_shifted_trips_per_day": 166.6334796947306, "roi_congestion_savings_yen_day": 58308.38721478013, "roi_operating_savings_yen_day": 8141.7118178845367, "roi_emissions_avoided_kg_day": 43.32470472062996, "roi_health_benefit_yen_day": 4999.0043908419175, "roi_parking_spaces_freed": 3.3326695938946118 }, "geometry": { "type": "Polygon", "coordinates": [ [ [ 139.611244207940814, 35.38411130629634 ], [ 139.610678629545276, 35.385862939702463 ], [ 139.608704238539701, 35.386336315543588 ], [ 139.607295521655004, 35.385058076881002 ], [ 139.607861148900668, 35.383306496657667 ], [ 139.609835444184, 35.382833101914429 ], [ 139.611244207940814, 35.38411130629634 ] ] ] } },
{ "type": "Feature", "properties": { "hex_id": "892f5bd2683ffff", "population": 1103.8490232691092, "production_score": 0.39123391810742025, "attraction_score": 0.020457280385078221, "demand_score": 0.20909191947237443, "stress_score": 2.3, "infra_quality_score": 0.56666666666666665, "gap_score": -0.35757474719429222, "schools_nearby": 2, "stations_nearby": 0, "shops_nearby": 11, "bike_parking_nearby": 0, "bike_parking_capacity_nearby": 0.0, "bike_sharing_nearby": 0, "bike_sharing_capacity_nearby": 0.0, "flat_terrain": 0, "roi_car_trips_per_day": 772.6943162883764, "roi_congestion_cost_yen_day": 270381.19515562867, "roi_operating_cost_yen_day": 37753.844293850074, "roi_emissions_kg_day": 200.90052223497787, "roi_shifted_trips_per_day": 154.5388632576753, "roi_congestion_savings_yen_day": 54076.239031125748, "roi_operating_savings_yen_day": 7550.768858770015, "roi_emissions_avoided_kg_day": 40.180104446995578, "roi_health_benefit_yen_day": 4636.1658977302595, "roi_parking_spaces_freed": 3.0907772651535059 }, "geometry": { "type": "Polygon", "coordinates": [ [ [ 139.616333404563164, 35.368346189674575 ], [ 139.615768027940447, 35.370097906229375 ], [ 139.613793957654963, 35.370571562978171 ], [ 139.612385359681213, 35.369293522055408 ], [ 139.612950785149053, 35.367541858683992 ], [ 139.614924759748732, 35.367068183052233 ], [ 139.616333404563164, 35.368346189674575 ] ] ] } },
{ "type": "Feature", "properties": { "hex_id": "892f5bd268bffff", "population": 1105.7397009856206, "production_score": 0.39190402537328389, "attraction_score": 0.025270758122743681, "demand_score": 0.20178040499284039, "stress_score": 2.1153846153846154, "infra_quality_score": 0.62820512820512819, "gap_score": -0.4264247232122878, "schools_nearby": 4, "stations_nearby": 0, "shops_nearby": 9, "bike_parking_nearby": 0, "bike_parking_capacity_nearby": 0.0, "bike_sharing_nearby": 0, "bike_sharing_capacity_nearby": 0.0, "flat_terrain": 0, "roi_car_trips_per_day": 774.01779068993437, "roi_congestion_cost_yen_day": 270844.30531822186, "roi_operating_cost_yen_day": 37818.509253110191, "roi_emissions_kg_day": 201.24462557938296, "roi_shifted_trips_per_day": 154.8035581379869, "roi_congestion_savings_yen_day": 54168.861063644377, "roi_operating_savings_yen_day": 7563.7018506220393, "roi_emissions_avoided_kg_day": 40.248925115876595, "roi_health_benefit_yen_day": 4644.1067441396071, "roi_parking_spaces_freed": 3.0960711627597379 }, "geometry": { "type": "Polygon", "coordinates": [ [ [ 139.617176759247883, 35.371375944489763 ], [ 139.616611373430487, 35.373127673798081 ], [ 139.614637207450841, 35.373601311663691 ], [ 139.613228522985935, 35.372323239104482 ], [ 139.613793957654963, 35.370571562978171 ], [ 139.615768027940447, 35.370097906229375 ], [ 139.617176759247883, 35.371375944489763 ] ] ] } },
{ "type": "Feature", "properties": { "hex_id": "892f5bd269bffff", "population": 1105.7859319173679, "production_score": 0.39192041086458201, "attraction_score": 0.021660649819494584, "demand_score": 0.20256587123942682, "stress_score": 2.15625, "infra_quality_score": 0.61458333333333326, "gap_score": -0.41201746209390644, "schools_nearby": 3, "stations_nearby": 0, "shops_nearby": 9, "bike_parking_nearby": 0, "bike_parking_capacity_nearby": 0.0, "bike_sharing_nearby": 0, "bike_sharing_capacity_nearby": 0.0, "flat_terrain": 0, "roi_car_trips_per_day": 774.0501523421575, "roi_congestion_cost_yen_day": 270855.62930756778, "roi_operating_cost_yen_day": 37820.090443437817, "roi_emissions_kg_day": 201.25303960896096, "roi_shifted_trips_per_day": 154.81003046843151, "roi_congestion_savings_yen_day": 54171.125861513552, "roi_operating_savings_yen_day": 7564.0180886875632, "roi_emissions_avoided_kg_day": 40.250607921792195, "roi_health_benefit_yen_day": 4644.3009140529448, "roi_parking_spaces_freed": 3.0962006093686303 }, "geometry": { "type": "Polygon", "coordinates": [ [ [ 139.619716241781362, 35.369150462156078 ], [ 139.619150914015137, 35.370902231891769 ], [ 139.617176759247883, 35.371375944489763 ], [ 139.615768027940447, 35.370097906229375 ], [ 139.616333404563164, 35.368346189674575 ], [ 139.618307463639979, 35.367872458199564 ], [ 139.619716241781362, 35.369150462156078 ] ] ] } },
{ "type": "Feature", "properties": { "hex_id": "892f5bd26a3ffff", "population": 428.14718109540991, "production_score": 0.15174692884224977, "attraction_score": 0.043321299638989168, "demand_score": 0.11827387996843361, "stress_score": 2.0, "infra_quality_score": 0.66666666666666674, "gap_score": -0.5483927866982331, "schools_nearby": 5, "stations_nearby": 0, "shops_nearby": 21, "bike_parking_nearby": 0, "bike_parking_capacity_nearby": 0.0, "bike_sharing_nearby": 0, "bike_sharing_capacity_nearby": 0.0, "flat_terrain": 0, "roi_car_trips_per_day": 299.70302676678693, "roi_congestion_cost_yen_day": 104872.08312623409, "roi_operating_cost_yen_day": 14643.48988782521, "roi_emissions_kg_day": 77.922786959364601, "roi_shifted_trips_per_day": 59.940605353357391, "roi_congestion_savings_yen_day": 20974.41662524682, "roi_operating_savings_yen_day": 2928.697977565042, "roi_emissions_avoided_kg_day": 15.584557391872922, "roi_health_benefit_yen_day": 1798.2181606007218, "roi_parking_spaces_freed": 1.1988121070671478 }, "geometry": { "type": "Polygon", "coordinates": [ [ [ 139.607029007939047, 35.368962624463826 ], [ 139.606463475600918, 35.370714194218579 ], [ 139.604489563122428, 35.371187664568055 ], [ 139.603081278665513, 35.369909584064111 ], [ 139.603646859821083, 35.368158067498925 ], [ 139.605620676619282, 35.367684578248458 ], [ 139.607029007939047, 35.368962624463826 ] ] ] } },
{ "type": "Feature", "properties": { "hex_id": "892f5bd26abffff", "population": 428.15783343276058, "production_score": 0.1517507043184162, "attraction_score": 0.048134777376654635, "demand_score": 0.12495991859327479, "stress_score": 2.1, "infra_quality_score": 0.6333333333333333, "gap_score": -0.50837341474005848, "schools_nearby": 7, "stations_nearby": 0, "shops_nearby": 19, "bike_parking_nearby": 0, "bike_parking_capacity_nearby": 0.0, "bike_sharing_nearby": 0, "bike_sharing_capacity_nearby": 0.0, "flat_terrain": 0, "roi_car_trips_per_day": 299.71048340293243, "roi_congestion_cost_yen_day": 104874.69235235412, "roi_operating_cost_yen_day": 14643.854219067278, "roi_emissions_kg_day": 77.924725684762436, "roi_shifted_trips_per_day": 59.942096680586488, "roi_congestion_savings_yen_day": 20974.938470470825, "roi_operating_savings_yen_day": 2928.7708438134559, "roi_emissions_avoided_kg_day": 15.584945136952488, "roi_health_benefit_yen_day": 1798.2629004175947, "roi_parking_spaces_freed": 1.1988419336117297 }, "geometry": { "type": "Polygon", "coordinates": [ [ [ 139.607871893389387, 35.371992272084981 ], [ 139.607306351837934, 35.373743854588163 ], [ 139.605332343670824, 35.374217306036442 ], [ 139.603923972747026, 35.372939193883042 ], [ 139.604489563122428, 35.371187664568055 ], [ 139.606463475600918, 35.370714194218579 ], [ 139.607871893389387, 35.371992272084981 ] ] ] } },
{ "type": "Feature", "properties": { "hex_id": "892f5bd26b3ffff", "population": 434.54134514058836, "production_score": 0.15401319334009575, "attraction_score": 0.031287605294825514, "demand_score": 0.11702919256570071, "stress_score": 2.0434782608695654, "infra_quality_score": 0.65217391304347827, "gap_score": -0.5351447204777775, "schools_nearby": 3, "stations_nearby": 0, "shops_nearby": 17, "bike_parking_nearby": 0, "bike_parking_capacity_nearby": 0.0, "bike_sharing_nearby": 0, "bike_sharing_capacity_nearby": 0.0, "flat_terrain": 0, "roi_car_trips_per_day": 304.17894159841182, "roi_congestion_cost_yen_day": 106438.29524411628, "roi_operating_cost_yen_day": 14862.183086498402, "roi_emissions_kg_day": 79.086524815587083, "roi_shifted_trips_per_day": 60.835788319682365, "roi_congestion_savings_yen_day": 21287.659048823254, "roi_operating_savings_yen_day": 2972.4366172996802, "roi_emissions_avoided_kg_day": 15.817304963117415, "roi_health_benefit_yen_day": 1825.0736495904709, "roi_parking_spaces_freed": 1.2167157663936474 }, "geometry": { "type": "Polygon", "coordinates": [ [ [ 139.609568383541557, 35.366737469203258 ], [ 139.609002909239962, 35.368489079388802 ], [ 139.607029007939047, 35.368962624463826 ], [ 139.605620676619282, 35.367684578248458 ], [ 139.606186199743178, 35.365933021251294 ], [ 139.608160005367608, 35.365459457281432 ], [ 139.609568383541557, 35.366737469203258 ] ] ] } },
{ "type": "Feature", "properties": { "hex_id": "892f5bd26bbffff", "population": 428.17574033948085, "production_score": 0.15175705100997428, "attraction_score": 0.033694344163658241, "demand_score": 0.11490798831077137, "stress_score": 2.0, "infra_quality_score": 0.66666666666666674, "gap_score": -0.55175867835589543, "schools_nearby": 4, "stations_nearby": 0, "shops_nearby": 16, "bike_parking_nearby": 0, "bike_parking_capacity_nearby": 0.0, "bike_sharing_nearby": 0, "bike_sharing_capacity_nearby": 0.0, "flat_terrain": 0, "roi_car_trips_per_day": 299.72301823763655, "roi_congestion_cost_yen_day": 104879.07854171378, "roi_operating_cost_yen_day": 14644.466671090922, "roi_emissions_kg_day": 77.927984741785508, "roi_shifted_trips_per_day": 59.944603647527316, "roi_congestion_savings_yen_day": 20975.815708342758, "roi_operating_savings_yen_day": 2928.8933342181845, "roi_emissions_avoided_kg_day": 15.585596948357102, "roi_health_benefit_yen_day": 1798.3381094258195, "roi_parking_spaces_freed": 1.1988920729505463 }, "geometry": { "type": "Polygon", "coordinates": [ [ [ 139.610411373884517, 35.369767122963239 ], [ 139.609845890375226, 35.371518745904986 ], [ 139.607871893389387, 35.371992272084981 ], [ 139.606463475600918, 35.370714194218579 ], [ 139.607029007939047, 35.368962624463826 ], [ 139.609002909239962, 35.368489079388802 ], [ 139.610411373884517, 35.369767122963239 ] ] ] } },
{ "type": "Feature", "properties": { "hex_id": "892f5bd26c3ffff", "population": 1242.1034161978744, "production_score": 0.44023501037717072, "attraction_score": 0.074608904933814682, "demand_score": 0.2282345860451194, "stress_score": 1.9607843137254901, "infra_quality_score": 0.6797385620915033, "gap_score": -0.45150397604638393, "schools_nearby": 2, "stations_nearby": 1, "shops_nearby": 53, "bike_parking_nearby": 0, "bike_parking_capacity_nearby": 0.0, "bike_sharing_nearby": 0, "bike_sharing_capacity_nearby": 0.0, "flat_terrain": 0, "roi_car_trips_per_day": 869.47239133851201, "roi_congestion_cost_yen_day": 304245.77917717211, "roi_operating_cost_yen_day": 42482.421040799694, "roi_emissions_kg_day": 226.06282174801314, "roi_shifted_trips_per_day": 173.89447826770243, "roi_congestion_savings_yen_day": 60849.155835434438, "roi_operating_savings_yen_day": 8496.48420815994, "roi_emissions_avoided_kg_day": 45.21256434960263, "roi_health_benefit_yen_day": 5216.8343480310723, "roi_parking_spaces_freed": 3.4778895653540487 }, "geometry": { "type": "Polygon", "coordinates": [ [ [ 139.621403392865375, 35.375210117176081 ], [ 139.620838046723833, 35.376961912406991 ], [ 139.61886370055052, 35.377435587250254 ], [ 139.617454796229083, 35.376157485740379 ], [ 139.61802019124022, 35.374405743687653 ], [ 139.619994441706325, 35.373932049966896 ], [ 139.621403392865375, 35.375210117176081 ] ] ] } },
{ "type": "Feature", "properties": { "hex_id": "892f5bd26cbffff", "population": 1285.9001166451371, "production_score": 0.45575774433349941, "attraction_score": 0.14681107099879662, "demand_score": 0.27978797425519253, "stress_score": 2.3777777777777778, "infra_quality_score": 0.54074074074074074, "gap_score": -0.26095276648554822, "schools_nearby": 3, "stations_nearby": 3, "shops_nearby": 104, "bike_parking_nearby": 0, "bike_parking_capacity_nearby": 0.0, "bike_sharing_nearby": 0, "bike_sharing_capacity_nearby": 0.0, "flat_terrain": 0, "roi_car_trips_per_day": 900.1300816515959, "roi_congestion_cost_yen_day": 314973.51817152643, "roi_operating_cost_yen_day": 43980.355789496978, "roi_emissions_kg_day": 234.03382122941494, "roi_shifted_trips_per_day": 180.02601633031918, "roi_congestion_savings_yen_day": 62994.70363430529, "roi_operating_savings_yen_day": 8796.0711578993942, "roi_emissions_avoided_kg_day": 46.806764245882988, "roi_health_benefit_yen_day": 5400.7804899095754, "roi_parking_spaces_freed": 3.6005203266063837 }, "geometry": { "type": "Polygon", "coordinates": [ [ [ 139.622247084405672, 35.378240011229224 ], [ 139.621681729077892, 35.379991819194096 ], [ 139.61970728718893, 35.38046547515966 ], [ 139.618298296346552, 35.379187342038335 ], [ 139.61886370055052, 35.377435587250254 ], [ 139.620838046723833, 35.376961912406991 ], [ 139.622247084405672, 35.378240011229224 ] ] ] } },
{ "type": "Feature", "properties": { "hex_id": "892f5869b27ffff", "population": 1282.6274852649356, "production_score": 0.454597835351014, "attraction_score": 0.17328519855595667, "demand_score": 0.29975906186743972, "stress_score": 2.6, "infra_quality_score": 0.46666666666666667, "gap_score": -0.16690760479922695, "schools_nearby": 4, "stations_nearby": 3, "shops_nearby": 123, "bike_parking_nearby": 2, "bike_parking_capacity_nearby": 8.0, "bike_sharing_nearby": 5, "bike_sharing_capacity_nearby": 31.0, "flat_terrain": 0, "roi_car_trips_per_day": 897.83923968545503, "roi_congestion_cost_yen_day": 314171.90675073443, "roi_operating_cost_yen_day": 43868.425251031331, "roi_emissions_kg_day": 233.43820231821832, "roi_shifted_trips_per_day": 179.56784793709102, "roi_congestion_savings_yen_day": 62834.38135014689, "roi_operating_savings_yen_day": 8773.6850502062662, "roi_emissions_avoided_kg_day": 46.687640463643667, "roi_health_benefit_yen_day": 5387.0354381127308, "roi_parking_spaces_freed": 3.5913569587418204 }, "geometry": { "type": "Polygon", "coordinates": [ [ [ 139.623090853291927, 35.381269949620453 ], [ 139.622525488778791, 35.383021770310236 ], [ 139.620550951165797, 35.383495407397852 ], [ 139.619141873793126, 35.382217242673939 ], [ 139.61970728718893, 35.38046547515966 ], [ 139.621681729077892, 35.379991819194096 ], [ 139.623090853291927, 35.381269949620453 ] ] ] } },
{ "type": "Feature", "properties": { "hex_id": "892f5869b2fffff", "population": 857.98510613027315, "production_score": 0.30409310301787829, "attraction_score": 0.18050541516245489, "demand_score": 0.4253787121323474, "stress_score": 3.1153846153846154, "infra_quality_score": 0.29487179487179482, "gap_score": 0.13050691726055258, "schools_nearby": 4, "stations_nearby": 3, "shops_nearby": 129, "bike_parking_nearby": 2, "bike_parking_capacity_nearby": 8.0, "bike_sharing_nearby": 4, "bike_sharing_capacity_nearby": 40.0, "flat_terrain": 1, "roi_car_trips_per_day": 600.5895742911913, "roi_congestion_cost_yen_day": 210158.30383597367, "roi_operating_cost_yen_day": 29344.806599867607, "roi_emissions_kg_day": 156.15328931570974, "roi_shifted_trips_per_day": 120.11791485823827, "roi_congestion_savings_yen_day": 42031.660767194735, "roi_operating_savings_yen_day": 5868.9613199735213, "roi_emissions_avoided_kg_day": 31.23065786314195, "roi_health_benefit_yen_day": 3603.537445747148, "roi_parking_spaces_freed": 2.4023582971647652 }, "geometry": { "type": "Polygon", "coordinates": [ [ [ 139.623934699534317, 35.384299932331885 ], [ 139.623369325836791, 35.386051765737442 ], [ 139.621394692491407, 35.386525383946925 ], [ 139.619985528579065, 35.38524718762929 ], [ 139.620550951165797, 35.383495407397852 ], [ 139.622525488778791, 35.383021770310236 ], [ 139.623934699534317, 35.384299932331885 ] ] ] } },
{ "type": "Feature", "properties": { "hex_id": "892f5869b47ffff", "population": 0.0, "production_score": 0.0, "attraction_score": 0.0, "demand_score": 0.2, "stress_score": 2.0, "infra_quality_score": 0.66666666666666674, "gap_score": -0.46666666666666679, "schools_nearby": 0, "stations_nearby": 0, "shops_nearby": 0, "bike_parking_nearby": 0, "bike_parking_capacity_nearby": 0.0, "bike_sharing_nearby": 0, "bike_sharing_capacity_nearby": 0.0, "flat_terrain": 1, "roi_car_trips_per_day": 0.0, "roi_congestion_cost_yen_day": 0.0, "roi_operating_cost_yen_day": 0.0, "roi_emissions_kg_day": 0.0, "roi_shifted_trips_per_day": 0.0, "roi_congestion_savings_yen_day": 0.0, "roi_operating_savings_yen_day": 0.0, "roi_emissions_avoided_kg_day": 0.0, "roi_health_benefit_yen_day": 0.0, "roi_parking_spaces_freed": 0.0 }, "geometry": { "type": "Polygon", "coordinates": [ [ [ 139.637471871789501, 35.387517445937632 ], [ 139.636906693763024, 35.389269492014499 ], [ 139.634931722467314, 35.389743333821571 ], [ 139.633522024952299, 35.388465148406446 ], [ 139.634087251913712, 35.386713155493617 ], [ 139.636062127458359, 35.386239294832158 ], [ 139.637471871789501, 35.387517445937632 ] ] ] } },
{ "type": "Feature", "properties": { "hex_id": "892f5869b4fffff", "population": 0.12662435249224913, "production_score": 4.4879091713686581e-05, "attraction_score": 0.0, "demand_score": 0.050015707682099786, "stress_score": 2.0, "infra_quality_score": 0.66666666666666674, "gap_score": -0.61665095898456701, "schools_nearby": 0, "stations_nearby": 0, "shops_nearby": 0, "bike_parking_nearby": 0, "bike_parking_capacity_nearby": 0.0, "bike_sharing_nearby": 0, "bike_sharing_capacity_nearby": 0.0, "flat_terrain": 0, "roi_car_trips_per_day": 0.088637046744574385, "roi_congestion_cost_yen_day": 31.015875396861471, "roi_operating_cost_yen_day": 4.3308061039399046, "roi_emissions_kg_day": 0.023045632153589343, "roi_shifted_trips_per_day": 0.017727409348914879, "roi_congestion_savings_yen_day": 6.2031750793722944, "roi_operating_savings_yen_day": 0.86616122078798097, "roi_emissions_avoided_kg_day": 0.0046091264307178683, "roi_health_benefit_yen_day": 0.5318222804674464, "roi_parking_spaces_freed": 0.00035454818697829759 }, "geometry": { "type": "Polygon", "coordinates": [ [ [ 139.638316524689714, 35.390547674677194 ], [ 139.637751337505961, 35.392299733455339 ], [ 139.635776270450862, 35.392773556407818 ], [ 139.634366486342117, 35.391495339437022 ], [ 139.634931722467314, 35.389743333821571 ], [ 139.636906693763024, 35.389269492014499 ], [ 139.638316524689714, 35.390547674677194 ] ] ] } },
{ "type": "Feature", "properties": { "hex_id": "892f5869b67ffff", "population": 103.40770687779245, "production_score": 0.036650485230750061, "attraction_score": 0.1299638989169675, "demand_score": 0.25831503445170112, "stress_score": 2.0, "infra_quality_score": 0.66666666666666674, "gap_score": -0.40835163221496562, "schools_nearby": 1, "stations_nearby": 2, "shops_nearby": 99, "bike_parking_nearby": 0, "bike_parking_capacity_nearby": 0.0, "bike_sharing_nearby": 0, "bike_sharing_capacity_nearby": 0.0, "flat_terrain": 1, "roi_car_trips_per_day": 72.385394814454713, "roi_congestion_cost_yen_day": 25329.097353473993, "roi_operating_cost_yen_day": 3536.7503906342572, "roi_emissions_kg_day": 18.820202651758226, "roi_shifted_trips_per_day": 14.477078962890943, "roi_congestion_savings_yen_day": 5065.8194706947988, "roi_operating_savings_yen_day": 707.35007812685149, "roi_emissions_avoided_kg_day": 3.7640405303516453, "roi_health_benefit_yen_day": 434.31236888672828, "roi_parking_spaces_freed": 0.28954157925781887 }, "geometry": { "type": "Polygon", "coordinates": [ [ [ 139.62816277169145, 35.388134476136813 ], [ 139.627597437717668, 35.389886375419294 ], [ 139.62562262412871, 35.390360030643407 ], [ 139.624213240262179, 35.389081805457771 ], [ 139.624778623143158, 35.387329959345522 ], [ 139.626753340986596, 35.386856285248975 ], [ 139.62816277169145, 35.388134476136813 ] ] ] } },
{ "type": "Feature", "properties": { "hex_id": "892f5869b6fffff", "population": 0.0, "production_score": 0.0, "attraction_score": 0.063778580024067388, "demand_score": 0.22232250300842357, "stress_score": 2.0, "infra_quality_score": 0.66666666666666674, "gap_score": -0.44434416365824314, "schools_nearby": 0, "stations_nearby": 2, "shops_nearby": 47, "bike_parking_nearby": 0, "bike_parking_capacity_nearby": 0.0, "bike_sharing_nearby": 0, "bike_sharing_capacity_nearby": 0.0, "flat_terrain": 1, "roi_car_trips_per_day": 0.0, "roi_congestion_cost_yen_day": 0.0, "roi_operating_cost_yen_day": 0.0, "roi_emissions_kg_day": 0.0, "roi_shifted_trips_per_day": 0.0, "roi_congestion_savings_yen_day": 0.0, "roi_operating_savings_yen_day": 0.0, "roi_emissions_avoided_kg_day": 0.0, "roi_health_benefit_yen_day": 0.0, "roi_parking_spaces_freed": 0.0 }, "geometry": { "type": "Polygon", "coordinates": [ [ [ 139.629006954993827, 35.391164597877371 ], [ 139.628441611844067, 35.392916509856086 ], [ 139.626466702501261, 35.393390146207551 ], [ 139.625057232065245, 35.392111889453247 ], [ 139.62562262412871, 35.390360030643407 ], [ 139.627597437717668, 35.389886375419294 ], [ 139.629006954993827, 35.391164597877371 ] ] ] } },
{ "type": "Feature", "properties": { "hex_id": "892f5869b77ffff", "population": 0.0, "production_score": 0.0, "attraction_score": 0.083032490974729242, "demand_score": 0.22906137184115521, "stress_score": 2.0, "infra_quality_score": 0.66666666666666674, "gap_score": -0.43760529482551153, "schools_nearby": 0, "stations_nearby": 2, "shops_nearby": 63, "bike_parking_nearby": 0, "bike_parking_capacity_nearby": 0.0, "bike_sharing_nearby": 2, "bike_sharing_capacity_nearby": 4.0, "flat_terrain": 1, "roi_car_trips_per_day": 0.0, "roi_congestion_cost_yen_day": 0.0, "roi_operating_cost_yen_day": 0.0, "roi_emissions_kg_day": 0.0, "roi_shifted_trips_per_day": 0.0, "roi_congestion_savings_yen_day": 0.0, "roi_operating_savings_yen_day": 0.0, "roi_emissions_avoided_kg_day": 0.0, "roi_health_benefit_yen_day": 0.0, "roi_parking_spaces_freed": 0.0 }, "geometry": { "type": "Polygon", "coordinates": [ [ [ 139.630702849910818, 35.385908806398689 ], [ 139.63013757402598, 35.387660746144974 ], [ 139.62816277169145, 35.388134476136813 ], [ 139.626753340986596, 35.386856285248975 ], [ 139.62731866578352, 35.385104398671821 ], [ 139.62929337237631, 35.384630649813701 ], [ 139.630702849910818, 35.385908806398689 ] ] ] } },
{ "type": "Feature", "properties": { "hex_id": "892f5bd3003ffff", "population": 1485.374623269026, "production_score": 0.52645689896778558, "attraction_score": 0.073405535499398308, "demand_score": 0.40995185206351431, "stress_score": 2.0, "infra_quality_score": 0.66666666666666674, "gap_score": -0.25671481460315243, "schools_nearby": 9, "stations_nearby": 0, "shops_nearby": 34, "bike_parking_nearby": 1, "bike_parking_capacity_nearby": 4.0, "bike_sharing_nearby": 2, "bike_sharing_capacity_nearby": 6.0, "flat_terrain": 1, "roi_car_trips_per_day": 1039.7622362883183, "roi_congestion_cost_yen_day": 363833.60172200832, "roi_operating_cost_yen_day": 50802.782865047229, "roi_emissions_kg_day": 270.33818143496273, "roi_shifted_trips_per_day": 207.95244725766366, "roi_congestion_savings_yen_day": 72766.720344401678, "roi_operating_savings_yen_day": 10160.556573009446, "roi_emissions_avoided_kg_day": 54.067636286992553, "roi_health_benefit_yen_day": 6238.57341772991, "roi_parking_spaces_freed": 4.1590489451532733 }, "geometry": { "type": "Polygon", "coordinates": [ [ [ 139.623909735372365, 35.418247609304721 ], [ 139.623344104666302, 35.419999435109062 ], [ 139.621368575579936, 35.420472658937506 ], [ 139.619958773022063, 35.419194075860503 ], [ 139.62052445266167, 35.417442303221527 ], [ 139.622499885928733, 35.416969060494466 ], [ 139.623909735372365, 35.418247609304721 ] ] ] } },
{ "type": "Feature", "properties": { "hex_id": "892f5bd300bffff", "population": 1485.4113696712634, "production_score": 0.52646992288556849, "attraction_score": 0.063778580024067388, "demand_score": 0.40332610645315514, "stress_score": 1.9347826086956521, "infra_quality_score": 0.68840579710144922, "gap_score": -0.28507969064829408, "schools_nearby": 8, "stations_nearby": 0, "shops_nearby": 29, "bike_parking_nearby": 8, "bike_parking_capacity_nearby": 32.0, "bike_sharing_nearby": 2, "bike_sharing_capacity_nearby": 6.0, "flat_terrain": 1, "roi_car_trips_per_day": 1039.7879587698844, "roi_congestion_cost_yen_day": 363842.60253275797, "roi_operating_cost_yen_day": 50804.039665496552, "roi_emissions_kg_day": 270.34486928016997, "roi_shifted_trips_per_day": 207.95759175397689, "roi_congestion_savings_yen_day": 72768.520506551591, "roi_operating_savings_yen_day": 10160.80793309931, "roi_emissions_avoided_kg_day": 54.068973856033992, "roi_health_benefit_yen_day": 6238.7277526193066, "roi_parking_spaces_freed": 4.1591518350795376 }, "geometry": { "type": "Polygon", "coordinates": [ [ [ 139.624754040739276, 35.421278015421123 ], [ 139.624188400841405, 35.423029853827053 ], [ 139.622212775927267, 35.423503058756644 ], [ 139.620802886741927, 35.42222444417942 ], [ 139.621368575579936, 35.420472658937506 ], [ 139.623344104666302, 35.419999435109062 ], [ 139.624754040739276, 35.421278015421123 ] ] ] } },
{ "type": "Feature", "properties": { "hex_id": "892f5bd3013ffff", "population": 1101.6272359422771, "production_score": 0.39044645664959909, "attraction_score": 0.085439229843561976, "demand_score": 0.36383271754533369, "stress_score": 1.9454545454545455, "infra_quality_score": 0.68484848484848482, "gap_score": -0.32101576730315112, "schools_nearby": 10, "stations_nearby": 1, "shops_nearby": 38, "bike_parking_nearby": 7, "bike_parking_capacity_nearby": 28.0, "bike_sharing_nearby": 2, "bike_sharing_capacity_nearby": 6.0, "flat_terrain": 1, "roi_car_trips_per_day": 771.139065159594, "roi_congestion_cost_yen_day": 269836.98168064514, "roi_operating_cost_yen_day": 37677.854723697761, "roi_emissions_kg_day": 200.49615694149443, "roi_shifted_trips_per_day": 154.2278130319188, "roi_congestion_savings_yen_day": 53967.39633612903, "roi_operating_savings_yen_day": 7535.570944739552, "roi_emissions_avoided_kg_day": 40.09923138829889, "roi_health_benefit_yen_day": 4626.8343909575642, "roi_parking_spaces_freed": 3.0845562606383758 }, "geometry": { "type": "Polygon", "coordinates": [ [ [ 139.626450825784502, 35.416022444291976 ], [ 139.625885253209617, 35.417774310649868 ], [ 139.623909735372365, 35.418247609304721 ], [ 139.622499885928733, 35.416969060494466 ], [ 139.623065507442021, 35.415217247300802 ], [ 139.625040929463694, 35.414743929753456 ], [ 139.626450825784502, 35.416022444291976 ] ] ] } },
{ "type": "Feature", "properties": { "hex_id": "892f5bd301bffff", "population": 1149.9715772057912, "production_score": 0.40758099738129455, "attraction_score": 0.083032490974729242, "demand_score": 0.38796472092460832, "stress_score": 2.325, "infra_quality_score": 0.55833333333333335, "gap_score": -0.17036861240872503, "schools_nearby": 10, "stations_nearby": 1, "shops_nearby": 36, "bike_parking_nearby": 8, "bike_parking_capacity_nearby": 32.0, "bike_sharing_nearby": 2, "bike_sharing_capacity_nearby": 6.0, "flat_terrain": 1, "roi_car_trips_per_day": 804.98010404405397, "roi_congestion_cost_yen_day": 281678.63800709537, "roi_operating_cost_yen_day": 39331.327883592479, "roi_emissions_kg_day": 209.29482705145404, "roi_shifted_trips_per_day": 160.99602080881081, "roi_congestion_savings_yen_day": 56335.727601419079, "roi_operating_savings_yen_day": 7866.265576718496, "roi_emissions_avoided_kg_day": 41.858965410290814, "roi_health_benefit_yen_day": 4829.8806242643241, "roi_parking_spaces_freed": 3.2199204161762163 }, "geometry": { "type": "Polygon", "coordinates": [ [ [ 139.627295236161643, 35.419052856691742 ], [ 139.626729654400521, 35.420804735658976 ], [ 139.624754040739276, 35.421278015421123 ], [ 139.623344104666302, 35.419999435109062 ], [ 139.623909735372365, 35.418247609304721 ], [ 139.625885253209617, 35.417774310649868 ], [ 139.627295236161643, 35.419052856691742 ] ] ] } },
{ "type": "Feature", "properties": { "hex_id": "892f5bd3023ffff", "population": 1442.5203756722644, "production_score": 0.51126819576526528, "attraction_score": 0.048134777376654635, "demand_score": 0.2429338977425291, "stress_score": 1.9428571428571428, "infra_quality_score": 0.68571428571428572, "gap_score": -0.44278038797175662, "schools_nearby": 7, "stations_nearby": 0, "shops_nearby": 19, "bike_parking_nearby": 0, "bike_parking_capacity_nearby": 0.0, "bike_sharing_nearby": 0, "bike_sharing_capacity_nearby": 0.0, "flat_terrain": 0, "roi_car_trips_per_day": 1009.764262970585, "roi_congestion_cost_yen_day": 353336.71089866711, "roi_operating_cost_yen_day": 49337.081888742781, "roi_emissions_kg_day": 262.53870837235212, "roi_shifted_trips_per_day": 201.95285259411702, "roi_congestion_savings_yen_day": 70667.34217973343, "roi_operating_savings_yen_day": 9867.4163777485574, "roi_emissions_avoided_kg_day": 52.507741674470424, "roi_health_benefit_yen_day": 6058.5855778235109, "roi_parking_spaces_freed": 4.0390570518823408 }, "geometry": { "type": "Polygon", "coordinates": [ [ [ 139.614598299554643, 35.418861769917832 ], [ 139.614032512870835, 35.420613448824206 ], [ 139.612057141737154, 35.421086485984048 ], [ 139.610647653104252, 35.419807863154531 ], [ 139.61121348869392, 35.418056237419705 ], [ 139.613188764013785, 35.417583181343183 ], [ 139.614598299554643, 35.418861769917832 ] ] ] } },
{ "type": "Feature", "properties": { "hex_id": "892f5bd302bffff", "population": 1468.1157668001874, "production_score": 0.52033989392812885, "attraction_score": 0.040914560770156441, "demand_score": 0.24643905914439981, "stress_score": 2.0, "infra_quality_score": 0.66666666666666674, "gap_score": -0.42022760752226695, "schools_nearby": 7, "stations_nearby": 0, "shops_nearby": 13, "bike_parking_nearby": 0, "bike_parking_capacity_nearby": 0.0, "bike_sharing_nearby": 0, "bike_sharing_capacity_nearby": 0.0, "flat_terrain": 0, "roi_car_trips_per_day": 1027.6810367601311, "roi_congestion_cost_yen_day": 359606.14838310506, "roi_operating_cost_yen_day": 50212.495456100005, "roi_emissions_kg_day": 267.19706955763411, "roi_shifted_trips_per_day": 205.53620735202622, "roi_congestion_savings_yen_day": 71921.22967662102, "roi_operating_savings_yen_day": 10042.499091220001, "roi_emissions_avoided_kg_day": 53.43941391152682, "roi_health_benefit_yen_day": 6166.0862205607864, "roi_parking_spaces_freed": 4.1107241470405249 }, "geometry": { "type": "Polygon", "coordinates": [ [ [ 139.615442135016764, 35.421892068913671 ], [ 139.614876339122361, 35.423643760416624 ], [ 139.612900872166534, 35.424116778659574 ], [ 139.611491296930438, 35.422838124316804 ], [ 139.612057141737154, 35.421086485984048 ], [ 139.614032512870835, 35.420613448824206 ], [ 139.615442135016764, 35.421892068913671 ] ] ] } },
{ "type": "Feature", "properties": { "hex_id": "892f5bd3033ffff", "population": 1383.9327111274404, "production_score": 0.49050314450422278, "attraction_score": 0.067388688327316482, "demand_score": 0.24308822844756048, "stress_score": 1.9565217391304348, "infra_quality_score": 0.68115942028985499, "gap_score": -0.43807119184229448, "schools_nearby": 8, "stations_nearby": 0, "shops_nearby": 32, "bike_parking_nearby": 0, "bike_parking_capacity_nearby": 0.0, "bike_sharing_nearby": 0, "bike_sharing_capacity_nearby": 0.0, "flat_terrain": 0, "roi_car_trips_per_day": 968.7528977892083, "roi_congestion_cost_yen_day": 338986.01399439981, "roi_operating_cost_yen_day": 47333.266585980717, "roi_emissions_kg_day": 251.87575342519418, "roi_shifted_trips_per_day": 193.75057955784166, "roi_congestion_savings_yen_day": 67797.202798879953, "roi_operating_savings_yen_day": 9466.6533171961437, "roi_emissions_avoided_kg_day": 50.375150685038832, "roi_health_benefit_yen_day": 5812.5173867352496, "roi_parking_spaces_freed": 3.8750115911568335 }, "geometry": { "type": "Polygon", "coordinates": [ [ [ 139.617139388032058, 35.41663693846111 ], [ 139.61657365947039, 35.418388657932226 ], [ 139.614598299554643, 35.418861769917832 ], [ 139.613188764013785, 35.417583181343183 ], [ 139.613754541486145, 35.415831515042463 ], [ 139.615729805591855, 35.415358384146344 ], [ 139.617139388032058, 35.41663693846111 ] ] ] } },
{ "type": "Feature", "properties": { "hex_id": "892f5bd303bffff", "population": 1485.2133861522527, "production_score": 0.52639975217722845, "attraction_score": 0.052948255114320095, "demand_score": 0.24987325182740433, "stress_score": 1.9420289855072463, "infra_quality_score": 0.68599033816425115, "gap_score": -0.43611708633684682, "schools_nearby": 8, "stations_nearby": 0, "shops_nearby": 20, "bike_parking_nearby": 0, "bike_parking_capacity_nearby": 0.0, "bike_sharing_nearby": 0, "bike_sharing_capacity_nearby": 0.0, "flat_terrain": 0, "roi_car_trips_per_day": 1039.6493703065769, "roi_congestion_cost_yen_day": 363794.10765767738, "roi_operating_cost_yen_day": 50797.268233179348, "roi_emissions_kg_day": 270.30883627971002, "roi_shifted_trips_per_day": 207.92987406131539, "roi_congestion_savings_yen_day": 72758.82153153549, "roi_operating_savings_yen_day": 10159.45364663587, "roi_emissions_avoided_kg_day": 54.061767255942001, "roi_health_benefit_yen_day": 6237.8962218394618, "roi_parking_spaces_freed": 4.158597481226308 }, "geometry": { "type": "Polygon", "coordinates": [ [ [ 139.617983328517511, 35.419667243763413 ], [ 139.617417590750904, 35.421418975838826 ], [ 139.615442135016764, 35.421892068913671 ], [ 139.614032512870835, 35.420613448824206 ], [ 139.614598299554643, 35.418861769917832 ], [ 139.61657365947039, 35.418388657932226 ], [ 139.617983328517511, 35.419667243763413 ] ] ] } },
{ "type": "Feature", "properties": { "hex_id": "892f5bd3043ffff", "population": 939.64876804732228, "production_score": 0.33303691122471657, "attraction_score": 0.032490974729241874, "demand_score": 0.19043476008388546, "stress_score": 2.25, "infra_quality_score": 0.58333333333333326, "gap_score": -0.39289857324944777, "schools_nearby": 3, "stations_nearby": 0, "shops_nearby": 18, "bike_parking_nearby": 0, "bike_parking_capacity_nearby": 0.0, "bike_sharing_nearby": 0, "bike_sharing_capacity_nearby": 0.0, "flat_terrain": 0, "roi_car_trips_per_day": 657.75413763312565, "roi_congestion_cost_yen_day": 230161.32784058334, "roi_operating_cost_yen_day": 32137.86716475452, "roi_emissions_kg_day": 171.01607578461267, "roi_shifted_trips_per_day": 131.55082752662514, "roi_congestion_savings_yen_day": 46032.265568116673, "roi_operating_savings_yen_day": 6427.5734329509041, "roi_emissions_avoided_kg_day": 34.203215156922539, "roi_health_benefit_yen_day": 3946.5248257987541, "roi_parking_spaces_freed": 2.6310165505325029 }, "geometry": { "type": "Polygon", "coordinates": [ [ [ 139.62898428928915, 35.425113813784769 ], [ 139.628418689158423, 35.426865717943336 ], [ 139.626442883824012, 35.427338959919474 ], [ 139.625032774464302, 35.426060316630462 ], [ 139.6255984235531, 35.424308465632052 ], [ 139.627574133046693, 35.423835204762774 ], [ 139.62898428928915, 35.425113813784769 ] ] ] } },
{ "type": "Feature", "properties": { "hex_id": "892f5bd3073ffff", "population": 1501.9865413947296, "production_score": 0.53234461157938096, "attraction_score": 0.043321299638989168, "demand_score": 0.24791164035500096, "stress_score": 1.9285714285714286, "infra_quality_score": 0.69047619047619047, "gap_score": -0.4425645501211895, "schools_nearby": 6, "stations_nearby": 0, "shops_nearby": 18, "bike_parking_nearby": 16, "bike_parking_capacity_nearby": 64.0, "bike_sharing_nearby": 2, "bike_sharing_capacity_nearby": 16.0, "flat_terrain": 0, "roi_car_trips_per_day": 1051.3905789763107, "roi_congestion_cost_yen_day": 367902.59139539069, "roi_operating_cost_yen_day": 51370.943688782543, "roi_emissions_kg_day": 273.36155053384078, "roi_shifted_trips_per_day": 210.27811579526215, "roi_congestion_savings_yen_day": 73580.51827907814, "roi_operating_savings_yen_day": 10274.188737756509, "roi_emissions_avoided_kg_day": 54.672310106768158, "roi_health_benefit_yen_day": 6308.3434738578644, "roi_parking_spaces_freed": 4.2055623159052429 }, "geometry": { "type": "Polygon", "coordinates": [ [ [ 139.622212775927267, 35.423503058756644 ], [ 139.621647077891851, 35.425254856592431 ], [ 139.619671441732748, 35.425727986685523 ], [ 139.618261599443713, 35.424449337848152 ], [ 139.618827346414321, 35.422697593177546 ], [ 139.620802886741927, 35.42222444417942 ], [ 139.622212775927267, 35.423503058756644 ] ] ] } },
{ "type": "Feature", "properties": { "hex_id": "892f5bd3083ffff", "population": 546.96358316940882, "production_score": 0.19385867196919418, "attraction_score": 0.055354993983152828, "demand_score": 0.32055811641665477, "stress_score": 2.6666666666666665, "infra_quality_score": 0.44444444444444453, "gap_score": -0.12388632802778976, "schools_nearby": 5, "stations_nearby": 1, "shops_nearby": 28, "bike_parking_nearby": 0, "bike_parking_capacity_nearby": 0.0, "bike_sharing_nearby": 4, "bike_sharing_capacity_nearby": 13.0, "flat_terrain": 1, "roi_car_trips_per_day": 382.87450821858613, "roi_congestion_cost_yen_day": 133975.44791584768, "roi_operating_cost_yen_day": 18707.248471560117, "roi_emissions_kg_day": 99.547372136832394, "roi_shifted_trips_per_day": 76.574901643717226, "roi_congestion_savings_yen_day": 26795.089583169534, "roi_operating_savings_yen_day": 3741.4496943120234, "roi_emissions_avoided_kg_day": 19.909474427366479, "roi_health_benefit_yen_day": 2297.247049311517, "roi_parking_spaces_freed": 1.5314980328743446 }, "geometry": { "type": "Polygon", "coordinates": [ [ [ 139.628147408882739, 35.410766789373923 ], [ 139.62758190361987, 35.412518683650269 ], [ 139.625606492851432, 35.412992076014021 ], [ 139.624196683152491, 35.411713592987759 ], [ 139.624762237352087, 35.409961751875812 ], [ 139.626737552317081, 35.409488340626005 ], [ 139.628147408882739, 35.410766789373923 ] ] ] } },
{ "type": "Feature", "properties": { "hex_id": "892f5bd308bffff", "population": 455.19498349119755, "production_score": 0.16133340080030797, "attraction_score": 0.074608904933814682, "demand_score": 0.31751131385625797, "stress_score": 2.6986301369863015, "infra_quality_score": 0.43378995433789946, "gap_score": -0.11627864048164149, "schools_nearby": 6, "stations_nearby": 1, "shops_nearby": 41, "bike_parking_nearby": 0, "bike_parking_capacity_nearby": 0.0, "bike_sharing_nearby": 2, "bike_sharing_capacity_nearby": 6.0, "flat_terrain": 1, "roi_car_trips_per_day": 318.63648844383829, "roi_congestion_cost_yen_day": 111497.2800362679, "roi_operating_cost_yen_day": 15568.578825365939, "roi_emissions_kg_day": 82.845486995397962, "roi_shifted_trips_per_day": 63.727297688767663, "roi_congestion_savings_yen_day": 22299.456007253582, "roi_operating_savings_yen_day": 3113.7157650731879, "roi_emissions_avoided_kg_day": 16.569097399079592, "roi_health_benefit_yen_day": 1911.81893066303, "roi_parking_spaces_freed": 1.2745459537753534 }, "geometry": { "type": "Polygon", "coordinates": [ [ [ 139.628991846809157, 35.413797163912029 ], [ 139.628426332364739, 35.415549070814556 ], [ 139.626450825784502, 35.416022444291976 ], [ 139.625040929463694, 35.414743929753456 ], [ 139.625606492851432, 35.412992076014021 ], [ 139.62758190361987, 35.412518683650269 ], [ 139.628991846809157, 35.413797163912029 ] ] ] } },
{ "type": "Feature", "properties": { "hex_id": "892f5bd3093ffff", "population": 344.70330441226821, "production_score": 0.12217216442371108, "attraction_score": 0.042117930204572801, "demand_score": 0.25750153311989937, "stress_score": 2.0, "infra_quality_score": 0.66666666666666674, "gap_score": -0.40916513354676737, "schools_nearby": 3, "stations_nearby": 1, "shops_nearby": 23, "bike_parking_nearby": 0, "bike_parking_capacity_nearby": 0.0, "bike_sharing_nearby": 0, "bike_sharing_capacity_nearby": 0.0, "flat_terrain": 1, "roi_car_trips_per_day": 241.29231308858772, "roi_congestion_cost_yen_day": 84433.006195958616, "roi_operating_cost_yen_day": 11789.542417508395, "roi_emissions_kg_day": 62.736001403032809, "roi_shifted_trips_per_day": 48.258462617717548, "roi_congestion_savings_yen_day": 16886.601239191725, "roi_operating_savings_yen_day": 2357.9084835016793, "roi_emissions_avoided_kg_day": 12.547200280606562, "roi_health_benefit_yen_day": 1447.7538785315264, "roi_parking_spaces_freed": 0.96516925235435103 }, "geometry": { "type": "Polygon", "coordinates": [ [ [ 139.63068825552881, 35.408541387393349 ], [ 139.630122808389984, 35.410293322197703 ], [ 139.628147408882739, 35.410766789373923 ], [ 139.626737552317081, 35.409488340626005 ], [ 139.627303048397494, 35.407736458984935 ], [ 139.629278352105132, 35.407262972928784 ], [ 139.63068825552881, 35.408541387393349 ] ] ] } },
{ "type": "Feature", "properties": { "hex_id": "892f5bd309bffff", "population": 455.21404835506752, "production_score": 0.16134015790316608, "attraction_score": 0.058965102286401928, "demand_score": 0.28479914875865647, "stress_score": 2.1538461538461537, "infra_quality_score": 0.61538461538461542, "gap_score": -0.33058546662595895, "schools_nearby": 5, "stations_nearby": 1, "shops_nearby": 31, "bike_parking_nearby": 0, "bike_parking_capacity_nearby": 0.0, "bike_sharing_nearby": 0, "bike_sharing_capacity_nearby": 0.0, "flat_terrain": 1, "roi_car_trips_per_day": 318.6498338485473, "roi_congestion_cost_yen_day": 111501.94986028368, "roi_operating_cost_yen_day": 15569.230881840022, "roi_emissions_kg_day": 82.848956800622304, "roi_shifted_trips_per_day": 63.729966769709463, "roi_congestion_savings_yen_day": 22300.389972056735, "roi_operating_savings_yen_day": 3113.8461763680043, "roi_emissions_avoided_kg_day": 16.569791360124462, "roi_health_benefit_yen_day": 1911.8990030912839, "roi_parking_spaces_freed": 1.2745993353941893 }, "geometry": { "type": "Polygon", "coordinates": [ [ [ 139.631532798439224, 35.411571768177687 ], [ 139.630967342124478, 35.413323715615959 ], [ 139.628991846809157, 35.413797163912029 ], [ 139.62758190361987, 35.412518683650269 ], [ 139.628147408882739, 35.410766789373923 ], [ 139.630122808389984, 35.410293322197703 ], [ 139.631532798439224, 35.411571768177687 ] ] ] } },
{ "type": "Feature", "properties": { "hex_id": "892f5bd30a3ffff", "population": 1180.7532173845793, "production_score": 0.41849084233206024, "attraction_score": 0.069795427196149215, "demand_score": 0.22262433226590778, "stress_score": 2.0344827586206895, "infra_quality_score": 0.65517241379310343, "gap_score": -0.43254808152719565, "schools_nearby": 10, "stations_nearby": 0, "shops_nearby": 28, "bike_parking_nearby": 0, "bike_parking_capacity_nearby": 0.0, "bike_sharing_nearby": 2, "bike_sharing_capacity_nearby": 4.0, "flat_terrain": 0, "roi_car_trips_per_day": 826.52725216920544, "roi_congestion_cost_yen_day": 289218.41607904836, "roi_operating_cost_yen_day": 40384.121540987377, "roi_emissions_kg_day": 214.89708556399341, "roi_shifted_trips_per_day": 165.30545043384109, "roi_congestion_savings_yen_day": 57843.683215809673, "roi_operating_savings_yen_day": 8076.8243081974751, "roi_emissions_avoided_kg_day": 42.979417112798686, "roi_health_benefit_yen_day": 4959.1635130152326, "roi_parking_spaces_freed": 3.3061090086768217 }, "geometry": { "type": "Polygon", "coordinates": [ [ [ 139.618836439071288, 35.411381724171008 ], [ 139.618270777831327, 35.413133471576806 ], [ 139.616295524947674, 35.413606677288641 ], [ 139.614886029105037, 35.41232815449915 ], [ 139.615451739254041, 35.410576460263975 ], [ 139.617426896339822, 35.410103235647981 ], [ 139.618836439071288, 35.411381724171008 ] ] ] } },
{ "type": "Feature", "properties": { "hex_id": "892f5bd30abffff", "population": 1180.7824522054195, "production_score": 0.41850120394244478, "attraction_score": 0.075812274368231042, "demand_score": 0.2216939279350523, "stress_score": 1.9736842105263157, "infra_quality_score": 0.67543859649122817, "gap_score": -0.4537446685561759, "schools_nearby": 9, "stations_nearby": 0, "shops_nearby": 36, "bike_parking_nearby": 0, "bike_parking_capacity_nearby": 0.0, "bike_sharing_nearby": 0, "bike_sharing_capacity_nearby": 0.0, "flat_terrain": 0, "roi_car_trips_per_day": 826.54771654379363, "roi_congestion_cost_yen_day": 289225.57697300427, "roi_operating_cost_yen_day": 40385.121430329753, "roi_emissions_kg_day": 214.90240630138635, "roi_shifted_trips_per_day": 165.30954330875875, "roi_congestion_savings_yen_day": 57845.115394600864, "roi_operating_savings_yen_day": 8077.0242860659528, "roi_emissions_avoided_kg_day": 42.980481260277273, "roi_health_benefit_yen_day": 4959.2862992627624, "roi_parking_spaces_freed": 3.3061908661751751 }, "geometry": { "type": "Polygon", "coordinates": [ [ [ 139.619680407162207, 35.414411991626707 ], [ 139.619114736721912, 35.416163751653649 ], [ 139.617139388032058, 35.41663693846111 ], [ 139.615729805591855, 35.415358384146344 ], [ 139.616295524947674, 35.413606677288641 ], [ 139.618270777831327, 35.413133471576806 ], [ 139.619680407162207, 35.414411991626707 ] ] ] } },
{ "type": "Feature", "properties": { "hex_id": "892f5bd30b3ffff", "population": 1178.9144506857729, "production_score": 0.41783913373342507, "attraction_score": 0.075812274368231042, "demand_score": 0.21734321022688396, "stress_score": 1.8913043478260869, "infra_quality_score": 0.70289855072463769, "gap_score": -0.48555534049775373, "schools_nearby": 9, "stations_nearby": 1, "shops_nearby": 33, "bike_parking_nearby": 0, "bike_parking_capacity_nearby": 0.0, "bike_sharing_nearby": 0, "bike_sharing_capacity_nearby": 0.0, "flat_terrain": 0, "roi_car_trips_per_day": 825.24011548004091, "roi_congestion_cost_yen_day": 288768.02120877593, "roi_operating_cost_yen_day": 40321.232042354801, "roi_emissions_kg_day": 214.56243002481065, "roi_shifted_trips_per_day": 165.04802309600819, "roi_congestion_savings_yen_day": 57753.604241755187, "roi_operating_savings_yen_day": 8064.24640847096, "roi_emissions_avoided_kg_day": 42.912486004962133, "roi_health_benefit_yen_day": 4951.4406928802455, "roi_parking_spaces_freed": 3.3009604619201638 }, "geometry": { "type": "Polygon", "coordinates": [ [ [ 139.621377283849853, 35.40915665570234 ], [ 139.620811680724927, 35.410908443647344 ], [ 139.618836439071288, 35.411381724171008 ], [ 139.617426896339822, 35.410103235647981 ], [ 139.617992548378595, 35.408351500872435 ], [ 139.61996769423817, 35.407878201450785 ], [ 139.621377283849853, 35.40915665570234 ] ] ] } },
{ "type": "Feature", "properties": { "hex_id": "892f5bd30bbffff", "population": 1180.8319222911502, "production_score": 0.41851873747743151, "attraction_score": 0.058965102286401928, "demand_score": 0.21479376252199284, "stress_score": 1.9534883720930232, "infra_quality_score": 0.68217054263565902, "gap_score": -0.46737678011366618, "schools_nearby": 7, "stations_nearby": 0, "shops_nearby": 28, "bike_parking_nearby": 0, "bike_parking_capacity_nearby": 0.0, "bike_sharing_nearby": 0, "bike_sharing_capacity_nearby": 0.0, "flat_terrain": 0, "roi_car_trips_per_day": 826.58234560380515, "roi_congestion_cost_yen_day": 289237.69437368354, "roi_operating_cost_yen_day": 40386.813406201916, "roi_emissions_kg_day": 214.91140985698934, "roi_shifted_trips_per_day": 165.31646912076104, "roi_congestion_savings_yen_day": 57847.538874736703, "roi_operating_savings_yen_day": 8077.3626812403845, "roi_emissions_avoided_kg_day": 42.982281971397875, "roi_health_benefit_yen_day": 4959.4940736228309, "roi_parking_spaces_freed": 3.3063293824152211 }, "geometry": { "type": "Polygon", "coordinates": [ [ [ 139.622221356937928, 35.412186929427328 ], [ 139.621655744618351, 35.413938730001234 ], [ 139.619680407162207, 35.414411991626707 ], [ 139.618270777831327, 35.413133471576806 ], [ 139.618836439071288, 35.411381724171008 ], [ 139.620811680724927, 35.410908443647344 ], [ 139.622221356937928, 35.412186929427328 ] ] ] } },
{ "type": "Feature", "properties": { "hex_id": "892f5bd30c3ffff", "population": 920.49689926405392, "production_score": 0.32624897147461668, "attraction_score": 0.067388688327316482, "demand_score": 0.18634460950210516, "stress_score": 1.9714285714285715, "infra_quality_score": 0.67619047619047623, "gap_score": -0.48984586668837105, "schools_nearby": 5, "stations_nearby": 1, "shops_nearby": 38, "bike_parking_nearby": 2, "bike_parking_capacity_nearby": 8.0, "bike_sharing_nearby": 0, "bike_sharing_capacity_nearby": 0.0, "flat_terrain": 0, "roi_car_trips_per_day": 644.34782948483769, "roi_congestion_cost_yen_day": 225470.19249333441, "roi_operating_cost_yen_day": 31482.83494862917, "roi_emissions_kg_day": 167.5304356660578, "roi_shifted_trips_per_day": 128.86956589696754, "roi_congestion_savings_yen_day": 45094.038498666887, "roi_operating_savings_yen_day": 6296.566989725834, "roi_emissions_avoided_kg_day": 33.506087133211565, "roi_health_benefit_yen_day": 3866.0869769090264, "roi_parking_spaces_freed": 2.5773913179393508 }, "geometry": { "type": "Polygon", "coordinates": [ [ [ 139.633222116647318, 35.417632662149721 ], [ 139.632656641983488, 35.419384634828504 ], [ 139.630680955026889, 35.419858045363632 ], [ 139.629270838562064, 35.418579502100869 ], [ 139.629836362187149, 35.41682758258127 ], [ 139.631811953318874, 35.416354153165564 ], [ 139.633222116647318, 35.417632662149721 ] ] ] } },
{ "type": "Feature", "properties": { "hex_id": "892f5bd30d3ffff", "population": 554.30384232392419, "production_score": 0.19646025813578788, "attraction_score": 0.048134777376654635, "demand_score": 0.29810826242935484, "stress_score": 2.25, "infra_quality_score": 0.58333333333333326, "gap_score": -0.28522507090397842, "schools_nearby": 4, "stations_nearby": 1, "shops_nearby": 25, "bike_parking_nearby": 4, "bike_parking_capacity_nearby": 16.0, "bike_sharing_nearby": 0, "bike_sharing_capacity_nearby": 0.0, "flat_terrain": 1, "roi_car_trips_per_day": 388.01268962674692, "roi_congestion_cost_yen_day": 135773.40035419128, "roi_operating_cost_yen_day": 18958.300015162855, "roi_emissions_kg_day": 100.8832993029542, "roi_shifted_trips_per_day": 77.602537925349395, "roi_congestion_savings_yen_day": 27154.680070838262, "roi_operating_savings_yen_day": 3791.6600030325712, "roi_emissions_avoided_kg_day": 20.176659860590842, "roi_health_benefit_yen_day": 2328.0761377604817, "roi_parking_spaces_freed": 1.552050758506988 }, "geometry": { "type": "Polygon", "coordinates": [ [ [ 139.635763208847209, 35.415407163566393 ], [ 139.635197792323595, 35.4171591767875 ], [ 139.633222116647318, 35.417632662149721 ], [ 139.631811953318874, 35.416354153165564 ], [ 139.632377418808659, 35.414602193102489 ], [ 139.634352998663843, 35.414128688865837 ], [ 139.635763208847209, 35.415407163566393 ] ] ] } },
{ "type": "Feature", "properties": { "hex_id": "892f5bd31c3ffff", "population": 1338.4362524870537, "production_score": 0.4743779703194636, "attraction_score": 0.046931407942238268, "demand_score": 0.23651233644564967, "stress_score": 2.0810810810810811, "infra_quality_score": 0.63963963963963955, "gap_score": -0.40312730319398987, "schools_nearby": 9, "stations_nearby": 0, "shops_nearby": 12, "bike_parking_nearby": 0, "bike_parking_capacity_nearby": 0.0, "bike_sharing_nearby": 2, "bike_sharing_capacity_nearby": 14.0, "flat_terrain": 0, "roi_car_trips_per_day": 936.90537674093764, "roi_congestion_cost_yen_day": 327841.92942918889, "roi_operating_cost_yen_day": 45777.196707562216, "roi_emissions_kg_day": 243.59539795264379, "roi_shifted_trips_per_day": 187.38107534818755, "roi_congestion_savings_yen_day": 65568.385885837793, "roi_operating_savings_yen_day": 9155.4393415124432, "roi_emissions_avoided_kg_day": 48.719079590528764, "roi_health_benefit_yen_day": 5621.4322604456265, "roi_parking_spaces_freed": 3.7476215069637511 }, "geometry": { "type": "Polygon", "coordinates": [ [ [ 139.60952641472457, 35.411995872696473 ], [ 139.608960597571951, 35.413747473208147 ], [ 139.606985502655533, 35.414220492306235 ], [ 139.605576320687192, 35.412941929815162 ], [ 139.606142186721087, 35.411190382480257 ], [ 139.608117185845202, 35.410717344459975 ], [ 139.60952641472457, 35.411995872696473 ] ] ] } },
{ "type": "Feature", "properties": { "hex_id": "892f5bd31cbffff", "population": 1343.3242340133968, "production_score": 0.47611040303795654, "attraction_score": 0.039711191335740074, "demand_score": 0.22809853364054988, "stress_score": 1.9512195121951219, "infra_quality_score": 0.68292682926829262, "gap_score": -0.45482829562774274, "schools_nearby": 7, "stations_nearby": 0, "shops_nearby": 12, "bike_parking_nearby": 0, "bike_parking_capacity_nearby": 0.0, "bike_sharing_nearby": 0, "bike_sharing_capacity_nearby": 0.0, "flat_terrain": 0, "roi_car_trips_per_day": 940.32696380937773, "roi_congestion_cost_yen_day": 329039.21117617749, "roi_operating_cost_yen_day": 45944.375451726199, "roi_emissions_kg_day": 244.48501059043821, "roi_shifted_trips_per_day": 188.06539276187556, "roi_congestion_savings_yen_day": 65807.842235235497, "roi_operating_savings_yen_day": 9188.8750903452401, "roi_emissions_avoided_kg_day": 48.897002118087649, "roi_health_benefit_yen_day": 5641.9617828562668, "roi_parking_spaces_freed": 3.7613078552375114 }, "geometry": { "type": "Polygon", "coordinates": [ [ [ 139.61036991302646, 35.415026032984528 ], [ 139.609804086654833, 35.41677764611233 ], [ 139.607828895937757, 35.417250646288011 ], [ 139.606419627396093, 35.415972052258624 ], [ 139.606985502655533, 35.414220492306235 ], [ 139.608960597571951, 35.413747473208147 ], [ 139.61036991302646, 35.415026032984528 ] ] ] } },
{ "type": "Feature", "properties": { "hex_id": "892f5bd31d3ffff", "population": 1338.4923382875486, "production_score": 0.47439784864250895, "attraction_score": 0.052948255114320095, "demand_score": 0.23790446964822351, "stress_score": 2.0666666666666669, "infra_quality_score": 0.64444444444444438, "gap_score": -0.40653997479622084, "schools_nearby": 10, "stations_nearby": 0, "shops_nearby": 14, "bike_parking_nearby": 0, "bike_parking_capacity_nearby": 0.0, "bike_sharing_nearby": 2, "bike_sharing_capacity_nearby": 14.0, "flat_terrain": 0, "roi_car_trips_per_day": 936.94463680128399, "roi_congestion_cost_yen_day": 327855.66730950528, "roi_operating_cost_yen_day": 45779.114954110737, "roi_emissions_kg_day": 243.60560556833386, "roi_shifted_trips_per_day": 187.38892736025682, "roi_congestion_savings_yen_day": 65571.133461901074, "roi_operating_savings_yen_day": 9155.8229908221474, "roi_emissions_avoided_kg_day": 48.721121113666776, "roi_health_benefit_yen_day": 5621.6678208077046, "roi_parking_spaces_freed": 3.7477785472051366 }, "geometry": { "type": "Polygon", "coordinates": [ [ [ 139.612067257488746, 35.409771137725151 ], [ 139.61150149844218, 35.411522778787216 ], [ 139.60952641472457, 35.411995872696473 ], [ 139.608117185845202, 35.410717344459975 ], [ 139.608682993777961, 35.408965756573529 ], [ 139.610657981707021, 35.408492643748254 ], [ 139.612067257488746, 35.409771137725151 ] ] ] } },
{ "type": "Feature", "properties": { "hex_id": "892f5bd31dbffff", "population": 1332.954034940258, "production_score": 0.47243492430000156, "attraction_score": 0.050541516245487361, "demand_score": 0.21950008752425446, "stress_score": 1.7291666666666667, "infra_quality_score": 0.75694444444444442, "gap_score": -0.53744435692018999, "schools_nearby": 10, "stations_nearby": 0, "shops_nearby": 12, "bike_parking_nearby": 0, "bike_parking_capacity_nearby": 0.0, "bike_sharing_nearby": 4, "bike_sharing_capacity_nearby": 22.0, "flat_terrain": 0, "roi_car_trips_per_day": 933.06782445818055, "roi_congestion_cost_yen_day": 326499.09313440655, "roi_operating_cost_yen_day": 45589.693903026702, "roi_emissions_kg_day": 242.59763435912694, "roi_shifted_trips_per_day": 186.61356489163612, "roi_congestion_savings_yen_day": 65299.818626881315, "roi_operating_savings_yen_day": 9117.9387806053401, "roi_emissions_avoided_kg_day": 48.519526871825391, "roi_health_benefit_yen_day": 5598.4069467490835, "roi_parking_spaces_freed": 3.7322712978327224 }, "geometry": { "type": "Polygon", "coordinates": [ [ [ 139.612910860800923, 35.412801304305596 ], [ 139.612345092541005, 35.414552957991532 ], [ 139.61036991302646, 35.415026032984528 ], [ 139.608960597571951, 35.413747473208147 ], [ 139.60952641472457, 35.411995872696473 ], [ 139.61150149844218, 35.411522778787216 ], [ 139.612910860800923, 35.412801304305596 ] ] ] } },
{ "type": "Feature", "properties": { "hex_id": "892f5bd2057ffff", "population": 969.20379509308941, "production_score": 0.34351201133998593, "attraction_score": 0.067388688327316482, "demand_score": 0.20381524488355585, "stress_score": 2.2, "infra_quality_score": 0.6, "gap_score": -0.39618475511644402, "schools_nearby": 5, "stations_nearby": 1, "shops_nearby": 38, "bike_parking_nearby": 0, "bike_parking_capacity_nearby": 0.0, "bike_sharing_nearby": 0, "bike_sharing_capacity_nearby": 0.0, "flat_terrain": 0, "roi_car_trips_per_day": 678.44265656516268, "roi_congestion_cost_yen_day": 237400.65438528173, "roi_operating_cost_yen_day": 33148.70819977385, "roi_emissions_kg_day": 176.39509070694231, "roi_shifted_trips_per_day": 135.68853131303254, "roi_congestion_savings_yen_day": 47480.130877056348, "roi_operating_savings_yen_day": 6629.7416399547701, "roi_emissions_avoided_kg_day": 35.279018141388462, "roi_health_benefit_yen_day": 4070.6559393909761, "roi_parking_spaces_freed": 2.7137706262606507 }, "geometry": { "type": "Polygon", "coordinates": [ [ [ 139.592646601805058, 35.374027572832482 ], [ 139.59208079775857, 35.375778914852802 ], [ 139.59010702090012, 35.376252049379573 ], [ 139.588699143773511, 35.374973860817654 ], [ 139.589264996600008, 35.373222571995314 ], [ 139.591238677776317, 35.372749418537225 ], [ 139.592646601805058, 35.374027572832482 ] ] ] } },
{ "type": "Feature", "properties": { "hex_id": "892f5bd3403ffff", "population": 0.0, "production_score": 0.0, "attraction_score": 0.0, "demand_score": 0.2, "stress_score": 2.0, "infra_quality_score": 0.66666666666666674, "gap_score": -0.46666666666666679, "schools_nearby": 0, "stations_nearby": 0, "shops_nearby": 0, "bike_parking_nearby": 0, "bike_parking_capacity_nearby": 0.0, "bike_sharing_nearby": 2, "bike_sharing_capacity_nearby": 6.0, "flat_terrain": 1, "roi_car_trips_per_day": 0.0, "roi_congestion_cost_yen_day": 0.0, "roi_operating_cost_yen_day": 0.0, "roi_emissions_kg_day": 0.0, "roi_shifted_trips_per_day": 0.0, "roi_congestion_savings_yen_day": 0.0, "roi_operating_savings_yen_day": 0.0, "roi_emissions_avoided_kg_day": 0.0, "roi_health_benefit_yen_day": 0.0, "roi_parking_spaces_freed": 0.0 }, "geometry": { "type": "Polygon", "coordinates": [ [ [ 139.641695910870283, 35.402669031952065 ], [ 139.641130687066919, 35.40442114144431 ], [ 139.639155236890218, 35.404894888976123 ], [ 139.63774510631302, 35.403616545871493 ], [ 139.638310379084032, 35.401864489536507 ], [ 139.640285733467721, 35.401390723149206 ], [ 139.641695910870283, 35.402669031952065 ] ] ] } },
{ "type": "Feature", "properties": { "hex_id": "892f5bd340bffff", "population": 0.0, "production_score": 0.0, "attraction_score": 0.0, "demand_score": 0.2, "stress_score": 2.0, "infra_quality_score": 0.66666666666666674, "gap_score": -0.46666666666666679, "schools_nearby": 0, "stations_nearby": 0, "shops_nearby": 0, "bike_parking_nearby": 0, "bike_parking_capacity_nearby": 0.0, "bike_sharing_nearby": 0, "bike_sharing_capacity_nearby": 0.0, "flat_terrain": 1, "roi_car_trips_per_day": 0.0, "roi_congestion_cost_yen_day": 0.0, "roi_operating_cost_yen_day": 0.0, "roi_emissions_kg_day": 0.0, "roi_shifted_trips_per_day": 0.0, "roi_congestion_savings_yen_day": 0.0, "roi_operating_savings_yen_day": 0.0, "roi_emissions_avoided_kg_day": 0.0, "roi_health_benefit_yen_day": 0.0, "roi_parking_spaces_freed": 0.0 }, "geometry": { "type": "Polygon", "coordinates": [ [ [ 139.642540951111755, 35.405699481760024 ], [ 139.641975718155862, 35.407451603908065 ], [ 139.640000172177707, 35.407925332584156 ], [ 139.638589954960111, 35.406646957968228 ], [ 139.639155236890218, 35.404894888976123 ], [ 139.641130687066919, 35.40442114144431 ], [ 139.642540951111755, 35.405699481760024 ] ] ] } },
{ "type": "Feature", "properties": { "hex_id": "892f5bd3413ffff", "population": 0.0, "production_score": 0.0, "attraction_score": 0.0, "demand_score": 0.2, "stress_score": 2.0, "infra_quality_score": 0.66666666666666674, "gap_score": -0.46666666666666679, "schools_nearby": 0, "stations_nearby": 0, "shops_nearby": 0, "bike_parking_nearby": 0, "bike_parking_capacity_nearby": 0.0, "bike_sharing_nearby": 2, "bike_sharing_capacity_nearby": 6.0, "flat_terrain": 1, "roi_car_trips_per_day": 0.0, "roi_congestion_cost_yen_day": 0.0, "roi_operating_cost_yen_day": 0.0, "roi_emissions_kg_day": 0.0, "roi_shifted_trips_per_day": 0.0, "roi_congestion_savings_yen_day": 0.0, "roi_operating_savings_yen_day": 0.0, "roi_emissions_avoided_kg_day": 0.0, "roi_health_benefit_yen_day": 0.0, "roi_parking_spaces_freed": 0.0 }, "geometry": { "type": "Polygon", "coordinates": [ [ [ 139.644236515420005, 35.400443059637546 ], [ 139.643671349742647, 35.402195209621055 ], [ 139.641695910870283, 35.402669031952065 ], [ 139.640285733467721, 35.401390723149206 ], [ 139.640850948117617, 35.399638626321845 ], [ 139.64282629120072, 35.399164785141487 ], [ 139.644236515420005, 35.400443059637546 ] ] ] } },
{ "type": "Feature", "properties": { "hex_id": "892f5bd341bffff", "population": 0.0, "production_score": 0.0, "attraction_score": 0.0, "demand_score": 0.2, "stress_score": 2.0, "infra_quality_score": 0.66666666666666674, "gap_score": -0.46666666666666679, "schools_nearby": 0, "stations_nearby": 0, "shops_nearby": 0, "bike_parking_nearby": 0, "bike_parking_capacity_nearby": 0.0, "bike_sharing_nearby": 2, "bike_sharing_capacity_nearby": 6.0, "flat_terrain": 1, "roi_car_trips_per_day": 0.0, "roi_congestion_cost_yen_day": 0.0, "roi_operating_cost_yen_day": 0.0, "roi_emissions_kg_day": 0.0, "roi_shifted_trips_per_day": 0.0, "roi_congestion_savings_yen_day": 0.0, "roi_operating_savings_yen_day": 0.0, "roi_emissions_avoided_kg_day": 0.0, "roi_health_benefit_yen_day": 0.0, "roi_parking_spaces_freed": 0.0 }, "geometry": { "type": "Polygon", "coordinates": [ [ [ 139.645081660606081, 35.403473515631525 ], [ 139.644516485781736, 35.405225678278555 ], [ 139.642540951111755, 35.405699481760024 ], [ 139.641130687066919, 35.40442114144431 ], [ 139.641695910870283, 35.402669031952065 ], [ 139.643671349742647, 35.402195209621055 ], [ 139.645081660606081, 35.403473515631525 ] ] ] } },
{ "type": "Feature", "properties": { "hex_id": "892f5bd3423ffff", "population": 0.0, "production_score": 0.0, "attraction_score": 0.0024067388688327317, "demand_score": 0.20084235860409144, "stress_score": 2.0, "infra_quality_score": 0.66666666666666674, "gap_score": -0.4658243080625753, "schools_nearby": 0, "stations_nearby": 0, "shops_nearby": 2, "bike_parking_nearby": 0, "bike_parking_capacity_nearby": 0.0, "bike_sharing_nearby": 2, "bike_sharing_capacity_nearby": 5.0, "flat_terrain": 1, "roi_car_trips_per_day": 0.0, "roi_congestion_cost_yen_day": 0.0, "roi_operating_cost_yen_day": 0.0, "roi_emissions_kg_day": 0.0, "roi_shifted_trips_per_day": 0.0, "roi_congestion_savings_yen_day": 0.0, "roi_operating_savings_yen_day": 0.0, "roi_emissions_avoided_kg_day": 0.0, "roi_health_benefit_yen_day": 0.0, "roi_parking_spaces_freed": 0.0 }, "geometry": { "type": "Polygon", "coordinates": [ [ [ 139.632384462353599, 35.403285527236122 ], [ 139.631819082509367, 35.405037489908828 ], [ 139.629843790067071, 35.405511050767423 ], [ 139.628433973259632, 35.404232667827152 ], [ 139.628999402043718, 35.402480758317914 ], [ 139.630974598698543, 35.402007178585777 ], [ 139.632384462353599, 35.403285527236122 ] ] ] } },
{ "type": "Feature", "properties": { "hex_id": "892f5bd342bffff", "population": 5.5918200290320392, "production_score": 0.0019818921004529509, "attraction_score": 0.022864019253910951, "demand_score": 0.20869606897402734, "stress_score": 2.0, "infra_quality_score": 0.66666666666666674, "gap_score": -0.45797059769263937, "schools_nearby": 2, "stations_nearby": 0, "shops_nearby": 13, "bike_parking_nearby": 0, "bike_parking_capacity_nearby": 0.0, "bike_sharing_nearby": 2, "bike_sharing_capacity_nearby": 5.0, "flat_terrain": 1, "roi_car_trips_per_day": 3.9142740203224271, "roi_congestion_cost_yen_day": 1369.6827651912238, "roi_operating_cost_yen_day": 191.25142863295378, "roi_emissions_kg_day": 1.0177112452838311, "roi_shifted_trips_per_day": 0.78285480406448549, "roi_congestion_savings_yen_day": 273.93655303824477, "roi_operating_savings_yen_day": 38.250285726590761, "roi_emissions_avoided_kg_day": 0.20354224905676624, "roi_health_benefit_yen_day": 23.485644121934566, "roi_parking_spaces_freed": 0.01565709608128971 }, "geometry": { "type": "Polygon", "coordinates": [ [ [ 139.633229032782509, 35.406315870085052 ], [ 139.632663643766989, 35.408067845408524 ], [ 139.63068825552881, 35.408541387393349 ], [ 139.629278352105132, 35.407262972928784 ], [ 139.629843790067071, 35.405511050767423 ], [ 139.631819082509367, 35.405037489908828 ], [ 139.633229032782509, 35.406315870085052 ] ] ] } },
{ "type": "Feature", "properties": { "hex_id": "892f5bd3433ffff", "population": 0.0, "production_score": 0.0, "attraction_score": 0.0012033694344163659, "demand_score": 0.2004211793020457, "stress_score": 2.0, "infra_quality_score": 0.66666666666666674, "gap_score": -0.46624548736462101, "schools_nearby": 0, "stations_nearby": 0, "shops_nearby": 1, "bike_parking_nearby": 0, "bike_parking_capacity_nearby": 0.0, "bike_sharing_nearby": 0, "bike_sharing_capacity_nearby": 0.0, "flat_terrain": 1, "roi_car_trips_per_day": 0.0, "roi_congestion_cost_yen_day": 0.0, "roi_operating_cost_yen_day": 0.0, "roi_emissions_kg_day": 0.0, "roi_shifted_trips_per_day": 0.0, "roi_congestion_savings_yen_day": 0.0, "roi_operating_savings_yen_day": 0.0, "roi_emissions_avoided_kg_day": 0.0, "roi_health_benefit_yen_day": 0.0, "roi_parking_spaces_freed": 0.0 }, "geometry": { "type": "Polygon", "coordinates": [ [ [ 139.634925065249945, 35.401059888403807 ], [ 139.634359743522708, 35.402811891578992 ], [ 139.632384462353599, 35.403285527236122 ], [ 139.630974598698543, 35.402007178585777 ], [ 139.63153996937055, 35.40025522857291 ], [ 139.633515154755969, 35.399781574048397 ], [ 139.634925065249945, 35.401059888403807 ] ] ] } },
{ "type": "Feature", "properties": { "hex_id": "892f5bd343bffff", "population": 0.0, "production_score": 0.0, "attraction_score": 0.0012033694344163659, "demand_score": 0.2004211793020457, "stress_score": 2.0, "infra_quality_score": 0.66666666666666674, "gap_score": -0.46624548736462101, "schools_nearby": 0, "stations_nearby": 0, "shops_nearby": 1, "bike_parking_nearby": 0, "bike_parking_capacity_nearby": 0.0, "bike_sharing_nearby": 2, "bike_sharing_capacity_nearby": 5.0, "flat_terrain": 1, "roi_car_trips_per_day": 0.0, "roi_congestion_cost_yen_day": 0.0, "roi_operating_cost_yen_day": 0.0, "roi_emissions_kg_day": 0.0, "roi_shifted_trips_per_day": 0.0, "roi_congestion_savings_yen_day": 0.0, "roi_operating_savings_yen_day": 0.0, "roi_emissions_avoided_kg_day": 0.0, "roi_health_benefit_yen_day": 0.0, "roi_parking_spaces_freed": 0.0 }, "geometry": { "type": "Polygon", "coordinates": [ [ [ 139.635769740636619, 35.404090237461837 ], [ 139.63520440974375, 35.405842253295511 ], [ 139.633229032782509, 35.406315870085052 ], [ 139.631819082509367, 35.405037489908828 ], [ 139.632384462353599, 35.403285527236122 ], [ 139.634359743522708, 35.402811891578992 ], [ 139.635769740636619, 35.404090237461837 ] ] ] } },
{ "type": "Feature", "properties": { "hex_id": "892f5bd3453ffff", "population": 1.7446239848363501, "production_score": 0.00061834187721639556, "attraction_score": 0.0, "demand_score": null, "stress_score": 4.0, "infra_quality_score": 0.0, "gap_score": null, "schools_nearby": 0, "stations_nearby": 0, "shops_nearby": 0, "bike_parking_nearby": 0, "bike_parking_capacity_nearby": 0.0, "bike_sharing_nearby": 0, "bike_sharing_capacity_nearby": 0.0, "flat_terrain": null, "roi_car_trips_per_day": 1.221236789385445, "roi_congestion_cost_yen_day": 427.33517734175496, "roi_operating_cost_yen_day": 59.669629529372841, "roi_emissions_kg_day": 0.31752156524021569, "roi_shifted_trips_per_day": 0.24424735787708901, "roi_congestion_savings_yen_day": 85.467035468350986, "roi_operating_savings_yen_day": 11.933925905874569, "roi_emissions_avoided_kg_day": 0.063504313048043146, "roi_health_benefit_yen_day": 7.3274207363126704, "roi_parking_spaces_freed": 0.0048849471575417806 }, "geometry": { "type": "Polygon", "coordinates": [ [ [ 139.649313033448465, 35.407308491060803 ], [ 139.648747898475165, 35.409060719513114 ], [ 139.646772183508233, 35.409534560108639 ], [ 139.645361699328419, 35.408256191095994 ], [ 139.645926883298728, 35.406504015794567 ], [ 139.647902502454968, 35.406030156355214 ], [ 139.649313033448465, 35.407308491060803 ] ] ] } },
{ "type": "Feature", "properties": { "hex_id": "892f5bd3463ffff", "population": 455.26344400653932, "production_score": 0.16135766505664031, "attraction_score": 0.037304452466907341, "demand_score": 0.26953174113324169, "stress_score": 2.0, "infra_quality_score": 0.66666666666666674, "gap_score": -0.39713492553342505, "schools_nearby": 4, "stations_nearby": 1, "shops_nearby": 16, "bike_parking_nearby": 0, "bike_parking_capacity_nearby": 0.0, "bike_sharing_nearby": 0, "bike_sharing_capacity_nearby": 0.0, "flat_terrain": 1, "roi_car_trips_per_day": 318.68441080457757, "roi_congestion_cost_yen_day": 111514.04902873779, "roi_operating_cost_yen_day": 15570.920311911659, "roi_emissions_kg_day": 82.857946809190167, "roi_shifted_trips_per_day": 63.736882160915513, "roi_congestion_savings_yen_day": 22302.809805747558, "roi_operating_savings_yen_day": 3114.1840623823318, "roi_emissions_avoided_kg_day": 16.571589361838033, "roi_health_benefit_yen_day": 1912.1064648274655, "roi_parking_spaces_freed": 1.2747376432183104 }, "geometry": { "type": "Polygon", "coordinates": [ [ [ 139.6374593238111, 35.410151068091132 ], [ 139.636893974589725, 35.411903109214492 ], [ 139.634918406019011, 35.412376688268182 ], [ 139.633508282481728, 35.411098245066853 ], [ 139.634073680667512, 35.409346257101731 ], [ 139.636049153429326, 35.408872659180012 ], [ 139.6374593238111, 35.410151068091132 ] ] ] } },
{ "type": "Feature", "properties": { "hex_id": "892f5bd346bffff", "population": 398.35243489174314, "production_score": 0.14118686578058692, "attraction_score": 0.038507821901323708, "demand_score": 0.2628931406886687, "stress_score": 2.0, "infra_quality_score": 0.66666666666666674, "gap_score": -0.40377352597799804, "schools_nearby": 4, "stations_nearby": 1, "shops_nearby": 17, "bike_parking_nearby": 0, "bike_parking_capacity_nearby": 0.0, "bike_sharing_nearby": 0, "bike_sharing_capacity_nearby": 0.0, "flat_terrain": 1, "roi_car_trips_per_day": 278.84670442422021, "roi_congestion_cost_yen_day": 97574.038812123137, "roi_operating_cost_yen_day": 13624.449978167399, "roi_emissions_kg_day": 72.500143150297262, "roi_shifted_trips_per_day": 55.769340884844041, "roi_congestion_savings_yen_day": 19514.807762424629, "roi_operating_savings_yen_day": 2724.8899956334799, "roi_emissions_avoided_kg_day": 14.500028630059452, "roi_health_benefit_yen_day": 1673.0802265453212, "roi_parking_spaces_freed": 1.1153868176968809 }, "geometry": { "type": "Polygon", "coordinates": [ [ [ 139.638304231619486, 35.413181549626408 ], [ 139.637738873235293, 35.414933603380966 ], [ 139.635763208847209, 35.415407163566393 ], [ 139.634352998663843, 35.414128688865837 ], [ 139.634918406019011, 35.412376688268182 ], [ 139.636893974589725, 35.411903109214492 ], [ 139.638304231619486, 35.413181549626408 ] ] ] } },
{ "type": "Feature", "properties": { "hex_id": "892f5bd3473ffff", "population": 82.54161036021685, "production_score": 0.029254976855880122, "attraction_score": 0.019253910950661854, "demand_score": 0.21697811073228968, "stress_score": 2.0, "infra_quality_score": 0.66666666666666674, "gap_score": -0.44968855593437707, "schools_nearby": 1, "stations_nearby": 1, "shops_nearby": 10, "bike_parking_nearby": 0, "bike_parking_capacity_nearby": 0.0, "bike_sharing_nearby": 0, "bike_sharing_capacity_nearby": 0.0, "flat_terrain": 1, "roi_car_trips_per_day": 57.779127252151788, "roi_congestion_cost_yen_day": 20218.072208072954, "roi_operating_cost_yen_day": 2823.0881575401363, "roi_emissions_kg_day": 15.022573085559465, "roi_shifted_trips_per_day": 11.555825450430358, "roi_congestion_savings_yen_day": 4043.6144416145912, "roi_operating_savings_yen_day": 564.61763150802733, "roi_emissions_avoided_kg_day": 3.0045146171118935, "roi_health_benefit_yen_day": 346.67476351291077, "roi_parking_spaces_freed": 0.23111650900860717 }, "geometry": { "type": "Polygon", "coordinates": [ [ [ 139.640000172177707, 35.407925332584156 ], [ 139.639434881089471, 35.409677414224291 ], [ 139.6374593238111, 35.410151068091132 ], [ 139.636049153429326, 35.408872659180012 ], [ 139.636614493486888, 35.407120630696959 ], [ 139.638589954960111, 35.406646957968228 ], [ 139.640000172177707, 35.407925332584156 ] ] ] } },
{ "type": "Feature", "properties": { "hex_id": "892f5bd347bffff", "population": 40.358562186471175, "production_score": 0.014304164863627105, "attraction_score": 0.027677496991576414, "demand_score": 0.2146935816493212, "stress_score": 2.0, "infra_quality_score": 0.66666666666666674, "gap_score": -0.45197308501734557, "schools_nearby": 3, "stations_nearby": 1, "shops_nearby": 11, "bike_parking_nearby": 0, "bike_parking_capacity_nearby": 0.0, "bike_sharing_nearby": 0, "bike_sharing_capacity_nearby": 0.0, "flat_terrain": 1, "roi_car_trips_per_day": 28.250993530529822, "roi_congestion_cost_yen_day": 9885.5876562029953, "roi_operating_cost_yen_day": 1380.3435439016871, "roi_emissions_kg_day": 7.3452583179377537, "roi_shifted_trips_per_day": 5.6501987061059644, "roi_congestion_savings_yen_day": 1977.1175312405992, "roi_operating_savings_yen_day": 276.06870878033743, "roi_emissions_avoided_kg_day": 1.4690516635875508, "roi_health_benefit_yen_day": 169.50596118317893, "roi_parking_spaces_freed": 0.11300397412211929 }, "geometry": { "type": "Polygon", "coordinates": [ [ [ 139.640845184956902, 35.410955820342593 ], [ 139.640279884711447, 35.41270791462167 ], [ 139.638304231619486, 35.413181549626408 ], [ 139.636893974589725, 35.411903109214492 ], [ 139.6374593238111, 35.410151068091132 ], [ 139.639434881089471, 35.409677414224291 ], [ 139.640845184956902, 35.410955820342593 ] ] ] } },
{ "type": "Feature", "properties": { "hex_id": "892f5bd34abffff", "population": 0.0, "production_score": 0.0, "attraction_score": 0.0, "demand_score": 0.2, "stress_score": 2.0, "infra_quality_score": 0.66666666666666674, "gap_score": -0.46666666666666679, "schools_nearby": 0, "stations_nearby": 0, "shops_nearby": 0, "bike_parking_nearby": 0, "bike_parking_capacity_nearby": 0.0, "bike_sharing_nearby": 0, "bike_sharing_capacity_nearby": 0.0, "flat_terrain": 1, "roi_car_trips_per_day": 0.0, "roi_congestion_cost_yen_day": 0.0, "roi_operating_cost_yen_day": 0.0, "roi_emissions_kg_day": 0.0, "roi_shifted_trips_per_day": 0.0, "roi_congestion_savings_yen_day": 0.0, "roi_operating_savings_yen_day": 0.0, "roi_emissions_avoided_kg_day": 0.0, "roi_health_benefit_yen_day": 0.0, "roi_parking_spaces_freed": 0.0 }, "geometry": { "type": "Polygon", "coordinates": [ [ [ 139.637465598748946, 35.398834134283263 ], [ 139.636900335137994, 35.400586177952007 ], [ 139.634925065249945, 35.401059888403807 ], [ 139.633515154755969, 35.399781574048397 ], [ 139.634080467316608, 35.398029583540797 ], [ 139.63605564142469, 35.397555854227775 ], [ 139.637465598748946, 35.398834134283263 ] ] ] } },
{ "type": "Feature", "properties": { "hex_id": "892f5bd3503ffff", "population": 720.99538437421563, "production_score": 0.25554024438115719, "attraction_score": 0.17569193742478942, "demand_score": 0.40955195328725374, "stress_score": 3.1724137931034484, "infra_quality_score": 0.27586206896551724, "gap_score": 0.13368988432173651, "schools_nearby": 6, "stations_nearby": 2, "shops_nearby": 122, "bike_parking_nearby": 1, "bike_parking_capacity_nearby": 4.0, "bike_sharing_nearby": 2, "bike_sharing_capacity_nearby": 3.0, "flat_terrain": 1, "roi_car_trips_per_day": 504.69676906195093, "roi_congestion_cost_yen_day": 176603.49343015789, "roi_operating_cost_yen_day": 24659.484136366922, "roi_emissions_kg_day": 131.22115995610724, "roi_shifted_trips_per_day": 100.93935381239019, "roi_congestion_savings_yen_day": 35320.698686031581, "roi_operating_savings_yen_day": 4931.8968272733846, "roi_emissions_avoided_kg_day": 26.244231991221451, "roi_health_benefit_yen_day": 3028.1806143717058, "roi_parking_spaces_freed": 2.0187870762478037 }, "geometry": { "type": "Polygon", "coordinates": [ [ [ 139.618001765451908, 35.397036002646352 ], [ 139.617436199114991, 35.398787739984826 ], [ 139.615461340587274, 35.399261096099096 ], [ 139.614052144160155, 35.397982733772281 ], [ 139.614617759384799, 35.396231049608701 ], [ 139.61659252215199, 35.395757674597341 ], [ 139.618001765451908, 35.397036002646352 ] ] ] } },
{ "type": "Feature", "properties": { "hex_id": "892f5bd350bffff", "population": 1021.4138411914452, "production_score": 0.36201666231040125, "attraction_score": 0.16004813477737664, "demand_score": 0.28272267898072223, "stress_score": 3.0, "infra_quality_score": 0.33333333333333337, "gap_score": -0.05061065435261114, "schools_nearby": 7, "stations_nearby": 2, "shops_nearby": 106, "bike_parking_nearby": 3, "bike_parking_capacity_nearby": 12.0, "bike_sharing_nearby": 4, "bike_sharing_capacity_nearby": 17.0, "flat_terrain": 0, "roi_car_trips_per_day": 714.98968883401153, "roi_congestion_cost_yen_day": 250189.19191679734, "roi_operating_cost_yen_day": 34934.3961964298, "roi_emissions_kg_day": 185.89731909684301, "roi_shifted_trips_per_day": 142.99793776680232, "roi_congestion_savings_yen_day": 50037.838383359471, "roi_operating_savings_yen_day": 6986.8792392859614, "roi_emissions_avoided_kg_day": 37.179463819368607, "roi_health_benefit_yen_day": 4289.9381330040696, "roi_parking_spaces_freed": 2.8599587553360464 }, "geometry": { "type": "Polygon", "coordinates": [ [ [ 139.618845528978824, 35.400066099597808 ], [ 139.618279953443448, 35.401817849601549 ], [ 139.616304999146877, 35.402291186818509 ], [ 139.614895716157662, 35.401012792929322 ], [ 139.615461340587274, 35.399261096099096 ], [ 139.617436199114991, 35.398787739984826 ], [ 139.618845528978824, 35.400066099597808 ] ] ] } },
{ "type": "Feature", "properties": { "hex_id": "892f5bd3513ffff", "population": 721.0255667823966, "production_score": 0.25555094184209765, "attraction_score": 0.20457280385078219, "demand_score": 0.36630646888724477, "stress_score": 2.1052631578947367, "infra_quality_score": 0.63157894736842102, "gap_score": -0.26527247848117624, "schools_nearby": 3, "stations_nearby": 3, "shops_nearby": 152, "bike_parking_nearby": 0, "bike_parking_capacity_nearby": 0.0, "bike_sharing_nearby": 0, "bike_sharing_capacity_nearby": 0.0, "flat_terrain": 1, "roi_car_trips_per_day": 504.71789674767768, "roi_congestion_cost_yen_day": 176610.88642994739, "roi_operating_cost_yen_day": 24660.516435091533, "roi_emissions_kg_day": 131.22665315439619, "roi_shifted_trips_per_day": 100.94357934953554, "roi_congestion_savings_yen_day": 35322.177285989477, "roi_operating_savings_yen_day": 4932.1032870183062, "roi_emissions_avoided_kg_day": 26.245330630879241, "roi_health_benefit_yen_day": 3028.307380486066, "roi_parking_spaces_freed": 2.018871586990711 }, "geometry": { "type": "Polygon", "coordinates": [ [ [ 139.62054212100179, 35.394810793910978 ], [ 139.619976612756716, 35.396562571748781 ], [ 139.618001765451908, 35.397036002646352 ], [ 139.61659252215199, 35.395757674597341 ], [ 139.617158079289624, 35.394005949933216 ], [ 139.619132830837742, 35.39353250014473 ], [ 139.62054212100179, 35.394810793910978 ] ] ] } },
{ "type": "Feature", "properties": { "hex_id": "892f5bd351bffff", "population": 721.5537528869047, "production_score": 0.25573814526829136, "attraction_score": 0.15162454873646208, "demand_score": 0.40924360956833039, "stress_score": 3.3333333333333335, "infra_quality_score": 0.22222222222222221, "gap_score": 0.18702138734610818, "schools_nearby": 3, "stations_nearby": 2, "shops_nearby": 111, "bike_parking_nearby": 2, "bike_parking_capacity_nearby": 8.0, "bike_sharing_nearby": 0, "bike_sharing_capacity_nearby": 0.0, "flat_terrain": 1, "roi_car_trips_per_day": 505.08762702083328, "roi_congestion_cost_yen_day": 176740.26244712999, "roi_operating_cost_yen_day": 24678.581456237913, "roi_emissions_kg_day": 131.32278302541667, "roi_shifted_trips_per_day": 101.01752540416666, "roi_congestion_savings_yen_day": 35348.052489426002, "roi_operating_savings_yen_day": 4935.7162912475833, "roi_emissions_avoided_kg_day": 26.264556605083332, "roi_health_benefit_yen_day": 3030.5257621249998, "roi_parking_spaces_freed": 2.0203505080833333 }, "geometry": { "type": "Polygon", "coordinates": [ [ [ 139.621385989486612, 35.397840897080556 ], [ 139.620820472048763, 35.399592687591394 ], [ 139.618845528978824, 35.400066099597808 ], [ 139.617436199114991, 35.398787739984826 ], [ 139.618001765451908, 35.397036002646352 ], [ 139.619976612756716, 35.396562571748781 ], [ 139.621385989486612, 35.397840897080556 ] ] ] } },
{ "type": "Feature", "properties": { "hex_id": "892f5bd3523ffff", "population": 1129.6158836917755, "production_score": 0.40036638962117099, "attraction_score": 0.13838748495788206, "demand_score": 0.25284957038838285, "stress_score": 2.2857142857142856, "infra_quality_score": 0.5714285714285714, "gap_score": -0.31857900104018855, "schools_nearby": 7, "stations_nearby": 1, "shops_nearby": 91, "bike_parking_nearby": 0, "bike_parking_capacity_nearby": 0.0, "bike_sharing_nearby": 0, "bike_sharing_capacity_nearby": 0.0, "flat_terrain": 0, "roi_car_trips_per_day": 790.73111858424284, "roi_congestion_cost_yen_day": 276692.63301499828, "roi_operating_cost_yen_day": 38635.122454026103, "roi_emissions_kg_day": 205.59009083190315, "roi_shifted_trips_per_day": 158.14622371684857, "roi_congestion_savings_yen_day": 55338.526602999656, "roi_operating_savings_yen_day": 7727.0244908052209, "roi_emissions_avoided_kg_day": 41.118018166380629, "roi_health_benefit_yen_day": 4744.3867115054572, "roi_parking_spaces_freed": 3.1629244743369713 }, "geometry": { "type": "Polygon", "coordinates": [ [ [ 139.608693617764686, 35.397650913327325 ], [ 139.608127895580907, 35.399402503802996 ], [ 139.606153194966964, 35.399875673374993 ], [ 139.604744312294912, 35.39859727138677 ], [ 139.605310083338708, 35.396845734092153 ], [ 139.607284688197694, 35.396372545605018 ], [ 139.608693617764686, 35.397650913327325 ] ] ] } },
{ "type": "Feature", "properties": { "hex_id": "892f5bd352bffff", "population": 953.23022573628361, "production_score": 0.33785054677926563, "attraction_score": 0.15643802647412755, "demand_score": 0.24522322286090986, "stress_score": 2.4444444444444446, "infra_quality_score": 0.51851851851851838, "gap_score": -0.27329529565760852, "schools_nearby": 9, "stations_nearby": 2, "shops_nearby": 97, "bike_parking_nearby": 0, "bike_parking_capacity_nearby": 0.0, "bike_sharing_nearby": 4, "bike_sharing_capacity_nearby": 28.0, "flat_terrain": 0, "roi_car_trips_per_day": 667.26115801539856, "roi_congestion_cost_yen_day": 233488.02441274829, "roi_operating_cost_yen_day": 32602.380180632372, "roi_emissions_kg_day": 173.48790108400362, "roi_shifted_trips_per_day": 133.45223160307972, "roi_congestion_savings_yen_day": 46697.604882549662, "roi_operating_savings_yen_day": 6520.4760361264753, "roi_emissions_avoided_kg_day": 34.697580216800731, "roi_health_benefit_yen_day": 4003.5669480923916, "roi_parking_spaces_freed": 2.6690446320615946 }, "geometry": { "type": "Polygon", "coordinates": [ [ [ 139.609536911687542, 35.400680903102241 ], [ 139.608971180286659, 35.402432506238164 ], [ 139.606996383909404, 35.402905656894831 ], [ 139.605587414699556, 35.401627223331225 ], [ 139.606153194966964, 35.399875673374993 ], [ 139.608127895580907, 35.399402503802996 ], [ 139.609536911687542, 35.400680903102241 ] ] ] } },
{ "type": "Feature", "properties": { "hex_id": "892f5bd3533ffff", "population": 1129.6631866945875, "production_score": 0.40038315508342015, "attraction_score": 0.18531889290012032, "demand_score": 0.27218321679423912, "stress_score": 2.34375, "infra_quality_score": 0.55208333333333326, "gap_score": -0.27990011653909413, "schools_nearby": 8, "stations_nearby": 2, "shops_nearby": 124, "bike_parking_nearby": 4, "bike_parking_capacity_nearby": 16.0, "bike_sharing_nearby": 2, "bike_sharing_capacity_nearby": 17.0, "flat_terrain": 0, "roi_car_trips_per_day": 790.76423068621114, "roi_congestion_cost_yen_day": 276704.219601719, "roi_operating_cost_yen_day": 38636.740311328278, "roi_emissions_kg_day": 205.59869997841491, "roi_shifted_trips_per_day": 158.15284613724225, "roi_congestion_savings_yen_day": 55340.84392034381, "roi_operating_savings_yen_day": 7727.3480622656562, "roi_emissions_avoided_kg_day": 41.119739995682984, "roi_health_benefit_yen_day": 4744.5853841172675, "roi_parking_spaces_freed": 3.1630569227448451 }, "geometry": { "type": "Polygon", "coordinates": [ [ [ 139.611233971287817, 35.395426037986496 ], [ 139.610668307186899, 35.397177668972688 ], [ 139.608693617764686, 35.397650913327325 ], [ 139.607284688197694, 35.396372545605018 ], [ 139.607850401163489, 35.39462096779868 ], [ 139.609824994834526, 35.394147704535087 ], [ 139.611233971287817, 35.395426037986496 ] ] ] } },
{ "type": "Feature", "properties": { "hex_id": "892f5bd353bffff", "population": 1106.4799126904938, "production_score": 0.39216637640084462, "attraction_score": 0.17930204572803851, "demand_score": 0.27144251917368051, "stress_score": 2.4285714285714284, "infra_quality_score": 0.52380952380952395, "gap_score": -0.25236700463584344, "schools_nearby": 9, "stations_nearby": 2, "shops_nearby": 116, "bike_parking_nearby": 0, "bike_parking_capacity_nearby": 0.0, "bike_sharing_nearby": 0, "bike_sharing_capacity_nearby": 0.0, "flat_terrain": 0, "roi_car_trips_per_day": 774.53593888334569, "roi_congestion_cost_yen_day": 271025.61573406035, "roi_operating_cost_yen_day": 37843.82597384027, "roi_emissions_kg_day": 201.37934410966989, "roi_shifted_trips_per_day": 154.90718777666916, "roi_congestion_savings_yen_day": 54205.123146812075, "roi_operating_savings_yen_day": 7568.7651947680552, "roi_emissions_avoided_kg_day": 40.275868821933983, "roi_health_benefit_yen_day": 4647.2156333000748, "roi_parking_spaces_freed": 3.0981437555333833 }, "geometry": { "type": "Polygon", "coordinates": [ [ [ 139.612077370181709, 35.398456034002628 ], [ 139.611511696869314, 35.400207677656823 ], [ 139.609536911687542, 35.400680903102241 ], [ 139.608127895580907, 35.399402503802996 ], [ 139.608693617764686, 35.397650913327325 ], [ 139.610668307186899, 35.397177668972688 ], [ 139.612077370181709, 35.398456034002628 ] ] ] } },
{ "type": "Feature", "properties": { "hex_id": "892f5bd2287ffff", "population": 1004.5600605158295, "production_score": 0.3560432270763722, "attraction_score": 0.068592057761732855, "demand_score": 0.21268484969333676, "stress_score": 2.28125, "infra_quality_score": 0.57291666666666674, "gap_score": -0.36023181697332995, "schools_nearby": 5, "stations_nearby": 1, "shops_nearby": 39, "bike_parking_nearby": 0, "bike_parking_capacity_nearby": 0.0, "bike_sharing_nearby": 0, "bike_sharing_capacity_nearby": 0.0, "flat_terrain": 0, "roi_car_trips_per_day": 703.19204236108067, "roi_congestion_cost_yen_day": 246060.95946298935, "roi_operating_cost_yen_day": 34357.963189762399, "roi_emissions_kg_day": 182.82993101388098, "roi_shifted_trips_per_day": 140.63840847221613, "roi_congestion_savings_yen_day": 49212.191892597868, "roi_operating_savings_yen_day": 6871.5926379524799, "roi_emissions_avoided_kg_day": 36.565986202776195, "roi_health_benefit_yen_day": 4219.1522541664835, "roi_parking_spaces_freed": 2.8127681694443227 }, "geometry": { "type": "Polygon", "coordinates": [ [ [ 139.595173452705097, 35.383116289883652 ], [ 139.594607620931754, 35.384867670060537 ], [ 139.59263355697658, 35.385340747791908 ], [ 139.591225420505225, 35.384062464278749 ], [ 139.591791301078189, 35.382311137295837 ], [ 139.593765269326042, 35.381838040632417 ], [ 139.595173452705097, 35.383116289883652 ] ] ] } },
{ "type": "Feature", "properties": { "hex_id": "892f5bd3543ffff", "population": 1147.2607280962104, "production_score": 0.40662019921398873, "attraction_score": 0.096269554753309269, "demand_score": 0.42184474722188758, "stress_score": 2.9166666666666665, "infra_quality_score": 0.36111111111111116, "gap_score": 0.060733636110776423, "schools_nearby": 5, "stations_nearby": 1, "shops_nearby": 62, "bike_parking_nearby": 0, "bike_parking_capacity_nearby": 0.0, "bike_sharing_nearby": 1, "bike_sharing_capacity_nearby": 10.0, "flat_terrain": 1, "roi_car_trips_per_day": 803.08250966734727, "roi_congestion_cost_yen_day": 281014.63178279815, "roi_operating_cost_yen_day": 39238.611422346585, "roi_emissions_kg_day": 208.8014525135103, "roi_shifted_trips_per_day": 160.61650193346946, "roi_congestion_savings_yen_day": 56202.926356559641, "roi_operating_savings_yen_day": 7847.7222844693179, "roi_emissions_avoided_kg_day": 41.760290502702063, "roi_health_benefit_yen_day": 4818.4950580040841, "roi_parking_spaces_freed": 3.2123300386693892 }, "geometry": { "type": "Polygon", "coordinates": [ [ [ 139.62307395861356, 35.403901236090746 ], [ 139.622508422792947, 35.405653051920339 ], [ 139.620533288167508, 35.406126426143757 ], [ 139.619123785147792, 35.404848003429528 ], [ 139.619689369880575, 35.403096240769607 ], [ 139.621664408724087, 35.402622847654577 ], [ 139.62307395861356, 35.403901236090746 ] ] ] } },
{ "type": "Feature", "properties": { "hex_id": "892f5bd2297ffff", "population": 1139.3836599358131, "production_score": 0.40382835343197715, "attraction_score": 0.085439229843561976, "demand_score": 0.24124365414643867, "stress_score": 2.4, "infra_quality_score": 0.53333333333333344, "gap_score": -0.29208967918689477, "schools_nearby": 8, "stations_nearby": 1, "shops_nearby": 44, "bike_parking_nearby": 3, "bike_parking_capacity_nearby": 12.0, "bike_sharing_nearby": 2, "bike_sharing_capacity_nearby": 4.0, "flat_terrain": 0, "roi_car_trips_per_day": 797.56856195506907, "roi_congestion_cost_yen_day": 279085.19119931781, "roi_operating_cost_yen_day": 38969.199937124671, "roi_emissions_kg_day": 207.36782610831796, "roi_shifted_trips_per_day": 159.51371239101383, "roi_congestion_savings_yen_day": 55817.038239863563, "roi_operating_savings_yen_day": 7793.8399874249353, "roi_emissions_avoided_kg_day": 41.473565221663598, "roi_health_benefit_yen_day": 4785.4113717304144, "roi_parking_spaces_freed": 3.1902742478202768 }, "geometry": { "type": "Polygon", "coordinates": [ [ [ 139.597713279245966, 35.380891716741182 ], [ 139.59714750551845, 35.382643137401125 ], [ 139.595173452705097, 35.383116289883652 ], [ 139.593765269326042, 35.381838040632417 ], [ 139.594331091858038, 35.380086673165287 ], [ 139.596305048967793, 35.379613501756907 ], [ 139.597713279245966, 35.380891716741182 ] ] ] } },
{ "type": "Feature", "properties": { "hex_id": "892f5bd354bffff", "population": 1152.7626270354544, "production_score": 0.40857022085069472, "attraction_score": 0.077015643802647415, "demand_score": 0.3958809785545957, "stress_score": 2.5185185185185186, "infra_quality_score": 0.49382716049382713, "gap_score": -0.097946181939231436, "schools_nearby": 6, "stations_nearby": 1, "shops_nearby": 43, "bike_parking_nearby": 0, "bike_parking_capacity_nearby": 0.0, "bike_sharing_nearby": 0, "bike_sharing_capacity_nearby": 0.0, "flat_terrain": 1, "roi_car_trips_per_day": 806.93383892481802, "roi_congestion_cost_yen_day": 282362.28891657235, "roi_operating_cost_yen_day": 39426.787369866608, "roi_emissions_kg_day": 209.80279812045268, "roi_shifted_trips_per_day": 161.38676778496361, "roi_congestion_savings_yen_day": 56472.457783314472, "roi_operating_savings_yen_day": 7885.3574739733222, "roi_emissions_avoided_kg_day": 41.960559624090543, "roi_health_benefit_yen_day": 4841.6030335489086, "roi_parking_spaces_freed": 3.2277353556992723 }, "geometry": { "type": "Polygon", "coordinates": [ [ [ 139.623918059276207, 35.406931471895412 ], [ 139.623352514265662, 35.408683300370733 ], [ 139.621377283849853, 35.40915665570234 ], [ 139.61996769423817, 35.407878201450785 ], [ 139.620533288167508, 35.406126426143757 ], [ 139.622508422792947, 35.405653051920339 ], [ 139.623918059276207, 35.406931471895412 ] ] ] } },
{ "type": "Feature", "properties": { "hex_id": "892f5bd3553ffff", "population": 1057.1161132980051, "production_score": 0.37467051216408859, "attraction_score": 0.080625752105896509, "demand_score": 0.35935369249449473, "stress_score": 2.0, "infra_quality_score": 0.66666666666666674, "gap_score": -0.30731297417217202, "schools_nearby": 1, "stations_nearby": 1, "shops_nearby": 61, "bike_parking_nearby": 0, "bike_parking_capacity_nearby": 0.0, "bike_sharing_nearby": 0, "bike_sharing_capacity_nearby": 0.0, "flat_terrain": 1, "roi_car_trips_per_day": 739.98127930860346, "roi_congestion_cost_yen_day": 258934.24925566654, "roi_operating_cost_yen_day": 36155.485307018367, "roi_emissions_kg_day": 192.39513262023689, "roi_shifted_trips_per_day": 147.9962558617207, "roi_congestion_savings_yen_day": 51786.849851133309, "roi_operating_savings_yen_day": 7231.0970614036733, "roi_emissions_avoided_kg_day": 38.479026524047384, "roi_health_benefit_yen_day": 4439.8876758516208, "roi_parking_spaces_freed": 2.9599251172344139 }, "geometry": { "type": "Polygon", "coordinates": [ [ [ 139.625614559709618, 35.401675930726157 ], [ 139.625049081996963, 35.403427787069425 ], [ 139.62307395861356, 35.403901236090746 ], [ 139.621664408724087, 35.402622847654577 ], [ 139.622229935353772, 35.4008710444798 ], [ 139.624204962959055, 35.400397576573042 ], [ 139.625614559709618, 35.401675930726157 ] ] ] } },
{ "type": "Feature", "properties": { "hex_id": "892f5bd355bffff", "population": 773.64528491951341, "production_score": 0.27420079165174271, "attraction_score": 0.064981949458483748, "demand_score": 0.3472853879600078, "stress_score": 2.5714285714285716, "infra_quality_score": 0.47619047619047616, "gap_score": -0.12890508823046837, "schools_nearby": 1, "stations_nearby": 1, "shops_nearby": 48, "bike_parking_nearby": 0, "bike_parking_capacity_nearby": 0.0, "bike_sharing_nearby": 0, "bike_sharing_capacity_nearby": 0.0, "flat_terrain": 1, "roi_car_trips_per_day": 541.55169944365934, "roi_congestion_cost_yen_day": 189499.77066932528, "roi_operating_cost_yen_day": 26460.216034817196, "roi_emissions_kg_day": 140.80344185535142, "roi_shifted_trips_per_day": 108.31033988873187, "roi_congestion_savings_yen_day": 37899.95413386506, "roi_operating_savings_yen_day": 5292.0432069634389, "roi_emissions_avoided_kg_day": 28.16068837107029, "roi_health_benefit_yen_day": 3249.3101966619561, "roi_parking_spaces_freed": 2.1662067977746378 }, "geometry": { "type": "Polygon", "coordinates": [ [ [ 139.626458765343244, 35.404706172763007 ], [ 139.625893278446256, 35.406458041759734 ], [ 139.623918059276207, 35.406931471895412 ], [ 139.622508422792947, 35.405653051920339 ], [ 139.62307395861356, 35.403901236090746 ], [ 139.625049081996963, 35.403427787069425 ], [ 139.626458765343244, 35.404706172763007 ] ] ] } },
{ "type": "Feature", "properties": { "hex_id": "892f5bd3563ffff", "population": 990.23728104707948, "production_score": 0.35096684705371989, "attraction_score": 0.11793020457280386, "demand_score": 0.23078063473594995, "stress_score": 2.3333333333333335, "infra_quality_score": 0.55555555555555558, "gap_score": -0.32477492081960563, "schools_nearby": 9, "stations_nearby": 1, "shops_nearby": 68, "bike_parking_nearby": 0, "bike_parking_capacity_nearby": 0.0, "bike_sharing_nearby": 0, "bike_sharing_capacity_nearby": 0.0, "flat_terrain": 0, "roi_car_trips_per_day": 693.16609673295568, "roi_congestion_cost_yen_day": 242552.68056879585, "roi_operating_cost_yen_day": 33868.095486372215, "roi_emissions_kg_day": 180.22318515056847, "roi_shifted_trips_per_day": 138.63321934659115, "roi_congestion_savings_yen_day": 48510.536113759175, "roi_operating_savings_yen_day": 6773.6190972744434, "roi_emissions_avoided_kg_day": 36.044637030113698, "roi_health_benefit_yen_day": 4158.9965803977348, "roi_parking_spaces_freed": 2.7726643869318228 }, "geometry": { "type": "Polygon", "coordinates": [ [ [ 139.61376439999799, 35.404516158729891 ], [ 139.613198708265429, 35.406267827692751 ], [ 139.611223731539297, 35.406741015319156 ], [ 139.609814542325267, 35.405462552892565 ], [ 139.610380282942316, 35.403710937105515 ], [ 139.612355163892062, 35.403237730569494 ], [ 139.61376439999799, 35.404516158729891 ] ] ] } },
{ "type": "Feature", "properties": { "hex_id": "892f5bd356bffff", "population": 1130.0389521510881, "production_score": 0.40051633651379437, "attraction_score": 0.081829121540312882, "demand_score": 0.23363572513375236, "stress_score": 2.2962962962962963, "infra_quality_score": 0.56790123456790131, "gap_score": -0.33426550943414896, "schools_nearby": 9, "stations_nearby": 1, "shops_nearby": 38, "bike_parking_nearby": 0, "bike_parking_capacity_nearby": 0.0, "bike_sharing_nearby": 0, "bike_sharing_capacity_nearby": 0.0, "flat_terrain": 0, "roi_car_trips_per_day": 791.02726650576165, "roi_congestion_cost_yen_day": 276796.26109569613, "roi_operating_cost_yen_day": 38649.592241471517, "roi_emissions_kg_day": 205.66708929149803, "roi_shifted_trips_per_day": 158.20545330115235, "roi_congestion_savings_yen_day": 55359.252219139235, "roi_operating_savings_yen_day": 7729.9184482943037, "roi_emissions_avoided_kg_day": 41.133417858299609, "roi_health_benefit_yen_day": 4746.1635990345703, "roi_parking_spaces_freed": 3.1641090660230469 }, "geometry": { "type": "Polygon", "coordinates": [ [ [ 139.6146080309409, 35.407546287405061 ], [ 139.614042329999677, 35.409297969008634 ], [ 139.612067257488746, 35.409771137725151 ], [ 139.610657981707021, 35.408492643748254 ], [ 139.611223731539297, 35.406741015319156 ], [ 139.613198708265429, 35.406267827692751 ], [ 139.6146080309409, 35.407546287405061 ] ] ] } },
{ "type": "Feature", "properties": { "hex_id": "892f5bd3573ffff", "population": 1146.1765518952061, "production_score": 0.40623593787562062, "attraction_score": 0.14560770156438027, "demand_score": 0.24314527380400031, "stress_score": 2.0, "infra_quality_score": 0.66666666666666674, "gap_score": -0.42352139286266643, "schools_nearby": 8, "stations_nearby": 2, "shops_nearby": 91, "bike_parking_nearby": 0, "bike_parking_capacity_nearby": 0.0, "bike_sharing_nearby": 2, "bike_sharing_capacity_nearby": 6.0, "flat_terrain": 0, "roi_car_trips_per_day": 802.3235863266442, "roi_congestion_cost_yen_day": 280749.06932741933, "roi_operating_cost_yen_day": 39201.530427919832, "roi_emissions_kg_day": 208.6041324449275, "roi_shifted_trips_per_day": 160.46471726532886, "roi_congestion_savings_yen_day": 56149.813865483877, "roi_operating_savings_yen_day": 7840.3060855839676, "roi_emissions_avoided_kg_day": 41.720826488985502, "roi_health_benefit_yen_day": 4813.9415179598655, "roi_parking_spaces_freed": 3.2092943453065774 }, "geometry": { "type": "Polygon", "coordinates": [ [ [ 139.616304999146877, 35.402291186818509 ], [ 139.615739365513321, 35.404042896306287 ], [ 139.61376439999799, 35.404516158729891 ], [ 139.612355163892062, 35.403237730569494 ], [ 139.612920846415022, 35.401486074256418 ], [ 139.614895716157662, 35.401012792929322 ], [ 139.616304999146877, 35.402291186818509 ] ] ] } },
{ "type": "Feature", "properties": { "hex_id": "892f5bd357bffff", "population": 1147.1362134576827, "production_score": 0.40657606786190525, "attraction_score": 0.11552346570397112, "demand_score": 0.2327348367480567, "stress_score": 2.0, "infra_quality_score": 0.66666666666666674, "gap_score": -0.43393182991861001, "schools_nearby": 8, "stations_nearby": 1, "shops_nearby": 69, "bike_parking_nearby": 0, "bike_parking_capacity_nearby": 0.0, "bike_sharing_nearby": 0, "bike_sharing_capacity_nearby": 0.0, "flat_terrain": 0, "roi_car_trips_per_day": 802.99534942037792, "roi_congestion_cost_yen_day": 280984.13266917865, "roi_operating_cost_yen_day": 39234.352772679667, "roi_emissions_kg_day": 208.77879084929828, "roi_shifted_trips_per_day": 160.59906988407559, "roi_congestion_savings_yen_day": 56196.826533835731, "roi_operating_savings_yen_day": 7846.8705545359335, "roi_emissions_avoided_kg_day": 41.755758169859654, "roi_health_benefit_yen_day": 4817.9720965222677, "roi_parking_spaces_freed": 3.2119813976815119 }, "geometry": { "type": "Polygon", "coordinates": [ [ [ 139.617148735073926, 35.405321321748929 ], [ 139.616583092237221, 35.407073043885148 ], [ 139.6146080309409, 35.407546287405061 ], [ 139.613198708265429, 35.406267827692751 ], [ 139.61376439999799, 35.404516158729891 ], [ 139.615739365513321, 35.404042896306287 ], [ 139.617148735073926, 35.405321321748929 ] ] ] } },
{ "type": "Feature", "properties": { "hex_id": "892f5bd3583ffff", "population": 846.04512452981544, "production_score": 0.29986125093919164, "attraction_score": 0.2563176895306859, "demand_score": 0.40180548630731427, "stress_score": 2.1428571428571428, "infra_quality_score": 0.61904761904761907, "gap_score": -0.21724213274030479, "schools_nearby": 4, "stations_nearby": 4, "shops_nearby": 189, "bike_parking_nearby": 0, "bike_parking_capacity_nearby": 0.0, "bike_sharing_nearby": 0, "bike_sharing_capacity_nearby": 0.0, "flat_terrain": 1, "roi_car_trips_per_day": 592.23158717087074, "roi_congestion_cost_yen_day": 207233.67698283109, "roi_operating_cost_yen_day": 28936.435349168743, "roi_emissions_kg_day": 153.9802126644264, "roi_shifted_trips_per_day": 118.44631743417415, "roi_congestion_savings_yen_day": 41446.735396566219, "roi_operating_savings_yen_day": 5787.2870698337492, "roi_emissions_avoided_kg_day": 30.796042532885281, "roi_health_benefit_yen_day": 3553.3895230252247, "roi_parking_spaces_freed": 2.3689263486834831 }, "geometry": { "type": "Polygon", "coordinates": [ [ [ 139.622238511175965, 35.389555404788865 ], [ 139.621673070210193, 35.391307210427271 ], [ 139.619698329889047, 35.391780734989013 ], [ 139.618289126281468, 35.390502472797174 ], [ 139.618854616138151, 35.388750720332659 ], [ 139.620829260714657, 35.388277176886405 ], [ 139.622238511175965, 35.389555404788865 ] ] ] } },
{ "type": "Feature", "properties": { "hex_id": "892f5bd358bffff", "population": 725.60483810475023, "production_score": 0.25717395932343357, "attraction_score": 0.24548736462093862, "demand_score": 0.37593146338053024, "stress_score": 2.0, "infra_quality_score": 0.66666666666666674, "gap_score": -0.2907352032861365, "schools_nearby": 4, "stations_nearby": 4, "shops_nearby": 180, "bike_parking_nearby": 0, "bike_parking_capacity_nearby": 0.0, "bike_sharing_nearby": 0, "bike_sharing_capacity_nearby": 0.0, "flat_terrain": 1, "roi_car_trips_per_day": 507.92338667332518, "roi_congestion_cost_yen_day": 177732.55146472994, "roi_operating_cost_yen_day": 24817.136672858669, "roi_emissions_kg_day": 132.06008053506454, "roi_shifted_trips_per_day": 101.58467733466505, "roi_congestion_savings_yen_day": 35546.510292945997, "roi_operating_savings_yen_day": 4963.4273345717338, "roi_emissions_avoided_kg_day": 26.412016107012914, "roi_health_benefit_yen_day": 3047.5403200399514, "roi_parking_spaces_freed": 2.031693546693301 }, "geometry": { "type": "Polygon", "coordinates": [ [ [ 139.623082407229788, 35.392585469905711 ], [ 139.622516957075902, 35.394337288233999 ], [ 139.62054212100179, 35.394810793910978 ], [ 139.619132830837742, 35.39353250014473 ], [ 139.619698329889047, 35.391780734989013 ], [ 139.621673070210193, 35.391307210427271 ], [ 139.623082407229788, 35.392585469905711 ] ] ] } },
{ "type": "Feature", "properties": { "hex_id": "892f5bd3593ffff", "population": 846.50286803733911, "production_score": 0.30002348760576619, "attraction_score": 0.18892900120336945, "demand_score": 0.37113337108319749, "stress_score": 2.0, "infra_quality_score": 0.66666666666666674, "gap_score": -0.29553329558346925, "schools_nearby": 3, "stations_nearby": 3, "shops_nearby": 139, "bike_parking_nearby": 0, "bike_parking_capacity_nearby": 0.0, "bike_sharing_nearby": 2, "bike_sharing_capacity_nearby": 22.0, "flat_terrain": 1, "roi_car_trips_per_day": 592.55200762613731, "roi_congestion_cost_yen_day": 207345.79850853799, "roi_operating_cost_yen_day": 28952.091092613067, "roi_emissions_kg_day": 154.06352198279572, "roi_shifted_trips_per_day": 118.51040152522746, "roi_congestion_savings_yen_day": 41469.159701707598, "roi_operating_savings_yen_day": 5790.4182185226136, "roi_emissions_avoided_kg_day": 30.812704396559141, "roi_health_benefit_yen_day": 3555.3120457568239, "roi_parking_spaces_freed": 2.3702080305045494 }, "geometry": { "type": "Polygon", "coordinates": [ [ [ 139.624778623143158, 35.387329959345522 ], [ 139.624213240262179, 35.389081805457771 ], [ 139.622238511175965, 35.389555404788865 ], [ 139.620829260714657, 35.388277176886405 ], [ 139.621394692491407, 35.386525383946925 ], [ 139.623369325836791, 35.386051765737442 ], [ 139.624778623143158, 35.387329959345522 ] ] ] } },
{ "type": "Feature", "properties": { "hex_id": "892f5bd359bffff", "population": 755.02784528971301, "production_score": 0.2676022680330653, "attraction_score": 0.17569193742478942, "demand_score": 0.35515297191024914, "stress_score": 2.0, "infra_quality_score": 0.66666666666666674, "gap_score": -0.3115136947564176, "schools_nearby": 3, "stations_nearby": 2, "shops_nearby": 131, "bike_parking_nearby": 0, "bike_parking_capacity_nearby": 0.0, "bike_sharing_nearby": 0, "bike_sharing_capacity_nearby": 0.0, "flat_terrain": 1, "roi_car_trips_per_day": 528.51949170279909, "roi_congestion_cost_yen_day": 184939.54053664347, "roi_operating_cost_yen_day": 25823.462364598763, "roi_emissions_kg_day": 137.41506784272778, "roi_shifted_trips_per_day": 105.70389834055982, "roi_congestion_savings_yen_day": 36987.908107328694, "roi_operating_savings_yen_day": 5164.6924729197526, "roi_emissions_avoided_kg_day": 27.483013568545555, "roi_health_benefit_yen_day": 3171.1169502167945, "roi_parking_spaces_freed": 2.1140779668111964 }, "geometry": { "type": "Polygon", "coordinates": [ [ [ 139.62562262412871, 35.390360030643407 ], [ 139.625057232065245, 35.392111889453247 ], [ 139.623082407229788, 35.392585469905711 ], [ 139.621673070210193, 35.391307210427271 ], [ 139.622238511175965, 35.389555404788865 ], [ 139.624213240262179, 35.389081805457771 ], [ 139.62562262412871, 35.390360030643407 ] ] ] } },
{ "type": "Feature", "properties": { "hex_id": "892f5bd35a3ffff", "population": 1179.7153189762691, "production_score": 0.41812298309377594, "attraction_score": 0.27797833935018051, "demand_score": 0.28986187794972434, "stress_score": 1.9245283018867925, "infra_quality_score": 0.69182389937106925, "gap_score": -0.40196202142134491, "schools_nearby": 7, "stations_nearby": 3, "shops_nearby": 201, "bike_parking_nearby": 0, "bike_parking_capacity_nearby": 0.0, "bike_sharing_nearby": 0, "bike_sharing_capacity_nearby": 0.0, "flat_terrain": 0, "roi_car_trips_per_day": 825.80072328338838, "roi_congestion_cost_yen_day": 288964.18909132329, "roi_operating_cost_yen_day": 40348.623339626356, "roi_emissions_kg_day": 214.708188053681, "roi_shifted_trips_per_day": 165.16014465667769, "roi_congestion_savings_yen_day": 57792.837818264656, "roi_operating_savings_yen_day": 8069.7246679252721, "roi_emissions_avoided_kg_day": 42.941637610736201, "roi_health_benefit_yen_day": 4954.8043397003303, "roi_parking_spaces_freed": 3.303202893133554 }, "geometry": { "type": "Polygon", "coordinates": [ [ [ 139.612930829010139, 35.390171089386719 ], [ 139.612365232198215, 35.391922748189785 ], [ 139.610390649723001, 35.392396086225958 ], [ 139.608981759801935, 35.391117784361974 ], [ 139.609547405477059, 35.389366178739003 ], [ 139.611521892213233, 35.388892821800241 ], [ 139.612930829010139, 35.390171089386719 ] ] ] } },
{ "type": "Feature", "properties": { "hex_id": "892f5bd35abffff", "population": 1021.5336728664099, "production_score": 0.36205913389367178, "attraction_score": 0.22382671480144403, "demand_score": 0.26821794178013258, "stress_score": 2.263157894736842, "infra_quality_score": 0.57894736842105265, "gap_score": -0.31072942664092007, "schools_nearby": 9, "stations_nearby": 3, "shops_nearby": 150, "bike_parking_nearby": 4, "bike_parking_capacity_nearby": 16.0, "bike_sharing_nearby": 2, "bike_sharing_capacity_nearby": 3.0, "flat_terrain": 0, "roi_car_trips_per_day": 715.07357100648687, "roi_congestion_cost_yen_day": 250218.5439665899, "roi_operating_cost_yen_day": 34938.494679376949, "roi_emissions_kg_day": 185.9191284616866, "roi_shifted_trips_per_day": 143.01471420129738, "roi_congestion_savings_yen_day": 50043.708793317979, "roi_operating_savings_yen_day": 6987.6989358753899, "roi_emissions_avoided_kg_day": 37.183825692337322, "roi_health_benefit_yen_day": 4290.4414260389212, "roi_parking_spaces_freed": 2.8602942840259478 }, "geometry": { "type": "Polygon", "coordinates": [ [ [ 139.613774255529194, 35.393201047365245 ], [ 139.613208649510398, 35.394952718853112 ], [ 139.611233971287817, 35.395426037986496 ], [ 139.609824994834526, 35.394147704535087 ], [ 139.610390649723001, 35.392396086225958 ], [ 139.612365232198215, 35.391922748189785 ], [ 139.613774255529194, 35.393201047365245 ] ] ] } },
{ "type": "Feature", "properties": { "hex_id": "892f5bd35b3ffff", "population": 908.72339809720609, "production_score": 0.32207612455964035, "attraction_score": 0.27557160048134777, "demand_score": 0.26578047734925148, "stress_score": 2.1320754716981134, "infra_quality_score": 0.62264150943396213, "gap_score": -0.35686103208471065, "schools_nearby": 6, "stations_nearby": 4, "shops_nearby": 199, "bike_parking_nearby": 0, "bike_parking_capacity_nearby": 0.0, "bike_sharing_nearby": 0, "bike_sharing_capacity_nearby": 0.0, "flat_terrain": 0, "roi_car_trips_per_day": 636.10637866804427, "roi_congestion_cost_yen_day": 222586.34402352205, "roi_operating_cost_yen_day": 31080.157661720641, "roi_emissions_kg_day": 165.38765845369153, "roi_shifted_trips_per_day": 127.22127573360886, "roi_congestion_savings_yen_day": 44517.268804704414, "roi_operating_savings_yen_day": 6216.0315323441291, "roi_emissions_avoided_kg_day": 33.077531690738304, "roi_health_benefit_yen_day": 3816.6382720082661, "roi_parking_spaces_freed": 2.5444255146721773 }, "geometry": { "type": "Polygon", "coordinates": [ [ [ 139.615470939017769, 35.387945977293754 ], [ 139.614905400281629, 35.389697676581839 ], [ 139.612930829010139, 35.390171089386719 ], [ 139.611521892213233, 35.388892821800241 ], [ 139.612087479817461, 35.387141175691092 ], [ 139.614061955353662, 35.38666774398979 ], [ 139.615470939017769, 35.387945977293754 ] ] ] } },
{ "type": "Feature", "properties": { "hex_id": "892f5bd35bbffff", "population": 795.73149048311461, "production_score": 0.28202873963794756, "attraction_score": 0.3140794223826715, "demand_score": 0.26950742192460797, "stress_score": 2.2173913043478262, "infra_quality_score": 0.59420289855072461, "gap_score": -0.32469547662611664, "schools_nearby": 7, "stations_nearby": 5, "shops_nearby": 225, "bike_parking_nearby": 0, "bike_parking_capacity_nearby": 0.0, "bike_sharing_nearby": 0, "bike_sharing_capacity_nearby": 0.0, "flat_terrain": 0, "roi_car_trips_per_day": 557.01204333818021, "roi_congestion_cost_yen_day": 194909.65420489604, "roi_operating_cost_yen_day": 27215.608437503484, "roi_emissions_kg_day": 144.82313126792687, "roi_shifted_trips_per_day": 111.40240866763605, "roi_congestion_savings_yen_day": 38981.930840979207, "roi_operating_savings_yen_day": 5443.1216875006976, "roi_emissions_avoided_kg_day": 28.964626253585376, "roi_health_benefit_yen_day": 3342.0722600290815, "roi_parking_spaces_freed": 2.2280481733527213 }, "geometry": { "type": "Polygon", "coordinates": [ [ [ 139.616314470481683, 35.390975941476377 ], [ 139.615748922544299, 35.392727653457001 ], [ 139.613774255529194, 35.393201047365245 ], [ 139.612365232198215, 35.391922748189785 ], [ 139.612930829010139, 35.390171089386719 ], [ 139.614905400281629, 35.389697676581839 ], [ 139.616314470481683, 35.390975941476377 ] ] ] } },
{ "type": "Feature", "properties": { "hex_id": "892f5bd35c3ffff", "population": 278.79616424519031, "production_score": 0.098812893241446667, "attraction_score": 0.080625752105896509, "demand_score": null, "stress_score": 4.0, "infra_quality_score": 0.0, "gap_score": null, "schools_nearby": 1, "stations_nearby": 1, "shops_nearby": 61, "bike_parking_nearby": 0, "bike_parking_capacity_nearby": 0.0, "bike_sharing_nearby": 0, "bike_sharing_capacity_nearby": 0.0, "flat_terrain": null, "roi_car_trips_per_day": 195.15731497163321, "roi_congestion_cost_yen_day": 68289.447654873904, "roi_operating_cost_yen_day": 9535.3864095139979, "roi_emissions_kg_day": 50.740901892624635, "roi_shifted_trips_per_day": 39.031462994326645, "roi_congestion_savings_yen_day": 13657.88953097478, "roi_operating_savings_yen_day": 1907.0772819027998, "roi_emissions_avoided_kg_day": 10.148180378524929, "roi_health_benefit_yen_day": 1170.9438898297994, "roi_parking_spaces_freed": 0.78062925988653298 }, "geometry": { "type": "Polygon", "coordinates": [ [ [ 139.62731085827113, 35.396420306020005 ], [ 139.626745447845451, 35.398172190197712 ], [ 139.624770431486326, 35.398645732892341 ], [ 139.623360921322103, 35.397367410288595 ], [ 139.623926380663164, 35.395615579279536 ], [ 139.625901301256221, 35.395142017705865 ], [ 139.62731085827113, 35.396420306020005 ] ] ] } },
{ "type": "Feature", "properties": { "hex_id": "892f5bd35cbffff", "population": 115.32503841118348, "production_score": 0.040874309513699136, "attraction_score": 0.062575210589651029, "demand_score": 0.23620733203617256, "stress_score": 2.0, "infra_quality_score": 0.66666666666666674, "gap_score": -0.43045933463049418, "schools_nearby": 1, "stations_nearby": 1, "shops_nearby": 46, "bike_parking_nearby": 0, "bike_parking_capacity_nearby": 0.0, "bike_sharing_nearby": 0, "bike_sharing_capacity_nearby": 0.0, "flat_terrain": 1, "roi_car_trips_per_day": 80.727526887828432, "roi_congestion_cost_yen_day": 28248.176208588928, "roi_operating_cost_yen_day": 3944.3469637392973, "roi_emissions_kg_day": 20.989156990835394, "roi_shifted_trips_per_day": 16.145505377565687, "roi_congestion_savings_yen_day": 5649.6352417177859, "roi_operating_savings_yen_day": 788.86939274785948, "roi_emissions_avoided_kg_day": 4.1978313981670787, "roi_health_benefit_yen_day": 484.36516132697062, "roi_parking_spaces_freed": 0.32291010755131377 }, "geometry": { "type": "Polygon", "coordinates": [ [ [ 139.628155091448491, 35.399450510062771 ], [ 139.62758967184314, 35.401202406910819 ], [ 139.625614559709618, 35.401675930726157 ], [ 139.624204962959055, 35.400397576573042 ], [ 139.624770431486326, 35.398645732892341 ], [ 139.626745447845451, 35.398172190197712 ], [ 139.628155091448491, 35.399450510062771 ] ] ] } },
{ "type": "Feature", "properties": { "hex_id": "892f5bd35d3ffff", "population": 0.0, "production_score": 0.0, "attraction_score": 0.0, "demand_score": 0.2, "stress_score": 2.0, "infra_quality_score": 0.66666666666666674, "gap_score": -0.46666666666666679, "schools_nearby": 0, "stations_nearby": 0, "shops_nearby": 0, "bike_parking_nearby": 0, "bike_parking_capacity_nearby": 0.0, "bike_sharing_nearby": 0, "bike_sharing_capacity_nearby": 0.0, "flat_terrain": 1, "roi_car_trips_per_day": 0.0, "roi_congestion_cost_yen_day": 0.0, "roi_operating_cost_yen_day": 0.0, "roi_emissions_kg_day": 0.0, "roi_shifted_trips_per_day": 0.0, "roi_congestion_savings_yen_day": 0.0, "roi_operating_savings_yen_day": 0.0, "roi_emissions_avoided_kg_day": 0.0, "roi_health_benefit_yen_day": 0.0, "roi_parking_spaces_freed": 0.0 }, "geometry": { "type": "Polygon", "coordinates": [ [ [ 139.629851215700967, 35.394194763875568 ], [ 139.629285863376168, 35.395946688541422 ], [ 139.62731085827113, 35.396420306020005 ], [ 139.625901301256221, 35.395142017705865 ], [ 139.626466702501261, 35.393390146207551 ], [ 139.628441611844067, 35.392916509856086 ], [ 139.629851215700967, 35.394194763875568 ] ] ] } },
{ "type": "Feature", "properties": { "hex_id": "892f5bd240fffff", "population": 226.81038422231501, "production_score": 0.080387728227497499, "attraction_score": 0.0048134777376654635, "demand_score": 0.029820422087807032, "stress_score": 1.0, "infra_quality_score": 1.0, "gap_score": -0.970179577912193, "schools_nearby": 0, "stations_nearby": 0, "shops_nearby": 4, "bike_parking_nearby": 0, "bike_parking_capacity_nearby": 0.0, "bike_sharing_nearby": 0, "bike_sharing_capacity_nearby": 0.0, "flat_terrain": 0, "roi_car_trips_per_day": 158.76726895562049, "roi_congestion_cost_yen_day": 55555.842752950724, "roi_operating_cost_yen_day": 7757.3687611716168, "roi_emissions_kg_day": 41.279489928461331, "roi_shifted_trips_per_day": 31.753453791124102, "roi_congestion_savings_yen_day": 11111.168550590146, "roi_operating_savings_yen_day": 1551.4737522343237, "roi_emissions_avoided_kg_day": 8.2558979856922665, "roi_health_benefit_yen_day": 952.60361373372302, "roi_parking_spaces_freed": 0.63506907582248207 }, "geometry": { "type": "Polygon", "coordinates": [ [ [ 139.603658238579868, 35.356844478244611 ], [ 139.603092743104412, 35.358595996914566 ], [ 139.601119213296528, 35.359069542866614 ], [ 139.599711274613924, 35.357791589049015 ], [ 139.600276818880673, 35.356040123573997 ], [ 139.602250253041888, 35.355566558721904 ], [ 139.603658238579868, 35.356844478244611 ] ] ] } },
{ "type": "Feature", "properties": { "hex_id": "892f5bd242fffff", "population": 87.703432450201277, "production_score": 0.031084466068868, "attraction_score": 0.0, "demand_score": 0.010879563124103798, "stress_score": 1.0, "infra_quality_score": 1.0, "gap_score": -0.98912043687589624, "schools_nearby": 0, "stations_nearby": 0, "shops_nearby": 0, "bike_parking_nearby": 0, "bike_parking_capacity_nearby": 0.0, "bike_sharing_nearby": 0, "bike_sharing_capacity_nearby": 0.0, "flat_terrain": 0, "roi_car_trips_per_day": 61.392402715140889, "roi_congestion_cost_yen_day": 21482.429558082102, "roi_operating_cost_yen_day": 2999.6327966617837, "roi_emissions_kg_day": 15.962024705936631, "roi_shifted_trips_per_day": 12.278480543028179, "roi_congestion_savings_yen_day": 4296.4859116164207, "roi_operating_savings_yen_day": 599.92655933235676, "roi_emissions_avoided_kg_day": 3.1924049411873265, "roi_health_benefit_yen_day": 368.35441629084539, "roi_parking_spaces_freed": 0.24556961086056359 }, "geometry": { "type": "Polygon", "coordinates": [ [ [ 139.594356663091986, 35.357460557150269 ], [ 139.593791012040128, 35.359211929016801 ], [ 139.591817640099151, 35.359685288679621 ], [ 139.590410014854285, 35.358407295394322 ], [ 139.590975714669781, 35.35665597672886 ], [ 139.59294899096966, 35.356182598147953 ], [ 139.594356663091986, 35.357460557150269 ] ] ] } },
{ "type": "Feature", "properties": { "hex_id": "892f5bd2447ffff", "population": 449.79613939374133, "production_score": 0.15941990458391103, "attraction_score": 0.01684717208182912, "demand_score": 0.13755554579852627, "stress_score": 2.5172413793103448, "infra_quality_score": 0.49425287356321845, "gap_score": -0.35669732776469221, "schools_nearby": 2, "stations_nearby": 0, "shops_nearby": 8, "bike_parking_nearby": 0, "bike_parking_capacity_nearby": 0.0, "bike_sharing_nearby": 0, "bike_sharing_capacity_nearby": 0.0, "flat_terrain": 0, "roi_car_trips_per_day": 314.85729757561893, "roi_congestion_cost_yen_day": 110174.86556766058, "roi_operating_cost_yen_day": 15383.927559544742, "roi_emissions_kg_day": 81.862897369660928, "roi_shifted_trips_per_day": 62.97145951512379, "roi_congestion_savings_yen_day": 22034.973113532116, "roi_operating_savings_yen_day": 3076.7855119089481, "roi_emissions_avoided_kg_day": 16.372579473932188, "roi_health_benefit_yen_day": 1889.1437854537137, "roi_parking_spaces_freed": 1.2594291903024759 }, "geometry": { "type": "Polygon", "coordinates": [ [ [ 139.607882634631125, 35.360678294954958 ], [ 139.607317178747849, 35.362429879600811 ], [ 139.605343468791517, 35.362903462465276 ], [ 139.603935310381303, 35.361625479578514 ], [ 139.604500815073834, 35.359873948123727 ], [ 139.606474429370451, 35.359400346364922 ], [ 139.607882634631125, 35.360678294954958 ] ] ] } },
{ "type": "Feature", "properties": { "hex_id": "892f5bd244fffff", "population": 449.80734045941711, "production_score": 0.15942387454422166, "attraction_score": 0.020457280385078221, "demand_score": 0.16295840422525493, "stress_score": 3.0, "infra_quality_score": 0.33333333333333337, "gap_score": -0.17037492910807844, "schools_nearby": 2, "stations_nearby": 0, "shops_nearby": 11, "bike_parking_nearby": 0, "bike_parking_capacity_nearby": 0.0, "bike_sharing_nearby": 0, "bike_sharing_capacity_nearby": 0.0, "flat_terrain": 0, "roi_car_trips_per_day": 314.86513832159193, "roi_congestion_cost_yen_day": 110177.60920149145, "roi_operating_cost_yen_day": 15384.310658392982, "roi_emissions_kg_day": 81.864935963613902, "roi_shifted_trips_per_day": 62.973027664318387, "roi_congestion_savings_yen_day": 22035.52184029829, "roi_operating_savings_yen_day": 3076.8621316785961, "roi_emissions_avoided_kg_day": 16.372987192722782, "roi_health_benefit_yen_day": 1889.1908299295517, "roi_parking_spaces_freed": 1.2594605532863679 }, "geometry": { "type": "Polygon", "coordinates": [ [ [ 139.608725470460485, 35.363707859861172 ], [ 139.608160005367608, 35.365459457281432 ], [ 139.606186199743178, 35.365933021251294 ], [ 139.604777954882849, 35.364655006695799 ], [ 139.605343468791517, 35.362903462465276 ], [ 139.607317178747849, 35.362429879600811 ], [ 139.608725470460485, 35.363707859861172 ] ] ] } },
{ "type": "Feature", "properties": { "hex_id": "892f5bd2467ffff", "population": 121.58242252972568, "production_score": 0.043092095509967197, "attraction_score": 0.0084235860409145602, "demand_score": 0.043030488542808609, "stress_score": 1.5, "infra_quality_score": 0.83333333333333337, "gap_score": -0.79030284479052471, "schools_nearby": 0, "stations_nearby": 0, "shops_nearby": 7, "bike_parking_nearby": 0, "bike_parking_capacity_nearby": 0.0, "bike_sharing_nearby": 0, "bike_sharing_capacity_nearby": 0.0, "flat_terrain": 0, "roi_car_trips_per_day": 85.107695770807979, "roi_congestion_cost_yen_day": 29780.884904121129, "roi_operating_cost_yen_day": 4158.3620153616775, "roi_emissions_kg_day": 22.128000900410076, "roi_shifted_trips_per_day": 17.021539154161598, "roi_congestion_savings_yen_day": 5956.176980824227, "roi_operating_savings_yen_day": 831.67240307233567, "roi_emissions_avoided_kg_day": 4.4256001800820153, "roi_health_benefit_yen_day": 510.64617462484796, "roi_parking_spaces_freed": 0.34043078308323199 }, "geometry": { "type": "Polygon", "coordinates": [ [ [ 139.598580118843586, 35.361294492375052 ], [ 139.598014507337552, 35.363045930218604 ], [ 139.596040955228176, 35.363519326757149 ], [ 139.594633110282103, 35.362241304364851 ], [ 139.595198770569681, 35.360489919718553 ], [ 139.597172227024913, 35.360016504267598 ], [ 139.598580118843586, 35.361294492375052 ] ] ] } },
{ "type": "Feature", "properties": { "hex_id": "892f5bd246fffff", "population": 121.58545043343422, "production_score": 0.043093168680850689, "attraction_score": 0.01684717208182912, "demand_score": 0.052979119266937921, "stress_score": 1.64, "infra_quality_score": 0.78666666666666674, "gap_score": -0.73368754739972886, "schools_nearby": 1, "stations_nearby": 0, "shops_nearby": 11, "bike_parking_nearby": 0, "bike_parking_capacity_nearby": 0.0, "bike_sharing_nearby": 0, "bike_sharing_capacity_nearby": 0.0, "flat_terrain": 0, "roi_car_trips_per_day": 85.109815303403963, "roi_congestion_cost_yen_day": 29781.626570967117, "roi_operating_cost_yen_day": 4158.4655757243172, "roi_emissions_kg_day": 22.128551978885032, "roi_shifted_trips_per_day": 17.021963060680793, "roi_congestion_savings_yen_day": 5956.3253141934238, "roi_operating_savings_yen_day": 831.69311514486355, "roi_emissions_avoided_kg_day": 4.4257103957770063, "roi_health_benefit_yen_day": 510.65889182042378, "roi_parking_spaces_freed": 0.3404392612136159 }, "geometry": { "type": "Polygon", "coordinates": [ [ [ 139.599422485583943, 35.364323950009322 ], [ 139.598856864849665, 35.366075400622194 ], [ 139.59688321707776, 35.366548778248145 ], [ 139.595475285705845, 35.365270724174138 ], [ 139.596040955228176, 35.363519326757149 ], [ 139.598014507337552, 35.363045930218604 ], [ 139.599422485583943, 35.364323950009322 ] ] ] } },
{ "type": "Feature", "properties": { "hex_id": "892f5bd2477ffff", "population": 187.59730394431534, "production_score": 0.066489553101348478, "attraction_score": 0.0060168471720818293, "demand_score": 0.050377240095700604, "stress_score": 1.5, "infra_quality_score": 0.83333333333333337, "gap_score": -0.78295609323763271, "schools_nearby": 0, "stations_nearby": 0, "shops_nearby": 5, "bike_parking_nearby": 0, "bike_parking_capacity_nearby": 0.0, "bike_sharing_nearby": 0, "bike_sharing_capacity_nearby": 0.0, "flat_terrain": 0, "roi_car_trips_per_day": 131.31811276102076, "roi_congestion_cost_yen_day": 45950.834017336383, "roi_operating_cost_yen_day": 6416.2029895034739, "roi_emissions_kg_day": 34.142709317865396, "roi_shifted_trips_per_day": 26.263622552204154, "roi_congestion_savings_yen_day": 9190.1668034672784, "roi_operating_savings_yen_day": 1283.2405979006949, "roi_emissions_avoided_kg_day": 6.8285418635730801, "roi_health_benefit_yen_day": 787.90867656612465, "roi_parking_spaces_freed": 0.52527245104408304 }, "geometry": { "type": "Polygon", "coordinates": [ [ [ 139.601119213296528, 35.359069542866614 ], [ 139.600553659806167, 35.360821021127819 ], [ 139.598580118843586, 35.361294492375052 ], [ 139.597172227024913, 35.360016504267598 ], [ 139.597737829301707, 35.358265079202489 ], [ 139.599711274613924, 35.357791589049015 ], [ 139.601119213296528, 35.359069542866614 ] ] ] } },
{ "type": "Feature", "properties": { "hex_id": "892f5bd2607ffff", "population": 829.76025465279088, "production_score": 0.2940894530632564, "attraction_score": 0.050541516245487361, "demand_score": 0.1768708392580603, "stress_score": 2.125, "infra_quality_score": 0.625, "gap_score": -0.4481291607419397, "schools_nearby": 7, "stations_nearby": 1, "shops_nearby": 18, "bike_parking_nearby": 0, "bike_parking_capacity_nearby": 0.0, "bike_sharing_nearby": 0, "bike_sharing_capacity_nearby": 0.0, "flat_terrain": 0, "roi_car_trips_per_day": 580.83217825695363, "roi_congestion_cost_yen_day": 203244.79581567322, "roi_operating_cost_yen_day": 28379.460229634755, "roi_emissions_kg_day": 151.01636634680796, "roi_shifted_trips_per_day": 116.16643565139073, "roi_congestion_savings_yen_day": 40648.959163134648, "roi_operating_savings_yen_day": 5675.8920459269511, "roi_emissions_avoided_kg_day": 30.203273269361592, "roi_health_benefit_yen_day": 3484.993069541722, "roi_parking_spaces_freed": 2.3233287130278146 }, "geometry": { "type": "Polygon", "coordinates": [ [ [ 139.608714856104484, 35.375021964096746 ], [ 139.608149305340618, 35.376773559339306 ], [ 139.606175201476475, 35.377246991886132 ], [ 139.604766744076414, 35.37596884809215 ], [ 139.605332343670824, 35.374217306036442 ], [ 139.607306351837934, 35.373743854588163 ], [ 139.608714856104484, 35.375021964096746 ] ] ] } },
{ "type": "Feature", "properties": { "hex_id": "892f5bd260fffff", "population": 1011.504128501284, "production_score": 0.35850439238818982, "attraction_score": 0.063778580024067388, "demand_score": 0.21054413838350569, "stress_score": 2.2549019607843137, "infra_quality_score": 0.58169934640522869, "gap_score": -0.37115520802172297, "schools_nearby": 5, "stations_nearby": 2, "shops_nearby": 32, "bike_parking_nearby": 0, "bike_parking_capacity_nearby": 0.0, "bike_sharing_nearby": 2, "bike_sharing_capacity_nearby": 12.0, "flat_terrain": 0, "roi_car_trips_per_day": 708.0528899508987, "roi_congestion_cost_yen_day": 247761.86725161847, "roi_operating_cost_yen_day": 34595.464203000913, "roi_emissions_kg_day": 184.09375138723368, "roi_shifted_trips_per_day": 141.61057799017973, "roi_congestion_savings_yen_day": 49552.373450323692, "roi_operating_savings_yen_day": 6919.0928406001822, "roi_emissions_avoided_kg_day": 36.818750277446732, "roi_health_benefit_yen_day": 4248.3173397053924, "roi_parking_spaces_freed": 2.8322115598035946 }, "geometry": { "type": "Polygon", "coordinates": [ [ [ 139.6095578960946, 35.378051700481194 ], [ 139.608992336119201, 35.379803308454044 ], [ 139.607018136549698, 35.380276722099204 ], [ 139.605609592664081, 35.378998546673479 ], [ 139.606175201476475, 35.377246991886132 ], [ 139.608149305340618, 35.376773559339306 ], [ 139.6095578960946, 35.378051700481194 ] ] ] } },
{ "type": "Feature", "properties": { "hex_id": "892f5bd2617ffff", "population": 428.26294299201311, "production_score": 0.15178795798610994, "attraction_score": 0.038507821901323708, "demand_score": 0.11660352296060178, "stress_score": 2.0, "infra_quality_score": 0.66666666666666674, "gap_score": -0.55006314370606502, "schools_nearby": 6, "stations_nearby": 0, "shops_nearby": 14, "bike_parking_nearby": 0, "bike_parking_capacity_nearby": 0.0, "bike_sharing_nearby": 2, "bike_sharing_capacity_nearby": 6.0, "flat_terrain": 0, "roi_car_trips_per_day": 299.78406009440914, "roi_congestion_cost_yen_day": 104900.43830823565, "roi_operating_cost_yen_day": 14647.449176212831, "roi_emissions_kg_day": 77.943855624546373, "roi_shifted_trips_per_day": 59.956812018881834, "roi_congestion_savings_yen_day": 20980.087661647132, "roi_operating_savings_yen_day": 2929.4898352425662, "roi_emissions_avoided_kg_day": 15.588771124909277, "roi_health_benefit_yen_day": 1798.7043605664551, "roi_parking_spaces_freed": 1.1991362403776367 }, "geometry": { "type": "Polygon", "coordinates": [ [ [ 139.61125444149971, 35.372796821123181 ], [ 139.610688948783604, 35.374548456812043 ], [ 139.608714856104484, 35.375021964096746 ], [ 139.607306351837934, 35.373743854588163 ], [ 139.607871893389387, 35.371992272084981 ], [ 139.609845890375226, 35.371518745904986 ], [ 139.61125444149971, 35.372796821123181 ] ] ] } },
{ "type": "Feature", "properties": { "hex_id": "892f5bd2627ffff", "population": 1112.9063096277393, "production_score": 0.39444406510652108, "attraction_score": 0.080625752105896509, "demand_score": 0.23460776935767946, "stress_score": 2.3666666666666667, "infra_quality_score": 0.54444444444444451, "gap_score": -0.30983667508676505, "schools_nearby": 7, "stations_nearby": 1, "shops_nearby": 43, "bike_parking_nearby": 1, "bike_parking_capacity_nearby": 4.0, "bike_sharing_nearby": 1, "bike_sharing_capacity_nearby": 6.0, "flat_terrain": 0, "roi_car_trips_per_day": 779.03441673941745, "roi_congestion_cost_yen_day": 272599.72310545697, "roi_operating_cost_yen_day": 38063.621601887935, "roi_emissions_kg_day": 202.54894835224854, "roi_shifted_trips_per_day": 155.80688334788351, "roi_congestion_savings_yen_day": 54519.944621091403, "roi_operating_savings_yen_day": 7612.7243203775888, "roi_emissions_avoided_kg_day": 40.509789670449713, "roi_health_benefit_yen_day": 4674.2065004365049, "roi_parking_spaces_freed": 3.1161376669576701 }, "geometry": { "type": "Polygon", "coordinates": [ [ [ 139.599410465875536, 35.375637399256149 ], [ 139.598844759423287, 35.377388847664996 ], [ 139.596870813459532, 35.377862093814478 ], [ 139.595462669642671, 35.376583910474906 ], [ 139.596028424897725, 35.374832515259065 ], [ 139.598002275170046, 35.374359250190111 ], [ 139.599410465875536, 35.375637399256149 ] ] ] } },
{ "type": "Feature", "properties": { "hex_id": "892f5bd262fffff", "population": 1137.7154032981471, "production_score": 0.4032370782059233, "attraction_score": 0.092659446450060162, "demand_score": 0.22856378362959417, "stress_score": 2.1, "infra_quality_score": 0.6333333333333333, "gap_score": -0.40476954970373913, "schools_nearby": 8, "stations_nearby": 1, "shops_nearby": 50, "bike_parking_nearby": 4, "bike_parking_capacity_nearby": 16.0, "bike_sharing_nearby": 2, "bike_sharing_capacity_nearby": 4.0, "flat_terrain": 0, "roi_car_trips_per_day": 796.4007823087029, "roi_congestion_cost_yen_day": 278676.56174546131, "roi_operating_cost_yen_day": 38912.142223603223, "roi_emissions_kg_day": 207.06420340026276, "roi_shifted_trips_per_day": 159.2801564617406, "roi_congestion_savings_yen_day": 55735.312349092274, "roi_operating_savings_yen_day": 7782.4284447206455, "roi_emissions_avoided_kg_day": 41.412840680052561, "roi_health_benefit_yen_day": 4778.4046938522179, "roi_parking_spaces_freed": 3.1856031292348121 }, "geometry": { "type": "Polygon", "coordinates": [ [ [ 139.600253036591937, 35.378667028377308 ], [ 139.599687320909538, 35.380418489511399 ], [ 139.597713279245966, 35.380891716741182 ], [ 139.596305048967793, 35.379613501756907 ], [ 139.596870813459532, 35.377862093814478 ], [ 139.598844759423287, 35.377388847664996 ], [ 139.600253036591937, 35.378667028377308 ] ] ] } },
{ "type": "Feature", "properties": { "hex_id": "892f5bd2637ffff", "population": 706.77005986731501, "production_score": 0.25049840503006376, "attraction_score": 0.069795427196149215, "demand_score": 0.1437695079458412, "stress_score": 1.6333333333333333, "infra_quality_score": 0.78888888888888886, "gap_score": -0.64511938094304766, "schools_nearby": 5, "stations_nearby": 1, "shops_nearby": 40, "bike_parking_nearby": 0, "bike_parking_capacity_nearby": 0.0, "bike_sharing_nearby": 0, "bike_sharing_capacity_nearby": 0.0, "flat_terrain": 0, "roi_car_trips_per_day": 494.73904190712045, "roi_congestion_cost_yen_day": 173119.08554413958, "roi_operating_cost_yen_day": 24172.949587581905, "roi_emissions_kg_day": 128.63215089585131, "roi_shifted_trips_per_day": 98.947808381424096, "roi_congestion_savings_yen_day": 34623.81710882792, "roi_operating_savings_yen_day": 4834.5899175163813, "roi_emissions_avoided_kg_day": 25.726430179170265, "roi_health_benefit_yen_day": 2968.4342514427231, "roi_parking_spaces_freed": 1.9789561676284819 }, "geometry": { "type": "Polygon", "coordinates": [ [ [ 139.601950049098917, 35.373412589503083 ], [ 139.601384400685419, 35.375164078369437 ], [ 139.599410465875536, 35.375637399256149 ], [ 139.598002275170046, 35.374359250190111 ], [ 139.598567972391209, 35.372607814515604 ], [ 139.600541811513352, 35.372134474715587 ], [ 139.601950049098917, 35.373412589503083 ] ] ] } },
{ "type": "Feature", "properties": { "hex_id": "892f5bd2647ffff", "population": 1093.9236785763919, "production_score": 0.38771610778115084, "attraction_score": 0.19975932611311673, "demand_score": 0.2574682537148455, "stress_score": 2.0370370370370372, "infra_quality_score": 0.65432098765432101, "gap_score": -0.39685273393947551, "schools_nearby": 6, "stations_nearby": 3, "shops_nearby": 139, "bike_parking_nearby": 0, "bike_parking_capacity_nearby": 0.0, "bike_sharing_nearby": 3, "bike_sharing_capacity_nearby": 6.0, "flat_terrain": 0, "roi_car_trips_per_day": 765.74657500347428, "roi_congestion_cost_yen_day": 267950.04152521573, "roi_operating_cost_yen_day": 37414.377654669755, "roi_emissions_kg_day": 199.09410950090333, "roi_shifted_trips_per_day": 153.14931500069486, "roi_congestion_savings_yen_day": 53590.008305043149, "roi_operating_savings_yen_day": 7482.8755309339504, "roi_emissions_avoided_kg_day": 39.818821900180666, "roi_health_benefit_yen_day": 4594.4794500208454, "roi_parking_spaces_freed": 3.0629863000138973 }, "geometry": { "type": "Polygon", "coordinates": [ [ [ 139.613784108081092, 35.38188618182317 ], [ 139.61321858775014, 35.383637855698836 ], [ 139.611244207940814, 35.38411130629634 ], [ 139.609835444184, 35.382833101914429 ], [ 139.610401013369938, 35.381081481220377 ], [ 139.612375297460801, 35.380608011726927 ], [ 139.613784108081092, 35.38188618182317 ] ] ] } },
{ "type": "Feature", "properties": { "hex_id": "892f5bd264fffff", "population": 1006.3863852876225, "production_score": 0.35669052591991257, "attraction_score": 0.22623345367027678, "demand_score": 0.2551103493783054, "stress_score": 2.0217391304347827, "infra_quality_score": 0.65942028985507251, "gap_score": -0.4043099404767671, "schools_nearby": 6, "stations_nearby": 4, "shops_nearby": 158, "bike_parking_nearby": 0, "bike_parking_capacity_nearby": 0.0, "bike_sharing_nearby": 2, "bike_sharing_capacity_nearby": 4.0, "flat_terrain": 0, "roi_car_trips_per_day": 704.47046970133567, "roi_congestion_cost_yen_day": 246508.30675789138, "roi_operating_cost_yen_day": 34420.427149607262, "roi_emissions_kg_day": 183.16232212234729, "roi_shifted_trips_per_day": 140.89409394026714, "roi_congestion_savings_yen_day": 49301.661351578281, "roi_operating_savings_yen_day": 6884.0854299214525, "roi_emissions_avoided_kg_day": 36.632464424469461, "roi_health_benefit_yen_day": 4226.8228182080138, "roi_parking_spaces_freed": 2.817881878805343 }, "geometry": { "type": "Polygon", "coordinates": [ [ [ 139.614627484887677, 35.384916057403373 ], [ 139.614061955353662, 35.38666774398979 ], [ 139.612087479817461, 35.387141175691092 ], [ 139.610678629545276, 35.385862939702463 ], [ 139.611244207940814, 35.38411130629634 ], [ 139.61321858775014, 35.383637855698836 ], [ 139.614627484887677, 35.384916057403373 ] ] ] } },
{ "type": "Feature", "properties": { "hex_id": "892f5bd2657ffff", "population": 1284.8688605209918, "production_score": 0.45539223930018718, "attraction_score": 0.18170878459687123, "demand_score": 0.27298535836397042, "stress_score": 2.0, "infra_quality_score": 0.66666666666666674, "gap_score": -0.39368130830269632, "schools_nearby": 5, "stations_nearby": 3, "shops_nearby": 127, "bike_parking_nearby": 0, "bike_parking_capacity_nearby": 0.0, "bike_sharing_nearby": 4, "bike_sharing_capacity_nearby": 12.0, "flat_terrain": 0, "roi_car_trips_per_day": 899.40820236469415, "roi_congestion_cost_yen_day": 314720.91817145381, "roi_operating_cost_yen_day": 43945.084767538952, "roi_emissions_kg_day": 233.84613261482048, "roi_shifted_trips_per_day": 179.88164047293884, "roi_congestion_savings_yen_day": 62944.183634290763, "roi_operating_savings_yen_day": 8789.0169535077912, "roi_emissions_avoided_kg_day": 46.769226522964104, "roi_health_benefit_yen_day": 5396.4492141881656, "roi_parking_spaces_freed": 3.5976328094587768 }, "geometry": { "type": "Polygon", "coordinates": [ [ [ 139.616323938953343, 35.37966094213688 ], [ 139.615758476686295, 35.381412656473209 ], [ 139.613784108081092, 35.38188618182317 ], [ 139.612375297460801, 35.380608011726927 ], [ 139.612940808587695, 35.378856350571105 ], [ 139.614915081478188, 35.378382806331324 ], [ 139.616323938953343, 35.37966094213688 ] ] ] } },
{ "type": "Feature", "properties": { "hex_id": "892f5bd2667ffff", "population": 1081.3471369877218, "production_score": 0.38325864164379408, "attraction_score": 0.085439229843561976, "demand_score": 0.21493711216343173, "stress_score": 2.0178571428571428, "infra_quality_score": 0.66071428571428581, "gap_score": -0.44577717355085411, "schools_nearby": 8, "stations_nearby": 1, "shops_nearby": 44, "bike_parking_nearby": 0, "bike_parking_capacity_nearby": 0.0, "bike_sharing_nearby": 0, "bike_sharing_capacity_nearby": 0.0, "flat_terrain": 0, "roi_car_trips_per_day": 756.94299589140519, "roi_congestion_cost_yen_day": 264869.49312232051, "roi_operating_cost_yen_day": 36984.23477925406, "roi_emissions_kg_day": 196.80517893176537, "roi_shifted_trips_per_day": 151.38859917828105, "roi_congestion_savings_yen_day": 52973.898624464106, "roi_operating_savings_yen_day": 7396.8469558508123, "roi_emissions_avoided_kg_day": 39.361035786353078, "roi_health_benefit_yen_day": 4541.657975348432, "roi_parking_spaces_freed": 3.0277719835656214 }, "geometry": { "type": "Polygon", "coordinates": [ [ [ 139.604478307769796, 35.382501628506297 ], [ 139.603912631685432, 35.384253155544343 ], [ 139.601938409762084, 35.384726419689734 ], [ 139.60052995963909, 35.383448175711393 ], [ 139.601095684550728, 35.381696701861166 ], [ 139.603069810761212, 35.381223418801767 ], [ 139.604478307769796, 35.382501628506297 ] ] ] } },
{ "type": "Feature", "properties": { "hex_id": "892f5bd266fffff", "population": 1203.1309622554857, "production_score": 0.42642211972570659, "attraction_score": 0.056558363417569195, "demand_score": 0.22082888338586079, "stress_score": 2.0357142857142856, "infra_quality_score": 0.65476190476190488, "gap_score": -0.43393302137604406, "schools_nearby": 5, "stations_nearby": 1, "shops_nearby": 29, "bike_parking_nearby": 0, "bike_parking_capacity_nearby": 0.0, "bike_sharing_nearby": 2, "bike_sharing_capacity_nearby": 17.0, "flat_terrain": 0, "roi_car_trips_per_day": 842.19167357883987, "roi_congestion_cost_yen_day": 294699.71041870763, "roi_operating_cost_yen_day": 41149.485171062115, "roi_emissions_kg_day": 218.96983513049838, "roi_shifted_trips_per_day": 168.43833471576798, "roi_congestion_savings_yen_day": 58939.942083741531, "roi_operating_savings_yen_day": 8229.897034212423, "roi_emissions_avoided_kg_day": 43.793967026099679, "roi_health_benefit_yen_day": 5053.150041473039, "roi_parking_spaces_freed": 3.3687666943153598 }, "geometry": { "type": "Polygon", "coordinates": [ [ [ 139.605321215187047, 35.385531396870157 ], [ 139.604755529880975, 35.387282936613893 ], [ 139.602781212236266, 35.387756181845084 ], [ 139.601372675622144, 35.386477906247038 ], [ 139.601938409762084, 35.384726419689734 ], [ 139.603912631685432, 35.384253155544343 ], [ 139.605321215187047, 35.385531396870157 ] ] ] } },
{ "type": "Feature", "properties": { "hex_id": "892f5bd2677ffff", "population": 1011.4618075004099, "production_score": 0.35848939268203334, "attraction_score": 0.073405535499398308, "demand_score": 0.2057086794089556, "stress_score": 2.0909090909090908, "infra_quality_score": 0.63636363636363646, "gap_score": -0.43065495695468087, "schools_nearby": 6, "stations_nearby": 1, "shops_nearby": 40, "bike_parking_nearby": 0, "bike_parking_capacity_nearby": 0.0, "bike_sharing_nearby": 0, "bike_sharing_capacity_nearby": 0.0, "flat_terrain": 0, "roi_car_trips_per_day": 708.02326525028695, "roi_congestion_cost_yen_day": 247751.50097638043, "roi_operating_cost_yen_day": 34594.016740129024, "roi_emissions_kg_day": 184.08604896507461, "roi_shifted_trips_per_day": 141.60465305005741, "roi_congestion_savings_yen_day": 49550.30019527609, "roi_operating_savings_yen_day": 6918.8033480258046, "roi_emissions_avoided_kg_day": 36.817209793014925, "roi_health_benefit_yen_day": 4248.139591501722, "roi_parking_spaces_freed": 2.8320930610011481 }, "geometry": { "type": "Polygon", "coordinates": [ [ [ 139.607018136549698, 35.380276722099204 ], [ 139.6064525185202, 35.382028289609075 ], [ 139.604478307769796, 35.382501628506297 ], [ 139.603069810761212, 35.381223418801767 ], [ 139.603635477622845, 35.379471904478542 ], [ 139.605609592664081, 35.378998546673479 ], [ 139.607018136549698, 35.380276722099204 ] ] ] } },
{ "type": "Feature", "properties": { "hex_id": "892f5bd2687ffff", "population": 457.98692672698638, "production_score": 0.16232294091697744, "attraction_score": 0.022864019253910951, "demand_score": 0.11633058757496245, "stress_score": 2.0303030303030303, "infra_quality_score": 0.65656565656565657, "gap_score": -0.54023506899069407, "schools_nearby": 2, "stations_nearby": 0, "shops_nearby": 13, "bike_parking_nearby": 0, "bike_parking_capacity_nearby": 0.0, "bike_sharing_nearby": 1, "bike_sharing_capacity_nearby": 6.0, "flat_terrain": 0, "roi_car_trips_per_day": 320.59084870889046, "roi_congestion_cost_yen_day": 112181.14978021495, "roi_operating_cost_yen_day": 15664.068867916389, "roi_emissions_kg_day": 83.353620664311521, "roi_shifted_trips_per_day": 64.11816974177809, "roi_congestion_savings_yen_day": 22436.229956042989, "roi_operating_savings_yen_day": 3132.8137735832775, "roi_emissions_avoided_kg_day": 16.670724132862304, "roi_health_benefit_yen_day": 1923.5450922533428, "roi_parking_spaces_freed": 1.2823633948355617 }, "geometry": { "type": "Polygon", "coordinates": [ [ [ 139.612950785149053, 35.367541858683992 ], [ 139.612385359681213, 35.369293522055408 ], [ 139.610411373884517, 35.369767122963239 ], [ 139.609002909239962, 35.368489079388802 ], [ 139.609568383541557, 35.366737469203258 ], [ 139.611542273657079, 35.366263849406543 ], [ 139.612950785149053, 35.367541858683992 ] ] ] } },
{ "type": "Feature", "properties": { "hex_id": "892f5bd268fffff", "population": 611.87516928082425, "production_score": 0.21686509189583031, "attraction_score": 0.026474127557160047, "demand_score": 0.14105107974972309, "stress_score": 2.1176470588235294, "infra_quality_score": 0.62745098039215685, "gap_score": -0.48639990064243377, "schools_nearby": 4, "stations_nearby": 0, "shops_nearby": 10, "bike_parking_nearby": 0, "bike_parking_capacity_nearby": 0.0, "bike_sharing_nearby": 2, "bike_sharing_capacity_nearby": 6.0, "flat_terrain": 0, "roi_car_trips_per_day": 428.31261849657693, "roi_congestion_cost_yen_day": 149875.1514643222, "roi_operating_cost_yen_day": 20927.354539742748, "roi_emissions_kg_day": 111.36128080911, "roi_shifted_trips_per_day": 85.662523699315386, "roi_congestion_savings_yen_day": 29975.030292864441, "roi_operating_savings_yen_day": 4185.4709079485501, "roi_emissions_avoided_kg_day": 22.272256161822, "roi_health_benefit_yen_day": 2569.8757109794615, "roi_parking_spaces_freed": 1.7132504739863077 }, "geometry": { "type": "Polygon", "coordinates": [ [ [ 139.613793957654963, 35.370571562978171 ], [ 139.613228522985935, 35.372323239104482 ], [ 139.61125444149971, 35.372796821123181 ], [ 139.609845890375226, 35.371518745904986 ], [ 139.610411373884517, 35.369767122963239 ], [ 139.612385359681213, 35.369293522055408 ], [ 139.613793957654963, 35.370571562978171 ] ] ] } },
{ "type": "Feature", "properties": { "hex_id": "892f5bd2697ffff", "population": 811.36102559268306, "production_score": 0.28756826916618378, "attraction_score": 0.022864019253910951, "demand_score": 0.16698463428036647, "stress_score": 2.1666666666666665, "infra_quality_score": 0.61111111111111116, "gap_score": -0.44412647683074469, "schools_nearby": 2, "stations_nearby": 0, "shops_nearby": 13, "bike_parking_nearby": 0, "bike_parking_capacity_nearby": 0.0, "bike_sharing_nearby": 1, "bike_sharing_capacity_nearby": 6.0, "flat_terrain": 0, "roi_car_trips_per_day": 567.95271791487824, "roi_congestion_cost_yen_day": 198738.01505277419, "roi_operating_cost_yen_day": 27750.169797320952, "roi_emissions_kg_day": 147.66770665786834, "roi_shifted_trips_per_day": 113.59054358297566, "roi_congestion_savings_yen_day": 39747.603010554842, "roi_operating_savings_yen_day": 5550.03395946419, "roi_emissions_avoided_kg_day": 29.533541331573673, "roi_health_benefit_yen_day": 3407.7163074892696, "roi_parking_spaces_freed": 2.2718108716595133 }, "geometry": { "type": "Polygon", "coordinates": [ [ [ 139.61549012717586, 35.365316479260009 ], [ 139.614924759748732, 35.367068183052233 ], [ 139.612950785149053, 35.367541858683992 ], [ 139.611542273657079, 35.366263849406543 ], [ 139.612107689922794, 35.364512198799048 ], [ 139.614081568845023, 35.364038504284565 ], [ 139.61549012717586, 35.365316479260009 ] ] ] } },
{ "type": "Feature", "properties": { "hex_id": "892f5bd26a7ffff", "population": 436.91414632967656, "production_score": 0.15485417819085701, "attraction_score": 0.036101083032490974, "demand_score": 0.088262912856743231, "stress_score": 1.4285714285714286, "infra_quality_score": 0.8571428571428571, "gap_score": -0.76887994428611384, "schools_nearby": 5, "stations_nearby": 0, "shops_nearby": 15, "bike_parking_nearby": 0, "bike_parking_capacity_nearby": 0.0, "bike_sharing_nearby": 0, "bike_sharing_capacity_nearby": 0.0, "flat_terrain": 0, "roi_car_trips_per_day": 305.83990243077358, "roi_congestion_cost_yen_day": 107019.4986585763, "roi_operating_cost_yen_day": 14943.337632767596, "roi_emissions_kg_day": 79.518374632001127, "roi_shifted_trips_per_day": 61.167980486154718, "roi_congestion_savings_yen_day": 21403.899731715261, "roi_operating_savings_yen_day": 2988.6675265535196, "roi_emissions_avoided_kg_day": 15.903674926400228, "roi_health_benefit_yen_day": 1835.0394145846415, "roi_parking_spaces_freed": 1.2233596097230943 }, "geometry": { "type": "Polygon", "coordinates": [ [ [ 139.603646859821083, 35.368158067498925 ], [ 139.603081278665513, 35.369909584064111 ], [ 139.601107450701392, 35.370382998591275 ], [ 139.599699299571569, 35.369104915460511 ], [ 139.600264929533154, 35.367353452087379 ], [ 139.602238661821701, 35.366880018653283 ], [ 139.603646859821083, 35.368158067498925 ] ] ] } },
{ "type": "Feature", "properties": { "hex_id": "892f5bd26afffff", "population": 428.1292742478858, "production_score": 0.15174058217167241, "attraction_score": 0.052948255114320095, "demand_score": 0.12741032381932815, "stress_score": 2.1153846153846154, "infra_quality_score": 0.62820512820512819, "gap_score": -0.50079480438580004, "schools_nearby": 6, "stations_nearby": 1, "shops_nearby": 23, "bike_parking_nearby": 0, "bike_parking_capacity_nearby": 0.0, "bike_sharing_nearby": 0, "bike_sharing_capacity_nearby": 0.0, "flat_terrain": 0, "roi_car_trips_per_day": 299.69049197352007, "roi_congestion_cost_yen_day": 104867.69695137415, "roi_operating_cost_yen_day": 14642.87743782619, "roi_emissions_kg_day": 77.919527913115218, "roi_shifted_trips_per_day": 59.938098394704014, "roi_congestion_savings_yen_day": 20973.539390274829, "roi_operating_savings_yen_day": 2928.5754875652383, "roi_emissions_avoided_kg_day": 15.583905582623045, "roi_health_benefit_yen_day": 1798.1429518411205, "roi_parking_spaces_freed": 1.1987619678940804 }, "geometry": { "type": "Polygon", "coordinates": [ [ [ 139.604489563122428, 35.371187664568055 ], [ 139.603923972747026, 35.372939193883042 ], [ 139.601950049098917, 35.373412589503083 ], [ 139.600541811513352, 35.372134474715587 ], [ 139.601107450701392, 35.370382998591275 ], [ 139.603081278665513, 35.369909584064111 ], [ 139.604489563122428, 35.371187664568055 ] ] ] } },
{ "type": "Feature", "properties": { "hex_id": "892f5bd26b7ffff", "population": 441.13489501984861, "production_score": 0.15635012556463132, "attraction_score": 0.036101083032490974, "demand_score": 0.11180236745343723, "stress_score": 1.8888888888888888, "infra_quality_score": 0.70370370370370372, "gap_score": -0.59190133625026653, "schools_nearby": 4, "stations_nearby": 0, "shops_nearby": 18, "bike_parking_nearby": 0, "bike_parking_capacity_nearby": 0.0, "bike_sharing_nearby": 0, "bike_sharing_capacity_nearby": 0.0, "flat_terrain": 0, "roi_car_trips_per_day": 308.794426513894, "roi_congestion_cost_yen_day": 108053.34572574179, "roi_operating_cost_yen_day": 15087.695679468861, "roi_emissions_kg_day": 80.286550893612443, "roi_shifted_trips_per_day": 61.758885302778801, "roi_congestion_savings_yen_day": 21610.66914514836, "roi_operating_savings_yen_day": 3017.5391358937723, "roi_emissions_avoided_kg_day": 16.057310178722489, "roi_health_benefit_yen_day": 1852.766559083364, "roi_parking_spaces_freed": 1.235177706055576 }, "geometry": { "type": "Polygon", "coordinates": [ [ [ 139.606186199743178, 35.365933021251294 ], [ 139.605620676619282, 35.367684578248458 ], [ 139.603646859821083, 35.368158067498925 ], [ 139.602238661821701, 35.366880018653283 ], [ 139.602804233756473, 35.365128514847015 ], [ 139.604777954882849, 35.364655006695799 ], [ 139.606186199743178, 35.365933021251294 ] ] ] } },
{ "type": "Feature", "properties": { "hex_id": "892f5bd26c7ffff", "population": 1187.5032872945285, "production_score": 0.42088324948439648, "attraction_score": 0.060168471720818288, "demand_score": 0.22159390887343805, "stress_score": 2.064516129032258, "infra_quality_score": 0.64516129032258074, "gap_score": -0.42356738144914269, "schools_nearby": 4, "stations_nearby": 1, "shops_nearby": 35, "bike_parking_nearby": 0, "bike_parking_capacity_nearby": 0.0, "bike_sharing_nearby": 0, "bike_sharing_capacity_nearby": 0.0, "flat_terrain": 0, "roi_car_trips_per_day": 831.25230110616985, "roi_congestion_cost_yen_day": 290871.80520307098, "roi_operating_cost_yen_day": 40614.987432047456, "roi_emissions_kg_day": 216.12559828760416, "roi_shifted_trips_per_day": 166.25046022123399, "roi_congestion_savings_yen_day": 58174.361040614203, "roi_operating_savings_yen_day": 8122.9974864094929, "roi_emissions_avoided_kg_day": 43.225119657520843, "roi_health_benefit_yen_day": 4987.51380663702, "roi_parking_spaces_freed": 3.32500920442468 }, "geometry": { "type": "Polygon", "coordinates": [ [ [ 139.61802019124022, 35.374405743687653 ], [ 139.617454796229083, 35.376157485740379 ], [ 139.615480534546862, 35.376631104722598 ], [ 139.614071763581478, 35.375353000535767 ], [ 139.614637207450841, 35.373601311663691 ], [ 139.616611373430487, 35.373127673798081 ], [ 139.61802019124022, 35.374405743687653 ] ] ] } },
{ "type": "Feature", "properties": { "hex_id": "892f5bd26cfffff", "population": 1285.8143794825089, "production_score": 0.45572735676658094, "attraction_score": 0.1407942238267148, "demand_score": 0.27128255320765349, "stress_score": 2.25, "infra_quality_score": 0.58333333333333326, "gap_score": -0.31205078012567977, "schools_nearby": 3, "stations_nearby": 3, "shops_nearby": 99, "bike_parking_nearby": 0, "bike_parking_capacity_nearby": 0.0, "bike_sharing_nearby": 2, "bike_sharing_capacity_nearby": 7.0, "flat_terrain": 0, "roi_car_trips_per_day": 900.07006563775633, "roi_congestion_cost_yen_day": 314952.51736796374, "roi_operating_cost_yen_day": 43977.423407060771, "roi_emissions_kg_day": 234.01821706581666, "roi_shifted_trips_per_day": 180.01401312755127, "roi_congestion_savings_yen_day": 62990.50347359274, "roi_operating_savings_yen_day": 8795.4846814121556, "roi_emissions_avoided_kg_day": 46.803643413163329, "roi_health_benefit_yen_day": 5400.4203938265382, "roi_parking_spaces_freed": 3.6002802625510255 }, "geometry": { "type": "Polygon", "coordinates": [ [ [ 139.61886370055052, 35.377435587250254 ], [ 139.618298296346552, 35.379187342038335 ], [ 139.616323938953343, 35.37966094213688 ], [ 139.614915081478188, 35.378382806331324 ], [ 139.615480534546862, 35.376631104722598 ], [ 139.617454796229083, 35.376157485740379 ], [ 139.61886370055052, 35.377435587250254 ] ] ] } },
{ "type": "Feature", "properties": { "hex_id": "892f5bd26d7ffff", "population": 1105.8134384371117, "production_score": 0.39193015991836205, "attraction_score": 0.025270758122743681, "demand_score": 0.19753547282953851, "stress_score": 2.0303030303030303, "infra_quality_score": 0.65656565656565657, "gap_score": -0.45903018373611804, "schools_nearby": 4, "stations_nearby": 0, "shops_nearby": 9, "bike_parking_nearby": 0, "bike_parking_capacity_nearby": 0.0, "bike_sharing_nearby": 0, "bike_sharing_capacity_nearby": 0.0, "flat_terrain": 0, "roi_car_trips_per_day": 774.0694069059781, "roi_congestion_cost_yen_day": 270862.36686453986, "roi_operating_cost_yen_day": 37821.031221426092, "roi_emissions_kg_day": 201.25804579555432, "roi_shifted_trips_per_day": 154.81388138119564, "roi_congestion_savings_yen_day": 54172.473372907982, "roi_operating_savings_yen_day": 7564.2062442852193, "roi_emissions_avoided_kg_day": 40.25160915911087, "roi_health_benefit_yen_day": 4644.4164414358693, "roi_parking_spaces_freed": 3.096277627623913 }, "geometry": { "type": "Polygon", "coordinates": [ [ [ 139.620559778660663, 35.372180267479045 ], [ 139.619994441706325, 35.373932049966896 ], [ 139.61802019124022, 35.374405743687653 ], [ 139.616611373430487, 35.373127673798081 ], [ 139.617176759247883, 35.371375944489763 ], [ 139.619150914015137, 35.370902231891769 ], [ 139.620559778660663, 35.372180267479045 ] ] ] } },
{ "type": "Feature", "properties": { "hex_id": "892f5aa4903ffff", "population": 833.48317811487016, "production_score": 0.29540895772574161, "attraction_score": 0.20938628158844766, "demand_score": 0.40445611153774402, "stress_score": 2.5555555555555554, "infra_quality_score": 0.48148148148148151, "gap_score": -0.077025369943737487, "schools_nearby": 3, "stations_nearby": 3, "shops_nearby": 156, "bike_parking_nearby": 1, "bike_parking_capacity_nearby": 4.0, "bike_sharing_nearby": 4, "bike_sharing_capacity_nearby": 58.0, "flat_terrain": 1, "roi_car_trips_per_day": 583.43822468040912, "roi_congestion_cost_yen_day": 204156.70358016877, "roi_operating_cost_yen_day": 28506.791657884791, "roi_emissions_kg_day": 151.69393841690638, "roi_shifted_trips_per_day": 116.68764493608182, "roi_congestion_savings_yen_day": 40831.340716033752, "roi_operating_savings_yen_day": 5701.3583315769574, "roi_emissions_avoided_kg_day": 30.338787683381277, "roi_health_benefit_yen_day": 3500.6293480824547, "roi_parking_spaces_freed": 2.3337528987216367 }, "geometry": { "type": "Polygon", "coordinates": [ [ [ 139.635737061920651, 35.460677300986077 ], [ 139.635171302614509, 35.462429302384329 ], [ 139.633194431174019, 35.462902261609401 ], [ 139.631783414980077, 35.461623238338142 ], [ 139.632349223311621, 35.459871290086156 ], [ 139.634325998814916, 35.459398311959468 ], [ 139.635737061920651, 35.460677300986077 ] ] ] } },
{ "type": "Feature", "properties": { "hex_id": "892f5aa490bffff", "population": 833.50369688106127, "production_score": 0.29541623013086449, "attraction_score": 0.19013237063778579, "demand_score": 0.42378816411518144, "stress_score": 3.0769230769230771, "infra_quality_score": 0.3076923076923076, "gap_score": 0.11609585642287384, "schools_nearby": 3, "stations_nearby": 2, "shops_nearby": 143, "bike_parking_nearby": 2, "bike_parking_capacity_nearby": 8.0, "bike_sharing_nearby": 5, "bike_sharing_capacity_nearby": 1044.0, "flat_terrain": 1, "roi_car_trips_per_day": 583.45258781674295, "roi_congestion_cost_yen_day": 204161.72952883469, "roi_operating_cost_yen_day": 28507.493440726059, "roi_emissions_kg_day": 151.69767283235316, "roi_shifted_trips_per_day": 116.69051756334859, "roi_congestion_savings_yen_day": 40832.345905766939, "roi_operating_savings_yen_day": 5701.4986881452123, "roi_emissions_avoided_kg_day": 30.339534566470636, "roi_health_benefit_yen_day": 3500.7155269004579, "roi_parking_spaces_freed": 2.3338103512669721 }, "geometry": { "type": "Polygon", "coordinates": [ [ [ 139.63658245248061, 35.463708322788236 ], [ 139.636016683995791, 35.465460336660634 ], [ 139.634039716609749, 35.465933276983904 ], [ 139.632628613657289, 35.46465422233689 ], [ 139.633194431174019, 35.462902261609401 ], [ 139.635171302614509, 35.462429302384329 ], [ 139.63658245248061, 35.463708322788236 ] ] ] } },
{ "type": "Feature", "properties": { "hex_id": "892f5aa4913ffff", "population": 708.62303634199054, "production_score": 0.25115514995719268, "attraction_score": 0.17087845968712395, "demand_score": 0.37271176337551082, "stress_score": 2.5, "infra_quality_score": 0.5, "gap_score": -0.12728823662448918, "schools_nearby": 1, "stations_nearby": 2, "shops_nearby": 133, "bike_parking_nearby": 2, "bike_parking_capacity_nearby": 8.0, "bike_sharing_nearby": 2, "bike_sharing_capacity_nearby": 26.0, "flat_terrain": 1, "roi_car_trips_per_day": 496.03612543939335, "roi_congestion_cost_yen_day": 173572.96101375253, "roi_operating_cost_yen_day": 24236.325088968759, "roi_emissions_kg_day": 128.96939261424228, "roi_shifted_trips_per_day": 99.207225087878669, "roi_congestion_savings_yen_day": 34714.592202750508, "roi_operating_savings_yen_day": 4847.2650177937521, "roi_emissions_avoided_kg_day": 25.793878522848456, "roi_health_benefit_yen_day": 2976.2167526363601, "roi_parking_spaces_freed": 1.9841445017575734 }, "geometry": { "type": "Polygon", "coordinates": [ [ [ 139.638279623155626, 35.458452224788189 ], [ 139.637713922059305, 35.460204266848308 ], [ 139.635737061920651, 35.460677300986077 ], [ 139.634325998814916, 35.459398311959468 ], [ 139.63489174894147, 35.457646323044479 ], [ 139.636868513146737, 35.457173270011261 ], [ 139.638279623155626, 35.458452224788189 ] ] ] } },
{ "type": "Feature", "properties": { "hex_id": "892f5aa491bffff", "population": 515.65183293953123, "production_score": 0.18276094169358434, "attraction_score": 0.16726835138387486, "demand_score": 0.1725102525771107, "stress_score": 2.0, "infra_quality_score": 0.66666666666666674, "gap_score": -0.49415641408955602, "schools_nearby": 1, "stations_nearby": 2, "shops_nearby": 130, "bike_parking_nearby": 1, "bike_parking_capacity_nearby": 4.0, "bike_sharing_nearby": 2, "bike_sharing_capacity_nearby": 22.0, "flat_terrain": 0, "roi_car_trips_per_day": 360.95628305767184, "roi_congestion_cost_yen_day": 126305.82256754054, "roi_operating_cost_yen_day": 17636.323990197845, "roi_emissions_kg_day": 93.848633594994681, "roi_shifted_trips_per_day": 72.191256611534371, "roi_congestion_savings_yen_day": 25261.164513508109, "roi_operating_savings_yen_day": 3527.2647980395695, "roi_emissions_avoided_kg_day": 18.769726718998935, "roi_health_benefit_yen_day": 2165.7376983460313, "roi_parking_spaces_freed": 1.4438251322306874 }, "geometry": { "type": "Polygon", "coordinates": [ [ [ 139.639125118830407, 35.461483253004133 ], [ 139.638559408561065, 35.463235307546135 ], [ 139.63658245248061, 35.463708322788236 ], [ 139.635171302614509, 35.462429302384329 ], [ 139.635737061920651, 35.460677300986077 ], [ 139.637713922059305, 35.460204266848308 ], [ 139.639125118830407, 35.461483253004133 ] ] ] } },
{ "type": "Feature", "properties": { "hex_id": "892f5aa4923ffff", "population": 1288.924245843878, "production_score": 0.45682957742873781, "attraction_score": 0.69554753309265949, "demand_score": 0.65452246487296517, "stress_score": 3.0238095238095237, "infra_quality_score": 0.32539682539682546, "gap_score": 0.32912563947613971, "schools_nearby": 16, "stations_nearby": 13, "shops_nearby": 491, "bike_parking_nearby": 3, "bike_parking_capacity_nearby": 12.0, "bike_sharing_nearby": 13, "bike_sharing_capacity_nearby": 1118.0, "flat_terrain": 1, "roi_car_trips_per_day": 902.24697209071473, "roi_congestion_cost_yen_day": 315714.2604739829, "roi_operating_cost_yen_day": 44083.787056352325, "roi_emissions_kg_day": 234.58421274358585, "roi_shifted_trips_per_day": 180.44939441814296, "roi_congestion_savings_yen_day": 63142.852094796588, "roi_operating_savings_yen_day": 8816.7574112704642, "roi_emissions_avoided_kg_day": 46.91684254871717, "roi_health_benefit_yen_day": 5413.4818325442884, "roi_parking_spaces_freed": 3.6089878883628592 }, "geometry": { "type": "Polygon", "coordinates": [ [ [ 139.626419043521054, 35.461289962642226 ], [ 139.625853127974779, 35.463041817072359 ], [ 139.623876414564847, 35.463514589376047 ], [ 139.622465712635915, 35.462235526169579 ], [ 139.623031677179767, 35.460483724891908 ], [ 139.625008294658102, 35.460010933668542 ], [ 139.626419043521054, 35.461289962642226 ] ] ] } },
{ "type": "Feature", "properties": { "hex_id": "892f5aa492bffff", "population": 1100.2925621755437, "production_score": 0.38997341220588716, "attraction_score": 0.60048134777376649, "demand_score": 0.41847734781106061, "stress_score": 2.4363636363636365, "infra_quality_score": 0.52121212121212124, "gap_score": -0.10273477340106063, "schools_nearby": 12, "stations_nearby": 12, "shops_nearby": 427, "bike_parking_nearby": 4, "bike_parking_capacity_nearby": 16.0, "bike_sharing_nearby": 4, "bike_sharing_capacity_nearby": 41.0, "flat_terrain": 0, "roi_car_trips_per_day": 770.20479352288055, "roi_congestion_cost_yen_day": 269510.0613495264, "roi_operating_cost_yen_day": 37632.20621152794, "roi_emissions_kg_day": 200.25324631594896, "roi_shifted_trips_per_day": 154.04095870457613, "roi_congestion_savings_yen_day": 53902.012269905281, "roi_operating_savings_yen_day": 7526.4412423055892, "roi_emissions_avoided_kg_day": 40.050649263189797, "roi_health_benefit_yen_day": 4621.228761137284, "roi_parking_spaces_freed": 3.0808191740915225 }, "geometry": { "type": "Polygon", "coordinates": [ [ [ 139.627263963573768, 35.464320877436428 ], [ 139.626698038830114, 35.466072744335683 ], [ 139.624721229480144, 35.466545497719473 ], [ 139.623310440817022, 35.465266403124225 ], [ 139.623876414564847, 35.463514589376047 ], [ 139.625853127974779, 35.463041817072359 ], [ 139.627263963573768, 35.464320877436428 ] ] ] } },
{ "type": "Feature", "properties": { "hex_id": "892f5aa4933ffff", "population": 825.23568998491544, "production_score": 0.29248582509835513, "attraction_score": 0.58844765342960292, "demand_score": 0.53773848219066767, "stress_score": 2.5882352941176472, "infra_quality_score": 0.47058823529411764, "gap_score": 0.067150246896550025, "schools_nearby": 12, "stations_nearby": 13, "shops_nearby": 414, "bike_parking_nearby": 4, "bike_parking_capacity_nearby": 16.0, "bike_sharing_nearby": 11, "bike_sharing_capacity_nearby": 175.0, "flat_terrain": 1, "roi_car_trips_per_day": 577.66498298944077, "roi_congestion_cost_yen_day": 202136.53084766513, "roi_operating_cost_yen_day": 28224.711068864075, "roi_emissions_kg_day": 150.1928955772546, "roi_shifted_trips_per_day": 115.53299659788816, "roi_congestion_savings_yen_day": 40427.306169533025, "roi_operating_savings_yen_day": 5644.9422137728152, "roi_emissions_avoided_kg_day": 30.038579115450922, "roi_health_benefit_yen_day": 3465.9898979366449, "roi_parking_spaces_freed": 2.3106599319577632 }, "geometry": { "type": "Polygon", "coordinates": [ [ [ 139.628961603005877, 35.459065220323346 ], [ 139.628395745660413, 35.460817115426543 ], [ 139.626419043521054, 35.461289962642226 ], [ 139.625008294658102, 35.460010933668542 ], [ 139.625574201006003, 35.458259091716641 ], [ 139.627550807217546, 35.457786225587448 ], [ 139.628961603005877, 35.459065220323346 ] ] ] } },
{ "type": "Feature", "properties": { "hex_id": "892f5aa493bffff", "population": 833.39268284408547, "production_score": 0.29537688375673593, "attraction_score": 0.61010830324909748, "demand_score": 0.56257198936508512, "stress_score": 2.9130434782608696, "infra_quality_score": 0.36231884057971009, "gap_score": 0.20025314878537503, "schools_nearby": 10, "stations_nearby": 12, "shops_nearby": 441, "bike_parking_nearby": 0, "bike_parking_capacity_nearby": 0.0, "bike_sharing_nearby": 5, "bike_sharing_capacity_nearby": 72.0, "flat_terrain": 1, "roi_car_trips_per_day": 583.37487799085989, "roi_congestion_cost_yen_day": 204134.53730656169, "roi_operating_cost_yen_day": 28503.696538633412, "roi_emissions_kg_day": 151.67746827762357, "roi_shifted_trips_per_day": 116.67497559817198, "roi_congestion_savings_yen_day": 40826.907461312345, "roi_operating_savings_yen_day": 5700.7393077266834, "roi_emissions_avoided_kg_day": 30.335493655524715, "roi_health_benefit_yen_day": 3500.2492679451593, "roi_parking_spaces_freed": 2.3334995119634399 }, "geometry": { "type": "Polygon", "coordinates": [ [ [ 139.629806628186657, 35.462096141554404 ], [ 139.629240761649442, 35.463848049134477 ], [ 139.627263963573768, 35.464320877436428 ], [ 139.625853127974779, 35.463041817072359 ], [ 139.626419043521054, 35.461289962642226 ], [ 139.628395745660413, 35.460817115426543 ], [ 139.629806628186657, 35.462096141554404 ] ] ] } },
{ "type": "Feature", "properties": { "hex_id": "892f5aa4973ffff", "population": 1077.0230883498696, "production_score": 0.38172608197756014, "attraction_score": 0.28760529482551145, "demand_score": 0.43426598188107507, "stress_score": 2.0, "infra_quality_score": 0.66666666666666674, "gap_score": -0.23240068478559167, "schools_nearby": 3, "stations_nearby": 9, "shops_nearby": 203, "bike_parking_nearby": 1, "bike_parking_capacity_nearby": 4.0, "bike_sharing_nearby": 0, "bike_sharing_capacity_nearby": 0.0, "flat_terrain": 1, "roi_car_trips_per_day": 753.91616184490863, "roi_congestion_cost_yen_day": 263810.34335277043, "roi_operating_cost_yen_day": 36836.343667742236, "roi_emissions_kg_day": 196.01820207967626, "roi_shifted_trips_per_day": 150.78323236898174, "roi_congestion_savings_yen_day": 52762.068670554094, "roi_operating_savings_yen_day": 7367.2687335484479, "roi_emissions_avoided_kg_day": 39.203640415935254, "roi_health_benefit_yen_day": 4523.4969710694522, "roi_parking_spaces_freed": 3.0156646473796349 }, "geometry": { "type": "Polygon", "coordinates": [ [ [ 139.634039716609749, 35.465933276983904 ], [ 139.633473889908714, 35.467685250177773 ], [ 139.631496911225014, 35.468158115578277 ], [ 139.630085855194864, 35.466879026693192 ], [ 139.630651730922949, 35.465127106645383 ], [ 139.632628613657289, 35.46465422233689 ], [ 139.634039716609749, 35.465933276983904 ] ] ] } },
{ "type": "Feature", "properties": { "hex_id": "892f5bd1693ffff", "population": 1373.804871502457, "production_score": 0.48691356450286438, "attraction_score": 0.55956678700361007, "demand_score": 0.58783675047824646, "stress_score": 2.4313725490196076, "infra_quality_score": 0.52287581699346419, "gap_score": 0.064960933484782268, "schools_nearby": 13, "stations_nearby": 11, "shops_nearby": 393, "bike_parking_nearby": 3, "bike_parking_capacity_nearby": 12.0, "bike_sharing_nearby": 2, "bike_sharing_capacity_nearby": 18.0, "flat_terrain": 1, "roi_car_trips_per_day": 961.66341005171978, "roi_congestion_cost_yen_day": 336505.26044529781, "roi_operating_cost_yen_day": 46986.874215127027, "roi_emissions_kg_day": 250.03248661344716, "roi_shifted_trips_per_day": 192.33268201034397, "roi_congestion_savings_yen_day": 67301.052089059565, "roi_operating_savings_yen_day": 9397.3748430254072, "roi_emissions_avoided_kg_day": 50.006497322689434, "roi_health_benefit_yen_day": 5769.9804603103194, "roi_parking_spaces_freed": 3.8466536402068794 }, "geometry": { "type": "Polygon", "coordinates": [ [ [ 139.624721229480144, 35.466545497719473 ], [ 139.624155246529284, 35.46829732392905 ], [ 139.622178425912892, 35.468770002390805 ], [ 139.620767684194306, 35.467490873569361 ], [ 139.62133371614442, 35.465739100512025 ], [ 139.623310440817022, 35.465266403124225 ], [ 139.624721229480144, 35.466545497719473 ] ] ] } },
{ "type": "Feature", "properties": { "hex_id": "892f5aa49a3ffff", "population": 732.3029374313237, "production_score": 0.25954794669685821, "attraction_score": 0.23706377858002406, "demand_score": 0.42111140114420609, "stress_score": 2.9459459459459461, "infra_quality_score": 0.35135135135135132, "gap_score": 0.069760049792854772, "schools_nearby": 12, "stations_nearby": 4, "shops_nearby": 149, "bike_parking_nearby": 0, "bike_parking_capacity_nearby": 0.0, "bike_sharing_nearby": 8, "bike_sharing_capacity_nearby": 1097.0, "flat_terrain": 1, "roi_car_trips_per_day": 512.61205620192652, "roi_congestion_cost_yen_day": 179373.21070617813, "roi_operating_cost_yen_day": 25046.225066026131, "roi_emissions_kg_day": 133.27913461250091, "roi_shifted_trips_per_day": 102.52241124038531, "roi_congestion_savings_yen_day": 35874.642141235629, "roi_operating_savings_yen_day": 5009.2450132052263, "roi_emissions_avoided_kg_day": 26.655826922500182, "roi_health_benefit_yen_day": 3075.6723372115594, "roi_parking_spaces_freed": 2.0504482248077061 }, "geometry": { "type": "Polygon", "coordinates": [ [ [ 139.630659040265357, 35.453809478665399 ], [ 139.630093250307112, 35.455561401939065 ], [ 139.628116655370263, 35.456034342970241 ], [ 139.626705946310466, 35.454755379635209 ], [ 139.627271785269528, 35.453003509513074 ], [ 139.629248284290725, 35.452530549574739 ], [ 139.630659040265357, 35.453809478665399 ] ] ] } },
{ "type": "Feature", "properties": { "hex_id": "892f5aa49abffff", "population": 745.97393475164756, "production_score": 0.26439331751598194, "attraction_score": 0.29121540312876054, "demand_score": 0.43359348700826855, "stress_score": 2.7826086956521738, "infra_quality_score": 0.40579710144927539, "gap_score": 0.027796385558993164, "schools_nearby": 10, "stations_nearby": 4, "shops_nearby": 200, "bike_parking_nearby": 2, "bike_parking_capacity_nearby": 8.0, "bike_sharing_nearby": 13, "bike_sharing_capacity_nearby": 267.0, "flat_terrain": 1, "roi_car_trips_per_day": 522.18175432615328, "roi_congestion_cost_yen_day": 182721.83947380757, "roi_operating_cost_yen_day": 25513.80051637585, "roi_emissions_kg_day": 135.76725612479987, "roi_shifted_trips_per_day": 104.43635086523066, "roi_congestion_savings_yen_day": 36544.367894761519, "roi_operating_savings_yen_day": 5102.76010327517, "roi_emissions_avoided_kg_day": 27.153451224959973, "roi_health_benefit_yen_day": 3133.0905259569199, "roi_parking_spaces_freed": 2.0887270173046133 }, "geometry": { "type": "Polygon", "coordinates": [ [ [ 139.631504093012154, 35.45684036243216 ], [ 139.630938293866762, 35.458592298199527 ], [ 139.628961603005877, 35.459065220323346 ], [ 139.627550807217546, 35.457786225587448 ], [ 139.628116655370263, 35.456034342970241 ], [ 139.630093250307112, 35.455561401939065 ], [ 139.631504093012154, 35.45684036243216 ] ] ] } },
{ "type": "Feature", "properties": { "hex_id": "892f5bd16a3ffff", "population": 945.55596667888585, "production_score": 0.33513058202293944, "attraction_score": 0.28640192539109505, "demand_score": 0.26855678575817737, "stress_score": 2.0204081632653059, "infra_quality_score": 0.65986394557823136, "gap_score": -0.39130715982005398, "schools_nearby": 9, "stations_nearby": 1, "shops_nearby": 208, "bike_parking_nearby": 0, "bike_parking_capacity_nearby": 0.0, "bike_sharing_nearby": 0, "bike_sharing_capacity_nearby": 0.0, "flat_terrain": 0, "roi_car_trips_per_day": 661.88917667522003, "roi_congestion_cost_yen_day": 231608.26070219302, "roi_operating_cost_yen_day": 32339.905172351249, "roi_emissions_kg_day": 172.09118593555721, "roi_shifted_trips_per_day": 132.37783533504401, "roi_congestion_savings_yen_day": 46321.6521404386, "roi_operating_savings_yen_day": 6467.9810344702501, "roi_emissions_avoided_kg_day": 34.418237187111444, "roi_health_benefit_yen_day": 3971.3350600513204, "roi_parking_spaces_freed": 2.6475567067008803 }, "geometry": { "type": "Polygon", "coordinates": [ [ [ 139.612860887398284, 35.469381101625984 ], [ 139.612294690063322, 35.471132740117952 ], [ 139.610318016369632, 35.471605156754002 ], [ 139.608907635956086, 35.470325953848665 ], [ 139.609473882257618, 35.468574368516244 ], [ 139.611450460009337, 35.468101932929912 ], [ 139.612860887398284, 35.469381101625984 ] ] ] } },
{ "type": "Feature", "properties": { "hex_id": "892f5aa49bbffff", "population": 732.35171516711659, "production_score": 0.25956523484432076, "attraction_score": 0.20336943441636582, "demand_score": 0.39774141995552603, "stress_score": 2.7142857142857144, "infra_quality_score": 0.42857142857142849, "gap_score": -0.03083000861590246, "schools_nearby": 7, "stations_nearby": 3, "shops_nearby": 139, "bike_parking_nearby": 1, "bike_parking_capacity_nearby": 4.0, "bike_sharing_nearby": 8, "bike_sharing_capacity_nearby": 185.0, "flat_terrain": 1, "roi_car_trips_per_day": 512.64620061698167, "roi_congestion_cost_yen_day": 179385.15851989423, "roi_operating_cost_yen_day": 25047.893362145725, "roi_emissions_kg_day": 133.28801216041524, "roi_shifted_trips_per_day": 102.52924012339633, "roi_congestion_savings_yen_day": 35877.03170397885, "roi_operating_savings_yen_day": 5009.5786724291447, "roi_emissions_avoided_kg_day": 26.657602432083049, "roi_health_benefit_yen_day": 3075.8772037018898, "roi_parking_spaces_freed": 2.0505848024679265 }, "geometry": { "type": "Polygon", "coordinates": [ [ [ 139.634046513532752, 35.454615388981416 ], [ 139.633480772586722, 35.456367365404084 ], [ 139.631504093012154, 35.45684036243216 ], [ 139.630093250307112, 35.455561401939065 ], [ 139.630659040265357, 35.453809478665399 ], [ 139.632635623919612, 35.453336462736132 ], [ 139.634046513532752, 35.454615388981416 ] ] ] } },
{ "type": "Feature", "properties": { "hex_id": "892f5bd16b3ffff", "population": 1269.3205386761354, "production_score": 0.44988149394721927, "attraction_score": 0.50541516245487361, "demand_score": 0.55264651266756171, "stress_score": 2.3658536585365852, "infra_quality_score": 0.54471544715447151, "gap_score": 0.0079310655130901964, "schools_nearby": 14, "stations_nearby": 9, "shops_nearby": 351, "bike_parking_nearby": 2, "bike_parking_capacity_nearby": 8.0, "bike_sharing_nearby": 0, "bike_sharing_capacity_nearby": 0.0, "flat_terrain": 1, "roi_car_trips_per_day": 888.52437707329489, "roi_congestion_cost_yen_day": 310912.45002548734, "roi_operating_cost_yen_day": 43413.301063801191, "roi_emissions_kg_day": 231.01633803905668, "roi_shifted_trips_per_day": 177.704875414659, "roi_congestion_savings_yen_day": 62182.490005097483, "roi_operating_savings_yen_day": 8682.6602127602382, "roi_emissions_avoided_kg_day": 46.203267607811341, "roi_health_benefit_yen_day": 5331.14626243977, "roi_parking_spaces_freed": 3.5540975082931801 }, "geometry": { "type": "Polygon", "coordinates": [ [ [ 139.6154036890008, 35.467156930862991 ], [ 139.614837549864717, 35.468908610064709 ], [ 139.612860887398284, 35.469381101625984 ], [ 139.611450460009337, 35.468101932929912 ], [ 139.612016648116878, 35.466350306886589 ], [ 139.613993214645092, 35.465877796381228 ], [ 139.6154036890008, 35.467156930862991 ] ] ] } },
{ "type": "Feature", "properties": { "hex_id": "892f5bd16bbffff", "population": 1299.698991463574, "production_score": 0.46064843839300279, "attraction_score": 0.42358604091456076, "demand_score": 0.35948206775764718, "stress_score": 2.0, "infra_quality_score": 0.66666666666666674, "gap_score": -0.30718459890901956, "schools_nearby": 8, "stations_nearby": 8, "shops_nearby": 304, "bike_parking_nearby": 0, "bike_parking_capacity_nearby": 0.0, "bike_sharing_nearby": 0, "bike_sharing_capacity_nearby": 0.0, "flat_terrain": 0, "roi_car_trips_per_day": 909.78929402450183, "roi_congestion_cost_yen_day": 318353.46976505371, "roi_operating_cost_yen_day": 44452.304906037156, "roi_emissions_kg_day": 236.54521644637049, "roi_shifted_trips_per_day": 181.95785880490038, "roi_congestion_savings_yen_day": 63670.693953010748, "roi_operating_savings_yen_day": 8890.4609812074323, "roi_emissions_avoided_kg_day": 47.309043289274101, "roi_health_benefit_yen_day": 5458.7357641470117, "roi_parking_spaces_freed": 3.6391571760980077 }, "geometry": { "type": "Polygon", "coordinates": [ [ [ 139.616248110939665, 35.470187775939465 ], [ 139.615681962582727, 35.471939467588463 ], [ 139.613705204169662, 35.472411940205397 ], [ 139.612294690063322, 35.471132740117952 ], [ 139.612860887398284, 35.469381101625984 ], [ 139.614837549864717, 35.468908610064709 ], [ 139.616248110939665, 35.470187775939465 ] ] ] } },
{ "type": "Feature", "properties": { "hex_id": "892f5bd322bffff", "population": 1483.0163997123821, "production_score": 0.5256210808238273, "attraction_score": 0.042117930204572801, "demand_score": 0.25900277150699885, "stress_score": 2.2058823529411766, "infra_quality_score": 0.59803921568627438, "gap_score": -0.33903644417927553, "schools_nearby": 10, "stations_nearby": 0, "shops_nearby": 5, "bike_parking_nearby": 0, "bike_parking_capacity_nearby": 0.0, "bike_sharing_nearby": 0, "bike_sharing_capacity_nearby": 0.0, "flat_terrain": 0, "roi_car_trips_per_day": 1038.1114797986675, "roi_congestion_cost_yen_day": 363255.96901114972, "roi_operating_cost_yen_day": 50722.126902962889, "roi_emissions_kg_day": 269.90898474765356, "roi_shifted_trips_per_day": 207.62229595973349, "roi_congestion_savings_yen_day": 72651.193802229944, "roi_operating_savings_yen_day": 10144.425380592578, "roi_emissions_avoided_kg_day": 53.981796949530711, "roi_health_benefit_yen_day": 6228.6688787920048, "roi_parking_spaces_freed": 4.1524459191946699 }, "geometry": { "type": "Polygon", "coordinates": [ [ [ 139.621351151135713, 35.443105395748169 ], [ 139.620785290793691, 35.444857175172295 ], [ 139.618809152847035, 35.445330060990877 ], [ 139.617398971126647, 35.444051186304058 ], [ 139.617964880426939, 35.44229946004058 ], [ 139.619940922492475, 35.441826555303592 ], [ 139.621351151135713, 35.443105395748169 ] ] ] } },
{ "type": "Feature", "properties": { "hex_id": "892f5bd3263ffff", "population": 1478.7359295274848, "production_score": 0.52410396653874169, "attraction_score": 0.066185318892900122, "demand_score": 0.25660124990107464, "stress_score": 2.0, "infra_quality_score": 0.66666666666666674, "gap_score": -0.41006541676559211, "schools_nearby": 13, "stations_nearby": 0, "shops_nearby": 16, "bike_parking_nearby": 1, "bike_parking_capacity_nearby": 4.0, "bike_sharing_nearby": 4, "bike_sharing_capacity_nearby": 107.0, "flat_terrain": 0, "roi_car_trips_per_day": 1035.1151506692393, "roi_congestion_cost_yen_day": 362207.49352218024, "roi_operating_cost_yen_day": 50575.726261699027, "roi_emissions_kg_day": 269.12993917400223, "roi_shifted_trips_per_day": 207.02303013384787, "roi_congestion_savings_yen_day": 72441.498704436046, "roi_operating_savings_yen_day": 10115.145252339807, "roi_emissions_avoided_kg_day": 53.825987834800451, "roi_health_benefit_yen_day": 6210.690904015436, "roi_parking_spaces_freed": 4.1404606026769573 }, "geometry": { "type": "Polygon", "coordinates": [ [ [ 139.62558227763148, 35.446941974358559 ], [ 139.625016457062628, 35.448693819463195 ], [ 139.623040138584059, 35.449166742331691 ], [ 139.62162973657172, 35.447887839008509 ], [ 139.622195606116804, 35.446136047060619 ], [ 139.624171828701179, 35.445663105279465 ], [ 139.62558227763148, 35.446941974358559 ] ] ] } },
{ "type": "Feature", "properties": { "hex_id": "892f5bd326bffff", "population": 1653.2918198197697, "production_score": 0.58597129028336814, "attraction_score": 0.12755716004813478, "demand_score": 0.31950239947649112, "stress_score": 2.3953488372093021, "infra_quality_score": 0.53488372093023262, "gap_score": -0.2153813214537415, "schools_nearby": 16, "stations_nearby": 2, "shops_nearby": 52, "bike_parking_nearby": 0, "bike_parking_capacity_nearby": 0.0, "bike_sharing_nearby": 0, "bike_sharing_capacity_nearby": 0.0, "flat_terrain": 0, "roi_car_trips_per_day": 1157.3042738738388, "roi_congestion_cost_yen_day": 404963.91151393368, "roi_operating_cost_yen_day": 56545.886821475768, "roi_emissions_kg_day": 300.89911120719813, "roi_shifted_trips_per_day": 231.46085477476777, "roi_congestion_savings_yen_day": 80992.782302786742, "roi_operating_savings_yen_day": 11309.177364295154, "roi_emissions_avoided_kg_day": 60.179822241439624, "roi_health_benefit_yen_day": 6943.8256432430335, "roi_parking_spaces_freed": 4.6292170954953553 }, "geometry": { "type": "Polygon", "coordinates": [ [ [ 139.626426992693382, 35.449972719969828 ], [ 139.625861162928942, 35.451724577587783 ], [ 139.623884748547823, 35.452197481543386 ], [ 139.622474259836849, 35.450918546794234 ], [ 139.623040138584059, 35.449166742331691 ], [ 139.625016457062628, 35.448693819463195 ], [ 139.626426992693382, 35.449972719969828 ] ] ] } },
{ "type": "Feature", "properties": { "hex_id": "892f5bd3273ffff", "population": 1429.1095141915703, "production_score": 0.50651502411616667, "attraction_score": 0.036101083032490974, "demand_score": 0.2603238007673363, "stress_score": 2.4081632653061225, "infra_quality_score": 0.53061224489795911, "gap_score": -0.27028844413062281, "schools_nearby": 7, "stations_nearby": 0, "shops_nearby": 9, "bike_parking_nearby": 1, "bike_parking_capacity_nearby": 4.0, "bike_sharing_nearby": 2, "bike_sharing_capacity_nearby": 31.0, "flat_terrain": 0, "roi_car_trips_per_day": 1000.3766599340992, "roi_congestion_cost_yen_day": 350051.80084414, "roi_operating_cost_yen_day": 48878.403604380088, "roi_emissions_kg_day": 260.09793158286578, "roi_shifted_trips_per_day": 200.07533198681983, "roi_congestion_savings_yen_day": 70010.360168828003, "roi_operating_savings_yen_day": 9775.6807208760165, "roi_emissions_avoided_kg_day": 52.019586316573161, "roi_health_benefit_yen_day": 6002.2599596045948, "roi_parking_spaces_freed": 4.0015066397363963 }, "geometry": { "type": "Polygon", "coordinates": [ [ [ 139.628124347237929, 35.444717090868686 ], [ 139.627558584846639, 35.446468976606582 ], [ 139.62558227763148, 35.446941974358559 ], [ 139.624171828701179, 35.445663105279465 ], [ 139.624737640073562, 35.443911272697214 ], [ 139.626713851398307, 35.443438256038711 ], [ 139.628124347237929, 35.444717090868686 ] ] ] } },
{ "type": "Feature", "properties": { "hex_id": "892f5bd1407ffff", "population": 1821.6663306612581, "production_score": 0.64564776613950181, "attraction_score": 0.10709987966305656, "demand_score": 0.47963814661913073, "stress_score": 2.3235294117647061, "infra_quality_score": 0.55882352941176472, "gap_score": -0.079185382792633985, "schools_nearby": 8, "stations_nearby": 1, "shops_nearby": 62, "bike_parking_nearby": 1, "bike_parking_capacity_nearby": 4.0, "bike_sharing_nearby": 6, "bike_sharing_capacity_nearby": 101.0, "flat_terrain": 1, "roi_car_trips_per_day": 1275.1664314628806, "roi_congestion_cost_yen_day": 446206.23769749119, "roi_operating_cost_yen_day": 62304.631841276343, "roi_emissions_kg_day": 331.54327218034899, "roi_shifted_trips_per_day": 255.03328629257612, "roi_congestion_savings_yen_day": 89241.247539498247, "roi_operating_savings_yen_day": 12460.92636825527, "roi_emissions_avoided_kg_day": 66.308654436069787, "roi_health_benefit_yen_day": 7650.9985887772837, "roi_parking_spaces_freed": 5.1006657258515222 }, "geometry": { "type": "Polygon", "coordinates": [ [ [ 139.608640465684886, 35.454227566689632 ], [ 139.608074314496378, 35.455979142847269 ], [ 139.606098120428328, 35.456451654232531 ], [ 139.604688173451848, 35.455172608409683 ], [ 139.605254373574184, 35.453421085418441 ], [ 139.607230471742355, 35.452948555083964 ], [ 139.608640465684886, 35.454227566689632 ] ] ] } },
{ "type": "Feature", "properties": { "hex_id": "892f5bd140fffff", "population": 1747.4290755424629, "production_score": 0.61933607715177175, "attraction_score": 0.14681107099879662, "demand_score": 0.50022697355081214, "stress_score": 2.641509433962264, "infra_quality_score": 0.45283018867924529, "gap_score": 0.047396784871566844, "schools_nearby": 9, "stations_nearby": 2, "shops_nearby": 89, "bike_parking_nearby": 0, "bike_parking_capacity_nearby": 0.0, "bike_sharing_nearby": 5, "bike_sharing_capacity_nearby": 77.0, "flat_terrain": 1, "roi_car_trips_per_day": 1223.2003528797241, "roi_congestion_cost_yen_day": 428022.26747967309, "roi_operating_cost_yen_day": 59765.569241703313, "roi_emissions_kg_day": 318.03209174872825, "roi_shifted_trips_per_day": 244.64007057594483, "roi_congestion_savings_yen_day": 85604.45349593462, "roi_operating_savings_yen_day": 11953.113848340665, "roi_emissions_avoided_kg_day": 63.60641834974566, "roi_health_benefit_yen_day": 7339.2021172783452, "roi_parking_spaces_freed": 4.8928014115188967 }, "geometry": { "type": "Polygon", "coordinates": [ [ [ 139.609484395109433, 35.457258185888804 ], [ 139.608918234689725, 35.459009774531495 ], [ 139.606941944713469, 35.459482266967356 ], [ 139.605531911068283, 35.458203189710233 ], [ 139.606098120428328, 35.456451654232531 ], [ 139.608074314496378, 35.455979142847269 ], [ 139.609484395109433, 35.457258185888804 ] ] ] } },
{ "type": "Feature", "properties": { "hex_id": "892f5bd1417ffff", "population": 1821.7428272514492, "production_score": 0.64567487859788286, "attraction_score": 0.10830324909747292, "demand_score": 0.48246377326480311, "stress_score": 2.3714285714285714, "infra_quality_score": 0.54285714285714293, "gap_score": -0.060393369592339818, "schools_nearby": 9, "stations_nearby": 1, "shops_nearby": 60, "bike_parking_nearby": 1, "bike_parking_capacity_nearby": 4.0, "bike_sharing_nearby": 2, "bike_sharing_capacity_nearby": 27.0, "flat_terrain": 1, "roi_car_trips_per_day": 1275.2199790760144, "roi_congestion_cost_yen_day": 446224.97507827898, "roi_operating_cost_yen_day": 62307.248177654066, "roi_emissions_kg_day": 331.55719455976373, "roi_shifted_trips_per_day": 255.04399581520289, "roi_congestion_savings_yen_day": 89244.995015655804, "roi_operating_savings_yen_day": 12461.449635530813, "roi_emissions_avoided_kg_day": 66.311438911952749, "roi_health_benefit_yen_day": 7651.3198744560868, "roi_parking_spaces_freed": 5.1008799163040583 }, "geometry": { "type": "Polygon", "coordinates": [ [ [ 139.611182741562203, 35.452003363581269 ], [ 139.610616648544436, 35.453754980409954 ], [ 139.608640465684886, 35.454227566689632 ], [ 139.607230471742355, 35.452948555083964 ], [ 139.607796613698838, 35.451196991420517 ], [ 139.60977270066229, 35.450724386197777 ], [ 139.611182741562203, 35.452003363581269 ] ] ] } },
{ "type": "Feature", "properties": { "hex_id": "892f5bd334bffff", "population": 1212.7043840186259, "production_score": 0.42981519905733101, "attraction_score": 0.027677496991576414, "demand_score": 0.21012244361711757, "stress_score": 2.0, "infra_quality_score": 0.66666666666666674, "gap_score": -0.45654422304954917, "schools_nearby": 5, "stations_nearby": 0, "shops_nearby": 8, "bike_parking_nearby": 0, "bike_parking_capacity_nearby": 0.0, "bike_sharing_nearby": 0, "bike_sharing_capacity_nearby": 0.0, "flat_terrain": 0, "roi_car_trips_per_day": 848.8930688130381, "roi_congestion_cost_yen_day": 297044.66263905831, "roi_operating_cost_yen_day": 41476.915342205044, "roi_emissions_kg_day": 220.71219789138991, "roi_shifted_trips_per_day": 169.77861376260762, "roi_congestion_savings_yen_day": 59408.932527811659, "roi_operating_savings_yen_day": 8295.3830684410077, "roi_emissions_avoided_kg_day": 44.14243957827798, "roi_health_benefit_yen_day": 5093.3584128782286, "roi_parking_spaces_freed": 3.3955722752521527 }, "geometry": { "type": "Polygon", "coordinates": [ [ [ 139.612036901052591, 35.443717912611845 ], [ 139.611470884647503, 35.44546954507431 ], [ 139.609494904780576, 35.445942244118086 ], [ 139.608085037197441, 35.444663329636164 ], [ 139.608651102533003, 35.4429117503405 ], [ 139.610626986524409, 35.442439032360269 ], [ 139.612036901052591, 35.443717912611845 ] ] ] } },
{ "type": "Feature", "properties": { "hex_id": "892f5bd1447ffff", "population": 1536.3731143648911, "production_score": 0.54453214211101164, "attraction_score": 0.47292418772563177, "demand_score": 0.56957125390436369, "stress_score": 2.2692307692307692, "infra_quality_score": 0.57692307692307687, "gap_score": -0.0073518230187131772, "schools_nearby": 17, "stations_nearby": 8, "shops_nearby": 318, "bike_parking_nearby": 0, "bike_parking_capacity_nearby": 0.0, "bike_sharing_nearby": 6, "bike_sharing_capacity_nearby": 44.0, "flat_terrain": 1, "roi_car_trips_per_day": 1075.4611800554237, "roi_congestion_cost_yen_day": 376325.3761249939, "roi_operating_cost_yen_day": 52547.033257508003, "roi_emissions_kg_day": 279.61990681441017, "roi_shifted_trips_per_day": 215.09223601108476, "roi_congestion_savings_yen_day": 75265.075224998785, "roi_operating_savings_yen_day": 10509.406651501602, "roi_emissions_avoided_kg_day": 55.923981362882039, "roi_health_benefit_yen_day": 6452.7670803325427, "roi_parking_spaces_freed": 4.3018447202216956 }, "geometry": { "type": "Polygon", "coordinates": [ [ [ 139.613715077605093, 35.461095372276183 ], [ 139.613148956913534, 35.462847026556027 ], [ 139.611172486315155, 35.463319556005274 ], [ 139.609762232332855, 35.462040450118685 ], [ 139.61032840198277, 35.460288849 ], [ 139.612304776659812, 35.459816300607073 ], [ 139.613715077605093, 35.461095372276183 ] ] ] } },
{ "type": "Feature", "properties": { "hex_id": "892f5bd144fffff", "population": 1520.9605165819066, "production_score": 0.53906950103262141, "attraction_score": 0.54873646209386284, "demand_score": 0.61866312157702807, "stress_score": 2.7586206896551726, "infra_quality_score": 0.4137931034482758, "gap_score": 0.20487001812875227, "schools_nearby": 15, "stations_nearby": 9, "shops_nearby": 384, "bike_parking_nearby": 3, "bike_parking_capacity_nearby": 21.0, "bike_sharing_nearby": 3, "bike_sharing_capacity_nearby": 51.0, "flat_terrain": 1, "roi_car_trips_per_day": 1064.6723616073346, "roi_congestion_cost_yen_day": 372550.15277363855, "roi_operating_cost_yen_day": 52019.891588134364, "roi_emissions_kg_day": 276.814814017907, "roi_shifted_trips_per_day": 212.93447232146693, "roi_congestion_savings_yen_day": 74510.030554727709, "roi_operating_savings_yen_day": 10403.978317626874, "roi_emissions_avoided_kg_day": 55.362962803581404, "roi_health_benefit_yen_day": 6388.0341696440082, "roi_parking_spaces_freed": 4.2586894464293383 }, "geometry": { "type": "Polygon", "coordinates": [ [ [ 139.614559344559382, 35.464126129635908 ], [ 139.613993214645092, 35.465877796381228 ], [ 139.612016648116878, 35.466350306886589 ], [ 139.610606307435944, 35.465071169590829 ], [ 139.611172486315155, 35.463319556005274 ], [ 139.613148956913534, 35.462847026556027 ], [ 139.614559344559382, 35.464126129635908 ] ] ] } },
{ "type": "Feature", "properties": { "hex_id": "892f5bd1457ffff", "population": 1594.6867630654933, "production_score": 0.56520007475338563, "attraction_score": 0.52105896510228644, "demand_score": 0.57716036091918221, "stress_score": 1.9393939393939394, "infra_quality_score": 0.68686868686868685, "gap_score": -0.10970832594950464, "schools_nearby": 24, "stations_nearby": 10, "shops_nearby": 331, "bike_parking_nearby": 0, "bike_parking_capacity_nearby": 0.0, "bike_sharing_nearby": 6, "bike_sharing_capacity_nearby": 1037.0, "flat_terrain": 1, "roi_car_trips_per_day": 1116.2807341458451, "roi_congestion_cost_yen_day": 390608.95449231414, "roi_operating_cost_yen_day": 54541.476670365992, "roi_emissions_kg_day": 290.23299087791975, "roi_shifted_trips_per_day": 223.25614682916904, "roi_congestion_savings_yen_day": 78121.79089846283, "roi_operating_savings_yen_day": 10908.295334073198, "roi_emissions_avoided_kg_day": 58.046598175583952, "roi_health_benefit_yen_day": 6697.6844048750709, "roi_parking_spaces_freed": 4.4651229365833807 }, "geometry": { "type": "Polygon", "coordinates": [ [ [ 139.61625759948052, 35.458871072952711 ], [ 139.615691536975874, 35.460622767917947 ], [ 139.613715077605093, 35.461095372276183 ], [ 139.612304776659812, 35.459816300607073 ], [ 139.612870888127674, 35.458064658801867 ], [ 139.614847251580812, 35.457592035506082 ], [ 139.61625759948052, 35.458871072952711 ] ] ] } },
{ "type": "Feature", "properties": { "hex_id": "892f5bd1487ffff", "population": 1220.9161212014665, "production_score": 0.432725660583126, "attraction_score": 0.055354993983152828, "demand_score": 0.22082822909819758, "stress_score": 2.0, "infra_quality_score": 0.66666666666666674, "gap_score": -0.44583843756846919, "schools_nearby": 9, "stations_nearby": 1, "shops_nearby": 16, "bike_parking_nearby": 0, "bike_parking_capacity_nearby": 0.0, "bike_sharing_nearby": 0, "bike_sharing_capacity_nearby": 0.0, "flat_terrain": 0, "roi_car_trips_per_day": 854.6412848410265, "roi_congestion_cost_yen_day": 299056.07839157199, "roi_operating_cost_yen_day": 41757.773177332558, "roi_emissions_kg_day": 222.20673405866691, "roi_shifted_trips_per_day": 170.92825696820532, "roi_congestion_savings_yen_day": 59811.215678314409, "roi_operating_savings_yen_day": 8351.5546354665112, "roi_emissions_avoided_kg_day": 44.441346811733382, "roi_health_benefit_yen_day": 5127.8477090461593, "roi_parking_spaces_freed": 3.4185651393641066 }, "geometry": { "type": "Polygon", "coordinates": [ [ [ 139.612880885831288, 35.4467484567827 ], [ 139.612314860204407, 35.448500101763898 ], [ 139.610338784453575, 35.448972781871007 ], [ 139.608928830216712, 35.447693835933862 ], [ 139.609494904780576, 35.445942244118086 ], [ 139.611470884647503, 35.44546954507431 ], [ 139.612880885831288, 35.4467484567827 ] ] ] } },
{ "type": "Feature", "properties": { "hex_id": "892f5bd148fffff", "population": 1662.5642108585409, "production_score": 0.58925767619290037, "attraction_score": 0.10589651022864019, "demand_score": 0.30184055061339282, "stress_score": 2.1707317073170733, "infra_quality_score": 0.60975609756097549, "gap_score": -0.30791554694758266, "schools_nearby": 12, "stations_nearby": 2, "shops_nearby": 46, "bike_parking_nearby": 0, "bike_parking_capacity_nearby": 0.0, "bike_sharing_nearby": 3, "bike_sharing_capacity_nearby": 8.0, "flat_terrain": 0, "roi_car_trips_per_day": 1163.7949476009785, "roi_congestion_cost_yen_day": 407235.12806453439, "roi_operating_cost_yen_day": 56863.021139783807, "roi_emissions_kg_day": 302.58668637625442, "roi_shifted_trips_per_day": 232.75898952019571, "roi_congestion_savings_yen_day": 81447.025612906888, "roi_operating_savings_yen_day": 11372.604227956763, "roi_emissions_avoided_kg_day": 60.517337275250888, "roi_health_benefit_yen_day": 6982.769685605871, "roi_parking_spaces_freed": 4.6551797904039143 }, "geometry": { "type": "Polygon", "coordinates": [ [ [ 139.613724948053147, 35.449779044920177 ], [ 139.613158913205382, 35.451530702411056 ], [ 139.611182741562203, 35.452003363581269 ], [ 139.60977270066229, 35.450724386197777 ], [ 139.610338784453575, 35.448972781871007 ], [ 139.612314860204407, 35.448500101763898 ], [ 139.613724948053147, 35.449779044920177 ] ] ] } },
{ "type": "Feature", "properties": { "hex_id": "892f5bd1497ffff", "population": 1431.7549487780793, "production_score": 0.50745263760909864, "attraction_score": 0.048134777376654635, "demand_score": 0.24796436717483822, "stress_score": 2.0701754385964914, "infra_quality_score": 0.64327485380116944, "gap_score": -0.39531048662633123, "schools_nearby": 9, "stations_nearby": 0, "shops_nearby": 13, "bike_parking_nearby": 0, "bike_parking_capacity_nearby": 0.0, "bike_sharing_nearby": 1, "bike_sharing_capacity_nearby": 8.0, "flat_terrain": 0, "roi_car_trips_per_day": 1002.2284641446556, "roi_congestion_cost_yen_day": 350699.78417349793, "roi_operating_cost_yen_day": 48968.882758107873, "roi_emissions_kg_day": 260.57940067761047, "roi_shifted_trips_per_day": 200.44569282893113, "roi_congestion_savings_yen_day": 70139.95683469958, "roi_operating_savings_yen_day": 9793.776551621575, "roi_emissions_avoided_kg_day": 52.115880135522097, "roi_health_benefit_yen_day": 6013.3707848679342, "roi_parking_spaces_freed": 4.0089138565786229 }, "geometry": { "type": "Polygon", "coordinates": [ [ [ 139.615422917824787, 35.444524016168273 ], [ 139.614856950361599, 35.446275701795066 ], [ 139.612880885831288, 35.4467484567827 ], [ 139.611470884647503, 35.44546954507431 ], [ 139.612036901052591, 35.443717912611845 ], [ 139.614012869702719, 35.443245138693712 ], [ 139.615422917824787, 35.444524016168273 ] ] ] } },
{ "type": "Feature", "properties": { "hex_id": "892f5bd14b7ffff", "population": 1212.5726600932835, "production_score": 0.42976851253921683, "attraction_score": 0.01684717208182912, "demand_score": 0.20631548961736607, "stress_score": 2.0, "infra_quality_score": 0.66666666666666674, "gap_score": -0.46035117704930067, "schools_nearby": 1, "stations_nearby": 1, "shops_nearby": 8, "bike_parking_nearby": 0, "bike_parking_capacity_nearby": 0.0, "bike_sharing_nearby": 2, "bike_sharing_capacity_nearby": 15.0, "flat_terrain": 0, "roi_car_trips_per_day": 848.80086206529836, "roi_congestion_cost_yen_day": 297012.3976538892, "roi_operating_cost_yen_day": 41472.410120510474, "roi_emissions_kg_day": 220.6882241369776, "roi_shifted_trips_per_day": 169.76017241305968, "roi_congestion_savings_yen_day": 59402.479530777848, "roi_operating_savings_yen_day": 8294.4820241020952, "roi_emissions_avoided_kg_day": 44.137644827395519, "roi_health_benefit_yen_day": 5092.8051723917906, "roi_parking_spaces_freed": 3.3952034482611935 }, "geometry": { "type": "Polygon", "coordinates": [ [ [ 139.606109142000946, 35.445135972744346 ], [ 139.605543018511469, 35.446887511392141 ], [ 139.603567112117759, 35.447360079624389 ], [ 139.602157425091264, 35.446081128157736 ], [ 139.602723597494872, 35.444329642680422 ], [ 139.604699408013971, 35.443857055499592 ], [ 139.606109142000946, 35.445135972744346 ] ] ] } },
{ "type": "Feature", "properties": { "hex_id": "892f5bd14c7ffff", "population": 2223.8035477046042, "production_score": 0.78817606097346538, "attraction_score": 0.22623345367027678, "demand_score": 0.56059888568086524, "stress_score": 2.1111111111111112, "infra_quality_score": 0.62962962962962954, "gap_score": -0.069030743948764295, "schools_nearby": 20, "stations_nearby": 4, "shops_nearby": 116, "bike_parking_nearby": 1, "bike_parking_capacity_nearby": 4.0, "bike_sharing_nearby": 6, "bike_sharing_capacity_nearby": 1053.0, "flat_terrain": 1, "roi_car_trips_per_day": 1556.6624833932228, "roi_congestion_cost_yen_day": 544707.33618895651, "roi_operating_cost_yen_day": 76058.528938592863, "roi_emissions_kg_day": 404.73224568223793, "roi_shifted_trips_per_day": 311.33249667864459, "roi_congestion_savings_yen_day": 108941.46723779132, "roi_operating_savings_yen_day": 15211.705787718574, "roi_emissions_avoided_kg_day": 80.946449136447598, "roi_health_benefit_yen_day": 9339.974900359337, "roi_parking_spaces_freed": 6.226649933572892 }, "geometry": { "type": "Polygon", "coordinates": [ [ [ 139.617955652194865, 35.453615931676779 ], [ 139.617389657088808, 35.455367654828429 ], [ 139.615413304867474, 35.455840353023191 ], [ 139.614003043660745, 35.454561346997764 ], [ 139.614569087728398, 35.45280967700635 ], [ 139.61654534404434, 35.452336959880412 ], [ 139.617955652194865, 35.453615931676779 ] ] ] } },
{ "type": "Feature", "properties": { "hex_id": "892f5bd14cfffff", "population": 2165.7667322660141, "production_score": 0.7676062455187469, "attraction_score": 0.49338146811070999, "demand_score": 0.66979397563237886, "stress_score": 2.5689655172413794, "infra_quality_score": 0.47701149425287348, "gap_score": 0.19278248137950538, "schools_nearby": 23, "stations_nearby": 10, "shops_nearby": 311, "bike_parking_nearby": 0, "bike_parking_capacity_nearby": 0.0, "bike_sharing_nearby": 8, "bike_sharing_capacity_nearby": 1058.0, "flat_terrain": 1, "roi_car_trips_per_day": 1516.0367125862097, "roi_congestion_cost_yen_day": 530491.56646816654, "roi_operating_cost_yen_day": 74073.553776962202, "roi_emissions_kg_day": 394.16954527241455, "roi_shifted_trips_per_day": 303.20734251724195, "roi_congestion_savings_yen_day": 106098.31329363331, "roi_operating_savings_yen_day": 14814.710755392442, "roi_emissions_avoided_kg_day": 78.833909054482916, "roi_health_benefit_yen_day": 9096.2202755172584, "roi_parking_spaces_freed": 6.064146850344839 }, "geometry": { "type": "Polygon", "coordinates": [ [ [ 139.618800051934244, 35.456646658047582 ], [ 139.618234047615772, 35.458398393689315 ], [ 139.61625759948052, 35.458871072952711 ], [ 139.614847251580812, 35.457592035506082 ], [ 139.615413304867474, 35.455840353023191 ], [ 139.617389657088808, 35.455367654828429 ], [ 139.618800051934244, 35.456646658047582 ] ] ] } },
{ "type": "Feature", "properties": { "hex_id": "892f5bd14d7ffff", "population": 2223.8969018625244, "production_score": 0.78820914820931454, "attraction_score": 0.13838748495788206, "demand_score": 0.3743088216085188, "stress_score": 2.0, "infra_quality_score": 0.66666666666666674, "gap_score": -0.29235784505814794, "schools_nearby": 17, "stations_nearby": 4, "shops_nearby": 52, "bike_parking_nearby": 0, "bike_parking_capacity_nearby": 0.0, "bike_sharing_nearby": 4, "bike_sharing_capacity_nearby": 60.0, "flat_terrain": 0, "roi_car_trips_per_day": 1556.7278313037671, "roi_congestion_cost_yen_day": 544730.20272981422, "roi_operating_cost_yen_day": 76061.72183750206, "roi_emissions_kg_day": 404.74923613897943, "roi_shifted_trips_per_day": 311.34556626075346, "roi_congestion_savings_yen_day": 108946.04054596285, "roi_operating_savings_yen_day": 15212.344367500415, "roi_emissions_avoided_kg_day": 80.9498472277959, "roi_health_benefit_yen_day": 9340.3669878226028, "roi_parking_spaces_freed": 6.2269113252150694 }, "geometry": { "type": "Polygon", "coordinates": [ [ [ 139.6204979301028, 35.451391394775371 ], [ 139.61993199317655, 35.45314315858689 ], [ 139.617955652194865, 35.453615931676779 ], [ 139.61654534404434, 35.452336959880412 ], [ 139.617111329937075, 35.450585249227956 ], [ 139.619087575017062, 35.450112457213066 ], [ 139.6204979301028, 35.451391394775371 ] ] ] } },
{ "type": "Feature", "properties": { "hex_id": "892f5aa4907ffff", "population": 833.42767030767038, "production_score": 0.29538928425913658, "attraction_score": 0.32611311672683513, "demand_score": 0.44752584034509008, "stress_score": 2.6, "infra_quality_score": 0.46666666666666667, "gap_score": -0.019140826321576598, "schools_nearby": 8, "stations_nearby": 10, "shops_nearby": 217, "bike_parking_nearby": 2, "bike_parking_capacity_nearby": 8.0, "bike_sharing_nearby": 10, "bike_sharing_capacity_nearby": 200.0, "flat_terrain": 1, "roi_car_trips_per_day": 583.39936921536935, "roi_congestion_cost_yen_day": 204143.10727584205, "roi_operating_cost_yen_day": 28504.893179862946, "roi_emissions_kg_day": 151.68383599599605, "roi_shifted_trips_per_day": 116.67987384307388, "roi_congestion_savings_yen_day": 40828.62145516841, "roi_operating_savings_yen_day": 5700.9786359725895, "roi_emissions_avoided_kg_day": 30.336767199199208, "roi_health_benefit_yen_day": 3500.3962152922163, "roi_parking_spaces_freed": 2.3335974768614776 }, "geometry": { "type": "Polygon", "coordinates": [ [ [ 139.632349223311621, 35.459871290086156 ], [ 139.631783414980077, 35.461623238338142 ], [ 139.629806628186657, 35.462096141554404 ], [ 139.628395745660413, 35.460817115426543 ], [ 139.628961603005877, 35.459065220323346 ], [ 139.630938293866762, 35.458592298199527 ], [ 139.632349223311621, 35.459871290086156 ] ] ] } },
{ "type": "Feature", "properties": { "hex_id": "892f5aa490fffff", "population": 833.44819053778087, "production_score": 0.29539655718311197, "attraction_score": 0.37545126353790614, "demand_score": 0.45801102296664203, "stress_score": 2.4642857142857144, "infra_quality_score": 0.51190476190476186, "gap_score": -0.053893738938119828, "schools_nearby": 5, "stations_nearby": 11, "shops_nearby": 264, "bike_parking_nearby": 2, "bike_parking_capacity_nearby": 8.0, "bike_sharing_nearby": 5, "bike_sharing_capacity_nearby": 1070.0, "flat_terrain": 1, "roi_car_trips_per_day": 583.41373337644654, "roi_congestion_cost_yen_day": 204148.13358308619, "roi_operating_cost_yen_day": 28505.595012773178, "roi_emissions_kg_day": 151.6875706778761, "roi_shifted_trips_per_day": 116.68274667528931, "roi_congestion_savings_yen_day": 40829.62671661724, "roi_operating_savings_yen_day": 5701.1190025546357, "roi_emissions_avoided_kg_day": 30.337514135575223, "roi_health_benefit_yen_day": 3500.4824002586793, "roi_parking_spaces_freed": 2.3336549335057861 }, "geometry": { "type": "Polygon", "coordinates": [ [ [ 139.633194431174019, 35.462902261609401 ], [ 139.632628613657289, 35.46465422233689 ], [ 139.630651730922949, 35.465127106645383 ], [ 139.629240761649442, 35.463848049134477 ], [ 139.629806628186657, 35.462096141554404 ], [ 139.631783414980077, 35.461623238338142 ], [ 139.633194431174019, 35.462902261609401 ] ] ] } },
{ "type": "Feature", "properties": { "hex_id": "892f5aa4917ffff", "population": 774.80642204286289, "production_score": 0.27461233002035279, "attraction_score": 0.20938628158844766, "demand_score": 0.40165757857920914, "stress_score": 2.6451612903225805, "infra_quality_score": 0.45161290322580649, "gap_score": -0.049955324646597354, "schools_nearby": 5, "stations_nearby": 3, "shops_nearby": 150, "bike_parking_nearby": 3, "bike_parking_capacity_nearby": 12.0, "bike_sharing_nearby": 8, "bike_sharing_capacity_nearby": 183.0, "flat_terrain": 1, "roi_car_trips_per_day": 542.36449543000401, "roi_congestion_cost_yen_day": 189784.18424086701, "roi_operating_cost_yen_day": 26499.929246709995, "roi_emissions_kg_day": 141.01476881180105, "roi_shifted_trips_per_day": 108.47289908600081, "roi_congestion_savings_yen_day": 37956.836848173407, "roi_operating_savings_yen_day": 5299.9858493419997, "roi_emissions_avoided_kg_day": 28.20295376236021, "roi_health_benefit_yen_day": 3254.1869725800243, "roi_parking_spaces_freed": 2.1694579817200164 }, "geometry": { "type": "Polygon", "coordinates": [ [ [ 139.63489174894147, 35.457646323044479 ], [ 139.634325998814916, 35.459398311959468 ], [ 139.632349223311621, 35.459871290086156 ], [ 139.630938293866762, 35.458592298199527 ], [ 139.631504093012154, 35.45684036243216 ], [ 139.633480772586722, 35.456367365404084 ], [ 139.63489174894147, 35.457646323044479 ] ] ] } },
{ "type": "Feature", "properties": { "hex_id": "892f5aa4927ffff", "population": 1495.3649975582105, "production_score": 0.52999775754004019, "attraction_score": 0.65944645006016844, "demand_score": 0.6651691090237094, "stress_score": 2.9772727272727271, "infra_quality_score": 0.34090909090909094, "gap_score": 0.32426001811461846, "schools_nearby": 21, "stations_nearby": 12, "shops_nearby": 449, "bike_parking_nearby": 3, "bike_parking_capacity_nearby": 12.0, "bike_sharing_nearby": 7, "bike_sharing_capacity_nearby": 1057.0, "flat_terrain": 1, "roi_car_trips_per_day": 1046.7554982907473, "roi_congestion_cost_yen_day": 366280.68396189832, "roi_operating_cost_yen_day": 51144.473646485909, "roi_emissions_kg_day": 272.15642955559429, "roi_shifted_trips_per_day": 209.35109965814945, "roi_congestion_savings_yen_day": 73256.136792379664, "roi_operating_savings_yen_day": 10228.894729297182, "roi_emissions_avoided_kg_day": 54.431285911118856, "roi_health_benefit_yen_day": 6280.5329897444835, "roi_parking_spaces_freed": 4.1870219931629888 }, "geometry": { "type": "Polygon", "coordinates": [ [ [ 139.623031677179767, 35.460483724891908 ], [ 139.622465712635915, 35.462235526169579 ], [ 139.62048908389869, 35.462708242483217 ], [ 139.619078515635437, 35.461429176445094 ], [ 139.619644529165413, 35.459677428322408 ], [ 139.621621061975645, 35.45920469308313 ], [ 139.623031677179767, 35.460483724891908 ] ] ] } },
{ "type": "Feature", "properties": { "hex_id": "892f5aa492fffff", "population": 1495.4018181546528, "production_score": 0.53001080775425391, "attraction_score": 0.61973525872442836, "demand_score": 0.6303522997381269, "stress_score": 2.5588235294117645, "infra_quality_score": 0.48039215686274517, "gap_score": 0.14996014287538173, "schools_nearby": 17, "stations_nearby": 12, "shops_nearby": 428, "bike_parking_nearby": 1, "bike_parking_capacity_nearby": 4.0, "bike_sharing_nearby": 5, "bike_sharing_capacity_nearby": 49.0, "flat_terrain": 1, "roi_car_trips_per_day": 1046.7812727082569, "roi_congestion_cost_yen_day": 366289.70294607326, "roi_operating_cost_yen_day": 51145.732984525428, "roi_emissions_kg_day": 272.16313090414678, "roi_shifted_trips_per_day": 209.3562545416514, "roi_congestion_savings_yen_day": 73257.940589214661, "roi_operating_savings_yen_day": 10229.146596905088, "roi_emissions_avoided_kg_day": 54.432626180829367, "roi_health_benefit_yen_day": 6280.6876362495423, "roi_parking_spaces_freed": 4.1871250908330282 }, "geometry": { "type": "Polygon", "coordinates": [ [ [ 139.623876414564847, 35.463514589376047 ], [ 139.623310440817022, 35.465266403124225 ], [ 139.62133371614442, 35.465739100512025 ], [ 139.619923061158175, 35.464460003077775 ], [ 139.62048908389869, 35.462708242483217 ], [ 139.622465712635915, 35.462235526169579 ], [ 139.623876414564847, 35.463514589376047 ] ] ] } },
{ "type": "Feature", "properties": { "hex_id": "892f5aa4937ffff", "population": 1686.383309560272, "production_score": 0.59769980832729985, "attraction_score": 0.6859205776173285, "demand_score": 0.69093380174728658, "stress_score": 2.8333333333333335, "infra_quality_score": 0.38888888888888884, "gap_score": 0.30204491285839774, "schools_nearby": 18, "stations_nearby": 13, "shops_nearby": 477, "bike_parking_nearby": 3, "bike_parking_capacity_nearby": 12.0, "bike_sharing_nearby": 8, "bike_sharing_capacity_nearby": 1068.0, "flat_terrain": 1, "roi_car_trips_per_day": 1180.4683166921905, "roi_congestion_cost_yen_day": 413069.47337693133, "roi_operating_cost_yen_day": 57677.681953580424, "roi_emissions_kg_day": 306.92176233996952, "roi_shifted_trips_per_day": 236.09366333843809, "roi_congestion_savings_yen_day": 82613.894675386255, "roi_operating_savings_yen_day": 11535.536390716084, "roi_emissions_avoided_kg_day": 61.384352467993907, "roi_health_benefit_yen_day": 7082.8099001531427, "roi_parking_spaces_freed": 4.7218732667687622 }, "geometry": { "type": "Polygon", "coordinates": [ [ [ 139.625574201006003, 35.458259091716641 ], [ 139.625008294658102, 35.460010933668542 ], [ 139.623031677179767, 35.460483724891908 ], [ 139.621621061975645, 35.45920469308313 ], [ 139.622187017314587, 35.457452904285077 ], [ 139.624163538869766, 35.456980094142239 ], [ 139.625574201006003, 35.458259091716641 ] ] ] } },
{ "type": "Feature", "properties": { "hex_id": "892f5aa4977ffff", "population": 906.12644542697433, "production_score": 0.32115569436774211, "attraction_score": 0.49458483754512633, "demand_score": 0.51408061474093247, "stress_score": 2.5714285714285716, "infra_quality_score": 0.47619047619047616, "gap_score": 0.037890138550456309, "schools_nearby": 9, "stations_nearby": 11, "shops_nearby": 351, "bike_parking_nearby": 1, "bike_parking_capacity_nearby": 4.0, "bike_sharing_nearby": 0, "bike_sharing_capacity_nearby": 0.0, "flat_terrain": 1, "roi_car_trips_per_day": 634.28851179888204, "roi_congestion_cost_yen_day": 221950.23604866481, "roi_operating_cost_yen_day": 30991.336686493378, "roi_emissions_kg_day": 164.91501306770934, "roi_shifted_trips_per_day": 126.85770235977641, "roi_congestion_savings_yen_day": 44390.047209732962, "roi_operating_savings_yen_day": 6198.2673372986756, "roi_emissions_avoided_kg_day": 32.983002613541871, "roi_health_benefit_yen_day": 3805.7310707932925, "roi_parking_spaces_freed": 2.5371540471955281 }, "geometry": { "type": "Polygon", "coordinates": [ [ [ 139.630651730922949, 35.465127106645383 ], [ 139.630085855194864, 35.466879026693192 ], [ 139.628108961174519, 35.467351836081257 ], [ 139.626698038830114, 35.466072744335683 ], [ 139.627263963573768, 35.464320877436428 ], [ 139.629240761649442, 35.463848049134477 ], [ 139.630651730922949, 35.465127106645383 ] ] ] } },
{ "type": "Feature", "properties": { "hex_id": "892f5aa498fffff", "population": 732.40049170551595, "production_score": 0.25958252256739467, "attraction_score": 0.16245487364620939, "demand_score": 0.36646308867476141, "stress_score": 2.375, "infra_quality_score": 0.54166666666666674, "gap_score": -0.17520357799190533, "schools_nearby": 1, "stations_nearby": 2, "shops_nearby": 126, "bike_parking_nearby": 0, "bike_parking_capacity_nearby": 0.0, "bike_sharing_nearby": 2, "bike_sharing_capacity_nearby": 44.0, "flat_terrain": 1, "roi_car_trips_per_day": 512.68034419386117, "roi_congestion_cost_yen_day": 179397.10604031591, "roi_operating_cost_yen_day": 25049.561617312058, "roi_emissions_kg_day": 133.29688949040391, "roi_shifted_trips_per_day": 102.53606883877224, "roi_congestion_savings_yen_day": 35879.421208063184, "roi_operating_savings_yen_day": 5009.9123234624112, "roi_emissions_avoided_kg_day": 26.659377898080784, "roi_health_benefit_yen_day": 3076.082065163167, "roi_parking_spaces_freed": 2.0507213767754449 }, "geometry": { "type": "Polygon", "coordinates": [ [ [ 139.63743420506907, 35.455421240442107 ], [ 139.636868513146737, 35.457173270011261 ], [ 139.63489174894147, 35.457646323044479 ], [ 139.633480772586722, 35.456367365404084 ], [ 139.634046513532752, 35.454615388981416 ], [ 139.636023181813016, 35.454142317052955 ], [ 139.63743420506907, 35.455421240442107 ] ] ] } },
{ "type": "Feature", "properties": { "hex_id": "892f5bd1697ffff", "population": 1432.7370507756802, "production_score": 0.50780072109189645, "attraction_score": 0.5752105896510229, "demand_score": 0.62072062542668849, "stress_score": 2.8333333333333335, "infra_quality_score": 0.38888888888888884, "gap_score": 0.23183173653779965, "schools_nearby": 17, "stations_nearby": 11, "shops_nearby": 394, "bike_parking_nearby": 4, "bike_parking_capacity_nearby": 63.0, "bike_sharing_nearby": 2, "bike_sharing_capacity_nearby": 33.0, "flat_terrain": 1, "roi_car_trips_per_day": 1002.9159355429763, "roi_congestion_cost_yen_day": 350940.34416519827, "roi_operating_cost_yen_day": 49002.472610629819, "roi_emissions_kg_day": 260.75814324117385, "roi_shifted_trips_per_day": 200.58318710859527, "roi_congestion_savings_yen_day": 70188.068833039666, "roi_operating_savings_yen_day": 9800.4945221259641, "roi_emissions_avoided_kg_day": 52.15162864823477, "roi_health_benefit_yen_day": 6017.4956132578582, "roi_parking_spaces_freed": 4.0116637421719057 }, "geometry": { "type": "Polygon", "coordinates": [ [ [ 139.62133371614442, 35.465739100512025 ], [ 139.620767684194306, 35.467490873569361 ], [ 139.618790948266991, 35.467963496037392 ], [ 139.617380340232074, 35.46668436438042 ], [ 139.617946421170018, 35.464932644477827 ], [ 139.619923061158175, 35.464460003077775 ], [ 139.62133371614442, 35.465739100512025 ] ] ] } },
{ "type": "Feature", "properties": { "hex_id": "892f5aa49a7ffff", "population": 1329.6020285223115, "production_score": 0.47124688265955095, "attraction_score": 0.26353790613718414, "demand_score": 0.30845672736090851, "stress_score": 2.0256410256410255, "infra_quality_score": 0.65811965811965822, "gap_score": -0.34966293075874971, "schools_nearby": 18, "stations_nearby": 4, "shops_nearby": 153, "bike_parking_nearby": 0, "bike_parking_capacity_nearby": 0.0, "bike_sharing_nearby": 5, "bike_sharing_capacity_nearby": 1037.0, "flat_terrain": 0, "roi_car_trips_per_day": 930.721419965618, "roi_congestion_cost_yen_day": 325678.03927436908, "roi_operating_cost_yen_day": 45475.048579520095, "roi_emissions_kg_day": 241.98756919106069, "roi_shifted_trips_per_day": 186.14428399312362, "roi_congestion_savings_yen_day": 65135.607854873822, "roi_operating_savings_yen_day": 9095.0097159040197, "roi_emissions_avoided_kg_day": 48.397513838212141, "roi_health_benefit_yen_day": 5584.3285197937084, "roi_parking_spaces_freed": 3.7228856798624723 }, "geometry": { "type": "Polygon", "coordinates": [ [ [ 139.627271785269528, 35.453003509513074 ], [ 139.626705946310466, 35.454755379635209 ], [ 139.624729436018356, 35.455228264677714 ], [ 139.623318860599454, 35.453949298511482 ], [ 139.623884748547823, 35.452197481543386 ], [ 139.625861162928942, 35.451724577587783 ], [ 139.627271785269528, 35.453003509513074 ] ] ] } },
{ "type": "Feature", "properties": { "hex_id": "892f5aa49afffff", "population": 933.93809000889428, "production_score": 0.33101289263437755, "attraction_score": 0.35619735258724428, "demand_score": 0.47147596677994857, "stress_score": 2.6190476190476191, "infra_quality_score": 0.46031746031746035, "gap_score": 0.011158506462488227, "schools_nearby": 18, "stations_nearby": 7, "shops_nearby": 221, "bike_parking_nearby": 0, "bike_parking_capacity_nearby": 0.0, "bike_sharing_nearby": 4, "bike_sharing_capacity_nearby": 37.0, "flat_terrain": 1, "roi_car_trips_per_day": 653.75666300622606, "roi_congestion_cost_yen_day": 228762.53151913863, "roi_operating_cost_yen_day": 31942.550554484205, "roi_emissions_kg_day": 169.97673238161877, "roi_shifted_trips_per_day": 130.75133260124522, "roi_congestion_savings_yen_day": 45752.506303827729, "roi_operating_savings_yen_day": 6388.510110896842, "roi_emissions_avoided_kg_day": 33.99534647632376, "roi_health_benefit_yen_day": 3922.5399780373568, "roi_parking_spaces_freed": 2.6150266520249046 }, "geometry": { "type": "Polygon", "coordinates": [ [ [ 139.628116655370263, 35.456034342970241 ], [ 139.627550807217546, 35.457786225587448 ], [ 139.625574201006003, 35.458259091716641 ], [ 139.624163538869766, 35.456980094142239 ], [ 139.624729436018356, 35.455228264677714 ], [ 139.626705946310466, 35.454755379635209 ], [ 139.628116655370263, 35.456034342970241 ] ] ] } },
{ "type": "Feature", "properties": { "hex_id": "892f5aa49b7ffff", "population": 779.6820373324457, "production_score": 0.27634037981042164, "attraction_score": 0.18531889290012032, "demand_score": 0.23658074544868968, "stress_score": 2.5, "infra_quality_score": 0.5, "gap_score": -0.26341925455131032, "schools_nearby": 10, "stations_nearby": 3, "shops_nearby": 115, "bike_parking_nearby": 0, "bike_parking_capacity_nearby": 0.0, "bike_sharing_nearby": 2, "bike_sharing_capacity_nearby": 1005.0, "flat_terrain": 0, "roi_car_trips_per_day": 545.77742613271198, "roi_congestion_cost_yen_day": 190978.43695235858, "roi_operating_cost_yen_day": 26666.685040844306, "roi_emissions_kg_day": 141.90213079450513, "roi_shifted_trips_per_day": 109.1554852265424, "roi_congestion_savings_yen_day": 38195.687390471714, "roi_operating_savings_yen_day": 5333.3370081688618, "roi_emissions_avoided_kg_day": 28.380426158901024, "roi_health_benefit_yen_day": 3274.6645567962719, "roi_parking_spaces_freed": 2.1831097045308478 }, "geometry": { "type": "Polygon", "coordinates": [ [ [ 139.629814065060941, 35.450778638803918 ], [ 139.629248284290725, 35.452530549574739 ], [ 139.627271785269528, 35.453003509513074 ], [ 139.625861162928942, 35.451724577587783 ], [ 139.626426992693382, 35.449972719969828 ], [ 139.628403395807311, 35.449499741124598 ], [ 139.629814065060941, 35.450778638803918 ] ] ] } },
{ "type": "Feature", "properties": { "hex_id": "892f5bd16b7ffff", "population": 1206.9694511141272, "production_score": 0.42778258388712831, "attraction_score": 0.35138387484957884, "demand_score": 0.32676231461190153, "stress_score": 2.0810810810810811, "infra_quality_score": 0.63963963963963955, "gap_score": -0.31287732502773802, "schools_nearby": 11, "stations_nearby": 2, "shops_nearby": 253, "bike_parking_nearby": 1, "bike_parking_capacity_nearby": 4.0, "bike_sharing_nearby": 0, "bike_sharing_capacity_nearby": 0.0, "flat_terrain": 0, "roi_car_trips_per_day": 844.87861577988895, "roi_congestion_cost_yen_day": 295639.92523369874, "roi_operating_cost_yen_day": 41280.769167005375, "roi_emissions_kg_day": 219.66844010277114, "roi_shifted_trips_per_day": 168.97572315597779, "roi_congestion_savings_yen_day": 59127.985046739748, "roi_operating_savings_yen_day": 8256.1538334010747, "roi_emissions_avoided_kg_day": 43.933688020554229, "roi_health_benefit_yen_day": 5069.2716946793335, "roi_parking_spaces_freed": 3.3795144631195559 }, "geometry": { "type": "Polygon", "coordinates": [ [ [ 139.612016648116878, 35.466350306886589 ], [ 139.611450460009337, 35.468101932929912 ], [ 139.609473882257618, 35.468574368516244 ], [ 139.608063588550209, 35.467295197009598 ], [ 139.608629825617783, 35.4655436241272 ], [ 139.610606307435944, 35.465071169590829 ], [ 139.612016648116878, 35.466350306886589 ] ] ] } },
{ "type": "Feature", "properties": { "hex_id": "892f5aa49c7ffff", "population": 1.6807809615178309, "production_score": 0.00059571418481444436, "attraction_score": 0.1299638989169675, "demand_score": 0.19569586458562366, "stress_score": 4.0, "infra_quality_score": 0.0, "gap_score": 0.19569586458562366, "schools_nearby": 0, "stations_nearby": 1, "shops_nearby": 105, "bike_parking_nearby": 0, "bike_parking_capacity_nearby": 0.0, "bike_sharing_nearby": 0, "bike_sharing_capacity_nearby": 0.0, "flat_terrain": 0, "roi_car_trips_per_day": 1.1765466730624816, "roi_congestion_cost_yen_day": 411.69721183802358, "roi_operating_cost_yen_day": 57.486070445832851, "roi_emissions_kg_day": 0.30590213499624525, "roi_shifted_trips_per_day": 0.23530933461249634, "roi_congestion_savings_yen_day": 82.339442367604718, "roi_operating_savings_yen_day": 11.497214089166571, "roi_emissions_avoided_kg_day": 0.061180426999249048, "roi_health_benefit_yen_day": 7.0592800383748902, "roi_parking_spaces_freed": 0.0047061866922499269 }, "geometry": { "type": "Polygon", "coordinates": [ [ [ 139.641667715652005, 35.459258067644299 ], [ 139.641102063597373, 35.461010162847003 ], [ 139.639125118830407, 35.461483253004133 ], [ 139.637713922059305, 35.460204266848308 ], [ 139.638279623155626, 35.458452224788189 ], [ 139.640256471984543, 35.457979115741601 ], [ 139.641667715652005, 35.459258067644299 ] ] ] } },
{ "type": "Feature", "properties": { "hex_id": "892f5bd3267ffff", "population": 1483.0529878924115, "production_score": 0.5256340486633847, "attraction_score": 0.070998796630565589, "demand_score": 0.25167863871002544, "stress_score": 1.8571428571428572, "infra_quality_score": 0.71428571428571419, "gap_score": -0.46260707557568875, "schools_nearby": 14, "stations_nearby": 0, "shops_nearby": 17, "bike_parking_nearby": 0, "bike_parking_capacity_nearby": 0.0, "bike_sharing_nearby": 2, "bike_sharing_capacity_nearby": 76.0, "flat_terrain": 0, "roi_car_trips_per_day": 1038.1370915246882, "roi_congestion_cost_yen_day": 363264.93106631894, "roi_operating_cost_yen_day": 50723.378291896268, "roi_emissions_kg_day": 269.91564379641898, "roi_shifted_trips_per_day": 207.62741830493766, "roi_congestion_savings_yen_day": 72652.986213263794, "roi_operating_savings_yen_day": 10144.675658379254, "roi_emissions_avoided_kg_day": 53.983128759283794, "roi_health_benefit_yen_day": 6228.8225491481298, "roi_parking_spaces_freed": 4.1525483660987534 }, "geometry": { "type": "Polygon", "coordinates": [ [ [ 139.622195606116804, 35.446136047060619 ], [ 139.62162973657172, 35.447887839008509 ], [ 139.619653502735559, 35.448360705908449 ], [ 139.618243234337172, 35.447081799779461 ], [ 139.618809152847035, 35.445330060990877 ], [ 139.620785290793691, 35.444857175172295 ], [ 139.622195606116804, 35.446136047060619 ] ] ] } },
{ "type": "Feature", "properties": { "hex_id": "892f5bd326fffff", "population": 1751.8877526337974, "production_score": 0.62091635277936852, "attraction_score": 0.10348977135980746, "demand_score": 0.30354214344871155, "stress_score": 2.0, "infra_quality_score": 0.66666666666666674, "gap_score": -0.36312452321795519, "schools_nearby": 16, "stations_nearby": 2, "shops_nearby": 32, "bike_parking_nearby": 0, "bike_parking_capacity_nearby": 0.0, "bike_sharing_nearby": 0, "bike_sharing_capacity_nearby": 0.0, "flat_terrain": 0, "roi_car_trips_per_day": 1226.3214268436582, "roi_congestion_cost_yen_day": 429114.39368113287, "roi_operating_cost_yen_day": 59918.064915581141, "roi_emissions_kg_day": 318.84357097935111, "roi_shifted_trips_per_day": 245.26428536873163, "roi_congestion_savings_yen_day": 85822.878736226572, "roi_operating_savings_yen_day": 11983.612983116227, "roi_emissions_avoided_kg_day": 63.768714195870224, "roi_health_benefit_yen_day": 7357.928561061949, "roi_parking_spaces_freed": 4.9052857073746328 }, "geometry": { "type": "Polygon", "coordinates": [ [ [ 139.623040138584059, 35.449166742331691 ], [ 139.622474259836849, 35.450918546794234 ], [ 139.6204979301028, 35.451391394775371 ], [ 139.619087575017062, 35.450112457213066 ], [ 139.619653502735559, 35.448360705908449 ], [ 139.62162973657172, 35.447887839008509 ], [ 139.623040138584059, 35.449166742331691 ] ] ] } },
{ "type": "Feature", "properties": { "hex_id": "892f5bd3277ffff", "population": 1483.115214697445, "production_score": 0.52565610352435876, "attraction_score": 0.040914560770156441, "demand_score": 0.24637665558000338, "stress_score": 1.9615384615384615, "infra_quality_score": 0.67948717948717952, "gap_score": -0.43311052390717614, "schools_nearby": 9, "stations_nearby": 0, "shops_nearby": 7, "bike_parking_nearby": 0, "bike_parking_capacity_nearby": 0.0, "bike_sharing_nearby": 2, "bike_sharing_capacity_nearby": 76.0, "flat_terrain": 0, "roi_car_trips_per_day": 1038.1806502882116, "roi_congestion_cost_yen_day": 363280.17314885103, "roi_operating_cost_yen_day": 50725.506573082021, "roi_emissions_kg_day": 269.92696907493502, "roi_shifted_trips_per_day": 207.63613005764233, "roi_congestion_savings_yen_day": 72656.034629770205, "roi_operating_savings_yen_day": 10145.101314616404, "roi_emissions_avoided_kg_day": 53.985393814987006, "roi_health_benefit_yen_day": 6229.0839017292701, "roi_parking_spaces_freed": 4.1527226011528464 }, "geometry": { "type": "Polygon", "coordinates": [ [ [ 139.624737640073562, 35.443911272697214 ], [ 139.624171828701179, 35.445663105279465 ], [ 139.622195606116804, 35.446136047060619 ], [ 139.620785290793691, 35.444857175172295 ], [ 139.621351151135713, 35.443105395748169 ], [ 139.623327277834363, 35.442632435054534 ], [ 139.624737640073562, 35.443911272697214 ] ] ] } },
{ "type": "Feature", "properties": { "hex_id": "892f5bd1403ffff", "population": 1821.7877343875939, "production_score": 0.64569079490025261, "attraction_score": 0.15764139590854392, "demand_score": 0.49025717587398787, "stress_score": 2.1818181818181817, "infra_quality_score": 0.60606060606060619, "gap_score": -0.11580343018661832, "schools_nearby": 12, "stations_nearby": 3, "shops_nearby": 86, "bike_parking_nearby": 1, "bike_parking_capacity_nearby": 4.0, "bike_sharing_nearby": 2, "bike_sharing_capacity_nearby": 27.0, "flat_terrain": 1, "roi_car_trips_per_day": 1275.2514140713156, "roi_congestion_cost_yen_day": 446235.97481183475, "roi_operating_cost_yen_day": 62308.784091524481, "roi_emissions_kg_day": 331.56536765854207, "roi_shifted_trips_per_day": 255.05028281426314, "roi_congestion_savings_yen_day": 89247.194962366964, "roi_operating_savings_yen_day": 12461.756818304897, "roi_emissions_avoided_kg_day": 66.313073531708426, "roi_health_benefit_yen_day": 7651.5084844278945, "roi_parking_spaces_freed": 5.1010056562852633 }, "geometry": { "type": "Polygon", "coordinates": [ [ [ 139.612026776116835, 35.455033989230884 ], [ 139.611460673873523, 35.456785618552381 ], [ 139.609484395109433, 35.457258185888804 ], [ 139.608074314496378, 35.455979142847269 ], [ 139.608640465684886, 35.454227566689632 ], [ 139.610616648544436, 35.453754980409954 ], [ 139.612026776116835, 35.455033989230884 ] ] ] } },
{ "type": "Feature", "properties": { "hex_id": "892f5bd140bffff", "population": 1669.8914176959047, "production_score": 0.59185463626564261, "attraction_score": 0.36462093862815886, "demand_score": 0.546304912751292, "stress_score": 2.2307692307692308, "infra_quality_score": 0.58974358974358965, "gap_score": -0.043438676992297642, "schools_nearby": 19, "stations_nearby": 3, "shops_nearby": 237, "bike_parking_nearby": 0, "bike_parking_capacity_nearby": 0.0, "bike_sharing_nearby": 7, "bike_sharing_capacity_nearby": 1050.0, "flat_terrain": 1, "roi_car_trips_per_day": 1168.9239923871332, "roi_congestion_cost_yen_day": 409029.8834161057, "roi_operating_cost_yen_day": 57113.626268035332, "roi_emissions_kg_day": 303.92023802065466, "roi_shifted_trips_per_day": 233.78479847742665, "roi_congestion_savings_yen_day": 81805.976683221132, "roi_operating_savings_yen_day": 11422.725253607066, "roi_emissions_avoided_kg_day": 60.784047604130933, "roi_health_benefit_yen_day": 7013.5439543227994, "roi_parking_spaces_freed": 4.6756959695485332 }, "geometry": { "type": "Polygon", "coordinates": [ [ [ 139.612870888127674, 35.458064658801867 ], [ 139.612304776659812, 35.459816300607073 ], [ 139.61032840198277, 35.460288849 ], [ 139.608918234689725, 35.459009774531495 ], [ 139.609484395109433, 35.457258185888804 ], [ 139.611460673873523, 35.456785618552381 ], [ 139.612870888127674, 35.458064658801867 ] ] ] } },
{ "type": "Feature", "properties": { "hex_id": "892f5bd1413ffff", "population": 2035.3486589019544, "production_score": 0.72138255662773199, "attraction_score": 0.15403128760529483, "demand_score": 0.55139484548155937, "stress_score": 2.9, "infra_quality_score": 0.3666666666666667, "gap_score": 0.18472817881489267, "schools_nearby": 14, "stations_nearby": 3, "shops_nearby": 77, "bike_parking_nearby": 0, "bike_parking_capacity_nearby": 0.0, "bike_sharing_nearby": 1, "bike_sharing_capacity_nearby": 3.0, "flat_terrain": 1, "roi_car_trips_per_day": 1424.7440612313681, "roi_congestion_cost_yen_day": 498546.44190608035, "roi_operating_cost_yen_day": 69612.994831764649, "roi_emissions_kg_day": 370.43345592015572, "roi_shifted_trips_per_day": 284.94881224627363, "roi_congestion_savings_yen_day": 99709.288381216073, "roi_operating_savings_yen_day": 13922.598966352929, "roi_emissions_avoided_kg_day": 74.086691184031153, "roi_health_benefit_yen_day": 8548.4643673882092, "roi_parking_spaces_freed": 5.6989762449254728 }, "geometry": { "type": "Polygon", "coordinates": [ [ [ 139.614569087728398, 35.45280967700635 ], [ 139.614003043660745, 35.454561346997764 ], [ 139.612026776116835, 35.455033989230884 ], [ 139.610616648544436, 35.453754980409954 ], [ 139.611182741562203, 35.452003363581269 ], [ 139.613158913205382, 35.451530702411056 ], [ 139.614569087728398, 35.45280967700635 ] ] ] } },
{ "type": "Feature", "properties": { "hex_id": "892f5bd141bffff", "population": 2146.5035588386518, "production_score": 0.76077885639550413, "attraction_score": 0.33212996389891697, "demand_score": 0.5953385999235602, "stress_score": 2.2564102564102564, "infra_quality_score": 0.58119658119658113, "gap_score": 0.014142018726979066, "schools_nearby": 21, "stations_nearby": 4, "shops_nearby": 201, "bike_parking_nearby": 0, "bike_parking_capacity_nearby": 0.0, "bike_sharing_nearby": 6, "bike_sharing_capacity_nearby": 1041.0, "flat_terrain": 1, "roi_car_trips_per_day": 1502.5524911870564, "roi_congestion_cost_yen_day": 525773.16771617474, "roi_operating_cost_yen_day": 73414.714719399577, "roi_emissions_kg_day": 390.6636477086347, "roi_shifted_trips_per_day": 300.5104982374113, "roi_congestion_savings_yen_day": 105154.63354323497, "roi_operating_savings_yen_day": 14682.942943879916, "roi_emissions_avoided_kg_day": 78.132729541726945, "roi_health_benefit_yen_day": 9015.3149471223387, "roi_parking_spaces_freed": 6.0102099647482259 }, "geometry": { "type": "Polygon", "coordinates": [ [ [ 139.615413304867474, 35.455840353023191 ], [ 139.614847251580812, 35.457592035506082 ], [ 139.612870888127674, 35.458064658801867 ], [ 139.611460673873523, 35.456785618552381 ], [ 139.612026776116835, 35.455033989230884 ], [ 139.614003043660745, 35.454561346997764 ], [ 139.615413304867474, 35.455840353023191 ] ] ] } },
{ "type": "Feature", "properties": { "hex_id": "892f5bd334fffff", "population": 1212.6232718454291, "production_score": 0.42978645071162697, "attraction_score": 0.0060168471720818293, "demand_score": 0.20060807733622113, "stress_score": 1.9615384615384615, "infra_quality_score": 0.67948717948717952, "gap_score": -0.47887910215095841, "schools_nearby": 1, "stations_nearby": 0, "shops_nearby": 2, "bike_parking_nearby": 0, "bike_parking_capacity_nearby": 0.0, "bike_sharing_nearby": 0, "bike_sharing_capacity_nearby": 0.0, "flat_terrain": 0, "roi_car_trips_per_day": 848.83629029180031, "roi_congestion_cost_yen_day": 297024.79469890677, "roi_operating_cost_yen_day": 41474.141143657362, "roi_emissions_kg_day": 220.69743547586808, "roi_shifted_trips_per_day": 169.76725805836008, "roi_congestion_savings_yen_day": 59404.958939781362, "roi_operating_savings_yen_day": 8294.8282287314742, "roi_emissions_avoided_kg_day": 44.139487095173621, "roi_health_benefit_yen_day": 5093.0177417508021, "roi_parking_spaces_freed": 3.3953451611672016 }, "geometry": { "type": "Polygon", "coordinates": [ [ [ 139.608651102533003, 35.4429117503405 ], [ 139.608085037197441, 35.444663329636164 ], [ 139.606109142000946, 35.445135972744346 ], [ 139.604699408013971, 35.443857055499592 ], [ 139.605265522268553, 35.442105529373265 ], [ 139.607241321594216, 35.441632867322689 ], [ 139.608651102533003, 35.4429117503405 ] ] ] } },
{ "type": "Feature", "properties": { "hex_id": "892f5bd1443ffff", "population": 1495.2025837740237, "production_score": 0.52994019370675993, "attraction_score": 0.63537906137184119, "demand_score": 0.65091729483306593, "stress_score": 2.8611111111111112, "infra_quality_score": 0.37962962962962965, "gap_score": 0.27128766520343628, "schools_nearby": 22, "stations_nearby": 12, "shops_nearby": 426, "bike_parking_nearby": 4, "bike_parking_capacity_nearby": 25.0, "bike_sharing_nearby": 6, "bike_sharing_capacity_nearby": 67.0, "flat_terrain": 1, "roi_car_trips_per_day": 1046.6418086418166, "roi_congestion_cost_yen_day": 366240.90167994448, "roi_operating_cost_yen_day": 51138.918770239157, "roi_emissions_kg_day": 272.12687024687233, "roi_shifted_trips_per_day": 209.32836172836335, "roi_congestion_savings_yen_day": 73248.180335988902, "roi_operating_savings_yen_day": 10227.783754047832, "roi_emissions_avoided_kg_day": 54.425374049374476, "roi_health_benefit_yen_day": 6279.8508518509007, "roi_parking_spaces_freed": 4.1865672345672671 }, "geometry": { "type": "Polygon", "coordinates": [ [ [ 139.617101971577938, 35.461901836776939 ], [ 139.61653589985616, 35.463653544215383 ], [ 139.614559344559382, 35.464126129635908 ], [ 139.613148956913534, 35.462847026556027 ], [ 139.613715077605093, 35.461095372276183 ], [ 139.615691536975874, 35.460622767917947 ], [ 139.617101971577938, 35.461901836776939 ] ] ] } },
{ "type": "Feature", "properties": { "hex_id": "892f5bd144bffff", "population": 1482.6832222825301, "production_score": 0.52550299374075871, "attraction_score": 0.59446450060168476, "demand_score": 0.61940797785856483, "stress_score": 2.5483870967741935, "infra_quality_score": 0.4838709677419355, "gap_score": 0.13553701011662933, "schools_nearby": 20, "stations_nearby": 12, "shops_nearby": 398, "bike_parking_nearby": 8, "bike_parking_capacity_nearby": 96.0, "bike_sharing_nearby": 7, "bike_sharing_capacity_nearby": 94.0, "flat_terrain": 1, "roi_car_trips_per_day": 1037.8782555977712, "roi_congestion_cost_yen_day": 363174.35919877212, "roi_operating_cost_yen_day": 50710.731568507101, "roi_emissions_kg_day": 269.84834645542048, "roi_shifted_trips_per_day": 207.57565111955424, "roi_congestion_savings_yen_day": 72634.871839754429, "roi_operating_savings_yen_day": 10142.14631370142, "roi_emissions_avoided_kg_day": 53.969669291084102, "roi_health_benefit_yen_day": 6227.2695335866274, "roi_parking_spaces_freed": 4.151513022391085 }, "geometry": { "type": "Polygon", "coordinates": [ [ [ 139.617946421170018, 35.464932644477827 ], [ 139.617380340232074, 35.46668436438042 ], [ 139.6154036890008, 35.467156930862991 ], [ 139.613993214645092, 35.465877796381228 ], [ 139.614559344559382, 35.464126129635908 ], [ 139.61653589985616, 35.463653544215383 ], [ 139.617946421170018, 35.464932644477827 ] ] ] } },
{ "type": "Feature", "properties": { "hex_id": "892f5bd1453ffff", "population": 1495.2653789350516, "production_score": 0.52996245000845454, "attraction_score": 0.64500601684717207, "demand_score": 0.62942078158128756, "stress_score": 2.3636363636363638, "infra_quality_score": 0.54545454545454541, "gap_score": 0.083966236126742144, "schools_nearby": 23, "stations_nearby": 12, "shops_nearby": 431, "bike_parking_nearby": 3, "bike_parking_capacity_nearby": 12.0, "bike_sharing_nearby": 5, "bike_sharing_capacity_nearby": 54.0, "flat_terrain": 1, "roi_car_trips_per_day": 1046.6857652545361, "roi_congestion_cost_yen_day": 366256.28297786729, "roi_operating_cost_yen_day": 51141.066490336634, "roi_emissions_kg_day": 272.13829896617938, "roi_shifted_trips_per_day": 209.33715305090723, "roi_congestion_savings_yen_day": 73251.256595573461, "roi_operating_savings_yen_day": 10228.213298067327, "roi_emissions_avoided_kg_day": 54.427659793235883, "roi_health_benefit_yen_day": 6280.1145915272173, "roi_parking_spaces_freed": 4.1867430610181451 }, "geometry": { "type": "Polygon", "coordinates": [ [ [ 139.619644529165413, 35.459677428322408 ], [ 139.619078515635437, 35.461429176445094 ], [ 139.617101971577938, 35.461901836776939 ], [ 139.615691536975874, 35.460622767917947 ], [ 139.61625759948052, 35.458871072952711 ], [ 139.618234047615772, 35.458398393689315 ], [ 139.619644529165413, 35.459677428322408 ] ] ] } },
{ "type": "Feature", "properties": { "hex_id": "892f5bd145bffff", "population": 1495.3022021673053, "production_score": 0.52997550115687098, "attraction_score": 0.6257521058965102, "demand_score": 0.63262966246868335, "stress_score": 2.5625, "infra_quality_score": 0.47916666666666663, "gap_score": 0.15346299580201672, "schools_nearby": 19, "stations_nearby": 12, "shops_nearby": 427, "bike_parking_nearby": 7, "bike_parking_capacity_nearby": 75.0, "bike_sharing_nearby": 6, "bike_sharing_capacity_nearby": 50.0, "flat_terrain": 1, "roi_car_trips_per_day": 1046.7115415171136, "roi_congestion_cost_yen_day": 366265.30260766839, "roi_operating_cost_yen_day": 51142.32591852617, "roi_emissions_kg_day": 272.14500079444952, "roi_shifted_trips_per_day": 209.34230830342273, "roi_congestion_savings_yen_day": 73253.060521533684, "roi_operating_savings_yen_day": 10228.465183705235, "roi_emissions_avoided_kg_day": 54.429000158889913, "roi_health_benefit_yen_day": 6280.2692491026819, "roi_parking_spaces_freed": 4.1868461660684542 }, "geometry": { "type": "Polygon", "coordinates": [ [ [ 139.62048908389869, 35.462708242483217 ], [ 139.619923061158175, 35.464460003077775 ], [ 139.617946421170018, 35.464932644477827 ], [ 139.61653589985616, 35.463653544215383 ], [ 139.617101971577938, 35.461901836776939 ], [ 139.619078515635437, 35.461429176445094 ], [ 139.62048908389869, 35.462708242483217 ] ] ] } },
{ "type": "Feature", "properties": { "hex_id": "892f5bd1463ffff", "population": 1549.6312403625107, "production_score": 0.54923118017823658, "attraction_score": 0.12755716004813478, "demand_score": 0.27437591907922998, "stress_score": 1.75, "infra_quality_score": 0.75, "gap_score": -0.47562408092077002, "schools_nearby": 9, "stations_nearby": 0, "shops_nearby": 79, "bike_parking_nearby": 0, "bike_parking_capacity_nearby": 0.0, "bike_sharing_nearby": 0, "bike_sharing_capacity_nearby": 0.0, "flat_terrain": 0, "roi_car_trips_per_day": 1084.7418682537573, "roi_congestion_cost_yen_day": 379572.87453935476, "roi_operating_cost_yen_day": 53000.487682878578, "roi_emissions_kg_day": 282.0328857459769, "roi_shifted_trips_per_day": 216.94837365075148, "roi_congestion_savings_yen_day": 75914.574907870963, "roi_operating_savings_yen_day": 10600.097536575717, "roi_emissions_avoided_kg_day": 56.406577149195385, "roi_health_benefit_yen_day": 6508.4512095225446, "roi_parking_spaces_freed": 4.3389674730150301 }, "geometry": { "type": "Polygon", "coordinates": [ [ [ 139.607785846439839, 35.462512923604912 ], [ 139.607219618607161, 35.464264484028163 ], [ 139.6052432215061, 35.464736882603802 ], [ 139.603833148161328, 35.463457739712275 ], [ 139.604399424935991, 35.461706232453814 ], [ 139.606375726116624, 35.461233814922373 ], [ 139.607785846439839, 35.462512923604912 ] ] ] } },
{ "type": "Feature", "properties": { "hex_id": "892f5bd146bffff", "population": 1393.9822645513423, "production_score": 0.4940649777607482, "attraction_score": 0.15403128760529483, "demand_score": 0.27792064939985417, "stress_score": 2.0217391304347827, "infra_quality_score": 0.65942028985507251, "gap_score": -0.38149964045521834, "schools_nearby": 9, "stations_nearby": 0, "shops_nearby": 101, "bike_parking_nearby": 0, "bike_parking_capacity_nearby": 0.0, "bike_sharing_nearby": 0, "bike_sharing_capacity_nearby": 0.0, "flat_terrain": 0, "roi_car_trips_per_day": 975.78758518593952, "roi_congestion_cost_yen_day": 341447.59180826397, "roi_operating_cost_yen_day": 47676.981412185007, "roi_emissions_kg_day": 253.70477214834429, "roi_shifted_trips_per_day": 195.15751703718792, "roi_congestion_savings_yen_day": 68289.518361652794, "roi_operating_savings_yen_day": 9535.396282437001, "roi_emissions_avoided_kg_day": 50.740954429668861, "roi_health_benefit_yen_day": 5854.7255111156373, "roi_parking_spaces_freed": 3.9031503407437582 }, "geometry": { "type": "Polygon", "coordinates": [ [ [ 139.608629825617783, 35.4655436241272 ], [ 139.608063588550209, 35.467295197009598 ], [ 139.606087095520252, 35.467767576629242 ], [ 139.60467693548992, 35.466488402322774 ], [ 139.6052432215061, 35.464736882603802 ], [ 139.607219618607161, 35.464264484028163 ], [ 139.608629825617783, 35.4655436241272 ] ] ] } },
{ "type": "Feature", "properties": { "hex_id": "892f5bd1473ffff", "population": 1549.6963417909458, "production_score": 0.54925425388341198, "attraction_score": 0.27797833935018051, "demand_score": 0.50560283620318591, "stress_score": 2.3214285714285716, "infra_quality_score": 0.55952380952380953, "gap_score": -0.053920973320623622, "schools_nearby": 11, "stations_nearby": 2, "shops_nearby": 192, "bike_parking_nearby": 0, "bike_parking_capacity_nearby": 0.0, "bike_sharing_nearby": 5, "bike_sharing_capacity_nearby": 41.0, "flat_terrain": 1, "roi_car_trips_per_day": 1084.7874392536619, "roi_congestion_cost_yen_day": 379588.82074364141, "roi_operating_cost_yen_day": 53002.714281933921, "roi_emissions_kg_day": 282.04473420595212, "roi_shifted_trips_per_day": 216.95748785073238, "roi_congestion_savings_yen_day": 75917.764148728282, "roi_operating_savings_yen_day": 10600.542856386784, "roi_emissions_avoided_kg_day": 56.408946841190421, "roi_health_benefit_yen_day": 6508.7246355219713, "roi_parking_spaces_freed": 4.3391497570146473 }, "geometry": { "type": "Polygon", "coordinates": [ [ [ 139.61032840198277, 35.460288849 ], [ 139.609762232332855, 35.462040450118685 ], [ 139.607785846439839, 35.462512923604912 ], [ 139.606375726116624, 35.461233814922373 ], [ 139.606941944713469, 35.459482266967356 ], [ 139.608918234689725, 35.459009774531495 ], [ 139.61032840198277, 35.460288849 ] ] ] } },
{ "type": "Feature", "properties": { "hex_id": "892f5bd147bffff", "population": 1549.7345080339708, "production_score": 0.54926778103113172, "attraction_score": 0.35619735258724428, "demand_score": 0.37272675025480367, "stress_score": 2.1162790697674421, "infra_quality_score": 0.62790697674418605, "gap_score": -0.25518022648938238, "schools_nearby": 12, "stations_nearby": 2, "shops_nearby": 254, "bike_parking_nearby": 0, "bike_parking_capacity_nearby": 0.0, "bike_sharing_nearby": 2, "bike_sharing_capacity_nearby": 8.0, "flat_terrain": 0, "roi_car_trips_per_day": 1084.8141556237797, "roi_congestion_cost_yen_day": 379598.16933587298, "roi_operating_cost_yen_day": 53004.019643777872, "roi_emissions_kg_day": 282.05168046218273, "roi_shifted_trips_per_day": 216.96283112475595, "roi_congestion_savings_yen_day": 75919.633867174605, "roi_operating_savings_yen_day": 10600.803928755575, "roi_emissions_avoided_kg_day": 56.410336092436552, "roi_health_benefit_yen_day": 6508.8849337426782, "roi_parking_spaces_freed": 4.3392566224951192 }, "geometry": { "type": "Polygon", "coordinates": [ [ [ 139.611172486315155, 35.463319556005274 ], [ 139.610606307435944, 35.465071169590829 ], [ 139.608629825617783, 35.4655436241272 ], [ 139.607219618607161, 35.464264484028163 ], [ 139.607785846439839, 35.462512923604912 ], [ 139.609762232332855, 35.462040450118685 ], [ 139.611172486315155, 35.463319556005274 ] ] ] } },
{ "type": "Feature", "properties": { "hex_id": "892f5bd1483ffff", "population": 1480.9588900889787, "production_score": 0.52489184382262588, "attraction_score": 0.074608904933814682, "demand_score": 0.2598252620647542, "stress_score": 2.0, "infra_quality_score": 0.66666666666666674, "gap_score": -0.40684140460191254, "schools_nearby": 12, "stations_nearby": 1, "shops_nearby": 23, "bike_parking_nearby": 14, "bike_parking_capacity_nearby": 56.0, "bike_sharing_nearby": 3, "bike_sharing_capacity_nearby": 10.0, "flat_terrain": 0, "roi_car_trips_per_day": 1036.671223062285, "roi_congestion_cost_yen_day": 362751.99437395477, "roi_operating_cost_yen_day": 50651.755958823247, "roi_emissions_kg_day": 269.5345179961941, "roi_shifted_trips_per_day": 207.33424461245701, "roi_congestion_savings_yen_day": 72550.398874790961, "roi_operating_savings_yen_day": 10130.35119176465, "roi_emissions_avoided_kg_day": 53.906903599238824, "roi_health_benefit_yen_day": 6220.0273383737103, "roi_parking_spaces_freed": 4.1466848922491399 }, "geometry": { "type": "Polygon", "coordinates": [ [ [ 139.61626708515044, 35.447554610719145 ], [ 139.615701108472024, 35.449306308863321 ], [ 139.613724948053147, 35.449779044920177 ], [ 139.612314860204407, 35.448500101763898 ], [ 139.612880885831288, 35.4467484567827 ], [ 139.614856950361599, 35.446275701795066 ], [ 139.61626708515044, 35.447554610719145 ] ] ] } },
{ "type": "Feature", "properties": { "hex_id": "892f5bd148bffff", "population": 2132.7362658217307, "production_score": 0.75589935577974843, "attraction_score": 0.13116726835138387, "demand_score": 0.35956422753680539, "stress_score": 1.9818181818181819, "infra_quality_score": 0.67272727272727262, "gap_score": -0.31316304519046723, "schools_nearby": 15, "stations_nearby": 3, "shops_nearby": 55, "bike_parking_nearby": 12, "bike_parking_capacity_nearby": 48.0, "bike_sharing_nearby": 4, "bike_sharing_capacity_nearby": 12.0, "flat_terrain": 0, "roi_car_trips_per_day": 1492.9153860752117, "roi_congestion_cost_yen_day": 522400.95189543808, "roi_operating_cost_yen_day": 72943.845763634847, "roi_emissions_kg_day": 388.15800037955506, "roi_shifted_trips_per_day": 298.58307721504235, "roi_congestion_savings_yen_day": 104480.19037908762, "roi_operating_savings_yen_day": 14588.769152726969, "roi_emissions_avoided_kg_day": 77.63160007591101, "roi_health_benefit_yen_day": 8957.4923164512711, "roi_parking_spaces_freed": 5.9716615443008472 }, "geometry": { "type": "Polygon", "coordinates": [ [ [ 139.617111329937075, 35.450585249227956 ], [ 139.61654534404434, 35.452336959880412 ], [ 139.614569087728398, 35.45280967700635 ], [ 139.613158913205382, 35.451530702411056 ], [ 139.613724948053147, 35.449779044920177 ], [ 139.615701108472024, 35.449306308863321 ], [ 139.617111329937075, 35.450585249227956 ] ] ] } },
{ "type": "Feature", "properties": { "hex_id": "892f5bd1493ffff", "population": 1482.9541731068839, "production_score": 0.52559902603357389, "attraction_score": 0.062575210589651029, "demand_score": 0.25586098281812869, "stress_score": 2.0, "infra_quality_score": 0.66666666666666674, "gap_score": -0.41080568384853805, "schools_nearby": 13, "stations_nearby": 0, "shops_nearby": 13, "bike_parking_nearby": 1, "bike_parking_capacity_nearby": 4.0, "bike_sharing_nearby": 1, "bike_sharing_capacity_nearby": 8.0, "flat_terrain": 0, "roi_car_trips_per_day": 1038.0679211748186, "roi_congestion_cost_yen_day": 363240.72697749257, "roi_operating_cost_yen_day": 50719.998628601636, "roi_emissions_kg_day": 269.89765950545285, "roi_shifted_trips_per_day": 207.61358423496372, "roi_congestion_savings_yen_day": 72648.145395498505, "roi_operating_savings_yen_day": 10143.999725720327, "roi_emissions_avoided_kg_day": 53.979531901090567, "roi_health_benefit_yen_day": 6228.407527048912, "roi_parking_spaces_freed": 4.1522716846992749 }, "geometry": { "type": "Polygon", "coordinates": [ [ [ 139.618809152847035, 35.445330060990877 ], [ 139.618243234337172, 35.447081799779461 ], [ 139.61626708515044, 35.447554610719145 ], [ 139.614856950361599, 35.446275701795066 ], [ 139.615422917824787, 35.444524016168273 ], [ 139.617398971126647, 35.444051186304058 ], [ 139.618809152847035, 35.445330060990877 ] ] ] } },
{ "type": "Feature", "properties": { "hex_id": "892f5bd149bffff", "population": 1551.0169939708874, "production_score": 0.5497223286979237, "attraction_score": 0.1095066185318893, "demand_score": 0.27986806256491731, "stress_score": 1.9827586206896552, "infra_quality_score": 0.67241379310344818, "gap_score": -0.39254573053853087, "schools_nearby": 16, "stations_nearby": 2, "shops_nearby": 37, "bike_parking_nearby": 14, "bike_parking_capacity_nearby": 56.0, "bike_sharing_nearby": 1, "bike_sharing_capacity_nearby": 5.0, "flat_terrain": 0, "roi_car_trips_per_day": 1085.7118957796213, "roi_congestion_cost_yen_day": 379912.30657120509, "roi_operating_cost_yen_day": 53047.883227792292, "roi_emissions_kg_day": 282.28509290270154, "roi_shifted_trips_per_day": 217.14237915592426, "roi_congestion_savings_yen_day": 75982.461314241024, "roi_operating_savings_yen_day": 10609.57664555846, "roi_emissions_avoided_kg_day": 56.457018580540307, "roi_health_benefit_yen_day": 6514.2713746777281, "roi_parking_spaces_freed": 4.342847583118485 }, "geometry": { "type": "Polygon", "coordinates": [ [ [ 139.619653502735559, 35.448360705908449 ], [ 139.619087575017062, 35.450112457213066 ], [ 139.617111329937075, 35.450585249227956 ], [ 139.615701108472024, 35.449306308863321 ], [ 139.61626708515044, 35.447554610719145 ], [ 139.618243234337172, 35.447081799779461 ], [ 139.619653502735559, 35.448360705908449 ] ] ] } },
{ "type": "Feature", "properties": { "hex_id": "892f5bd14a3ffff", "population": 1238.1990833861528, "production_score": 0.43885120933977761, "attraction_score": 0.043321299638989168, "demand_score": 0.21876037814256835, "stress_score": 2.0, "infra_quality_score": 0.66666666666666674, "gap_score": -0.44790628852409842, "schools_nearby": 2, "stations_nearby": 1, "shops_nearby": 27, "bike_parking_nearby": 0, "bike_parking_capacity_nearby": 0.0, "bike_sharing_nearby": 2, "bike_sharing_capacity_nearby": 15.0, "flat_terrain": 0, "roi_car_trips_per_day": 866.73935837030695, "roi_congestion_cost_yen_day": 303289.43628093781, "roi_operating_cost_yen_day": 42348.8850499732, "roi_emissions_kg_day": 225.35223317627981, "roi_shifted_trips_per_day": 173.34787167406139, "roi_congestion_savings_yen_day": 60657.887256187569, "roi_operating_savings_yen_day": 8469.7770099946392, "roi_emissions_avoided_kg_day": 45.070446635255962, "roi_health_benefit_yen_day": 5200.4361502218417, "roi_parking_spaces_freed": 3.4669574334812281 }, "geometry": { "type": "Polygon", "coordinates": [ [ [ 139.606952839140916, 35.448166460099415 ], [ 139.60638670641751, 35.449918011259584 ], [ 139.604410704140776, 35.450390560543077 ], [ 139.603000930473627, 35.449111577615454 ], [ 139.603567112117759, 35.447360079624389 ], [ 139.605543018511469, 35.446887511392141 ], [ 139.606952839140916, 35.448166460099415 ] ] ] } },
{ "type": "Feature", "properties": { "hex_id": "892f5bd14abffff", "population": 1820.4881198693217, "production_score": 0.64523017640144098, "attraction_score": 0.074608904933814682, "demand_score": 0.46716106977168731, "stress_score": 2.3043478260869565, "infra_quality_score": 0.56521739130434789, "gap_score": -0.098056321532660584, "schools_nearby": 5, "stations_nearby": 1, "shops_nearby": 44, "bike_parking_nearby": 0, "bike_parking_capacity_nearby": 0.0, "bike_sharing_nearby": 0, "bike_sharing_capacity_nearby": 0.0, "flat_terrain": 1, "roi_car_trips_per_day": 1274.3416839085251, "roi_congestion_cost_yen_day": 445917.64203327108, "roi_operating_cost_yen_day": 62264.334675770537, "roi_emissions_kg_day": 331.32883781621655, "roi_shifted_trips_per_day": 254.86833678170501, "roi_congestion_savings_yen_day": 89183.528406654223, "roi_operating_savings_yen_day": 12452.866935154107, "roi_emissions_avoided_kg_day": 66.265767563243301, "roi_health_benefit_yen_day": 7646.0501034511508, "roi_parking_spaces_freed": 5.0973667356341004 }, "geometry": { "type": "Polygon", "coordinates": [ [ [ 139.607796613698838, 35.451196991420517 ], [ 139.607230471742355, 35.452948555083964 ], [ 139.605254373574184, 35.453421085418441 ], [ 139.603844513257087, 35.452142071038779 ], [ 139.604410704140776, 35.450390560543077 ], [ 139.60638670641751, 35.449918011259584 ], [ 139.607796613698838, 35.451196991420517 ] ] ] } },
{ "type": "Feature", "properties": { "hex_id": "892f5bd14b3ffff", "population": 1212.653483631296, "production_score": 0.42979715858481304, "attraction_score": 0.026474127557160047, "demand_score": 0.20969495014969056, "stress_score": 2.0, "infra_quality_score": 0.66666666666666674, "gap_score": -0.45697171651697621, "schools_nearby": 3, "stations_nearby": 1, "shops_nearby": 10, "bike_parking_nearby": 0, "bike_parking_capacity_nearby": 0.0, "bike_sharing_nearby": 2, "bike_sharing_capacity_nearby": 15.0, "flat_terrain": 0, "roi_car_trips_per_day": 848.85743854190719, "roi_congestion_cost_yen_day": 297032.19489458419, "roi_operating_cost_yen_day": 41475.174447157588, "roi_emissions_kg_day": 220.70293402089587, "roi_shifted_trips_per_day": 169.77148770838144, "roi_congestion_savings_yen_day": 59406.438978916834, "roi_operating_savings_yen_day": 8295.0348894315175, "roi_emissions_avoided_kg_day": 44.140586804179179, "roi_health_benefit_yen_day": 5093.1446312514436, "roi_parking_spaces_freed": 3.3954297541676288 }, "geometry": { "type": "Polygon", "coordinates": [ [ [ 139.609494904780576, 35.445942244118086 ], [ 139.608928830216712, 35.447693835933862 ], [ 139.606952839140916, 35.448166460099415 ], [ 139.605543018511469, 35.446887511392141 ], [ 139.606109142000946, 35.445135972744346 ], [ 139.608085037197441, 35.444663329636164 ], [ 139.609494904780576, 35.445942244118086 ] ] ] } },
{ "type": "Feature", "properties": { "hex_id": "892f5bd14bbffff", "population": 1388.9129334999352, "production_score": 0.4922682698707942, "attraction_score": 0.069795427196149215, "demand_score": 0.24597602531671378, "stress_score": 1.9850746268656716, "infra_quality_score": 0.67164179104477606, "gap_score": -0.42566576572806225, "schools_nearby": 7, "stations_nearby": 1, "shops_nearby": 34, "bike_parking_nearby": 0, "bike_parking_capacity_nearby": 0.0, "bike_sharing_nearby": 0, "bike_sharing_capacity_nearby": 0.0, "flat_terrain": 0, "roi_car_trips_per_day": 972.23905344995455, "roi_congestion_cost_yen_day": 340205.88958320813, "roi_operating_cost_yen_day": 47503.60015156478, "roi_emissions_kg_day": 252.78215389698821, "roi_shifted_trips_per_day": 194.44781068999092, "roi_congestion_savings_yen_day": 68041.177916641624, "roi_operating_savings_yen_day": 9500.7200303129557, "roi_emissions_avoided_kg_day": 50.556430779397637, "roi_health_benefit_yen_day": 5833.4343206997273, "roi_parking_spaces_freed": 3.8889562137998186 }, "geometry": { "type": "Polygon", "coordinates": [ [ [ 139.610338784453575, 35.448972781871007 ], [ 139.60977270066229, 35.450724386197777 ], [ 139.607796613698838, 35.451196991420517 ], [ 139.60638670641751, 35.449918011259584 ], [ 139.606952839140916, 35.448166460099415 ], [ 139.608928830216712, 35.447693835933862 ], [ 139.610338784453575, 35.448972781871007 ] ] ] } },
{ "type": "Feature", "properties": { "hex_id": "892f5bd14c3ffff", "population": 2223.9517187279735, "production_score": 0.78822857678749503, "attraction_score": 0.29602888086642598, "demand_score": 0.43693691868951062, "stress_score": 2.1489361702127661, "infra_quality_score": 0.61702127659574457, "gap_score": -0.18008435790623395, "schools_nearby": 24, "stations_nearby": 5, "shops_nearby": 159, "bike_parking_nearby": 0, "bike_parking_capacity_nearby": 0.0, "bike_sharing_nearby": 5, "bike_sharing_capacity_nearby": 55.0, "flat_terrain": 0, "roi_car_trips_per_day": 1556.7662031095817, "roi_congestion_cost_yen_day": 544743.62979210482, "roi_operating_cost_yen_day": 76063.596683934156, "roi_emissions_kg_day": 404.75921280849127, "roi_shifted_trips_per_day": 311.35324062191637, "roi_congestion_savings_yen_day": 108948.72595842098, "roi_operating_savings_yen_day": 15212.719336786833, "roi_emissions_avoided_kg_day": 80.951842561698257, "roi_health_benefit_yen_day": 9340.5972186574909, "roi_parking_spaces_freed": 6.2270648124383277 }, "geometry": { "type": "Polygon", "coordinates": [ [ [ 139.621342434959047, 35.454422127573572 ], [ 139.62077648882601, 35.456173903882899 ], [ 139.618800051934244, 35.456646658047582 ], [ 139.617389657088808, 35.455367654828429 ], [ 139.617955652194865, 35.453615931676779 ], [ 139.61993199317655, 35.45314315858689 ], [ 139.621342434959047, 35.454422127573572 ] ] ] } },
{ "type": "Feature", "properties": { "hex_id": "892f5bd14cbffff", "population": 1971.8350781089277, "production_score": 0.69887162755783316, "attraction_score": 0.55234657039711188, "demand_score": 0.67090509268848597, "stress_score": 2.6595744680851063, "infra_quality_score": 0.44680851063829785, "gap_score": 0.22409658205018812, "schools_nearby": 22, "stations_nearby": 12, "shops_nearby": 357, "bike_parking_nearby": 1, "bike_parking_capacity_nearby": 4.0, "bike_sharing_nearby": 6, "bike_sharing_capacity_nearby": 2033.0, "flat_terrain": 1, "roi_car_trips_per_day": 1380.2845546762494, "roi_congestion_cost_yen_day": 482989.17137231323, "roi_operating_cost_yen_day": 67440.703341481538, "roi_emissions_kg_day": 358.87398421582486, "roi_shifted_trips_per_day": 276.0569109352499, "roi_congestion_savings_yen_day": 96597.834274462657, "roi_operating_savings_yen_day": 13488.14066829631, "roi_emissions_avoided_kg_day": 71.774796843164978, "roi_health_benefit_yen_day": 8281.7073280574969, "roi_parking_spaces_freed": 5.5211382187049978 }, "geometry": { "type": "Polygon", "coordinates": [ [ [ 139.622187017314587, 35.457452904285077 ], [ 139.621621061975645, 35.45920469308313 ], [ 139.619644529165413, 35.459677428322408 ], [ 139.618234047615772, 35.458398393689315 ], [ 139.618800051934244, 35.456646658047582 ], [ 139.62077648882601, 35.456173903882899 ], [ 139.622187017314587, 35.457452904285077 ] ] ] } },
{ "type": "Feature", "properties": { "hex_id": "892f5bd14d3ffff", "population": 2224.0450732128652, "production_score": 0.78826166413923171, "attraction_score": 0.17569193742478942, "demand_score": 0.3936337605474074, "stress_score": 2.125, "infra_quality_score": 0.625, "gap_score": -0.2313662394525926, "schools_nearby": 19, "stations_nearby": 3, "shops_nearby": 80, "bike_parking_nearby": 0, "bike_parking_capacity_nearby": 0.0, "bike_sharing_nearby": 2, "bike_sharing_capacity_nearby": 22.0, "flat_terrain": 0, "roi_car_trips_per_day": 1556.8315512490055, "roi_congestion_cost_yen_day": 544766.49641305208, "roi_operating_cost_yen_day": 76066.789594026413, "roi_emissions_kg_day": 404.77620332474146, "roi_shifted_trips_per_day": 311.36631024980113, "roi_congestion_savings_yen_day": 108953.29928261042, "roi_operating_savings_yen_day": 15213.357918805283, "roi_emissions_avoided_kg_day": 80.955240664948292, "roi_health_benefit_yen_day": 9340.9893074940337, "roi_parking_spaces_freed": 6.2273262049960225 }, "geometry": { "type": "Polygon", "coordinates": [ [ [ 139.623884748547823, 35.452197481543386 ], [ 139.623318860599454, 35.453949298511482 ], [ 139.621342434959047, 35.454422127573572 ], [ 139.61993199317655, 35.45314315858689 ], [ 139.6204979301028, 35.451391394775371 ], [ 139.622474259836849, 35.450918546794234 ], [ 139.623884748547823, 35.452197481543386 ] ] ] } },
{ "type": "Feature", "properties": { "hex_id": "892f5bd14dbffff", "population": 2224.0998861112439, "production_score": 0.78828109131137525, "attraction_score": 0.41034897713598073, "demand_score": 0.47597213685980039, "stress_score": 2.129032258064516, "infra_quality_score": 0.62365591397849474, "gap_score": -0.14768377711869435, "schools_nearby": 22, "stations_nearby": 7, "shops_nearby": 254, "bike_parking_nearby": 0, "bike_parking_capacity_nearby": 0.0, "bike_sharing_nearby": 4, "bike_sharing_capacity_nearby": 38.0, "flat_terrain": 0, "roi_car_trips_per_day": 1556.8699202778707, "roi_congestion_cost_yen_day": 544779.92250363261, "roi_operating_cost_yen_day": 76068.664304776757, "roi_emissions_kg_day": 404.78617927224639, "roi_shifted_trips_per_day": 311.37398405557417, "roi_congestion_savings_yen_day": 108955.98450072652, "roi_operating_savings_yen_day": 15213.732860955353, "roi_emissions_avoided_kg_day": 80.95723585444928, "roi_health_benefit_yen_day": 9341.2195216672244, "roi_parking_spaces_freed": 6.2274796811114834 }, "geometry": { "type": "Polygon", "coordinates": [ [ [ 139.624729436018356, 35.455228264677714 ], [ 139.624163538869766, 35.456980094142239 ], [ 139.622187017314587, 35.457452904285077 ], [ 139.62077648882601, 35.456173903882899 ], [ 139.621342434959047, 35.454422127573572 ], [ 139.623318860599454, 35.453949298511482 ], [ 139.624729436018356, 35.455228264677714 ] ] ] } },
{ "type": "Feature", "properties": { "hex_id": "892f5bd3233ffff", "population": 2507.6398743142727, "production_score": 0.8887753239341265, "attraction_score": 0.34777376654632974, "demand_score": 0.6452921816681596, "stress_score": 2.25, "infra_quality_score": 0.58333333333333326, "gap_score": 0.061958848334826344, "schools_nearby": 15, "stations_nearby": 3, "shops_nearby": 235, "bike_parking_nearby": 1, "bike_parking_capacity_nearby": 4.0, "bike_sharing_nearby": 0, "bike_sharing_capacity_nearby": 0.0, "flat_terrain": 1, "roi_car_trips_per_day": 1755.3479120199909, "roi_congestion_cost_yen_day": 614231.34137403523, "roi_operating_cost_yen_day": 85766.298981296757, "roi_emissions_kg_day": 456.39045712519766, "roi_shifted_trips_per_day": 351.0695824039982, "roi_congestion_savings_yen_day": 122846.26827480705, "roi_operating_savings_yen_day": 17153.25979625935, "roi_emissions_avoided_kg_day": 91.278091425039534, "roi_health_benefit_yen_day": 10532.087472119945, "roi_parking_spaces_freed": 7.0213916480799643 }, "geometry": { "type": "Polygon", "coordinates": [ [ [ 139.623048597428436, 35.437850001296297 ], [ 139.622482804451863, 35.439601808806451 ], [ 139.620506773630552, 35.440074788412346 ], [ 139.61909663165784, 35.438795979420391 ], [ 139.619662473590921, 35.437044225071112 ], [ 139.62163840854339, 35.436571226553205 ], [ 139.623048597428436, 35.437850001296297 ] ] ] } },
{ "type": "Feature", "properties": { "hex_id": "892f5bd0603ffff", "population": 1227.989630541402, "production_score": 0.43523270340827303, "attraction_score": 0.060168471720818288, "demand_score": 0.23005707796184863, "stress_score": 2.1333333333333333, "infra_quality_score": 0.62222222222222223, "gap_score": -0.39216514426037363, "schools_nearby": 10, "stations_nearby": 0, "shops_nearby": 20, "bike_parking_nearby": 0, "bike_parking_capacity_nearby": 0.0, "bike_sharing_nearby": 2, "bike_sharing_capacity_nearby": 10.0, "flat_terrain": 0, "roi_car_trips_per_day": 859.59274137898137, "roi_congestion_cost_yen_day": 300788.69206333318, "roi_operating_cost_yen_day": 41999.701343777029, "roi_emissions_kg_day": 223.49411275853515, "roi_shifted_trips_per_day": 171.9185482757963, "roi_congestion_savings_yen_day": 60157.738412666644, "roi_operating_savings_yen_day": 8399.9402687554066, "roi_emissions_avoided_kg_day": 44.698822551707039, "roi_health_benefit_yen_day": 5157.5564482738891, "roi_parking_spaces_freed": 3.4383709655159258 }, "geometry": { "type": "Polygon", "coordinates": [ [ [ 139.582429512960204, 35.428176814452627 ], [ 139.581863133259731, 35.429927983866776 ], [ 139.579888118440579, 35.430400292607672 ], [ 139.578479579137934, 35.429121450918053 ], [ 139.579046007657752, 35.427370334694842 ], [ 139.581020926664053, 35.42689800697061 ], [ 139.582429512960204, 35.428176814452627 ] ] ] } },
{ "type": "Feature", "properties": { "hex_id": "892f5bd3377ffff", "population": 1314.6999503925067, "production_score": 0.46596518353968402, "attraction_score": 0.1022864019253911, "demand_score": 0.25624099608924689, "stress_score": 2.1470588235294117, "infra_quality_score": 0.61764705882352944, "gap_score": -0.36140606273428255, "schools_nearby": 4, "stations_nearby": 1, "shops_nearby": 70, "bike_parking_nearby": 0, "bike_parking_capacity_nearby": 0.0, "bike_sharing_nearby": 2, "bike_sharing_capacity_nearby": 12.0, "flat_terrain": 0, "roi_car_trips_per_day": 920.28996527475476, "roi_congestion_cost_yen_day": 322027.8646489422, "roi_operating_cost_yen_day": 44965.367703324519, "roi_emissions_kg_day": 239.27539097143625, "roi_shifted_trips_per_day": 184.05799305495097, "roi_congestion_savings_yen_day": 64405.572929788446, "roi_operating_savings_yen_day": 8993.0735406649037, "roi_emissions_avoided_kg_day": 47.855078194287252, "roi_health_benefit_yen_day": 5521.7397916485288, "roi_parking_spaces_freed": 3.6811598610990193 }, "geometry": { "type": "Polygon", "coordinates": [ [ [ 139.601036800408252, 35.438268900788472 ], [ 139.600470646488503, 35.440020361210998 ], [ 139.598495016515244, 35.440492911427 ], [ 139.597085636317985, 35.439214020174859 ], [ 139.597651839127394, 35.437462612928037 ], [ 139.599627373247557, 35.436990043757959 ], [ 139.601036800408252, 35.438268900788472 ] ] ] } },
{ "type": "Feature", "properties": { "hex_id": "892f5bd3283ffff", "population": 1277.6323490146731, "production_score": 0.45282742410321225, "attraction_score": 0.10709987966305656, "demand_score": 0.24151027060390837, "stress_score": 1.9107142857142858, "infra_quality_score": 0.6964285714285714, "gap_score": -0.454918300824663, "schools_nearby": 9, "stations_nearby": 0, "shops_nearby": 62, "bike_parking_nearby": 0, "bike_parking_capacity_nearby": 0.0, "bike_sharing_nearby": 0, "bike_sharing_capacity_nearby": 0.0, "flat_terrain": 0, "roi_car_trips_per_day": 894.34264431027123, "roi_congestion_cost_yen_day": 312948.37809705012, "roi_operating_cost_yen_day": 43697.581600999853, "roi_emissions_kg_day": 232.52908752067052, "roi_shifted_trips_per_day": 178.86852886205426, "roi_congestion_savings_yen_day": 62589.675619410031, "roi_operating_savings_yen_day": 8739.5163201999712, "roi_emissions_avoided_kg_day": 46.505817504134107, "roi_health_benefit_yen_day": 5366.0558658616283, "roi_parking_spaces_freed": 3.5773705772410853 }, "geometry": { "type": "Polygon", "coordinates": [ [ [ 139.634060101209712, 35.43198033726479 ], [ 139.633494531695732, 35.433732319733217 ], [ 139.631518450068029, 35.434205579888228 ], [ 139.63010803381971, 35.432926876462709 ], [ 139.630673652316318, 35.431174947149202 ], [ 139.632649638081745, 35.430701668106572 ], [ 139.634060101209712, 35.43198033726479 ] ] ] } },
{ "type": "Feature", "properties": { "hex_id": "892f5bd3167ffff", "population": 1322.30925018945, "production_score": 0.46866212497900833, "attraction_score": 0.1588447653429603, "demand_score": 0.26962741161268899, "stress_score": 2.0, "infra_quality_score": 0.66666666666666674, "gap_score": -0.39703925505397775, "schools_nearby": 8, "stations_nearby": 1, "shops_nearby": 105, "bike_parking_nearby": 0, "bike_parking_capacity_nearby": 0.0, "bike_sharing_nearby": 0, "bike_sharing_capacity_nearby": 0.0, "flat_terrain": 0, "roi_car_trips_per_day": 925.61647513261494, "roi_congestion_cost_yen_day": 323891.71697840461, "roi_operating_cost_yen_day": 45225.620974979567, "roi_emissions_kg_day": 240.6602835344799, "roi_shifted_trips_per_day": 185.12329502652301, "roi_congestion_savings_yen_day": 64778.343395680931, "roi_operating_savings_yen_day": 9045.1241949959149, "roi_emissions_avoided_kg_day": 48.132056706895987, "roi_health_benefit_yen_day": 5553.6988507956903, "roi_parking_spaces_freed": 3.7024659005304601 }, "geometry": { "type": "Polygon", "coordinates": [ [ [ 139.592594398822001, 35.419281747346808 ], [ 139.592028251525704, 35.421033079202758 ], [ 139.590053281203382, 35.421505687270624 ], [ 139.588644553978384, 35.420226982441541 ], [ 139.58921075011358, 35.418475703771954 ], [ 139.591185624638001, 35.418003076745414 ], [ 139.592594398822001, 35.419281747346808 ] ] ] } },
{ "type": "Feature", "properties": { "hex_id": "892f5bd0653ffff", "population": 1273.5690414020301, "production_score": 0.451387278101124, "attraction_score": 0.056558363417569195, "demand_score": 0.23611430786487592, "stress_score": 2.1666666666666665, "infra_quality_score": 0.61111111111111116, "gap_score": -0.37499680324623524, "schools_nearby": 10, "stations_nearby": 0, "shops_nearby": 17, "bike_parking_nearby": 0, "bike_parking_capacity_nearby": 0.0, "bike_sharing_nearby": 1, "bike_sharing_capacity_nearby": 9.0, "flat_terrain": 0, "roi_car_trips_per_day": 891.49832898142097, "roi_congestion_cost_yen_day": 311953.09527717886, "roi_operating_cost_yen_day": 43558.608354032229, "roi_emissions_kg_day": 231.78956553516946, "roi_shifted_trips_per_day": 178.29966579628422, "roi_congestion_savings_yen_day": 62390.619055435774, "roi_operating_savings_yen_day": 8711.7216708064461, "roi_emissions_avoided_kg_day": 46.357913107033895, "roi_health_benefit_yen_day": 5348.9899738885269, "roi_parking_spaces_freed": 3.5659933159256845 }, "geometry": { "type": "Polygon", "coordinates": [ [ [ 139.590039836120411, 35.432819707827647 ], [ 139.589473544829104, 35.434570996170415 ], [ 139.587498264775888, 35.435043397668139 ], [ 139.586089371847777, 35.433764529795127 ], [ 139.586655711987845, 35.432013294636945 ], [ 139.588630896210447, 35.431540874167531 ], [ 139.590039836120411, 35.432819707827647 ] ] ] } },
{ "type": "Feature", "properties": { "hex_id": "892f5bd33c7ffff", "population": 1538.1898021923714, "production_score": 0.54517602536111254, "attraction_score": 0.44765342960288806, "demand_score": 0.562768087015178, "stress_score": 2.3055555555555554, "infra_quality_score": 0.56481481481481488, "gap_score": -0.0020467277996368827, "schools_nearby": 18, "stations_nearby": 4, "shops_nearby": 306, "bike_parking_nearby": 2, "bike_parking_capacity_nearby": 8.0, "bike_sharing_nearby": 3, "bike_sharing_capacity_nearby": 12.0, "flat_terrain": 1, "roi_car_trips_per_day": 1076.7328615346601, "roi_congestion_cost_yen_day": 376770.36290820828, "roi_operating_cost_yen_day": 52609.167614583486, "roi_emissions_kg_day": 279.95054399901164, "roi_shifted_trips_per_day": 215.34657230693202, "roi_congestion_savings_yen_day": 75354.072581641653, "roi_operating_savings_yen_day": 10521.833522916699, "roi_emissions_avoided_kg_day": 55.990108799802329, "roi_health_benefit_yen_day": 6460.3971692079604, "roi_parking_spaces_freed": 4.3069314461386403 }, "geometry": { "type": "Polygon", "coordinates": [ [ [ 139.612047022925594, 35.432402077904563 ], [ 139.611481092332667, 35.434153713370776 ], [ 139.609505411272522, 35.434626544079158 ], [ 139.60809575665499, 35.433347758251301 ], [ 139.608661736163583, 35.431596175954859 ], [ 139.610637321377169, 35.431123326316822 ], [ 139.612047022925594, 35.432402077904563 ] ] ] } },
{ "type": "Feature", "properties": { "hex_id": "892f5bd304bffff", "population": 941.99766393357891, "production_score": 0.3338694233902707, "attraction_score": 0.14199759326113118, "demand_score": 0.21179155106608588, "stress_score": 1.9047619047619047, "infra_quality_score": 0.69841269841269837, "gap_score": -0.48662114734661249, "schools_nearby": 9, "stations_nearby": 0, "shops_nearby": 91, "bike_parking_nearby": 0, "bike_parking_capacity_nearby": 0.0, "bike_sharing_nearby": 1, "bike_sharing_capacity_nearby": 27.0, "flat_terrain": 0, "roi_car_trips_per_day": 659.39836475350523, "roi_congestion_cost_yen_day": 230736.67579454655, "roi_operating_cost_yen_day": 32218.204101856267, "roi_emissions_kg_day": 171.44357483591136, "roi_shifted_trips_per_day": 131.87967295070106, "roi_congestion_savings_yen_day": 46147.335158909322, "roi_operating_savings_yen_day": 6443.6408203712535, "roi_emissions_avoided_kg_day": 34.28871496718228, "roi_health_benefit_yen_day": 3956.3901885210321, "roi_parking_spaces_freed": 2.6375934590140213 }, "geometry": { "type": "Polygon", "coordinates": [ [ [ 139.62982893206015, 35.428144358442061 ], [ 139.629263322746027, 35.429896275182642 ], [ 139.627287421562386, 35.430369498265449 ], [ 139.625877225545281, 35.429090823501298 ], [ 139.626442883824012, 35.427338959919474 ], [ 139.628418689158423, 35.426865717943336 ], [ 139.62982893206015, 35.428144358442061 ] ] ] } },
{ "type": "Feature", "properties": { "hex_id": "892f5bd32abffff", "population": 2530.5159449372554, "production_score": 0.89688322143828525, "attraction_score": 0.36101083032490977, "demand_score": 0.66804069589489601, "stress_score": 2.5555555555555554, "infra_quality_score": 0.48148148148148151, "gap_score": 0.1865592144134145, "schools_nearby": 16, "stations_nearby": 3, "shops_nearby": 243, "bike_parking_nearby": 0, "bike_parking_capacity_nearby": 0.0, "bike_sharing_nearby": 2, "bike_sharing_capacity_nearby": 47.0, "flat_terrain": 1, "roi_car_trips_per_day": 1771.3611614560787, "roi_congestion_cost_yen_day": 619834.69761671103, "roi_operating_cost_yen_day": 86548.706348744003, "roi_emissions_kg_day": 460.55390197858048, "roi_shifted_trips_per_day": 354.27223229121574, "roi_congestion_savings_yen_day": 123966.93952334223, "roi_operating_savings_yen_day": 17309.7412697488, "roi_emissions_avoided_kg_day": 92.110780395716091, "roi_health_benefit_yen_day": 10628.166968736472, "roi_parking_spaces_freed": 7.0854446458243148 }, "geometry": { "type": "Polygon", "coordinates": [ [ [ 139.625590351813486, 35.435625098705266 ], [ 139.625024616997649, 35.437376946825431 ], [ 139.623048597428436, 35.437850001296297 ], [ 139.62163840854339, 35.436571226553205 ], [ 139.622204192320623, 35.434819431592757 ], [ 139.624180116024689, 35.434346358215997 ], [ 139.625590351813486, 35.435625098705266 ] ] ] } },
{ "type": "Feature", "properties": { "hex_id": "892f5bd06cbffff", "population": 1419.7764464362024, "production_score": 0.50320713273888329, "attraction_score": 0.14921780986762936, "demand_score": 0.28817015848370797, "stress_score": 2.1964285714285716, "infra_quality_score": 0.60119047619047605, "gap_score": -0.31302031770676808, "schools_nearby": 13, "stations_nearby": 2, "shops_nearby": 79, "bike_parking_nearby": 0, "bike_parking_capacity_nearby": 0.0, "bike_sharing_nearby": 0, "bike_sharing_capacity_nearby": 0.0, "flat_terrain": 0, "roi_car_trips_per_day": 993.84351250534178, "roi_congestion_cost_yen_day": 347765.72189586924, "roi_operating_cost_yen_day": 48559.194021010997, "roi_emissions_kg_day": 258.39931325138889, "roi_shifted_trips_per_day": 198.76870250106836, "roi_congestion_savings_yen_day": 69553.144379173842, "roi_operating_savings_yen_day": 9711.8388042021998, "roi_emissions_avoided_kg_day": 51.679862650277776, "roi_health_benefit_yen_day": 5963.0610750320511, "roi_parking_spaces_freed": 3.9753740500213675 }, "geometry": { "type": "Polygon", "coordinates": [ [ [ 139.592581338208106, 35.430595902509644 ], [ 139.592015105034278, 35.432347231481621 ], [ 139.590039836120411, 35.432819707827647 ], [ 139.588630896210447, 35.431540874167531 ], [ 139.589197178237839, 35.429789598378989 ], [ 139.591172351324843, 35.429317103067454 ], [ 139.592581338208106, 35.430595902509644 ] ] ] } },
{ "type": "Feature", "properties": { "hex_id": "892f5bd3323ffff", "population": 1339.6779096436833, "production_score": 0.47481804716339254, "attraction_score": 0.11672683513838748, "demand_score": 0.25426293102784525, "stress_score": 1.9444444444444444, "infra_quality_score": 0.68518518518518512, "gap_score": -0.43092225415733987, "schools_nearby": 8, "stations_nearby": 1, "shops_nearby": 70, "bike_parking_nearby": 0, "bike_parking_capacity_nearby": 0.0, "bike_sharing_nearby": 0, "bike_sharing_capacity_nearby": 0.0, "flat_terrain": 0, "roi_car_trips_per_day": 937.77453675057825, "roi_congestion_cost_yen_day": 328146.06589976238, "roi_operating_cost_yen_day": 45819.663865633251, "roi_emissions_kg_day": 243.82137955515034, "roi_shifted_trips_per_day": 187.55490735011566, "roi_congestion_savings_yen_day": 65629.21317995248, "roi_operating_savings_yen_day": 9163.9327731266512, "roi_emissions_avoided_kg_day": 48.764275911030069, "roi_health_benefit_yen_day": 5626.6472205034697, "roi_parking_spaces_freed": 3.7510981470023133 }, "geometry": { "type": "Polygon", "coordinates": [ [ [ 139.596808739090989, 35.43443235846636 ], [ 139.59624254553151, 35.436183753170788 ], [ 139.594267096093319, 35.436656266441851 ], [ 139.59285793605784, 35.43537740396863 ], [ 139.593424178488988, 35.433626062443786 ], [ 139.595399532087157, 35.433153530212913 ], [ 139.596808739090989, 35.43443235846636 ] ] ] } },
{ "type": "Feature", "properties": { "hex_id": "892f5bd322fffff", "population": 1595.6052361176967, "production_score": 0.5655256064187808, "attraction_score": 0.22021660649819494, "demand_score": 0.33532723483840182, "stress_score": 2.2063492063492065, "infra_quality_score": 0.59788359788359791, "gap_score": -0.26255636304519608, "schools_nearby": 10, "stations_nearby": 3, "shops_nearby": 144, "bike_parking_nearby": 0, "bike_parking_capacity_nearby": 0.0, "bike_sharing_nearby": 1, "bike_sharing_capacity_nearby": 4.0, "flat_terrain": 0, "roi_car_trips_per_day": 1116.9236652823877, "roi_congestion_cost_yen_day": 390833.92895561311, "roi_operating_cost_yen_day": 54572.89028569746, "roi_emissions_kg_day": 290.4001529734208, "roi_shifted_trips_per_day": 223.38473305647756, "roi_congestion_savings_yen_day": 78166.785791122631, "roi_operating_savings_yen_day": 10914.578057139493, "roi_emissions_avoided_kg_day": 58.080030594684168, "roi_health_benefit_yen_day": 6701.5419916943265, "roi_parking_spaces_freed": 4.4676946611295509 }, "geometry": { "type": "Polygon", "coordinates": [ [ [ 139.617964880426939, 35.44229946004058 ], [ 139.617398971126647, 35.444051186304058 ], [ 139.615422917824787, 35.444524016168273 ], [ 139.614012869702719, 35.443245138693712 ], [ 139.614578827949742, 35.441493465593418 ], [ 139.616554785375257, 35.441020616804828 ], [ 139.617964880426939, 35.44229946004058 ] ] ] } },
{ "type": "Feature", "properties": { "hex_id": "892f5bd339bffff", "population": 1674.5784102703597, "production_score": 0.59351583306918165, "attraction_score": 0.33453670276774972, "demand_score": 0.36520300292754138, "stress_score": 1.8076923076923077, "infra_quality_score": 0.73076923076923084, "gap_score": -0.36556622784168946, "schools_nearby": 18, "stations_nearby": 3, "shops_nearby": 215, "bike_parking_nearby": 0, "bike_parking_capacity_nearby": 0.0, "bike_sharing_nearby": 1, "bike_sharing_capacity_nearby": 7.0, "flat_terrain": 0, "roi_car_trips_per_day": 1172.2048871892518, "roi_congestion_cost_yen_day": 410177.93412526301, "roi_operating_cost_yen_day": 57273.930788066842, "roi_emissions_kg_day": 304.77327066920549, "roi_shifted_trips_per_day": 234.44097743785039, "roi_congestion_savings_yen_day": 82035.586825052611, "roi_operating_savings_yen_day": 11454.786157613369, "roi_emissions_avoided_kg_day": 60.954654133841103, "roi_health_benefit_yen_day": 7033.2293231355115, "roi_parking_spaces_freed": 4.6888195487570083 }, "geometry": { "type": "Polygon", "coordinates": [ [ [ 139.613744679992266, 35.427147115428312 ], [ 139.613178816754157, 35.428898778929614 ], [ 139.611203242750179, 35.429371703413501 ], [ 139.609793627821858, 35.428092983319644 ], [ 139.610359539973985, 35.426341372988311 ], [ 139.612335018143625, 35.425868429581143 ], [ 139.613744679992266, 35.427147115428312 ] ] ] } },
{ "type": "Feature", "properties": { "hex_id": "892f5bd3163ffff", "population": 1322.3974403125258, "production_score": 0.46869338194138449, "attraction_score": 0.24789410348977137, "demand_score": 0.30080561990090454, "stress_score": 2.0, "infra_quality_score": 0.66666666666666674, "gap_score": -0.3658610467657622, "schools_nearby": 10, "stations_nearby": 2, "shops_nearby": 170, "bike_parking_nearby": 0, "bike_parking_capacity_nearby": 0.0, "bike_sharing_nearby": 0, "bike_sharing_capacity_nearby": 0.0, "flat_terrain": 0, "roi_car_trips_per_day": 925.67820821876796, "roi_congestion_cost_yen_day": 323913.31861991133, "roi_operating_cost_yen_day": 45228.637253569002, "roi_emissions_kg_day": 240.67633413687969, "roi_shifted_trips_per_day": 185.13564164375362, "roi_congestion_savings_yen_day": 64782.663723982267, "roi_operating_savings_yen_day": 9045.7274507138009, "roi_emissions_avoided_kg_day": 48.135266827375943, "roi_health_benefit_yen_day": 5554.069249312608, "roi_parking_spaces_freed": 3.7027128328750725 }, "geometry": { "type": "Polygon", "coordinates": [ [ [ 139.595978265681907, 35.420087732375315 ], [ 139.595412167235992, 35.421839117415125 ], [ 139.593437112254975, 35.422311781352327 ], [ 139.592028251525704, 35.421033079202758 ], [ 139.592594398822001, 35.419281747346808 ], [ 139.594569358000371, 35.418809064456859 ], [ 139.595978265681907, 35.420087732375315 ] ] ] } },
{ "type": "Feature", "properties": { "hex_id": "892f5bd33c3ffff", "population": 2021.48375298, "production_score": 0.71646845936108561, "attraction_score": 0.43682310469314078, "demand_score": 0.61851691228384409, "stress_score": 2.2972972972972974, "infra_quality_score": 0.56756756756756754, "gap_score": 0.050949344716276546, "schools_nearby": 17, "stations_nearby": 3, "shops_nearby": 303, "bike_parking_nearby": 3, "bike_parking_capacity_nearby": 12.0, "bike_sharing_nearby": 4, "bike_sharing_capacity_nearby": 45.0, "flat_terrain": 1, "roi_car_trips_per_day": 1415.0386270859999, "roi_congestion_cost_yen_day": 495150.31638993311, "roi_operating_cost_yen_day": 69138.787319421957, "roi_emissions_kg_day": 367.91004304235997, "roi_shifted_trips_per_day": 283.00772541719999, "roi_congestion_savings_yen_day": 99030.063277986628, "roi_operating_savings_yen_day": 13827.757463884391, "roi_emissions_avoided_kg_day": 73.582008608471995, "roi_health_benefit_yen_day": 8490.2317625159994, "roi_parking_spaces_freed": 5.6601545083440001 }, "geometry": { "type": "Polygon", "coordinates": [ [ [ 139.615432527874134, 35.433207921173434 ], [ 139.614866646208327, 35.434959609806903 ], [ 139.612890880510463, 35.435432496443568 ], [ 139.611481092332667, 35.434153713370776 ], [ 139.612047022925594, 35.432402077904563 ], [ 139.614022692772295, 35.431929172344184 ], [ 139.615432527874134, 35.433207921173434 ] ] ] } },
{ "type": "Feature", "properties": { "hex_id": "892f5bd32a7ffff", "population": 1718.032780539246, "production_score": 0.60891723596107183, "attraction_score": 0.44283995186522263, "demand_score": 0.60280889329022347, "stress_score": 2.693877551020408, "infra_quality_score": 0.43537414965986398, "gap_score": 0.16743474363035948, "schools_nearby": 19, "stations_nearby": 4, "shops_nearby": 299, "bike_parking_nearby": 1, "bike_parking_capacity_nearby": 4.0, "bike_sharing_nearby": 6, "bike_sharing_capacity_nearby": 43.0, "flat_terrain": 1, "roi_car_trips_per_day": 1202.6229463774721, "roi_congestion_cost_yen_day": 420821.82139640505, "roi_operating_cost_yen_day": 58760.157160003284, "roi_emissions_kg_day": 312.68196605814273, "roi_shifted_trips_per_day": 240.52458927549444, "roi_congestion_savings_yen_day": 84164.364279281013, "roi_operating_savings_yen_day": 11752.031432000658, "roi_emissions_avoided_kg_day": 62.536393211628557, "roi_health_benefit_yen_day": 7215.7376782648334, "roi_parking_spaces_freed": 4.810491785509889 }, "geometry": { "type": "Polygon", "coordinates": [ [ [ 139.621359864675583, 35.431788905911105 ], [ 139.620794090098599, 35.433540688312767 ], [ 139.618818251006644, 35.434013705742487 ], [ 139.617408282346958, 35.432734959682499 ], [ 139.617974105867376, 35.430983230444447 ], [ 139.619949849107257, 35.430510194103107 ], [ 139.621359864675583, 35.431788905911105 ] ] ] } },
{ "type": "Feature", "properties": { "hex_id": "892f5bd306fffff", "population": 1610.4016565217421, "production_score": 0.57076985758593335, "attraction_score": 0.33935018050541516, "demand_score": 0.36967837696833561, "stress_score": 2.0227272727272729, "infra_quality_score": 0.65909090909090895, "gap_score": -0.28941253212257334, "schools_nearby": 15, "stations_nearby": 3, "shops_nearby": 228, "bike_parking_nearby": 0, "bike_parking_capacity_nearby": 0.0, "bike_sharing_nearby": 2, "bike_sharing_capacity_nearby": 9.0, "flat_terrain": 0, "roi_car_trips_per_day": 1127.2811595652195, "roi_congestion_cost_yen_day": 394458.22335506161, "roi_operating_cost_yen_day": 55078.95745635662, "roi_emissions_kg_day": 293.0931014869571, "roi_shifted_trips_per_day": 225.45623191304389, "roi_congestion_savings_yen_day": 78891.644671012327, "roi_operating_savings_yen_day": 11015.791491271324, "roi_emissions_avoided_kg_day": 58.618620297391416, "roi_health_benefit_yen_day": 6763.6869573913173, "roi_parking_spaces_freed": 4.5091246382608778 }, "geometry": { "type": "Polygon", "coordinates": [ [ [ 139.617130038162827, 35.427952799194983 ], [ 139.616564223850162, 35.429704515863754 ], [ 139.614588565224722, 35.43017749627225 ], [ 139.613178816754157, 35.428898778929614 ], [ 139.613744679992266, 35.427147115428312 ], [ 139.615720242778707, 35.426674116102483 ], [ 139.617130038162827, 35.427952799194983 ] ] ] } },
{ "type": "Feature", "properties": { "hex_id": "892f5bd06c7ffff", "population": 1254.9740330151762, "production_score": 0.44479670472100374, "attraction_score": 0.095066185318892896, "demand_score": 0.2420770115139638, "stress_score": 2.0625, "infra_quality_score": 0.64583333333333326, "gap_score": -0.40375632181936949, "schools_nearby": 12, "stations_nearby": 1, "shops_nearby": 40, "bike_parking_nearby": 0, "bike_parking_capacity_nearby": 0.0, "bike_sharing_nearby": 0, "bike_sharing_capacity_nearby": 0.0, "flat_terrain": 0, "roi_car_trips_per_day": 878.48182311062328, "roi_congestion_cost_yen_day": 307398.35954286932, "roi_operating_cost_yen_day": 42922.621877185054, "roi_emissions_kg_day": 228.40527400876206, "roi_shifted_trips_per_day": 175.69636462212466, "roi_congestion_savings_yen_day": 61479.671908573866, "roi_operating_savings_yen_day": 8584.5243754370113, "roi_emissions_avoided_kg_day": 45.681054801752417, "roi_health_benefit_yen_day": 5270.8909386637397, "roi_parking_spaces_freed": 3.5139272924424931 }, "geometry": { "type": "Polygon", "coordinates": [ [ [ 139.588354597650721, 35.42675953302092 ], [ 139.587788324888095, 35.428510796246123 ], [ 139.585813236487752, 35.428983235687014 ], [ 139.584404516666979, 35.427704430874215 ], [ 139.584970838265292, 35.425953220836284 ], [ 139.586945830851846, 35.425480762424172 ], [ 139.588354597650721, 35.42675953302092 ] ] ] } },
{ "type": "Feature", "properties": { "hex_id": "892f5bd3347ffff", "population": 1211.8805482083442, "production_score": 0.429523209387422, "attraction_score": 0.15403128760529483, "demand_score": 0.25326368179058817, "stress_score": 1.9803921568627452, "infra_quality_score": 0.67320261437908502, "gap_score": -0.41993893258849685, "schools_nearby": 5, "stations_nearby": 2, "shops_nearby": 107, "bike_parking_nearby": 0, "bike_parking_capacity_nearby": 0.0, "bike_sharing_nearby": 0, "bike_sharing_capacity_nearby": 0.0, "flat_terrain": 0, "roi_car_trips_per_day": 848.31638374584088, "roi_congestion_cost_yen_day": 296842.86900034465, "roi_operating_cost_yen_day": 41448.738509821786, "roi_emissions_kg_day": 220.56225977391864, "roi_shifted_trips_per_day": 169.66327674916818, "roi_congestion_savings_yen_day": 59368.573800068931, "roi_operating_savings_yen_day": 8289.7477019643575, "roi_emissions_avoided_kg_day": 44.112451954783729, "roi_health_benefit_yen_day": 5089.8983024750451, "roi_parking_spaces_freed": 3.3932655349833638 }, "geometry": { "type": "Polygon", "coordinates": [ [ [ 139.607807377700482, 35.439881300556252 ], [ 139.607241321594216, 35.441632867322689 ], [ 139.605265522268553, 35.442105529373265 ], [ 139.603855874914757, 35.440826643599941 ], [ 139.604421979933477, 35.439075130004206 ], [ 139.606397683396722, 35.438602449011434 ], [ 139.607807377700482, 35.439881300556252 ] ] ] } },
{ "type": "Feature", "properties": { "hex_id": "892f5bd3397ffff", "population": 1415.9054144125932, "production_score": 0.50183513440053196, "attraction_score": 0.3405535499398315, "demand_score": 0.34483603951912717, "stress_score": 2.0, "infra_quality_score": 0.66666666666666674, "gap_score": -0.32183062714753957, "schools_nearby": 15, "stations_nearby": 3, "shops_nearby": 229, "bike_parking_nearby": 0, "bike_parking_capacity_nearby": 0.0, "bike_sharing_nearby": 0, "bike_sharing_capacity_nearby": 0.0, "flat_terrain": 0, "roi_car_trips_per_day": 991.1337900888152, "roi_congestion_cost_yen_day": 346817.53582787822, "roi_operating_cost_yen_day": 48426.796983739507, "roi_emissions_kg_day": 257.69478542309196, "roi_shifted_trips_per_day": 198.22675801776305, "roi_congestion_savings_yen_day": 69363.507165575647, "roi_operating_savings_yen_day": 9685.3593967479028, "roi_emissions_avoided_kg_day": 51.538957084618396, "roi_health_benefit_yen_day": 5946.8027405328912, "roi_parking_spaces_freed": 3.9645351603552612 }, "geometry": { "type": "Polygon", "coordinates": [ [ [ 139.609515914586694, 35.423311086647018 ], [ 139.608950011656361, 35.425062684397261 ], [ 139.606974618110485, 35.425535571893974 ], [ 139.605565223319417, 35.424256880569764 ], [ 139.606131175145833, 35.422505335993357 ], [ 139.608106472870389, 35.422032429567651 ], [ 139.609515914586694, 35.423311086647018 ] ] ] } },
{ "type": "Feature", "properties": { "hex_id": "892f5bd064bffff", "population": 908.49706906098834, "production_score": 0.32199590743415091, "attraction_score": 0.019253910950661854, "demand_score": 0.17187646082492836, "stress_score": 2.0487804878048781, "infra_quality_score": 0.65040650406504064, "gap_score": -0.47853004324011228, "schools_nearby": 4, "stations_nearby": 0, "shops_nearby": 4, "bike_parking_nearby": 0, "bike_parking_capacity_nearby": 0.0, "bike_sharing_nearby": 0, "bike_sharing_capacity_nearby": 0.0, "flat_terrain": 0, "roi_car_trips_per_day": 635.94794834269192, "roi_congestion_cost_yen_day": 222530.90608407476, "roi_operating_cost_yen_day": 31072.416756023926, "roi_emissions_kg_day": 165.3464665690999, "roi_shifted_trips_per_day": 127.18958966853839, "roi_congestion_savings_yen_day": 44506.181216814955, "roi_operating_savings_yen_day": 6214.4833512047853, "roi_emissions_avoided_kg_day": 33.069293313819983, "roi_health_benefit_yen_day": 3815.6876900561515, "roi_parking_spaces_freed": 2.5437917933707679 }, "geometry": { "type": "Polygon", "coordinates": [ [ [ 139.588340894862114, 35.438073544762631 ], [ 139.587774536183929, 35.439824805004676 ], [ 139.585799149156429, 35.440297112672212 ], [ 139.58439021665302, 35.439018179076072 ], [ 139.584956624181558, 35.437266972018399 ], [ 139.586931915366279, 35.436794645372807 ], [ 139.588340894862114, 35.438073544762631 ] ] ] } },
{ "type": "Feature", "properties": { "hex_id": "892f5bd32a3ffff", "population": 1969.5703707698126, "production_score": 0.69806895408802783, "attraction_score": 0.37906137184115524, "demand_score": 0.58444242258585244, "stress_score": 2.1489361702127661, "infra_quality_score": 0.61702127659574457, "gap_score": -0.032578854009892133, "schools_nearby": 13, "stations_nearby": 3, "shops_nearby": 267, "bike_parking_nearby": 0, "bike_parking_capacity_nearby": 0.0, "bike_sharing_nearby": 1, "bike_sharing_capacity_nearby": 5.0, "flat_terrain": 1, "roi_car_trips_per_day": 1378.6992595388688, "roi_congestion_cost_yen_day": 482434.44489784096, "roi_operating_cost_yen_day": 67363.245821069126, "roi_emissions_kg_day": 358.4618074801059, "roi_shifted_trips_per_day": 275.73985190777375, "roi_congestion_savings_yen_day": 96486.88897956819, "roi_operating_savings_yen_day": 13472.649164213826, "roi_emissions_avoided_kg_day": 71.692361496021178, "roi_health_benefit_yen_day": 8272.1955572332117, "roi_parking_spaces_freed": 5.514797038155475 }, "geometry": { "type": "Polygon", "coordinates": [ [ [ 139.624745841646813, 35.432594522653282 ], [ 139.624180116024689, 35.434346358215997 ], [ 139.622204192320623, 35.434819431592757 ], [ 139.620794090098599, 35.433540688312767 ], [ 139.621359864675583, 35.431788905911105 ], [ 139.623335692522943, 35.431315813628686 ], [ 139.624745841646813, 35.432594522653282 ] ] ] } },
{ "type": "Feature", "properties": { "hex_id": "892f5bd306bffff", "population": 1610.508986858764, "production_score": 0.57080789835727053, "attraction_score": 0.35499398315282793, "demand_score": 0.37871815852853441, "stress_score": 2.09375, "infra_quality_score": 0.63541666666666674, "gap_score": -0.25669850813813233, "schools_nearby": 18, "stations_nearby": 3, "shops_nearby": 232, "bike_parking_nearby": 1, "bike_parking_capacity_nearby": 4.0, "bike_sharing_nearby": 1, "bike_sharing_capacity_nearby": 6.0, "flat_terrain": 0, "roi_car_trips_per_day": 1127.3562908011347, "roi_congestion_cost_yen_day": 394484.51327713305, "roi_operating_cost_yen_day": 55082.628368543439, "roi_emissions_kg_day": 293.11263560829502, "roi_shifted_trips_per_day": 225.47125816022697, "roi_congestion_savings_yen_day": 78896.902655426617, "roi_operating_savings_yen_day": 11016.525673708689, "roi_emissions_avoided_kg_day": 58.622527121659012, "roi_health_benefit_yen_day": 6764.1377448068088, "roi_parking_spaces_freed": 4.509425163204539 }, "geometry": { "type": "Polygon", "coordinates": [ [ [ 139.620515614483082, 35.428758424269361 ], [ 139.619949849107257, 35.430510194103107 ], [ 139.617974105867376, 35.430983230444447 ], [ 139.616564223850162, 35.429704515863754 ], [ 139.617130038162827, 35.427952799194983 ], [ 139.619105685559049, 35.427479743942236 ], [ 139.620515614483082, 35.428758424269361 ] ] ] } },
{ "type": "Feature", "properties": { "hex_id": "892f5bd069bffff", "population": 1226.5074127369351, "production_score": 0.43470736537118099, "attraction_score": 0.13477737665463296, "demand_score": 0.25520201265021136, "stress_score": 2.1176470588235294, "infra_quality_score": 0.62745098039215685, "gap_score": -0.37224896774194549, "schools_nearby": 12, "stations_nearby": 1, "shops_nearby": 73, "bike_parking_nearby": 0, "bike_parking_capacity_nearby": 0.0, "bike_sharing_nearby": 0, "bike_sharing_capacity_nearby": 0.0, "flat_terrain": 0, "roi_car_trips_per_day": 858.5551889158545, "roi_congestion_cost_yen_day": 300425.63170543581, "roi_operating_cost_yen_day": 41949.006530428647, "roi_emissions_kg_day": 223.22434911812218, "roi_shifted_trips_per_day": 171.71103778317092, "roi_congestion_savings_yen_day": 60085.126341087169, "roi_operating_savings_yen_day": 8389.801306085732, "roi_emissions_avoided_kg_day": 44.64486982362444, "roi_health_benefit_yen_day": 5151.3311334951277, "roi_parking_spaces_freed": 3.4342207556634183 }, "geometry": { "type": "Polygon", "coordinates": [ [ [ 139.590053281203382, 35.421505687270624 ], [ 139.589487075807142, 35.423256978529437 ], [ 139.587512094348739, 35.42372951177137 ], [ 139.58610341409144, 35.422450772719621 ], [ 139.586669668321662, 35.420699534648314 ], [ 139.588644553978384, 35.420226982441541 ], [ 139.590053281203382, 35.421505687270624 ] ] ] } },
{ "type": "Feature", "properties": { "hex_id": "892f5bd06c3ffff", "population": 1419.7413438267401, "production_score": 0.50319469142567264, "attraction_score": 0.15042117930204574, "demand_score": 0.27876555475470138, "stress_score": 2.0, "infra_quality_score": 0.66666666666666674, "gap_score": -0.38790111191196536, "schools_nearby": 11, "stations_nearby": 1, "shops_nearby": 89, "bike_parking_nearby": 0, "bike_parking_capacity_nearby": 0.0, "bike_sharing_nearby": 0, "bike_sharing_capacity_nearby": 0.0, "flat_terrain": 0, "roi_car_trips_per_day": 993.81894067871815, "roi_congestion_cost_yen_day": 347757.12372229708, "roi_operating_cost_yen_day": 48557.993441562168, "roi_emissions_kg_day": 258.39292457646673, "roi_shifted_trips_per_day": 198.76378813574365, "roi_congestion_savings_yen_day": 69551.424744459422, "roi_operating_savings_yen_day": 9711.5986883124351, "roi_emissions_avoided_kg_day": 51.678584915293349, "roi_health_benefit_yen_day": 5962.9136440723096, "roi_parking_spaces_freed": 3.9752757627148729 }, "geometry": { "type": "Polygon", "coordinates": [ [ [ 139.591738575240356, 35.427565786657425 ], [ 139.591172351324843, 35.429317103067454 ], [ 139.589197178237839, 35.429789598378989 ], [ 139.587788324888095, 35.428510796246123 ], [ 139.588354597650721, 35.42675953302092 ], [ 139.59032967491919, 35.426287018744048 ], [ 139.591738575240356, 35.427565786657425 ] ] ] } },
{ "type": "Feature", "properties": { "hex_id": "892f5bd331bffff", "population": 1211.8621475096445, "production_score": 0.42951668768264495, "attraction_score": 0.3730445246690734, "demand_score": 0.34187203407919892, "stress_score": 2.2195121951219514, "infra_quality_score": 0.5934959349593496, "gap_score": -0.25162390088015069, "schools_nearby": 14, "stations_nearby": 4, "shops_nearby": 256, "bike_parking_nearby": 0, "bike_parking_capacity_nearby": 0.0, "bike_sharing_nearby": 3, "bike_sharing_capacity_nearby": 8.0, "flat_terrain": 0, "roi_car_trips_per_day": 848.30350325675113, "roi_congestion_cost_yen_day": 296838.36185960239, "roi_operating_cost_yen_day": 41448.109169124858, "roi_emissions_kg_day": 220.55891084675531, "roi_shifted_trips_per_day": 169.66070065135023, "roi_congestion_savings_yen_day": 59367.672371920475, "roi_operating_savings_yen_day": 8289.6218338249728, "roi_emissions_avoided_kg_day": 44.111782169351059, "roi_health_benefit_yen_day": 5089.8210195405063, "roi_parking_spaces_freed": 3.3932140130270048 }, "geometry": { "type": "Polygon", "coordinates": [ [ [ 139.609505411272522, 35.434626544079158 ], [ 139.608939422538413, 35.43637813893077 ], [ 139.606963730272781, 35.436850894783291 ], [ 139.605554122594697, 35.435572074720348 ], [ 139.606120160239584, 35.433820533039658 ], [ 139.60809575665499, 35.433347758251301 ], [ 139.609505411272522, 35.434626544079158 ] ] ] } },
{ "type": "Feature", "properties": { "hex_id": "892f5bd3343ffff", "population": 1212.1522573227749, "production_score": 0.42961951043872826, "attraction_score": 0.17569193742478942, "demand_score": 0.26185900675223117, "stress_score": 2.0, "infra_quality_score": 0.66666666666666674, "gap_score": -0.40480765991443557, "schools_nearby": 11, "stations_nearby": 1, "shops_nearby": 110, "bike_parking_nearby": 0, "bike_parking_capacity_nearby": 0.0, "bike_sharing_nearby": 0, "bike_sharing_capacity_nearby": 0.0, "flat_terrain": 0, "roi_car_trips_per_day": 848.50658012594238, "roi_congestion_cost_yen_day": 296909.42251766979, "roi_operating_cost_yen_day": 41458.031504953542, "roi_emissions_kg_day": 220.61171083274502, "roi_shifted_trips_per_day": 169.70131602518848, "roi_congestion_savings_yen_day": 59381.884503533955, "roi_operating_savings_yen_day": 8291.6063009907084, "roi_emissions_avoided_kg_day": 44.122342166549004, "roi_health_benefit_yen_day": 5091.039480755654, "roi_parking_spaces_freed": 3.3940263205037695 }, "geometry": { "type": "Polygon", "coordinates": [ [ [ 139.611192993706766, 35.440687412425653 ], [ 139.610626986524409, 35.442439032360269 ], [ 139.608651102533003, 35.4429117503405 ], [ 139.607241321594216, 35.441632867322689 ], [ 139.607807377700482, 35.439881300556252 ], [ 139.609783165824808, 35.439408563639759 ], [ 139.611192993706766, 35.440687412425653 ] ] ] } },
{ "type": "Feature", "properties": { "hex_id": "892f5bd3227ffff", "population": 2507.3675953945703, "production_score": 0.88867882092843675, "attraction_score": 0.30445246690734057, "demand_score": 0.47280428407585534, "stress_score": 2.1041666666666665, "infra_quality_score": 0.63194444444444442, "gap_score": -0.15914016036858908, "schools_nearby": 13, "stations_nearby": 3, "shops_nearby": 205, "bike_parking_nearby": 0, "bike_parking_capacity_nearby": 0.0, "bike_sharing_nearby": 3, "bike_sharing_capacity_nearby": 83.0, "flat_terrain": 0, "roi_car_trips_per_day": 1755.1573167761994, "roi_congestion_cost_yen_day": 614164.64828632772, "roi_operating_cost_yen_day": 85756.986497685109, "roi_emissions_kg_day": 456.34090236181186, "roi_shifted_trips_per_day": 351.03146335523991, "roi_congestion_savings_yen_day": 122832.92965726556, "roi_operating_savings_yen_day": 17151.39729953702, "roi_emissions_avoided_kg_day": 91.268180472362374, "roi_health_benefit_yen_day": 10530.943900657197, "roi_parking_spaces_freed": 7.0206292671047983 }, "geometry": { "type": "Polygon", "coordinates": [ [ [ 139.617120685464926, 35.4392689030756 ], [ 139.616554785375257, 35.441020616804828 ], [ 139.614578827949742, 35.441493465593418 ], [ 139.613168866485154, 35.440214619577226 ], [ 139.613734815515102, 35.438462959012526 ], [ 139.615710677072542, 35.437990091299781 ], [ 139.617120685464926, 35.4392689030756 ] ] ] } },
{ "type": "Feature", "properties": { "hex_id": "892f5bd310bffff", "population": 1462.1260694449222, "production_score": 0.51821698335324062, "attraction_score": 0.20697954271961491, "demand_score": 0.46770767301438831, "stress_score": 2.2777777777777777, "infra_quality_score": 0.57407407407407418, "gap_score": -0.10636640105968587, "schools_nearby": 8, "stations_nearby": 2, "shops_nearby": 142, "bike_parking_nearby": 0, "bike_parking_capacity_nearby": 0.0, "bike_sharing_nearby": 4, "bike_sharing_capacity_nearby": 9.0, "flat_terrain": 1, "roi_car_trips_per_day": 1023.4882486114454, "roi_congestion_cost_yen_day": 358139.00795411703, "roi_operating_cost_yen_day": 50007.635827155224, "roi_emissions_kg_day": 266.10694463897585, "roi_shifted_trips_per_day": 204.6976497222891, "roi_congestion_savings_yen_day": 71627.801590823408, "roi_operating_savings_yen_day": 10001.527165431045, "roi_emissions_avoided_kg_day": 53.221388927795168, "roi_health_benefit_yen_day": 6140.9294916686731, "roi_parking_spaces_freed": 4.0939529944457824 }, "geometry": { "type": "Polygon", "coordinates": [ [ [ 139.601060364749543, 35.415639288199685 ], [ 139.600494382511101, 35.417390754404821 ], [ 139.59851934984917, 35.417863567986856 ], [ 139.597110395223979, 35.416584934304524 ], [ 139.597676426322522, 35.414833521280976 ], [ 139.599651363189338, 35.414360688758492 ], [ 139.601060364749543, 35.415639288199685 ] ] ] } },
{ "type": "Feature", "properties": { "hex_id": "892f5bd3393ffff", "population": 1499.5681816883132, "production_score": 0.5314874795591592, "attraction_score": 0.29963898916967507, "demand_score": 0.33845523966484808, "stress_score": 1.9512195121951219, "infra_quality_score": 0.68292682926829262, "gap_score": -0.34447158960344454, "schools_nearby": 14, "stations_nearby": 2, "shops_nearby": 201, "bike_parking_nearby": 4, "bike_parking_capacity_nearby": 16.0, "bike_sharing_nearby": 0, "bike_sharing_capacity_nearby": 0.0, "flat_terrain": 0, "roi_car_trips_per_day": 1049.6977271818193, "roi_congestion_cost_yen_day": 367310.22869546223, "roi_operating_cost_yen_day": 51288.230950103694, "roi_emissions_kg_day": 272.92140906727303, "roi_shifted_trips_per_day": 209.93954543636389, "roi_congestion_savings_yen_day": 73462.045739092457, "roi_operating_savings_yen_day": 10257.64619002074, "roi_emissions_avoided_kg_day": 54.584281813454609, "roi_health_benefit_yen_day": 6298.1863630909165, "roi_parking_spaces_freed": 4.1987909087272781 }, "geometry": { "type": "Polygon", "coordinates": [ [ [ 139.612900872166534, 35.424116778659574 ], [ 139.612335018143625, 35.425868429581143 ], [ 139.610359539973985, 35.426341372988311 ], [ 139.608950011656361, 35.425062684397261 ], [ 139.609515914586694, 35.423311086647018 ], [ 139.611491296930438, 35.422838124316804 ], [ 139.612900872166534, 35.424116778659574 ] ] ] } },
{ "type": "Feature", "properties": { "hex_id": "892f5bd315bffff", "population": 1392.0630950921513, "production_score": 0.49338477225147692, "attraction_score": 0.26594464500601683, "demand_score": 0.31478490388326003, "stress_score": 1.9803921568627452, "infra_quality_score": 0.67320261437908502, "gap_score": -0.35841771049582499, "schools_nearby": 14, "stations_nearby": 2, "shops_nearby": 173, "bike_parking_nearby": 0, "bike_parking_capacity_nearby": 0.0, "bike_sharing_nearby": 0, "bike_sharing_capacity_nearby": 0.0, "flat_terrain": 0, "roi_car_trips_per_day": 974.44416656450585, "roi_congestion_cost_yen_day": 340977.5027642519, "roi_operating_cost_yen_day": 47611.341978341756, "roi_emissions_kg_day": 253.35548330677153, "roi_shifted_trips_per_day": 194.88883331290117, "roi_congestion_savings_yen_day": 68195.500552850383, "roi_operating_savings_yen_day": 9522.2683956683504, "roi_emissions_avoided_kg_day": 50.671096661354305, "roi_health_benefit_yen_day": 5846.6649993870351, "roi_parking_spaces_freed": 3.8977766662580233 }, "geometry": { "type": "Polygon", "coordinates": [ [ [ 139.608672366578077, 35.420280844407614 ], [ 139.608106472870389, 35.422032429567651 ], [ 139.606131175145833, 35.422505335993357 ], [ 139.604721866944857, 35.421226676188112 ], [ 139.605287809541977, 35.419475144203268 ], [ 139.607263011453767, 35.419002218848775 ], [ 139.608672366578077, 35.420280844407614 ] ] ] } },
{ "type": "Feature", "properties": { "hex_id": "892f5bd33bbffff", "population": 1696.284121377048, "production_score": 0.60120892353949607, "attraction_score": 0.42478941034897716, "demand_score": 0.56016324664819961, "stress_score": 2.021276595744681, "infra_quality_score": 0.65957446808510634, "gap_score": -0.099411221436906727, "schools_nearby": 16, "stations_nearby": 4, "shops_nearby": 293, "bike_parking_nearby": 0, "bike_parking_capacity_nearby": 0.0, "bike_sharing_nearby": 3, "bike_sharing_capacity_nearby": 12.0, "flat_terrain": 1, "roi_car_trips_per_day": 1187.3988849639336, "roi_congestion_cost_yen_day": 415494.61782657966, "roi_operating_cost_yen_day": 58016.309519337796, "roi_emissions_kg_day": 308.72371009062277, "roi_shifted_trips_per_day": 237.47977699278673, "roi_congestion_savings_yen_day": 83098.923565315941, "roi_operating_savings_yen_day": 11603.261903867558, "roi_emissions_avoided_kg_day": 61.744742018124548, "roi_health_benefit_yen_day": 7124.3933097836016, "roi_parking_spaces_freed": 4.7495955398557346 }, "geometry": { "type": "Polygon", "coordinates": [ [ [ 139.60443325231563, 35.427759941712146 ], [ 139.603867233135787, 35.429511458270703 ], [ 139.601891817209321, 35.429984196088768 ], [ 139.600482516294591, 35.428705436289903 ], [ 139.601048584360711, 35.426953972907491 ], [ 139.603023904458411, 35.426481216148083 ], [ 139.60443325231563, 35.427759941712146 ] ] ] } },
{ "type": "Feature", "properties": { "hex_id": "892f5bd3067ffff", "population": 1567.1004064505637, "production_score": 0.5554227246291773, "attraction_score": 0.22743682310469315, "demand_score": 0.31511195281796572, "stress_score": 1.8222222222222222, "infra_quality_score": 0.72592592592592586, "gap_score": -0.41081397310796014, "schools_nearby": 13, "stations_nearby": 1, "shops_nearby": 147, "bike_parking_nearby": 1, "bike_parking_capacity_nearby": 4.0, "bike_sharing_nearby": 0, "bike_sharing_capacity_nearby": 0.0, "flat_terrain": 0, "roi_car_trips_per_day": 1096.9702845153945, "roi_congestion_cost_yen_day": 383851.84195762686, "roi_operating_cost_yen_day": 53597.968101422171, "roi_emissions_kg_day": 285.21227397400258, "roi_shifted_trips_per_day": 219.3940569030789, "roi_congestion_savings_yen_day": 76770.368391525379, "roi_operating_savings_yen_day": 10719.593620284435, "roi_emissions_avoided_kg_day": 57.04245479480052, "roi_health_benefit_yen_day": 6581.8217070923674, "roi_parking_spaces_freed": 4.3878811380615783 }, "geometry": { "type": "Polygon", "coordinates": [ [ [ 139.616286047882738, 35.424922412012059 ], [ 139.615720242778707, 35.426674116102483 ], [ 139.613744679992266, 35.427147115428312 ], [ 139.612335018143625, 35.425868429581143 ], [ 139.612900872166534, 35.424116778659574 ], [ 139.614876339122361, 35.423643760416624 ], [ 139.616286047882738, 35.424922412012059 ] ] ] } },
{ "type": "Feature", "properties": { "hex_id": "892f5bd0697ffff", "population": 1020.0353854143636, "production_score": 0.36152810033930105, "attraction_score": 0.048134777376654635, "demand_score": 0.19657349656228659, "stress_score": 2.0638297872340425, "infra_quality_score": 0.64539007092198575, "gap_score": -0.44881657435969913, "schools_nearby": 6, "stations_nearby": 0, "shops_nearby": 22, "bike_parking_nearby": 0, "bike_parking_capacity_nearby": 0.0, "bike_sharing_nearby": 0, "bike_sharing_capacity_nearby": 0.0, "flat_terrain": 0, "roi_car_trips_per_day": 714.02476979005451, "roi_congestion_cost_yen_day": 249851.54744493589, "roi_operating_cost_yen_day": 34887.25025194206, "roi_emissions_kg_day": 185.64644014541418, "roi_shifted_trips_per_day": 142.80495395801091, "roi_congestion_savings_yen_day": 49970.309488987179, "roi_operating_savings_yen_day": 6977.4500503884128, "roi_emissions_avoided_kg_day": 37.129288029082836, "roi_health_benefit_yen_day": 4284.148618740327, "roi_parking_spaces_freed": 2.8560990791602183 }, "geometry": { "type": "Polygon", "coordinates": [ [ [ 139.585827319559201, 35.417669601669751 ], [ 139.585261074596531, 35.419420827150439 ], [ 139.583286273612373, 35.419893323504375 ], [ 139.581877813382619, 35.418614613348431 ], [ 139.582444107161365, 35.416863441059093 ], [ 139.584418812356915, 35.416390925734625 ], [ 139.585827319559201, 35.417669601669751 ] ] ] } },
{ "type": "Feature", "properties": { "hex_id": "892f5bd3317ffff", "population": 1696.3260528778753, "production_score": 0.60122378519631237, "attraction_score": 0.43561973525872444, "demand_score": 0.58789523215926287, "stress_score": 2.5, "infra_quality_score": 0.5, "gap_score": 0.08789523215926287, "schools_nearby": 16, "stations_nearby": 4, "shops_nearby": 302, "bike_parking_nearby": 0, "bike_parking_capacity_nearby": 0.0, "bike_sharing_nearby": 3, "bike_sharing_capacity_nearby": 12.0, "flat_terrain": 1, "roi_car_trips_per_day": 1187.4282370145127, "roi_congestion_cost_yen_day": 415504.88869611832, "roi_operating_cost_yen_day": 58017.743660529086, "roi_emissions_kg_day": 308.73134162377329, "roi_shifted_trips_per_day": 237.48564740290254, "roi_congestion_savings_yen_day": 83100.977739223657, "roi_operating_savings_yen_day": 11603.548732105819, "roi_emissions_avoided_kg_day": 61.746268324754666, "roi_health_benefit_yen_day": 7124.5694220870764, "roi_parking_spaces_freed": 4.7497129480580513 }, "geometry": { "type": "Polygon", "coordinates": [ [ [ 139.60527666759063, 35.430790215343272 ], [ 139.604710639177796, 35.432541744467443 ], [ 139.602735127414149, 35.43301446334398 ], [ 139.601325739903672, 35.431735672038158 ], [ 139.601891817209321, 35.429984196088768 ], [ 139.603867233135787, 35.429511458270703 ], [ 139.60527666759063, 35.430790215343272 ] ] ] } },
{ "type": "Feature", "properties": { "hex_id": "892f5bd3223ffff", "population": 2400.7573291515832, "production_score": 0.85089326213055516, "attraction_score": 0.29241877256317689, "demand_score": 0.45673815951122726, "stress_score": 2.1315789473684212, "infra_quality_score": 0.62280701754385959, "gap_score": -0.16606885803263233, "schools_nearby": 13, "stations_nearby": 3, "shops_nearby": 195, "bike_parking_nearby": 1, "bike_parking_capacity_nearby": 4.0, "bike_sharing_nearby": 0, "bike_sharing_capacity_nearby": 0.0, "flat_terrain": 0, "roi_car_trips_per_day": 1680.5301304061081, "roi_congestion_cost_yen_day": 588051.10323170538, "roi_operating_cost_yen_day": 82110.702171642435, "roi_emissions_kg_day": 436.93783390558815, "roi_shifted_trips_per_day": 336.10602608122167, "roi_congestion_savings_yen_day": 117610.2206463411, "roi_operating_savings_yen_day": 16422.140434328492, "roi_emissions_avoided_kg_day": 87.387566781117641, "roi_health_benefit_yen_day": 10083.18078243665, "roi_parking_spaces_freed": 6.7221205216244337 }, "geometry": { "type": "Polygon", "coordinates": [ [ [ 139.620506773630552, 35.440074788412346 ], [ 139.619940922492475, 35.441826555303592 ], [ 139.617964880426939, 35.44229946004058 ], [ 139.616554785375257, 35.441020616804828 ], [ 139.617120685464926, 35.4392689030756 ], [ 139.61909663165784, 35.438795979420391 ], [ 139.620506773630552, 35.440074788412346 ] ] ] } },
{ "type": "Feature", "properties": { "hex_id": "892f5bd312fffff", "population": 1450.6935750981984, "production_score": 0.51416499846878305, "attraction_score": 0.039711191335740074, "demand_score": 0.24385666643158307, "stress_score": 2.0, "infra_quality_score": 0.66666666666666674, "gap_score": -0.42281000023508364, "schools_nearby": 5, "stations_nearby": 0, "shops_nearby": 18, "bike_parking_nearby": 0, "bike_parking_capacity_nearby": 0.0, "bike_sharing_nearby": 0, "bike_sharing_capacity_nearby": 0.0, "flat_terrain": 0, "roi_car_trips_per_day": 1015.4855025687388, "roi_congestion_cost_yen_day": 355338.6870588531, "roi_operating_cost_yen_day": 49616.621655508578, "roi_emissions_kg_day": 264.02623066787208, "roi_shifted_trips_per_day": 203.09710051374776, "roi_congestion_savings_yen_day": 71067.73741177062, "roi_operating_savings_yen_day": 9923.3243311017159, "roi_emissions_avoided_kg_day": 52.805246133574421, "roi_health_benefit_yen_day": 6092.9130154124332, "roi_parking_spaces_freed": 4.0619420102749553 }, "geometry": { "type": "Polygon", "coordinates": [ [ [ 139.588368296295869, 35.415445764427098 ], [ 139.587802109422654, 35.417197030498329 ], [ 139.585827319559201, 35.417669601669751 ], [ 139.584418812356915, 35.416390925734625 ], [ 139.584985048051067, 35.414639712853607 ], [ 139.586959742129693, 35.414167122717792 ], [ 139.588368296295869, 35.415445764427098 ] ] ] } },
{ "type": "Feature", "properties": { "hex_id": "892f5bd061bffff", "population": 1228.0715431384924, "production_score": 0.43526173544583113, "attraction_score": 0.064981949458483748, "demand_score": 0.23362187508236387, "stress_score": 2.1707317073170733, "infra_quality_score": 0.60975609756097549, "gap_score": -0.37613422247861161, "schools_nearby": 12, "stations_nearby": 0, "shops_nearby": 18, "bike_parking_nearby": 0, "bike_parking_capacity_nearby": 0.0, "bike_sharing_nearby": 0, "bike_sharing_capacity_nearby": 0.0, "flat_terrain": 0, "roi_car_trips_per_day": 859.6500801969446, "roi_congestion_cost_yen_day": 300808.75606251485, "roi_operating_cost_yen_day": 42002.50291842271, "roi_emissions_kg_day": 223.50902085120561, "roi_shifted_trips_per_day": 171.93001603938893, "roi_congestion_savings_yen_day": 60161.751212502975, "roi_operating_savings_yen_day": 8400.500583684543, "roi_emissions_avoided_kg_day": 44.701804170241125, "roi_health_benefit_yen_day": 5157.9004811816676, "roi_parking_spaces_freed": 3.4386003207877787 }, "geometry": { "type": "Polygon", "coordinates": [ [ [ 139.585813236487752, 35.428983235687014 ], [ 139.585246905618078, 35.430734458289606 ], [ 139.583271806093734, 35.431206822890623 ], [ 139.581863133259731, 35.429927983866776 ], [ 139.582429512960204, 35.428176814452627 ], [ 139.584404516666979, 35.427704430874215 ], [ 139.585813236487752, 35.428983235687014 ] ] ] } },
{ "type": "Feature", "properties": { "hex_id": "892f5bd338fffff", "population": 1696.3972109995523, "production_score": 0.60124900555721494, "attraction_score": 0.46931407942238268, "demand_score": 0.60295794930807656, "stress_score": 2.5652173913043477, "infra_quality_score": 0.47826086956521741, "gap_score": 0.12469707974285915, "schools_nearby": 19, "stations_nearby": 4, "shops_nearby": 321, "bike_parking_nearby": 0, "bike_parking_capacity_nearby": 0.0, "bike_sharing_nearby": 3, "bike_sharing_capacity_nearby": 12.0, "flat_terrain": 1, "roi_car_trips_per_day": 1187.4780476996866, "roi_congestion_cost_yen_day": 415522.31845107436, "roi_operating_cost_yen_day": 58020.177410606688, "roi_emissions_kg_day": 308.74429240191853, "roi_shifted_trips_per_day": 237.49560953993733, "roi_congestion_savings_yen_day": 83104.463690214878, "roi_operating_savings_yen_day": 11604.035482121339, "roi_emissions_avoided_kg_day": 61.74885848038371, "roi_health_benefit_yen_day": 7124.8682861981197, "roi_parking_spaces_freed": 4.7499121907987467 }, "geometry": { "type": "Polygon", "coordinates": [ [ [ 139.607818138446333, 35.428565851887143 ], [ 139.607252168164194, 35.430317421619336 ], [ 139.60527666759063, 35.430790215343272 ], [ 139.603867233135787, 35.429511458270703 ], [ 139.60443325231563, 35.427759941712146 ], [ 139.606408657055738, 35.427287129052807 ], [ 139.607818138446333, 35.428565851887143 ] ] ] } },
{ "type": "Feature", "properties": { "hex_id": "892f5bd3157ffff", "population": 1370.1864697756948, "production_score": 0.48563110516738811, "attraction_score": 0.20216606498194944, "demand_score": 0.28778783308167988, "stress_score": 1.9411764705882353, "infra_quality_score": 0.68627450980392157, "gap_score": -0.3984866767222417, "schools_nearby": 7, "stations_nearby": 2, "shops_nearby": 141, "bike_parking_nearby": 0, "bike_parking_capacity_nearby": 0.0, "bike_sharing_nearby": 2, "bike_sharing_capacity_nearby": 6.0, "flat_terrain": 0, "roi_car_trips_per_day": 959.13052884298634, "roi_congestion_cost_yen_day": 335618.95465273777, "roi_operating_cost_yen_day": 46863.117639268312, "roi_emissions_kg_day": 249.37393749917646, "roi_shifted_trips_per_day": 191.82610576859727, "roi_congestion_savings_yen_day": 67123.790930547562, "roi_operating_savings_yen_day": 9372.6235278536624, "roi_emissions_avoided_kg_day": 49.874787499835293, "roi_health_benefit_yen_day": 5754.7831730579182, "roi_parking_spaces_freed": 3.8365221153719453 }, "geometry": { "type": "Polygon", "coordinates": [ [ [ 139.604444521288798, 35.416444996541692 ], [ 139.603878587921855, 35.418196515925864 ], [ 139.601903470631527, 35.418669385390047 ], [ 139.600494382511101, 35.417390754404821 ], [ 139.601060364749543, 35.415639288199685 ], [ 139.603035386240094, 35.415166399801024 ], [ 139.604444521288798, 35.416444996541692 ] ] ] } },
{ "type": "Feature", "properties": { "hex_id": "892f5bd0643ffff", "population": 840.48249352147093, "production_score": 0.29788970421631172, "attraction_score": 0.039711191335740074, "demand_score": 0.17142118300843551, "stress_score": 2.0652173913043477, "infra_quality_score": 0.64492753623188404, "gap_score": -0.47350635322344853, "schools_nearby": 10, "stations_nearby": 0, "shops_nearby": 3, "bike_parking_nearby": 0, "bike_parking_capacity_nearby": 0.0, "bike_sharing_nearby": 1, "bike_sharing_capacity_nearby": 9.0, "flat_terrain": 0, "roi_car_trips_per_day": 588.33774546502957, "roi_congestion_cost_yen_day": 205871.14389312317, "roi_operating_cost_yen_day": 28746.182243421343, "roi_emissions_kg_day": 152.96781382090771, "roi_shifted_trips_per_day": 117.66754909300592, "roi_congestion_savings_yen_day": 41174.228778624631, "roi_operating_savings_yen_day": 5749.2364486842689, "roi_emissions_avoided_kg_day": 30.593562764181538, "roi_health_benefit_yen_day": 3530.0264727901776, "roi_parking_spaces_freed": 2.3533509818601184 }, "geometry": { "type": "Polygon", "coordinates": [ [ [ 139.587498264775888, 35.435043397668139 ], [ 139.586931915366279, 35.436794645372807 ], [ 139.584956624181558, 35.437266972018399 ], [ 139.583547778243997, 35.435988069937494 ], [ 139.584114176497422, 35.434236875418542 ], [ 139.586089371847777, 35.433764529795127 ], [ 139.587498264775888, 35.435043397668139 ] ] ] } },
{ "type": "Feature", "properties": { "hex_id": "892f5bd33b7ffff", "population": 1349.5873212952652, "production_score": 0.47833021038939794, "attraction_score": 0.3176895306859206, "demand_score": 0.34042509119454328, "stress_score": 2.2363636363636363, "infra_quality_score": 0.58787878787878789, "gap_score": -0.24745369668424461, "schools_nearby": 12, "stations_nearby": 2, "shops_nearby": 222, "bike_parking_nearby": 1, "bike_parking_capacity_nearby": 4.0, "bike_sharing_nearby": 2, "bike_sharing_capacity_nearby": 6.0, "flat_terrain": 0, "roi_car_trips_per_day": 944.71112490668554, "roi_congestion_cost_yen_day": 330573.31682734744, "roi_operating_cost_yen_day": 46158.585562940658, "roi_emissions_kg_day": 245.62489247573825, "roi_shifted_trips_per_day": 188.94222498133712, "roi_congestion_savings_yen_day": 66114.663365469489, "roi_operating_savings_yen_day": 9231.7171125881323, "roi_emissions_avoided_kg_day": 49.124978495147651, "roi_health_benefit_yen_day": 5668.2667494401139, "roi_parking_spaces_freed": 3.7788444996267425 }, "geometry": { "type": "Polygon", "coordinates": [ [ [ 139.600205428858004, 35.423923793818098 ], [ 139.599639370032378, 35.425675244624422 ], [ 139.597664134584022, 35.426147945492119 ], [ 139.596255053780112, 35.424869214500823 ], [ 139.596821161474026, 35.423117816874459 ], [ 139.598796301106717, 35.422645097059736 ], [ 139.600205428858004, 35.423923793818098 ] ] ] } },
{ "type": "Feature", "properties": { "hex_id": "892f5bd329bffff", "population": 1831.0007206107221, "production_score": 0.6489561261380965, "attraction_score": 0.096269554753309269, "demand_score": 0.30004467458650175, "stress_score": 1.7843137254901962, "infra_quality_score": 0.73856209150326801, "gap_score": -0.43851741691676627, "schools_nearby": 8, "stations_nearby": 0, "shops_nearby": 56, "bike_parking_nearby": 0, "bike_parking_capacity_nearby": 0.0, "bike_sharing_nearby": 1, "bike_sharing_capacity_nearby": 20.0, "flat_terrain": 0, "roi_car_trips_per_day": 1281.7005044275054, "roi_congestion_cost_yen_day": 448492.64050927269, "roi_operating_cost_yen_day": 62623.886646327912, "roi_emissions_kg_day": 333.2421311511514, "roi_shifted_trips_per_day": 256.3401008855011, "roi_congestion_savings_yen_day": 89698.52810185455, "roi_operating_savings_yen_day": 12524.777329265584, "roi_emissions_avoided_kg_day": 66.648426230230285, "roi_health_benefit_yen_day": 7690.2030265650328, "roi_parking_spaces_freed": 5.1268020177100224 }, "geometry": { "type": "Polygon", "coordinates": [ [ [ 139.637446768239926, 35.43278566859324 ], [ 139.636881247719998, 35.434537704214044 ], [ 139.634905081512841, 35.43501102034304 ], [ 139.633494531695732, 35.433732319733217 ], [ 139.634060101209712, 35.43198033726479 ], [ 139.636036171549932, 35.431507002254136 ], [ 139.637446768239926, 35.43278566859324 ] ] ] } },
{ "type": "Feature", "properties": { "hex_id": "892f5bd3063ffff", "population": 1600.1568950706073, "production_score": 0.56713883733034343, "attraction_score": 0.21540312876052947, "demand_score": 0.30910095573743929, "stress_score": 1.704225352112676, "infra_quality_score": 0.76525821596244137, "gap_score": -0.45615726022500208, "schools_nearby": 10, "stations_nearby": 2, "shops_nearby": 143, "bike_parking_nearby": 1, "bike_parking_capacity_nearby": 4.0, "bike_sharing_nearby": 1, "bike_sharing_capacity_nearby": 3.0, "flat_terrain": 0, "roi_car_trips_per_day": 1120.1098265494252, "roi_congestion_cost_yen_day": 391948.83050617488, "roi_operating_cost_yen_day": 54728.56612520491, "roi_emissions_kg_day": 291.22855490285053, "roi_shifted_trips_per_day": 224.02196530988505, "roi_congestion_savings_yen_day": 78389.766101234985, "roi_operating_savings_yen_day": 10945.713225040983, "roi_emissions_avoided_kg_day": 58.245710980570117, "roi_health_benefit_yen_day": 6720.6589592965511, "roi_parking_spaces_freed": 4.4804393061977015 }, "geometry": { "type": "Polygon", "coordinates": [ [ [ 139.619671441732748, 35.425727986685523 ], [ 139.619105685559049, 35.427479743942236 ], [ 139.617130038162827, 35.427952799194983 ], [ 139.615720242778707, 35.426674116102483 ], [ 139.616286047882738, 35.424922412012059 ], [ 139.618261599443713, 35.424449337848152 ], [ 139.619671441732748, 35.425727986685523 ] ] ] } },
{ "type": "Feature", "properties": { "hex_id": "892f5bd0693ffff", "population": 1137.1434295724353, "production_score": 0.40303435526370246, "attraction_score": 0.049338146811071001, "demand_score": 0.20968172707752206, "stress_score": 2.0270270270270272, "infra_quality_score": 0.6576576576576576, "gap_score": -0.44797593058013552, "schools_nearby": 7, "stations_nearby": 0, "shops_nearby": 20, "bike_parking_nearby": 0, "bike_parking_capacity_nearby": 0.0, "bike_sharing_nearby": 0, "bike_sharing_capacity_nearby": 0.0, "flat_terrain": 0, "roi_car_trips_per_day": 796.00040070070474, "roi_congestion_cost_yen_day": 278536.46021319064, "roi_operating_cost_yen_day": 38892.579578236437, "roi_emissions_kg_day": 206.96010418218324, "roi_shifted_trips_per_day": 159.20008014014095, "roi_congestion_savings_yen_day": 55707.292042638124, "roi_operating_savings_yen_day": 7778.5159156472873, "roi_emissions_avoided_kg_day": 41.39202083643665, "roi_health_benefit_yen_day": 4776.0024042042287, "roi_parking_spaces_freed": 3.1840016028028191 }, "geometry": { "type": "Polygon", "coordinates": [ [ [ 139.58921075011358, 35.418475703771954 ], [ 139.588644553978384, 35.420226982441541 ], [ 139.586669668321662, 35.420699534648314 ], [ 139.585261074596531, 35.419420827150439 ], [ 139.585827319559201, 35.417669601669751 ], [ 139.587802109422654, 35.417197030498329 ], [ 139.58921075011358, 35.418475703771954 ] ] ] } },
{ "type": "Feature", "properties": { "hex_id": "892f5bd045bffff", "population": 1561.4852412131854, "production_score": 0.5534325583561357, "attraction_score": 0.028880866425992781, "demand_score": 0.24996354482759112, "stress_score": 1.9230769230769231, "infra_quality_score": 0.69230769230769229, "gap_score": -0.4423441474801012, "schools_nearby": 4, "stations_nearby": 0, "shops_nearby": 12, "bike_parking_nearby": 0, "bike_parking_capacity_nearby": 0.0, "bike_sharing_nearby": 1, "bike_sharing_capacity_nearby": 4.0, "flat_terrain": 0, "roi_car_trips_per_day": 1093.0396688492299, "roi_congestion_cost_yen_day": 382476.44092372252, "roi_operating_cost_yen_day": 53405.91821997337, "roi_emissions_kg_day": 284.19031390079977, "roi_shifted_trips_per_day": 218.607933769846, "roi_congestion_savings_yen_day": 76495.28818474451, "roi_operating_savings_yen_day": 10681.183643994675, "roi_emissions_avoided_kg_day": 56.838062780159959, "roi_health_benefit_yen_day": 6558.2380130953798, "roi_parking_spaces_freed": 4.3721586753969204 }, "geometry": { "type": "Polygon", "coordinates": [ [ [ 139.584985048051067, 35.414639712853607 ], [ 139.584418812356915, 35.416390925734625 ], [ 139.582444107161365, 35.416863441059093 ], [ 139.581035733443258, 35.415584762473202 ], [ 139.581602017946921, 35.413833602784891 ], [ 139.583576627362334, 35.413361068490111 ], [ 139.584985048051067, 35.414639712853607 ] ] ] } },
{ "type": "Feature", "properties": { "hex_id": "892f5bd31cfffff", "population": 1338.3801584988048, "production_score": 0.47435808909445704, "attraction_score": 0.087845968712394709, "demand_score": 0.24579102807553535, "stress_score": 1.9803921568627452, "infra_quality_score": 0.67320261437908502, "gap_score": -0.4274115863035497, "schools_nearby": 6, "stations_nearby": 1, "shops_nearby": 52, "bike_parking_nearby": 0, "bike_parking_capacity_nearby": 0.0, "bike_sharing_nearby": 0, "bike_sharing_capacity_nearby": 0.0, "flat_terrain": 0, "roi_car_trips_per_day": 936.8661109491635, "roi_congestion_cost_yen_day": 327828.18954333133, "roi_operating_cost_yen_day": 45775.278180976129, "roi_emissions_kg_day": 243.58518884678253, "roi_shifted_trips_per_day": 187.37322218983272, "roi_congestion_savings_yen_day": 65565.637908666264, "roi_operating_savings_yen_day": 9155.0556361952258, "roi_emissions_avoided_kg_day": 48.717037769356509, "roi_health_benefit_yen_day": 5621.1966656949817, "roi_parking_spaces_freed": 3.7474644437966544 }, "geometry": { "type": "Polygon", "coordinates": [ [ [ 139.606985502655533, 35.414220492306235 ], [ 139.606419627396093, 35.415972052258624 ], [ 139.604444521288798, 35.416444996541692 ], [ 139.603035386240094, 35.415166399801024 ], [ 139.603601310375922, 35.413414893026577 ], [ 139.605576320687192, 35.412941929815162 ], [ 139.606985502655533, 35.414220492306235 ] ] ] } },
{ "type": "Feature", "properties": { "hex_id": "892f5bd06bbffff", "population": 1007.92451575347, "production_score": 0.3572356809148699, "attraction_score": 0.057761732851985562, "demand_score": 0.19810623767554228, "stress_score": 2.0571428571428569, "infra_quality_score": 0.64761904761904776, "gap_score": -0.44951280994350551, "schools_nearby": 8, "stations_nearby": 0, "shops_nearby": 24, "bike_parking_nearby": 0, "bike_parking_capacity_nearby": 0.0, "bike_sharing_nearby": 0, "bike_sharing_capacity_nearby": 0.0, "flat_terrain": 0, "roi_car_trips_per_day": 705.54716102742907, "roi_congestion_cost_yen_day": 246885.06258671798, "roi_operating_cost_yen_day": 34473.034287800183, "roi_emissions_kg_day": 183.44226186713158, "roi_shifted_trips_per_day": 141.10943220548583, "roi_congestion_savings_yen_day": 49377.012517343603, "roi_operating_savings_yen_day": 6894.6068575600375, "roi_emissions_avoided_kg_day": 36.688452373426315, "roi_health_benefit_yen_day": 4233.2829661645746, "roi_parking_spaces_freed": 2.8221886441097168 }, "geometry": { "type": "Polygon", "coordinates": [ [ [ 139.580745158462605, 35.422116929918189 ], [ 139.580178797318865, 35.423868074191205 ], [ 139.578203974117031, 35.424340420898524 ], [ 139.576795607858202, 35.423061642316036 ], [ 139.577362017808213, 35.421310551236694 ], [ 139.579336745213993, 35.420838185546479 ], [ 139.580745158462605, 35.422116929918189 ] ] ] } },
{ "type": "Feature", "properties": { "hex_id": "892f5bd3313ffff", "population": 1664.3437909754098, "production_score": 0.58988840746776872, "attraction_score": 0.37665463297232249, "demand_score": 0.54573687266467019, "stress_score": 2.1489361702127661, "infra_quality_score": 0.61702127659574457, "gap_score": -0.07128440393107438, "schools_nearby": 20, "stations_nearby": 3, "shops_nearby": 244, "bike_parking_nearby": 1, "bike_parking_capacity_nearby": 4.0, "bike_sharing_nearby": 1, "bike_sharing_capacity_nearby": 9.0, "flat_terrain": 1, "roi_car_trips_per_day": 1165.040653682787, "roi_congestion_cost_yen_day": 407671.02553668083, "roi_operating_cost_yen_day": 56923.886338940974, "roi_emissions_kg_day": 302.91056995752461, "roi_shifted_trips_per_day": 233.0081307365574, "roi_congestion_savings_yen_day": 81534.205107336165, "roi_operating_savings_yen_day": 11384.777267788195, "roi_emissions_avoided_kg_day": 60.582113991504926, "roi_health_benefit_yen_day": 6990.2439220967226, "roi_parking_spaces_freed": 4.6601626147311483 }, "geometry": { "type": "Polygon", "coordinates": [ [ [ 139.608661736163583, 35.431596175954859 ], [ 139.60809575665499, 35.433347758251301 ], [ 139.606120160239584, 35.433820533039658 ], [ 139.604710639177796, 35.432541744467443 ], [ 139.60527666759063, 35.430790215343272 ], [ 139.607252168164194, 35.430317421619336 ], [ 139.608661736163583, 35.431596175954859 ] ] ] } },
{ "type": "Feature", "properties": { "hex_id": "892f5bd333bffff", "population": 1338.074156428185, "production_score": 0.47424963369293571, "attraction_score": 0.11793020457280386, "demand_score": 0.25984915028956057, "stress_score": 2.0517241379310347, "infra_quality_score": 0.64942528735632177, "gap_score": -0.3895761370667612, "schools_nearby": 6, "stations_nearby": 1, "shops_nearby": 77, "bike_parking_nearby": 0, "bike_parking_capacity_nearby": 0.0, "bike_sharing_nearby": 0, "bike_sharing_capacity_nearby": 0.0, "flat_terrain": 0, "roi_car_trips_per_day": 936.65190949972964, "roi_congestion_cost_yen_day": 327753.23617214541, "roi_operating_cost_yen_day": 45764.812298156787, "roi_emissions_kg_day": 243.52949646992971, "roi_shifted_trips_per_day": 187.33038189994593, "roi_congestion_savings_yen_day": 65550.647234429081, "roi_operating_savings_yen_day": 9152.9624596313588, "roi_emissions_avoided_kg_day": 48.705899293985944, "roi_health_benefit_yen_day": 5619.9114569983776, "roi_parking_spaces_freed": 3.7466076379989186 }, "geometry": { "type": "Polygon", "coordinates": [ [ [ 139.600193517923998, 35.435238595876477 ], [ 139.599627373247557, 35.436990043757959 ], [ 139.597651839127394, 35.437462612928037 ], [ 139.59624254553151, 35.436183753170788 ], [ 139.596808739090989, 35.43443235846636 ], [ 139.598784177366497, 35.43395977034244 ], [ 139.600193517923998, 35.435238595876477 ] ] ] } },
{ "type": "Feature", "properties": { "hex_id": "892f5bd3103ffff", "population": 1558.3362088439501, "production_score": 0.55231645620258729, "attraction_score": 0.055354993983152828, "demand_score": 0.26121441932971495, "stress_score": 1.9705882352941178, "infra_quality_score": 0.67647058823529416, "gap_score": -0.4152561689055792, "schools_nearby": 5, "stations_nearby": 0, "shops_nearby": 31, "bike_parking_nearby": 0, "bike_parking_capacity_nearby": 0.0, "bike_sharing_nearby": 3, "bike_sharing_capacity_nearby": 7.0, "flat_terrain": 0, "roi_car_trips_per_day": 1090.835346190765, "roi_congestion_cost_yen_day": 381705.10433907248, "roi_operating_cost_yen_day": 53298.215014880778, "roi_emissions_kg_day": 283.61719000959891, "roi_shifted_trips_per_day": 218.167069238153, "roi_congestion_savings_yen_day": 76341.020867814499, "roi_operating_savings_yen_day": 10659.643002976156, "roi_emissions_avoided_kg_day": 56.723438001919781, "roi_health_benefit_yen_day": 6545.01207714459, "roi_parking_spaces_freed": 4.3633413847630598 }, "geometry": { "type": "Polygon", "coordinates": [ [ [ 139.600217336190127, 35.41260923516446 ], [ 139.599651363189338, 35.414360688758492 ], [ 139.597676426322522, 35.414833521280976 ], [ 139.596267558246325, 35.413554919149952 ], [ 139.596833580100707, 35.411803518738843 ], [ 139.598808421180792, 35.41133066727614 ], [ 139.600217336190127, 35.41260923516446 ] ] ] } },
{ "type": "Feature", "properties": { "hex_id": "892f5bd312bffff", "population": 1436.3645458256208, "production_score": 0.50908640334679445, "attraction_score": 0.060168471720818288, "demand_score": 0.24815224975192529, "stress_score": 1.9782608695652173, "infra_quality_score": 0.67391304347826098, "gap_score": -0.42576079372633568, "schools_nearby": 6, "stations_nearby": 0, "shops_nearby": 32, "bike_parking_nearby": 0, "bike_parking_capacity_nearby": 0.0, "bike_sharing_nearby": 0, "bike_sharing_capacity_nearby": 0.0, "flat_terrain": 0, "roi_car_trips_per_day": 1005.4551820779345, "roi_congestion_cost_yen_day": 351828.87731271086, "roi_operating_cost_yen_day": 49126.540196327878, "roi_emissions_kg_day": 261.41834734026298, "roi_shifted_trips_per_day": 201.09103641558693, "roi_congestion_savings_yen_day": 70365.77546254218, "roi_operating_savings_yen_day": 9825.3080392655775, "roi_emissions_avoided_kg_day": 52.283669468052601, "roi_health_benefit_yen_day": 6032.7310924676076, "roi_parking_spaces_freed": 4.0218207283117389 }, "geometry": { "type": "Polygon", "coordinates": [ [ [ 139.591751762678797, 35.416251757486435 ], [ 139.591185624638001, 35.418003076745414 ], [ 139.58921075011358, 35.418475703771954 ], [ 139.587802109422654, 35.417197030498329 ], [ 139.588368296295869, 35.415445764427098 ], [ 139.590343075030773, 35.41497311844207 ], [ 139.591751762678797, 35.416251757486435 ] ] ] } },
{ "type": "Feature", "properties": { "hex_id": "892f5bd0617ffff", "population": 1169.4538045609165, "production_score": 0.41448602513502847, "attraction_score": 0.063778580024067388, "demand_score": 0.22820342261649434, "stress_score": 2.2162162162162162, "infra_quality_score": 0.59459459459459452, "gap_score": -0.36639117197810017, "schools_nearby": 9, "stations_nearby": 0, "shops_nearby": 26, "bike_parking_nearby": 0, "bike_parking_capacity_nearby": 0.0, "bike_sharing_nearby": 2, "bike_sharing_capacity_nearby": 10.0, "flat_terrain": 0, "roi_car_trips_per_day": 818.61766319264166, "roi_congestion_cost_yen_day": 286450.6927043692, "roi_operating_cost_yen_day": 39997.659023592474, "roi_emissions_kg_day": 212.84059243008684, "roi_shifted_trips_per_day": 163.72353263852835, "roi_congestion_savings_yen_day": 57290.138540873842, "roi_operating_savings_yen_day": 7999.5318047184956, "roi_emissions_avoided_kg_day": 42.568118486017376, "roi_health_benefit_yen_day": 4911.7059791558504, "roi_parking_spaces_freed": 3.2744706527705674 }, "geometry": { "type": "Polygon", "coordinates": [ [ [ 139.5815872970866, 35.425146850122502 ], [ 139.581020926664053, 35.42689800697061 ], [ 139.579046007657752, 35.427370334694842 ], [ 139.577637554881647, 35.426091524554337 ], [ 139.578203974117031, 35.424340420898524 ], [ 139.580178797318865, 35.423868074191205 ], [ 139.5815872970866, 35.425146850122502 ] ] ] } },
{ "type": "Feature", "properties": { "hex_id": "892f5bd338bffff", "population": 1696.5102978301202, "production_score": 0.60128908658539615, "attraction_score": 0.41636582430806257, "demand_score": 0.58666702369075929, "stress_score": 2.6097560975609757, "infra_quality_score": 0.46341463414634143, "gap_score": 0.12325238954441786, "schools_nearby": 20, "stations_nearby": 5, "shops_nearby": 271, "bike_parking_nearby": 2, "bike_parking_capacity_nearby": 8.0, "bike_sharing_nearby": 4, "bike_sharing_capacity_nearby": 34.0, "flat_terrain": 1, "roi_car_trips_per_day": 1187.557208481084, "roi_congestion_cost_yen_day": 415550.01839170093, "roi_operating_cost_yen_day": 58024.045206385767, "roi_emissions_kg_day": 308.76487420508187, "roi_shifted_trips_per_day": 237.51144169621682, "roi_congestion_savings_yen_day": 83110.003678340188, "roi_operating_savings_yen_day": 11604.809041277154, "roi_emissions_avoided_kg_day": 61.752974841016375, "roi_health_benefit_yen_day": 7125.3432508865044, "roi_parking_spaces_freed": 4.7502288339243366 }, "geometry": { "type": "Polygon", "coordinates": [ [ [ 139.611203242750179, 35.429371703413501 ], [ 139.610637321377169, 35.431123326316822 ], [ 139.608661736163583, 35.431596175954859 ], [ 139.607252168164194, 35.430317421619336 ], [ 139.607818138446333, 35.428565851887143 ], [ 139.609793627821858, 35.428092983319644 ], [ 139.611203242750179, 35.429371703413501 ] ] ] } },
{ "type": "Feature", "properties": { "hex_id": "892f5bd3153ffff", "population": 1385.3738861344618, "production_score": 0.49101393586498848, "attraction_score": 0.18772563176895307, "demand_score": 0.28755884867187953, "stress_score": 2.0, "infra_quality_score": 0.66666666666666674, "gap_score": -0.37910781799478721, "schools_nearby": 8, "stations_nearby": 1, "shops_nearby": 129, "bike_parking_nearby": 0, "bike_parking_capacity_nearby": 0.0, "bike_sharing_nearby": 0, "bike_sharing_capacity_nearby": 0.0, "flat_terrain": 0, "roi_car_trips_per_day": 969.76172029412317, "roi_congestion_cost_yen_day": 339339.0211653196, "roi_operating_cost_yen_day": 47382.557653570861, "roi_emissions_kg_day": 252.13804727647204, "roi_shifted_trips_per_day": 193.95234405882465, "roi_congestion_savings_yen_day": 67867.804233063929, "roi_operating_savings_yen_day": 9476.5115307141714, "roi_emissions_avoided_kg_day": 50.427609455294409, "roi_health_benefit_yen_day": 5818.5703217647397, "roi_parking_spaces_freed": 3.8790468811764929 }, "geometry": { "type": "Polygon", "coordinates": [ [ [ 139.607828895937757, 35.417250646288011 ], [ 139.607263011453767, 35.419002218848775 ], [ 139.605287809541977, 35.419475144203268 ], [ 139.603878587921855, 35.418196515925864 ], [ 139.604444521288798, 35.416444996541692 ], [ 139.606419627396093, 35.415972052258624 ], [ 139.607828895937757, 35.417250646288011 ] ] ] } },
{ "type": "Feature", "properties": { "hex_id": "892f5bd33b3ffff", "population": 1560.7130279710982, "production_score": 0.55315886511915524, "attraction_score": 0.40553549939831529, "demand_score": 0.5452652498033369, "stress_score": 2.1944444444444446, "infra_quality_score": 0.60185185185185186, "gap_score": -0.056586602048514956, "schools_nearby": 17, "stations_nearby": 4, "shops_nearby": 274, "bike_parking_nearby": 0, "bike_parking_capacity_nearby": 0.0, "bike_sharing_nearby": 1, "bike_sharing_capacity_nearby": 5.0, "flat_terrain": 1, "roi_car_trips_per_day": 1092.4991195797686, "roi_congestion_cost_yen_day": 382287.29192335263, "roi_operating_cost_yen_day": 53379.506982667495, "roi_emissions_kg_day": 284.04977109073985, "roi_shifted_trips_per_day": 218.49982391595373, "roi_congestion_savings_yen_day": 76457.458384670535, "roi_operating_savings_yen_day": 10675.9013965335, "roi_emissions_avoided_kg_day": 56.809954218147972, "roi_health_benefit_yen_day": 6554.9947174786121, "roi_parking_spaces_freed": 4.3699964783190746 }, "geometry": { "type": "Polygon", "coordinates": [ [ [ 139.603589914404324, 35.42472971216425 ], [ 139.603023904458411, 35.426481216148083 ], [ 139.601048584360711, 35.426953972907491 ], [ 139.599639370032378, 35.425675244624422 ], [ 139.600205428858004, 35.423923793818098 ], [ 139.602180653135349, 35.423451018117596 ], [ 139.603589914404324, 35.42472971216425 ] ] ] } },
{ "type": "Feature", "properties": { "hex_id": "892f5bd3297ffff", "population": 942.06042670500085, "production_score": 0.33389166821221378, "attraction_score": 0.10469314079422383, "demand_score": 0.20215333180090181, "stress_score": 1.972972972972973, "infra_quality_score": 0.67567567567567566, "gap_score": -0.47352234387477388, "schools_nearby": 9, "stations_nearby": 0, "shops_nearby": 60, "bike_parking_nearby": 0, "bike_parking_capacity_nearby": 0.0, "bike_sharing_nearby": 1, "bike_sharing_capacity_nearby": 27.0, "flat_terrain": 0, "roi_car_trips_per_day": 659.44229869350056, "roi_congestion_cost_yen_day": 230752.04915882973, "roi_operating_cost_yen_day": 32220.350714164437, "roi_emissions_kg_day": 171.45499766031014, "roi_shifted_trips_per_day": 131.88845973870011, "roi_congestion_savings_yen_day": 46150.409831765945, "roi_operating_savings_yen_day": 6444.0701428328875, "roi_emissions_avoided_kg_day": 34.290999532062031, "roi_health_benefit_yen_day": 3956.6537921610034, "roi_parking_spaces_freed": 2.6377691947740023 }, "geometry": { "type": "Polygon", "coordinates": [ [ [ 139.633215198419833, 35.428949698209728 ], [ 139.632649638081745, 35.430701668106572 ], [ 139.630673652316318, 35.431174947149202 ], [ 139.629263322746027, 35.429896275182642 ], [ 139.62982893206015, 35.428144358442061 ], [ 139.631804821971684, 35.427671060512061 ], [ 139.633215198419833, 35.428949698209728 ] ] ] } },
{ "type": "Feature", "properties": { "hex_id": "892f5bd317bffff", "population": 1322.4856283305596, "production_score": 0.46872463815767695, "attraction_score": 0.26594464500601683, "demand_score": 0.3092619086817609, "stress_score": 2.0425531914893615, "infra_quality_score": 0.65248226950354615, "gap_score": -0.34322036082178525, "schools_nearby": 11, "stations_nearby": 2, "shops_nearby": 182, "bike_parking_nearby": 0, "bike_parking_capacity_nearby": 0.0, "bike_sharing_nearby": 0, "bike_sharing_capacity_nearby": 0.0, "flat_terrain": 0, "roi_car_trips_per_day": 925.73993983139178, "roi_congestion_cost_yen_day": 323934.91974580061, "roi_operating_cost_yen_day": 45231.653460161804, "roi_emissions_kg_day": 240.69238435616188, "roi_shifted_trips_per_day": 185.14798796627838, "roi_congestion_savings_yen_day": 64786.983949160131, "roi_operating_savings_yen_day": 9046.3306920323612, "roi_emissions_avoided_kg_day": 48.138476871232378, "roi_health_benefit_yen_day": 5554.4396389883514, "roi_parking_spaces_freed": 3.7029597593255676 }, "geometry": { "type": "Polygon", "coordinates": [ [ [ 139.599362350690882, 35.420893658838551 ], [ 139.598796301106717, 35.422645097059736 ], [ 139.596821161474026, 35.423117816874459 ], [ 139.595412167235992, 35.421839117415125 ], [ 139.595978265681907, 35.420087732375315 ], [ 139.597953309507318, 35.419614993613763 ], [ 139.599362350690882, 35.420893658838551 ] ] ] } },
{ "type": "Feature", "properties": { "hex_id": "892f5bd33dbffff", "population": 2422.5492650421365, "production_score": 0.85861691299392906, "attraction_score": 0.43922984356197353, "demand_score": 0.68303424358244458, "stress_score": 2.5757575757575757, "infra_quality_score": 0.47474747474747481, "gap_score": 0.20828676883496977, "schools_nearby": 21, "stations_nearby": 4, "shops_nearby": 290, "bike_parking_nearby": 1, "bike_parking_capacity_nearby": 4.0, "bike_sharing_nearby": 10, "bike_sharing_capacity_nearby": 90.0, "flat_terrain": 1, "roi_car_trips_per_day": 1695.7844855294954, "roi_congestion_cost_yen_day": 593388.90717648109, "roi_operating_cost_yen_day": 82856.029962971152, "roi_emissions_kg_day": 440.90396623766884, "roi_shifted_trips_per_day": 339.15689710589913, "roi_congestion_savings_yen_day": 118677.78143529623, "roi_operating_savings_yen_day": 16571.20599259423, "roi_emissions_avoided_kg_day": 88.180793247533771, "roi_health_benefit_yen_day": 10174.706913176975, "roi_parking_spaces_freed": 6.7831379421179827 }, "geometry": { "type": "Polygon", "coordinates": [ [ [ 139.618818251006644, 35.434013705742487 ], [ 139.61825241827944, 35.435765447540703 ], [ 139.616276567950763, 35.436238390113886 ], [ 139.614866646208327, 35.434959609806903 ], [ 139.615432527874134, 35.433207921173434 ], [ 139.617408282346958, 35.432734959682499 ], [ 139.618818251006644, 35.434013705742487 ] ] ] } },
{ "type": "Feature", "properties": { "hex_id": "892f5bd068fffff", "population": 1009.2979883054661, "production_score": 0.35772247669636092, "attraction_score": 0.067388688327316482, "demand_score": 0.19878890775828706, "stress_score": 2.0, "infra_quality_score": 0.66666666666666674, "gap_score": -0.46787775890837968, "schools_nearby": 10, "stations_nearby": 0, "shops_nearby": 26, "bike_parking_nearby": 0, "bike_parking_capacity_nearby": 0.0, "bike_sharing_nearby": 0, "bike_sharing_capacity_nearby": 0.0, "flat_terrain": 0, "roi_car_trips_per_day": 706.50859181382623, "roi_congestion_cost_yen_day": 247221.4864474941, "roi_operating_cost_yen_day": 34520.009796023551, "roi_emissions_kg_day": 183.69223387159482, "roi_shifted_trips_per_day": 141.30171836276526, "roi_congestion_savings_yen_day": 49444.29728949882, "roi_operating_savings_yen_day": 6904.0019592047101, "roi_emissions_avoided_kg_day": 36.738446774318966, "roi_health_benefit_yen_day": 4239.0515508829576, "roi_parking_spaces_freed": 2.8260343672553052 }, "geometry": { "type": "Polygon", "coordinates": [ [ [ 139.58412851731029, 35.422923250102748 ], [ 139.583562204984247, 35.4246744475669 ], [ 139.5815872970866, 35.425146850122502 ], [ 139.580178797318865, 35.423868074191205 ], [ 139.580745158462605, 35.422116929918189 ], [ 139.582719970559538, 35.421644508385647 ], [ 139.58412851731029, 35.422923250102748 ] ] ] } },
{ "type": "Feature", "properties": { "hex_id": "892f5bd330fffff", "population": 1215.4261538461658, "production_score": 0.43077986782214212, "attraction_score": 0.1444043321299639, "demand_score": 0.26006446998323707, "stress_score": 2.175, "infra_quality_score": 0.60833333333333339, "gap_score": -0.34826886335009632, "schools_nearby": 8, "stations_nearby": 1, "shops_nearby": 93, "bike_parking_nearby": 1, "bike_parking_capacity_nearby": 4.0, "bike_sharing_nearby": 1, "bike_sharing_capacity_nearby": 3.0, "flat_terrain": 0, "roi_car_trips_per_day": 850.79830769231603, "roi_congestion_cost_yen_day": 297711.34382769524, "roi_operating_cost_yen_day": 41570.005313846559, "roi_emissions_kg_day": 221.20756, "roi_shifted_trips_per_day": 170.15966153846321, "roi_congestion_savings_yen_day": 59542.268765539047, "roi_operating_savings_yen_day": 8314.0010627693118, "roi_emissions_avoided_kg_day": 44.241512, "roi_health_benefit_yen_day": 5104.7898461538962, "roi_parking_spaces_freed": 3.4031932307692645 }, "geometry": { "type": "Polygon", "coordinates": [ [ [ 139.603578514985458, 35.436044774655102 ], [ 139.603012419203452, 35.437796275711179 ], [ 139.601036800408252, 35.438268900788472 ], [ 139.599627373247557, 35.436990043757959 ], [ 139.600193517923998, 35.435238595876477 ], [ 139.602169040869882, 35.434765951851247 ], [ 139.603578514985458, 35.436044774655102 ] ] ] } },
{ "type": "Feature", "properties": { "hex_id": "892f5bd3337ffff", "population": 1417.9168703163241, "production_score": 0.50254804871918246, "attraction_score": 0.19614921780986763, "demand_score": 0.29454404328516753, "stress_score": 2.0, "infra_quality_score": 0.66666666666666674, "gap_score": -0.37212262338149921, "schools_nearby": 13, "stations_nearby": 2, "shops_nearby": 118, "bike_parking_nearby": 0, "bike_parking_capacity_nearby": 0.0, "bike_sharing_nearby": 0, "bike_sharing_capacity_nearby": 0.0, "flat_terrain": 0, "roi_car_trips_per_day": 992.54180922142677, "roi_congestion_cost_yen_day": 347310.22988276166, "roi_operating_cost_yen_day": 48495.592798558915, "roi_emissions_kg_day": 258.06087039757097, "roi_shifted_trips_per_day": 198.50836184428536, "roi_congestion_savings_yen_day": 69462.045976552341, "roi_operating_savings_yen_day": 9699.1185597117819, "roi_emissions_avoided_kg_day": 51.612174079514197, "roi_health_benefit_yen_day": 5955.2508553285606, "roi_parking_spaces_freed": 3.9701672368857075 }, "geometry": { "type": "Polygon", "coordinates": [ [ [ 139.595965716395852, 35.431402148060016 ], [ 139.595399532087157, 35.433153530212913 ], [ 139.593424178488988, 35.433626062443786 ], [ 139.592015105034278, 35.432347231481621 ], [ 139.592581338208106, 35.430595902509644 ], [ 139.594556595974666, 35.430123351319196 ], [ 139.595965716395852, 35.431402148060016 ] ] ] } },
{ "type": "Feature", "properties": { "hex_id": "892f5bd3127ffff", "population": 1567.3138974559656, "production_score": 0.55549839160968228, "attraction_score": 0.022864019253910951, "demand_score": 0.25783224920766301, "stress_score": 2.1081081081081079, "infra_quality_score": 0.63063063063063063, "gap_score": -0.37279838142296762, "schools_nearby": 3, "stations_nearby": 0, "shops_nearby": 10, "bike_parking_nearby": 0, "bike_parking_capacity_nearby": 0.0, "bike_sharing_nearby": 1, "bike_sharing_capacity_nearby": 4.0, "flat_terrain": 0, "roi_car_trips_per_day": 1097.1197282191761, "roi_congestion_cost_yen_day": 383904.13529845409, "roi_operating_cost_yen_day": 53605.269920788945, "roi_emissions_kg_day": 285.2511293369858, "roi_shifted_trips_per_day": 219.42394564383522, "roi_congestion_savings_yen_day": 76780.827059690826, "roi_operating_savings_yen_day": 10721.053984157788, "roi_emissions_avoided_kg_day": 57.05022586739716, "roi_health_benefit_yen_day": 6582.7183693150564, "roi_parking_spaces_freed": 4.388478912876705 }, "geometry": { "type": "Polygon", "coordinates": [ [ [ 139.587525919740017, 35.412415869253984 ], [ 139.586959742129693, 35.414167122717792 ], [ 139.584985048051067, 35.414639712853607 ], [ 139.583576627362334, 35.413361068490111 ], [ 139.584142853787029, 35.411609868217866 ], [ 139.58611745208924, 35.411137259117858 ], [ 139.587525919740017, 35.412415869253984 ] ] ] } },
{ "type": "Feature", "properties": { "hex_id": "892f5bd0613ffff", "population": 1221.6019089352762, "production_score": 0.43296872228489186, "attraction_score": 0.070998796630565589, "demand_score": 0.23284024452363589, "stress_score": 2.129032258064516, "infra_quality_score": 0.62365591397849474, "gap_score": -0.39081566945485885, "schools_nearby": 11, "stations_nearby": 0, "shops_nearby": 26, "bike_parking_nearby": 0, "bike_parking_capacity_nearby": 0.0, "bike_sharing_nearby": 2, "bike_sharing_capacity_nearby": 10.0, "flat_terrain": 0, "roi_car_trips_per_day": 855.12133625469335, "roi_congestion_cost_yen_day": 299224.05798224232, "roi_operating_cost_yen_day": 41781.228489404319, "roi_emissions_kg_day": 222.33154742622028, "roi_shifted_trips_per_day": 171.02426725093869, "roi_congestion_savings_yen_day": 59844.811596448468, "roi_operating_savings_yen_day": 8356.2456978808641, "roi_emissions_avoided_kg_day": 44.466309485244061, "roi_health_benefit_yen_day": 5130.7280175281612, "roi_parking_spaces_freed": 3.4204853450187738 }, "geometry": { "type": "Polygon", "coordinates": [ [ [ 139.584970838265292, 35.425953220836284 ], [ 139.584404516666979, 35.427704430874215 ], [ 139.582429512960204, 35.428176814452627 ], [ 139.581020926664053, 35.42689800697061 ], [ 139.5815872970866, 35.425146850122502 ], [ 139.583562204984247, 35.4246744475669 ], [ 139.584970838265292, 35.425953220836284 ] ] ] } },
{ "type": "Feature", "properties": { "hex_id": "892f5bd3387ffff", "population": 1654.4906991123407, "production_score": 0.58639620549648419, "attraction_score": 0.44765342960288806, "demand_score": 0.57117663154403953, "stress_score": 2.1851851851851851, "infra_quality_score": 0.60493827160493829, "gap_score": -0.033761640060898768, "schools_nearby": 18, "stations_nearby": 4, "shops_nearby": 306, "bike_parking_nearby": 0, "bike_parking_capacity_nearby": 0.0, "bike_sharing_nearby": 1, "bike_sharing_capacity_nearby": 5.0, "flat_terrain": 1, "roi_car_trips_per_day": 1158.1434893786384, "roi_congestion_cost_yen_day": 405257.56980337313, "roi_operating_cost_yen_day": 56586.890891040268, "roi_emissions_kg_day": 301.11730723844602, "roi_shifted_trips_per_day": 231.62869787572768, "roi_congestion_savings_yen_day": 81051.513960674638, "roi_operating_savings_yen_day": 11317.378178208055, "roi_emissions_avoided_kg_day": 60.223461447689196, "roi_health_benefit_yen_day": 6948.8609362718307, "roi_parking_spaces_freed": 4.6325739575145537 }, "geometry": { "type": "Polygon", "coordinates": [ [ [ 139.606974618110485, 35.425535571893974 ], [ 139.606408657055738, 35.427287129052807 ], [ 139.60443325231563, 35.427759941712146 ], [ 139.603023904458411, 35.426481216148083 ], [ 139.603589914404324, 35.42472971216425 ], [ 139.605565223319417, 35.424256880569764 ], [ 139.606974618110485, 35.425535571893974 ] ] ] } },
{ "type": "Feature", "properties": { "hex_id": "892f5bd314fffff", "population": 1375.1228251832501, "production_score": 0.48738068289636871, "attraction_score": 0.29241877256317689, "demand_score": 0.48910627999907619, "stress_score": 2.3235294117647061, "infra_quality_score": 0.55882352941176472, "gap_score": -0.069717249412688531, "schools_nearby": 14, "stations_nearby": 2, "shops_nearby": 195, "bike_parking_nearby": 0, "bike_parking_capacity_nearby": 0.0, "bike_sharing_nearby": 0, "bike_sharing_capacity_nearby": 0.0, "flat_terrain": 1, "roi_car_trips_per_day": 962.58597762827503, "roi_congestion_cost_yen_day": 336828.085291686, "roi_operating_cost_yen_day": 47031.950866917519, "roi_emissions_kg_day": 250.27235418335152, "roi_shifted_trips_per_day": 192.51719552565501, "roi_congestion_savings_yen_day": 67365.6170583372, "roi_operating_savings_yen_day": 9406.3901733835046, "roi_emissions_avoided_kg_day": 50.054470836670305, "roi_health_benefit_yen_day": 5775.5158657696502, "roi_parking_spaces_freed": 3.8503439105131005 }, "geometry": { "type": "Polygon", "coordinates": [ [ [ 139.602746653846339, 35.421699526717546 ], [ 139.602180653135349, 35.423451018117596 ], [ 139.600205428858004, 35.423923793818098 ], [ 139.598796301106717, 35.422645097059736 ], [ 139.599362350690882, 35.420893658838551 ], [ 139.601337479156314, 35.420420864197183 ], [ 139.602746653846339, 35.421699526717546 ] ] ] } },
{ "type": "Feature", "properties": { "hex_id": "892f5bd33afffff", "population": 1419.9307062314067, "production_score": 0.50326180657816022, "attraction_score": 0.32731648616125153, "demand_score": 0.34396327202401145, "stress_score": 2.0652173913043477, "infra_quality_score": 0.64492753623188404, "gap_score": -0.30096426420787259, "schools_nearby": 12, "stations_nearby": 3, "shops_nearby": 227, "bike_parking_nearby": 0, "bike_parking_capacity_nearby": 0.0, "bike_sharing_nearby": 0, "bike_sharing_capacity_nearby": 0.0, "flat_terrain": 0, "roi_car_trips_per_day": 993.9514943619846, "roi_congestion_cost_yen_day": 347803.50690714567, "roi_operating_cost_yen_day": 48564.470014526567, "roi_emissions_kg_day": 258.42738853411601, "roi_shifted_trips_per_day": 198.79029887239693, "roi_congestion_savings_yen_day": 69560.701381429142, "roi_operating_savings_yen_day": 9712.8940029053138, "roi_emissions_avoided_kg_day": 51.685477706823207, "roi_health_benefit_yen_day": 5963.7089661719083, "roi_parking_spaces_freed": 3.9758059774479388 }, "geometry": { "type": "Polygon", "coordinates": [ [ [ 139.598507185022186, 35.429178118210324 ], [ 139.597941058835119, 35.430929540982433 ], [ 139.595965716395852, 35.431402148060016 ], [ 139.594556595974666, 35.430123351319196 ], [ 139.595122771031669, 35.42837198172689 ], [ 139.597098017643077, 35.427899355695892 ], [ 139.598507185022186, 35.429178118210324 ] ] ] } },
{ "type": "Feature", "properties": { "hex_id": "892f5bd3293ffff", "population": 942.12318795359442, "production_score": 0.33391391249442537, "attraction_score": 0.077015643802647415, "demand_score": 0.18919571507434582, "stress_score": 1.9074074074074074, "infra_quality_score": 0.69753086419753085, "gap_score": -0.508335149123185, "schools_nearby": 7, "stations_nearby": 0, "shops_nearby": 43, "bike_parking_nearby": 0, "bike_parking_capacity_nearby": 0.0, "bike_sharing_nearby": 1, "bike_sharing_capacity_nearby": 4.0, "flat_terrain": 0, "roi_car_trips_per_day": 659.48623156751603, "roi_congestion_cost_yen_day": 230767.42215010521, "roi_operating_cost_yen_day": 32222.497274388832, "roi_emissions_kg_day": 171.46642020755417, "roi_shifted_trips_per_day": 131.89724631350322, "roi_congestion_savings_yen_day": 46153.484430021046, "roi_operating_savings_yen_day": 6444.4994548777668, "roi_emissions_avoided_kg_day": 34.293284041510837, "roi_health_benefit_yen_day": 3956.9173894050964, "roi_parking_spaces_freed": 2.6379449262700643 }, "geometry": { "type": "Polygon", "coordinates": [ [ [ 139.636601682900533, 35.429754979203544 ], [ 139.636036171549932, 35.431507002254136 ], [ 139.634060101209712, 35.43198033726479 ], [ 139.632649638081745, 35.430701668106572 ], [ 139.633215198419833, 35.428949698209728 ], [ 139.635191172901528, 35.428476344317644 ], [ 139.636601682900533, 35.429754979203544 ] ] ] } },
{ "type": "Feature", "properties": { "hex_id": "892f5bd3177ffff", "population": 1366.0958020186913, "production_score": 0.48418126199091049, "attraction_score": 0.20336943441636582, "demand_score": 0.29064274374254667, "stress_score": 2.0, "infra_quality_score": 0.66666666666666674, "gap_score": -0.37602392292412007, "schools_nearby": 5, "stations_nearby": 2, "shops_nearby": 148, "bike_parking_nearby": 0, "bike_parking_capacity_nearby": 0.0, "bike_sharing_nearby": 1, "bike_sharing_capacity_nearby": 10.0, "flat_terrain": 0, "roi_car_trips_per_day": 956.26706141308398, "roi_congestion_cost_yen_day": 334616.97012966638, "roi_operating_cost_yen_day": 46723.20862064328, "roi_emissions_kg_day": 248.62943596740183, "roi_shifted_trips_per_day": 191.25341228261681, "roi_congestion_savings_yen_day": 66923.394025933274, "roi_operating_savings_yen_day": 9344.6417241286563, "roi_emissions_avoided_kg_day": 49.725887193480375, "roi_health_benefit_yen_day": 5737.6023684785041, "roi_parking_spaces_freed": 3.8250682456523362 }, "geometry": { "type": "Polygon", "coordinates": [ [ [ 139.595135447197435, 35.417057692012676 ], [ 139.594569358000371, 35.418809064456859 ], [ 139.592594398822001, 35.419281747346808 ], [ 139.591185624638001, 35.418003076745414 ], [ 139.591751762678797, 35.416251757486435 ], [ 139.593726626063017, 35.415779055643952 ], [ 139.595135447197435, 35.417057692012676 ] ] ] } },
{ "type": "Feature", "properties": { "hex_id": "892f5bd33d7ffff", "population": 1650.1897871334581, "production_score": 0.58487184608730514, "attraction_score": 0.42839951865222625, "demand_score": 0.57529715157187944, "stress_score": 2.4130434782608696, "infra_quality_score": 0.52898550724637672, "gap_score": 0.046311644325502721, "schools_nearby": 18, "stations_nearby": 3, "shops_nearby": 293, "bike_parking_nearby": 2, "bike_parking_capacity_nearby": 8.0, "bike_sharing_nearby": 0, "bike_sharing_capacity_nearby": 0.0, "flat_terrain": 1, "roi_car_trips_per_day": 1155.1328509934208, "roi_congestion_cost_yen_day": 404204.0872196178, "roi_operating_cost_yen_day": 56439.791099538539, "roi_emissions_kg_day": 300.33454125828939, "roi_shifted_trips_per_day": 231.02657019868417, "roi_congestion_savings_yen_day": 80840.817443923574, "roi_operating_savings_yen_day": 11287.958219907709, "roi_emissions_avoided_kg_day": 60.066908251657885, "roi_health_benefit_yen_day": 6930.7971059605252, "roi_parking_spaces_freed": 4.6205314039736836 }, "geometry": { "type": "Polygon", "coordinates": [ [ [ 139.614588565224722, 35.43017749627225 ], [ 139.614022692772295, 35.431929172344184 ], [ 139.612047022925594, 35.432402077904563 ], [ 139.610637321377169, 35.431123326316822 ], [ 139.611203242750179, 35.429371703413501 ], [ 139.613178816754157, 35.428898778929614 ], [ 139.614588565224722, 35.43017749627225 ] ] ] } },
{ "type": "Feature", "properties": { "hex_id": "892f5bd1597ffff", "population": 1338.8692494261452, "production_score": 0.47453143613357252, "attraction_score": 0.021660649819494584, "demand_score": 0.22501858143492481, "stress_score": 2.0270270270270272, "infra_quality_score": 0.6576576576576576, "gap_score": -0.43263907622273279, "schools_nearby": 4, "stations_nearby": 0, "shops_nearby": 6, "bike_parking_nearby": 0, "bike_parking_capacity_nearby": 0.0, "bike_sharing_nearby": 0, "bike_sharing_capacity_nearby": 0.0, "flat_terrain": 0, "roi_car_trips_per_day": 937.20847459830156, "roi_congestion_cost_yen_day": 327947.98943143769, "roi_operating_cost_yen_day": 45792.006068873015, "roi_emissions_kg_day": 243.67420339555841, "roi_shifted_trips_per_day": 187.44169491966034, "roi_congestion_savings_yen_day": 65589.597886287549, "roi_operating_savings_yen_day": 9158.4012137746031, "roi_emissions_avoided_kg_day": 48.734840679111691, "roi_health_benefit_yen_day": 5623.2508475898103, "roi_parking_spaces_freed": 3.7488338983932068 }, "geometry": { "type": "Polygon", "coordinates": [ [ [ 139.591725383812872, 35.438880058924788 ], [ 139.591159073996607, 35.440631372348705 ], [ 139.589183602256782, 35.441103735902431 ], [ 139.587774536183929, 35.439824805004676 ], [ 139.588340894862114, 35.438073544762631 ], [ 139.590316270754414, 35.437601162236788 ], [ 139.591725383812872, 35.438880058924788 ] ] ] } },
{ "type": "Feature", "properties": { "hex_id": "892f5bd32bbffff", "population": 2257.1561476731658, "production_score": 0.79999712353700825, "attraction_score": 0.28038507821901326, "demand_score": 0.60313377061460749, "stress_score": 2.5, "infra_quality_score": 0.5, "gap_score": 0.10313377061460749, "schools_nearby": 12, "stations_nearby": 2, "shops_nearby": 191, "bike_parking_nearby": 0, "bike_parking_capacity_nearby": 0.0, "bike_sharing_nearby": 4, "bike_sharing_capacity_nearby": 1061.0, "flat_terrain": 1, "roi_car_trips_per_day": 1580.009303371216, "roi_congestion_cost_yen_day": 552876.85543565592, "roi_operating_cost_yen_day": 77199.254562717615, "roi_emissions_kg_day": 410.80241887651619, "roi_shifted_trips_per_day": 316.00186067424323, "roi_congestion_savings_yen_day": 110575.37108713119, "roi_operating_savings_yen_day": 15439.850912543525, "roi_emissions_avoided_kg_day": 82.160483775303248, "roi_health_benefit_yen_day": 9480.0558202272969, "roi_parking_spaces_freed": 6.3200372134848646 }, "geometry": { "type": "Polygon", "coordinates": [ [ [ 139.628132036778482, 35.433400080651971 ], [ 139.627566360122671, 35.435151969373244 ], [ 139.625590351813486, 35.435625098705266 ], [ 139.624180116024689, 35.434346358215997 ], [ 139.624745841646813, 35.432594522653282 ], [ 139.626721754094604, 35.432121374421548 ], [ 139.628132036778482, 35.433400080651971 ] ] ] } },
{ "type": "Feature", "properties": { "hex_id": "892f5bd068bffff", "population": 1052.9713509852688, "production_score": 0.37320149641550965, "attraction_score": 0.080625752105896509, "demand_score": 0.2128935910365462, "stress_score": 2.0810810810810811, "infra_quality_score": 0.63963963963963955, "gap_score": -0.42674604860309334, "schools_nearby": 10, "stations_nearby": 0, "shops_nearby": 37, "bike_parking_nearby": 0, "bike_parking_capacity_nearby": 0.0, "bike_sharing_nearby": 0, "bike_sharing_capacity_nearby": 0.0, "flat_terrain": 0, "roi_car_trips_per_day": 737.07994568968809, "roi_congestion_cost_yen_day": 257919.01459573567, "roi_operating_cost_yen_day": 36013.726146398163, "roi_emissions_kg_day": 191.64078587931891, "roi_shifted_trips_per_day": 147.41598913793763, "roi_congestion_savings_yen_day": 51583.802919147136, "roi_operating_savings_yen_day": 7202.7452292796324, "roi_emissions_avoided_kg_day": 38.328157175863787, "roi_health_benefit_yen_day": 4422.4796741381288, "roi_parking_spaces_freed": 2.9483197827587526 }, "geometry": { "type": "Polygon", "coordinates": [ [ [ 139.587512094348739, 35.42372951177137 ], [ 139.586945830851846, 35.425480762424172 ], [ 139.584970838265292, 35.425953220836284 ], [ 139.583562204984247, 35.4246744475669 ], [ 139.58412851731029, 35.422923250102748 ], [ 139.58610341409144, 35.422450772719621 ], [ 139.587512094348739, 35.42372951177137 ] ] ] } },
{ "type": "Feature", "properties": { "hex_id": "892f5bd31c7ffff", "population": 1338.3470150110672, "production_score": 0.47434634214691807, "attraction_score": 0.032490974729241874, "demand_score": 0.22739306090665595, "stress_score": 2.0, "infra_quality_score": 0.66666666666666674, "gap_score": -0.43927360576001079, "schools_nearby": 2, "stations_nearby": 0, "shops_nearby": 21, "bike_parking_nearby": 0, "bike_parking_capacity_nearby": 0.0, "bike_sharing_nearby": 0, "bike_sharing_capacity_nearby": 0.0, "flat_terrain": 0, "roi_car_trips_per_day": 936.84291050774698, "roi_congestion_cost_yen_day": 327820.07124487084, "roi_operating_cost_yen_day": 45774.144607408518, "roi_emissions_kg_day": 243.57915673201421, "roi_shifted_trips_per_day": 187.36858210154941, "roi_congestion_savings_yen_day": 65564.01424897417, "roi_operating_savings_yen_day": 9154.8289214817032, "roi_emissions_avoided_kg_day": 48.715831346402851, "roi_health_benefit_yen_day": 5621.0574630464826, "roi_parking_spaces_freed": 3.7473716420309882 }, "geometry": { "type": "Polygon", "coordinates": [ [ [ 139.606142186721087, 35.411190382480257 ], [ 139.605576320687192, 35.412941929815162 ], [ 139.603601310375922, 35.413414893026577 ], [ 139.602192261889286, 35.412136327831483 ], [ 139.602758176793088, 35.410384833675877 ], [ 139.604733091316746, 35.409911851536357 ], [ 139.606142186721087, 35.411190382480257 ] ] ] } },
{ "type": "Feature", "properties": { "hex_id": "892f5bd330bffff", "population": 1211.8113014049156, "production_score": 0.42949866644934742, "attraction_score": 0.2563176895306859, "demand_score": 0.28765477221205926, "stress_score": 1.9523809523809523, "infra_quality_score": 0.68253968253968256, "gap_score": -0.3948849103276233, "schools_nearby": 7, "stations_nearby": 3, "shops_nearby": 183, "bike_parking_nearby": 0, "bike_parking_capacity_nearby": 0.0, "bike_sharing_nearby": 2, "bike_sharing_capacity_nearby": 11.0, "flat_terrain": 0, "roi_car_trips_per_day": 848.26791098344086, "roi_congestion_cost_yen_day": 296825.90741132566, "roi_operating_cost_yen_day": 41446.370130650917, "roi_emissions_kg_day": 220.54965685569462, "roi_shifted_trips_per_day": 169.65358219668818, "roi_congestion_savings_yen_day": 59365.181482265129, "roi_operating_savings_yen_day": 8289.2740261301842, "roi_emissions_avoided_kg_day": 44.109931371138927, "roi_health_benefit_yen_day": 5089.6074659006454, "roi_parking_spaces_freed": 3.3930716439337636 }, "geometry": { "type": "Polygon", "coordinates": [ [ [ 139.606963730272781, 35.436850894783291 ], [ 139.606397683396722, 35.438602449011434 ], [ 139.604421979933477, 35.439075130004206 ], [ 139.603012419203452, 35.437796275711179 ], [ 139.603578514985458, 35.436044774655102 ], [ 139.605554122594697, 35.435572074720348 ], [ 139.606963730272781, 35.436850894783291 ] ] ] } },
{ "type": "Feature", "properties": { "hex_id": "892f5bd06dbffff", "population": 1419.836026144812, "production_score": 0.50322824939736432, "attraction_score": 0.26835138387484958, "demand_score": 0.31912694571934891, "stress_score": 1.9814814814814814, "infra_quality_score": 0.67283950617283961, "gap_score": -0.3537125604534907, "schools_nearby": 14, "stations_nearby": 2, "shops_nearby": 175, "bike_parking_nearby": 0, "bike_parking_capacity_nearby": 0.0, "bike_sharing_nearby": 0, "bike_sharing_capacity_nearby": 0.0, "flat_terrain": 0, "roi_car_trips_per_day": 993.88521830136847, "roi_congestion_cost_yen_day": 347780.3155880149, "roi_operating_cost_yen_day": 48561.231766204866, "roi_emissions_kg_day": 258.41015675835581, "roi_shifted_trips_per_day": 198.7770436602737, "roi_congestion_savings_yen_day": 69556.063117602971, "roi_operating_savings_yen_day": 9712.2463532409729, "roi_emissions_avoided_kg_day": 51.682031351671164, "roi_health_benefit_yen_day": 5963.3113098082113, "roi_parking_spaces_freed": 3.9755408732054742 }, "geometry": { "type": "Polygon", "coordinates": [ [ [ 139.595122771031669, 35.42837198172689 ], [ 139.594556595974666, 35.430123351319196 ], [ 139.592581338208106, 35.430595902509644 ], [ 139.591172351324843, 35.429317103067454 ], [ 139.591738575240356, 35.427565786657425 ], [ 139.593713737183748, 35.427093216507636 ], [ 139.595122771031669, 35.42837198172689 ] ] ] } },
{ "type": "Feature", "properties": { "hex_id": "892f5bd3333ffff", "population": 1399.3111876366997, "production_score": 0.4959536920813018, "attraction_score": 0.22623345367027678, "demand_score": 0.30539707996042093, "stress_score": 2.0526315789473686, "infra_quality_score": 0.64912280701754388, "gap_score": -0.34372572705712295, "schools_nearby": 10, "stations_nearby": 2, "shops_nearby": 152, "bike_parking_nearby": 0, "bike_parking_capacity_nearby": 0.0, "bike_sharing_nearby": 0, "bike_sharing_capacity_nearby": 0.0, "flat_terrain": 0, "roi_car_trips_per_day": 979.51783134568996, "roi_congestion_cost_yen_day": 342752.87954448385, "roi_operating_cost_yen_day": 47859.241239550414, "roi_emissions_kg_day": 254.6746361498794, "roi_shifted_trips_per_day": 195.903566269138, "roi_congestion_savings_yen_day": 68550.575908896775, "roi_operating_savings_yen_day": 9571.8482479100821, "roi_emissions_avoided_kg_day": 50.934927229975884, "roi_health_benefit_yen_day": 5877.1069880741397, "roi_parking_spaces_freed": 3.9180713253827602 }, "geometry": { "type": "Polygon", "coordinates": [ [ [ 139.599350312798748, 35.432208335011104 ], [ 139.598784177366497, 35.43395977034244 ], [ 139.596808739090989, 35.43443235846636 ], [ 139.595399532087157, 35.433153530212913 ], [ 139.595965716395852, 35.431402148060016 ], [ 139.597941058835119, 35.430929540982433 ], [ 139.599350312798748, 35.432208335011104 ] ] ] } },
{ "type": "Feature", "properties": { "hex_id": "892f5bd3217ffff", "population": 2821.0794356827168, "production_score": 0.99986677312604366, "attraction_score": 0.26594464500601683, "demand_score": 0.64442288523511004, "stress_score": 2.0277777777777777, "infra_quality_score": 0.65740740740740744, "gap_score": -0.012984522172297397, "schools_nearby": 15, "stations_nearby": 2, "shops_nearby": 170, "bike_parking_nearby": 0, "bike_parking_capacity_nearby": 0.0, "bike_sharing_nearby": 4, "bike_sharing_capacity_nearby": 1061.0, "flat_terrain": 1, "roi_car_trips_per_day": 1974.7556049779021, "roi_congestion_cost_yen_day": 691006.48129386758, "roi_operating_cost_yen_day": 96486.558859220298, "roi_emissions_kg_day": 513.43645729425452, "roi_shifted_trips_per_day": 394.95112099558042, "roi_congestion_savings_yen_day": 138201.29625877351, "roi_operating_savings_yen_day": 19297.311771844059, "roi_emissions_avoided_kg_day": 102.68729145885091, "roi_health_benefit_yen_day": 11848.533629867412, "roi_parking_spaces_freed": 7.899022419911609 }, "geometry": { "type": "Polygon", "coordinates": [ [ [ 139.628976729482616, 35.436430707061042 ], [ 139.628411043639659, 35.438182608338408 ], [ 139.626434939460637, 35.438655718770505 ], [ 139.625024616997649, 35.437376946825431 ], [ 139.625590351813486, 35.435625098705266 ], [ 139.627566360122671, 35.435151969373244 ], [ 139.628976729482616, 35.436430707061042 ] ] ] } },
{ "type": "Feature", "properties": { "hex_id": "892f5bd335bffff", "population": 1577.8946236043566, "production_score": 0.55924848683121642, "attraction_score": 0.2286401925391095, "demand_score": 0.32576103777961407, "stress_score": 2.0, "infra_quality_score": 0.66666666666666674, "gap_score": -0.34090562888705267, "schools_nearby": 11, "stations_nearby": 3, "shops_nearby": 148, "bike_parking_nearby": 0, "bike_parking_capacity_nearby": 0.0, "bike_sharing_nearby": 0, "bike_sharing_capacity_nearby": 0.0, "flat_terrain": 0, "roi_car_trips_per_day": 1104.5262365230496, "roi_congestion_cost_yen_day": 386495.82068414555, "roi_operating_cost_yen_day": 53967.151916516203, "roi_emissions_kg_day": 287.1768214959929, "roi_shifted_trips_per_day": 220.90524730460993, "roi_congestion_savings_yen_day": 77299.164136829117, "roi_operating_savings_yen_day": 10793.430383303241, "roi_emissions_avoided_kg_day": 57.435364299198582, "roi_health_benefit_yen_day": 6627.1574191382979, "roi_parking_spaces_freed": 4.4181049460921988 }, "geometry": { "type": "Polygon", "coordinates": [ [ [ 139.614578827949742, 35.441493465593418 ], [ 139.614012869702719, 35.443245138693712 ], [ 139.612036901052591, 35.443717912611845 ], [ 139.610626986524409, 35.442439032360269 ], [ 139.611192993706766, 35.440687412425653 ], [ 139.613168866485154, 35.440214619577226 ], [ 139.614578827949742, 35.441493465593418 ] ] ] } },
{ "type": "Feature", "properties": { "hex_id": "892f5bd3123ffff", "population": 1560.6945321012722, "production_score": 0.55315230968315976, "attraction_score": 0.036101083032490974, "demand_score": 0.25123868745047773, "stress_score": 1.9, "infra_quality_score": 0.7, "gap_score": -0.44876131254952223, "schools_nearby": 4, "stations_nearby": 0, "shops_nearby": 18, "bike_parking_nearby": 0, "bike_parking_capacity_nearby": 0.0, "bike_sharing_nearby": 0, "bike_sharing_capacity_nearby": 0.0, "flat_terrain": 0, "roi_car_trips_per_day": 1092.4861724708906, "roi_congestion_cost_yen_day": 382282.76147101406, "roi_operating_cost_yen_day": 53378.87438692771, "roi_emissions_kg_day": 284.04640484243157, "roi_shifted_trips_per_day": 218.49723449417812, "roi_congestion_savings_yen_day": 76456.552294202804, "roi_operating_savings_yen_day": 10675.774877385542, "roi_emissions_avoided_kg_day": 56.809280968486313, "roi_health_benefit_yen_day": 6554.9170348253438, "roi_parking_spaces_freed": 4.3699446898835621 }, "geometry": { "type": "Polygon", "coordinates": [ [ [ 139.590909203815244, 35.41322181178915 ], [ 139.590343075030773, 35.41497311844207 ], [ 139.588368296295869, 35.415445764427098 ], [ 139.586959742129693, 35.414167122717792 ], [ 139.587525919740017, 35.412415869253984 ], [ 139.589500602693789, 35.411943204310688 ], [ 139.590909203815244, 35.41322181178915 ] ] ] } },
{ "type": "Feature", "properties": { "hex_id": "892f5bd060fffff", "population": 1227.9380817367751, "production_score": 0.43521443311914582, "attraction_score": 0.046931407942238268, "demand_score": 0.21768721458425039, "stress_score": 1.9787234042553192, "infra_quality_score": 0.67375886524822692, "gap_score": -0.45607165066397654, "schools_nearby": 8, "stations_nearby": 0, "shops_nearby": 15, "bike_parking_nearby": 0, "bike_parking_capacity_nearby": 0.0, "bike_sharing_nearby": 0, "bike_sharing_capacity_nearby": 0.0, "flat_terrain": 0, "roi_car_trips_per_day": 859.55665721574246, "roi_congestion_cost_yen_day": 300776.06549293263, "roi_operating_cost_yen_day": 41997.938271561179, "roi_emissions_kg_day": 223.48473087609304, "roi_shifted_trips_per_day": 171.9113314431485, "roi_congestion_savings_yen_day": 60155.213098586522, "roi_operating_savings_yen_day": 8399.5876543122358, "roi_emissions_avoided_kg_day": 44.696946175218613, "roi_health_benefit_yen_day": 5157.3399432944552, "roi_parking_spaces_freed": 3.4382266288629699 }, "geometry": { "type": "Polygon", "coordinates": [ [ [ 139.579888118440579, 35.430400292607672 ], [ 139.579321680637293, 35.432151421389165 ], [ 139.577346654713693, 35.43262365528868 ], [ 139.575938162413166, 35.431344779396447 ], [ 139.576504649030937, 35.429593703807029 ], [ 139.578479579137934, 35.429121450918053 ], [ 139.579888118440579, 35.430400292607672 ] ] ] } },
{ "type": "Feature", "properties": { "hex_id": "892f5bd3383ffff", "population": 1696.4683587607958, "production_score": 0.60127422224610005, "attraction_score": 0.42117930204572807, "demand_score": 0.41452540016880646, "stress_score": 2.1333333333333333, "infra_quality_score": 0.62222222222222223, "gap_score": -0.20769682205341577, "schools_nearby": 17, "stations_nearby": 2, "shops_nearby": 293, "bike_parking_nearby": 0, "bike_parking_capacity_nearby": 0.0, "bike_sharing_nearby": 1, "bike_sharing_capacity_nearby": 7.0, "flat_terrain": 0, "roi_car_trips_per_day": 1187.5278511325571, "roi_congestion_cost_yen_day": 415539.74566830439, "roi_operating_cost_yen_day": 58022.610806336736, "roi_emissions_kg_day": 308.75724129446485, "roi_shifted_trips_per_day": 237.50557022651142, "roi_congestion_savings_yen_day": 83107.949133660877, "roi_operating_savings_yen_day": 11604.522161267349, "roi_emissions_avoided_kg_day": 61.751448258892971, "roi_health_benefit_yen_day": 7125.167106795343, "roi_parking_spaces_freed": 4.7501114045302284 }, "geometry": { "type": "Polygon", "coordinates": [ [ [ 139.610359539973985, 35.426341372988311 ], [ 139.609793627821858, 35.428092983319644 ], [ 139.607818138446333, 35.428565851887143 ], [ 139.606408657055738, 35.427287129052807 ], [ 139.606974618110485, 35.425535571893974 ], [ 139.608950011656361, 35.425062684397261 ], [ 139.610359539973985, 35.426341372988311 ] ] ] } },
{ "type": "Feature", "properties": { "hex_id": "892f5bd314bffff", "population": 1392.0047281912473, "production_score": 0.49336408544481486, "attraction_score": 0.32851985559566788, "demand_score": 0.49599271269750234, "stress_score": 2.1666666666666665, "infra_quality_score": 0.61111111111111116, "gap_score": -0.11511839841360882, "schools_nearby": 17, "stations_nearby": 3, "shops_nearby": 213, "bike_parking_nearby": 0, "bike_parking_capacity_nearby": 0.0, "bike_sharing_nearby": 0, "bike_sharing_capacity_nearby": 0.0, "flat_terrain": 1, "roi_car_trips_per_day": 974.40330973387324, "roi_congestion_cost_yen_day": 340963.20614207693, "roi_operating_cost_yen_day": 47609.345713597046, "roi_emissions_kg_day": 253.34486053080704, "roi_shifted_trips_per_day": 194.88066194677467, "roi_congestion_savings_yen_day": 68192.641228415392, "roi_operating_savings_yen_day": 9521.8691427194099, "roi_emissions_avoided_kg_day": 50.668972106161412, "roi_health_benefit_yen_day": 5846.4198584032401, "roi_parking_spaces_freed": 3.8976132389354934 }, "geometry": { "type": "Polygon", "coordinates": [ [ [ 139.606131175145833, 35.422505335993357 ], [ 139.605565223319417, 35.424256880569764 ], [ 139.603589914404324, 35.42472971216425 ], [ 139.602180653135349, 35.423451018117596 ], [ 139.602746653846339, 35.421699526717546 ], [ 139.604721866944857, 35.421226676188112 ], [ 139.606131175145833, 35.422505335993357 ] ] ] } },
{ "type": "Feature", "properties": { "hex_id": "892f5bd33abffff", "population": 1550.3312737965985, "production_score": 0.54947929094107728, "attraction_score": 0.38989169675090252, "demand_score": 0.53216967620066746, "stress_score": 2.0677966101694913, "infra_quality_score": 0.64406779661016955, "gap_score": -0.11189812040950209, "schools_nearby": 16, "stations_nearby": 4, "shops_nearby": 264, "bike_parking_nearby": 0, "bike_parking_capacity_nearby": 0.0, "bike_sharing_nearby": 0, "bike_sharing_capacity_nearby": 0.0, "flat_terrain": 1, "roi_car_trips_per_day": 1085.2318916576189, "roi_congestion_cost_yen_day": 379744.34352883406, "roi_operating_cost_yen_day": 53024.430226391261, "roi_emissions_kg_day": 282.16029183098095, "roi_shifted_trips_per_day": 217.04637833152378, "roi_congestion_savings_yen_day": 75948.868705766799, "roi_operating_savings_yen_day": 10604.886045278252, "roi_emissions_avoided_kg_day": 56.432058366196188, "roi_health_benefit_yen_day": 6511.391349945714, "roi_parking_spaces_freed": 4.3409275666304756 }, "geometry": { "type": "Polygon", "coordinates": [ [ [ 139.601891817209321, 35.429984196088768 ], [ 139.601325739903672, 35.431735672038158 ], [ 139.599350312798748, 35.432208335011104 ], [ 139.597941058835119, 35.430929540982433 ], [ 139.598507185022186, 35.429178118210324 ], [ 139.600482516294591, 35.428705436289903 ], [ 139.601891817209321, 35.429984196088768 ] ] ] } },
{ "type": "Feature", "properties": { "hex_id": "892f5bd302fffff", "population": 1392.1558999469655, "production_score": 0.49341766479946397, "attraction_score": 0.23706377858002406, "demand_score": 0.30172113676176815, "stress_score": 1.9210526315789473, "infra_quality_score": 0.69298245614035081, "gap_score": -0.39126131937858266, "schools_nearby": 13, "stations_nearby": 2, "shops_nearby": 152, "bike_parking_nearby": 4, "bike_parking_capacity_nearby": 16.0, "bike_sharing_nearby": 0, "bike_sharing_capacity_nearby": 0.0, "flat_terrain": 0, "roi_car_trips_per_day": 974.50912996287582, "roi_congestion_cost_yen_day": 341000.23475660954, "roi_operating_cost_yen_day": 47614.516089986115, "roi_emissions_kg_day": 253.37237379034772, "roi_shifted_trips_per_day": 194.90182599257517, "roi_congestion_savings_yen_day": 68200.0469513219, "roi_operating_savings_yen_day": 9522.9032179972219, "roi_emissions_avoided_kg_day": 50.674474758069543, "roi_health_benefit_yen_day": 5847.0547797772551, "roi_parking_spaces_freed": 3.8980365198515035 }, "geometry": { "type": "Polygon", "coordinates": [ [ [ 139.612057141737154, 35.421086485984048 ], [ 139.611491296930438, 35.422838124316804 ], [ 139.609515914586694, 35.423311086647018 ], [ 139.608106472870389, 35.422032429567651 ], [ 139.608672366578077, 35.420280844407614 ], [ 139.610647653104252, 35.419807863154531 ], [ 139.612057141737154, 35.421086485984048 ] ] ] } },
{ "type": "Feature", "properties": { "hex_id": "892f5bd328fffff", "population": 2737.0241498443447, "production_score": 0.97007530878357962, "attraction_score": 0.19614921780986763, "demand_score": 0.60817858430770655, "stress_score": 2.0, "infra_quality_score": 0.66666666666666674, "gap_score": -0.058488082358960192, "schools_nearby": 9, "stations_nearby": 2, "shops_nearby": 130, "bike_parking_nearby": 0, "bike_parking_capacity_nearby": 0.0, "bike_sharing_nearby": 2, "bike_sharing_capacity_nearby": 1014.0, "flat_terrain": 1, "roi_car_trips_per_day": 1915.9169048910412, "roi_congestion_cost_yen_day": 670417.64335947321, "roi_operating_cost_yen_day": 93611.699972976276, "roi_emissions_kg_day": 498.13839527167073, "roi_shifted_trips_per_day": 383.18338097820828, "roi_congestion_savings_yen_day": 134083.52867189466, "roi_operating_savings_yen_day": 18722.339994595255, "roi_emissions_avoided_kg_day": 99.627679054334152, "roi_health_benefit_yen_day": 11495.501429346248, "roi_parking_spaces_freed": 7.6636676195641655 }, "geometry": { "type": "Polygon", "coordinates": [ [ [ 139.631518450068029, 35.434205579888228 ], [ 139.630952822389929, 35.435957521765566 ], [ 139.628976729482616, 35.436430707061042 ], [ 139.627566360122671, 35.435151969373244 ], [ 139.628132036778482, 35.433400080651971 ], [ 139.63010803381971, 35.432926876462709 ], [ 139.631518450068029, 35.434205579888228 ] ] ] } },
{ "type": "Feature", "properties": { "hex_id": "892f5bd3173ffff", "population": 1322.929146804446, "production_score": 0.46888183308799242, "attraction_score": 0.24067388688327315, "demand_score": 0.44834450198994291, "stress_score": 2.0, "infra_quality_score": 0.66666666666666674, "gap_score": -0.21832216467672383, "schools_nearby": 10, "stations_nearby": 2, "shops_nearby": 164, "bike_parking_nearby": 0, "bike_parking_capacity_nearby": 0.0, "bike_sharing_nearby": 0, "bike_sharing_capacity_nearby": 0.0, "flat_terrain": 1, "roi_car_trips_per_day": 926.05040276311206, "roi_congestion_cost_yen_day": 324043.55693486816, "roi_operating_cost_yen_day": 45246.822679005658, "roi_emissions_kg_day": 240.77310471840914, "roi_shifted_trips_per_day": 185.21008055262243, "roi_congestion_savings_yen_day": 64808.711386973642, "roi_operating_savings_yen_day": 9049.3645358011327, "roi_emissions_avoided_kg_day": 48.154620943681834, "roi_health_benefit_yen_day": 5556.3024165786728, "roi_parking_spaces_freed": 3.7042016110524485 }, "geometry": { "type": "Polygon", "coordinates": [ [ [ 139.59851934984917, 35.417863567986856 ], [ 139.597953309507318, 35.419614993613763 ], [ 139.595978265681907, 35.420087732375315 ], [ 139.594569358000371, 35.418809064456859 ], [ 139.595135447197435, 35.417057692012676 ], [ 139.597110395223979, 35.416584934304524 ], [ 139.59851934984917, 35.417863567986856 ] ] ] } },
{ "type": "Feature", "properties": { "hex_id": "892f5bd33d3ffff", "population": 1610.4414569145447, "production_score": 0.57078396392048647, "attraction_score": 0.42238267148014441, "demand_score": 0.55542082239022084, "stress_score": 2.15625, "infra_quality_score": 0.61458333333333326, "gap_score": -0.059162510943112423, "schools_nearby": 20, "stations_nearby": 3, "shops_nearby": 282, "bike_parking_nearby": 1, "bike_parking_capacity_nearby": 4.0, "bike_sharing_nearby": 6, "bike_sharing_capacity_nearby": 43.0, "flat_terrain": 1, "roi_car_trips_per_day": 1127.3090198401812, "roi_congestion_cost_yen_day": 394467.97222247621, "roi_operating_cost_yen_day": 55080.318709391257, "roi_emissions_kg_day": 293.10034515844711, "roi_shifted_trips_per_day": 225.46180396803626, "roi_congestion_savings_yen_day": 78893.594444495247, "roi_operating_savings_yen_day": 11016.063741878252, "roi_emissions_avoided_kg_day": 58.620069031689432, "roi_health_benefit_yen_day": 6763.8541190410879, "roi_parking_spaces_freed": 4.5092360793607256 }, "geometry": { "type": "Polygon", "coordinates": [ [ [ 139.617974105867376, 35.430983230444447 ], [ 139.617408282346958, 35.432734959682499 ], [ 139.615432527874134, 35.433207921173434 ], [ 139.614022692772295, 35.431929172344184 ], [ 139.614588565224722, 35.43017749627225 ], [ 139.616564223850162, 35.429704515863754 ], [ 139.617974105867376, 35.430983230444447 ] ] ] } },
{ "type": "Feature", "properties": { "hex_id": "892f5bd1593ffff", "population": 1339.9988810572668, "production_score": 0.47493180810450825, "attraction_score": 0.027677496991576414, "demand_score": 0.22738384501892372, "stress_score": 2.0294117647058822, "infra_quality_score": 0.65686274509803932, "gap_score": -0.4294789000791156, "schools_nearby": 4, "stations_nearby": 1, "shops_nearby": 8, "bike_parking_nearby": 0, "bike_parking_capacity_nearby": 0.0, "bike_sharing_nearby": 0, "bike_sharing_capacity_nearby": 0.0, "flat_terrain": 0, "roi_car_trips_per_day": 937.99921674008669, "roi_congestion_cost_yen_day": 328224.68592169113, "roi_operating_cost_yen_day": 45830.641729920637, "roi_emissions_kg_day": 243.87979635242255, "roi_shifted_trips_per_day": 187.59984334801734, "roi_congestion_savings_yen_day": 65644.937184338225, "roi_operating_savings_yen_day": 9166.128345984127, "roi_emissions_avoided_kg_day": 48.775959270484513, "roi_health_benefit_yen_day": 5627.9953004405206, "roi_parking_spaces_freed": 3.7519968669603472 }, "geometry": { "type": "Polygon", "coordinates": [ [ [ 139.595110091031415, 35.439686514485906 ], [ 139.594543830088412, 35.441437881089158 ], [ 139.592568273643337, 35.441910300537337 ], [ 139.591159073996607, 35.440631372348705 ], [ 139.591725383812872, 35.438880058924788 ], [ 139.593700844405816, 35.438407620510453 ], [ 139.595110091031415, 35.439686514485906 ] ] ] } },
{ "type": "Feature", "properties": { "hex_id": "892f5bd32b7ffff", "population": 1610.6163145714911, "production_score": 0.57084593819848661, "attraction_score": 0.2851985559566787, "demand_score": 0.38046663678409509, "stress_score": 2.6170212765957448, "infra_quality_score": 0.46099290780141844, "gap_score": -0.080526271017323348, "schools_nearby": 11, "stations_nearby": 2, "shops_nearby": 198, "bike_parking_nearby": 0, "bike_parking_capacity_nearby": 0.0, "bike_sharing_nearby": 0, "bike_sharing_capacity_nearby": 0.0, "flat_terrain": 0, "roi_car_trips_per_day": 1127.4314202000437, "roi_congestion_cost_yen_day": 394510.80255639931, "roi_operating_cost_yen_day": 55086.299190974132, "roi_emissions_kg_day": 293.13216925201135, "roi_shifted_trips_per_day": 225.48628404000874, "roi_congestion_savings_yen_day": 78902.160511279857, "roi_operating_savings_yen_day": 11017.259838194826, "roi_emissions_avoided_kg_day": 58.626433850402272, "roi_health_benefit_yen_day": 6764.5885212002622, "roi_parking_spaces_freed": 4.5097256808001749 }, "geometry": { "type": "Polygon", "coordinates": [ [ [ 139.623901408950417, 35.429563990632509 ], [ 139.623335692522943, 35.431315813628686 ], [ 139.621359864675583, 35.431788905911105 ], [ 139.619949849107257, 35.430510194103107 ], [ 139.620515614483082, 35.428758424269361 ], [ 139.622491346482121, 35.428285313081489 ], [ 139.623901408950417, 35.429563990632509 ] ] ] } },
{ "type": "Feature", "properties": { "hex_id": "892f5bd0687ffff", "population": 1007.9668099703963, "production_score": 0.35725067112807163, "attraction_score": 0.063778580024067388, "demand_score": 0.19874912679213752, "stress_score": 2.0277777777777777, "infra_quality_score": 0.65740740740740744, "gap_score": -0.45865828061526992, "schools_nearby": 8, "stations_nearby": 0, "shops_nearby": 29, "bike_parking_nearby": 0, "bike_parking_capacity_nearby": 0.0, "bike_sharing_nearby": 0, "bike_sharing_capacity_nearby": 0.0, "flat_terrain": 0, "roi_car_trips_per_day": 705.57676697927741, "roi_congestion_cost_yen_day": 246895.42230138875, "roi_operating_cost_yen_day": 34474.480834607493, "roi_emissions_kg_day": 183.44995941461212, "roi_shifted_trips_per_day": 141.11535339585549, "roi_congestion_savings_yen_day": 49379.084460277758, "roi_operating_savings_yen_day": 6894.8961669214996, "roi_emissions_avoided_kg_day": 36.689991882922428, "roi_health_benefit_yen_day": 4233.4606018756649, "roi_parking_spaces_freed": 2.8223070679171101 }, "geometry": { "type": "Polygon", "coordinates": [ [ [ 139.583286273612373, 35.419893323504375 ], [ 139.582719970559538, 35.421644508385647 ], [ 139.580745158462605, 35.422116929918189 ], [ 139.579336745213993, 35.420838185546479 ], [ 139.579903097078045, 35.419087053857709 ], [ 139.581877813382619, 35.418614613348431 ], [ 139.583286273612373, 35.419893323504375 ] ] ] } },
{ "type": "Feature", "properties": { "hex_id": "892f5bd06afffff", "population": 985.37871158708219, "production_score": 0.3492448387662076, "attraction_score": 0.030084235860409144, "demand_score": 0.18720962056376028, "stress_score": 2.088888888888889, "infra_quality_score": 0.63703703703703707, "gap_score": -0.44982741647327679, "schools_nearby": 4, "stations_nearby": 0, "shops_nearby": 13, "bike_parking_nearby": 0, "bike_parking_capacity_nearby": 0.0, "bike_sharing_nearby": 1, "bike_sharing_capacity_nearby": 4.0, "flat_terrain": 0, "roi_car_trips_per_day": 689.76509811095752, "roi_congestion_cost_yen_day": 241362.60313098627, "roi_operating_cost_yen_day": 33701.922693701381, "roi_emissions_kg_day": 179.33892550884897, "roi_shifted_trips_per_day": 137.9530196221915, "roi_congestion_savings_yen_day": 48272.520626197256, "roi_operating_savings_yen_day": 6740.3845387402771, "roi_emissions_avoided_kg_day": 35.86778510176979, "roi_health_benefit_yen_day": 4138.5905886657456, "roi_parking_spaces_freed": 2.7590603924438302 }, "geometry": { "type": "Polygon", "coordinates": [ [ [ 139.574820869359172, 35.423533933183307 ], [ 139.574254401322378, 35.425284983644339 ], [ 139.572279651738, 35.425757199684803 ], [ 139.570871465988688, 35.424478384259508 ], [ 139.571437982815439, 35.422727386995788 ], [ 139.573412636604729, 35.422255151960336 ], [ 139.574820869359172, 35.423533933183307 ] ] ] } },
{ "type": "Feature", "properties": { "hex_id": "892f5bd3307ffff", "population": 1414.9257910257713, "production_score": 0.50148792940436238, "attraction_score": 0.23947051744885681, "demand_score": 0.47907229850388983, "stress_score": 2.3947368421052633, "infra_quality_score": 0.5350877192982455, "gap_score": -0.056015420794355675, "schools_nearby": 12, "stations_nearby": 2, "shops_nearby": 157, "bike_parking_nearby": 1, "bike_parking_capacity_nearby": 4.0, "bike_sharing_nearby": 2, "bike_sharing_capacity_nearby": 8.0, "flat_terrain": 1, "roi_car_trips_per_day": 990.44805371803989, "roi_congestion_cost_yen_day": 346577.58295701654, "roi_operating_cost_yen_day": 48393.291904663427, "roi_emissions_kg_day": 257.5164939666904, "roi_shifted_trips_per_day": 198.08961074360798, "roi_congestion_savings_yen_day": 69315.516591403313, "roi_operating_savings_yen_day": 9678.6583809326858, "roi_emissions_avoided_kg_day": 51.503298793338075, "roi_health_benefit_yen_day": 5942.6883223082395, "roi_parking_spaces_freed": 3.9617922148721596 }, "geometry": { "type": "Polygon", "coordinates": [ [ [ 139.602735127414149, 35.43301446334398 ], [ 139.602169040869882, 35.434765951851247 ], [ 139.600193517923998, 35.435238595876477 ], [ 139.598784177366497, 35.43395977034244 ], [ 139.599350312798748, 35.432208335011104 ], [ 139.601325739903672, 35.431735672038158 ], [ 139.602735127414149, 35.43301446334398 ] ] ] } },
{ "type": "Feature", "properties": { "hex_id": "892f5bd06d7ffff", "population": 1355.8627142606119, "production_score": 0.48055437920754418, "attraction_score": 0.15042117930204574, "demand_score": 0.27665539896672853, "stress_score": 2.1162790697674421, "infra_quality_score": 0.62790697674418605, "gap_score": -0.35125157777745752, "schools_nearby": 12, "stations_nearby": 1, "shops_nearby": 86, "bike_parking_nearby": 0, "bike_parking_capacity_nearby": 0.0, "bike_sharing_nearby": 0, "bike_sharing_capacity_nearby": 0.0, "flat_terrain": 0, "roi_car_trips_per_day": 949.10389998242829, "roi_congestion_cost_yen_day": 332110.43668185134, "roi_operating_cost_yen_day": 46373.216553141443, "roi_emissions_kg_day": 246.76701399543137, "roi_shifted_trips_per_day": 189.82077999648567, "roi_congestion_savings_yen_day": 66422.08733637027, "roi_operating_savings_yen_day": 9274.6433106282893, "roi_emissions_avoided_kg_day": 49.353402799086275, "roi_health_benefit_yen_day": 5694.62339989457, "roi_parking_spaces_freed": 3.7964155999297136 }, "geometry": { "type": "Polygon", "coordinates": [ [ [ 139.590895889575563, 35.424535714905105 ], [ 139.59032967491919, 35.426287018744048 ], [ 139.588354597650721, 35.42675953302092 ], [ 139.586945830851846, 35.425480762424172 ], [ 139.587512094348739, 35.42372951177137 ], [ 139.589487075807142, 35.423256978529437 ], [ 139.590895889575563, 35.424535714905105 ] ] ] } },
{ "type": "Feature", "properties": { "hex_id": "892f5bd332fffff", "population": 1338.9254583908526, "production_score": 0.4745513581093424, "attraction_score": 0.068592057761732855, "demand_score": 0.24099305269773347, "stress_score": 2.0178571428571428, "infra_quality_score": 0.66071428571428581, "gap_score": -0.41972123301655234, "schools_nearby": 5, "stations_nearby": 1, "shops_nearby": 39, "bike_parking_nearby": 0, "bike_parking_capacity_nearby": 0.0, "bike_sharing_nearby": 0, "bike_sharing_capacity_nearby": 0.0, "flat_terrain": 0, "roi_car_trips_per_day": 937.24782087359677, "roi_congestion_cost_yen_day": 327961.75748008897, "roi_operating_cost_yen_day": 45793.928527883938, "roi_emissions_kg_day": 243.68443342713516, "roi_shifted_trips_per_day": 187.44956417471937, "roi_congestion_savings_yen_day": 65592.3514960178, "roi_operating_savings_yen_day": 9158.785705576789, "roi_emissions_avoided_kg_day": 48.736886685427038, "roi_health_benefit_yen_day": 5623.486925241581, "roi_parking_spaces_freed": 3.7489912834943873 }, "geometry": { "type": "Polygon", "coordinates": [ [ [ 139.594267096093319, 35.436656266441851 ], [ 139.593700844405816, 35.438407620510453 ], [ 139.591725383812872, 35.438880058924788 ], [ 139.590316270754414, 35.437601162236788 ], [ 139.59088257130864, 35.43584986134892 ], [ 139.59285793605784, 35.43537740396863 ], [ 139.594267096093319, 35.436656266441851 ] ] ] } },
{ "type": "Feature", "properties": { "hex_id": "892f5bd3213ffff", "population": 2821.2673848130476, "production_score": 0.99993338737592219, "attraction_score": 0.16365824308062576, "demand_score": 0.61786313126585235, "stress_score": 2.2121212121212119, "infra_quality_score": 0.59595959595959602, "gap_score": 0.021903535306256328, "schools_nearby": 9, "stations_nearby": 1, "shops_nearby": 106, "bike_parking_nearby": 0, "bike_parking_capacity_nearby": 0.0, "bike_sharing_nearby": 0, "bike_sharing_capacity_nearby": 0.0, "flat_terrain": 1, "roi_car_trips_per_day": 1974.8871693691331, "roi_congestion_cost_yen_day": 691052.51830564707, "roi_operating_cost_yen_day": 96492.987095375836, "roi_emissions_kg_day": 513.47066403597466, "roi_shifted_trips_per_day": 394.97743387382661, "roi_congestion_savings_yen_day": 138210.50366112942, "roi_operating_savings_yen_day": 19298.597419075169, "roi_emissions_avoided_kg_day": 102.69413280719492, "roi_health_benefit_yen_day": 11849.323016214799, "roi_parking_spaces_freed": 7.899548677476532 }, "geometry": { "type": "Polygon", "coordinates": [ [ [ 139.632363325325514, 35.437236256641114 ], [ 139.631797688466804, 35.43898821107318 ], [ 139.629821499685079, 35.439461377474679 ], [ 139.628411043639659, 35.438182608338408 ], [ 139.628976729482616, 35.436430707061042 ], [ 139.630952822389929, 35.435957521765566 ], [ 139.632363325325514, 35.437236256641114 ] ] ] } },
{ "type": "Feature", "properties": { "hex_id": "892f5bd3357ffff", "population": 1211.8920792691456, "production_score": 0.4295272963069211, "attraction_score": 0.31648616125150419, "demand_score": 0.31110471014544883, "stress_score": 2.0, "infra_quality_score": 0.66666666666666674, "gap_score": -0.35556195652121791, "schools_nearby": 11, "stations_nearby": 4, "shops_nearby": 218, "bike_parking_nearby": 0, "bike_parking_capacity_nearby": 0.0, "bike_sharing_nearby": 0, "bike_sharing_capacity_nearby": 0.0, "flat_terrain": 0, "roi_car_trips_per_day": 848.32445548840201, "roi_congestion_cost_yen_day": 296845.69346450164, "roi_operating_cost_yen_day": 41449.132895163319, "roi_emissions_kg_day": 220.56435842698454, "roi_shifted_trips_per_day": 169.66489109768042, "roi_congestion_savings_yen_day": 59369.138692900335, "roi_operating_savings_yen_day": 8289.8265790326659, "roi_emissions_avoided_kg_day": 44.112871685396911, "roi_health_benefit_yen_day": 5089.9467329304125, "roi_parking_spaces_freed": 3.3932978219536087 }, "geometry": { "type": "Polygon", "coordinates": [ [ [ 139.610349163783496, 35.437656956242094 ], [ 139.609783165824808, 35.439408563639759 ], [ 139.607807377700482, 35.439881300556252 ], [ 139.606397683396722, 35.438602449011434 ], [ 139.606963730272781, 35.436850894783291 ], [ 139.608939422538413, 35.43637813893077 ], [ 139.610349163783496, 35.437656956242094 ] ] ] } },
{ "type": "Feature", "properties": { "hex_id": "892f5bd323bffff", "population": 2118.8093476991853, "production_score": 0.75096327971374066, "attraction_score": 0.27918170878459686, "demand_score": 0.43659241264108478, "stress_score": 2.5208333333333335, "infra_quality_score": 0.49305555555555547, "gap_score": -0.056463142914470688, "schools_nearby": 10, "stations_nearby": 3, "shops_nearby": 193, "bike_parking_nearby": 1, "bike_parking_capacity_nearby": 4.0, "bike_sharing_nearby": 0, "bike_sharing_capacity_nearby": 0.0, "flat_terrain": 0, "roi_car_trips_per_day": 1483.1665433894295, "roi_congestion_cost_yen_day": 518989.63686282921, "roi_operating_cost_yen_day": 72467.517310007519, "roi_emissions_kg_day": 385.62330128125171, "roi_shifted_trips_per_day": 296.63330867788591, "roi_congestion_savings_yen_day": 103797.92737256584, "roi_operating_savings_yen_day": 14493.503462001505, "roi_emissions_avoided_kg_day": 77.124660256250337, "roi_health_benefit_yen_day": 8898.9992603365772, "roi_parking_spaces_freed": 5.9326661735577186 }, "geometry": { "type": "Polygon", "coordinates": [ [ [ 139.62389308000931, 35.440880615003799 ], [ 139.623327277834363, 35.442632435054534 ], [ 139.621351151135713, 35.443105395748169 ], [ 139.619940922492475, 35.441826555303592 ], [ 139.620506773630552, 35.440074788412346 ], [ 139.622482804451863, 35.439601808806451 ], [ 139.62389308000931, 35.440880615003799 ] ] ] } },
{ "type": "Feature", "properties": { "hex_id": "892f5bd060bffff", "population": 1226.9475073377828, "production_score": 0.4348633467883839, "attraction_score": 0.045728038507821901, "demand_score": 0.22388880303549022, "stress_score": 2.1136363636363638, "infra_quality_score": 0.62878787878787867, "gap_score": -0.40489907575238848, "schools_nearby": 9, "stations_nearby": 0, "shops_nearby": 11, "bike_parking_nearby": 0, "bike_parking_capacity_nearby": 0.0, "bike_sharing_nearby": 0, "bike_sharing_capacity_nearby": 0.0, "flat_terrain": 0, "roi_car_trips_per_day": 858.86325513644795, "roi_congestion_cost_yen_day": 300533.43023734586, "roi_operating_cost_yen_day": 41964.058645966848, "roi_emissions_kg_day": 223.30444633547648, "roi_shifted_trips_per_day": 171.77265102728961, "roi_congestion_savings_yen_day": 60106.686047469186, "roi_operating_savings_yen_day": 8392.8117291933704, "roi_emissions_avoided_kg_day": 44.6608892670953, "roi_health_benefit_yen_day": 5153.1795308186884, "roi_parking_spaces_freed": 3.4354530205457925 }, "geometry": { "type": "Polygon", "coordinates": [ [ [ 139.583271806093734, 35.431206822890623 ], [ 139.58270541711633, 35.432958004861739 ], [ 139.580730306475857, 35.433430294619072 ], [ 139.579321680637293, 35.432151421389165 ], [ 139.579888118440579, 35.430400292607672 ], [ 139.581863133259731, 35.429927983866776 ], [ 139.583271806093734, 35.431206822890623 ] ] ] } },
{ "type": "Feature", "properties": { "hex_id": "892f5bd3147ffff", "population": 1355.53357196363, "production_score": 0.4804377222845877, "attraction_score": 0.25391095066185321, "demand_score": 0.47035536886458762, "stress_score": 2.2666666666666666, "infra_quality_score": 0.57777777777777772, "gap_score": -0.1074224089131901, "schools_nearby": 10, "stations_nearby": 2, "shops_nearby": 175, "bike_parking_nearby": 0, "bike_parking_capacity_nearby": 0.0, "bike_sharing_nearby": 2, "bike_sharing_capacity_nearby": 6.0, "flat_terrain": 1, "roi_car_trips_per_day": 948.87350037454098, "roi_congestion_cost_yen_day": 332029.81525105942, "roi_operating_cost_yen_day": 46361.959228300075, "roi_emissions_kg_day": 246.70711009738065, "roi_shifted_trips_per_day": 189.7747000749082, "roi_congestion_savings_yen_day": 66405.963050211882, "roi_operating_savings_yen_day": 9272.391845660015, "roi_emissions_avoided_kg_day": 49.341422019476134, "roi_health_benefit_yen_day": 5693.2410022472459, "roi_parking_spaces_freed": 3.795494001498164 }, "geometry": { "type": "Polygon", "coordinates": [ [ [ 139.601903470631527, 35.418669385390047 ], [ 139.601337479156314, 35.420420864197183 ], [ 139.599362350690882, 35.420893658838551 ], [ 139.597953309507318, 35.419614993613763 ], [ 139.59851934984917, 35.417863567986856 ], [ 139.600494382511101, 35.417390754404821 ], [ 139.601903470631527, 35.418669385390047 ] ] ] } },
{ "type": "Feature", "properties": { "hex_id": "892f5bd33a7ffff", "population": 1419.4350572883332, "production_score": 0.5030861352010817, "attraction_score": 0.32370637785800238, "demand_score": 0.34547494054628913, "stress_score": 2.1219512195121952, "infra_quality_score": 0.62601626016260159, "gap_score": -0.28054131961631246, "schools_nearby": 14, "stations_nearby": 3, "shops_nearby": 218, "bike_parking_nearby": 1, "bike_parking_capacity_nearby": 4.0, "bike_sharing_nearby": 8, "bike_sharing_capacity_nearby": 29.0, "flat_terrain": 0, "roi_car_trips_per_day": 993.60454010183309, "roi_congestion_cost_yen_day": 347682.10067243344, "roi_operating_cost_yen_day": 48547.517829375567, "roi_emissions_kg_day": 258.33718042647661, "roi_shifted_trips_per_day": 198.72090802036664, "roi_congestion_savings_yen_day": 69536.420134486703, "roi_operating_savings_yen_day": 9709.5035658751131, "roi_emissions_avoided_kg_day": 51.667436085295328, "roi_health_benefit_yen_day": 5961.6272406109993, "roi_parking_spaces_freed": 3.9744181604073328 }, "geometry": { "type": "Polygon", "coordinates": [ [ [ 139.597664134584022, 35.426147945492119 ], [ 139.597098017643077, 35.427899355695892 ], [ 139.595122771031669, 35.42837198172689 ], [ 139.593713737183748, 35.427093216507636 ], [ 139.59427990298812, 35.425341859485002 ], [ 139.596255053780112, 35.424869214500823 ], [ 139.597664134584022, 35.426147945492119 ] ] ] } },
{ "type": "Feature", "properties": { "hex_id": "892f5bd328bffff", "population": 2821.3856725376459, "production_score": 0.9999753117414677, "attraction_score": 0.1022864019253911, "demand_score": 0.44858229745781919, "stress_score": 2.2558139534883721, "infra_quality_score": 0.58139534883720922, "gap_score": -0.13281305137939003, "schools_nearby": 8, "stations_nearby": 0, "shops_nearby": 61, "bike_parking_nearby": 0, "bike_parking_capacity_nearby": 0.0, "bike_sharing_nearby": 1, "bike_sharing_capacity_nearby": 20.0, "flat_terrain": 0, "roi_car_trips_per_day": 1974.9699707763523, "roi_congestion_cost_yen_day": 691081.49217406125, "roi_operating_cost_yen_day": 96497.032772132574, "roi_emissions_kg_day": 513.49219240185164, "roi_shifted_trips_per_day": 394.99399415527046, "roi_congestion_savings_yen_day": 138216.29843481226, "roi_operating_savings_yen_day": 19299.406554426514, "roi_emissions_avoided_kg_day": 102.69843848037033, "roi_health_benefit_yen_day": 11849.819824658114, "roi_parking_spaces_freed": 7.8998798831054096 }, "geometry": { "type": "Polygon", "coordinates": [ [ [ 139.634905081512841, 35.43501102034304 ], [ 139.634339502823906, 35.43676301537392 ], [ 139.632363325325514, 35.437236256641114 ], [ 139.630952822389929, 35.435957521765566 ], [ 139.631518450068029, 35.434205579888228 ], [ 139.633494531695732, 35.433732319733217 ], [ 139.634905081512841, 35.43501102034304 ] ] ] } },
{ "type": "Feature", "properties": { "hex_id": "892f5bd316fffff", "population": 1322.341973487439, "production_score": 0.46867372299994753, "attraction_score": 0.24909747292418771, "demand_score": 0.30121991857344732, "stress_score": 2.0, "infra_quality_score": 0.66666666666666674, "gap_score": -0.36544674809321942, "schools_nearby": 12, "stations_nearby": 2, "shops_nearby": 165, "bike_parking_nearby": 0, "bike_parking_capacity_nearby": 0.0, "bike_sharing_nearby": 0, "bike_sharing_capacity_nearby": 0.0, "flat_terrain": 0, "roi_car_trips_per_day": 925.63938144120721, "roi_congestion_cost_yen_day": 323899.73235390725, "roi_operating_cost_yen_day": 45226.740177217383, "roi_emissions_kg_day": 240.66623917471389, "roi_shifted_trips_per_day": 185.12787628824145, "roi_congestion_savings_yen_day": 64779.946470781455, "roi_operating_savings_yen_day": 9045.3480354434778, "roi_emissions_avoided_kg_day": 48.133247834942779, "roi_health_benefit_yen_day": 5553.8362886472432, "roi_parking_spaces_freed": 3.7025575257648291 }, "geometry": { "type": "Polygon", "coordinates": [ [ [ 139.593437112254975, 35.422311781352327 ], [ 139.5928709557042, 35.42406312579616 ], [ 139.590895889575563, 35.424535714905105 ], [ 139.589487075807142, 35.423256978529437 ], [ 139.590053281203382, 35.421505687270624 ], [ 139.592028251525704, 35.421033079202758 ], [ 139.593437112254975, 35.422311781352327 ] ] ] } },
{ "type": "Feature", "properties": { "hex_id": "892f5bd065bffff", "population": 1305.2496346767948, "production_score": 0.46261573631739961, "attraction_score": 0.032490974729241874, "demand_score": 0.22328734886632448, "stress_score": 2.0, "infra_quality_score": 0.66666666666666674, "gap_score": -0.44337931780034223, "schools_nearby": 7, "stations_nearby": 0, "shops_nearby": 6, "bike_parking_nearby": 0, "bike_parking_capacity_nearby": 0.0, "bike_sharing_nearby": 1, "bike_sharing_capacity_nearby": 9.0, "flat_terrain": 0, "roi_car_trips_per_day": 913.67474427375635, "roi_congestion_cost_yen_day": 319713.06651627284, "roi_operating_cost_yen_day": 44642.148005215735, "roi_emissions_kg_day": 237.55543351117666, "roi_shifted_trips_per_day": 182.73494885475128, "roi_congestion_savings_yen_day": 63942.613303254569, "roi_operating_savings_yen_day": 8928.4296010431481, "roi_emissions_avoided_kg_day": 47.511086702235332, "roi_health_benefit_yen_day": 5482.0484656425388, "roi_parking_spaces_freed": 3.6546989770950256 }, "geometry": { "type": "Polygon", "coordinates": [ [ [ 139.59088257130864, 35.43584986134892 ], [ 139.590316270754414, 35.437601162236788 ], [ 139.588340894862114, 35.438073544762631 ], [ 139.586931915366279, 35.436794645372807 ], [ 139.587498264775888, 35.435043397668139 ], [ 139.589473544829104, 35.434570996170415 ], [ 139.59088257130864, 35.43584986134892 ] ] ] } },
{ "type": "Feature", "properties": { "hex_id": "892f5bd33cfffff", "population": 1253.2815928541638, "production_score": 0.44419685820087523, "attraction_score": 0.41636582430806257, "demand_score": 0.36869693887812827, "stress_score": 2.35, "infra_quality_score": 0.55, "gap_score": -0.18130306112187178, "schools_nearby": 13, "stations_nearby": 4, "shops_nearby": 295, "bike_parking_nearby": 2, "bike_parking_capacity_nearby": 8.0, "bike_sharing_nearby": 3, "bike_sharing_capacity_nearby": 11.0, "flat_terrain": 0, "roi_car_trips_per_day": 877.29711499791483, "roi_congestion_cost_yen_day": 306983.80648007034, "roi_operating_cost_yen_day": 42864.737038798121, "roi_emissions_kg_day": 228.09724989945786, "roi_shifted_trips_per_day": 175.45942299958298, "roi_congestion_savings_yen_day": 61396.761296014083, "roi_operating_savings_yen_day": 8572.9474077596242, "roi_emissions_avoided_kg_day": 45.619449979891577, "roi_health_benefit_yen_day": 5263.7826899874899, "roi_parking_spaces_freed": 3.5091884599916598 }, "geometry": { "type": "Polygon", "coordinates": [ [ [ 139.612890880510463, 35.435432496443568 ], [ 139.612324940698556, 35.437184144463586 ], [ 139.610349163783496, 35.437656956242094 ], [ 139.608939422538413, 35.43637813893077 ], [ 139.609505411272522, 35.434626544079158 ], [ 139.611481092332667, 35.434153713370776 ], [ 139.612890880510463, 35.435432496443568 ] ] ] } },
{ "type": "Feature", "properties": { "hex_id": "892f5bd32b3ffff", "population": 1206.037583424315, "production_score": 0.42745230480026264, "attraction_score": 0.24669073405535499, "demand_score": 0.28272425714785326, "stress_score": 1.935483870967742, "infra_quality_score": 0.68817204301075274, "gap_score": -0.40544778586289948, "schools_nearby": 11, "stations_nearby": 1, "shops_nearby": 169, "bike_parking_nearby": 0, "bike_parking_capacity_nearby": 0.0, "bike_sharing_nearby": 0, "bike_sharing_capacity_nearby": 0.0, "flat_terrain": 0, "roi_car_trips_per_day": 844.22630839702049, "roi_congestion_cost_yen_day": 295411.66983428545, "roi_operating_cost_yen_day": 41248.897428278418, "roi_emissions_kg_day": 219.49884018322533, "roi_shifted_trips_per_day": 168.8452616794041, "roi_congestion_savings_yen_day": 59082.333966857084, "roi_operating_savings_yen_day": 8249.7794856556848, "roi_emissions_avoided_kg_day": 43.899768036645071, "roi_health_benefit_yen_day": 5065.3578503821227, "roi_parking_spaces_freed": 3.376905233588082 }, "geometry": { "type": "Polygon", "coordinates": [ [ [ 139.627287421562386, 35.430369498265449 ], [ 139.626721754094604, 35.432121374421548 ], [ 139.624745841646813, 35.432594522653282 ], [ 139.623335692522943, 35.431315813628686 ], [ 139.623901408950417, 35.429563990632509 ], [ 139.625877225545281, 35.429090823501298 ], [ 139.627287421562386, 35.430369498265449 ] ] ] } },
{ "type": "Feature", "properties": { "hex_id": "892f5bd0683ffff", "population": 1008.0340502396243, "production_score": 0.35727450289621215, "attraction_score": 0.070998796630565589, "demand_score": 0.19989565483437219, "stress_score": 2.0, "infra_quality_score": 0.66666666666666674, "gap_score": -0.46677101183229452, "schools_nearby": 11, "stations_nearby": 0, "shops_nearby": 26, "bike_parking_nearby": 0, "bike_parking_capacity_nearby": 0.0, "bike_sharing_nearby": 0, "bike_sharing_capacity_nearby": 0.0, "flat_terrain": 0, "roi_car_trips_per_day": 705.62383516773707, "roi_congestion_cost_yen_day": 246911.89240189455, "roi_operating_cost_yen_day": 34476.78058629563, "roi_emissions_kg_day": 183.46219714361163, "roi_shifted_trips_per_day": 141.12476703354741, "roi_congestion_savings_yen_day": 49382.378480378917, "roi_operating_savings_yen_day": 6895.3561172591262, "roi_emissions_avoided_kg_day": 36.692439428722331, "roi_health_benefit_yen_day": 4233.7430110064224, "roi_parking_spaces_freed": 2.8224953406709483 }, "geometry": { "type": "Polygon", "coordinates": [ [ [ 139.586669668321662, 35.420699534648314 ], [ 139.58610341409144, 35.422450772719621 ], [ 139.58412851731029, 35.422923250102748 ], [ 139.582719970559538, 35.421644508385647 ], [ 139.583286273612373, 35.419893323504375 ], [ 139.585261074596531, 35.419420827150439 ], [ 139.586669668321662, 35.420699534648314 ] ] ] } },
{ "type": "Feature", "properties": { "hex_id": "892f5bd307bffff", "population": 1610.5765069580766, "production_score": 0.57083182930475351, "attraction_score": 0.19494584837545126, "demand_score": 0.3244738000912975, "stress_score": 2.129032258064516, "infra_quality_score": 0.62365591397849474, "gap_score": -0.29918211388719723, "schools_nearby": 9, "stations_nearby": 2, "shops_nearby": 129, "bike_parking_nearby": 0, "bike_parking_capacity_nearby": 0.0, "bike_sharing_nearby": 0, "bike_sharing_capacity_nearby": 0.0, "flat_terrain": 0, "roi_car_trips_per_day": 1127.4035548706536, "roi_congestion_cost_yen_day": 394501.05192033912, "roi_operating_cost_yen_day": 55084.937690980136, "roi_emissions_kg_day": 293.12492426636993, "roi_shifted_trips_per_day": 225.48071097413072, "roi_congestion_savings_yen_day": 78900.210384067817, "roi_operating_savings_yen_day": 11016.987538196026, "roi_emissions_avoided_kg_day": 58.624984853273986, "roi_health_benefit_yen_day": 6764.4213292239219, "roi_parking_spaces_freed": 4.5096142194826143 }, "geometry": { "type": "Polygon", "coordinates": [ [ [ 139.623057053714007, 35.426533502660988 ], [ 139.622491346482121, 35.428285313081489 ], [ 139.620515614483082, 35.428758424269361 ], [ 139.619105685559049, 35.427479743942236 ], [ 139.619671441732748, 35.425727986685523 ], [ 139.621647077891851, 35.425254856592431 ], [ 139.623057053714007, 35.426533502660988 ] ] ] } },
{ "type": "Feature", "properties": { "hex_id": "892f5bd044bffff", "population": 1147.3752256804792, "production_score": 0.40666078025139785, "attraction_score": 0.040914560770156441, "demand_score": 0.20165136935754396, "stress_score": 1.9, "infra_quality_score": 0.7, "gap_score": -0.49834863064245599, "schools_nearby": 4, "stations_nearby": 0, "shops_nearby": 22, "bike_parking_nearby": 0, "bike_parking_capacity_nearby": 0.0, "bike_sharing_nearby": 0, "bike_sharing_capacity_nearby": 0.0, "flat_terrain": 0, "roi_car_trips_per_day": 803.16265797633537, "roi_congestion_cost_yen_day": 281042.67727907927, "roi_operating_cost_yen_day": 39242.527468723747, "roi_emissions_kg_day": 208.8222910738472, "roi_shifted_trips_per_day": 160.6325315952671, "roi_congestion_savings_yen_day": 56208.535455815865, "roi_operating_savings_yen_day": 7848.5054937447503, "roi_emissions_avoided_kg_day": 41.764458214769448, "roi_health_benefit_yen_day": 4818.9759478580127, "roi_parking_spaces_freed": 3.2126506319053418 }, "geometry": { "type": "Polygon", "coordinates": [ [ [ 139.582444107161365, 35.416863441059093 ], [ 139.581877813382619, 35.418614613348431 ], [ 139.579903097078045, 35.419087053857709 ], [ 139.578494770339177, 35.417808341054439 ], [ 139.579061112922545, 35.416057221958972 ], [ 139.581035733443258, 35.415584762473202 ], [ 139.582444107161365, 35.416863441059093 ] ] ] } },
{ "type": "Feature", "properties": { "hex_id": "892f5bd3303ffff", "population": 1285.1035159158728, "production_score": 0.45547540751215193, "attraction_score": 0.31528279181708785, "demand_score": 0.32976536976523391, "stress_score": 2.2, "infra_quality_score": 0.6, "gap_score": -0.27023463023476596, "schools_nearby": 14, "stations_nearby": 3, "shops_nearby": 211, "bike_parking_nearby": 1, "bike_parking_capacity_nearby": 4.0, "bike_sharing_nearby": 2, "bike_sharing_capacity_nearby": 8.0, "flat_terrain": 0, "roi_car_trips_per_day": 899.57246114111092, "roi_congestion_cost_yen_day": 314778.39560249756, "roi_operating_cost_yen_day": 43953.110451354682, "roi_emissions_kg_day": 233.88883989668884, "roi_shifted_trips_per_day": 179.9144922282222, "roi_congestion_savings_yen_day": 62955.679120499517, "roi_operating_savings_yen_day": 8790.6220902709374, "roi_emissions_avoided_kg_day": 46.777767979337774, "roi_health_benefit_yen_day": 5397.4347668466662, "roi_parking_spaces_freed": 3.598289844564444 }, "geometry": { "type": "Polygon", "coordinates": [ [ [ 139.606120160239584, 35.433820533039658 ], [ 139.605554122594697, 35.435572074720348 ], [ 139.603578514985458, 35.436044774655102 ], [ 139.602169040869882, 35.434765951851247 ], [ 139.602735127414149, 35.43301446334398 ], [ 139.604710639177796, 35.432541744467443 ], [ 139.606120160239584, 35.433820533039658 ] ] ] } },
{ "type": "Feature", "properties": { "hex_id": "892f5bd06d3ffff", "population": 1400.4410736939967, "production_score": 0.49635415422774831, "attraction_score": 0.25150421179302046, "demand_score": 0.31445313080997178, "stress_score": 2.0540540540540539, "infra_quality_score": 0.64864864864864868, "gap_score": -0.3341955178386769, "schools_nearby": 12, "stations_nearby": 2, "shops_nearby": 167, "bike_parking_nearby": 0, "bike_parking_capacity_nearby": 0.0, "bike_sharing_nearby": 0, "bike_sharing_capacity_nearby": 0.0, "flat_terrain": 0, "roi_car_trips_per_day": 980.30875158579784, "roi_congestion_cost_yen_day": 343029.63835490239, "roi_operating_cost_yen_day": 47897.885602482085, "roi_emissions_kg_day": 254.88027541230744, "roi_shifted_trips_per_day": 196.06175031715958, "roi_congestion_savings_yen_day": 68605.927670980484, "roi_operating_savings_yen_day": 9579.5771204964167, "roi_emissions_avoided_kg_day": 50.976055082461492, "roi_health_benefit_yen_day": 5881.852509514787, "roi_parking_spaces_freed": 3.9212350063431916 }, "geometry": { "type": "Polygon", "coordinates": [ [ [ 139.59427990298812, 35.425341859485002 ], [ 139.593713737183748, 35.427093216507636 ], [ 139.591738575240356, 35.427565786657425 ], [ 139.59032967491919, 35.426287018744048 ], [ 139.590895889575563, 35.424535714905105 ], [ 139.5928709557042, 35.42406312579616 ], [ 139.59427990298812, 35.425341859485002 ] ] ] } },
{ "type": "Feature", "properties": { "hex_id": "892f5bd332bffff", "population": 1339.0147374369553, "production_score": 0.47458300101546036, "attraction_score": 0.091456077015643802, "demand_score": 0.25776280011790398, "stress_score": 2.192982456140351, "infra_quality_score": 0.60233918128654973, "gap_score": -0.34457638116864575, "schools_nearby": 6, "stations_nearby": 1, "shops_nearby": 55, "bike_parking_nearby": 0, "bike_parking_capacity_nearby": 0.0, "bike_sharing_nearby": 2, "bike_sharing_capacity_nearby": 12.0, "flat_terrain": 0, "roi_car_trips_per_day": 937.31031620586862, "roi_congestion_cost_yen_day": 327983.62584675755, "roi_operating_cost_yen_day": 45796.98204981874, "roi_emissions_kg_day": 243.70068221352585, "roi_shifted_trips_per_day": 187.46206324117372, "roi_congestion_savings_yen_day": 65596.725169351514, "roi_operating_savings_yen_day": 9159.3964099637487, "roi_emissions_avoided_kg_day": 48.740136442705172, "roi_health_benefit_yen_day": 5623.8618972352115, "roi_parking_spaces_freed": 3.7492412648234748 }, "geometry": { "type": "Polygon", "coordinates": [ [ [ 139.597651839127394, 35.437462612928037 ], [ 139.597085636317985, 35.439214020174859 ], [ 139.595110091031415, 35.439686514485906 ], [ 139.593700844405816, 35.438407620510453 ], [ 139.594267096093319, 35.436656266441851 ], [ 139.59624254553151, 35.436183753170788 ], [ 139.597651839127394, 35.437462612928037 ] ] ] } },
{ "type": "Feature", "properties": { "hex_id": "892f5bd3353ffff", "population": 1538.1247926073656, "production_score": 0.54515298420772995, "attraction_score": 0.33212996389891697, "demand_score": 0.35821182253500083, "stress_score": 2.0232558139534884, "infra_quality_score": 0.6589147286821706, "gap_score": -0.30070290614716977, "schools_nearby": 13, "stations_nearby": 4, "shops_nearby": 225, "bike_parking_nearby": 0, "bike_parking_capacity_nearby": 0.0, "bike_sharing_nearby": 1, "bike_sharing_capacity_nearby": 8.0, "flat_terrain": 0, "roi_car_trips_per_day": 1076.6873548251558, "roi_congestion_cost_yen_day": 376754.43920041854, "roi_operating_cost_yen_day": 52606.944156757112, "roi_emissions_kg_day": 279.93871225454052, "roi_shifted_trips_per_day": 215.33747096503117, "roi_congestion_savings_yen_day": 75350.887840083713, "roi_operating_savings_yen_day": 10521.388831351424, "roi_emissions_avoided_kg_day": 55.987742450908108, "roi_health_benefit_yen_day": 6460.1241289509353, "roi_parking_spaces_freed": 4.3067494193006235 }, "geometry": { "type": "Polygon", "coordinates": [ [ [ 139.613734815515102, 35.438462959012526 ], [ 139.613168866485154, 35.440214619577226 ], [ 139.611192993706766, 35.440687412425653 ], [ 139.609783165824808, 35.439408563639759 ], [ 139.610349163783496, 35.437656956242094 ], [ 139.612324940698556, 35.437184144463586 ], [ 139.613734815515102, 35.438462959012526 ] ] ] } },
{ "type": "Feature", "properties": { "hex_id": "892f5bd3237ffff", "population": 2507.4727815419642, "production_score": 0.8887161017410371, "attraction_score": 0.39470517448856801, "demand_score": 0.68461411334702849, "stress_score": 2.7083333333333335, "infra_quality_score": 0.43055555555555547, "gap_score": 0.25405855779147302, "schools_nearby": 18, "stations_nearby": 4, "shops_nearby": 262, "bike_parking_nearby": 0, "bike_parking_capacity_nearby": 0.0, "bike_sharing_nearby": 4, "bike_sharing_capacity_nearby": 78.0, "flat_terrain": 1, "roi_car_trips_per_day": 1755.2309470793753, "roi_congestion_cost_yen_day": 614190.41300201498, "roi_operating_cost_yen_day": 85760.584074298269, "roi_emissions_kg_day": 456.36004624063759, "roi_shifted_trips_per_day": 351.04618941587506, "roi_congestion_savings_yen_day": 122838.08260040301, "roi_operating_savings_yen_day": 17152.116814859655, "roi_emissions_avoided_kg_day": 91.272009248127517, "roi_health_benefit_yen_day": 10531.385682476252, "roi_parking_spaces_freed": 7.0209237883175017 }, "geometry": { "type": "Polygon", "coordinates": [ [ [ 139.619662473590921, 35.437044225071112 ], [ 139.61909663165784, 35.438795979420391 ], [ 139.617120685464926, 35.4392689030756 ], [ 139.615710677072542, 35.437990091299781 ], [ 139.616276567950763, 35.436238390113886 ], [ 139.61825241827944, 35.435765447540703 ], [ 139.619662473590921, 35.437044225071112 ] ] ] } },
{ "type": "Feature", "properties": { "hex_id": "892f5bd311bffff", "population": 1343.9390589940801, "production_score": 0.47632831362271272, "attraction_score": 0.077015643802647415, "demand_score": 0.24033705176554271, "stress_score": 1.9333333333333333, "infra_quality_score": 0.68888888888888888, "gap_score": -0.44855183712334618, "schools_nearby": 7, "stations_nearby": 1, "shops_nearby": 40, "bike_parking_nearby": 0, "bike_parking_capacity_nearby": 0.0, "bike_sharing_nearby": 2, "bike_sharing_capacity_nearby": 3.0, "flat_terrain": 0, "roi_car_trips_per_day": 940.75734129585624, "roi_congestion_cost_yen_day": 329189.80886624602, "roi_operating_cost_yen_day": 45965.403695715533, "roi_emissions_kg_day": 244.59690873692264, "roi_shifted_trips_per_day": 188.15146825917125, "roi_congestion_savings_yen_day": 65837.961773249204, "roi_operating_savings_yen_day": 9193.0807391431081, "roi_emissions_avoided_kg_day": 48.919381747384527, "roi_health_benefit_yen_day": 5644.5440477751372, "roi_parking_spaces_freed": 3.7630293651834252 }, "geometry": { "type": "Polygon", "coordinates": [ [ [ 139.603601310375922, 35.413414893026577 ], [ 139.603035386240094, 35.415166399801024 ], [ 139.601060364749543, 35.415639288199685 ], [ 139.599651363189338, 35.414360688758492 ], [ 139.600217336190127, 35.41260923516446 ], [ 139.602192261889286, 35.412136327831483 ], [ 139.603601310375922, 35.413414893026577 ] ] ] } },
{ "type": "Feature", "properties": { "hex_id": "892f5bd0607ffff", "population": 1227.9077159823855, "production_score": 0.43520367067535531, "attraction_score": 0.050541516245487361, "demand_score": 0.22536795827943779, "stress_score": 2.1071428571428572, "infra_quality_score": 0.63095238095238093, "gap_score": -0.40558442267294315, "schools_nearby": 8, "stations_nearby": 0, "shops_nearby": 18, "bike_parking_nearby": 0, "bike_parking_capacity_nearby": 0.0, "bike_sharing_nearby": 0, "bike_sharing_capacity_nearby": 0.0, "flat_terrain": 0, "roi_car_trips_per_day": 859.53540118766978, "roi_congestion_cost_yen_day": 300768.6275835894, "roi_operating_cost_yen_day": 41996.899702029543, "roi_emissions_kg_day": 223.47920430879415, "roi_shifted_trips_per_day": 171.90708023753396, "roi_congestion_savings_yen_day": 60153.725516717888, "roi_operating_savings_yen_day": 8399.37994040591, "roi_emissions_avoided_kg_day": 44.695840861758832, "roi_health_benefit_yen_day": 5157.2124071260187, "roi_parking_spaces_freed": 3.4381416047506792 }, "geometry": { "type": "Polygon", "coordinates": [ [ [ 139.579046007657752, 35.427370334694842 ], [ 139.578479579137934, 35.429121450918053 ], [ 139.576504649030937, 35.429593703807029 ], [ 139.575096243255103, 35.428314859462354 ], [ 139.575662720582869, 35.426563796432568 ], [ 139.577637554881647, 35.426091524554337 ], [ 139.579046007657752, 35.427370334694842 ] ] ] } },
{ "type": "Feature", "properties": { "hex_id": "892f5bd3143ffff", "population": 1391.9702879697684, "production_score": 0.4933518788998022, "attraction_score": 0.27436823104693142, "demand_score": 0.31870203848135675, "stress_score": 2.0, "infra_quality_score": 0.66666666666666674, "gap_score": -0.34796462818530999, "schools_nearby": 13, "stations_nearby": 2, "shops_nearby": 183, "bike_parking_nearby": 0, "bike_parking_capacity_nearby": 0.0, "bike_sharing_nearby": 0, "bike_sharing_capacity_nearby": 0.0, "flat_terrain": 0, "roi_car_trips_per_day": 974.37920157883798, "roi_congestion_cost_yen_day": 340954.77021646698, "roi_operating_cost_yen_day": 47608.167789142026, "roi_emissions_kg_day": 253.33859241049788, "roi_shifted_trips_per_day": 194.87584031576762, "roi_congestion_savings_yen_day": 68190.954043293401, "roi_operating_savings_yen_day": 9521.6335578284052, "roi_emissions_avoided_kg_day": 50.667718482099581, "roi_health_benefit_yen_day": 5846.2752094730286, "roi_parking_spaces_freed": 3.8975168063153522 }, "geometry": { "type": "Polygon", "coordinates": [ [ [ 139.605287809541977, 35.419475144203268 ], [ 139.604721866944857, 35.421226676188112 ], [ 139.602746653846339, 35.421699526717546 ], [ 139.601337479156314, 35.420420864197183 ], [ 139.601903470631527, 35.418669385390047 ], [ 139.603878587921855, 35.418196515925864 ], [ 139.605287809541977, 35.419475144203268 ] ] ] } },
{ "type": "Feature", "properties": { "hex_id": "892f5bd33a3ffff", "population": 1473.8521349132266, "production_score": 0.52237301777501532, "attraction_score": 0.36221419975932612, "demand_score": 0.35864398767548106, "stress_score": 1.9807692307692308, "infra_quality_score": 0.67307692307692313, "gap_score": -0.31443293540144207, "schools_nearby": 14, "stations_nearby": 3, "shops_nearby": 250, "bike_parking_nearby": 0, "bike_parking_capacity_nearby": 0.0, "bike_sharing_nearby": 3, "bike_sharing_capacity_nearby": 9.0, "flat_terrain": 0, "roi_car_trips_per_day": 1031.6964944392585, "roi_congestion_cost_yen_day": 361011.23733418534, "roi_operating_cost_yen_day": 50408.690718302169, "roi_emissions_kg_day": 268.24108855420718, "roi_shifted_trips_per_day": 206.3392988878517, "roi_congestion_savings_yen_day": 72202.247466837071, "roi_operating_savings_yen_day": 10081.738143660434, "roi_emissions_avoided_kg_day": 53.648217710841443, "roi_health_benefit_yen_day": 6190.1789666355508, "roi_parking_spaces_freed": 4.1267859777570344 }, "geometry": { "type": "Polygon", "coordinates": [ [ [ 139.601048584360711, 35.426953972907491 ], [ 139.600482516294591, 35.428705436289903 ], [ 139.598507185022186, 35.429178118210324 ], [ 139.597098017643077, 35.427899355695892 ], [ 139.597664134584022, 35.426147945492119 ], [ 139.599639370032378, 35.425675244624422 ], [ 139.601048584360711, 35.426953972907491 ] ] ] } },
{ "type": "Feature", "properties": { "hex_id": "892f5bd3287ffff", "population": 944.55407561958282, "production_score": 0.33477548476200508, "attraction_score": 0.17689530685920576, "demand_score": 0.22464033262297936, "stress_score": 1.9111111111111112, "infra_quality_score": 0.69629629629629619, "gap_score": -0.47165596367331686, "schools_nearby": 9, "stations_nearby": 1, "shops_nearby": 117, "bike_parking_nearby": 0, "bike_parking_capacity_nearby": 0.0, "bike_sharing_nearby": 1, "bike_sharing_capacity_nearby": 27.0, "flat_terrain": 0, "roi_car_trips_per_day": 661.18785293370797, "roi_congestion_cost_yen_day": 231362.85349856311, "roi_operating_cost_yen_day": 32305.638494340972, "roi_emissions_kg_day": 171.90884176276407, "roi_shifted_trips_per_day": 132.23757058674161, "roi_congestion_savings_yen_day": 46272.570699712625, "roi_operating_savings_yen_day": 6461.1276988681948, "roi_emissions_avoided_kg_day": 34.381768352552818, "roi_health_benefit_yen_day": 3967.1271176022483, "roi_parking_spaces_freed": 2.6447514117348323 }, "geometry": { "type": "Polygon", "coordinates": [ [ [ 139.630673652316318, 35.431174947149202 ], [ 139.63010803381971, 35.432926876462709 ], [ 139.628132036778482, 35.433400080651971 ], [ 139.626721754094604, 35.432121374421548 ], [ 139.627287421562386, 35.430369498265449 ], [ 139.629263322746027, 35.429896275182642 ], [ 139.630673652316318, 35.431174947149202 ] ] ] } },
{ "type": "Feature", "properties": { "hex_id": "892f5bd316bffff", "population": 1325.5673341996992, "production_score": 0.46981687798053556, "attraction_score": 0.28158844765342961, "demand_score": 0.30830436397188776, "stress_score": 1.90625, "infra_quality_score": 0.69791666666666674, "gap_score": -0.38961230269477898, "schools_nearby": 12, "stations_nearby": 2, "shops_nearby": 192, "bike_parking_nearby": 1, "bike_parking_capacity_nearby": 4.0, "bike_sharing_nearby": 1, "bike_sharing_capacity_nearby": 6.0, "flat_terrain": 0, "roi_car_trips_per_day": 927.89713393978934, "roi_congestion_cost_yen_day": 324689.76510821108, "roi_operating_cost_yen_day": 45337.053964298109, "roi_emissions_kg_day": 241.25325482434525, "roi_shifted_trips_per_day": 185.57942678795789, "roi_congestion_savings_yen_day": 64937.953021642228, "roi_operating_savings_yen_day": 9067.4107928596222, "roi_emissions_avoided_kg_day": 48.250650964869052, "roi_health_benefit_yen_day": 5567.3828036387367, "roi_parking_spaces_freed": 3.7115885357591578 }, "geometry": { "type": "Polygon", "coordinates": [ [ [ 139.596821161474026, 35.423117816874459 ], [ 139.596255053780112, 35.424869214500823 ], [ 139.59427990298812, 35.425341859485002 ], [ 139.5928709557042, 35.42406312579616 ], [ 139.593437112254975, 35.422311781352327 ], [ 139.595412167235992, 35.421839117415125 ], [ 139.596821161474026, 35.423117816874459 ] ] ] } },
{ "type": "Feature", "properties": { "hex_id": "892f5bd0657ffff", "population": 1154.9021164414676, "production_score": 0.4093285137018175, "attraction_score": 0.054151624548736461, "demand_score": 0.21650376267340818, "stress_score": 2.0857142857142859, "infra_quality_score": 0.63809523809523805, "gap_score": -0.42159147542182984, "schools_nearby": 11, "stations_nearby": 0, "shops_nearby": 12, "bike_parking_nearby": 0, "bike_parking_capacity_nearby": 0.0, "bike_sharing_nearby": 0, "bike_sharing_capacity_nearby": 0.0, "flat_terrain": 0, "roi_car_trips_per_day": 808.43148150902744, "roi_congestion_cost_yen_day": 282886.34400963888, "roi_operating_cost_yen_day": 39499.962186531076, "roi_emissions_kg_day": 210.19218519234715, "roi_shifted_trips_per_day": 161.6862963018055, "roi_congestion_savings_yen_day": 56577.268801927785, "roi_operating_savings_yen_day": 7899.9924373062167, "roi_emissions_avoided_kg_day": 42.038437038469432, "roi_health_benefit_yen_day": 4850.5888890541646, "roi_parking_spaces_freed": 3.2337259260361102 }, "geometry": { "type": "Polygon", "coordinates": [ [ [ 139.586655711987845, 35.432013294636945 ], [ 139.586089371847777, 35.433764529795127 ], [ 139.584114176497422, 35.434236875418542 ], [ 139.58270541711633, 35.432958004861739 ], [ 139.583271806093734, 35.431206822890623 ], [ 139.585246905618078, 35.430734458289606 ], [ 139.586655711987845, 35.432013294636945 ] ] ] } },
{ "type": "Feature", "properties": { "hex_id": "892f5bd33cbffff", "population": 2499.0144025450454, "production_score": 0.88571822369245967, "attraction_score": 0.41395908543922982, "demand_score": 0.51613705819609135, "stress_score": 2.225, "infra_quality_score": 0.59166666666666656, "gap_score": -0.075529608470575216, "schools_nearby": 14, "stations_nearby": 4, "shops_nearby": 290, "bike_parking_nearby": 3, "bike_parking_capacity_nearby": 12.0, "bike_sharing_nearby": 7, "bike_sharing_capacity_nearby": 127.0, "flat_terrain": 0, "roi_car_trips_per_day": 1749.3100817815321, "roi_congestion_cost_yen_day": 612118.58381699375, "roi_operating_cost_yen_day": 85471.290595845654, "roi_emissions_kg_day": 454.82062126319835, "roi_shifted_trips_per_day": 349.86201635630641, "roi_congestion_savings_yen_day": 122423.71676339874, "roi_operating_savings_yen_day": 17094.258119169132, "roi_emissions_avoided_kg_day": 90.964124252639664, "roi_health_benefit_yen_day": 10495.860490689192, "roi_parking_spaces_freed": 6.9972403271261285 }, "geometry": { "type": "Polygon", "coordinates": [ [ [ 139.616276567950763, 35.436238390113886 ], [ 139.615710677072542, 35.437990091299781 ], [ 139.613734815515102, 35.438462959012526 ], [ 139.612324940698556, 35.437184144463586 ], [ 139.612890880510463, 35.435432496443568 ], [ 139.614866646208327, 35.434959609806903 ], [ 139.616276567950763, 35.436238390113886 ] ] ] } },
{ "type": "Feature", "properties": { "hex_id": "892f5bd304fffff", "population": 1396.553116322598, "production_score": 0.49497615708884418, "attraction_score": 0.16004813477737664, "demand_score": 0.28925850215317728, "stress_score": 2.2, "infra_quality_score": 0.6, "gap_score": -0.31074149784682259, "schools_nearby": 8, "stations_nearby": 1, "shops_nearby": 106, "bike_parking_nearby": 0, "bike_parking_capacity_nearby": 0.0, "bike_sharing_nearby": 0, "bike_sharing_capacity_nearby": 0.0, "flat_terrain": 0, "roi_car_trips_per_day": 977.58718142581859, "roi_congestion_cost_yen_day": 342077.30652452243, "roi_operating_cost_yen_day": 47764.909684465492, "roi_emissions_kg_day": 254.17266717071283, "roi_shifted_trips_per_day": 195.51743628516374, "roi_congestion_savings_yen_day": 68415.4613049045, "roi_operating_savings_yen_day": 9552.9819368931003, "roi_emissions_avoided_kg_day": 50.834533434142571, "roi_health_benefit_yen_day": 5865.5230885549117, "roi_parking_spaces_freed": 3.9103487257032747 }, "geometry": { "type": "Polygon", "coordinates": [ [ [ 139.626442883824012, 35.427338959919474 ], [ 139.625877225545281, 35.429090823501298 ], [ 139.623901408950417, 35.429563990632509 ], [ 139.622491346482121, 35.428285313081489 ], [ 139.623057053714007, 35.426533502660988 ], [ 139.625032774464302, 35.426060316630462 ], [ 139.626442883824012, 35.427338959919474 ] ] ] } },
{ "type": "Feature", "properties": { "hex_id": "892f5bd32afffff", "population": 2507.5779523691226, "production_score": 0.88875337712373204, "attraction_score": 0.41516245487364623, "demand_score": 0.68851339834193959, "stress_score": 2.6428571428571428, "infra_quality_score": 0.45238095238095244, "gap_score": 0.23613244596098715, "schools_nearby": 17, "stations_nearby": 4, "shops_nearby": 282, "bike_parking_nearby": 0, "bike_parking_capacity_nearby": 0.0, "bike_sharing_nearby": 4, "bike_sharing_capacity_nearby": 26.0, "flat_terrain": 1, "roi_car_trips_per_day": 1755.304566658386, "roi_congestion_cost_yen_day": 614216.17396510241, "roi_operating_cost_yen_day": 85764.181126928743, "roi_emissions_kg_day": 456.37918733118039, "roi_shifted_trips_per_day": 351.06091333167723, "roi_congestion_savings_yen_day": 122843.2347930205, "roi_operating_savings_yen_day": 17152.836225385749, "roi_emissions_avoided_kg_day": 91.275837466236084, "roi_health_benefit_yen_day": 10531.827399950316, "roi_parking_spaces_freed": 7.0212182666335448 }, "geometry": { "type": "Polygon", "coordinates": [ [ [ 139.622204192320623, 35.434819431592757 ], [ 139.62163840854339, 35.436571226553205 ], [ 139.619662473590921, 35.437044225071112 ], [ 139.61825241827944, 35.435765447540703 ], [ 139.618818251006644, 35.434013705742487 ], [ 139.620794090098599, 35.433540688312767 ], [ 139.622204192320623, 35.434819431592757 ] ] ] } },
{ "type": "Feature", "properties": { "hex_id": "892f5bd06cfffff", "population": 1305.9492112660655, "production_score": 0.46286368516209397, "attraction_score": 0.089049338146811069, "demand_score": 0.24674098672954531, "stress_score": 2.0714285714285716, "infra_quality_score": 0.64285714285714279, "gap_score": -0.39611615612759749, "schools_nearby": 13, "stations_nearby": 0, "shops_nearby": 35, "bike_parking_nearby": 0, "bike_parking_capacity_nearby": 0.0, "bike_sharing_nearby": 0, "bike_sharing_capacity_nearby": 0.0, "flat_terrain": 0, "roi_car_trips_per_day": 914.16444788624574, "roi_congestion_cost_yen_day": 319884.42360435514, "roi_operating_cost_yen_day": 44666.074923721964, "roi_emissions_kg_day": 237.68275645042391, "roi_shifted_trips_per_day": 182.83288957724915, "roi_congestion_savings_yen_day": 63976.884720871021, "roi_operating_savings_yen_day": 8933.2149847443925, "roi_emissions_avoided_kg_day": 47.53655129008478, "roi_health_benefit_yen_day": 5484.9866873174742, "roi_parking_spaces_freed": 3.6566577915449829 }, "geometry": { "type": "Polygon", "coordinates": [ [ [ 139.589197178237839, 35.429789598378989 ], [ 139.588630896210447, 35.431540874167531 ], [ 139.586655711987845, 35.432013294636945 ], [ 139.585246905618078, 35.430734458289606 ], [ 139.585813236487752, 35.428983235687014 ], [ 139.587788324888095, 35.428510796246123 ], [ 139.589197178237839, 35.429789598378989 ] ] ] } },
{ "type": "Feature", "properties": { "hex_id": "892f5bd3327ffff", "population": 1356.20975696971, "production_score": 0.4806773805201956, "attraction_score": 0.1095066185318893, "demand_score": 0.2557310663348964, "stress_score": 1.9833333333333334, "infra_quality_score": 0.67222222222222228, "gap_score": -0.41649115588732588, "schools_nearby": 12, "stations_nearby": 1, "shops_nearby": 52, "bike_parking_nearby": 0, "bike_parking_capacity_nearby": 0.0, "bike_sharing_nearby": 0, "bike_sharing_capacity_nearby": 0.0, "flat_terrain": 0, "roi_car_trips_per_day": 949.34682987879694, "roi_congestion_cost_yen_day": 332195.44271118863, "roi_operating_cost_yen_day": 46385.086107878014, "roi_emissions_kg_day": 246.83017576848721, "roi_shifted_trips_per_day": 189.86936597575939, "roi_congestion_savings_yen_day": 66439.088542237732, "roi_operating_savings_yen_day": 9277.0172215756047, "roi_emissions_avoided_kg_day": 49.366035153697446, "roi_health_benefit_yen_day": 5696.0809792727814, "roi_parking_spaces_freed": 3.7973873195151882 }, "geometry": { "type": "Polygon", "coordinates": [ [ [ 139.593424178488988, 35.433626062443786 ], [ 139.59285793605784, 35.43537740396863 ], [ 139.59088257130864, 35.43584986134892 ], [ 139.589473544829104, 35.434570996170415 ], [ 139.590039836120411, 35.432819707827647 ], [ 139.592015105034278, 35.432347231481621 ], [ 139.593424178488988, 35.433626062443786 ] ] ] } }
]
}
