{
"type": "FeatureCollection",
"name": "amenities",
"crs": { "type": "name", "properties": { "name": "urn:ogc:def:crs:OGC:1.3:CRS84" } },
"features": [
{ "type": "Feature", "properties": { "amenity_id": 1, "kind": "school", "name": "牛込成城幼稚園", "detail": "新宿区原町3-87" }, "geometry": { "type": "Point", "coordinates": [ 139.722577300000012, 35.6982494 ] } },
{ "type": "Feature", "properties": { "amenity_id": 2, "kind": "school", "name": "戸山幼稚園", "detail": "新宿区戸山2-7-2" }, "geometry": { "type": "Point", "coordinates": [ 139.7017984, 35.704325400000016 ] } },
{ "type": "Feature", "properties": { "amenity_id": 3, "kind": "school", "name": "下落合みどり幼稚園", "detail": "新宿区中落合4-3-1" }, "geometry": { "type": "Point", "coordinates": [ 139.686244, 35.720509 ] } },
{ "type": "Feature", "properties": { "amenity_id": 4, "kind": "school", "name": "四谷新生幼稚園", "detail": "新宿区四谷1-14" }, "geometry": { "type": "Point", "coordinates": [ 139.727714, 35.684264 ] } },
{ "type": "Feature", "properties": { "amenity_id": 5, "kind": "school", "name": "目白ヶ丘幼稚園", "detail": "新宿区下落合2-15-11" }, "geometry": { "type": "Point", "coordinates": [ 139.704103, 35.71912 ] } },
{ "type": "Feature", "properties": { "amenity_id": 6, "kind": "school", "name": "目白平和幼稚園", "detail": "新宿区下落合3-14-25" }, "geometry": { "type": "Point", "coordinates": [ 139.700740800000034, 35.7219394 ] } },
{ "type": "Feature", "properties": { "amenity_id": 7, "kind": "school", "name": "豊多摩幼稚園", "detail": "新宿区西落合4-8-18" }, "geometry": { "type": "Point", "coordinates": [ 139.679336, 35.727988 ] } },
{ "type": "Feature", "properties": { "amenity_id": 8, "kind": "school", "name": "伸びる会幼稚園", "detail": "新宿区上落合2-25-19" }, "geometry": { "type": "Point", "coordinates": [ 139.687161, 35.711843 ] } },
{ "type": "Feature", "properties": { "amenity_id": 9, "kind": "school", "name": "おおや幼稚園", "detail": "新宿区高田馬場2-8-18" }, "geometry": { "type": "Point", "coordinates": [ 139.709409, 35.712538 ] } },
{ "type": "Feature", "properties": { "amenity_id": 10, "kind": "school", "name": "津久戸幼稚園", "detail": "新宿区津久戸町2-2" }, "geometry": { "type": "Point", "coordinates": [ 139.7416871, 35.703113 ] } },
{ "type": "Feature", "properties": { "amenity_id": 11, "kind": "school", "name": "江戸川幼稚園", "detail": "新宿区水道町1-28" }, "geometry": { "type": "Point", "coordinates": [ 139.7366687, 35.707226800000015 ] } },
{ "type": "Feature", "properties": { "amenity_id": 12, "kind": "school", "name": "市谷幼稚園", "detail": "新宿区市谷山伏町1-3" }, "geometry": { "type": "Point", "coordinates": [ 139.729957, 35.700380600000017 ] } },
{ "type": "Feature", "properties": { "amenity_id": 13, "kind": "school", "name": "早稲田幼稚園", "detail": "新宿区早稲田南町25" }, "geometry": { "type": "Point", "coordinates": [ 139.723098, 35.7035708 ] } },
{ "type": "Feature", "properties": { "amenity_id": 14, "kind": "school", "name": "鶴巻幼稚園", "detail": "新宿区早稲田鶴巻町140" }, "geometry": { "type": "Point", "coordinates": [ 139.724500400000011, 35.7081951 ] } },
{ "type": "Feature", "properties": { "amenity_id": 15, "kind": "school", "name": "牛込仲之幼稚園", "detail": "新宿区市谷仲之町4-33" }, "geometry": { "type": "Point", "coordinates": [ 139.723386, 35.6959867 ] } },
{ "type": "Feature", "properties": { "amenity_id": 16, "kind": "school", "name": "富久幼稚園", "detail": "新宿区富久町7-24" }, "geometry": { "type": "Point", "coordinates": [ 139.716372, 35.692533 ] } },
{ "type": "Feature", "properties": { "amenity_id": 17, "kind": "school", "name": "余丁町幼稚園", "detail": "新宿区若松町13-1" }, "geometry": { "type": "Point", "coordinates": [ 139.716085100000015, 35.6994336 ] } },
{ "type": "Feature", "properties": { "amenity_id": 18, "kind": "school", "name": "四谷第六幼稚園", "detail": "新宿区大京町30" }, "geometry": { "type": "Point", "coordinates": [ 139.715238900000031, 35.6812357 ] } },
{ "type": "Feature", "properties": { "amenity_id": 19, "kind": "school", "name": "花園幼稚園", "detail": "新宿区新宿1-22-1" }, "geometry": { "type": "Point", "coordinates": [ 139.713202200000012, 35.6895872 ] } },
{ "type": "Feature", "properties": { "amenity_id": 20, "kind": "school", "name": "大久保幼稚園", "detail": "新宿区大久保1-1-21" }, "geometry": { "type": "Point", "coordinates": [ 139.7057164, 35.6996902 ] } },
{ "type": "Feature", "properties": { "amenity_id": 21, "kind": "school", "name": "戸山幼稚園", "detail": "新宿区百人町2-1-38" }, "geometry": { "type": "Point", "coordinates": [ 139.695688, 35.708871 ] } },
{ "type": "Feature", "properties": { "amenity_id": 22, "kind": "school", "name": "戸塚第一幼稚園", "detail": "新宿区西早稲田3-10-12" }, "geometry": { "type": "Point", "coordinates": [ 139.7144242, 35.710927200000022 ] } },
{ "type": "Feature", "properties": { "amenity_id": 23, "kind": "school", "name": "戸塚第二幼稚園", "detail": "新宿区高田馬場1-25-21" }, "geometry": { "type": "Point", "coordinates": [ 139.70540680000002, 35.7121453 ] } },
{ "type": "Feature", "properties": { "amenity_id": 24, "kind": "school", "name": "戸塚第三幼稚園", "detail": "新宿区高田馬場3-18-21" }, "geometry": { "type": "Point", "coordinates": [ 139.69776, 35.714235 ] } },
{ "type": "Feature", "properties": { "amenity_id": 25, "kind": "school", "name": "落合第二幼稚園", "detail": "新宿区上落合2-10-23" }, "geometry": { "type": "Point", "coordinates": [ 139.688895, 35.712464 ] } },
{ "type": "Feature", "properties": { "amenity_id": 26, "kind": "school", "name": "落合第三幼稚園", "detail": "新宿区西落合1-12-20" }, "geometry": { "type": "Point", "coordinates": [ 139.683019700000017, 35.7202598 ] } },
{ "type": "Feature", "properties": { "amenity_id": 27, "kind": "school", "name": "落合第四幼稚園", "detail": "新宿区下落合2-9-34" }, "geometry": { "type": "Point", "coordinates": [ 139.700993, 35.71737 ] } },
{ "type": "Feature", "properties": { "amenity_id": 28, "kind": "school", "name": "落合第六幼稚園", "detail": "新宿区西落合4-11-21" }, "geometry": { "type": "Point", "coordinates": [ 139.678863700000022, 35.7269484 ] } },
{ "type": "Feature", "properties": { "amenity_id": 29, "kind": "school", "name": "淀橋第四幼稚園", "detail": "新宿区北新宿3-17-1" }, "geometry": { "type": "Point", "coordinates": [ 139.692080200000021, 35.7044773 ] } },
{ "type": "Feature", "properties": { "amenity_id": 30, "kind": "school", "name": "西戸山幼稚園", "detail": "新宿区百人町4-7-1" }, "geometry": { "type": "Point", "coordinates": [ 139.695652, 35.708888 ] } },
{ "type": "Feature", "properties": { "amenity_id": 31, "kind": "school", "name": "四谷子ども園", "detail": "新宿区四谷2-6" }, "geometry": { "type": "Point", "coordinates": [ 139.724945, 35.686461 ] } },
{ "type": "Feature", "properties": { "amenity_id": 32, "kind": "school", "name": "あいじつ子ども園", "detail": "新宿区北町17" }, "geometry": { "type": "Point", "coordinates": [ 139.734574, 35.698957 ] } },
{ "type": "Feature", "properties": { "amenity_id": 33, "kind": "school", "name": "西新宿子ども園", "detail": "新宿区西新宿4-35-5" }, "geometry": { "type": "Point", "coordinates": [ 139.687881, 35.68569 ] } },
{ "type": "Feature", "properties": { "amenity_id": 34, "kind": "school", "name": "津久戸小学校", "detail": "新宿区津久戸町2-2" }, "geometry": { "type": "Point", "coordinates": [ 139.741794241346952, 35.702799417681369 ] } },
{ "type": "Feature", "properties": { "amenity_id": 35, "kind": "school", "name": "江戸川小学校", "detail": "新宿区水道町1-28" }, "geometry": { "type": "Point", "coordinates": [ 139.736408684305559, 35.707014721830419 ] } },
{ "type": "Feature", "properties": { "amenity_id": 36, "kind": "school", "name": "市谷小学校", "detail": "新宿区市谷山伏町1-3" }, "geometry": { "type": "Point", "coordinates": [ 139.728927493598491, 35.699771320318035 ] } },
{ "type": "Feature", "properties": { "amenity_id": 37, "kind": "school", "name": "愛日小学校", "detail": "新宿区北町26" }, "geometry": { "type": "Point", "coordinates": [ 139.734129084935887, 35.699667985057964 ] } },
{ "type": "Feature", "properties": { "amenity_id": 38, "kind": "school", "name": "早稲田小学校", "detail": "新宿区早稲田南町25" }, "geometry": { "type": "Point", "coordinates": [ 139.723625841464866, 35.70379065120045 ] } },
{ "type": "Feature", "properties": { "amenity_id": 39, "kind": "school", "name": "鶴巻小学校", "detail": "新宿区早稲田鶴巻町140" }, "geometry": { "type": "Point", "coordinates": [ 139.724900406760895, 35.708387526490199 ] } },
{ "type": "Feature", "properties": { "amenity_id": 40, "kind": "school", "name": "牛込仲之小学校", "detail": "新宿区市谷仲之町4-33" }, "geometry": { "type": "Point", "coordinates": [ 139.723659858509905, 35.695683354684483 ] } },
{ "type": "Feature", "properties": { "amenity_id": 41, "kind": "school", "name": "富久小学校", "detail": "新宿区富久町7-24" }, "geometry": { "type": "Point", "coordinates": [ 139.716432508454062, 35.692261186351061 ] } },
{ "type": "Feature", "properties": { "amenity_id": 42, "kind": "school", "name": "余丁町小学校", "detail": "新宿区若松町13-1" }, "geometry": { "type": "Point", "coordinates": [ 139.715914371239791, 35.699126911314956 ] } },
{ "type": "Feature", "properties": { "amenity_id": 43, "kind": "school", "name": "東戸山小学校", "detail": "新宿区戸山2-34-2" }, "geometry": { "type": "Point", "coordinates": [ 139.711515946277189, 35.701983293817328 ] } },
{ "type": "Feature", "properties": { "amenity_id": 44, "kind": "school", "name": "四谷第六小学校", "detail": "新宿区大京町30" }, "geometry": { "type": "Point", "coordinates": [ 139.715566419954541, 35.681350276428603 ] } },
{ "type": "Feature", "properties": { "amenity_id": 45, "kind": "school", "name": "大久保小学校", "detail": "新宿区大久保1-1-21" }, "geometry": { "type": "Point", "coordinates": [ 139.705802854132429, 35.699341231352257 ] } },
{ "type": "Feature", "properties": { "amenity_id": 46, "kind": "school", "name": "天神小学校", "detail": "新宿区新宿6-14-2" }, "geometry": { "type": "Point", "coordinates": [ 139.709997537474607, 35.695260188376274 ] } },
{ "type": "Feature", "properties": { "amenity_id": 47, "kind": "school", "name": "戸山小学校", "detail": "新宿区百人町2-1-38" }, "geometry": { "type": "Point", "coordinates": [ 139.699454744190632, 35.707876259689307 ] } },
{ "type": "Feature", "properties": { "amenity_id": 48, "kind": "school", "name": "戸塚第一小学校", "detail": "新宿区西早稲田3-10-12" }, "geometry": { "type": "Point", "coordinates": [ 139.714745807119755, 35.711124390055637 ] } },
{ "type": "Feature", "properties": { "amenity_id": 49, "kind": "school", "name": "戸塚第二小学校", "detail": "新宿区高田馬場1-25-21" }, "geometry": { "type": "Point", "coordinates": [ 139.705837291874502, 35.712348269688846 ] } },
{ "type": "Feature", "properties": { "amenity_id": 50, "kind": "school", "name": "戸塚第三小学校", "detail": "新宿区高田馬場3-18-21" }, "geometry": { "type": "Point", "coordinates": [ 139.697617841850928, 35.714535902168386 ] } },
{ "type": "Feature", "properties": { "amenity_id": 51, "kind": "school", "name": "落合第一小学校", "detail": "新宿区中落合2-13-27" }, "geometry": { "type": "Point", "coordinates": [ 139.691219204427796, 35.719477166253327 ] } },
{ "type": "Feature", "properties": { "amenity_id": 52, "kind": "school", "name": "落合第二小学校", "detail": "新宿区上落合2-10-23" }, "geometry": { "type": "Point", "coordinates": [ 139.689134896923463, 35.712687092499664 ] } },
{ "type": "Feature", "properties": { "amenity_id": 53, "kind": "school", "name": "落合第三小学校", "detail": "新宿区西落合1-12-20" }, "geometry": { "type": "Point", "coordinates": [ 139.682815011827984, 35.720636805952459 ] } },
{ "type": "Feature", "properties": { "amenity_id": 54, "kind": "school", "name": "落合第四小学校", "detail": "新宿区下落合2-9-34" }, "geometry": { "type": "Point", "coordinates": [ 139.700398547814956, 35.717849171820575 ] } },
{ "type": "Feature", "properties": { "amenity_id": 55, "kind": "school", "name": "落合第五小学校", "detail": "新宿区上落合3-1-6" }, "geometry": { "type": "Point", "coordinates": [ 139.685789710299503, 35.714460222754333 ] } },
{ "type": "Feature", "properties": { "amenity_id": 56, "kind": "school", "name": "落合第六小学校", "detail": "新宿区西落合4-11-21" }, "geometry": { "type": "Point", "coordinates": [ 139.678473547324216, 35.727136569719129 ] } },
{ "type": "Feature", "properties": { "amenity_id": 57, "kind": "school", "name": "淀橋第四小学校", "detail": "新宿区北新宿3-17-1" }, "geometry": { "type": "Point", "coordinates": [ 139.691214343928294, 35.703944213291692 ] } },
{ "type": "Feature", "properties": { "amenity_id": 58, "kind": "school", "name": "西戸山小学校", "detail": "新宿区百人町4-2-1" }, "geometry": { "type": "Point", "coordinates": [ 139.699604, 35.708094 ] } },
{ "type": "Feature", "properties": { "amenity_id": 59, "kind": "school", "name": "花園小学校", "detail": "新宿区新宿1-22-1" }, "geometry": { "type": "Point", "coordinates": [ 139.713482590037415, 35.689267539556916 ] } },
{ "type": "Feature", "properties": { "amenity_id": 60, "kind": "school", "name": "柏木小学校", "detail": "新宿区北新宿2-11-1" }, "geometry": { "type": "Point", "coordinates": [ 139.689420575420144, 35.700260986102272 ] } },
{ "type": "Feature", "properties": { "amenity_id": 61, "kind": "school", "name": "西新宿小学校", "detail": "新宿区西新宿4-35-5" }, "geometry": { "type": "Point", "coordinates": [ 139.687682646639246, 35.68609500633454 ] } },
{ "type": "Feature", "properties": { "amenity_id": 62, "kind": "school", "name": "四谷小学校", "detail": "新宿区四谷2-6" }, "geometry": { "type": "Point", "coordinates": [ 139.72508372505871, 35.686587377096167 ] } },
{ "type": "Feature", "properties": { "amenity_id": 63, "kind": "school", "name": "学習院初等科", "detail": "新宿区若葉1-23-1" }, "geometry": { "type": "Point", "coordinates": [ 139.726996512364622, 35.682402598541991 ] } },
{ "type": "Feature", "properties": { "amenity_id": 64, "kind": "school", "name": "牛込第一中学校", "detail": "新宿区北山伏町4-1" }, "geometry": { "type": "Point", "coordinates": [ 139.730517237581182, 35.700327708488459 ] } },
{ "type": "Feature", "properties": { "amenity_id": 65, "kind": "school", "name": "牛込第二中学校", "detail": "新宿区喜久井町20" }, "geometry": { "type": "Point", "coordinates": [ 139.722870936897237, 35.704205971831925 ] } },
{ "type": "Feature", "properties": { "amenity_id": 66, "kind": "school", "name": "牛込第三中学校", "detail": "新宿区市谷加賀町1-3-1" }, "geometry": { "type": "Point", "coordinates": [ 139.731561254889613, 35.697338491523269 ] } },
{ "type": "Feature", "properties": { "amenity_id": 67, "kind": "school", "name": "落合中学校", "detail": "新宿区下落合2-24-6" }, "geometry": { "type": "Point", "coordinates": [ 139.700098310224917, 35.718858018788545 ] } },
{ "type": "Feature", "properties": { "amenity_id": 68, "kind": "school", "name": "落合第二中学校", "detail": "新宿区西落合1-6-5" }, "geometry": { "type": "Point", "coordinates": [ 139.684404350173793, 35.721098165483404 ] } },
{ "type": "Feature", "properties": { "amenity_id": 69, "kind": "school", "name": "西新宿中学校", "detail": "新宿区西新宿8-2-44" }, "geometry": { "type": "Point", "coordinates": [ 139.694699030783312, 35.695673739246516 ] } },
{ "type": "Feature", "properties": { "amenity_id": 70, "kind": "school", "name": "四谷中学校", "detail": "新宿区四谷1-12" }, "geometry": { "type": "Point", "coordinates": [ 139.728662413767324, 35.684486396292492 ] } },
{ "type": "Feature", "properties": { "amenity_id": 71, "kind": "school", "name": "西早稲田中学校", "detail": "新宿区戸山3-20-2" }, "geometry": { "type": "Point", "coordinates": [ 139.709877501033787, 35.707791327238134 ] } },
{ "type": "Feature", "properties": { "amenity_id": 72, "kind": "school", "name": "新宿中学校", "detail": "新宿区新宿6-15-22" }, "geometry": { "type": "Point", "coordinates": [ 139.710841, 35.695405 ] } },
{ "type": "Feature", "properties": { "amenity_id": 73, "kind": "school", "name": "新宿西戸山中学校", "detail": "新宿区百人町4-3-1" }, "geometry": { "type": "Point", "coordinates": [ 139.70074538660333, 35.708356243409881 ] } },
{ "type": "Feature", "properties": { "amenity_id": 74, "kind": "school", "name": "海城中学校", "detail": "新宿区大久保3-6-1" }, "geometry": { "type": "Point", "coordinates": [ 139.702525134678297, 35.705236485415504 ] } },
{ "type": "Feature", "properties": { "amenity_id": 75, "kind": "school", "name": "学習院女子中等科", "detail": "新宿区戸山3-20-1" }, "geometry": { "type": "Point", "coordinates": [ 139.7135173, 35.7071366 ] } },
{ "type": "Feature", "properties": { "amenity_id": 76, "kind": "school", "name": "成女学園中学校", "detail": "新宿区富久町7-30" }, "geometry": { "type": "Point", "coordinates": [ 139.716924926561177, 35.691645082538713 ] } },
{ "type": "Feature", "properties": { "amenity_id": 77, "kind": "school", "name": "成城中学校", "detail": "新宿区原町3-87" }, "geometry": { "type": "Point", "coordinates": [ 139.723262780131535, 35.698492924534641 ] } },
{ "type": "Feature", "properties": { "amenity_id": 78, "kind": "school", "name": "目白研心中学校", "detail": "新宿区中落合4-31-1" }, "geometry": { "type": "Point", "coordinates": [ 139.681041, 35.7183907 ] } },
{ "type": "Feature", "properties": { "amenity_id": 79, "kind": "school", "name": "早稲田中学校", "detail": "新宿区馬場下町62" }, "geometry": { "type": "Point", "coordinates": [ 139.720076700890871, 35.706986733128538 ] } },
{ "type": "Feature", "properties": { "amenity_id": 80, "kind": "school", "name": "海城高等学校", "detail": "新宿区大久保3-6-1" }, "geometry": { "type": "Point", "coordinates": [ 139.702465, 35.705039 ] } },
{ "type": "Feature", "properties": { "amenity_id": 81, "kind": "school", "name": "学習院女子高等科", "detail": "新宿区戸山3-20-1" }, "geometry": { "type": "Point", "coordinates": [ 139.713537700000018, 35.7072329 ] } },
{ "type": "Feature", "properties": { "amenity_id": 82, "kind": "school", "name": "成女高等学校", "detail": "新宿区富久町7-30" }, "geometry": { "type": "Point", "coordinates": [ 139.717326, 35.691624 ] } },
{ "type": "Feature", "properties": { "amenity_id": 83, "kind": "school", "name": "成城高等学校", "detail": "新宿区原町3-87" }, "geometry": { "type": "Point", "coordinates": [ 139.723103, 35.698595 ] } },
{ "type": "Feature", "properties": { "amenity_id": 84, "kind": "school", "name": "保善高等学校", "detail": "新宿区大久保3-6-2" }, "geometry": { "type": "Point", "coordinates": [ 139.703115511941149, 35.706547342784731 ] } },
{ "type": "Feature", "properties": { "amenity_id": 85, "kind": "school", "name": "目白研心高等学校", "detail": "新宿区中落合4-31-1" }, "geometry": { "type": "Point", "coordinates": [ 139.680994, 35.71812 ] } },
{ "type": "Feature", "properties": { "amenity_id": 86, "kind": "school", "name": "早稲田高等学校", "detail": "新宿区馬場下町62" }, "geometry": { "type": "Point", "coordinates": [ 139.720575, 35.707178 ] } },
{ "type": "Feature", "properties": { "amenity_id": 87, "kind": "school", "name": "首都医校", "detail": "新宿区西新宿1-7-3" }, "geometry": { "type": "Point", "coordinates": [ 139.697037, 35.691677 ] } },
{ "type": "Feature", "properties": { "amenity_id": 88, "kind": "school", "name": "早稲田国際ビジネスカレッジ", "detail": "新宿区西早稲田2-1-27" }, "geometry": { "type": "Point", "coordinates": [ 139.716564, 35.707119 ] } },
{ "type": "Feature", "properties": { "amenity_id": 89, "kind": "school", "name": "東放学園高等専修学校", "detail": "新宿区西新宿4-5-2" }, "geometry": { "type": "Point", "coordinates": [ 139.68377, 35.689354 ] } },
{ "type": "Feature", "properties": { "amenity_id": 90, "kind": "school", "name": "東京外語専門学校", "detail": "新宿区西新宿7-3-8" }, "geometry": { "type": "Point", "coordinates": [ 139.699017, 35.696173 ] } },
{ "type": "Feature", "properties": { "amenity_id": 91, "kind": "school", "name": "高山美容専門学校", "detail": "新宿区市谷本村町2-31" }, "geometry": { "type": "Point", "coordinates": [ 139.731761, 35.690574 ] } },
{ "type": "Feature", "properties": { "amenity_id": 92, "kind": "school", "name": "中央理美容専門学校", "detail": "新宿区下落合2-3-16" }, "geometry": { "type": "Point", "coordinates": [ 139.7033591, 35.7157201 ] } },
{ "type": "Feature", "properties": { "amenity_id": 93, "kind": "school", "name": "東京栄養専門学校", "detail": "新宿区西新宿6-11-11" }, "geometry": { "type": "Point", "coordinates": [ 139.689461, 35.694695 ] } },
{ "type": "Feature", "properties": { "amenity_id": 94, "kind": "school", "name": "マリールイズ美容専門学校", "detail": "新宿区須賀町3" }, "geometry": { "type": "Point", "coordinates": [ 139.722076, 35.687007 ] } },
{ "type": "Feature", "properties": { "amenity_id": 95, "kind": "school", "name": "日本医学柔整鍼灸専門学校", "detail": "新宿区高田馬場1-18-18" }, "geometry": { "type": "Point", "coordinates": [ 139.705754, 35.7118335 ] } },
{ "type": "Feature", "properties": { "amenity_id": 96, "kind": "school", "name": "東京医療専門学校", "detail": "新宿区三栄町16-12" }, "geometry": { "type": "Point", "coordinates": [ 139.727783, 35.688374 ] } },
{ "type": "Feature", "properties": { "amenity_id": 97, "kind": "school", "name": "東洋美術学校", "detail": "新宿区富久町2-6" }, "geometry": { "type": "Point", "coordinates": [ 139.718088, 35.692338 ] } },
{ "type": "Feature", "properties": { "amenity_id": 98, "kind": "school", "name": "日本電子専門学校", "detail": "新宿区百人町1-25-4" }, "geometry": { "type": "Point", "coordinates": [ 139.6979466, 35.69933790000001 ] } },
{ "type": "Feature", "properties": { "amenity_id": 99, "kind": "school", "name": "日本美容専門学校", "detail": "新宿区高田馬場1-21-12" }, "geometry": { "type": "Point", "coordinates": [ 139.704151, 35.709644 ] } },
{ "type": "Feature", "properties": { "amenity_id": 100, "kind": "school", "name": "東京・ｉスマートビジネス専門学校", "detail": "新宿区西新宿7-18-12" }, "geometry": { "type": "Point", "coordinates": [ 139.69692, 35.696226 ] } },
{ "type": "Feature", "properties": { "amenity_id": 101, "kind": "school", "name": "東京山手メディカルセンター附属看護専門学校", "detail": "新宿区百人町3-22-8" }, "geometry": { "type": "Point", "coordinates": [ 139.698265, 35.704898 ] } },
{ "type": "Feature", "properties": { "amenity_id": 102, "kind": "school", "name": "東京家政専門学校", "detail": "新宿区高田馬場1-34-13" }, "geometry": { "type": "Point", "coordinates": [ 139.704139, 35.711839 ] } },
{ "type": "Feature", "properties": { "amenity_id": 103, "kind": "school", "name": "新宿医療専門学校", "detail": "新宿区左門町5" }, "geometry": { "type": "Point", "coordinates": [ 139.719681, 35.686511 ] } },
{ "type": "Feature", "properties": { "amenity_id": 104, "kind": "school", "name": "東京調理製菓専門学校", "detail": "新宿区西新宿7-11-11" }, "geometry": { "type": "Point", "coordinates": [ 139.697669, 35.694356 ] } },
{ "type": "Feature", "properties": { "amenity_id": 105, "kind": "school", "name": "東京眼鏡専門学校", "detail": "新宿区百人町2-26-10" }, "geometry": { "type": "Point", "coordinates": [ 139.694974, 35.704222 ] } },
{ "type": "Feature", "properties": { "amenity_id": 106, "kind": "school", "name": "ＨＡＬ東京", "detail": "新宿区西新宿1-7-3" }, "geometry": { "type": "Point", "coordinates": [ 139.696991, 35.691564 ] } },
{ "type": "Feature", "properties": { "amenity_id": 107, "kind": "school", "name": "東洋鍼灸専門学校", "detail": "新宿区百人町1-4-4" }, "geometry": { "type": "Point", "coordinates": [ 139.701389, 35.700055 ] } },
{ "type": "Feature", "properties": { "amenity_id": 108, "kind": "school", "name": "早稲田大学芸術学校", "detail": "新宿区大久保3-4-1" }, "geometry": { "type": "Point", "coordinates": [ 139.706899, 35.706068 ] } },
{ "type": "Feature", "properties": { "amenity_id": 109, "kind": "school", "name": "新宿調理師専門学校", "detail": "新宿区西新宿6-5-3" }, "geometry": { "type": "Point", "coordinates": [ 139.6943531, 35.693058900000011 ] } },
{ "type": "Feature", "properties": { "amenity_id": 110, "kind": "school", "name": "日本メンズアパレルアカデミー", "detail": "新宿区西新宿7-15-4" }, "geometry": { "type": "Point", "coordinates": [ 139.697416, 35.695289 ] } },
{ "type": "Feature", "properties": { "amenity_id": 111, "kind": "school", "name": "東京新宿メディカルセンター附属看護専門学校", "detail": "新宿区揚場町2-28" }, "geometry": { "type": "Point", "coordinates": [ 139.742838, 35.702219 ] } },
{ "type": "Feature", "properties": { "amenity_id": 112, "kind": "school", "name": "目白ファッション＆アートカレッジ", "detail": "新宿区下落合3-17-42" }, "geometry": { "type": "Point", "coordinates": [ 139.704018, 35.721625 ] } },
{ "type": "Feature", "properties": { "amenity_id": 113, "kind": "school", "name": "ファッションビジネスカレッジ東京", "detail": "新宿区百人町1-5-7" }, "geometry": { "type": "Point", "coordinates": [ 139.700906, 35.698612 ] } },
{ "type": "Feature", "properties": { "amenity_id": 114, "kind": "school", "name": "東京製菓学校", "detail": "新宿区高田馬場1-14-1" }, "geometry": { "type": "Point", "coordinates": [ 139.706209, 35.709011 ] } },
{ "type": "Feature", "properties": { "amenity_id": 115, "kind": "school", "name": "東京ＹＭＣＡ国際ホテル専門学校", "detail": "新宿区西早稲田2-18-12" }, "geometry": { "type": "Point", "coordinates": [ 139.710617, 35.710602 ] } },
{ "type": "Feature", "properties": { "amenity_id": 116, "kind": "school", "name": "東京経理綜合学院", "detail": "新宿区百人町1-5-6" }, "geometry": { "type": "Point", "coordinates": [ 139.700908, 35.698603 ] } },
{ "type": "Feature", "properties": { "amenity_id": 117, "kind": "school", "name": "東京モード学園", "detail": "新宿区西新宿1-7-3" }, "geometry": { "type": "Point", "coordinates": [ 139.696967, 35.691435 ] } },
{ "type": "Feature", "properties": { "amenity_id": 118, "kind": "school", "name": "ミュージシャンズ・インスティテュート東京", "detail": "新宿区高田馬場4-5-8" }, "geometry": { "type": "Point", "coordinates": [ 139.703447, 35.71297 ] } },
{ "type": "Feature", "properties": { "amenity_id": 119, "kind": "school", "name": "東京観光専門学校", "detail": "新宿区市谷田町3-21" }, "geometry": { "type": "Point", "coordinates": [ 139.738435, 35.696788 ] } },
{ "type": "Feature", "properties": { "amenity_id": 120, "kind": "school", "name": "医学技術専門学校東京新宿校", "detail": "新宿区百人町2-5-9" }, "geometry": { "type": "Point", "coordinates": [ 139.700356, 35.703311 ] } },
{ "type": "Feature", "properties": { "amenity_id": 121, "kind": "school", "name": "早稲田ゼミナール", "detail": "新宿区高田馬場1-24-13" }, "geometry": { "type": "Point", "coordinates": [ 139.70506, 35.711409 ] } },
{ "type": "Feature", "properties": { "amenity_id": 122, "kind": "school", "name": "早稲田予備学校", "detail": "新宿区高田馬場4-4-21" }, "geometry": { "type": "Point", "coordinates": [ 139.701832, 35.71269 ] } },
{ "type": "Feature", "properties": { "amenity_id": 123, "kind": "school", "name": "河合塾新宿校", "detail": "新宿区西新宿7-12-1" }, "geometry": { "type": "Point", "coordinates": [ 139.696822, 35.693534 ] } },
{ "type": "Feature", "properties": { "amenity_id": 124, "kind": "school", "name": "東京美容専門学校", "detail": "新宿区下落合1-2-4" }, "geometry": { "type": "Point", "coordinates": [ 139.703898, 35.715657 ] } },
{ "type": "Feature", "properties": { "amenity_id": 125, "kind": "school", "name": "東京デザインテクノロジーセンター専門学校", "detail": "新宿区高田馬場2-11-10" }, "geometry": { "type": "Point", "coordinates": [ 139.707659, 35.713654 ] } },
{ "type": "Feature", "properties": { "amenity_id": 126, "kind": "school", "name": "日本児童教育専門学校", "detail": "新宿区高田馬場1-32-15" }, "geometry": { "type": "Point", "coordinates": [ 139.703551, 35.710371 ] } },
{ "type": "Feature", "properties": { "amenity_id": 127, "kind": "school", "name": "東放学園映画専門学校", "detail": "新宿区西新宿5-25-8" }, "geometry": { "type": "Point", "coordinates": [ 139.684615, 35.690287 ] } },
{ "type": "Feature", "properties": { "amenity_id": 128, "kind": "school", "name": "東京アニメーションカレッジ専門学校", "detail": "新宿区下落合1-1-8" }, "geometry": { "type": "Point", "coordinates": [ 139.704293, 35.715479 ] } },
{ "type": "Feature", "properties": { "amenity_id": 129, "kind": "school", "name": "グレッグ外語専門学校新宿校", "detail": "新宿区百人町2-6-10" }, "geometry": { "type": "Point", "coordinates": [ 139.700446, 35.70405 ] } },
{ "type": "Feature", "properties": { "amenity_id": 130, "kind": "school", "name": "日本福祉教育専門学校", "detail": "新宿区高田馬場2-16-3" }, "geometry": { "type": "Point", "coordinates": [ 139.705717, 35.713651 ] } },
{ "type": "Feature", "properties": { "amenity_id": 131, "kind": "school", "name": "真野美容専門学校", "detail": "新宿区歌舞伎町2-42-5" }, "geometry": { "type": "Point", "coordinates": [ 139.701064, 35.697698 ] } },
{ "type": "Feature", "properties": { "amenity_id": 132, "kind": "school", "name": "ヘレン・ケラー学院", "detail": "新宿区大久保3-14-20" }, "geometry": { "type": "Point", "coordinates": [ 139.708306, 35.707846 ] } },
{ "type": "Feature", "properties": { "amenity_id": 133, "kind": "school", "name": "早稲田医学院歯科衛生士専門学校", "detail": "新宿区西早稲田2-4-6" }, "geometry": { "type": "Point", "coordinates": [ 139.716235, 35.70846490000001 ] } },
{ "type": "Feature", "properties": { "amenity_id": 134, "kind": "school", "name": "ＥＳＰエンタテインメント東京", "detail": "新宿区高田馬場3-3-19" }, "geometry": { "type": "Point", "coordinates": [ 139.702337, 35.7141 ] } },
{ "type": "Feature", "properties": { "amenity_id": 135, "kind": "school", "name": "東京マルチメディア専門学校", "detail": "新宿区百人町1-13-16" }, "geometry": { "type": "Point", "coordinates": [ 139.699235, 35.699506 ] } },
{ "type": "Feature", "properties": { "amenity_id": 136, "kind": "school", "name": "早稲田外語専門学校", "detail": "新宿区高田馬場1-23-9" }, "geometry": { "type": "Point", "coordinates": [ 139.704996, 35.711023 ] } },
{ "type": "Feature", "properties": { "amenity_id": 137, "kind": "school", "name": "東京国際福祉専門学校", "detail": "新宿区新宿1-11-7" }, "geometry": { "type": "Point", "coordinates": [ 139.713176, 35.688624 ] } },
{ "type": "Feature", "properties": { "amenity_id": 138, "kind": "school", "name": "早稲田美容専門学校", "detail": "新宿区西早稲田2-20-7" }, "geometry": { "type": "Point", "coordinates": [ 139.709541, 35.709027 ] } },
{ "type": "Feature", "properties": { "amenity_id": 139, "kind": "school", "name": "合気道学校", "detail": "新宿区若松町17-18" }, "geometry": { "type": "Point", "coordinates": [ 139.714301, 35.699141 ] } },
{ "type": "Feature", "properties": { "amenity_id": 140, "kind": "school", "name": "東京外語日本語学校", "detail": "新宿区新宿1-11-11" }, "geometry": { "type": "Point", "coordinates": [ 139.713379, 35.688657 ] } },
{ "type": "Feature", "properties": { "amenity_id": 141, "kind": "school", "name": "江上料理学院", "detail": "新宿区市谷左内町21" }, "geometry": { "type": "Point", "coordinates": [ 139.735047, 35.69312 ] } },
{ "type": "Feature", "properties": { "amenity_id": 142, "kind": "school", "name": "キルビー学院", "detail": "新宿区西新宿1-21-1明宝ﾋﾞﾙ5F" }, "geometry": { "type": "Point", "coordinates": [ 139.695922, 35.688341 ] } },
{ "type": "Feature", "properties": { "amenity_id": 143, "kind": "school", "name": "日本学生支援機構東京日本語教育センター", "detail": "新宿区北新宿3-22-7" }, "geometry": { "type": "Point", "coordinates": [ 139.689726, 35.703571 ] } },
{ "type": "Feature", "properties": { "amenity_id": 144, "kind": "school", "name": "ＫＣＰ地球市民日本語学校", "detail": "新宿区新宿1-29-12" }, "geometry": { "type": "Point", "coordinates": [ 139.713088, 35.690579 ] } },
{ "type": "Feature", "properties": { "amenity_id": 145, "kind": "school", "name": "新宿クッキングアカデミー", "detail": "新宿区歌舞伎町1-24-3" }, "geometry": { "type": "Point", "coordinates": [ 139.700677, 35.694364 ] } },
{ "type": "Feature", "properties": { "amenity_id": 146, "kind": "school", "name": "東京編物学院", "detail": "新宿区百人町1-11-7" }, "geometry": { "type": "Point", "coordinates": [ 139.699383, 35.699927 ] } },
{ "type": "Feature", "properties": { "amenity_id": 147, "kind": "school", "name": "東京韓国学校初等部", "detail": "新宿区若松町2-1" }, "geometry": { "type": "Point", "coordinates": [ 139.721752, 35.697132 ] } },
{ "type": "Feature", "properties": { "amenity_id": 148, "kind": "school", "name": "東京韓国学校中・高等部", "detail": "新宿区若松町2-1" }, "geometry": { "type": "Point", "coordinates": [ 139.721556, 35.696918 ] } },
{ "type": "Feature", "properties": { "amenity_id": 149, "kind": "school", "name": "日本聖書神学校", "detail": "新宿区下落合3-14-16" }, "geometry": { "type": "Point", "coordinates": [ 139.70029, 35.721717 ] } },
{ "type": "Feature", "properties": { "amenity_id": 150, "kind": "school", "name": "一橋学院早慶外語", "detail": "新宿区高田馬場1-29-5" }, "geometry": { "type": "Point", "coordinates": [ 139.703965, 35.710462 ] } },
{ "type": "Feature", "properties": { "amenity_id": 151, "kind": "school", "name": "千駄ヶ谷日本語学校", "detail": "新宿区下落合1-1-6" }, "geometry": { "type": "Point", "coordinates": [ 139.703796, 35.715296 ] } },
{ "type": "Feature", "properties": { "amenity_id": 152, "kind": "school", "name": "新宿日本語学校", "detail": "新宿区高田馬場2-9-7" }, "geometry": { "type": "Point", "coordinates": [ 139.707962, 35.712532 ] } },
{ "type": "Feature", "properties": { "amenity_id": 153, "kind": "school", "name": "東京国際大学付属日本語学校", "detail": "新宿区高田馬場4-23-23" }, "geometry": { "type": "Point", "coordinates": [ 139.701437, 35.709927 ] } },
{ "type": "Feature", "properties": { "amenity_id": 154, "kind": "school", "name": "戸山高等学校", "detail": "新宿区戸山3-19-1" }, "geometry": { "type": "Point", "coordinates": [ 139.710608648413796, 35.706652199497903 ] } },
{ "type": "Feature", "properties": { "amenity_id": 155, "kind": "school", "name": "新宿高等学校", "detail": "新宿区内藤町11-4" }, "geometry": { "type": "Point", "coordinates": [ 139.705377325518867, 35.688995796932922 ] } },
{ "type": "Feature", "properties": { "amenity_id": 156, "kind": "school", "name": "新宿山吹高等学校", "detail": "新宿区山吹町81" }, "geometry": { "type": "Point", "coordinates": [ 139.728187134046038, 35.706775752602887 ] } },
{ "type": "Feature", "properties": { "amenity_id": 157, "kind": "school", "name": "総合芸術高等学校", "detail": "新宿区富久町22-1" }, "geometry": { "type": "Point", "coordinates": [ 139.715728527956713, 35.693399832532798 ] } },
{ "type": "Feature", "properties": { "amenity_id": 158, "kind": "school", "name": "新宿養護学校", "detail": "新宿区西新宿4-20-11" }, "geometry": { "type": "Point", "coordinates": [ 139.686162, 35.68829 ] } },
{ "type": "Feature", "properties": { "amenity_id": 159, "kind": "school", "name": "目白大学", "detail": "新宿区中落合4-31-1" }, "geometry": { "type": "Point", "coordinates": [ 139.680063, 35.7176142 ] } },
{ "type": "Feature", "properties": { "amenity_id": 160, "kind": "school", "name": "工学院大学", "detail": "新宿区西新宿1-24-2" }, "geometry": { "type": "Point", "coordinates": [ 139.6953738, 35.6906 ] } },
{ "type": "Feature", "properties": { "amenity_id": 161, "kind": "school", "name": "東京医科大学", "detail": "新宿区新宿6-1-1" }, "geometry": { "type": "Point", "coordinates": [ 139.712048, 35.693679 ] } },
{ "type": "Feature", "properties": { "amenity_id": 162, "kind": "school", "name": "東京女子医科大学", "detail": "新宿区河田町8-1" }, "geometry": { "type": "Point", "coordinates": [ 139.72077, 35.698012 ] } },
{ "type": "Feature", "properties": { "amenity_id": 163, "kind": "school", "name": "東京理科大学", "detail": "新宿区神楽坂1-3" }, "geometry": { "type": "Point", "coordinates": [ 139.739485626240707, 35.697704808178941 ] } },
{ "type": "Feature", "properties": { "amenity_id": 164, "kind": "school", "name": "早稲田大学", "detail": "新宿区戸塚町1-104" }, "geometry": { "type": "Point", "coordinates": [ 139.722836300000012, 35.7091587 ] } },
{ "type": "Feature", "properties": { "amenity_id": 165, "kind": "school", "name": "学習院女子大学", "detail": "新宿区戸山3-20-1" }, "geometry": { "type": "Point", "coordinates": [ 139.710552800000016, 35.707427 ] } },
{ "type": "Feature", "properties": { "amenity_id": 166, "kind": "school", "name": "東京国際工科専門職大学", "detail": "新宿区西新宿1-7-3" }, "geometry": { "type": "Point", "coordinates": [ 139.697075, 35.691695 ] } },
{ "type": "Feature", "properties": { "amenity_id": 167, "kind": "school", "name": "東京通信大学", "detail": "新宿区西新宿1-7-3" }, "geometry": { "type": "Point", "coordinates": [ 139.696915, 35.691443 ] } },
{ "type": "Feature", "properties": { "amenity_id": 168, "kind": "school", "name": "国際ファッション専門職大学", "detail": "新宿区西新宿1-7-3" }, "geometry": { "type": "Point", "coordinates": [ 139.696925, 35.691587 ] } },
{ "type": "Feature", "properties": { "amenity_id": 169, "kind": "school", "name": "東京富士大学", "detail": "新宿区下落合1-7-7" }, "geometry": { "type": "Point", "coordinates": [ 139.700582262587972, 35.715337474022704 ] } },
{ "type": "Feature", "properties": { "amenity_id": 170, "kind": "school", "name": "社会情報大学院大学", "detail": "新宿区高田馬場1-25-30" }, "geometry": { "type": "Point", "coordinates": [ 139.70649, 35.71229 ] } },
{ "type": "Feature", "properties": { "amenity_id": 171, "kind": "school", "name": "目白大学短期大学部", "detail": "新宿区中落合4-31-1" }, "geometry": { "type": "Point", "coordinates": [ 139.680133, 35.717564 ] } },
{ "type": "Feature", "properties": { "amenity_id": 172, "kind": "school", "name": "慶應義塾大学", "detail": "新宿区信濃町35" }, "geometry": { "type": "Point", "coordinates": [ 139.717604, 35.682542 ] } },
{ "type": "Feature", "properties": { "amenity_id": 173, "kind": "school", "name": "上智大学", "detail": "新宿区下落合4-16-11" }, "geometry": { "type": "Point", "coordinates": [ 139.694847537391439, 35.720932152056122 ] } },
{ "type": "Feature", "properties": { "amenity_id": 174, "kind": "school", "name": "宝塚大学", "detail": "新宿区西新宿7-11-1" }, "geometry": { "type": "Point", "coordinates": [ 139.697324, 35.693759 ] } },
{ "type": "Feature", "properties": { "amenity_id": 175, "kind": "school", "name": "武蔵野美術大学", "detail": "新宿区市谷田町1-4" }, "geometry": { "type": "Point", "coordinates": [ 139.735577, 35.692941 ] } },
{ "type": "Feature", "properties": { "amenity_id": 176, "kind": "school", "name": "中井保育園", "detail": null }, "geometry": { "type": "Point", "coordinates": [ 139.68389430000002, 35.7146046 ] } },
{ "type": "Feature", "properties": { "amenity_id": 177, "kind": "school", "name": "エイビイシイ保育園", "detail": null }, "geometry": { "type": "Point", "coordinates": [ 139.706854, 35.702428 ] } },
{ "type": "Feature", "properties": { "amenity_id": 178, "kind": "school", "name": "三栄町保育園", "detail": null }, "geometry": { "type": "Point", "coordinates": [ 139.72377, 35.688319 ] } },
{ "type": "Feature", "properties": { "amenity_id": 179, "kind": "school", "name": "新宿こだま保育園", "detail": null }, "geometry": { "type": "Point", "coordinates": [ 139.682161, 35.719036 ] } },
{ "type": "Feature", "properties": { "amenity_id": 180, "kind": "school", "name": "中落合第二保育園", "detail": null }, "geometry": { "type": "Point", "coordinates": [ 139.693938, 35.717954 ] } },
{ "type": "Feature", "properties": { "amenity_id": 181, "kind": "school", "name": "二葉南元保育園", "detail": null }, "geometry": { "type": "Point", "coordinates": [ 139.723687, 35.681542 ] } },
{ "type": "Feature", "properties": { "amenity_id": 182, "kind": "school", "name": "信濃町保育園", "detail": null }, "geometry": { "type": "Point", "coordinates": [ 139.72024140000002, 35.6827792 ] } },
{ "type": "Feature", "properties": { "amenity_id": 183, "kind": "school", "name": "北新宿第一保育園", "detail": null }, "geometry": { "type": "Point", "coordinates": [ 139.690244, 35.698483 ] } },
{ "type": "Feature", "properties": { "amenity_id": 184, "kind": "school", "name": "四谷保育園", "detail": null }, "geometry": { "type": "Point", "coordinates": [ 139.716242, 35.689124 ] } },
{ "type": "Feature", "properties": { "amenity_id": 185, "kind": "school", "name": "大久保第一保育園", "detail": null }, "geometry": { "type": "Point", "coordinates": [ 139.706076, 35.708344 ] } },
{ "type": "Feature", "properties": { "amenity_id": 186, "kind": "school", "name": "富久町保育園", "detail": null }, "geometry": { "type": "Point", "coordinates": [ 139.711409, 35.695346 ] } },
{ "type": "Feature", "properties": { "amenity_id": 187, "kind": "school", "name": "弁天町保育園", "detail": null }, "geometry": { "type": "Point", "coordinates": [ 139.7236887, 35.7061252 ] } },
{ "type": "Feature", "properties": { "amenity_id": 188, "kind": "school", "name": "戸山第二保育園", "detail": null }, "geometry": { "type": "Point", "coordinates": [ 139.71227, 35.702095 ] } },
{ "type": "Feature", "properties": { "amenity_id": 189, "kind": "school", "name": "新宿第二保育園", "detail": null }, "geometry": { "type": "Point", "coordinates": [ 139.71091, 35.69279 ] } },
{ "type": "Feature", "properties": { "amenity_id": 190, "kind": "school", "name": "新栄保育園", "detail": null }, "geometry": { "type": "Point", "coordinates": [ 139.699854, 35.704983 ] } },
{ "type": "Feature", "properties": { "amenity_id": 191, "kind": "school", "name": "早稲田南町保育園", "detail": null }, "geometry": { "type": "Point", "coordinates": [ 139.722241, 35.705067 ] } },
{ "type": "Feature", "properties": { "amenity_id": 192, "kind": "school", "name": "東五軒町保育園", "detail": null }, "geometry": { "type": "Point", "coordinates": [ 139.740101, 35.706762 ] } },
{ "type": "Feature", "properties": { "amenity_id": 193, "kind": "school", "name": "東京母子愛育会保育園", "detail": null }, "geometry": { "type": "Point", "coordinates": [ 139.692077, 35.707344 ] } },
{ "type": "Feature", "properties": { "amenity_id": 194, "kind": "school", "name": "柏木幼稚園", "detail": null }, "geometry": { "type": "Point", "coordinates": [ 139.689383, 35.700483 ] } },
{ "type": "Feature", "properties": { "amenity_id": 195, "kind": "school", "name": "淀橋幼稚園", "detail": null }, "geometry": { "type": "Point", "coordinates": [ 139.689189, 35.694401 ] } },
{ "type": "Feature", "properties": { "amenity_id": 196, "kind": "school", "name": "獅子孔保育園", "detail": null }, "geometry": { "type": "Point", "coordinates": [ 139.686161, 35.717648 ] } },
{ "type": "Feature", "properties": { "amenity_id": 197, "kind": "school", "name": "百人町保育園", "detail": null }, "geometry": { "type": "Point", "coordinates": [ 139.69816, 35.703261 ] } },
{ "type": "Feature", "properties": { "amenity_id": 198, "kind": "school", "name": "至誠会保育園", "detail": null }, "geometry": { "type": "Point", "coordinates": [ 139.718159, 35.697568 ] } },
{ "type": "Feature", "properties": { "amenity_id": 199, "kind": "school", "name": "落合第一幼稚園", "detail": null }, "geometry": { "type": "Point", "coordinates": [ 139.691206100000016, 35.719818500000017 ] } },
{ "type": "Feature", "properties": { "amenity_id": 200, "kind": "school", "name": "西新宿保育園", "detail": null }, "geometry": { "type": "Point", "coordinates": [ 139.684329, 35.688651 ] } },
{ "type": "Feature", "properties": { "amenity_id": 201, "kind": "school", "name": "西早稲田保育園", "detail": null }, "geometry": { "type": "Point", "coordinates": [ 139.721241, 35.7104 ] } },
{ "type": "Feature", "properties": { "amenity_id": 202, "kind": "school", "name": "西落合保育園", "detail": null }, "geometry": { "type": "Point", "coordinates": [ 139.6794702, 35.7197172 ] } },
{ "type": "Feature", "properties": { "amenity_id": 203, "kind": "school", "name": "赤城幼稚園", "detail": null }, "geometry": { "type": "Point", "coordinates": [ 139.736327, 35.7048631 ] } },
{ "type": "Feature", "properties": { "amenity_id": 204, "kind": "school", "name": "長延保育園", "detail": null }, "geometry": { "type": "Point", "coordinates": [ 139.734213, 35.694013 ] } },
{ "type": "Feature", "properties": { "amenity_id": 205, "kind": "school", "name": "高田馬場第一保育園", "detail": null }, "geometry": { "type": "Point", "coordinates": [ 139.696077, 35.712621 ] } },
{ "type": "Feature", "properties": { "amenity_id": 206, "kind": "school", "name": "高田馬場第二保育園", "detail": null }, "geometry": { "type": "Point", "coordinates": [ 139.709159, 35.710955 ] } },
{ "type": "Feature", "properties": { "amenity_id": 207, "kind": "school", "name": "キッズタウン下落合保育園", "detail": null }, "geometry": { "type": "Point", "coordinates": [ 139.698649500000016, 35.7158403 ] } },
{ "type": "Feature", "properties": { "amenity_id": 208, "kind": "school", "name": "曙橋保育園", "detail": null }, "geometry": { "type": "Point", "coordinates": [ 139.720366900000016, 35.691859300000026 ] } },
{ "type": "Feature", "properties": { "amenity_id": 209, "kind": "school", "name": "中央大学", "detail": null }, "geometry": { "type": "Point", "coordinates": [ 139.725676600000014, 35.6926185 ] } },
{ "type": "Feature", "properties": { "amenity_id": 210, "kind": "school", "name": "深圳大学東京校", "detail": null }, "geometry": { "type": "Point", "coordinates": [ 139.7278928, 35.6879723 ] } },
{ "type": "Feature", "properties": { "amenity_id": 211, "kind": "school", "name": "わせがく高等学校 東京キャンパス", "detail": null }, "geometry": { "type": "Point", "coordinates": [ 139.702494300000012, 35.7133618 ] } },
{ "type": "Feature", "properties": { "amenity_id": 212, "kind": "school", "name": "上海大学", "detail": null }, "geometry": { "type": "Point", "coordinates": [ 139.7015154, 35.6982728 ] } },
{ "type": "Feature", "properties": { "amenity_id": 213, "kind": "school", "name": "私立 國學院高等学校", "detail": null }, "geometry": { "type": "Point", "coordinates": [ 139.715778120774047, 35.67377485213499 ] } },
{ "type": "Feature", "properties": { "amenity_id": 214, "kind": "school", "name": "私立 大智学園高等学校", "detail": null }, "geometry": { "type": "Point", "coordinates": [ 139.692986567081988, 35.697862289121453 ] } },
{ "type": "Feature", "properties": { "amenity_id": 215, "kind": "station", "name": "下落合", "detail": "新宿線" }, "geometry": { "type": "Point", "coordinates": [ 139.6955, 35.7157 ] } },
{ "type": "Feature", "properties": { "amenity_id": 216, "kind": "station", "name": "中井", "detail": "新宿線 / 12号線大江戸線" }, "geometry": { "type": "Point", "coordinates": [ 139.68662, 35.71452 ] } },
{ "type": "Feature", "properties": { "amenity_id": 217, "kind": "station", "name": "信濃町", "detail": "中央線" }, "geometry": { "type": "Point", "coordinates": [ 139.72112, 35.67994 ] } },
{ "type": "Feature", "properties": { "amenity_id": 218, "kind": "station", "name": "四ツ谷", "detail": "4号線丸ノ内線 / 7号線南北線 / 中央線" }, "geometry": { "type": "Point", "coordinates": [ 139.73032, 35.68505 ] } },
{ "type": "Feature", "properties": { "amenity_id": 219, "kind": "station", "name": "四谷三丁目", "detail": "4号線丸ノ内線" }, "geometry": { "type": "Point", "coordinates": [ 139.72037, 35.68793 ] } },
{ "type": "Feature", "properties": { "amenity_id": 220, "kind": "station", "name": "国立競技場", "detail": "12号線大江戸線" }, "geometry": { "type": "Point", "coordinates": [ 139.71441, 35.67997 ] } },
{ "type": "Feature", "properties": { "amenity_id": 221, "kind": "station", "name": "大久保", "detail": "中央線" }, "geometry": { "type": "Point", "coordinates": [ 139.69801, 35.69978 ] } },
{ "type": "Feature", "properties": { "amenity_id": 222, "kind": "station", "name": "市ヶ谷", "detail": "7号線南北線 / 8号線有楽町線" }, "geometry": { "type": "Point", "coordinates": [ 139.73633, 35.69287 ] } },
{ "type": "Feature", "properties": { "amenity_id": 223, "kind": "station", "name": "新大久保", "detail": "山手線" }, "geometry": { "type": "Point", "coordinates": [ 139.70032, 35.70175 ] } },
{ "type": "Feature", "properties": { "amenity_id": 224, "kind": "station", "name": "新宿", "detail": "京王線 / 小田原線 / 4号線丸ノ内線 / 10号線新宿線 / 山手線 / 中央線" }, "geometry": { "type": "Point", "coordinates": [ 139.70078, 35.68935 ] } },
{ "type": "Feature", "properties": { "amenity_id": 225, "kind": "station", "name": "新宿三丁目", "detail": "4号線丸ノ内線 / 10号線新宿線 / 13号線副都心線" }, "geometry": { "type": "Point", "coordinates": [ 139.70464, 35.6904 ] } },
{ "type": "Feature", "properties": { "amenity_id": 226, "kind": "station", "name": "新宿御苑前", "detail": "4号線丸ノ内線" }, "geometry": { "type": "Point", "coordinates": [ 139.70998, 35.68871 ] } },
{ "type": "Feature", "properties": { "amenity_id": 227, "kind": "station", "name": "新宿西口", "detail": "12号線大江戸線" }, "geometry": { "type": "Point", "coordinates": [ 139.69901, 35.69382 ] } },
{ "type": "Feature", "properties": { "amenity_id": 228, "kind": "station", "name": "早稲田", "detail": "5号線東西線 / 荒川線" }, "geometry": { "type": "Point", "coordinates": [ 139.72105, 35.70578 ] } },
{ "type": "Feature", "properties": { "amenity_id": 229, "kind": "station", "name": "曙橋", "detail": "10号線新宿線" }, "geometry": { "type": "Point", "coordinates": [ 139.72357, 35.6923 ] } },
{ "type": "Feature", "properties": { "amenity_id": 230, "kind": "station", "name": "東新宿", "detail": "12号線大江戸線 / 13号線副都心線" }, "geometry": { "type": "Point", "coordinates": [ 139.70801, 35.70066 ] } },
{ "type": "Feature", "properties": { "amenity_id": 231, "kind": "station", "name": "牛込柳町", "detail": "12号線大江戸線" }, "geometry": { "type": "Point", "coordinates": [ 139.72439, 35.69952 ] } },
{ "type": "Feature", "properties": { "amenity_id": 232, "kind": "station", "name": "牛込神楽坂", "detail": "12号線大江戸線" }, "geometry": { "type": "Point", "coordinates": [ 139.73531, 35.70062 ] } },
{ "type": "Feature", "properties": { "amenity_id": 233, "kind": "station", "name": "神楽坂", "detail": "5号線東西線" }, "geometry": { "type": "Point", "coordinates": [ 139.73566, 35.70367 ] } },
{ "type": "Feature", "properties": { "amenity_id": 234, "kind": "station", "name": "若松河田", "detail": "12号線大江戸線" }, "geometry": { "type": "Point", "coordinates": [ 139.71743, 35.69893 ] } },
{ "type": "Feature", "properties": { "amenity_id": 235, "kind": "station", "name": "落合南長崎", "detail": "12号線大江戸線" }, "geometry": { "type": "Point", "coordinates": [ 139.68351, 35.72329 ] } },
{ "type": "Feature", "properties": { "amenity_id": 236, "kind": "station", "name": "西新宿", "detail": "4号線丸ノ内線" }, "geometry": { "type": "Point", "coordinates": [ 139.6932, 35.69428 ] } },
{ "type": "Feature", "properties": { "amenity_id": 237, "kind": "station", "name": "西新宿五丁目", "detail": "12号線大江戸線" }, "geometry": { "type": "Point", "coordinates": [ 139.68535, 35.6902 ] } },
{ "type": "Feature", "properties": { "amenity_id": 238, "kind": "station", "name": "西早稲田", "detail": "13号線副都心線" }, "geometry": { "type": "Point", "coordinates": [ 139.70918, 35.70838 ] } },
{ "type": "Feature", "properties": { "amenity_id": 239, "kind": "station", "name": "西武新宿", "detail": "新宿線" }, "geometry": { "type": "Point", "coordinates": [ 139.70004, 35.69605 ] } },
{ "type": "Feature", "properties": { "amenity_id": 240, "kind": "station", "name": "都庁前", "detail": "12号線大江戸線" }, "geometry": { "type": "Point", "coordinates": [ 139.69345, 35.69073 ] } },
{ "type": "Feature", "properties": { "amenity_id": 241, "kind": "station", "name": "面影橋", "detail": "荒川線" }, "geometry": { "type": "Point", "coordinates": [ 139.71492, 35.71281 ] } },
{ "type": "Feature", "properties": { "amenity_id": 242, "kind": "station", "name": "飯田橋", "detail": "7号線南北線 / 8号線有楽町線" }, "geometry": { "type": "Point", "coordinates": [ 139.74356, 35.70136 ] } },
{ "type": "Feature", "properties": { "amenity_id": 243, "kind": "station", "name": "高田馬場", "detail": "新宿線 / 5号線東西線 / 山手線" }, "geometry": { "type": "Point", "coordinates": [ 139.70401, 35.71258 ] } },
{ "type": "Feature", "properties": { "amenity_id": 244, "kind": "shop", "name": "スターバックス", "detail": "cafe" }, "geometry": { "type": "Point", "coordinates": [ 139.742445800000013, 35.7018499 ] } },
{ "type": "Feature", "properties": { "amenity_id": 245, "kind": "shop", "name": "ファミリーマート", "detail": "convenience" }, "geometry": { "type": "Point", "coordinates": [ 139.696302800000012, 35.6878133 ] } },
{ "type": "Feature", "properties": { "amenity_id": 246, "kind": "shop", "name": "モスバーガー", "detail": "fast_food" }, "geometry": { "type": "Point", "coordinates": [ 139.74238, 35.7004824 ] } },
{ "type": "Feature", "properties": { "amenity_id": 247, "kind": "shop", "name": "ロイヤルホスト", "detail": "restaurant" }, "geometry": { "type": "Point", "coordinates": [ 139.741160800000017, 35.7011612 ] } },
{ "type": "Feature", "properties": { "amenity_id": 248, "kind": "shop", "name": "牛しゃぶ　ますだや", "detail": "restaurant" }, "geometry": { "type": "Point", "coordinates": [ 139.741242, 35.700928 ] } },
{ "type": "Feature", "properties": { "amenity_id": 249, "kind": "shop", "name": "Drop", "detail": "bar" }, "geometry": { "type": "Point", "coordinates": [ 139.7410896, 35.70082330000001 ] } },
{ "type": "Feature", "properties": { "amenity_id": 250, "kind": "shop", "name": "Le moccot", "detail": "restaurant" }, "geometry": { "type": "Point", "coordinates": [ 139.740019100000012, 35.7002762 ] } },
{ "type": "Feature", "properties": { "amenity_id": 251, "kind": "shop", "name": "琴の富士", "detail": "restaurant" }, "geometry": { "type": "Point", "coordinates": [ 139.7398599, 35.700288900000011 ] } },
{ "type": "Feature", "properties": { "amenity_id": 252, "kind": "shop", "name": "MATOI", "detail": "restaurant" }, "geometry": { "type": "Point", "coordinates": [ 139.7397005, 35.7007442 ] } },
{ "type": "Feature", "properties": { "amenity_id": 253, "kind": "shop", "name": "ALBERATA", "detail": "restaurant" }, "geometry": { "type": "Point", "coordinates": [ 139.7399015, 35.7009543 ] } },
{ "type": "Feature", "properties": { "amenity_id": 254, "kind": "shop", "name": "とんかつ おかむら", "detail": "restaurant" }, "geometry": { "type": "Point", "coordinates": [ 139.7399397, 35.7010038 ] } },
{ "type": "Feature", "properties": { "amenity_id": 255, "kind": "shop", "name": "Aflo french dining Tribes", "detail": "restaurant" }, "geometry": { "type": "Point", "coordinates": [ 139.739350800000011, 35.7008337 ] } },
{ "type": "Feature", "properties": { "amenity_id": 256, "kind": "shop", "name": "ちゃんこ　黒潮", "detail": "restaurant" }, "geometry": { "type": "Point", "coordinates": [ 139.739547900000019, 35.7013027 ] } },
{ "type": "Feature", "properties": { "amenity_id": 257, "kind": "shop", "name": "ファミリーマート", "detail": "convenience" }, "geometry": { "type": "Point", "coordinates": [ 139.7230609, 35.7080177 ] } },
{ "type": "Feature", "properties": { "amenity_id": 258, "kind": "shop", "name": "ファミリーマート", "detail": "convenience" }, "geometry": { "type": "Point", "coordinates": [ 139.7204776, 35.7080396 ] } },
{ "type": "Feature", "properties": { "amenity_id": 259, "kind": "shop", "name": "CAT'S CRADLE", "detail": "cafe" }, "geometry": { "type": "Point", "coordinates": [ 139.7222682, 35.708607 ] } },
{ "type": "Feature", "properties": { "amenity_id": 260, "kind": "shop", "name": "ビレン", "detail": "cafe" }, "geometry": { "type": "Point", "coordinates": [ 139.722556200000014, 35.7085991 ] } },
{ "type": "Feature", "properties": { "amenity_id": 261, "kind": "shop", "name": "磨ゐ土", "detail": "restaurant" }, "geometry": { "type": "Point", "coordinates": [ 139.722207200000014, 35.7086037 ] } },
{ "type": "Feature", "properties": { "amenity_id": 262, "kind": "shop", "name": "立喰　はせ川", "detail": "fast_food" }, "geometry": { "type": "Point", "coordinates": [ 139.722129700000011, 35.7086348 ] } },
{ "type": "Feature", "properties": { "amenity_id": 263, "kind": "shop", "name": "紅蓮", "detail": "restaurant" }, "geometry": { "type": "Point", "coordinates": [ 139.721837, 35.7082757 ] } },
{ "type": "Feature", "properties": { "amenity_id": 264, "kind": "shop", "name": "メルシー", "detail": "restaurant" }, "geometry": { "type": "Point", "coordinates": [ 139.7205233, 35.7065285 ] } },
{ "type": "Feature", "properties": { "amenity_id": 265, "kind": "shop", "name": "歌志軒", "detail": "restaurant" }, "geometry": { "type": "Point", "coordinates": [ 139.720361200000013, 35.7066265 ] } },
{ "type": "Feature", "properties": { "amenity_id": 266, "kind": "shop", "name": "焼肉　ホドリ", "detail": "restaurant" }, "geometry": { "type": "Point", "coordinates": [ 139.720300800000018, 35.7062946 ] } },
{ "type": "Feature", "properties": { "amenity_id": 267, "kind": "shop", "name": "東京らっきょブラザーズ", "detail": "restaurant" }, "geometry": { "type": "Point", "coordinates": [ 139.720258800000011, 35.7062464 ] } },
{ "type": "Feature", "properties": { "amenity_id": 268, "kind": "shop", "name": "鶴巻湯コインランドリー", "detail": "laundry" }, "geometry": { "type": "Point", "coordinates": [ 139.722803700000014, 35.7077974 ] } },
{ "type": "Feature", "properties": { "amenity_id": 269, "kind": "shop", "name": "kitchen Old Bazar", "detail": "restaurant" }, "geometry": { "type": "Point", "coordinates": [ 139.7228881, 35.7079632 ] } },
{ "type": "Feature", "properties": { "amenity_id": 270, "kind": "shop", "name": "ローソン", "detail": "convenience" }, "geometry": { "type": "Point", "coordinates": [ 139.690729300000015, 35.7016468 ] } },
{ "type": "Feature", "properties": { "amenity_id": 271, "kind": "shop", "name": "ガスト", "detail": "restaurant" }, "geometry": { "type": "Point", "coordinates": [ 139.7359566, 35.7034674 ] } },
{ "type": "Feature", "properties": { "amenity_id": 272, "kind": "shop", "name": "カナルカフェ", "detail": "cafe" }, "geometry": { "type": "Point", "coordinates": [ 139.742811400000022, 35.700285400000013 ] } },
{ "type": "Feature", "properties": { "amenity_id": 273, "kind": "shop", "name": "ファーストキッチン", "detail": "fast_food" }, "geometry": { "type": "Point", "coordinates": [ 139.6986355, 35.6887403 ] } },
{ "type": "Feature", "properties": { "amenity_id": 274, "kind": "shop", "name": "長崎ちゃんぽん", "detail": "fast_food" }, "geometry": { "type": "Point", "coordinates": [ 139.697899, 35.6888706 ] } },
{ "type": "Feature", "properties": { "amenity_id": 275, "kind": "shop", "name": "ファミリーマート", "detail": "convenience" }, "geometry": { "type": "Point", "coordinates": [ 139.7199483, 35.705791500000011 ] } },
{ "type": "Feature", "properties": { "amenity_id": 276, "kind": "shop", "name": "すしざんまい", "detail": "restaurant" }, "geometry": { "type": "Point", "coordinates": [ 139.7052079, 35.6984 ] } },
{ "type": "Feature", "properties": { "amenity_id": 277, "kind": "shop", "name": "Café-Crêperie Le Bretagne", "detail": "restaurant" }, "geometry": { "type": "Point", "coordinates": [ 139.739712700000013, 35.7018913 ] } },
{ "type": "Feature", "properties": { "amenity_id": 278, "kind": "shop", "name": "さくら", "detail": "restaurant" }, "geometry": { "type": "Point", "coordinates": [ 139.739270200000021, 35.70184410000001 ] } },
{ "type": "Feature", "properties": { "amenity_id": 279, "kind": "shop", "name": "駒すし", "detail": "restaurant" }, "geometry": { "type": "Point", "coordinates": [ 139.73593390000002, 35.703995 ] } },
{ "type": "Feature", "properties": { "amenity_id": 280, "kind": "shop", "name": "ファミリーマート", "detail": "convenience" }, "geometry": { "type": "Point", "coordinates": [ 139.741145900000021, 35.70112850000001 ] } },
{ "type": "Feature", "properties": { "amenity_id": 281, "kind": "shop", "name": "小諸そば", "detail": "fast_food" }, "geometry": { "type": "Point", "coordinates": [ 139.73588060000003, 35.7038522 ] } },
{ "type": "Feature", "properties": { "amenity_id": 282, "kind": "shop", "name": "ファミリーマート", "detail": "convenience" }, "geometry": { "type": "Point", "coordinates": [ 139.735820500000017, 35.703723 ] } },
{ "type": "Feature", "properties": { "amenity_id": 283, "kind": "shop", "name": "くるみ", "detail": "restaurant" }, "geometry": { "type": "Point", "coordinates": [ 139.738541700000013, 35.7019404 ] } },
{ "type": "Feature", "properties": { "amenity_id": 284, "kind": "shop", "name": "カフェ・ベローチェ", "detail": "cafe" }, "geometry": { "type": "Point", "coordinates": [ 139.7393725, 35.7018039 ] } },
{ "type": "Feature", "properties": { "amenity_id": 285, "kind": "shop", "name": "タリーズコーヒー", "detail": "cafe" }, "geometry": { "type": "Point", "coordinates": [ 139.7086246, 35.706005 ] } },
{ "type": "Feature", "properties": { "amenity_id": 286, "kind": "shop", "name": "マクドナルド", "detail": "fast_food" }, "geometry": { "type": "Point", "coordinates": [ 139.708921, 35.7049367 ] } },
{ "type": "Feature", "properties": { "amenity_id": 287, "kind": "shop", "name": "Big Boy", "detail": "restaurant" }, "geometry": { "type": "Point", "coordinates": [ 139.709159700000043, 35.7055705 ] } },
{ "type": "Feature", "properties": { "amenity_id": 288, "kind": "shop", "name": "フレッシュネスバーガー", "detail": "fast_food" }, "geometry": { "type": "Point", "coordinates": [ 139.708878700000014, 35.7081555 ] } },
{ "type": "Feature", "properties": { "amenity_id": 289, "kind": "shop", "name": "セブン-イレブン", "detail": "convenience" }, "geometry": { "type": "Point", "coordinates": [ 139.7088377, 35.708013 ] } },
{ "type": "Feature", "properties": { "amenity_id": 290, "kind": "shop", "name": "Jay Ganesha Bar", "detail": "restaurant" }, "geometry": { "type": "Point", "coordinates": [ 139.7084184, 35.708576400000013 ] } },
{ "type": "Feature", "properties": { "amenity_id": 291, "kind": "shop", "name": "ファミリーマート", "detail": "convenience" }, "geometry": { "type": "Point", "coordinates": [ 139.7094711, 35.7085056 ] } },
{ "type": "Feature", "properties": { "amenity_id": 292, "kind": "shop", "name": "スパゲティ トマトマ", "detail": "restaurant" }, "geometry": { "type": "Point", "coordinates": [ 139.7095047, 35.710236 ] } },
{ "type": "Feature", "properties": { "amenity_id": 293, "kind": "shop", "name": "華屋", "detail": "restaurant" }, "geometry": { "type": "Point", "coordinates": [ 139.7095433, 35.7104132 ] } },
{ "type": "Feature", "properties": { "amenity_id": 294, "kind": "shop", "name": "友人", "detail": "restaurant" }, "geometry": { "type": "Point", "coordinates": [ 139.7095727, 35.7105002 ] } },
{ "type": "Feature", "properties": { "amenity_id": 295, "kind": "shop", "name": "手打ちそば もり", "detail": "restaurant" }, "geometry": { "type": "Point", "coordinates": [ 139.7096612, 35.710735400000011 ] } },
{ "type": "Feature", "properties": { "amenity_id": 296, "kind": "shop", "name": "らーめん山小屋", "detail": "fast_food" }, "geometry": { "type": "Point", "coordinates": [ 139.709537800000021, 35.7103608 ] } },
{ "type": "Feature", "properties": { "amenity_id": 297, "kind": "shop", "name": "成都", "detail": "restaurant" }, "geometry": { "type": "Point", "coordinates": [ 139.709693500000014, 35.7111842 ] } },
{ "type": "Feature", "properties": { "amenity_id": 298, "kind": "shop", "name": "DURGA", "detail": "restaurant" }, "geometry": { "type": "Point", "coordinates": [ 139.7097484, 35.7114269 ] } },
{ "type": "Feature", "properties": { "amenity_id": 299, "kind": "shop", "name": "麺屋 宗", "detail": "fast_food" }, "geometry": { "type": "Point", "coordinates": [ 139.709680100000014, 35.711127600000012 ] } },
{ "type": "Feature", "properties": { "amenity_id": 300, "kind": "shop", "name": "タパス・タパス", "detail": "restaurant" }, "geometry": { "type": "Point", "coordinates": [ 139.707701900000018, 35.7117993 ] } },
{ "type": "Feature", "properties": { "amenity_id": 301, "kind": "shop", "name": "セブン-イレブン", "detail": "convenience" }, "geometry": { "type": "Point", "coordinates": [ 139.708675600000021, 35.7116196 ] } },
{ "type": "Feature", "properties": { "amenity_id": 302, "kind": "shop", "name": "麺屋 さくら", "detail": "fast_food" }, "geometry": { "type": "Point", "coordinates": [ 139.7095634, 35.7114541 ] } },
{ "type": "Feature", "properties": { "amenity_id": 303, "kind": "shop", "name": "セブン-イレブン", "detail": "convenience" }, "geometry": { "type": "Point", "coordinates": [ 139.7089411, 35.711514 ] } },
{ "type": "Feature", "properties": { "amenity_id": 304, "kind": "shop", "name": "食事処 一膳", "detail": "restaurant" }, "geometry": { "type": "Point", "coordinates": [ 139.7074498, 35.7118657 ] } },
{ "type": "Feature", "properties": { "amenity_id": 305, "kind": "shop", "name": "Cafe CottonClub", "detail": "cafe" }, "geometry": { "type": "Point", "coordinates": [ 139.7069442, 35.712146700000012 ] } },
{ "type": "Feature", "properties": { "amenity_id": 306, "kind": "shop", "name": "フレッシュネスバーガー", "detail": "fast_food" }, "geometry": { "type": "Point", "coordinates": [ 139.707013900000021, 35.7121195 ] } },
{ "type": "Feature", "properties": { "amenity_id": 307, "kind": "shop", "name": "熊ぼっこ", "detail": "fast_food" }, "geometry": { "type": "Point", "coordinates": [ 139.7074015, 35.7118995 ] } },
{ "type": "Feature", "properties": { "amenity_id": 308, "kind": "shop", "name": "らーめん よし丸", "detail": "fast_food" }, "geometry": { "type": "Point", "coordinates": [ 139.707343900000012, 35.711918100000013 ] } },
{ "type": "Feature", "properties": { "amenity_id": 309, "kind": "shop", "name": "ドトールコーヒーショップ", "detail": "cafe" }, "geometry": { "type": "Point", "coordinates": [ 139.7071239, 35.7120694 ] } },
{ "type": "Feature", "properties": { "amenity_id": 310, "kind": "shop", "name": "スターバックス", "detail": "cafe" }, "geometry": { "type": "Point", "coordinates": [ 139.706783300000012, 35.7122578 ] } },
{ "type": "Feature", "properties": { "amenity_id": 311, "kind": "shop", "name": "FLATTORIA", "detail": "restaurant" }, "geometry": { "type": "Point", "coordinates": [ 139.706607600000012, 35.712340600000012 ] } },
{ "type": "Feature", "properties": { "amenity_id": 312, "kind": "shop", "name": "胡椒海岸", "detail": "restaurant" }, "geometry": { "type": "Point", "coordinates": [ 139.7065459, 35.7123831 ] } },
{ "type": "Feature", "properties": { "amenity_id": 313, "kind": "shop", "name": "ファミリーマート", "detail": "convenience" }, "geometry": { "type": "Point", "coordinates": [ 139.706284400000015, 35.7125202 ] } },
{ "type": "Feature", "properties": { "amenity_id": 314, "kind": "shop", "name": "牛角", "detail": "restaurant" }, "geometry": { "type": "Point", "coordinates": [ 139.706527100000017, 35.7123645 ] } },
{ "type": "Feature", "properties": { "amenity_id": 315, "kind": "shop", "name": "サンマルクカフェ", "detail": "cafe" }, "geometry": { "type": "Point", "coordinates": [ 139.7055535, 35.7128654 ] } },
{ "type": "Feature", "properties": { "amenity_id": 316, "kind": "shop", "name": "Casual Club Chiyoda", "detail": "clothes" }, "geometry": { "type": "Point", "coordinates": [ 139.705273200000022, 35.7130124 ] } },
{ "type": "Feature", "properties": { "amenity_id": 317, "kind": "shop", "name": "まんがの時間", "detail": "cafe" }, "geometry": { "type": "Point", "coordinates": [ 139.705434100000019, 35.712836 ] } },
{ "type": "Feature", "properties": { "amenity_id": 318, "kind": "shop", "name": "銀座コージーコーナー", "detail": "confectionery" }, "geometry": { "type": "Point", "coordinates": [ 139.705117600000023, 35.7130973 ] } },
{ "type": "Feature", "properties": { "amenity_id": 319, "kind": "shop", "name": "牛丼", "detail": "fast_food" }, "geometry": { "type": "Point", "coordinates": [ 139.705414, 35.7129362 ] } },
{ "type": "Feature", "properties": { "amenity_id": 320, "kind": "shop", "name": "吉野家", "detail": "fast_food" }, "geometry": { "type": "Point", "coordinates": [ 139.7053496, 35.712971 ] } },
{ "type": "Feature", "properties": { "amenity_id": 321, "kind": "shop", "name": "日高屋", "detail": "fast_food" }, "geometry": { "type": "Point", "coordinates": [ 139.7055267, 35.7128807 ] } },
{ "type": "Feature", "properties": { "amenity_id": 322, "kind": "shop", "name": "吉そば", "detail": "restaurant" }, "geometry": { "type": "Point", "coordinates": [ 139.7054918, 35.7128937 ] } },
{ "type": "Feature", "properties": { "amenity_id": 323, "kind": "shop", "name": "ユニクロ", "detail": "clothes" }, "geometry": { "type": "Point", "coordinates": [ 139.704388, 35.7127674 ] } },
{ "type": "Feature", "properties": { "amenity_id": 324, "kind": "shop", "name": "エクセルシオール カフェ", "detail": "cafe" }, "geometry": { "type": "Point", "coordinates": [ 139.704494, 35.7127598 ] } },
{ "type": "Feature", "properties": { "amenity_id": 325, "kind": "shop", "name": "ヴィ・ド・フランス", "detail": "bakery" }, "geometry": { "type": "Point", "coordinates": [ 139.704534300000034, 35.7127946 ] } },
{ "type": "Feature", "properties": { "amenity_id": 326, "kind": "shop", "name": "ローソン", "detail": "convenience" }, "geometry": { "type": "Point", "coordinates": [ 139.6872363, 35.696628 ] } },
{ "type": "Feature", "properties": { "amenity_id": 327, "kind": "shop", "name": "王将", "detail": "fast_food" }, "geometry": { "type": "Point", "coordinates": [ 139.720285900000022, 35.7053279 ] } },
{ "type": "Feature", "properties": { "amenity_id": 328, "kind": "shop", "name": "ファミリーマート", "detail": "convenience" }, "geometry": { "type": "Point", "coordinates": [ 139.7087966, 35.7043147 ] } },
{ "type": "Feature", "properties": { "amenity_id": 329, "kind": "shop", "name": "吉野家", "detail": "fast_food" }, "geometry": { "type": "Point", "coordinates": [ 139.6975463, 35.6982025 ] } },
{ "type": "Feature", "properties": { "amenity_id": 330, "kind": "shop", "name": "セブン-イレブン", "detail": "convenience" }, "geometry": { "type": "Point", "coordinates": [ 139.6979734, 35.69622360000001 ] } },
{ "type": "Feature", "properties": { "amenity_id": 331, "kind": "shop", "name": "プングム", "detail": "restaurant" }, "geometry": { "type": "Point", "coordinates": [ 139.7044416, 35.7011069 ] } },
{ "type": "Feature", "properties": { "amenity_id": 332, "kind": "shop", "name": "西新宿小町食堂", "detail": "fast_food" }, "geometry": { "type": "Point", "coordinates": [ 139.688072, 35.6951748 ] } },
{ "type": "Feature", "properties": { "amenity_id": 333, "kind": "shop", "name": "カレ衛もん", "detail": "restaurant" }, "geometry": { "type": "Point", "coordinates": [ 139.70758840000002, 35.71361 ] } },
{ "type": "Feature", "properties": { "amenity_id": 334, "kind": "shop", "name": "マクドナルド", "detail": "fast_food" }, "geometry": { "type": "Point", "coordinates": [ 139.7047713, 35.713657500000018 ] } },
{ "type": "Feature", "properties": { "amenity_id": 335, "kind": "shop", "name": "そば・うどん 吉蔵", "detail": "restaurant" }, "geometry": { "type": "Point", "coordinates": [ 139.7032283, 35.715502 ] } },
{ "type": "Feature", "properties": { "amenity_id": 336, "kind": "shop", "name": "日本橋 紅とん", "detail": "restaurant" }, "geometry": { "type": "Point", "coordinates": [ 139.706100500000019, 35.7134708 ] } },
{ "type": "Feature", "properties": { "amenity_id": 337, "kind": "shop", "name": "scool food", "detail": "restaurant" }, "geometry": { "type": "Point", "coordinates": [ 139.703222, 35.7155787 ] } },
{ "type": "Feature", "properties": { "amenity_id": 338, "kind": "shop", "name": "センダ理容室", "detail": "hairdresser" }, "geometry": { "type": "Point", "coordinates": [ 139.7246907, 35.7064434 ] } },
{ "type": "Feature", "properties": { "amenity_id": 339, "kind": "shop", "name": "ファッションクリーニング 田矢", "detail": "dry_cleaning" }, "geometry": { "type": "Point", "coordinates": [ 139.725085, 35.706746100000011 ] } },
{ "type": "Feature", "properties": { "amenity_id": 340, "kind": "shop", "name": "ローソン", "detail": "convenience" }, "geometry": { "type": "Point", "coordinates": [ 139.7228666, 35.7057633 ] } },
{ "type": "Feature", "properties": { "amenity_id": 341, "kind": "shop", "name": "パルグリーン", "detail": "laundry" }, "geometry": { "type": "Point", "coordinates": [ 139.723061600000023, 35.7054603 ] } },
{ "type": "Feature", "properties": { "amenity_id": 342, "kind": "shop", "name": "ミニストップ", "detail": "convenience" }, "geometry": { "type": "Point", "coordinates": [ 139.7244842, 35.7053304 ] } },
{ "type": "Feature", "properties": { "amenity_id": 343, "kind": "shop", "name": null, "detail": "restaurant" }, "geometry": { "type": "Point", "coordinates": [ 139.7233979, 35.708752 ] } },
{ "type": "Feature", "properties": { "amenity_id": 344, "kind": "shop", "name": "魚かん", "detail": "restaurant" }, "geometry": { "type": "Point", "coordinates": [ 139.7252245, 35.7094381 ] } },
{ "type": "Feature", "properties": { "amenity_id": 345, "kind": "shop", "name": "モスバーガー", "detail": "fast_food" }, "geometry": { "type": "Point", "coordinates": [ 139.7202289, 35.7112229 ] } },
{ "type": "Feature", "properties": { "amenity_id": 346, "kind": "shop", "name": "ほっともっと", "detail": "fast_food" }, "geometry": { "type": "Point", "coordinates": [ 139.7206567, 35.7114875 ] } },
{ "type": "Feature", "properties": { "amenity_id": 347, "kind": "shop", "name": "武蔵野アブラ学会 油そば", "detail": "restaurant" }, "geometry": { "type": "Point", "coordinates": [ 139.719476500000013, 35.7115114 ] } },
{ "type": "Feature", "properties": { "amenity_id": 348, "kind": "shop", "name": "花月", "detail": "restaurant" }, "geometry": { "type": "Point", "coordinates": [ 139.7214935, 35.7113503 ] } },
{ "type": "Feature", "properties": { "amenity_id": 349, "kind": "shop", "name": "セブン-イレブン", "detail": "convenience" }, "geometry": { "type": "Point", "coordinates": [ 139.7203843, 35.711255300000012 ] } },
{ "type": "Feature", "properties": { "amenity_id": 350, "kind": "shop", "name": null, "detail": "laundry" }, "geometry": { "type": "Point", "coordinates": [ 139.713784800000013, 35.7105662 ] } },
{ "type": "Feature", "properties": { "amenity_id": 351, "kind": "shop", "name": "勝芳", "detail": "restaurant" }, "geometry": { "type": "Point", "coordinates": [ 139.71456, 35.7102679 ] } },
{ "type": "Feature", "properties": { "amenity_id": 352, "kind": "shop", "name": "一乃瀬", "detail": "restaurant" }, "geometry": { "type": "Point", "coordinates": [ 139.719369200000017, 35.711873 ] } },
{ "type": "Feature", "properties": { "amenity_id": 353, "kind": "shop", "name": "テトゥリア (Tetulia)", "detail": "restaurant" }, "geometry": { "type": "Point", "coordinates": [ 139.711051700000013, 35.7142359 ] } },
{ "type": "Feature", "properties": { "amenity_id": 354, "kind": "shop", "name": "La Bottega", "detail": "restaurant" }, "geometry": { "type": "Point", "coordinates": [ 139.7094491, 35.713466100000012 ] } },
{ "type": "Feature", "properties": { "amenity_id": 355, "kind": "shop", "name": "ファミリーマート", "detail": "convenience" }, "geometry": { "type": "Point", "coordinates": [ 139.7053587, 35.714482 ] } },
{ "type": "Feature", "properties": { "amenity_id": 356, "kind": "shop", "name": "モスバーガー", "detail": "fast_food" }, "geometry": { "type": "Point", "coordinates": [ 139.70317750000001, 35.7136564 ] } },
{ "type": "Feature", "properties": { "amenity_id": 357, "kind": "shop", "name": "FACT", "detail": "hairdresser" }, "geometry": { "type": "Point", "coordinates": [ 139.6994512, 35.7123682 ] } },
{ "type": "Feature", "properties": { "amenity_id": 358, "kind": "shop", "name": "Astro", "detail": "hairdresser" }, "geometry": { "type": "Point", "coordinates": [ 139.70320430000001, 35.7131821 ] } },
{ "type": "Feature", "properties": { "amenity_id": 359, "kind": "shop", "name": "セブン-イレブン", "detail": "convenience" }, "geometry": { "type": "Point", "coordinates": [ 139.697823600000021, 35.7088181 ] } },
{ "type": "Feature", "properties": { "amenity_id": 360, "kind": "shop", "name": "Mistral", "detail": "restaurant" }, "geometry": { "type": "Point", "coordinates": [ 139.6935943, 35.7068374 ] } },
{ "type": "Feature", "properties": { "amenity_id": 361, "kind": "shop", "name": "三ツ矢堂製麺", "detail": "fast_food" }, "geometry": { "type": "Point", "coordinates": [ 139.7098537, 35.7118518 ] } },
{ "type": "Feature", "properties": { "amenity_id": 362, "kind": "shop", "name": "The Harley", "detail": "bar" }, "geometry": { "type": "Point", "coordinates": [ 139.7099551, 35.7117766 ] } },
{ "type": "Feature", "properties": { "amenity_id": 363, "kind": "shop", "name": "なかよ食堂", "detail": "restaurant" }, "geometry": { "type": "Point", "coordinates": [ 139.7084131, 35.7042971 ] } },
{ "type": "Feature", "properties": { "amenity_id": 364, "kind": "shop", "name": "ファミリーマート", "detail": "convenience" }, "geometry": { "type": "Point", "coordinates": [ 139.7020402, 35.7012543 ] } },
{ "type": "Feature", "properties": { "amenity_id": 365, "kind": "shop", "name": "ミニストップ", "detail": "convenience" }, "geometry": { "type": "Point", "coordinates": [ 139.702365, 35.7014336 ] } },
{ "type": "Feature", "properties": { "amenity_id": 366, "kind": "shop", "name": "セブン-イレブン", "detail": "convenience" }, "geometry": { "type": "Point", "coordinates": [ 139.701445800000016, 35.7012551 ] } },
{ "type": "Feature", "properties": { "amenity_id": 367, "kind": "shop", "name": "セブン-イレブン", "detail": "convenience" }, "geometry": { "type": "Point", "coordinates": [ 139.6810729, 35.7272933 ] } },
{ "type": "Feature", "properties": { "amenity_id": 368, "kind": "shop", "name": "マクドナルド", "detail": "fast_food" }, "geometry": { "type": "Point", "coordinates": [ 139.6850489, 35.7105621 ] } },
{ "type": "Feature", "properties": { "amenity_id": 369, "kind": "shop", "name": "ケンタッキーフライドチキン", "detail": "fast_food" }, "geometry": { "type": "Point", "coordinates": [ 139.6993908, 35.6929525 ] } },
{ "type": "Feature", "properties": { "amenity_id": 370, "kind": "shop", "name": "かつや", "detail": "fast_food" }, "geometry": { "type": "Point", "coordinates": [ 139.6993534, 35.6932398 ] } },
{ "type": "Feature", "properties": { "amenity_id": 371, "kind": "shop", "name": "CoCo壱番屋", "detail": "restaurant" }, "geometry": { "type": "Point", "coordinates": [ 139.69936180000002, 35.69320170000001 ] } },
{ "type": "Feature", "properties": { "amenity_id": 372, "kind": "shop", "name": "マクドナルド", "detail": "fast_food" }, "geometry": { "type": "Point", "coordinates": [ 139.700624800000014, 35.6941656 ] } },
{ "type": "Feature", "properties": { "amenity_id": 373, "kind": "shop", "name": "ドトールコーヒーショップ", "detail": "cafe" }, "geometry": { "type": "Point", "coordinates": [ 139.70090380000002, 35.6939279 ] } },
{ "type": "Feature", "properties": { "amenity_id": 374, "kind": "shop", "name": "セブン-イレブン", "detail": "convenience" }, "geometry": { "type": "Point", "coordinates": [ 139.701126400000021, 35.6938728 ] } },
{ "type": "Feature", "properties": { "amenity_id": 375, "kind": "shop", "name": "デイリーヤマザキ", "detail": "convenience" }, "geometry": { "type": "Point", "coordinates": [ 139.7042944, 35.6981414 ] } },
{ "type": "Feature", "properties": { "amenity_id": 376, "kind": "shop", "name": "ファミリーマート", "detail": "convenience" }, "geometry": { "type": "Point", "coordinates": [ 139.704598, 35.7011078 ] } },
{ "type": "Feature", "properties": { "amenity_id": 377, "kind": "shop", "name": "ファミリーマート", "detail": "convenience" }, "geometry": { "type": "Point", "coordinates": [ 139.704012800000015, 35.7046298 ] } },
{ "type": "Feature", "properties": { "amenity_id": 378, "kind": "shop", "name": "ガスト", "detail": "restaurant" }, "geometry": { "type": "Point", "coordinates": [ 139.7024476, 35.7011694 ] } },
{ "type": "Feature", "properties": { "amenity_id": 379, "kind": "shop", "name": "長浜や", "detail": "fast_food" }, "geometry": { "type": "Point", "coordinates": [ 139.70115850000002, 35.70115710000001 ] } },
{ "type": "Feature", "properties": { "amenity_id": 380, "kind": "shop", "name": "吉野家", "detail": "fast_food" }, "geometry": { "type": "Point", "coordinates": [ 139.70010880000001, 35.7015837 ] } },
{ "type": "Feature", "properties": { "amenity_id": 381, "kind": "shop", "name": "TAK CAFE", "detail": "cafe" }, "geometry": { "type": "Point", "coordinates": [ 139.7026171, 35.7011575 ] } },
{ "type": "Feature", "properties": { "amenity_id": 382, "kind": "shop", "name": "めとき", "detail": "restaurant" }, "geometry": { "type": "Point", "coordinates": [ 139.7032031, 35.7032048 ] } },
{ "type": "Feature", "properties": { "amenity_id": 383, "kind": "shop", "name": "スリーエフ", "detail": "convenience" }, "geometry": { "type": "Point", "coordinates": [ 139.703216700000013, 35.7011741 ] } },
{ "type": "Feature", "properties": { "amenity_id": 384, "kind": "shop", "name": "なか卯", "detail": "fast_food" }, "geometry": { "type": "Point", "coordinates": [ 139.702020200000021, 35.6979567 ] } },
{ "type": "Feature", "properties": { "amenity_id": 385, "kind": "shop", "name": "ローソン", "detail": "convenience" }, "geometry": { "type": "Point", "coordinates": [ 139.6942028, 35.7155034 ] } },
{ "type": "Feature", "properties": { "amenity_id": 386, "kind": "shop", "name": "FamilyMart", "detail": "convenience" }, "geometry": { "type": "Point", "coordinates": [ 139.687778900000012, 35.7155393 ] } },
{ "type": "Feature", "properties": { "amenity_id": 387, "kind": "shop", "name": "セブン-イレブン", "detail": "convenience" }, "geometry": { "type": "Point", "coordinates": [ 139.687916200000018, 35.7158712 ] } },
{ "type": "Feature", "properties": { "amenity_id": 388, "kind": "shop", "name": "せりか", "detail": "restaurant" }, "geometry": { "type": "Point", "coordinates": [ 139.681936900000011, 35.7140598 ] } },
{ "type": "Feature", "properties": { "amenity_id": 389, "kind": "shop", "name": "セブンイレブン", "detail": "convenience" }, "geometry": { "type": "Point", "coordinates": [ 139.6849919, 35.7117567 ] } },
{ "type": "Feature", "properties": { "amenity_id": 390, "kind": "shop", "name": "スワロークリーニング", "detail": "dry_cleaning" }, "geometry": { "type": "Point", "coordinates": [ 139.684921700000018, 35.711573500000014 ] } },
{ "type": "Feature", "properties": { "amenity_id": 391, "kind": "shop", "name": "セブン-イレブン", "detail": "convenience" }, "geometry": { "type": "Point", "coordinates": [ 139.6844017, 35.71061 ] } },
{ "type": "Feature", "properties": { "amenity_id": 392, "kind": "shop", "name": "みらべる", "detail": "supermarket" }, "geometry": { "type": "Point", "coordinates": [ 139.685316700000016, 35.7124501 ] } },
{ "type": "Feature", "properties": { "amenity_id": 393, "kind": "shop", "name": "LOUNDRY 安川", "detail": "dry_cleaning" }, "geometry": { "type": "Point", "coordinates": [ 139.683896, 35.713888700000012 ] } },
{ "type": "Feature", "properties": { "amenity_id": 394, "kind": "shop", "name": "ハシモト", "detail": "dry_cleaning" }, "geometry": { "type": "Point", "coordinates": [ 139.683655, 35.7144972 ] } },
{ "type": "Feature", "properties": { "amenity_id": 395, "kind": "shop", "name": "コインランドリーピエロ", "detail": "laundry" }, "geometry": { "type": "Point", "coordinates": [ 139.683959300000026, 35.7138211 ] } },
{ "type": "Feature", "properties": { "amenity_id": 396, "kind": "shop", "name": "コープとうきょう", "detail": "supermarket" }, "geometry": { "type": "Point", "coordinates": [ 139.6826857, 35.715188500000011 ] } },
{ "type": "Feature", "properties": { "amenity_id": 397, "kind": "shop", "name": "Lawson", "detail": "convenience" }, "geometry": { "type": "Point", "coordinates": [ 139.683383100000043, 35.7150669 ] } },
{ "type": "Feature", "properties": { "amenity_id": 398, "kind": "shop", "name": "まつば", "detail": "restaurant" }, "geometry": { "type": "Point", "coordinates": [ 139.6853562, 35.714874399999985 ] } },
{ "type": "Feature", "properties": { "amenity_id": 399, "kind": "shop", "name": "桃源郷", "detail": "restaurant" }, "geometry": { "type": "Point", "coordinates": [ 139.68554450000002, 35.714886400000012 ] } },
{ "type": "Feature", "properties": { "amenity_id": 400, "kind": "shop", "name": "MIRAGE", "detail": "cafe" }, "geometry": { "type": "Point", "coordinates": [ 139.687103800000017, 35.7149275 ] } },
{ "type": "Feature", "properties": { "amenity_id": 401, "kind": "shop", "name": "オリーブモンド", "detail": "restaurant" }, "geometry": { "type": "Point", "coordinates": [ 139.6870116, 35.7146669 ] } },
{ "type": "Feature", "properties": { "amenity_id": 402, "kind": "shop", "name": "SUNMERRY'S", "detail": "bakery" }, "geometry": { "type": "Point", "coordinates": [ 139.6871166, 35.7147699 ] } },
{ "type": "Feature", "properties": { "amenity_id": 403, "kind": "shop", "name": "松屋", "detail": "fast_food" }, "geometry": { "type": "Point", "coordinates": [ 139.686965200000031, 35.7145063 ] } },
{ "type": "Feature", "properties": { "amenity_id": 404, "kind": "shop", "name": "フレッシュネスバーガー", "detail": "fast_food" }, "geometry": { "type": "Point", "coordinates": [ 139.7086004, 35.68901790000001 ] } },
{ "type": "Feature", "properties": { "amenity_id": 405, "kind": "shop", "name": "サイゼリヤ", "detail": "restaurant" }, "geometry": { "type": "Point", "coordinates": [ 139.6980034, 35.689054299999988 ] } },
{ "type": "Feature", "properties": { "amenity_id": 406, "kind": "shop", "name": "海神", "detail": "fast_food" }, "geometry": { "type": "Point", "coordinates": [ 139.702222800000015, 35.6898044 ] } },
{ "type": "Feature", "properties": { "amenity_id": 407, "kind": "shop", "name": "大戸屋", "detail": "restaurant" }, "geometry": { "type": "Point", "coordinates": [ 139.7028244, 35.690591 ] } },
{ "type": "Feature", "properties": { "amenity_id": 408, "kind": "shop", "name": "PRONTO", "detail": "cafe" }, "geometry": { "type": "Point", "coordinates": [ 139.697660500000012, 35.6884431 ] } },
{ "type": "Feature", "properties": { "amenity_id": 409, "kind": "shop", "name": "山頭火 新宿南口店", "detail": "fast_food" }, "geometry": { "type": "Point", "coordinates": [ 139.698401600000011, 35.6887701 ] } },
{ "type": "Feature", "properties": { "amenity_id": 410, "kind": "shop", "name": "番番", "detail": "restaurant" }, "geometry": { "type": "Point", "coordinates": [ 139.6977812, 35.6888424 ] } },
{ "type": "Feature", "properties": { "amenity_id": 411, "kind": "shop", "name": "Lasana'", "detail": "restaurant" }, "geometry": { "type": "Point", "coordinates": [ 139.7429903, 35.7002161 ] } },
{ "type": "Feature", "properties": { "amenity_id": 412, "kind": "shop", "name": "ファミリーマート", "detail": "convenience" }, "geometry": { "type": "Point", "coordinates": [ 139.74223360000002, 35.7007375 ] } },
{ "type": "Feature", "properties": { "amenity_id": 413, "kind": "shop", "name": "マクドナルド", "detail": "fast_food" }, "geometry": { "type": "Point", "coordinates": [ 139.7421694, 35.7007767 ] } },
{ "type": "Feature", "properties": { "amenity_id": 414, "kind": "shop", "name": "志満金", "detail": "restaurant" }, "geometry": { "type": "Point", "coordinates": [ 139.742075, 35.700588700000011 ] } },
{ "type": "Feature", "properties": { "amenity_id": 415, "kind": "shop", "name": "松屋", "detail": "fast_food" }, "geometry": { "type": "Point", "coordinates": [ 139.7413018, 35.700916400000011 ] } },
{ "type": "Feature", "properties": { "amenity_id": 416, "kind": "shop", "name": "Margherita", "detail": "restaurant" }, "geometry": { "type": "Point", "coordinates": [ 139.7383369, 35.7020568 ] } },
{ "type": "Feature", "properties": { "amenity_id": 417, "kind": "shop", "name": "築地すし好", "detail": "restaurant" }, "geometry": { "type": "Point", "coordinates": [ 139.7382897, 35.702086200000011 ] } },
{ "type": "Feature", "properties": { "amenity_id": 418, "kind": "shop", "name": "鳥茶屋", "detail": "restaurant" }, "geometry": { "type": "Point", "coordinates": [ 139.7397085, 35.7016717 ] } },
{ "type": "Feature", "properties": { "amenity_id": 419, "kind": "shop", "name": "ポプラ", "detail": "convenience" }, "geometry": { "type": "Point", "coordinates": [ 139.71018620000001, 35.6975508 ] } },
{ "type": "Feature", "properties": { "amenity_id": 420, "kind": "shop", "name": "紀の善", "detail": "fast_food" }, "geometry": { "type": "Point", "coordinates": [ 139.742349600000011, 35.7006525 ] } },
{ "type": "Feature", "properties": { "amenity_id": 421, "kind": "shop", "name": "ドトールコーヒーショップ", "detail": "cafe" }, "geometry": { "type": "Point", "coordinates": [ 139.742406400000021, 35.7006527 ] } },
{ "type": "Feature", "properties": { "amenity_id": 422, "kind": "shop", "name": "ボナッ", "detail": "fast_food" }, "geometry": { "type": "Point", "coordinates": [ 139.742549800000035, 35.7005656 ] } },
{ "type": "Feature", "properties": { "amenity_id": 423, "kind": "shop", "name": "黒兵衛 (Kurobe)", "detail": "fast_food" }, "geometry": { "type": "Point", "coordinates": [ 139.7423191, 35.700753 ] } },
{ "type": "Feature", "properties": { "amenity_id": 424, "kind": "shop", "name": "萬国館", "detail": "hairdresser" }, "geometry": { "type": "Point", "coordinates": [ 139.742289600000021, 35.7006876 ] } },
{ "type": "Feature", "properties": { "amenity_id": 425, "kind": "shop", "name": "Fromatique", "detail": "restaurant" }, "geometry": { "type": "Point", "coordinates": [ 139.742426500000022, 35.70094670000001 ] } },
{ "type": "Feature", "properties": { "amenity_id": 426, "kind": "shop", "name": "水漫庭", "detail": "restaurant" }, "geometry": { "type": "Point", "coordinates": [ 139.742271, 35.7008138 ] } },
{ "type": "Feature", "properties": { "amenity_id": 427, "kind": "shop", "name": "L'Alliance", "detail": "restaurant" }, "geometry": { "type": "Point", "coordinates": [ 139.741921100000013, 35.700841 ] } },
{ "type": "Feature", "properties": { "amenity_id": 428, "kind": "shop", "name": "俺流塩らーめん", "detail": "fast_food" }, "geometry": { "type": "Point", "coordinates": [ 139.7417522, 35.7008737 ] } },
{ "type": "Feature", "properties": { "amenity_id": 429, "kind": "shop", "name": "南山", "detail": "restaurant" }, "geometry": { "type": "Point", "coordinates": [ 139.741760200000016, 35.7008911 ] } },
{ "type": "Feature", "properties": { "amenity_id": 430, "kind": "shop", "name": "ファイン", "detail": "bar" }, "geometry": { "type": "Point", "coordinates": [ 139.741772200000014, 35.7009075 ] } },
{ "type": "Feature", "properties": { "amenity_id": 431, "kind": "shop", "name": "deep", "detail": "bar" }, "geometry": { "type": "Point", "coordinates": [ 139.741785600000014, 35.7009238 ] } },
{ "type": "Feature", "properties": { "amenity_id": 432, "kind": "shop", "name": "OZ", "detail": "bar" }, "geometry": { "type": "Point", "coordinates": [ 139.741793700000017, 35.7009445 ] } },
{ "type": "Feature", "properties": { "amenity_id": 433, "kind": "shop", "name": "食道楽", "detail": "restaurant" }, "geometry": { "type": "Point", "coordinates": [ 139.741712, 35.700902 ] } },
{ "type": "Feature", "properties": { "amenity_id": 434, "kind": "shop", "name": "たんす屋", "detail": "clothes" }, "geometry": { "type": "Point", "coordinates": [ 139.7414436, 35.7010022 ] } },
{ "type": "Feature", "properties": { "amenity_id": 435, "kind": "shop", "name": null, "detail": "bar" }, "geometry": { "type": "Point", "coordinates": [ 139.70869350000001, 35.6910729 ] } },
{ "type": "Feature", "properties": { "amenity_id": 436, "kind": "shop", "name": "珍獣広場", "detail": "bar" }, "geometry": { "type": "Point", "coordinates": [ 139.706428400000021, 35.690983200000012 ] } },
{ "type": "Feature", "properties": { "amenity_id": 437, "kind": "shop", "name": "デイリーヤマザキ", "detail": "convenience" }, "geometry": { "type": "Point", "coordinates": [ 139.698364700000013, 35.6937937 ] } },
{ "type": "Feature", "properties": { "amenity_id": 438, "kind": "shop", "name": "セブン-イレブン", "detail": "convenience" }, "geometry": { "type": "Point", "coordinates": [ 139.708640700000018, 35.6935402 ] } },
{ "type": "Feature", "properties": { "amenity_id": 439, "kind": "shop", "name": "ローソン", "detail": "convenience" }, "geometry": { "type": "Point", "coordinates": [ 139.7058304, 35.6921563 ] } },
{ "type": "Feature", "properties": { "amenity_id": 440, "kind": "shop", "name": "ローソン", "detail": "convenience" }, "geometry": { "type": "Point", "coordinates": [ 139.707090100000016, 35.6932478 ] } },
{ "type": "Feature", "properties": { "amenity_id": 441, "kind": "shop", "name": "Le Cafe Retro", "detail": "cafe" }, "geometry": { "type": "Point", "coordinates": [ 139.717602600000021, 35.706538 ] } },
{ "type": "Feature", "properties": { "amenity_id": 442, "kind": "shop", "name": "New School", "detail": "restaurant" }, "geometry": { "type": "Point", "coordinates": [ 139.7177313, 35.7065331 ] } },
{ "type": "Feature", "properties": { "amenity_id": 443, "kind": "shop", "name": "ケンタッキーフライドチキン", "detail": "fast_food" }, "geometry": { "type": "Point", "coordinates": [ 139.698623200000014, 35.689019 ] } },
{ "type": "Feature", "properties": { "amenity_id": 444, "kind": "shop", "name": "栄寿司 西口店", "detail": "restaurant" }, "geometry": { "type": "Point", "coordinates": [ 139.698437900000016, 35.6889683 ] } },
{ "type": "Feature", "properties": { "amenity_id": 445, "kind": "shop", "name": "ルノアール", "detail": "cafe" }, "geometry": { "type": "Point", "coordinates": [ 139.707523400000014, 35.6914213 ] } },
{ "type": "Feature", "properties": { "amenity_id": 446, "kind": "shop", "name": "ファミリーマート", "detail": "convenience" }, "geometry": { "type": "Point", "coordinates": [ 139.698676, 35.6888165 ] } },
{ "type": "Feature", "properties": { "amenity_id": 447, "kind": "shop", "name": "ゴーゴーカレー", "detail": "fast_food" }, "geometry": { "type": "Point", "coordinates": [ 139.698416, 35.6887421 ] } },
{ "type": "Feature", "properties": { "amenity_id": 448, "kind": "shop", "name": "紀州屋", "detail": "bar" }, "geometry": { "type": "Point", "coordinates": [ 139.698391, 35.688826 ] } },
{ "type": "Feature", "properties": { "amenity_id": 449, "kind": "shop", "name": "ルノアール", "detail": "cafe" }, "geometry": { "type": "Point", "coordinates": [ 139.6982103, 35.6890875 ] } },
{ "type": "Feature", "properties": { "amenity_id": 450, "kind": "shop", "name": "老辺餃子館", "detail": "restaurant" }, "geometry": { "type": "Point", "coordinates": [ 139.6986364, 35.688924 ] } },
{ "type": "Feature", "properties": { "amenity_id": 451, "kind": "shop", "name": "すずや", "detail": "restaurant" }, "geometry": { "type": "Point", "coordinates": [ 139.700962600000025, 35.6939187 ] } },
{ "type": "Feature", "properties": { "amenity_id": 452, "kind": "shop", "name": "Dart Bar ZERO-ONE", "detail": "bar" }, "geometry": { "type": "Point", "coordinates": [ 139.705273, 35.6950487 ] } },
{ "type": "Feature", "properties": { "amenity_id": 453, "kind": "shop", "name": "Ginza Lion", "detail": "restaurant" }, "geometry": { "type": "Point", "coordinates": [ 139.702550200000019, 35.6911383 ] } },
{ "type": "Feature", "properties": { "amenity_id": 454, "kind": "shop", "name": "丸亀製麺", "detail": "fast_food" }, "geometry": { "type": "Point", "coordinates": [ 139.71168990000001, 35.688241 ] } },
{ "type": "Feature", "properties": { "amenity_id": 455, "kind": "shop", "name": "ドトールコーヒーショップ", "detail": "cafe" }, "geometry": { "type": "Point", "coordinates": [ 139.703282, 35.7136643 ] } },
{ "type": "Feature", "properties": { "amenity_id": 456, "kind": "shop", "name": "カフェ・ド・クリエ", "detail": "cafe" }, "geometry": { "type": "Point", "coordinates": [ 139.7034323, 35.7135838 ] } },
{ "type": "Feature", "properties": { "amenity_id": 457, "kind": "shop", "name": "カフェ・ド・クリエ", "detail": "cafe" }, "geometry": { "type": "Point", "coordinates": [ 139.695213700000039, 35.6873212 ] } },
{ "type": "Feature", "properties": { "amenity_id": 458, "kind": "shop", "name": "ドトールコーヒーショップ", "detail": "cafe" }, "geometry": { "type": "Point", "coordinates": [ 139.694673500000022, 35.687196 ] } },
{ "type": "Feature", "properties": { "amenity_id": 459, "kind": "shop", "name": "カフェ・ド・クリエ", "detail": "cafe" }, "geometry": { "type": "Point", "coordinates": [ 139.7434629, 35.7007249 ] } },
{ "type": "Feature", "properties": { "amenity_id": 460, "kind": "shop", "name": "カフェ・ド・クリエ", "detail": "cafe" }, "geometry": { "type": "Point", "coordinates": [ 139.737697, 35.7026004 ] } },
{ "type": "Feature", "properties": { "amenity_id": 461, "kind": "shop", "name": "カフェ・ド・クリエ", "detail": "cafe" }, "geometry": { "type": "Point", "coordinates": [ 139.723338, 35.6922361 ] } },
{ "type": "Feature", "properties": { "amenity_id": 462, "kind": "shop", "name": "ファミリーマート", "detail": "convenience" }, "geometry": { "type": "Point", "coordinates": [ 139.702424400000012, 35.6930566 ] } },
{ "type": "Feature", "properties": { "amenity_id": 463, "kind": "shop", "name": "カフェ・ド・クリエ", "detail": "cafe" }, "geometry": { "type": "Point", "coordinates": [ 139.7024211, 35.693076 ] } },
{ "type": "Feature", "properties": { "amenity_id": 464, "kind": "shop", "name": "セブン-イレブン", "detail": "convenience" }, "geometry": { "type": "Point", "coordinates": [ 139.7078146, 35.6920793 ] } },
{ "type": "Feature", "properties": { "amenity_id": 465, "kind": "shop", "name": "すき家", "detail": "fast_food" }, "geometry": { "type": "Point", "coordinates": [ 139.70901090000001, 35.6914534 ] } },
{ "type": "Feature", "properties": { "amenity_id": 466, "kind": "shop", "name": "カフェ・ド・クリエ", "detail": "cafe" }, "geometry": { "type": "Point", "coordinates": [ 139.689143700000017, 35.6960569 ] } },
{ "type": "Feature", "properties": { "amenity_id": 467, "kind": "shop", "name": "エクセルシオール カフェ", "detail": "cafe" }, "geometry": { "type": "Point", "coordinates": [ 139.6908898, 35.6852794 ] } },
{ "type": "Feature", "properties": { "amenity_id": 468, "kind": "shop", "name": "エクセルシオール カフェ", "detail": "cafe" }, "geometry": { "type": "Point", "coordinates": [ 139.6986885, 35.6952513 ] } },
{ "type": "Feature", "properties": { "amenity_id": 469, "kind": "shop", "name": "町田商店", "detail": "restaurant" }, "geometry": { "type": "Point", "coordinates": [ 139.7124483, 35.7103978 ] } },
{ "type": "Feature", "properties": { "amenity_id": 470, "kind": "shop", "name": "ひじり屋", "detail": "restaurant" }, "geometry": { "type": "Point", "coordinates": [ 139.687349900000015, 35.6916719 ] } },
{ "type": "Feature", "properties": { "amenity_id": 471, "kind": "shop", "name": "ファミリーマート", "detail": "convenience" }, "geometry": { "type": "Point", "coordinates": [ 139.6874703, 35.693578200000012 ] } },
{ "type": "Feature", "properties": { "amenity_id": 472, "kind": "shop", "name": "ローソン", "detail": "convenience" }, "geometry": { "type": "Point", "coordinates": [ 139.70958490000001, 35.7092952 ] } },
{ "type": "Feature", "properties": { "amenity_id": 473, "kind": "shop", "name": "お前まんまるやん！", "detail": "bar" }, "geometry": { "type": "Point", "coordinates": [ 139.7105014, 35.7115367 ] } },
{ "type": "Feature", "properties": { "amenity_id": 474, "kind": "shop", "name": "安兵衛 鮨", "detail": "restaurant" }, "geometry": { "type": "Point", "coordinates": [ 139.712943600000017, 35.7101216 ] } },
{ "type": "Feature", "properties": { "amenity_id": 475, "kind": "shop", "name": "カフェ　ツバメ", "detail": "cafe" }, "geometry": { "type": "Point", "coordinates": [ 139.713144700000015, 35.7103421 ] } },
{ "type": "Feature", "properties": { "amenity_id": 476, "kind": "shop", "name": "セブン-イレブン", "detail": "convenience" }, "geometry": { "type": "Point", "coordinates": [ 139.712767900000017, 35.7104968 ] } },
{ "type": "Feature", "properties": { "amenity_id": 477, "kind": "shop", "name": "ローソン", "detail": "convenience" }, "geometry": { "type": "Point", "coordinates": [ 139.7131367, 35.7099877 ] } },
{ "type": "Feature", "properties": { "amenity_id": 478, "kind": "shop", "name": "西東詩集", "detail": "cafe" }, "geometry": { "type": "Point", "coordinates": [ 139.7126021, 35.7106276 ] } },
{ "type": "Feature", "properties": { "amenity_id": 479, "kind": "shop", "name": "スパゲッティキッチン オットー", "detail": "restaurant" }, "geometry": { "type": "Point", "coordinates": [ 139.712466100000029, 35.7102185 ] } },
{ "type": "Feature", "properties": { "amenity_id": 480, "kind": "shop", "name": null, "detail": "laundry" }, "geometry": { "type": "Point", "coordinates": [ 139.712533800000017, 35.709941900000011 ] } },
{ "type": "Feature", "properties": { "amenity_id": 481, "kind": "shop", "name": "マックス", "detail": "cafe" }, "geometry": { "type": "Point", "coordinates": [ 139.686815200000012, 35.692485 ] } },
{ "type": "Feature", "properties": { "amenity_id": 482, "kind": "shop", "name": "ファミリーマート", "detail": "convenience" }, "geometry": { "type": "Point", "coordinates": [ 139.687893, 35.6948503 ] } },
{ "type": "Feature", "properties": { "amenity_id": 483, "kind": "shop", "name": "孝林", "detail": "restaurant" }, "geometry": { "type": "Point", "coordinates": [ 139.686391, 35.6923582 ] } },
{ "type": "Feature", "properties": { "amenity_id": 484, "kind": "shop", "name": "えぞ菊 本店 ラーメン", "detail": "restaurant" }, "geometry": { "type": "Point", "coordinates": [ 139.709380900000014, 35.7086728 ] } },
{ "type": "Feature", "properties": { "amenity_id": 485, "kind": "shop", "name": "Maruetsu petit", "detail": "supermarket" }, "geometry": { "type": "Point", "coordinates": [ 139.6883903, 35.6918019 ] } },
{ "type": "Feature", "properties": { "amenity_id": 486, "kind": "shop", "name": "もとまちUNION", "detail": "supermarket" }, "geometry": { "type": "Point", "coordinates": [ 139.689414100000022, 35.6963802 ] } },
{ "type": "Feature", "properties": { "amenity_id": 487, "kind": "shop", "name": "EAST WAY CAFFE", "detail": "cafe" }, "geometry": { "type": "Point", "coordinates": [ 139.6882151, 35.692005100000017 ] } },
{ "type": "Feature", "properties": { "amenity_id": 488, "kind": "shop", "name": "スターバックス", "detail": "cafe" }, "geometry": { "type": "Point", "coordinates": [ 139.689927, 35.6922715 ] } },
{ "type": "Feature", "properties": { "amenity_id": 489, "kind": "shop", "name": "RIE coffee", "detail": "cafe" }, "geometry": { "type": "Point", "coordinates": [ 139.6909024, 35.69241490000001 ] } },
{ "type": "Feature", "properties": { "amenity_id": 490, "kind": "shop", "name": "もうやんカレー", "detail": "restaurant" }, "geometry": { "type": "Point", "coordinates": [ 139.6881367, 35.6951097 ] } },
{ "type": "Feature", "properties": { "amenity_id": 491, "kind": "shop", "name": "コチン・ニヴァース", "detail": "restaurant" }, "geometry": { "type": "Point", "coordinates": [ 139.685969200000017, 35.6916981 ] } },
{ "type": "Feature", "properties": { "amenity_id": 492, "kind": "shop", "name": "ナチュラルローソン", "detail": "convenience" }, "geometry": { "type": "Point", "coordinates": [ 139.6895699, 35.6959424 ] } },
{ "type": "Feature", "properties": { "amenity_id": 493, "kind": "shop", "name": "甲州屋蕎麦店", "detail": "restaurant" }, "geometry": { "type": "Point", "coordinates": [ 139.7077978, 35.70834330000001 ] } },
{ "type": "Feature", "properties": { "amenity_id": 494, "kind": "shop", "name": "タケコシ", "detail": "dry_cleaning" }, "geometry": { "type": "Point", "coordinates": [ 139.707976200000019, 35.7083455 ] } },
{ "type": "Feature", "properties": { "amenity_id": 495, "kind": "shop", "name": "スワローチェーン", "detail": "dry_cleaning" }, "geometry": { "type": "Point", "coordinates": [ 139.7081847, 35.708583700000013 ] } },
{ "type": "Feature", "properties": { "amenity_id": 496, "kind": "shop", "name": "理容ダイカイ", "detail": "hairdresser" }, "geometry": { "type": "Point", "coordinates": [ 139.7056306, 35.708519700000011 ] } },
{ "type": "Feature", "properties": { "amenity_id": 497, "kind": "shop", "name": "aqua", "detail": "hairdresser" }, "geometry": { "type": "Point", "coordinates": [ 139.706404, 35.7088206 ] } },
{ "type": "Feature", "properties": { "amenity_id": 498, "kind": "shop", "name": "ザッシカフェ", "detail": "cafe" }, "geometry": { "type": "Point", "coordinates": [ 139.705646700000017, 35.7089749 ] } },
{ "type": "Feature", "properties": { "amenity_id": 499, "kind": "shop", "name": "パンピーノ", "detail": "bakery" }, "geometry": { "type": "Point", "coordinates": [ 139.705214500000011, 35.7085669 ] } },
{ "type": "Feature", "properties": { "amenity_id": 500, "kind": "shop", "name": "マルエツオレンジコート店", "detail": "supermarket" }, "geometry": { "type": "Point", "coordinates": [ 139.705040100000019, 35.7085147 ] } },
{ "type": "Feature", "properties": { "amenity_id": 501, "kind": "shop", "name": "セブン-イレブン", "detail": "convenience" }, "geometry": { "type": "Point", "coordinates": [ 139.703278900000015, 35.6882064 ] } },
{ "type": "Feature", "properties": { "amenity_id": 502, "kind": "shop", "name": "セブン-イレブン", "detail": "convenience" }, "geometry": { "type": "Point", "coordinates": [ 139.707919300000015, 35.6893077 ] } },
{ "type": "Feature", "properties": { "amenity_id": 503, "kind": "shop", "name": "セブン-イレブン", "detail": "convenience" }, "geometry": { "type": "Point", "coordinates": [ 139.717150800000013, 35.6878874 ] } },
{ "type": "Feature", "properties": { "amenity_id": 504, "kind": "shop", "name": "セブン-イレブン", "detail": "convenience" }, "geometry": { "type": "Point", "coordinates": [ 139.7193686, 35.6875906 ] } },
{ "type": "Feature", "properties": { "amenity_id": 505, "kind": "shop", "name": "セブン-イレブン", "detail": "convenience" }, "geometry": { "type": "Point", "coordinates": [ 139.72049770000001, 35.6871668 ] } },
{ "type": "Feature", "properties": { "amenity_id": 506, "kind": "shop", "name": "三徳", "detail": "supermarket" }, "geometry": { "type": "Point", "coordinates": [ 139.7088899, 35.7007332 ] } },
{ "type": "Feature", "properties": { "amenity_id": 507, "kind": "shop", "name": "コープとうきょう", "detail": "supermarket" }, "geometry": { "type": "Point", "coordinates": [ 139.709073900000021, 35.70121180000001 ] } },
{ "type": "Feature", "properties": { "amenity_id": 508, "kind": "shop", "name": "ケンタッキーフライドチキン", "detail": "fast_food" }, "geometry": { "type": "Point", "coordinates": [ 139.7046522, 35.7122303 ] } },
{ "type": "Feature", "properties": { "amenity_id": 509, "kind": "shop", "name": "ピーコックストア", "detail": "supermarket" }, "geometry": { "type": "Point", "coordinates": [ 139.7048466, 35.711837200000012 ] } },
{ "type": "Feature", "properties": { "amenity_id": 510, "kind": "shop", "name": "バーガーキング", "detail": "fast_food" }, "geometry": { "type": "Point", "coordinates": [ 139.7029934, 35.6929276 ] } },
{ "type": "Feature", "properties": { "amenity_id": 511, "kind": "shop", "name": "ファミリーマート", "detail": "convenience" }, "geometry": { "type": "Point", "coordinates": [ 139.702613, 35.6942551 ] } },
{ "type": "Feature", "properties": { "amenity_id": 512, "kind": "shop", "name": "BAR キャロット", "detail": "bar" }, "geometry": { "type": "Point", "coordinates": [ 139.70443370000001, 35.694121 ] } },
{ "type": "Feature", "properties": { "amenity_id": 513, "kind": "shop", "name": null, "detail": "bar" }, "geometry": { "type": "Point", "coordinates": [ 139.7039576, 35.6948507 ] } },
{ "type": "Feature", "properties": { "amenity_id": 514, "kind": "shop", "name": "ハザード", "detail": "restaurant" }, "geometry": { "type": "Point", "coordinates": [ 139.7039613, 35.6948669 ] } },
{ "type": "Feature", "properties": { "amenity_id": 515, "kind": "shop", "name": "BRIAN BAR", "detail": "bar" }, "geometry": { "type": "Point", "coordinates": [ 139.704642300000017, 35.6939354 ] } },
{ "type": "Feature", "properties": { "amenity_id": 516, "kind": "shop", "name": "CHAMPION", "detail": "bar" }, "geometry": { "type": "Point", "coordinates": [ 139.704307200000017, 35.6938268 ] } },
{ "type": "Feature", "properties": { "amenity_id": 517, "kind": "shop", "name": "Golden Dust", "detail": "bar" }, "geometry": { "type": "Point", "coordinates": [ 139.7047082, 35.693971600000012 ] } },
{ "type": "Feature", "properties": { "amenity_id": 518, "kind": "shop", "name": "ナナ", "detail": "bar" }, "geometry": { "type": "Point", "coordinates": [ 139.7044323, 35.6940067 ] } },
{ "type": "Feature", "properties": { "amenity_id": 519, "kind": "shop", "name": "OIL", "detail": "bar" }, "geometry": { "type": "Point", "coordinates": [ 139.704405400000013, 35.6939579 ] } },
{ "type": "Feature", "properties": { "amenity_id": 520, "kind": "shop", "name": "Peg", "detail": "bar" }, "geometry": { "type": "Point", "coordinates": [ 139.704406700000021, 35.6938023 ] } },
{ "type": "Feature", "properties": { "amenity_id": 521, "kind": "shop", "name": "SLOW HAND", "detail": "bar" }, "geometry": { "type": "Point", "coordinates": [ 139.704488600000019, 35.6939346 ] } },
{ "type": "Feature", "properties": { "amenity_id": 522, "kind": "shop", "name": "ami", "detail": "bar" }, "geometry": { "type": "Point", "coordinates": [ 139.7043409, 35.6938172 ] } },
{ "type": "Feature", "properties": { "amenity_id": 523, "kind": "shop", "name": "bar plastic model", "detail": "bar" }, "geometry": { "type": "Point", "coordinates": [ 139.704853500000013, 35.6936588 ] } },
{ "type": "Feature", "properties": { "amenity_id": 524, "kind": "shop", "name": "psychobolic shadow", "detail": "bar" }, "geometry": { "type": "Point", "coordinates": [ 139.7049571, 35.6938396 ] } },
{ "type": "Feature", "properties": { "amenity_id": 525, "kind": "shop", "name": "洗濯船", "detail": "bar" }, "geometry": { "type": "Point", "coordinates": [ 139.7044567, 35.69405 ] } },
{ "type": "Feature", "properties": { "amenity_id": 526, "kind": "shop", "name": "石の花", "detail": "bar" }, "geometry": { "type": "Point", "coordinates": [ 139.7047982, 35.6936771 ] } },
{ "type": "Feature", "properties": { "amenity_id": 527, "kind": "shop", "name": "ココロ カフェ", "detail": "restaurant" }, "geometry": { "type": "Point", "coordinates": [ 139.708636800000022, 35.6906398 ] } },
{ "type": "Feature", "properties": { "amenity_id": 528, "kind": "shop", "name": "ドラゴンメン", "detail": "bar" }, "geometry": { "type": "Point", "coordinates": [ 139.7072497, 35.6902603 ] } },
{ "type": "Feature", "properties": { "amenity_id": 529, "kind": "shop", "name": "サンマルクカフェ", "detail": "cafe" }, "geometry": { "type": "Point", "coordinates": [ 139.728984700000012, 35.6857823 ] } },
{ "type": "Feature", "properties": { "amenity_id": 530, "kind": "shop", "name": "ケンタッキーフライドチキン", "detail": "fast_food" }, "geometry": { "type": "Point", "coordinates": [ 139.7291946, 35.6861977 ] } },
{ "type": "Feature", "properties": { "amenity_id": 531, "kind": "shop", "name": "いせみつ", "detail": "supermarket" }, "geometry": { "type": "Point", "coordinates": [ 139.6785337, 35.7203491 ] } },
{ "type": "Feature", "properties": { "amenity_id": 532, "kind": "shop", "name": "本家かまどや", "detail": "fast_food" }, "geometry": { "type": "Point", "coordinates": [ 139.687262200000021, 35.6929857 ] } },
{ "type": "Feature", "properties": { "amenity_id": 533, "kind": "shop", "name": "ローソン", "detail": "convenience" }, "geometry": { "type": "Point", "coordinates": [ 139.7033753, 35.6956013 ] } },
{ "type": "Feature", "properties": { "amenity_id": 534, "kind": "shop", "name": "スターバックス", "detail": "cafe" }, "geometry": { "type": "Point", "coordinates": [ 139.74251, 35.700414 ] } },
{ "type": "Feature", "properties": { "amenity_id": 535, "kind": "shop", "name": "マクドナルド", "detail": "fast_food" }, "geometry": { "type": "Point", "coordinates": [ 139.683762, 35.7227329 ] } },
{ "type": "Feature", "properties": { "amenity_id": 536, "kind": "shop", "name": "ローソン", "detail": "convenience" }, "geometry": { "type": "Point", "coordinates": [ 139.743125, 35.706778 ] } },
{ "type": "Feature", "properties": { "amenity_id": 537, "kind": "shop", "name": "松屋", "detail": "fast_food" }, "geometry": { "type": "Point", "coordinates": [ 139.690876700000018, 35.6844301 ] } },
{ "type": "Feature", "properties": { "amenity_id": 538, "kind": "shop", "name": "セブン-イレブン", "detail": "convenience" }, "geometry": { "type": "Point", "coordinates": [ 139.694228, 35.686861 ] } },
{ "type": "Feature", "properties": { "amenity_id": 539, "kind": "shop", "name": "Trattoria Azzurri", "detail": "restaurant" }, "geometry": { "type": "Point", "coordinates": [ 139.741002, 35.70079 ] } },
{ "type": "Feature", "properties": { "amenity_id": 540, "kind": "shop", "name": "ローソン", "detail": "convenience" }, "geometry": { "type": "Point", "coordinates": [ 139.692612, 35.685664 ] } },
{ "type": "Feature", "properties": { "amenity_id": 541, "kind": "shop", "name": "ろばたの炉", "detail": "restaurant" }, "geometry": { "type": "Point", "coordinates": [ 139.7409771, 35.700986 ] } },
{ "type": "Feature", "properties": { "amenity_id": 542, "kind": "shop", "name": "セブン-イレブン", "detail": "convenience" }, "geometry": { "type": "Point", "coordinates": [ 139.6789387, 35.7203273 ] } },
{ "type": "Feature", "properties": { "amenity_id": 543, "kind": "shop", "name": "ファミリーマート", "detail": "convenience" }, "geometry": { "type": "Point", "coordinates": [ 139.6797726, 35.7202952 ] } },
{ "type": "Feature", "properties": { "amenity_id": 544, "kind": "shop", "name": "ミニストップ", "detail": "convenience" }, "geometry": { "type": "Point", "coordinates": [ 139.6783701, 35.72036 ] } },
{ "type": "Feature", "properties": { "amenity_id": 545, "kind": "shop", "name": "スワローチェーン", "detail": "laundry" }, "geometry": { "type": "Point", "coordinates": [ 139.690314, 35.684091 ] } },
{ "type": "Feature", "properties": { "amenity_id": 546, "kind": "shop", "name": "Cafe Rapport", "detail": "cafe" }, "geometry": { "type": "Point", "coordinates": [ 139.703357, 35.710791 ] } },
{ "type": "Feature", "properties": { "amenity_id": 547, "kind": "shop", "name": "il gusto Dolce Vita", "detail": "cafe" }, "geometry": { "type": "Point", "coordinates": [ 139.737622, 35.702657 ] } },
{ "type": "Feature", "properties": { "amenity_id": 548, "kind": "shop", "name": "鶏と麺と", "detail": "restaurant" }, "geometry": { "type": "Point", "coordinates": [ 139.695491200000021, 35.6874488 ] } },
{ "type": "Feature", "properties": { "amenity_id": 549, "kind": "shop", "name": "THE SUIT COMPANY", "detail": "clothes" }, "geometry": { "type": "Point", "coordinates": [ 139.696206, 35.687773 ] } },
{ "type": "Feature", "properties": { "amenity_id": 550, "kind": "shop", "name": "スターバックス", "detail": "cafe" }, "geometry": { "type": "Point", "coordinates": [ 139.7074719, 35.6895234 ] } },
{ "type": "Feature", "properties": { "amenity_id": 551, "kind": "shop", "name": "ファミリーマート", "detail": "convenience" }, "geometry": { "type": "Point", "coordinates": [ 139.741204, 35.707994500000019 ] } },
{ "type": "Feature", "properties": { "amenity_id": 552, "kind": "shop", "name": "カナルカフェ", "detail": "restaurant" }, "geometry": { "type": "Point", "coordinates": [ 139.742802, 35.700075 ] } },
{ "type": "Feature", "properties": { "amenity_id": 553, "kind": "shop", "name": "MINAMI", "detail": "clothes" }, "geometry": { "type": "Point", "coordinates": [ 139.699506, 35.6927095 ] } },
{ "type": "Feature", "properties": { "amenity_id": 554, "kind": "shop", "name": "喜多方ラーメン", "detail": "fast_food" }, "geometry": { "type": "Point", "coordinates": [ 139.69954340000001, 35.6927038 ] } },
{ "type": "Feature", "properties": { "amenity_id": 555, "kind": "shop", "name": "まぐろ丼 てらだ屋", "detail": "fast_food" }, "geometry": { "type": "Point", "coordinates": [ 139.699401100000017, 35.6928964 ] } },
{ "type": "Feature", "properties": { "amenity_id": 556, "kind": "shop", "name": "シャニット", "detail": "clothes" }, "geometry": { "type": "Point", "coordinates": [ 139.6994096, 35.6928487 ] } },
{ "type": "Feature", "properties": { "amenity_id": 557, "kind": "shop", "name": "cafe dè Bore", "detail": "cafe" }, "geometry": { "type": "Point", "coordinates": [ 139.701019300000013, 35.6925564 ] } },
{ "type": "Feature", "properties": { "amenity_id": 558, "kind": "shop", "name": null, "detail": "restaurant" }, "geometry": { "type": "Point", "coordinates": [ 139.7011521, 35.6929296 ] } },
{ "type": "Feature", "properties": { "amenity_id": 559, "kind": "shop", "name": "大勝軒", "detail": "fast_food" }, "geometry": { "type": "Point", "coordinates": [ 139.701150800000022, 35.6934073 ] } },
{ "type": "Feature", "properties": { "amenity_id": 560, "kind": "shop", "name": "日高屋", "detail": "fast_food" }, "geometry": { "type": "Point", "coordinates": [ 139.7010654, 35.6934289 ] } },
{ "type": "Feature", "properties": { "amenity_id": 561, "kind": "shop", "name": "Gucci", "detail": "clothes" }, "geometry": { "type": "Point", "coordinates": [ 139.7019961, 35.6920145 ] } },
{ "type": "Feature", "properties": { "amenity_id": 562, "kind": "shop", "name": "TAKAQ", "detail": "clothes" }, "geometry": { "type": "Point", "coordinates": [ 139.702392300000014, 35.6921338 ] } },
{ "type": "Feature", "properties": { "amenity_id": 563, "kind": "shop", "name": "星乃珈琲店", "detail": "cafe" }, "geometry": { "type": "Point", "coordinates": [ 139.703217600000016, 35.6918426 ] } },
{ "type": "Feature", "properties": { "amenity_id": 564, "kind": "shop", "name": "木曽路", "detail": "restaurant" }, "geometry": { "type": "Point", "coordinates": [ 139.7032069, 35.6918025 ] } },
{ "type": "Feature", "properties": { "amenity_id": 565, "kind": "shop", "name": "Ale", "detail": "bar" }, "geometry": { "type": "Point", "coordinates": [ 139.696729, 35.6883031 ] } },
{ "type": "Feature", "properties": { "amenity_id": 566, "kind": "shop", "name": "チェゴヤ", "detail": "restaurant" }, "geometry": { "type": "Point", "coordinates": [ 139.6968057, 35.6883576 ] } },
{ "type": "Feature", "properties": { "amenity_id": 567, "kind": "shop", "name": "ル・クープシュー", "detail": "restaurant" }, "geometry": { "type": "Point", "coordinates": [ 139.697158700000045, 35.6887877 ] } },
{ "type": "Feature", "properties": { "amenity_id": 568, "kind": "shop", "name": "ローソン", "detail": "convenience" }, "geometry": { "type": "Point", "coordinates": [ 139.696901, 35.688388 ] } },
{ "type": "Feature", "properties": { "amenity_id": 569, "kind": "shop", "name": "板前寿司", "detail": "restaurant" }, "geometry": { "type": "Point", "coordinates": [ 139.6966813, 35.6882789 ] } },
{ "type": "Feature", "properties": { "amenity_id": 570, "kind": "shop", "name": "天下一品", "detail": "restaurant" }, "geometry": { "type": "Point", "coordinates": [ 139.69715960000002, 35.6888967 ] } },
{ "type": "Feature", "properties": { "amenity_id": 571, "kind": "shop", "name": "富士そば", "detail": "fast_food" }, "geometry": { "type": "Point", "coordinates": [ 139.696735500000017, 35.6883305 ] } },
{ "type": "Feature", "properties": { "amenity_id": 572, "kind": "shop", "name": "日高屋", "detail": "fast_food" }, "geometry": { "type": "Point", "coordinates": [ 139.6970245, 35.6885843 ] } },
{ "type": "Feature", "properties": { "amenity_id": 573, "kind": "shop", "name": "金ちゃん", "detail": "restaurant" }, "geometry": { "type": "Point", "coordinates": [ 139.6898013, 35.6837374 ] } },
{ "type": "Feature", "properties": { "amenity_id": 574, "kind": "shop", "name": "だるまのめ", "detail": "fast_food" }, "geometry": { "type": "Point", "coordinates": [ 139.697043, 35.6887109 ] } },
{ "type": "Feature", "properties": { "amenity_id": 575, "kind": "shop", "name": "とく一", "detail": "restaurant" }, "geometry": { "type": "Point", "coordinates": [ 139.697016100000013, 35.6888349 ] } },
{ "type": "Feature", "properties": { "amenity_id": 576, "kind": "shop", "name": "段々屋", "detail": "restaurant" }, "geometry": { "type": "Point", "coordinates": [ 139.6969991, 35.6890608 ] } },
{ "type": "Feature", "properties": { "amenity_id": 577, "kind": "shop", "name": "桂花ラーメン", "detail": "fast_food" }, "geometry": { "type": "Point", "coordinates": [ 139.696990100000022, 35.6890846 ] } },
{ "type": "Feature", "properties": { "amenity_id": 578, "kind": "shop", "name": "鉄板王国", "detail": "restaurant" }, "geometry": { "type": "Point", "coordinates": [ 139.6970398, 35.6887334 ] } },
{ "type": "Feature", "properties": { "amenity_id": 579, "kind": "shop", "name": "鳥辰", "detail": "restaurant" }, "geometry": { "type": "Point", "coordinates": [ 139.696781700000031, 35.6883408 ] } },
{ "type": "Feature", "properties": { "amenity_id": 580, "kind": "shop", "name": "ミニストップ", "detail": "convenience" }, "geometry": { "type": "Point", "coordinates": [ 139.69312450000001, 35.686248400000011 ] } },
{ "type": "Feature", "properties": { "amenity_id": 581, "kind": "shop", "name": "Tahitian Noni Cafe", "detail": "cafe" }, "geometry": { "type": "Point", "coordinates": [ 139.694314500000019, 35.6870073 ] } },
{ "type": "Feature", "properties": { "amenity_id": 582, "kind": "shop", "name": "カプリチョーサ", "detail": "restaurant" }, "geometry": { "type": "Point", "coordinates": [ 139.6934008, 35.6863087 ] } },
{ "type": "Feature", "properties": { "amenity_id": 583, "kind": "shop", "name": "松屋", "detail": "fast_food" }, "geometry": { "type": "Point", "coordinates": [ 139.684032, 35.7103227 ] } },
{ "type": "Feature", "properties": { "amenity_id": 584, "kind": "shop", "name": "Curry 草枕", "detail": "restaurant" }, "geometry": { "type": "Point", "coordinates": [ 139.707435, 35.689122 ] } },
{ "type": "Feature", "properties": { "amenity_id": 585, "kind": "shop", "name": "ラーメン二郎", "detail": "fast_food" }, "geometry": { "type": "Point", "coordinates": [ 139.701934500000021, 35.69612510000001 ] } },
{ "type": "Feature", "properties": { "amenity_id": 586, "kind": "shop", "name": "らんぶる", "detail": "cafe" }, "geometry": { "type": "Point", "coordinates": [ 139.7040356, 35.6906606 ] } },
{ "type": "Feature", "properties": { "amenity_id": 587, "kind": "shop", "name": "チャンカヤ", "detail": "restaurant" }, "geometry": { "type": "Point", "coordinates": [ 139.697189300000019, 35.6887884 ] } },
{ "type": "Feature", "properties": { "amenity_id": 588, "kind": "shop", "name": "ファミリーマート", "detail": "convenience" }, "geometry": { "type": "Point", "coordinates": [ 139.6910334, 35.6952078 ] } },
{ "type": "Feature", "properties": { "amenity_id": 589, "kind": "shop", "name": "なか卯", "detail": "fast_food" }, "geometry": { "type": "Point", "coordinates": [ 139.690966800000012, 35.6948126 ] } },
{ "type": "Feature", "properties": { "amenity_id": 590, "kind": "shop", "name": "ファミリーマート", "detail": "convenience" }, "geometry": { "type": "Point", "coordinates": [ 139.691129400000023, 35.6947553 ] } },
{ "type": "Feature", "properties": { "amenity_id": 591, "kind": "shop", "name": "松屋", "detail": "fast_food" }, "geometry": { "type": "Point", "coordinates": [ 139.692158700000022, 35.6948234 ] } },
{ "type": "Feature", "properties": { "amenity_id": 592, "kind": "shop", "name": "セブン-イレブン", "detail": "convenience" }, "geometry": { "type": "Point", "coordinates": [ 139.6946782, 35.6940938 ] } },
{ "type": "Feature", "properties": { "amenity_id": 593, "kind": "shop", "name": "ファミリーマート", "detail": "convenience" }, "geometry": { "type": "Point", "coordinates": [ 139.696548, 35.6930818 ] } },
{ "type": "Feature", "properties": { "amenity_id": 594, "kind": "shop", "name": "ファミリーマート", "detail": "convenience" }, "geometry": { "type": "Point", "coordinates": [ 139.7062898, 35.6904503 ] } },
{ "type": "Feature", "properties": { "amenity_id": 595, "kind": "shop", "name": "吉野家", "detail": "fast_food" }, "geometry": { "type": "Point", "coordinates": [ 139.707342900000015, 35.6899178 ] } },
{ "type": "Feature", "properties": { "amenity_id": 596, "kind": "shop", "name": "セブン-イレブン", "detail": "convenience" }, "geometry": { "type": "Point", "coordinates": [ 139.7126685, 35.6910903 ] } },
{ "type": "Feature", "properties": { "amenity_id": 597, "kind": "shop", "name": "吉野家", "detail": "fast_food" }, "geometry": { "type": "Point", "coordinates": [ 139.711481600000042, 35.691224 ] } },
{ "type": "Feature", "properties": { "amenity_id": 598, "kind": "shop", "name": "松屋", "detail": "fast_food" }, "geometry": { "type": "Point", "coordinates": [ 139.697663800000015, 35.6972206 ] } },
{ "type": "Feature", "properties": { "amenity_id": 599, "kind": "shop", "name": "すき家", "detail": "fast_food" }, "geometry": { "type": "Point", "coordinates": [ 139.698599, 35.69470960000001 ] } },
{ "type": "Feature", "properties": { "amenity_id": 600, "kind": "shop", "name": "Soba Cafe 輝", "detail": "restaurant" }, "geometry": { "type": "Point", "coordinates": [ 139.688703300000014, 35.711321 ] } },
{ "type": "Feature", "properties": { "amenity_id": 601, "kind": "shop", "name": "かつや", "detail": "fast_food" }, "geometry": { "type": "Point", "coordinates": [ 139.6975301, 35.6882796 ] } },
{ "type": "Feature", "properties": { "amenity_id": 602, "kind": "shop", "name": "淀橋酒場 きんや", "detail": "restaurant" }, "geometry": { "type": "Point", "coordinates": [ 139.6872825, 35.6851028 ] } },
{ "type": "Feature", "properties": { "amenity_id": 603, "kind": "shop", "name": "マルエツプチ", "detail": "supermarket" }, "geometry": { "type": "Point", "coordinates": [ 139.687954, 35.685239 ] } },
{ "type": "Feature", "properties": { "amenity_id": 604, "kind": "shop", "name": "ファミリーマート", "detail": "convenience" }, "geometry": { "type": "Point", "coordinates": [ 139.688971, 35.68576 ] } },
{ "type": "Feature", "properties": { "amenity_id": 605, "kind": "shop", "name": "はなまるうどん", "detail": "restaurant" }, "geometry": { "type": "Point", "coordinates": [ 139.6983443, 35.6886278 ] } },
{ "type": "Feature", "properties": { "amenity_id": 606, "kind": "shop", "name": "セブン-イレブン", "detail": "convenience" }, "geometry": { "type": "Point", "coordinates": [ 139.696605200000022, 35.68922890000001 ] } },
{ "type": "Feature", "properties": { "amenity_id": 607, "kind": "shop", "name": "ねぎし", "detail": "restaurant" }, "geometry": { "type": "Point", "coordinates": [ 139.696723, 35.689283 ] } },
{ "type": "Feature", "properties": { "amenity_id": 608, "kind": "shop", "name": "陳麻飯", "detail": "restaurant" }, "geometry": { "type": "Point", "coordinates": [ 139.696877, 35.689155 ] } },
{ "type": "Feature", "properties": { "amenity_id": 609, "kind": "shop", "name": "バンコクスパイス", "detail": "restaurant" }, "geometry": { "type": "Point", "coordinates": [ 139.696908, 35.688812 ] } },
{ "type": "Feature", "properties": { "amenity_id": 610, "kind": "shop", "name": "米門", "detail": "restaurant" }, "geometry": { "type": "Point", "coordinates": [ 139.697242, 35.688182 ] } },
{ "type": "Feature", "properties": { "amenity_id": 611, "kind": "shop", "name": "魚がし日本一", "detail": "restaurant" }, "geometry": { "type": "Point", "coordinates": [ 139.697472200000021, 35.6882625 ] } },
{ "type": "Feature", "properties": { "amenity_id": 612, "kind": "shop", "name": "庄助", "detail": "bar" }, "geometry": { "type": "Point", "coordinates": [ 139.697591, 35.688436 ] } },
{ "type": "Feature", "properties": { "amenity_id": 613, "kind": "shop", "name": "庄屋", "detail": "restaurant" }, "geometry": { "type": "Point", "coordinates": [ 139.697716, 35.688839 ] } },
{ "type": "Feature", "properties": { "amenity_id": 614, "kind": "shop", "name": "ねぎし", "detail": "restaurant" }, "geometry": { "type": "Point", "coordinates": [ 139.697775, 35.688961 ] } },
{ "type": "Feature", "properties": { "amenity_id": 615, "kind": "shop", "name": "浜勝", "detail": "restaurant" }, "geometry": { "type": "Point", "coordinates": [ 139.697898, 35.688952 ] } },
{ "type": "Feature", "properties": { "amenity_id": 616, "kind": "shop", "name": "達翁", "detail": "restaurant" }, "geometry": { "type": "Point", "coordinates": [ 139.697863, 35.688926 ] } },
{ "type": "Feature", "properties": { "amenity_id": 617, "kind": "shop", "name": "今井屋", "detail": "restaurant" }, "geometry": { "type": "Point", "coordinates": [ 139.698182, 35.688845 ] } },
{ "type": "Feature", "properties": { "amenity_id": 618, "kind": "shop", "name": "東京チカラめし", "detail": "fast_food" }, "geometry": { "type": "Point", "coordinates": [ 139.697482, 35.689058 ] } },
{ "type": "Feature", "properties": { "amenity_id": 619, "kind": "shop", "name": "炉端かば", "detail": "restaurant" }, "geometry": { "type": "Point", "coordinates": [ 139.6975099, 35.6888837 ] } },
{ "type": "Feature", "properties": { "amenity_id": 620, "kind": "shop", "name": "東府屋", "detail": "restaurant" }, "geometry": { "type": "Point", "coordinates": [ 139.697665, 35.688934 ] } },
{ "type": "Feature", "properties": { "amenity_id": 621, "kind": "shop", "name": "three BAR", "detail": "bar" }, "geometry": { "type": "Point", "coordinates": [ 139.697657, 35.688996 ] } },
{ "type": "Feature", "properties": { "amenity_id": 622, "kind": "shop", "name": "ロンシャン", "detail": "restaurant" }, "geometry": { "type": "Point", "coordinates": [ 139.697662, 35.689052 ] } },
{ "type": "Feature", "properties": { "amenity_id": 623, "kind": "shop", "name": "ラーメン凪 炎のつけめん", "detail": "restaurant" }, "geometry": { "type": "Point", "coordinates": [ 139.696346700000021, 35.6946108 ] } },
{ "type": "Feature", "properties": { "amenity_id": 624, "kind": "shop", "name": "そば処 遊", "detail": "restaurant" }, "geometry": { "type": "Point", "coordinates": [ 139.677785100000023, 35.72524640000001 ] } },
{ "type": "Feature", "properties": { "amenity_id": 625, "kind": "shop", "name": "十二社 大勝軒", "detail": "fast_food" }, "geometry": { "type": "Point", "coordinates": [ 139.690618300000011, 35.684641 ] } },
{ "type": "Feature", "properties": { "amenity_id": 626, "kind": "shop", "name": "セブン-イレブン", "detail": "convenience" }, "geometry": { "type": "Point", "coordinates": [ 139.685667, 35.684753 ] } },
{ "type": "Feature", "properties": { "amenity_id": 627, "kind": "shop", "name": "喜船", "detail": "restaurant" }, "geometry": { "type": "Point", "coordinates": [ 139.688083, 35.685309 ] } },
{ "type": "Feature", "properties": { "amenity_id": 628, "kind": "shop", "name": null, "detail": "dry_cleaning" }, "geometry": { "type": "Point", "coordinates": [ 139.688543, 35.685566 ] } },
{ "type": "Feature", "properties": { "amenity_id": 629, "kind": "shop", "name": "アジアンパール", "detail": "restaurant" }, "geometry": { "type": "Point", "coordinates": [ 139.688895, 35.685731 ] } },
{ "type": "Feature", "properties": { "amenity_id": 630, "kind": "shop", "name": "エクセルシオール カフェ", "detail": "cafe" }, "geometry": { "type": "Point", "coordinates": [ 139.695449, 35.689599 ] } },
{ "type": "Feature", "properties": { "amenity_id": 631, "kind": "shop", "name": "デイリーヤマザキ", "detail": "convenience" }, "geometry": { "type": "Point", "coordinates": [ 139.698193, 35.689336 ] } },
{ "type": "Feature", "properties": { "amenity_id": 632, "kind": "shop", "name": "珈琲館", "detail": "cafe" }, "geometry": { "type": "Point", "coordinates": [ 139.7221992, 35.7058441 ] } },
{ "type": "Feature", "properties": { "amenity_id": 633, "kind": "shop", "name": "ファミリーマート", "detail": "convenience" }, "geometry": { "type": "Point", "coordinates": [ 139.6889339, 35.6874872 ] } },
{ "type": "Feature", "properties": { "amenity_id": 634, "kind": "shop", "name": "不二家", "detail": "confectionery" }, "geometry": { "type": "Point", "coordinates": [ 139.696700100000015, 35.689959 ] } },
{ "type": "Feature", "properties": { "amenity_id": 635, "kind": "shop", "name": "ナチュラルローソン", "detail": "convenience" }, "geometry": { "type": "Point", "coordinates": [ 139.696563900000029, 35.689887 ] } },
{ "type": "Feature", "properties": { "amenity_id": 636, "kind": "shop", "name": "PRONTO", "detail": "cafe" }, "geometry": { "type": "Point", "coordinates": [ 139.6965821, 35.6897445 ] } },
{ "type": "Feature", "properties": { "amenity_id": 637, "kind": "shop", "name": "Tenkane Shinjuku Odakyu HALC", "detail": "restaurant" }, "geometry": { "type": "Point", "coordinates": [ 139.6989005, 35.6923106 ] } },
{ "type": "Feature", "properties": { "amenity_id": 638, "kind": "shop", "name": "ユニクロ", "detail": "clothes" }, "geometry": { "type": "Point", "coordinates": [ 139.699497, 35.6925612 ] } },
{ "type": "Feature", "properties": { "amenity_id": 639, "kind": "shop", "name": "inton", "detail": "restaurant" }, "geometry": { "type": "Point", "coordinates": [ 139.696708, 35.689942 ] } },
{ "type": "Feature", "properties": { "amenity_id": 640, "kind": "shop", "name": "ricori", "detail": "clothes" }, "geometry": { "type": "Point", "coordinates": [ 139.701079, 35.69133 ] } },
{ "type": "Feature", "properties": { "amenity_id": 641, "kind": "shop", "name": "あす香", "detail": "restaurant" }, "geometry": { "type": "Point", "coordinates": [ 139.697288, 35.689948 ] } },
{ "type": "Feature", "properties": { "amenity_id": 642, "kind": "shop", "name": "かのや", "detail": "fast_food" }, "geometry": { "type": "Point", "coordinates": [ 139.697711, 35.689299 ] } },
{ "type": "Feature", "properties": { "amenity_id": 643, "kind": "shop", "name": "すためし", "detail": "fast_food" }, "geometry": { "type": "Point", "coordinates": [ 139.697401, 35.689246 ] } },
{ "type": "Feature", "properties": { "amenity_id": 644, "kind": "shop", "name": "箱根そば", "detail": "fast_food" }, "geometry": { "type": "Point", "coordinates": [ 139.6971303, 35.6891653 ] } },
{ "type": "Feature", "properties": { "amenity_id": 645, "kind": "shop", "name": "ねぎし", "detail": "restaurant" }, "geometry": { "type": "Point", "coordinates": [ 139.697129600000011, 35.6894704 ] } },
{ "type": "Feature", "properties": { "amenity_id": 646, "kind": "shop", "name": "はなまるうどん", "detail": "restaurant" }, "geometry": { "type": "Point", "coordinates": [ 139.697351, 35.690004 ] } },
{ "type": "Feature", "properties": { "amenity_id": 647, "kind": "shop", "name": "ふらんす亭", "detail": "restaurant" }, "geometry": { "type": "Point", "coordinates": [ 139.697217, 35.689454 ] } },
{ "type": "Feature", "properties": { "amenity_id": 648, "kind": "shop", "name": "ゆるりや", "detail": "restaurant" }, "geometry": { "type": "Point", "coordinates": [ 139.696972500000015, 35.6895783 ] } },
{ "type": "Feature", "properties": { "amenity_id": 649, "kind": "shop", "name": "スターバックス", "detail": "cafe" }, "geometry": { "type": "Point", "coordinates": [ 139.697752400000013, 35.6921227 ] } },
{ "type": "Feature", "properties": { "amenity_id": 650, "kind": "shop", "name": "スターバックス", "detail": "cafe" }, "geometry": { "type": "Point", "coordinates": [ 139.6974261, 35.6899737 ] } },
{ "type": "Feature", "properties": { "amenity_id": 651, "kind": "shop", "name": "ステーキ パンドラ西口店", "detail": "restaurant" }, "geometry": { "type": "Point", "coordinates": [ 139.696899300000013, 35.6895709 ] } },
{ "type": "Feature", "properties": { "amenity_id": 652, "kind": "shop", "name": "セブン-イレブン", "detail": "convenience" }, "geometry": { "type": "Point", "coordinates": [ 139.696918, 35.6917615 ] } },
{ "type": "Feature", "properties": { "amenity_id": 653, "kind": "shop", "name": "ドトールコーヒーショップ", "detail": "cafe" }, "geometry": { "type": "Point", "coordinates": [ 139.6966085, 35.6895564 ] } },
{ "type": "Feature", "properties": { "amenity_id": 654, "kind": "shop", "name": "ピツォッケリ", "detail": "restaurant" }, "geometry": { "type": "Point", "coordinates": [ 139.697167, 35.689893 ] } },
{ "type": "Feature", "properties": { "amenity_id": 655, "kind": "shop", "name": "マイアミガーデン", "detail": "restaurant" }, "geometry": { "type": "Point", "coordinates": [ 139.697866, 35.689302 ] } },
{ "type": "Feature", "properties": { "amenity_id": 656, "kind": "shop", "name": "マクドナルド", "detail": "fast_food" }, "geometry": { "type": "Point", "coordinates": [ 139.698194300000011, 35.6892776 ] } },
{ "type": "Feature", "properties": { "amenity_id": 657, "kind": "shop", "name": "ラケル", "detail": "restaurant" }, "geometry": { "type": "Point", "coordinates": [ 139.6971005, 35.6896945 ] } },
{ "type": "Feature", "properties": { "amenity_id": 658, "kind": "shop", "name": "ル・モンド", "detail": "restaurant" }, "geometry": { "type": "Point", "coordinates": [ 139.697652, 35.689323 ] } },
{ "type": "Feature", "properties": { "amenity_id": 659, "kind": "shop", "name": "ローソン", "detail": "convenience" }, "geometry": { "type": "Point", "coordinates": [ 139.6962048, 35.6899114 ] } },
{ "type": "Feature", "properties": { "amenity_id": 660, "kind": "shop", "name": "三国一", "detail": "fast_food" }, "geometry": { "type": "Point", "coordinates": [ 139.6965797, 35.689951 ] } },
{ "type": "Feature", "properties": { "amenity_id": 661, "kind": "shop", "name": "三田製麺所", "detail": "fast_food" }, "geometry": { "type": "Point", "coordinates": [ 139.6969751, 35.6895499 ] } },
{ "type": "Feature", "properties": { "amenity_id": 662, "kind": "shop", "name": "八吉", "detail": "restaurant" }, "geometry": { "type": "Point", "coordinates": [ 139.697075, 35.689782 ] } },
{ "type": "Feature", "properties": { "amenity_id": 663, "kind": "shop", "name": "寅", "detail": "restaurant" }, "geometry": { "type": "Point", "coordinates": [ 139.69713950000002, 35.6891115 ] } },
{ "type": "Feature", "properties": { "amenity_id": 664, "kind": "shop", "name": "舎鈴", "detail": "fast_food" }, "geometry": { "type": "Point", "coordinates": [ 139.696764700000017, 35.689397299999989 ] } },
{ "type": "Feature", "properties": { "amenity_id": 665, "kind": "shop", "name": "手打そば渡邉", "detail": "fast_food" }, "geometry": { "type": "Point", "coordinates": [ 139.697127, 35.689835 ] } },
{ "type": "Feature", "properties": { "amenity_id": 666, "kind": "shop", "name": "松屋", "detail": "fast_food" }, "geometry": { "type": "Point", "coordinates": [ 139.696969200000012, 35.689592 ] } },
{ "type": "Feature", "properties": { "amenity_id": 667, "kind": "shop", "name": "栄寿司", "detail": "restaurant" }, "geometry": { "type": "Point", "coordinates": [ 139.6969704, 35.6894304 ] } },
{ "type": "Feature", "properties": { "amenity_id": 668, "kind": "shop", "name": "楽釜製麺所", "detail": "fast_food" }, "geometry": { "type": "Point", "coordinates": [ 139.6971327, 35.6894425 ] } },
{ "type": "Feature", "properties": { "amenity_id": 669, "kind": "shop", "name": "洋服の青山", "detail": "clothes" }, "geometry": { "type": "Point", "coordinates": [ 139.698424, 35.689544 ] } },
{ "type": "Feature", "properties": { "amenity_id": 670, "kind": "shop", "name": "白屋製麺", "detail": "fast_food" }, "geometry": { "type": "Point", "coordinates": [ 139.697994, 35.689318 ] } },
{ "type": "Feature", "properties": { "amenity_id": 671, "kind": "shop", "name": "謝朋殿 粥餐庁 京王モール店", "detail": "restaurant" }, "geometry": { "type": "Point", "coordinates": [ 139.698870700000015, 35.6900288 ] } },
{ "type": "Feature", "properties": { "amenity_id": 672, "kind": "shop", "name": "Tonchikan Tonkatsu", "detail": "restaurant" }, "geometry": { "type": "Point", "coordinates": [ 139.6968043, 35.68957420000001 ] } },
{ "type": "Feature", "properties": { "amenity_id": 673, "kind": "shop", "name": "AOKI", "detail": "clothes" }, "geometry": { "type": "Point", "coordinates": [ 139.6972609, 35.6902156 ] } },
{ "type": "Feature", "properties": { "amenity_id": 674, "kind": "shop", "name": "魚がし日本一", "detail": "fast_food" }, "geometry": { "type": "Point", "coordinates": [ 139.697289400000017, 35.6900016 ] } },
{ "type": "Feature", "properties": { "amenity_id": 675, "kind": "shop", "name": "シティーク", "detail": "restaurant" }, "geometry": { "type": "Point", "coordinates": [ 139.6987339, 35.6942065 ] } },
{ "type": "Feature", "properties": { "amenity_id": 676, "kind": "shop", "name": "セブン-イレブン", "detail": "convenience" }, "geometry": { "type": "Point", "coordinates": [ 139.6986359, 35.6945588 ] } },
{ "type": "Feature", "properties": { "amenity_id": 677, "kind": "shop", "name": "ルノアール", "detail": "cafe" }, "geometry": { "type": "Point", "coordinates": [ 139.699125900000013, 35.6941004 ] } },
{ "type": "Feature", "properties": { "amenity_id": 678, "kind": "shop", "name": "ルノアール", "detail": "cafe" }, "geometry": { "type": "Point", "coordinates": [ 139.6982073, 35.694917 ] } },
{ "type": "Feature", "properties": { "amenity_id": 679, "kind": "shop", "name": "ローソン", "detail": "convenience" }, "geometry": { "type": "Point", "coordinates": [ 139.698715600000014, 35.6943657 ] } },
{ "type": "Feature", "properties": { "amenity_id": 680, "kind": "shop", "name": "富士そば", "detail": "fast_food" }, "geometry": { "type": "Point", "coordinates": [ 139.698747, 35.6942702 ] } },
{ "type": "Feature", "properties": { "amenity_id": 681, "kind": "shop", "name": "札幌ラーメン", "detail": "fast_food" }, "geometry": { "type": "Point", "coordinates": [ 139.698313800000022, 35.694908 ] } },
{ "type": "Feature", "properties": { "amenity_id": 682, "kind": "shop", "name": "福しん", "detail": "restaurant" }, "geometry": { "type": "Point", "coordinates": [ 139.698520300000013, 35.6948899 ] } },
{ "type": "Feature", "properties": { "amenity_id": 683, "kind": "shop", "name": "東京麺達団", "detail": "fast_food" }, "geometry": { "type": "Point", "coordinates": [ 139.6982333, 35.6947936 ] } },
{ "type": "Feature", "properties": { "amenity_id": 684, "kind": "shop", "name": "So-ALL", "detail": "hairdresser" }, "geometry": { "type": "Point", "coordinates": [ 139.6972207, 35.6953444 ] } },
{ "type": "Feature", "properties": { "amenity_id": 685, "kind": "shop", "name": "新宿麻辣湯", "detail": "restaurant" }, "geometry": { "type": "Point", "coordinates": [ 139.69623820000001, 35.6946174 ] } },
{ "type": "Feature", "properties": { "amenity_id": 686, "kind": "shop", "name": "ファミリーマート", "detail": "convenience" }, "geometry": { "type": "Point", "coordinates": [ 139.69681970000002, 35.6955258 ] } },
{ "type": "Feature", "properties": { "amenity_id": 687, "kind": "shop", "name": "タイ国屋台食道", "detail": "restaurant" }, "geometry": { "type": "Point", "coordinates": [ 139.6965616, 35.6951278 ] } },
{ "type": "Feature", "properties": { "amenity_id": 688, "kind": "shop", "name": "ナラビ", "detail": "restaurant" }, "geometry": { "type": "Point", "coordinates": [ 139.696384600000016, 35.6948498 ] } },
{ "type": "Feature", "properties": { "amenity_id": 689, "kind": "shop", "name": null, "detail": "restaurant" }, "geometry": { "type": "Point", "coordinates": [ 139.6965433, 35.69510180000001 ] } },
{ "type": "Feature", "properties": { "amenity_id": 690, "kind": "shop", "name": "光来", "detail": "restaurant" }, "geometry": { "type": "Point", "coordinates": [ 139.6973352, 35.6951313 ] } },
{ "type": "Feature", "properties": { "amenity_id": 691, "kind": "shop", "name": "木場", "detail": "restaurant" }, "geometry": { "type": "Point", "coordinates": [ 139.696348600000022, 35.6947952 ] } },
{ "type": "Feature", "properties": { "amenity_id": 692, "kind": "shop", "name": "浜勢", "detail": "restaurant" }, "geometry": { "type": "Point", "coordinates": [ 139.69709210000002, 35.6953963 ] } },
{ "type": "Feature", "properties": { "amenity_id": 693, "kind": "shop", "name": "田舎家", "detail": "restaurant" }, "geometry": { "type": "Point", "coordinates": [ 139.696586400000029, 35.695159700000012 ] } },
{ "type": "Feature", "properties": { "amenity_id": 694, "kind": "shop", "name": "風来居", "detail": "fast_food" }, "geometry": { "type": "Point", "coordinates": [ 139.696594300000015, 35.6951767 ] } },
{ "type": "Feature", "properties": { "amenity_id": 695, "kind": "shop", "name": "ナチュラルローソン", "detail": "convenience" }, "geometry": { "type": "Point", "coordinates": [ 139.6950999, 35.6938839 ] } },
{ "type": "Feature", "properties": { "amenity_id": 696, "kind": "shop", "name": "エフワン", "detail": "clothes" }, "geometry": { "type": "Point", "coordinates": [ 139.694805700000018, 35.6939654 ] } },
{ "type": "Feature", "properties": { "amenity_id": 697, "kind": "shop", "name": "サンマルクカフェ", "detail": "cafe" }, "geometry": { "type": "Point", "coordinates": [ 139.6942793, 35.6941499 ] } },
{ "type": "Feature", "properties": { "amenity_id": 698, "kind": "shop", "name": "ドトールコーヒーショップ", "detail": "cafe" }, "geometry": { "type": "Point", "coordinates": [ 139.6952104, 35.6938578 ] } },
{ "type": "Feature", "properties": { "amenity_id": 699, "kind": "shop", "name": "吉野家", "detail": "fast_food" }, "geometry": { "type": "Point", "coordinates": [ 139.693526700000035, 35.6943427 ] } },
{ "type": "Feature", "properties": { "amenity_id": 700, "kind": "shop", "name": "菜の菜", "detail": "restaurant" }, "geometry": { "type": "Point", "coordinates": [ 139.694900600000011, 35.6939432 ] } },
{ "type": "Feature", "properties": { "amenity_id": 701, "kind": "shop", "name": "BBB", "detail": "cafe" }, "geometry": { "type": "Point", "coordinates": [ 139.692710800000015, 35.6946132 ] } },
{ "type": "Feature", "properties": { "amenity_id": 702, "kind": "shop", "name": "ジョナサン", "detail": "restaurant" }, "geometry": { "type": "Point", "coordinates": [ 139.692446100000012, 35.6947503 ] } },
{ "type": "Feature", "properties": { "amenity_id": 703, "kind": "shop", "name": "タリーズコーヒー", "detail": "cafe" }, "geometry": { "type": "Point", "coordinates": [ 139.6929624, 35.6945467 ] } },
{ "type": "Feature", "properties": { "amenity_id": 704, "kind": "shop", "name": "ターリー家", "detail": "restaurant" }, "geometry": { "type": "Point", "coordinates": [ 139.692626900000022, 35.6946505 ] } },
{ "type": "Feature", "properties": { "amenity_id": 705, "kind": "shop", "name": "ファミリーマート", "detail": "convenience" }, "geometry": { "type": "Point", "coordinates": [ 139.6931931, 35.6944575 ] } },
{ "type": "Feature", "properties": { "amenity_id": 706, "kind": "shop", "name": "Sowelu", "detail": "hairdresser" }, "geometry": { "type": "Point", "coordinates": [ 139.691603900000018, 35.6949948 ] } },
{ "type": "Feature", "properties": { "amenity_id": 707, "kind": "shop", "name": "丸や", "detail": "restaurant" }, "geometry": { "type": "Point", "coordinates": [ 139.690691200000032, 35.6952805 ] } },
{ "type": "Feature", "properties": { "amenity_id": 708, "kind": "shop", "name": "大橋や", "detail": "fast_food" }, "geometry": { "type": "Point", "coordinates": [ 139.6909286, 35.6952148 ] } },
{ "type": "Feature", "properties": { "amenity_id": 709, "kind": "shop", "name": "権太呂すし", "detail": "restaurant" }, "geometry": { "type": "Point", "coordinates": [ 139.690628700000019, 35.6952984 ] } },
{ "type": "Feature", "properties": { "amenity_id": 710, "kind": "shop", "name": "sempre pizza da Giovanni", "detail": "fast_food" }, "geometry": { "type": "Point", "coordinates": [ 139.7084141, 35.711648 ] } },
{ "type": "Feature", "properties": { "amenity_id": 711, "kind": "shop", "name": "山形うまいもん処 花笠庵", "detail": "restaurant" }, "geometry": { "type": "Point", "coordinates": [ 139.7201565, 35.6875723 ] } },
{ "type": "Feature", "properties": { "amenity_id": 712, "kind": "shop", "name": "HIROYA", "detail": "clothes" }, "geometry": { "type": "Point", "coordinates": [ 139.720062, 35.6867894 ] } },
{ "type": "Feature", "properties": { "amenity_id": 713, "kind": "shop", "name": "とみ吉", "detail": "fast_food" }, "geometry": { "type": "Point", "coordinates": [ 139.720102200000042, 35.6871138 ] } },
{ "type": "Feature", "properties": { "amenity_id": 714, "kind": "shop", "name": "浅野屋", "detail": "restaurant" }, "geometry": { "type": "Point", "coordinates": [ 139.7200206, 35.686098 ] } },
{ "type": "Feature", "properties": { "amenity_id": 715, "kind": "shop", "name": "肉つけうどん うつけ", "detail": "restaurant" }, "geometry": { "type": "Point", "coordinates": [ 139.720101600000021, 35.6870623 ] } },
{ "type": "Feature", "properties": { "amenity_id": 716, "kind": "shop", "name": "黒蠍", "detail": "fast_food" }, "geometry": { "type": "Point", "coordinates": [ 139.7200474, 35.6864324 ] } },
{ "type": "Feature", "properties": { "amenity_id": 717, "kind": "shop", "name": "丼丸 笹舟", "detail": "fast_food" }, "geometry": { "type": "Point", "coordinates": [ 139.719838300000021, 35.6845521 ] } },
{ "type": "Feature", "properties": { "amenity_id": 718, "kind": "shop", "name": "RED CHILI", "detail": "restaurant" }, "geometry": { "type": "Point", "coordinates": [ 139.71974130000001, 35.6838692 ] } },
{ "type": "Feature", "properties": { "amenity_id": 719, "kind": "shop", "name": "しなのCafe", "detail": "cafe" }, "geometry": { "type": "Point", "coordinates": [ 139.719613900000013, 35.6840391 ] } },
{ "type": "Feature", "properties": { "amenity_id": 720, "kind": "shop", "name": "サンエトワール", "detail": "bakery" }, "geometry": { "type": "Point", "coordinates": [ 139.7197878, 35.6841104 ] } },
{ "type": "Feature", "properties": { "amenity_id": 721, "kind": "shop", "name": null, "detail": "restaurant" }, "geometry": { "type": "Point", "coordinates": [ 139.7197516, 35.683977600000013 ] } },
{ "type": "Feature", "properties": { "amenity_id": 722, "kind": "shop", "name": "ファミリーマート", "detail": "convenience" }, "geometry": { "type": "Point", "coordinates": [ 139.7194604, 35.6826349 ] } },
{ "type": "Feature", "properties": { "amenity_id": 723, "kind": "shop", "name": "ポニー", "detail": "dry_cleaning" }, "geometry": { "type": "Point", "coordinates": [ 139.719810400000028, 35.6844665 ] } },
{ "type": "Feature", "properties": { "amenity_id": 724, "kind": "shop", "name": "尾張屋", "detail": "restaurant" }, "geometry": { "type": "Point", "coordinates": [ 139.7196759, 35.6835741 ] } },
{ "type": "Feature", "properties": { "amenity_id": 725, "kind": "shop", "name": "はくぶん", "detail": "restaurant" }, "geometry": { "type": "Point", "coordinates": [ 139.719692900000013, 35.681855 ] } },
{ "type": "Feature", "properties": { "amenity_id": 726, "kind": "shop", "name": "ハクバ", "detail": "restaurant" }, "geometry": { "type": "Point", "coordinates": [ 139.7191718, 35.6812289 ] } },
{ "type": "Feature", "properties": { "amenity_id": 727, "kind": "shop", "name": "ミニストップ", "detail": "convenience" }, "geometry": { "type": "Point", "coordinates": [ 139.719672300000013, 35.6810206 ] } },
{ "type": "Feature", "properties": { "amenity_id": 728, "kind": "shop", "name": "和食 山水", "detail": "restaurant" }, "geometry": { "type": "Point", "coordinates": [ 139.719614700000022, 35.6807822 ] } },
{ "type": "Feature", "properties": { "amenity_id": 729, "kind": "shop", "name": "大戸屋", "detail": "restaurant" }, "geometry": { "type": "Point", "coordinates": [ 139.698887, 35.69336 ] } },
{ "type": "Feature", "properties": { "amenity_id": 730, "kind": "shop", "name": "モスバーガー", "detail": "fast_food" }, "geometry": { "type": "Point", "coordinates": [ 139.6989012, 35.694620900000011 ] } },
{ "type": "Feature", "properties": { "amenity_id": 731, "kind": "shop", "name": "ファミリーマート", "detail": "convenience" }, "geometry": { "type": "Point", "coordinates": [ 139.69868, 35.69538 ] } },
{ "type": "Feature", "properties": { "amenity_id": 732, "kind": "shop", "name": "なか卯", "detail": "fast_food" }, "geometry": { "type": "Point", "coordinates": [ 139.6982055, 35.6956513 ] } },
{ "type": "Feature", "properties": { "amenity_id": 733, "kind": "shop", "name": "CoCo壱番屋", "detail": "restaurant" }, "geometry": { "type": "Point", "coordinates": [ 139.698311900000022, 35.696159800000011 ] } },
{ "type": "Feature", "properties": { "amenity_id": 734, "kind": "shop", "name": "純", "detail": "restaurant" }, "geometry": { "type": "Point", "coordinates": [ 139.696466, 35.699804 ] } },
{ "type": "Feature", "properties": { "amenity_id": 735, "kind": "shop", "name": "サイゼリヤ", "detail": "restaurant" }, "geometry": { "type": "Point", "coordinates": [ 139.695245100000022, 35.7024777 ] } },
{ "type": "Feature", "properties": { "amenity_id": 736, "kind": "shop", "name": "まいばすけっと", "detail": "supermarket" }, "geometry": { "type": "Point", "coordinates": [ 139.6949457, 35.7039143 ] } },
{ "type": "Feature", "properties": { "amenity_id": 737, "kind": "shop", "name": "松屋", "detail": "fast_food" }, "geometry": { "type": "Point", "coordinates": [ 139.7067289, 35.6918017 ] } },
{ "type": "Feature", "properties": { "amenity_id": 738, "kind": "shop", "name": "ローソン", "detail": "convenience" }, "geometry": { "type": "Point", "coordinates": [ 139.689659200000023, 35.6852302 ] } },
{ "type": "Feature", "properties": { "amenity_id": 739, "kind": "shop", "name": "ローソンストア100", "detail": "convenience" }, "geometry": { "type": "Point", "coordinates": [ 139.68945, 35.685572 ] } },
{ "type": "Feature", "properties": { "amenity_id": 740, "kind": "shop", "name": "日高屋", "detail": "fast_food" }, "geometry": { "type": "Point", "coordinates": [ 139.734836, 35.691798 ] } },
{ "type": "Feature", "properties": { "amenity_id": 741, "kind": "shop", "name": "松のや 西新宿店", "detail": "restaurant" }, "geometry": { "type": "Point", "coordinates": [ 139.69905780000002, 35.6943292 ] } },
{ "type": "Feature", "properties": { "amenity_id": 742, "kind": "shop", "name": "ファミリーマート", "detail": "convenience" }, "geometry": { "type": "Point", "coordinates": [ 139.728893, 35.685817 ] } },
{ "type": "Feature", "properties": { "amenity_id": 743, "kind": "shop", "name": "ファミリーマート", "detail": "convenience" }, "geometry": { "type": "Point", "coordinates": [ 139.723877900000019, 35.6879643 ] } },
{ "type": "Feature", "properties": { "amenity_id": 744, "kind": "shop", "name": "モスバーガー", "detail": "fast_food" }, "geometry": { "type": "Point", "coordinates": [ 139.716249200000021, 35.6872836 ] } },
{ "type": "Feature", "properties": { "amenity_id": 745, "kind": "shop", "name": "木の花庵", "detail": "restaurant" }, "geometry": { "type": "Point", "coordinates": [ 139.7118064, 35.7107236 ] } },
{ "type": "Feature", "properties": { "amenity_id": 746, "kind": "shop", "name": "YAMITUKI", "detail": "restaurant" }, "geometry": { "type": "Point", "coordinates": [ 139.7125976, 35.7108047 ] } },
{ "type": "Feature", "properties": { "amenity_id": 747, "kind": "shop", "name": "東北餃子房", "detail": "restaurant" }, "geometry": { "type": "Point", "coordinates": [ 139.71146, 35.7108713 ] } },
{ "type": "Feature", "properties": { "amenity_id": 748, "kind": "shop", "name": "エリナーズ", "detail": "restaurant" }, "geometry": { "type": "Point", "coordinates": [ 139.7119293, 35.7106323 ] } },
{ "type": "Feature", "properties": { "amenity_id": 749, "kind": "shop", "name": "Moriva Coffee", "detail": "cafe" }, "geometry": { "type": "Point", "coordinates": [ 139.72521, 35.687629 ] } },
{ "type": "Feature", "properties": { "amenity_id": 750, "kind": "shop", "name": "やよい軒", "detail": "restaurant" }, "geometry": { "type": "Point", "coordinates": [ 139.724859, 35.687725 ] } },
{ "type": "Feature", "properties": { "amenity_id": 751, "kind": "shop", "name": "ファミリーマート", "detail": "convenience" }, "geometry": { "type": "Point", "coordinates": [ 139.718801, 35.688077 ] } },
{ "type": "Feature", "properties": { "amenity_id": 752, "kind": "shop", "name": "バーガーキング", "detail": "fast_food" }, "geometry": { "type": "Point", "coordinates": [ 139.718692, 35.688052 ] } },
{ "type": "Feature", "properties": { "amenity_id": 753, "kind": "shop", "name": "弁天庵", "detail": "restaurant" }, "geometry": { "type": "Point", "coordinates": [ 139.720521, 35.687667 ] } },
{ "type": "Feature", "properties": { "amenity_id": 754, "kind": "shop", "name": "小諸そば", "detail": "fast_food" }, "geometry": { "type": "Point", "coordinates": [ 139.721561, 35.688319 ] } },
{ "type": "Feature", "properties": { "amenity_id": 755, "kind": "shop", "name": "Outsider", "detail": "bar" }, "geometry": { "type": "Point", "coordinates": [ 139.7085676, 35.7119692 ] } },
{ "type": "Feature", "properties": { "amenity_id": 756, "kind": "shop", "name": "ファミリーマート", "detail": "convenience" }, "geometry": { "type": "Point", "coordinates": [ 139.693145900000019, 35.686876 ] } },
{ "type": "Feature", "properties": { "amenity_id": 757, "kind": "shop", "name": "Kitchen こやま", "detail": "restaurant" }, "geometry": { "type": "Point", "coordinates": [ 139.712155, 35.710546 ] } },
{ "type": "Feature", "properties": { "amenity_id": 758, "kind": "shop", "name": "いろはにほへと", "detail": "restaurant" }, "geometry": { "type": "Point", "coordinates": [ 139.70183080000001, 35.6914761 ] } },
{ "type": "Feature", "properties": { "amenity_id": 759, "kind": "shop", "name": "ファミリーマート", "detail": "convenience" }, "geometry": { "type": "Point", "coordinates": [ 139.7128251, 35.6979396 ] } },
{ "type": "Feature", "properties": { "amenity_id": 760, "kind": "shop", "name": "マクドナルド", "detail": "fast_food" }, "geometry": { "type": "Point", "coordinates": [ 139.707687100000015, 35.6976863 ] } },
{ "type": "Feature", "properties": { "amenity_id": 761, "kind": "shop", "name": "タリーズコーヒー", "detail": "cafe" }, "geometry": { "type": "Point", "coordinates": [ 139.7071913, 35.6977776 ] } },
{ "type": "Feature", "properties": { "amenity_id": 762, "kind": "shop", "name": "ローソン", "detail": "convenience" }, "geometry": { "type": "Point", "coordinates": [ 139.7071928, 35.6976395 ] } },
{ "type": "Feature", "properties": { "amenity_id": 763, "kind": "shop", "name": "ローソン", "detail": "convenience" }, "geometry": { "type": "Point", "coordinates": [ 139.7043524, 35.6945096 ] } },
{ "type": "Feature", "properties": { "amenity_id": 764, "kind": "shop", "name": "ひまわり寿司", "detail": "restaurant" }, "geometry": { "type": "Point", "coordinates": [ 139.697511500000019, 35.688919200000015 ] } },
{ "type": "Feature", "properties": { "amenity_id": 765, "kind": "shop", "name": "Strawbery Fields", "detail": "cafe" }, "geometry": { "type": "Point", "coordinates": [ 139.693991400000016, 35.693777 ] } },
{ "type": "Feature", "properties": { "amenity_id": 766, "kind": "shop", "name": null, "detail": "fast_food" }, "geometry": { "type": "Point", "coordinates": [ 139.6940897, 35.6934478 ] } },
{ "type": "Feature", "properties": { "amenity_id": 767, "kind": "shop", "name": null, "detail": "hairdresser" }, "geometry": { "type": "Point", "coordinates": [ 139.6941416, 35.6935186 ] } },
{ "type": "Feature", "properties": { "amenity_id": 768, "kind": "shop", "name": null, "detail": "restaurant" }, "geometry": { "type": "Point", "coordinates": [ 139.69424380000001, 35.6936949 ] } },
{ "type": "Feature", "properties": { "amenity_id": 769, "kind": "shop", "name": "マクドナルド", "detail": "fast_food" }, "geometry": { "type": "Point", "coordinates": [ 139.694289600000019, 35.693778800000011 ] } },
{ "type": "Feature", "properties": { "amenity_id": 770, "kind": "shop", "name": "西新宿すしアカデミー", "detail": "restaurant" }, "geometry": { "type": "Point", "coordinates": [ 139.6941808, 35.6936052 ] } },
{ "type": "Feature", "properties": { "amenity_id": 771, "kind": "shop", "name": "青林堂", "detail": "convenience" }, "geometry": { "type": "Point", "coordinates": [ 139.693360400000017, 35.693980700000012 ] } },
{ "type": "Feature", "properties": { "amenity_id": 772, "kind": "shop", "name": "ファミリーマート", "detail": "convenience" }, "geometry": { "type": "Point", "coordinates": [ 139.677984900000013, 35.723849399999985 ] } },
{ "type": "Feature", "properties": { "amenity_id": 773, "kind": "shop", "name": "C&C Curry", "detail": "fast_food" }, "geometry": { "type": "Point", "coordinates": [ 139.691046700000015, 35.6947896 ] } },
{ "type": "Feature", "properties": { "amenity_id": 774, "kind": "shop", "name": "こみね", "detail": "restaurant" }, "geometry": { "type": "Point", "coordinates": [ 139.690901700000012, 35.6948374 ] } },
{ "type": "Feature", "properties": { "amenity_id": 775, "kind": "shop", "name": "もうやんカレー", "detail": "fast_food" }, "geometry": { "type": "Point", "coordinates": [ 139.690562, 35.6953156 ] } },
{ "type": "Feature", "properties": { "amenity_id": 776, "kind": "shop", "name": "昌平", "detail": "fast_food" }, "geometry": { "type": "Point", "coordinates": [ 139.690827500000012, 35.694856 ] } },
{ "type": "Feature", "properties": { "amenity_id": 777, "kind": "shop", "name": "松屋", "detail": "fast_food" }, "geometry": { "type": "Point", "coordinates": [ 139.68570840000001, 35.6905585 ] } },
{ "type": "Feature", "properties": { "amenity_id": 778, "kind": "shop", "name": "ファミリーマート", "detail": "convenience" }, "geometry": { "type": "Point", "coordinates": [ 139.7077133, 35.6948439 ] } },
{ "type": "Feature", "properties": { "amenity_id": 779, "kind": "shop", "name": "ファミリーマート", "detail": "convenience" }, "geometry": { "type": "Point", "coordinates": [ 139.706614300000012, 35.6947373 ] } },
{ "type": "Feature", "properties": { "amenity_id": 780, "kind": "shop", "name": "坂井精肉店", "detail": "restaurant" }, "geometry": { "type": "Point", "coordinates": [ 139.7094241, 35.711741700000012 ] } },
{ "type": "Feature", "properties": { "amenity_id": 781, "kind": "shop", "name": "セブン-イレブン", "detail": "convenience" }, "geometry": { "type": "Point", "coordinates": [ 139.736356400000034, 35.70094850000001 ] } },
{ "type": "Feature", "properties": { "amenity_id": 782, "kind": "shop", "name": "キッチンコート", "detail": "supermarket" }, "geometry": { "type": "Point", "coordinates": [ 139.734739, 35.7006609 ] } },
{ "type": "Feature", "properties": { "amenity_id": 783, "kind": "shop", "name": "HAIR SALON SUZUKI", "detail": "hairdresser" }, "geometry": { "type": "Point", "coordinates": [ 139.698882, 35.6997692 ] } },
{ "type": "Feature", "properties": { "amenity_id": 784, "kind": "shop", "name": "ふる里", "detail": "restaurant" }, "geometry": { "type": "Point", "coordinates": [ 139.6985008, 35.699784 ] } },
{ "type": "Feature", "properties": { "amenity_id": 785, "kind": "shop", "name": "スーパーマーケット　リコス", "detail": "convenience" }, "geometry": { "type": "Point", "coordinates": [ 139.699571500000019, 35.6997543 ] } },
{ "type": "Feature", "properties": { "amenity_id": 786, "kind": "shop", "name": "ピエロ", "detail": "bakery" }, "geometry": { "type": "Point", "coordinates": [ 139.69972850000002, 35.699748 ] } },
{ "type": "Feature", "properties": { "amenity_id": 787, "kind": "shop", "name": "KUBOSTA COFFEE", "detail": "cafe" }, "geometry": { "type": "Point", "coordinates": [ 139.701996900000012, 35.6991292 ] } },
{ "type": "Feature", "properties": { "amenity_id": 788, "kind": "shop", "name": "すみび", "detail": "restaurant" }, "geometry": { "type": "Point", "coordinates": [ 139.701719600000018, 35.6996738 ] } },
{ "type": "Feature", "properties": { "amenity_id": 789, "kind": "shop", "name": "チャムナム家", "detail": "restaurant" }, "geometry": { "type": "Point", "coordinates": [ 139.7017712, 35.6996724 ] } },
{ "type": "Feature", "properties": { "amenity_id": 790, "kind": "shop", "name": null, "detail": "bar" }, "geometry": { "type": "Point", "coordinates": [ 139.7020617, 35.6991266 ] } },
{ "type": "Feature", "properties": { "amenity_id": 791, "kind": "shop", "name": null, "detail": "laundry" }, "geometry": { "type": "Point", "coordinates": [ 139.702064800000016, 35.6996456 ] } },
{ "type": "Feature", "properties": { "amenity_id": 792, "kind": "shop", "name": "辰家", "detail": "restaurant" }, "geometry": { "type": "Point", "coordinates": [ 139.701853, 35.6996702 ] } },
{ "type": "Feature", "properties": { "amenity_id": 793, "kind": "shop", "name": "ハンス", "detail": "restaurant" }, "geometry": { "type": "Point", "coordinates": [ 139.702059600000013, 35.6991582 ] } },
{ "type": "Feature", "properties": { "amenity_id": 794, "kind": "shop", "name": "釜山食堂", "detail": "restaurant" }, "geometry": { "type": "Point", "coordinates": [ 139.702136, 35.6996395 ] } },
{ "type": "Feature", "properties": { "amenity_id": 795, "kind": "shop", "name": "ジョンノ本家", "detail": "restaurant" }, "geometry": { "type": "Point", "coordinates": [ 139.7019904, 35.6983751 ] } },
{ "type": "Feature", "properties": { "amenity_id": 796, "kind": "shop", "name": "Pink", "detail": "clothes" }, "geometry": { "type": "Point", "coordinates": [ 139.703495, 35.69839 ] } },
{ "type": "Feature", "properties": { "amenity_id": 797, "kind": "shop", "name": "カ・ナ・ダ・ラ", "detail": "restaurant" }, "geometry": { "type": "Point", "coordinates": [ 139.7036338, 35.698418 ] } },
{ "type": "Feature", "properties": { "amenity_id": 798, "kind": "shop", "name": "ガスト", "detail": "restaurant" }, "geometry": { "type": "Point", "coordinates": [ 139.7032706, 35.6984076 ] } },
{ "type": "Feature", "properties": { "amenity_id": 799, "kind": "shop", "name": "ジョンノ福餅屋", "detail": "restaurant" }, "geometry": { "type": "Point", "coordinates": [ 139.7027363, 35.6983304 ] } },
{ "type": "Feature", "properties": { "amenity_id": 800, "kind": "shop", "name": "パリ美容室", "detail": "hairdresser" }, "geometry": { "type": "Point", "coordinates": [ 139.703435, 35.6984342 ] } },
{ "type": "Feature", "properties": { "amenity_id": 801, "kind": "shop", "name": "ワールドカップ", "detail": "restaurant" }, "geometry": { "type": "Point", "coordinates": [ 139.704170300000015, 35.6984527 ] } },
{ "type": "Feature", "properties": { "amenity_id": 802, "kind": "shop", "name": "両班", "detail": "restaurant" }, "geometry": { "type": "Point", "coordinates": [ 139.70425640000002, 35.6984518 ] } },
{ "type": "Feature", "properties": { "amenity_id": 803, "kind": "shop", "name": "新宿飯店", "detail": "restaurant" }, "geometry": { "type": "Point", "coordinates": [ 139.703784900000016, 35.6984166 ] } },
{ "type": "Feature", "properties": { "amenity_id": 804, "kind": "shop", "name": "明洞のり巻", "detail": "restaurant" }, "geometry": { "type": "Point", "coordinates": [ 139.7034195, 35.69839 ] } },
{ "type": "Feature", "properties": { "amenity_id": 805, "kind": "shop", "name": "業務スーパー", "detail": "supermarket" }, "geometry": { "type": "Point", "coordinates": [ 139.703947600000021, 35.6984351 ] } },
{ "type": "Feature", "properties": { "amenity_id": 806, "kind": "shop", "name": "ファミリーマート", "detail": "convenience" }, "geometry": { "type": "Point", "coordinates": [ 139.704938200000015, 35.698427100000011 ] } },
{ "type": "Feature", "properties": { "amenity_id": 807, "kind": "shop", "name": "セブン-イレブン", "detail": "convenience" }, "geometry": { "type": "Point", "coordinates": [ 139.7063455, 35.6982616 ] } },
{ "type": "Feature", "properties": { "amenity_id": 808, "kind": "shop", "name": null, "detail": "dry_cleaning" }, "geometry": { "type": "Point", "coordinates": [ 139.7052869, 35.6983825 ] } },
{ "type": "Feature", "properties": { "amenity_id": 809, "kind": "shop", "name": null, "detail": "supermarket" }, "geometry": { "type": "Point", "coordinates": [ 139.704639400000019, 35.698491700000019 ] } },
{ "type": "Feature", "properties": { "amenity_id": 810, "kind": "shop", "name": "免税店", "detail": "supermarket" }, "geometry": { "type": "Point", "coordinates": [ 139.705480200000011, 35.6983708 ] } },
{ "type": "Feature", "properties": { "amenity_id": 811, "kind": "shop", "name": "CoCo壱番屋", "detail": "restaurant" }, "geometry": { "type": "Point", "coordinates": [ 139.7070974, 35.6981442 ] } },
{ "type": "Feature", "properties": { "amenity_id": 812, "kind": "shop", "name": null, "detail": "restaurant" }, "geometry": { "type": "Point", "coordinates": [ 139.7070089, 35.6981521 ] } },
{ "type": "Feature", "properties": { "amenity_id": 813, "kind": "shop", "name": "マルエツ", "detail": "supermarket" }, "geometry": { "type": "Point", "coordinates": [ 139.708569800000021, 35.6959451 ] } },
{ "type": "Feature", "properties": { "amenity_id": 814, "kind": "shop", "name": "Zara", "detail": "clothes" }, "geometry": { "type": "Point", "coordinates": [ 139.702278400000012, 35.6911757 ] } },
{ "type": "Feature", "properties": { "amenity_id": 815, "kind": "shop", "name": "扇寿司", "detail": "restaurant" }, "geometry": { "type": "Point", "coordinates": [ 139.702134600000022, 35.6904208 ] } },
{ "type": "Feature", "properties": { "amenity_id": 816, "kind": "shop", "name": "松屋", "detail": "fast_food" }, "geometry": { "type": "Point", "coordinates": [ 139.70210560000001, 35.690282100000012 ] } },
{ "type": "Feature", "properties": { "amenity_id": 817, "kind": "shop", "name": "佐登", "detail": "restaurant" }, "geometry": { "type": "Point", "coordinates": [ 139.675113900000014, 35.7201395 ] } },
{ "type": "Feature", "properties": { "amenity_id": 818, "kind": "shop", "name": "アグニ", "detail": "restaurant" }, "geometry": { "type": "Point", "coordinates": [ 139.677766600000012, 35.7204253 ] } },
{ "type": "Feature", "properties": { "amenity_id": 819, "kind": "shop", "name": "ごんタコ", "detail": "fast_food" }, "geometry": { "type": "Point", "coordinates": [ 139.677680800000019, 35.7204384 ] } },
{ "type": "Feature", "properties": { "amenity_id": 820, "kind": "shop", "name": "佐野洋品店", "detail": "clothes" }, "geometry": { "type": "Point", "coordinates": [ 139.678077700000017, 35.7204057 ] } },
{ "type": "Feature", "properties": { "amenity_id": 821, "kind": "shop", "name": "Sasa", "detail": "restaurant" }, "geometry": { "type": "Point", "coordinates": [ 139.674753800000019, 35.7202642 ] } },
{ "type": "Feature", "properties": { "amenity_id": 822, "kind": "shop", "name": "栃尾", "detail": "restaurant" }, "geometry": { "type": "Point", "coordinates": [ 139.675247400000018, 35.7202483 ] } },
{ "type": "Feature", "properties": { "amenity_id": 823, "kind": "shop", "name": "ファミリーマート", "detail": "convenience" }, "geometry": { "type": "Point", "coordinates": [ 139.6850139, 35.7226595 ] } },
{ "type": "Feature", "properties": { "amenity_id": 824, "kind": "shop", "name": "コープ", "detail": "supermarket" }, "geometry": { "type": "Point", "coordinates": [ 139.683613800000018, 35.7227314 ] } },
{ "type": "Feature", "properties": { "amenity_id": 825, "kind": "shop", "name": "京正’", "detail": "restaurant" }, "geometry": { "type": "Point", "coordinates": [ 139.6821118, 35.7222197 ] } },
{ "type": "Feature", "properties": { "amenity_id": 826, "kind": "shop", "name": "ふじや", "detail": "restaurant" }, "geometry": { "type": "Point", "coordinates": [ 139.6820447, 35.7222001 ] } },
{ "type": "Feature", "properties": { "amenity_id": 827, "kind": "shop", "name": "psmarket.jp/", "detail": "clothes" }, "geometry": { "type": "Point", "coordinates": [ 139.682792800000016, 35.7226036 ] } },
{ "type": "Feature", "properties": { "amenity_id": 828, "kind": "shop", "name": "エシャロット", "detail": "restaurant" }, "geometry": { "type": "Point", "coordinates": [ 139.682154700000012, 35.7222327 ] } },
{ "type": "Feature", "properties": { "amenity_id": 829, "kind": "shop", "name": "クリーニングサンシャイン", "detail": "dry_cleaning" }, "geometry": { "type": "Point", "coordinates": [ 139.678708, 35.7214357 ] } },
{ "type": "Feature", "properties": { "amenity_id": 830, "kind": "shop", "name": "ピザポケット", "detail": "fast_food" }, "geometry": { "type": "Point", "coordinates": [ 139.678887800000012, 35.7214488 ] } },
{ "type": "Feature", "properties": { "amenity_id": 831, "kind": "shop", "name": "坂上", "detail": "restaurant" }, "geometry": { "type": "Point", "coordinates": [ 139.6796012, 35.7219736 ] } },
{ "type": "Feature", "properties": { "amenity_id": 832, "kind": "shop", "name": "サイゼリヤ", "detail": "restaurant" }, "geometry": { "type": "Point", "coordinates": [ 139.679896400000018, 35.7232486 ] } },
{ "type": "Feature", "properties": { "amenity_id": 833, "kind": "shop", "name": null, "detail": "dry_cleaning" }, "geometry": { "type": "Point", "coordinates": [ 139.6791613, 35.72033170000001 ] } },
{ "type": "Feature", "properties": { "amenity_id": 834, "kind": "shop", "name": null, "detail": "restaurant" }, "geometry": { "type": "Point", "coordinates": [ 139.6790862, 35.7203426 ] } },
{ "type": "Feature", "properties": { "amenity_id": 835, "kind": "shop", "name": "Ark", "detail": "hairdresser" }, "geometry": { "type": "Point", "coordinates": [ 139.678753600000022, 35.7205277 ] } },
{ "type": "Feature", "properties": { "amenity_id": 836, "kind": "shop", "name": "ローソンストア100", "detail": "convenience" }, "geometry": { "type": "Point", "coordinates": [ 139.678713400000021, 35.7212724 ] } },
{ "type": "Feature", "properties": { "amenity_id": 837, "kind": "shop", "name": "松屋", "detail": "fast_food" }, "geometry": { "type": "Point", "coordinates": [ 139.6995243, 35.6933741 ] } },
{ "type": "Feature", "properties": { "amenity_id": 838, "kind": "shop", "name": "壱角家", "detail": "fast_food" }, "geometry": { "type": "Point", "coordinates": [ 139.683641, 35.7229044 ] } },
{ "type": "Feature", "properties": { "amenity_id": 839, "kind": "shop", "name": "ローソン", "detail": "convenience" }, "geometry": { "type": "Point", "coordinates": [ 139.6833437, 35.7230559 ] } },
{ "type": "Feature", "properties": { "amenity_id": 840, "kind": "shop", "name": "ファミリーマート", "detail": "convenience" }, "geometry": { "type": "Point", "coordinates": [ 139.6872343, 35.7227622 ] } },
{ "type": "Feature", "properties": { "amenity_id": 841, "kind": "shop", "name": "セブン-イレブン", "detail": "convenience" }, "geometry": { "type": "Point", "coordinates": [ 139.691576700000013, 35.722314 ] } },
{ "type": "Feature", "properties": { "amenity_id": 842, "kind": "shop", "name": "ファミリーマート", "detail": "convenience" }, "geometry": { "type": "Point", "coordinates": [ 139.704558100000014, 35.7227357 ] } },
{ "type": "Feature", "properties": { "amenity_id": 843, "kind": "shop", "name": "ローソン", "detail": "convenience" }, "geometry": { "type": "Point", "coordinates": [ 139.73212030000002, 35.6996297 ] } },
{ "type": "Feature", "properties": { "amenity_id": 844, "kind": "shop", "name": "The tee tokyo", "detail": "cafe" }, "geometry": { "type": "Point", "coordinates": [ 139.7326243, 35.699849 ] } },
{ "type": "Feature", "properties": { "amenity_id": 845, "kind": "shop", "name": "セブン-イレブン", "detail": "convenience" }, "geometry": { "type": "Point", "coordinates": [ 139.732916900000021, 35.6999217 ] } },
{ "type": "Feature", "properties": { "amenity_id": 846, "kind": "shop", "name": "龍栄", "detail": "restaurant" }, "geometry": { "type": "Point", "coordinates": [ 139.696314, 35.7150186 ] } },
{ "type": "Feature", "properties": { "amenity_id": 847, "kind": "shop", "name": "萬年屋", "detail": "clothes" }, "geometry": { "type": "Point", "coordinates": [ 139.689322700000019, 35.6858155 ] } },
{ "type": "Feature", "properties": { "amenity_id": 848, "kind": "shop", "name": "感麺道", "detail": "restaurant" }, "geometry": { "type": "Point", "coordinates": [ 139.703192800000011, 35.7161681 ] } },
{ "type": "Feature", "properties": { "amenity_id": 849, "kind": "shop", "name": "Segafredo", "detail": "cafe" }, "geometry": { "type": "Point", "coordinates": [ 139.703394, 35.6907238 ] } },
{ "type": "Feature", "properties": { "amenity_id": 850, "kind": "shop", "name": "ハモロダイニング", "detail": "restaurant" }, "geometry": { "type": "Point", "coordinates": [ 139.705571, 35.6983754 ] } },
{ "type": "Feature", "properties": { "amenity_id": 851, "kind": "shop", "name": "Asia Superstore", "detail": "supermarket" }, "geometry": { "type": "Point", "coordinates": [ 139.7054598, 35.6984164 ] } },
{ "type": "Feature", "properties": { "amenity_id": 852, "kind": "shop", "name": "餃子工房", "detail": "restaurant" }, "geometry": { "type": "Point", "coordinates": [ 139.741503, 35.705848 ] } },
{ "type": "Feature", "properties": { "amenity_id": 853, "kind": "shop", "name": "ファミリーマート", "detail": "convenience" }, "geometry": { "type": "Point", "coordinates": [ 139.701749300000017, 35.6939634 ] } },
{ "type": "Feature", "properties": { "amenity_id": 854, "kind": "shop", "name": "ファミリーマート", "detail": "convenience" }, "geometry": { "type": "Point", "coordinates": [ 139.7022077, 35.6946593 ] } },
{ "type": "Feature", "properties": { "amenity_id": 855, "kind": "shop", "name": "中華風 海老専家", "detail": "restaurant" }, "geometry": { "type": "Point", "coordinates": [ 139.740283, 35.703249 ] } },
{ "type": "Feature", "properties": { "amenity_id": 856, "kind": "shop", "name": "ねぎし", "detail": "restaurant" }, "geometry": { "type": "Point", "coordinates": [ 139.7049551, 35.7136592 ] } },
{ "type": "Feature", "properties": { "amenity_id": 857, "kind": "shop", "name": "ガスト", "detail": "restaurant" }, "geometry": { "type": "Point", "coordinates": [ 139.7050534, 35.7130329 ] } },
{ "type": "Feature", "properties": { "amenity_id": 858, "kind": "shop", "name": "サイゼリヤ", "detail": "restaurant" }, "geometry": { "type": "Point", "coordinates": [ 139.70515690000002, 35.7130667 ] } },
{ "type": "Feature", "properties": { "amenity_id": 859, "kind": "shop", "name": "セブン-イレブン", "detail": "convenience" }, "geometry": { "type": "Point", "coordinates": [ 139.7049328, 35.71359 ] } },
{ "type": "Feature", "properties": { "amenity_id": 860, "kind": "shop", "name": "バーガーキング", "detail": "fast_food" }, "geometry": { "type": "Point", "coordinates": [ 139.704669, 35.7123779 ] } },
{ "type": "Feature", "properties": { "amenity_id": 861, "kind": "shop", "name": "Martiniburger", "detail": "restaurant" }, "geometry": { "type": "Point", "coordinates": [ 139.731089200000014, 35.70559080000001 ] } },
{ "type": "Feature", "properties": { "amenity_id": 862, "kind": "shop", "name": "美々卯", "detail": "restaurant" }, "geometry": { "type": "Point", "coordinates": [ 139.701314700000012, 35.6903969 ] } },
{ "type": "Feature", "properties": { "amenity_id": 863, "kind": "shop", "name": "きづなすし", "detail": "restaurant" }, "geometry": { "type": "Point", "coordinates": [ 139.696802, 35.689924 ] } },
{ "type": "Feature", "properties": { "amenity_id": 864, "kind": "shop", "name": "エクセルシオール カフェ", "detail": "cafe" }, "geometry": { "type": "Point", "coordinates": [ 139.6963072, 35.6931573 ] } },
{ "type": "Feature", "properties": { "amenity_id": 865, "kind": "shop", "name": "昌平", "detail": "fast_food" }, "geometry": { "type": "Point", "coordinates": [ 139.6964984, 35.693530700000011 ] } },
{ "type": "Feature", "properties": { "amenity_id": 866, "kind": "shop", "name": "牛角", "detail": "restaurant" }, "geometry": { "type": "Point", "coordinates": [ 139.69782, 35.6940599 ] } },
{ "type": "Feature", "properties": { "amenity_id": 867, "kind": "shop", "name": "ファミリーマート", "detail": "convenience" }, "geometry": { "type": "Point", "coordinates": [ 139.697593900000015, 35.6938264 ] } },
{ "type": "Feature", "properties": { "amenity_id": 868, "kind": "shop", "name": "カフェ・ベローチェ", "detail": "cafe" }, "geometry": { "type": "Point", "coordinates": [ 139.6978048, 35.6937674 ] } },
{ "type": "Feature", "properties": { "amenity_id": 869, "kind": "shop", "name": "回転寿司", "detail": "restaurant" }, "geometry": { "type": "Point", "coordinates": [ 139.698926, 35.693419 ] } },
{ "type": "Feature", "properties": { "amenity_id": 870, "kind": "shop", "name": "セブン-イレブン", "detail": "convenience" }, "geometry": { "type": "Point", "coordinates": [ 139.6915444, 35.6965871 ] } },
{ "type": "Feature", "properties": { "amenity_id": 871, "kind": "shop", "name": "サンマルクカフェ", "detail": "cafe" }, "geometry": { "type": "Point", "coordinates": [ 139.690992600000015, 35.6965502 ] } },
{ "type": "Feature", "properties": { "amenity_id": 872, "kind": "shop", "name": "セブン-イレブン", "detail": "convenience" }, "geometry": { "type": "Point", "coordinates": [ 139.6888179, 35.69548 ] } },
{ "type": "Feature", "properties": { "amenity_id": 873, "kind": "shop", "name": "がんこ 新宿", "detail": "restaurant" }, "geometry": { "type": "Point", "coordinates": [ 139.706532, 35.6990825 ] } },
{ "type": "Feature", "properties": { "amenity_id": 874, "kind": "shop", "name": "ローソン", "detail": "convenience" }, "geometry": { "type": "Point", "coordinates": [ 139.7176561, 35.699241400000012 ] } },
{ "type": "Feature", "properties": { "amenity_id": 875, "kind": "shop", "name": "ライフ", "detail": "supermarket" }, "geometry": { "type": "Point", "coordinates": [ 139.718876600000016, 35.6998033 ] } },
{ "type": "Feature", "properties": { "amenity_id": 876, "kind": "shop", "name": "セブン-イレブン", "detail": "convenience" }, "geometry": { "type": "Point", "coordinates": [ 139.719678500000015, 35.699873 ] } },
{ "type": "Feature", "properties": { "amenity_id": 877, "kind": "shop", "name": "国産牛焼肉ふうふう亭JAPAN", "detail": "restaurant" }, "geometry": { "type": "Point", "coordinates": [ 139.700531500000011, 35.69449680000001 ] } },
{ "type": "Feature", "properties": { "amenity_id": 878, "kind": "shop", "name": "NE'Co", "detail": "restaurant" }, "geometry": { "type": "Point", "coordinates": [ 139.719722, 35.711254 ] } },
{ "type": "Feature", "properties": { "amenity_id": 879, "kind": "shop", "name": "JAZZ NUTTY", "detail": "cafe" }, "geometry": { "type": "Point", "coordinates": [ 139.719744, 35.711225 ] } },
{ "type": "Feature", "properties": { "amenity_id": 880, "kind": "shop", "name": "にこにこ", "detail": "restaurant" }, "geometry": { "type": "Point", "coordinates": [ 139.719835, 35.71047 ] } },
{ "type": "Feature", "properties": { "amenity_id": 881, "kind": "shop", "name": "キッチン ミキ", "detail": "restaurant" }, "geometry": { "type": "Point", "coordinates": [ 139.719205, 35.710818 ] } },
{ "type": "Feature", "properties": { "amenity_id": 882, "kind": "shop", "name": "こだわり屋", "detail": "restaurant" }, "geometry": { "type": "Point", "coordinates": [ 139.719028, 35.710757 ] } },
{ "type": "Feature", "properties": { "amenity_id": 883, "kind": "shop", "name": "丸実商店", "detail": "clothes" }, "geometry": { "type": "Point", "coordinates": [ 139.712296, 35.710348 ] } },
{ "type": "Feature", "properties": { "amenity_id": 884, "kind": "shop", "name": "AOKI", "detail": "clothes" }, "geometry": { "type": "Point", "coordinates": [ 139.710171, 35.711298 ] } },
{ "type": "Feature", "properties": { "amenity_id": 885, "kind": "shop", "name": "ファミリーマート", "detail": "convenience" }, "geometry": { "type": "Point", "coordinates": [ 139.7333634, 35.7041221 ] } },
{ "type": "Feature", "properties": { "amenity_id": 886, "kind": "shop", "name": "esogie", "detail": "restaurant" }, "geometry": { "type": "Point", "coordinates": [ 139.7064134, 35.691573 ] } },
{ "type": "Feature", "properties": { "amenity_id": 887, "kind": "shop", "name": "Italian Tomato Cafe Jr.", "detail": "restaurant" }, "geometry": { "type": "Point", "coordinates": [ 139.7001218, 35.6959403 ] } },
{ "type": "Feature", "properties": { "amenity_id": 888, "kind": "shop", "name": "ローソン", "detail": "convenience" }, "geometry": { "type": "Point", "coordinates": [ 139.7203912, 35.6862024 ] } },
{ "type": "Feature", "properties": { "amenity_id": 889, "kind": "shop", "name": "ミニストップ", "detail": "convenience" }, "geometry": { "type": "Point", "coordinates": [ 139.72032470000002, 35.6852705 ] } },
{ "type": "Feature", "properties": { "amenity_id": 890, "kind": "shop", "name": "松屋", "detail": "fast_food" }, "geometry": { "type": "Point", "coordinates": [ 139.720496800000035, 35.6873013 ] } },
{ "type": "Feature", "properties": { "amenity_id": 891, "kind": "shop", "name": "カフェ・ベローチェ", "detail": "cafe" }, "geometry": { "type": "Point", "coordinates": [ 139.7106, 35.711248 ] } },
{ "type": "Feature", "properties": { "amenity_id": 892, "kind": "shop", "name": "サブウェイ", "detail": "fast_food" }, "geometry": { "type": "Point", "coordinates": [ 139.719713800000022, 35.705903 ] } },
{ "type": "Feature", "properties": { "amenity_id": 893, "kind": "shop", "name": "セブン-イレブン", "detail": "convenience" }, "geometry": { "type": "Point", "coordinates": [ 139.7097415, 35.7117192 ] } },
{ "type": "Feature", "properties": { "amenity_id": 894, "kind": "shop", "name": "セブン-イレブン", "detail": "convenience" }, "geometry": { "type": "Point", "coordinates": [ 139.705690700000019, 35.713199800000012 ] } },
{ "type": "Feature", "properties": { "amenity_id": 895, "kind": "shop", "name": "ドトールコーヒーショップ", "detail": "cafe" }, "geometry": { "type": "Point", "coordinates": [ 139.719, 35.706299 ] } },
{ "type": "Feature", "properties": { "amenity_id": 896, "kind": "shop", "name": "ファミリーマート", "detail": "convenience" }, "geometry": { "type": "Point", "coordinates": [ 139.71604, 35.709337 ] } },
{ "type": "Feature", "properties": { "amenity_id": 897, "kind": "shop", "name": "ファミリーマート", "detail": "convenience" }, "geometry": { "type": "Point", "coordinates": [ 139.70791, 35.711716 ] } },
{ "type": "Feature", "properties": { "amenity_id": 898, "kind": "shop", "name": "ファミリーマート", "detail": "convenience" }, "geometry": { "type": "Point", "coordinates": [ 139.70665, 35.712671 ] } },
{ "type": "Feature", "properties": { "amenity_id": 899, "kind": "shop", "name": "マクドナルド", "detail": "fast_food" }, "geometry": { "type": "Point", "coordinates": [ 139.719499900000017, 35.705986700000011 ] } },
{ "type": "Feature", "properties": { "amenity_id": 900, "kind": "shop", "name": "モスバーガー", "detail": "fast_food" }, "geometry": { "type": "Point", "coordinates": [ 139.7192962, 35.7060783 ] } },
{ "type": "Feature", "properties": { "amenity_id": 901, "kind": "shop", "name": "ローソン", "detail": "convenience" }, "geometry": { "type": "Point", "coordinates": [ 139.72022, 35.706059 ] } },
{ "type": "Feature", "properties": { "amenity_id": 902, "kind": "shop", "name": "ローソンストア100", "detail": "convenience" }, "geometry": { "type": "Point", "coordinates": [ 139.71112, 35.71106 ] } },
{ "type": "Feature", "properties": { "amenity_id": 903, "kind": "shop", "name": "三徳", "detail": "supermarket" }, "geometry": { "type": "Point", "coordinates": [ 139.72084, 35.706016 ] } },
{ "type": "Feature", "properties": { "amenity_id": 904, "kind": "shop", "name": "三徳", "detail": "supermarket" }, "geometry": { "type": "Point", "coordinates": [ 139.71473, 35.709894 ] } },
{ "type": "Feature", "properties": { "amenity_id": 905, "kind": "shop", "name": "松屋", "detail": "fast_food" }, "geometry": { "type": "Point", "coordinates": [ 139.71916, 35.706555 ] } },
{ "type": "Feature", "properties": { "amenity_id": 906, "kind": "shop", "name": "松屋", "detail": "fast_food" }, "geometry": { "type": "Point", "coordinates": [ 139.70960740000001, 35.7117329 ] } },
{ "type": "Feature", "properties": { "amenity_id": 907, "kind": "shop", "name": "ローソン", "detail": "convenience" }, "geometry": { "type": "Point", "coordinates": [ 139.70434, 35.712156 ] } },
{ "type": "Feature", "properties": { "amenity_id": 908, "kind": "shop", "name": "バリバリ鶏", "detail": "restaurant" }, "geometry": { "type": "Point", "coordinates": [ 139.70459, 35.712128 ] } },
{ "type": "Feature", "properties": { "amenity_id": 909, "kind": "shop", "name": "天下一品", "detail": "restaurant" }, "geometry": { "type": "Point", "coordinates": [ 139.71155, 35.711207 ] } },
{ "type": "Feature", "properties": { "amenity_id": 910, "kind": "shop", "name": "てんや", "detail": "fast_food" }, "geometry": { "type": "Point", "coordinates": [ 139.7188, 35.70642 ] } },
{ "type": "Feature", "properties": { "amenity_id": 911, "kind": "shop", "name": "心バ", "detail": "fast_food" }, "geometry": { "type": "Point", "coordinates": [ 139.71359, 35.709783 ] } },
{ "type": "Feature", "properties": { "amenity_id": 912, "kind": "shop", "name": "華屋与兵衛", "detail": "restaurant" }, "geometry": { "type": "Point", "coordinates": [ 139.70992, 35.711891 ] } },
{ "type": "Feature", "properties": { "amenity_id": 913, "kind": "shop", "name": "ファミリーマート", "detail": "convenience" }, "geometry": { "type": "Point", "coordinates": [ 139.691960100000017, 35.697317500000011 ] } },
{ "type": "Feature", "properties": { "amenity_id": 914, "kind": "shop", "name": "セブン-イレブン", "detail": "convenience" }, "geometry": { "type": "Point", "coordinates": [ 139.71625480000003, 35.6983988 ] } },
{ "type": "Feature", "properties": { "amenity_id": 915, "kind": "shop", "name": "ファミリーマート", "detail": "convenience" }, "geometry": { "type": "Point", "coordinates": [ 139.702744200000012, 35.6980022 ] } },
{ "type": "Feature", "properties": { "amenity_id": 916, "kind": "shop", "name": "焼き 万歳", "detail": "restaurant" }, "geometry": { "type": "Point", "coordinates": [ 139.6996473, 35.7000135 ] } },
{ "type": "Feature", "properties": { "amenity_id": 917, "kind": "shop", "name": "ローソン", "detail": "convenience" }, "geometry": { "type": "Point", "coordinates": [ 139.703209900000019, 35.71646530000001 ] } },
{ "type": "Feature", "properties": { "amenity_id": 918, "kind": "shop", "name": "セブン-イレブン", "detail": "convenience" }, "geometry": { "type": "Point", "coordinates": [ 139.700617600000015, 35.7158142 ] } },
{ "type": "Feature", "properties": { "amenity_id": 919, "kind": "shop", "name": "ミスタードーナツ", "detail": "fast_food" }, "geometry": { "type": "Point", "coordinates": [ 139.7036965, 35.6933048 ] } },
{ "type": "Feature", "properties": { "amenity_id": 920, "kind": "shop", "name": "ローソン", "detail": "convenience" }, "geometry": { "type": "Point", "coordinates": [ 139.704385800000011, 35.693097900000012 ] } },
{ "type": "Feature", "properties": { "amenity_id": 921, "kind": "shop", "name": "ローソン", "detail": "convenience" }, "geometry": { "type": "Point", "coordinates": [ 139.714344800000021, 35.6910349 ] } },
{ "type": "Feature", "properties": { "amenity_id": 922, "kind": "shop", "name": "ファミリーマート", "detail": "convenience" }, "geometry": { "type": "Point", "coordinates": [ 139.716147300000017, 35.6872204 ] } },
{ "type": "Feature", "properties": { "amenity_id": 923, "kind": "shop", "name": "ファミリーマート", "detail": "convenience" }, "geometry": { "type": "Point", "coordinates": [ 139.722358900000017, 35.6922038 ] } },
{ "type": "Feature", "properties": { "amenity_id": 924, "kind": "shop", "name": "ローソン", "detail": "convenience" }, "geometry": { "type": "Point", "coordinates": [ 139.7261354, 35.6917812 ] } },
{ "type": "Feature", "properties": { "amenity_id": 925, "kind": "shop", "name": "ローソン", "detail": "convenience" }, "geometry": { "type": "Point", "coordinates": [ 139.730161400000014, 35.6908815 ] } },
{ "type": "Feature", "properties": { "amenity_id": 926, "kind": "shop", "name": "ファミリーマート", "detail": "convenience" }, "geometry": { "type": "Point", "coordinates": [ 139.7325754, 35.6911865 ] } },
{ "type": "Feature", "properties": { "amenity_id": 927, "kind": "shop", "name": "セブン-イレブン", "detail": "convenience" }, "geometry": { "type": "Point", "coordinates": [ 139.68976840000002, 35.7114042 ] } },
{ "type": "Feature", "properties": { "amenity_id": 928, "kind": "shop", "name": "ローソン", "detail": "convenience" }, "geometry": { "type": "Point", "coordinates": [ 139.6759389, 35.7251388 ] } },
{ "type": "Feature", "properties": { "amenity_id": 929, "kind": "shop", "name": "日高屋", "detail": "fast_food" }, "geometry": { "type": "Point", "coordinates": [ 139.7194107, 35.7060454 ] } },
{ "type": "Feature", "properties": { "amenity_id": 930, "kind": "shop", "name": "ファミリーマート", "detail": "convenience" }, "geometry": { "type": "Point", "coordinates": [ 139.709763400000014, 35.68896 ] } },
{ "type": "Feature", "properties": { "amenity_id": 931, "kind": "shop", "name": "ファミリーマート", "detail": "convenience" }, "geometry": { "type": "Point", "coordinates": [ 139.7084547, 35.6893915 ] } },
{ "type": "Feature", "properties": { "amenity_id": 932, "kind": "shop", "name": "ローソン", "detail": "convenience" }, "geometry": { "type": "Point", "coordinates": [ 139.712222200000014, 35.6884349 ] } },
{ "type": "Feature", "properties": { "amenity_id": 933, "kind": "shop", "name": "ファミリーマート", "detail": "convenience" }, "geometry": { "type": "Point", "coordinates": [ 139.714433900000017, 35.6879561 ] } },
{ "type": "Feature", "properties": { "amenity_id": 934, "kind": "shop", "name": "ファミリーマート", "detail": "convenience" }, "geometry": { "type": "Point", "coordinates": [ 139.7210402, 35.6882995 ] } },
{ "type": "Feature", "properties": { "amenity_id": 935, "kind": "shop", "name": "松屋", "detail": "fast_food" }, "geometry": { "type": "Point", "coordinates": [ 139.725317100000012, 35.687616 ] } },
{ "type": "Feature", "properties": { "amenity_id": 936, "kind": "shop", "name": "吉野家", "detail": "fast_food" }, "geometry": { "type": "Point", "coordinates": [ 139.7288317, 35.6862786 ] } },
{ "type": "Feature", "properties": { "amenity_id": 937, "kind": "shop", "name": "ぼてじゅう", "detail": "restaurant" }, "geometry": { "type": "Point", "coordinates": [ 139.700245600000017, 35.6940996 ] } },
{ "type": "Feature", "properties": { "amenity_id": 938, "kind": "shop", "name": "ファミリーマート", "detail": "convenience" }, "geometry": { "type": "Point", "coordinates": [ 139.7294372, 35.68664350000001 ] } },
{ "type": "Feature", "properties": { "amenity_id": 939, "kind": "shop", "name": "ローソン", "detail": "convenience" }, "geometry": { "type": "Point", "coordinates": [ 139.727728400000018, 35.6873522 ] } },
{ "type": "Feature", "properties": { "amenity_id": 940, "kind": "shop", "name": "Lanikai", "detail": "hairdresser" }, "geometry": { "type": "Point", "coordinates": [ 139.72604640000003, 35.6880837 ] } },
{ "type": "Feature", "properties": { "amenity_id": 941, "kind": "shop", "name": "セブン-イレブン", "detail": "convenience" }, "geometry": { "type": "Point", "coordinates": [ 139.728687, 35.6870003 ] } },
{ "type": "Feature", "properties": { "amenity_id": 942, "kind": "shop", "name": "すごい煮干ラーメン凪", "detail": "restaurant" }, "geometry": { "type": "Point", "coordinates": [ 139.704556600000018, 35.6937596 ] } },
{ "type": "Feature", "properties": { "amenity_id": 943, "kind": "shop", "name": "ロシュ", "detail": "cafe" }, "geometry": { "type": "Point", "coordinates": [ 139.688795, 35.687749 ] } },
{ "type": "Feature", "properties": { "amenity_id": 944, "kind": "shop", "name": "Yakiniku Kobeya", "detail": "restaurant" }, "geometry": { "type": "Point", "coordinates": [ 139.7099555, 35.6906995 ] } },
{ "type": "Feature", "properties": { "amenity_id": 945, "kind": "shop", "name": "松屋", "detail": "fast_food" }, "geometry": { "type": "Point", "coordinates": [ 139.70243, 35.6935806 ] } },
{ "type": "Feature", "properties": { "amenity_id": 946, "kind": "shop", "name": "PONY", "detail": "cafe" }, "geometry": { "type": "Point", "coordinates": [ 139.7102901, 35.68925320000001 ] } },
{ "type": "Feature", "properties": { "amenity_id": 947, "kind": "shop", "name": "やよい軒", "detail": "restaurant" }, "geometry": { "type": "Point", "coordinates": [ 139.710238700000019, 35.691142 ] } },
{ "type": "Feature", "properties": { "amenity_id": 948, "kind": "shop", "name": "ワンダフル", "detail": "convenience" }, "geometry": { "type": "Point", "coordinates": [ 139.7102295, 35.6908727 ] } },
{ "type": "Feature", "properties": { "amenity_id": 949, "kind": "shop", "name": "TROQUET", "detail": "bar" }, "geometry": { "type": "Point", "coordinates": [ 139.710906500000021, 35.6894348 ] } },
{ "type": "Feature", "properties": { "amenity_id": 950, "kind": "shop", "name": "スターバックス", "detail": "cafe" }, "geometry": { "type": "Point", "coordinates": [ 139.723264100000023, 35.6876227 ] } },
{ "type": "Feature", "properties": { "amenity_id": 951, "kind": "shop", "name": "スターバックス", "detail": "cafe" }, "geometry": { "type": "Point", "coordinates": [ 139.730312200000014, 35.686091500000011 ] } },
{ "type": "Feature", "properties": { "amenity_id": 952, "kind": "shop", "name": "スターバックス", "detail": "cafe" }, "geometry": { "type": "Point", "coordinates": [ 139.700151, 35.694307200000011 ] } },
{ "type": "Feature", "properties": { "amenity_id": 953, "kind": "shop", "name": "スターバックス", "detail": "cafe" }, "geometry": { "type": "Point", "coordinates": [ 139.7010707, 35.6937789 ] } },
{ "type": "Feature", "properties": { "amenity_id": 954, "kind": "shop", "name": "スターバックス", "detail": "cafe" }, "geometry": { "type": "Point", "coordinates": [ 139.7065006, 35.6920268 ] } },
{ "type": "Feature", "properties": { "amenity_id": 955, "kind": "shop", "name": "スターバックス", "detail": "cafe" }, "geometry": { "type": "Point", "coordinates": [ 139.701787, 35.6903798 ] } },
{ "type": "Feature", "properties": { "amenity_id": 956, "kind": "shop", "name": "スターバックス", "detail": "cafe" }, "geometry": { "type": "Point", "coordinates": [ 139.702468300000021, 35.6888118 ] } },
{ "type": "Feature", "properties": { "amenity_id": 957, "kind": "shop", "name": "スターバックス", "detail": "cafe" }, "geometry": { "type": "Point", "coordinates": [ 139.701089600000017, 35.691068200000011 ] } },
{ "type": "Feature", "properties": { "amenity_id": 958, "kind": "shop", "name": "スターバックス", "detail": "cafe" }, "geometry": { "type": "Point", "coordinates": [ 139.7039469, 35.6909014 ] } },
{ "type": "Feature", "properties": { "amenity_id": 959, "kind": "shop", "name": "スターバックス", "detail": "cafe" }, "geometry": { "type": "Point", "coordinates": [ 139.704403, 35.6908796 ] } },
{ "type": "Feature", "properties": { "amenity_id": 960, "kind": "shop", "name": "スターバックス", "detail": "cafe" }, "geometry": { "type": "Point", "coordinates": [ 139.7024499, 35.6916765 ] } },
{ "type": "Feature", "properties": { "amenity_id": 961, "kind": "shop", "name": "スターバックス", "detail": "cafe" }, "geometry": { "type": "Point", "coordinates": [ 139.689034600000014, 35.6953028 ] } },
{ "type": "Feature", "properties": { "amenity_id": 962, "kind": "shop", "name": "スターバックス", "detail": "cafe" }, "geometry": { "type": "Point", "coordinates": [ 139.699131100000017, 35.6892926 ] } },
{ "type": "Feature", "properties": { "amenity_id": 963, "kind": "shop", "name": "スターバックス", "detail": "cafe" }, "geometry": { "type": "Point", "coordinates": [ 139.7434335, 35.7019667 ] } },
{ "type": "Feature", "properties": { "amenity_id": 964, "kind": "shop", "name": "スターバックス", "detail": "cafe" }, "geometry": { "type": "Point", "coordinates": [ 139.6936857, 35.6912504 ] } },
{ "type": "Feature", "properties": { "amenity_id": 965, "kind": "shop", "name": "スターバックス", "detail": "cafe" }, "geometry": { "type": "Point", "coordinates": [ 139.6953373, 35.6932031 ] } },
{ "type": "Feature", "properties": { "amenity_id": 966, "kind": "shop", "name": "スターバックス", "detail": "cafe" }, "geometry": { "type": "Point", "coordinates": [ 139.704120100000011, 35.7129137 ] } },
{ "type": "Feature", "properties": { "amenity_id": 967, "kind": "shop", "name": "タリーズコーヒー", "detail": "cafe" }, "geometry": { "type": "Point", "coordinates": [ 139.716249300000015, 35.7018817 ] } },
{ "type": "Feature", "properties": { "amenity_id": 968, "kind": "shop", "name": "タリーズコーヒー", "detail": "cafe" }, "geometry": { "type": "Point", "coordinates": [ 139.6932831, 35.6877787 ] } },
{ "type": "Feature", "properties": { "amenity_id": 969, "kind": "shop", "name": "タリーズコーヒー", "detail": "cafe" }, "geometry": { "type": "Point", "coordinates": [ 139.708024800000032, 35.6967227 ] } },
{ "type": "Feature", "properties": { "amenity_id": 970, "kind": "shop", "name": "タリーズコーヒー", "detail": "cafe" }, "geometry": { "type": "Point", "coordinates": [ 139.697144300000019, 35.6924469 ] } },
{ "type": "Feature", "properties": { "amenity_id": 971, "kind": "shop", "name": "タリーズコーヒー", "detail": "cafe" }, "geometry": { "type": "Point", "coordinates": [ 139.6906917, 35.693681 ] } },
{ "type": "Feature", "properties": { "amenity_id": 972, "kind": "shop", "name": "タリーズコーヒー", "detail": "cafe" }, "geometry": { "type": "Point", "coordinates": [ 139.697119, 35.691509700000012 ] } },
{ "type": "Feature", "properties": { "amenity_id": 973, "kind": "shop", "name": "タリーズコーヒー", "detail": "cafe" }, "geometry": { "type": "Point", "coordinates": [ 139.687680300000011, 35.6942262 ] } },
{ "type": "Feature", "properties": { "amenity_id": 974, "kind": "shop", "name": "タリーズコーヒー", "detail": "cafe" }, "geometry": { "type": "Point", "coordinates": [ 139.6952416, 35.691819 ] } },
{ "type": "Feature", "properties": { "amenity_id": 975, "kind": "shop", "name": "タリーズコーヒー", "detail": "cafe" }, "geometry": { "type": "Point", "coordinates": [ 139.7100828, 35.6885891 ] } },
{ "type": "Feature", "properties": { "amenity_id": 976, "kind": "shop", "name": "タリーズコーヒー", "detail": "cafe" }, "geometry": { "type": "Point", "coordinates": [ 139.7185192, 35.6994664 ] } },
{ "type": "Feature", "properties": { "amenity_id": 977, "kind": "shop", "name": "タリーズコーヒー", "detail": "cafe" }, "geometry": { "type": "Point", "coordinates": [ 139.7069836, 35.689733600000011 ] } },
{ "type": "Feature", "properties": { "amenity_id": 978, "kind": "shop", "name": "タリーズコーヒー", "detail": "cafe" }, "geometry": { "type": "Point", "coordinates": [ 139.73344130000001, 35.70015320000001 ] } },
{ "type": "Feature", "properties": { "amenity_id": 979, "kind": "shop", "name": "タリーズコーヒー", "detail": "cafe" }, "geometry": { "type": "Point", "coordinates": [ 139.692005600000016, 35.68833 ] } },
{ "type": "Feature", "properties": { "amenity_id": 980, "kind": "shop", "name": "タリーズコーヒー", "detail": "cafe" }, "geometry": { "type": "Point", "coordinates": [ 139.720089700000017, 35.6980128 ] } },
{ "type": "Feature", "properties": { "amenity_id": 981, "kind": "shop", "name": "タリーズコーヒー", "detail": "cafe" }, "geometry": { "type": "Point", "coordinates": [ 139.743982500000016, 35.7025439 ] } },
{ "type": "Feature", "properties": { "amenity_id": 982, "kind": "shop", "name": "ドトールコーヒーショップ", "detail": "cafe" }, "geometry": { "type": "Point", "coordinates": [ 139.7199415, 35.6876868 ] } },
{ "type": "Feature", "properties": { "amenity_id": 983, "kind": "shop", "name": "ドトールコーヒーショップ", "detail": "cafe" }, "geometry": { "type": "Point", "coordinates": [ 139.723244600000015, 35.6925444 ] } },
{ "type": "Feature", "properties": { "amenity_id": 984, "kind": "shop", "name": "ドトールコーヒーショップ", "detail": "cafe" }, "geometry": { "type": "Point", "coordinates": [ 139.6931998, 35.693975900000012 ] } },
{ "type": "Feature", "properties": { "amenity_id": 985, "kind": "shop", "name": "ドトールコーヒーショップ", "detail": "cafe" }, "geometry": { "type": "Point", "coordinates": [ 139.706915, 35.6897207 ] } },
{ "type": "Feature", "properties": { "amenity_id": 986, "kind": "shop", "name": "ドトールコーヒーショップ", "detail": "cafe" }, "geometry": { "type": "Point", "coordinates": [ 139.706577300000021, 35.691965700000011 ] } },
{ "type": "Feature", "properties": { "amenity_id": 987, "kind": "shop", "name": "ドトールコーヒーショップ", "detail": "cafe" }, "geometry": { "type": "Point", "coordinates": [ 139.706081300000022, 35.6947079 ] } },
{ "type": "Feature", "properties": { "amenity_id": 988, "kind": "shop", "name": "ドトールコーヒーショップ", "detail": "cafe" }, "geometry": { "type": "Point", "coordinates": [ 139.7122544, 35.6890855 ] } },
{ "type": "Feature", "properties": { "amenity_id": 989, "kind": "shop", "name": "ドトールコーヒーショップ", "detail": "cafe" }, "geometry": { "type": "Point", "coordinates": [ 139.7278349, 35.6866306 ] } },
{ "type": "Feature", "properties": { "amenity_id": 990, "kind": "shop", "name": "ドトールコーヒーショップ", "detail": "cafe" }, "geometry": { "type": "Point", "coordinates": [ 139.7273802, 35.6862915 ] } },
{ "type": "Feature", "properties": { "amenity_id": 991, "kind": "shop", "name": "ドトールコーヒーショップ", "detail": "cafe" }, "geometry": { "type": "Point", "coordinates": [ 139.6966122, 35.6908729 ] } },
{ "type": "Feature", "properties": { "amenity_id": 992, "kind": "shop", "name": "ドトールコーヒーショップ", "detail": "cafe" }, "geometry": { "type": "Point", "coordinates": [ 139.703890300000012, 35.7110457 ] } },
{ "type": "Feature", "properties": { "amenity_id": 993, "kind": "shop", "name": "ドトールコーヒーショップ", "detail": "cafe" }, "geometry": { "type": "Point", "coordinates": [ 139.700569800000011, 35.6978596 ] } },
{ "type": "Feature", "properties": { "amenity_id": 994, "kind": "shop", "name": "ドトールコーヒーショップ", "detail": "cafe" }, "geometry": { "type": "Point", "coordinates": [ 139.695418600000011, 35.6928592 ] } },
{ "type": "Feature", "properties": { "amenity_id": 995, "kind": "shop", "name": "ドトールコーヒーショップ", "detail": "cafe" }, "geometry": { "type": "Point", "coordinates": [ 139.6966789, 35.6886418 ] } },
{ "type": "Feature", "properties": { "amenity_id": 996, "kind": "shop", "name": "ドトールコーヒーショップ", "detail": "cafe" }, "geometry": { "type": "Point", "coordinates": [ 139.697620700000016, 35.701538100000015 ] } },
{ "type": "Feature", "properties": { "amenity_id": 997, "kind": "shop", "name": "ドトールコーヒーショップ", "detail": "cafe" }, "geometry": { "type": "Point", "coordinates": [ 139.7183637, 35.6994276 ] } },
{ "type": "Feature", "properties": { "amenity_id": 998, "kind": "shop", "name": "ドトールコーヒーショップ", "detail": "cafe" }, "geometry": { "type": "Point", "coordinates": [ 139.743633, 35.7007294 ] } },
{ "type": "Feature", "properties": { "amenity_id": 999, "kind": "shop", "name": "セブン-イレブン", "detail": "convenience" }, "geometry": { "type": "Point", "coordinates": [ 139.7018549, 35.6955387 ] } },
{ "type": "Feature", "properties": { "amenity_id": 1000, "kind": "shop", "name": "サンマルクカフェ", "detail": "cafe" }, "geometry": { "type": "Point", "coordinates": [ 139.69325, 35.6934578 ] } },
{ "type": "Feature", "properties": { "amenity_id": 1001, "kind": "shop", "name": "サンマルクカフェ", "detail": "cafe" }, "geometry": { "type": "Point", "coordinates": [ 139.6970143, 35.7018169 ] } },
{ "type": "Feature", "properties": { "amenity_id": 1002, "kind": "shop", "name": "サンマルクカフェ", "detail": "cafe" }, "geometry": { "type": "Point", "coordinates": [ 139.700129300000015, 35.694589 ] } },
{ "type": "Feature", "properties": { "amenity_id": 1003, "kind": "shop", "name": "サンマルクカフェ", "detail": "cafe" }, "geometry": { "type": "Point", "coordinates": [ 139.6936576, 35.691360700000011 ] } },
{ "type": "Feature", "properties": { "amenity_id": 1004, "kind": "shop", "name": "サンマルクカフェ", "detail": "cafe" }, "geometry": { "type": "Point", "coordinates": [ 139.69893570000005, 35.6928278 ] } },
{ "type": "Feature", "properties": { "amenity_id": 1005, "kind": "shop", "name": "サンマルクカフェ", "detail": "cafe" }, "geometry": { "type": "Point", "coordinates": [ 139.694371100000012, 35.6886626 ] } },
{ "type": "Feature", "properties": { "amenity_id": 1006, "kind": "shop", "name": "サンマルクカフェ", "detail": "cafe" }, "geometry": { "type": "Point", "coordinates": [ 139.702701900000051, 35.6881819 ] } },
{ "type": "Feature", "properties": { "amenity_id": 1007, "kind": "shop", "name": "サンマルクカフェ", "detail": "cafe" }, "geometry": { "type": "Point", "coordinates": [ 139.7100997, 35.6888714 ] } },
{ "type": "Feature", "properties": { "amenity_id": 1008, "kind": "shop", "name": "カフェ・ベローチェ", "detail": "cafe" }, "geometry": { "type": "Point", "coordinates": [ 139.7433785, 35.7018365 ] } },
{ "type": "Feature", "properties": { "amenity_id": 1009, "kind": "shop", "name": "カフェ・ベローチェ", "detail": "cafe" }, "geometry": { "type": "Point", "coordinates": [ 139.733580900000021, 35.7039067 ] } },
{ "type": "Feature", "properties": { "amenity_id": 1010, "kind": "shop", "name": "THE SMOKIST COFFEE", "detail": "cafe" }, "geometry": { "type": "Point", "coordinates": [ 139.7101035, 35.6891949 ] } },
{ "type": "Feature", "properties": { "amenity_id": 1011, "kind": "shop", "name": "カフェ・ベローチェ", "detail": "cafe" }, "geometry": { "type": "Point", "coordinates": [ 139.7064277, 35.693907 ] } },
{ "type": "Feature", "properties": { "amenity_id": 1012, "kind": "shop", "name": "カフェ・ベローチェ", "detail": "cafe" }, "geometry": { "type": "Point", "coordinates": [ 139.7061693, 35.6901067 ] } },
{ "type": "Feature", "properties": { "amenity_id": 1013, "kind": "shop", "name": "カフェ・ベローチェ", "detail": "cafe" }, "geometry": { "type": "Point", "coordinates": [ 139.7099038, 35.6914219 ] } },
{ "type": "Feature", "properties": { "amenity_id": 1014, "kind": "shop", "name": "カフェ・ベローチェ", "detail": "cafe" }, "geometry": { "type": "Point", "coordinates": [ 139.720733100000018, 35.6876976 ] } },
{ "type": "Feature", "properties": { "amenity_id": 1015, "kind": "shop", "name": "しろくまカフエ", "detail": "cafe" }, "geometry": { "type": "Point", "coordinates": [ 139.7096703, 35.711725 ] } },
{ "type": "Feature", "properties": { "amenity_id": 1016, "kind": "shop", "name": "セブン-イレブン", "detail": "convenience" }, "geometry": { "type": "Point", "coordinates": [ 139.68209490000001, 35.710756800000013 ] } },
{ "type": "Feature", "properties": { "amenity_id": 1017, "kind": "shop", "name": "なか卯", "detail": "fast_food" }, "geometry": { "type": "Point", "coordinates": [ 139.720474700000011, 35.6876688 ] } },
{ "type": "Feature", "properties": { "amenity_id": 1018, "kind": "shop", "name": "セブン-イレブン", "detail": "convenience" }, "geometry": { "type": "Point", "coordinates": [ 139.7428251, 35.7027576 ] } },
{ "type": "Feature", "properties": { "amenity_id": 1019, "kind": "shop", "name": "セブン-イレブン", "detail": "convenience" }, "geometry": { "type": "Point", "coordinates": [ 139.74325540000001, 35.70171 ] } },
{ "type": "Feature", "properties": { "amenity_id": 1020, "kind": "shop", "name": "セブン-イレブン", "detail": "convenience" }, "geometry": { "type": "Point", "coordinates": [ 139.740337400000016, 35.7014736 ] } },
{ "type": "Feature", "properties": { "amenity_id": 1021, "kind": "shop", "name": "セブン-イレブン", "detail": "convenience" }, "geometry": { "type": "Point", "coordinates": [ 139.7409122, 35.7043138 ] } },
{ "type": "Feature", "properties": { "amenity_id": 1022, "kind": "shop", "name": "セブン-イレブン", "detail": "convenience" }, "geometry": { "type": "Point", "coordinates": [ 139.732653700000014, 35.7042881 ] } },
{ "type": "Feature", "properties": { "amenity_id": 1023, "kind": "shop", "name": "セブン-イレブン", "detail": "convenience" }, "geometry": { "type": "Point", "coordinates": [ 139.731263800000022, 35.7064745 ] } },
{ "type": "Feature", "properties": { "amenity_id": 1024, "kind": "shop", "name": "セブン-イレブン", "detail": "convenience" }, "geometry": { "type": "Point", "coordinates": [ 139.7358752, 35.7079058 ] } },
{ "type": "Feature", "properties": { "amenity_id": 1025, "kind": "shop", "name": "セブン-イレブン", "detail": "convenience" }, "geometry": { "type": "Point", "coordinates": [ 139.7369794, 35.7085988 ] } },
{ "type": "Feature", "properties": { "amenity_id": 1026, "kind": "shop", "name": "セブン-イレブン", "detail": "convenience" }, "geometry": { "type": "Point", "coordinates": [ 139.7383178, 35.7063419 ] } },
{ "type": "Feature", "properties": { "amenity_id": 1027, "kind": "shop", "name": "セブン-イレブン", "detail": "convenience" }, "geometry": { "type": "Point", "coordinates": [ 139.701981600000011, 35.7226734 ] } },
{ "type": "Feature", "properties": { "amenity_id": 1028, "kind": "shop", "name": "セブン-イレブン", "detail": "convenience" }, "geometry": { "type": "Point", "coordinates": [ 139.694887100000017, 35.7165249 ] } },
{ "type": "Feature", "properties": { "amenity_id": 1029, "kind": "shop", "name": "セブン-イレブン", "detail": "convenience" }, "geometry": { "type": "Point", "coordinates": [ 139.703173100000015, 35.7146229 ] } },
{ "type": "Feature", "properties": { "amenity_id": 1030, "kind": "shop", "name": "セブン-イレブン", "detail": "convenience" }, "geometry": { "type": "Point", "coordinates": [ 139.701841700000017, 35.713297500000017 ] } },
{ "type": "Feature", "properties": { "amenity_id": 1031, "kind": "shop", "name": "セブン-イレブン", "detail": "convenience" }, "geometry": { "type": "Point", "coordinates": [ 139.698352200000045, 35.7139072 ] } },
{ "type": "Feature", "properties": { "amenity_id": 1032, "kind": "shop", "name": "セブン-イレブン", "detail": "convenience" }, "geometry": { "type": "Point", "coordinates": [ 139.695251, 35.7101927 ] } },
{ "type": "Feature", "properties": { "amenity_id": 1033, "kind": "shop", "name": "セブン-イレブン", "detail": "convenience" }, "geometry": { "type": "Point", "coordinates": [ 139.694432, 35.701817 ] } },
{ "type": "Feature", "properties": { "amenity_id": 1034, "kind": "shop", "name": "セブン-イレブン", "detail": "convenience" }, "geometry": { "type": "Point", "coordinates": [ 139.697201200000023, 35.7018437 ] } },
{ "type": "Feature", "properties": { "amenity_id": 1035, "kind": "shop", "name": "セブン-イレブン", "detail": "convenience" }, "geometry": { "type": "Point", "coordinates": [ 139.696397, 35.6979586 ] } },
{ "type": "Feature", "properties": { "amenity_id": 1036, "kind": "shop", "name": "セブン-イレブン", "detail": "convenience" }, "geometry": { "type": "Point", "coordinates": [ 139.699271400000015, 35.7014305 ] } },
{ "type": "Feature", "properties": { "amenity_id": 1037, "kind": "shop", "name": "セブン-イレブン", "detail": "convenience" }, "geometry": { "type": "Point", "coordinates": [ 139.6997513, 35.7028587 ] } },
{ "type": "Feature", "properties": { "amenity_id": 1038, "kind": "shop", "name": "セブン-イレブン", "detail": "convenience" }, "geometry": { "type": "Point", "coordinates": [ 139.7046316, 35.6974278 ] } },
{ "type": "Feature", "properties": { "amenity_id": 1039, "kind": "shop", "name": "セブン-イレブン", "detail": "convenience" }, "geometry": { "type": "Point", "coordinates": [ 139.7074656, 35.699128600000016 ] } },
{ "type": "Feature", "properties": { "amenity_id": 1040, "kind": "shop", "name": "セブン-イレブン", "detail": "convenience" }, "geometry": { "type": "Point", "coordinates": [ 139.7084844, 35.702100300000012 ] } },
{ "type": "Feature", "properties": { "amenity_id": 1041, "kind": "shop", "name": "セブン-イレブン", "detail": "convenience" }, "geometry": { "type": "Point", "coordinates": [ 139.7142963, 35.7008132 ] } },
{ "type": "Feature", "properties": { "amenity_id": 1042, "kind": "shop", "name": "セブン-イレブン", "detail": "convenience" }, "geometry": { "type": "Point", "coordinates": [ 139.7206425, 35.704412 ] } },
{ "type": "Feature", "properties": { "amenity_id": 1043, "kind": "shop", "name": "セブン-イレブン", "detail": "convenience" }, "geometry": { "type": "Point", "coordinates": [ 139.716749, 35.70599510000001 ] } },
{ "type": "Feature", "properties": { "amenity_id": 1044, "kind": "shop", "name": "セブン-イレブン", "detail": "convenience" }, "geometry": { "type": "Point", "coordinates": [ 139.7162429, 35.707016100000011 ] } },
{ "type": "Feature", "properties": { "amenity_id": 1045, "kind": "shop", "name": "セブン-イレブン", "detail": "convenience" }, "geometry": { "type": "Point", "coordinates": [ 139.7253164, 35.7074401 ] } },
{ "type": "Feature", "properties": { "amenity_id": 1046, "kind": "shop", "name": "セブン-イレブン", "detail": "convenience" }, "geometry": { "type": "Point", "coordinates": [ 139.7036941, 35.7112459 ] } },
{ "type": "Feature", "properties": { "amenity_id": 1047, "kind": "shop", "name": "セブン-イレブン", "detail": "convenience" }, "geometry": { "type": "Point", "coordinates": [ 139.704360300000019, 35.7102235 ] } },
{ "type": "Feature", "properties": { "amenity_id": 1048, "kind": "shop", "name": "セブン-イレブン", "detail": "convenience" }, "geometry": { "type": "Point", "coordinates": [ 139.700458600000019, 35.6950505 ] } },
{ "type": "Feature", "properties": { "amenity_id": 1049, "kind": "shop", "name": "セブン-イレブン", "detail": "convenience" }, "geometry": { "type": "Point", "coordinates": [ 139.6952805, 35.6906732 ] } },
{ "type": "Feature", "properties": { "amenity_id": 1050, "kind": "shop", "name": "セブン-イレブン", "detail": "convenience" }, "geometry": { "type": "Point", "coordinates": [ 139.6915966, 35.6908309 ] } },
{ "type": "Feature", "properties": { "amenity_id": 1051, "kind": "shop", "name": "セブン-イレブン", "detail": "convenience" }, "geometry": { "type": "Point", "coordinates": [ 139.685987900000015, 35.69028440000001 ] } },
{ "type": "Feature", "properties": { "amenity_id": 1052, "kind": "shop", "name": "セブン-イレブン", "detail": "convenience" }, "geometry": { "type": "Point", "coordinates": [ 139.70453790000002, 35.7013407 ] } },
{ "type": "Feature", "properties": { "amenity_id": 1053, "kind": "shop", "name": "セブン-イレブン", "detail": "convenience" }, "geometry": { "type": "Point", "coordinates": [ 139.7062684, 35.6949899 ] } },
{ "type": "Feature", "properties": { "amenity_id": 1054, "kind": "shop", "name": "セブン-イレブン", "detail": "convenience" }, "geometry": { "type": "Point", "coordinates": [ 139.704411100000016, 35.6948184 ] } },
{ "type": "Feature", "properties": { "amenity_id": 1055, "kind": "shop", "name": "セブン-イレブン", "detail": "convenience" }, "geometry": { "type": "Point", "coordinates": [ 139.703080200000016, 35.6899752 ] } },
{ "type": "Feature", "properties": { "amenity_id": 1056, "kind": "shop", "name": "セブン-イレブン", "detail": "convenience" }, "geometry": { "type": "Point", "coordinates": [ 139.706524800000011, 35.6933097 ] } },
{ "type": "Feature", "properties": { "amenity_id": 1057, "kind": "shop", "name": "セブン-イレブン", "detail": "convenience" }, "geometry": { "type": "Point", "coordinates": [ 139.7140745, 35.6887496 ] } },
{ "type": "Feature", "properties": { "amenity_id": 1058, "kind": "shop", "name": "セブン-イレブン", "detail": "convenience" }, "geometry": { "type": "Point", "coordinates": [ 139.720166300000017, 35.6917786 ] } },
{ "type": "Feature", "properties": { "amenity_id": 1059, "kind": "shop", "name": "セブン-イレブン", "detail": "convenience" }, "geometry": { "type": "Point", "coordinates": [ 139.7210509, 35.6930679 ] } },
{ "type": "Feature", "properties": { "amenity_id": 1060, "kind": "shop", "name": "セブン-イレブン", "detail": "convenience" }, "geometry": { "type": "Point", "coordinates": [ 139.7238548, 35.6930116 ] } },
{ "type": "Feature", "properties": { "amenity_id": 1061, "kind": "shop", "name": "セブン-イレブン", "detail": "convenience" }, "geometry": { "type": "Point", "coordinates": [ 139.737262900000019, 35.6940392 ] } },
{ "type": "Feature", "properties": { "amenity_id": 1062, "kind": "shop", "name": "肉汁餃子製作所", "detail": "restaurant" }, "geometry": { "type": "Point", "coordinates": [ 139.733036100000021, 35.699939 ] } },
{ "type": "Feature", "properties": { "amenity_id": 1063, "kind": "shop", "name": "まいばすけっと", "detail": "supermarket" }, "geometry": { "type": "Point", "coordinates": [ 139.732864400000011, 35.6996584 ] } },
{ "type": "Feature", "properties": { "amenity_id": 1064, "kind": "shop", "name": "クローバー", "detail": "cafe" }, "geometry": { "type": "Point", "coordinates": [ 139.732029, 35.6996155 ] } },
{ "type": "Feature", "properties": { "amenity_id": 1065, "kind": "shop", "name": "BLOWS IN", "detail": "fast_food" }, "geometry": { "type": "Point", "coordinates": [ 139.732988800000015, 35.7001043 ] } },
{ "type": "Feature", "properties": { "amenity_id": 1066, "kind": "shop", "name": "山下コーヒー(株)", "detail": "cafe" }, "geometry": { "type": "Point", "coordinates": [ 139.730159, 35.6993616 ] } },
{ "type": "Feature", "properties": { "amenity_id": 1067, "kind": "shop", "name": "BAR MAQUO", "detail": "bar" }, "geometry": { "type": "Point", "coordinates": [ 139.733004100000016, 35.6997142 ] } },
{ "type": "Feature", "properties": { "amenity_id": 1068, "kind": "shop", "name": "オクトリア　アキ", "detail": "restaurant" }, "geometry": { "type": "Point", "coordinates": [ 139.7329292, 35.7009727 ] } },
{ "type": "Feature", "properties": { "amenity_id": 1069, "kind": "shop", "name": "ファミリーマート", "detail": "convenience" }, "geometry": { "type": "Point", "coordinates": [ 139.732917, 35.7014113 ] } },
{ "type": "Feature", "properties": { "amenity_id": 1070, "kind": "shop", "name": "サンジェルマン", "detail": "bakery" }, "geometry": { "type": "Point", "coordinates": [ 139.7347589, 35.7005823 ] } },
{ "type": "Feature", "properties": { "amenity_id": 1071, "kind": "shop", "name": "Maison Kayser", "detail": "bakery" }, "geometry": { "type": "Point", "coordinates": [ 139.735203100000035, 35.7004931 ] } },
{ "type": "Feature", "properties": { "amenity_id": 1072, "kind": "shop", "name": "ハルコロ", "detail": "restaurant" }, "geometry": { "type": "Point", "coordinates": [ 139.699922, 35.699779 ] } },
{ "type": "Feature", "properties": { "amenity_id": 1073, "kind": "shop", "name": "ここから", "detail": "restaurant" }, "geometry": { "type": "Point", "coordinates": [ 139.718824, 35.6841933 ] } },
{ "type": "Feature", "properties": { "amenity_id": 1074, "kind": "shop", "name": "松屋", "detail": "fast_food" }, "geometry": { "type": "Point", "coordinates": [ 139.706767, 35.6954236 ] } },
{ "type": "Feature", "properties": { "amenity_id": 1075, "kind": "shop", "name": "エチオピア", "detail": "restaurant" }, "geometry": { "type": "Point", "coordinates": [ 139.71044, 35.711541 ] } },
{ "type": "Feature", "properties": { "amenity_id": 1076, "kind": "shop", "name": "ラーメン七福屋", "detail": "restaurant" }, "geometry": { "type": "Point", "coordinates": [ 139.696809, 35.698726 ] } },
{ "type": "Feature", "properties": { "amenity_id": 1077, "kind": "shop", "name": "ファミリーマート", "detail": "convenience" }, "geometry": { "type": "Point", "coordinates": [ 139.697709300000014, 35.6997882 ] } },
{ "type": "Feature", "properties": { "amenity_id": 1078, "kind": "shop", "name": "Fairfax Grill", "detail": "restaurant" }, "geometry": { "type": "Point", "coordinates": [ 139.7212307, 35.6899745 ] } },
{ "type": "Feature", "properties": { "amenity_id": 1079, "kind": "shop", "name": "ピザーラ", "detail": "fast_food" }, "geometry": { "type": "Point", "coordinates": [ 139.722671, 35.6908262 ] } },
{ "type": "Feature", "properties": { "amenity_id": 1080, "kind": "shop", "name": "たけ家", "detail": "restaurant" }, "geometry": { "type": "Point", "coordinates": [ 139.721935200000019, 35.690151 ] } },
{ "type": "Feature", "properties": { "amenity_id": 1081, "kind": "shop", "name": "キッチン　ドロマミレ", "detail": "restaurant" }, "geometry": { "type": "Point", "coordinates": [ 139.722527900000017, 35.6906875 ] } },
{ "type": "Feature", "properties": { "amenity_id": 1082, "kind": "shop", "name": null, "detail": "fast_food" }, "geometry": { "type": "Point", "coordinates": [ 139.723458600000015, 35.6915364 ] } },
{ "type": "Feature", "properties": { "amenity_id": 1083, "kind": "shop", "name": "ファミリーマート", "detail": "convenience" }, "geometry": { "type": "Point", "coordinates": [ 139.721097, 35.6894522 ] } },
{ "type": "Feature", "properties": { "amenity_id": 1084, "kind": "shop", "name": "ローソン", "detail": "convenience" }, "geometry": { "type": "Point", "coordinates": [ 139.7236351, 35.6917591 ] } },
{ "type": "Feature", "properties": { "amenity_id": 1085, "kind": "shop", "name": "一心らーめん", "detail": "restaurant" }, "geometry": { "type": "Point", "coordinates": [ 139.722154100000012, 35.6903564 ] } },
{ "type": "Feature", "properties": { "amenity_id": 1086, "kind": "shop", "name": "大勝軒", "detail": "restaurant" }, "geometry": { "type": "Point", "coordinates": [ 139.7203902, 35.6892263 ] } },
{ "type": "Feature", "properties": { "amenity_id": 1087, "kind": "shop", "name": "大陸", "detail": "restaurant" }, "geometry": { "type": "Point", "coordinates": [ 139.7204184, 35.6892782 ] } },
{ "type": "Feature", "properties": { "amenity_id": 1088, "kind": "shop", "name": "峨嵋山", "detail": "restaurant" }, "geometry": { "type": "Point", "coordinates": [ 139.7211632, 35.68992810000001 ] } },
{ "type": "Feature", "properties": { "amenity_id": 1089, "kind": "shop", "name": "柿家鮨", "detail": "fast_food" }, "geometry": { "type": "Point", "coordinates": [ 139.7227076, 35.6908576 ] } },
{ "type": "Feature", "properties": { "amenity_id": 1090, "kind": "shop", "name": "灯花", "detail": "restaurant" }, "geometry": { "type": "Point", "coordinates": [ 139.7218872, 35.6901108 ] } },
{ "type": "Feature", "properties": { "amenity_id": 1091, "kind": "shop", "name": "羅生門", "detail": "restaurant" }, "geometry": { "type": "Point", "coordinates": [ 139.720779600000014, 35.6896076 ] } },
{ "type": "Feature", "properties": { "amenity_id": 1092, "kind": "shop", "name": "羅生門", "detail": "restaurant" }, "geometry": { "type": "Point", "coordinates": [ 139.721662800000018, 35.6903333 ] } },
{ "type": "Feature", "properties": { "amenity_id": 1093, "kind": "shop", "name": "vivo daily stand", "detail": "bar" }, "geometry": { "type": "Point", "coordinates": [ 139.6988517, 35.7000352 ] } },
{ "type": "Feature", "properties": { "amenity_id": 1094, "kind": "shop", "name": "ファミリーマート", "detail": "convenience" }, "geometry": { "type": "Point", "coordinates": [ 139.7351152, 35.6923897 ] } },
{ "type": "Feature", "properties": { "amenity_id": 1095, "kind": "shop", "name": "WineBar monplaisir", "detail": "bar" }, "geometry": { "type": "Point", "coordinates": [ 139.7425489, 35.700968 ] } },
{ "type": "Feature", "properties": { "amenity_id": 1096, "kind": "shop", "name": "ローソン", "detail": "convenience" }, "geometry": { "type": "Point", "coordinates": [ 139.717961200000019, 35.6912397 ] } },
{ "type": "Feature", "properties": { "amenity_id": 1097, "kind": "shop", "name": "松屋", "detail": "fast_food" }, "geometry": { "type": "Point", "coordinates": [ 139.714490300000023, 35.6909845 ] } },
{ "type": "Feature", "properties": { "amenity_id": 1098, "kind": "shop", "name": "ステーキハウス", "detail": "restaurant" }, "geometry": { "type": "Point", "coordinates": [ 139.7146056, 35.6908538 ] } },
{ "type": "Feature", "properties": { "amenity_id": 1099, "kind": "shop", "name": "YORK FOODS", "detail": "supermarket" }, "geometry": { "type": "Point", "coordinates": [ 139.713236100000046, 35.6923411 ] } },
{ "type": "Feature", "properties": { "amenity_id": 1100, "kind": "shop", "name": "セブン-イレブン", "detail": "convenience" }, "geometry": { "type": "Point", "coordinates": [ 139.7129624, 35.6926283 ] } },
{ "type": "Feature", "properties": { "amenity_id": 1101, "kind": "shop", "name": "ファミリーマート", "detail": "convenience" }, "geometry": { "type": "Point", "coordinates": [ 139.71154580000001, 35.6916559 ] } },
{ "type": "Feature", "properties": { "amenity_id": 1102, "kind": "shop", "name": "ローソンストア100", "detail": "convenience" }, "geometry": { "type": "Point", "coordinates": [ 139.711285700000019, 35.6912245 ] } },
{ "type": "Feature", "properties": { "amenity_id": 1103, "kind": "shop", "name": "ローソンストア100", "detail": "convenience" }, "geometry": { "type": "Point", "coordinates": [ 139.7094644, 35.6918911 ] } },
{ "type": "Feature", "properties": { "amenity_id": 1104, "kind": "shop", "name": "ファミリーマート", "detail": "convenience" }, "geometry": { "type": "Point", "coordinates": [ 139.709038, 35.6919478 ] } },
{ "type": "Feature", "properties": { "amenity_id": 1105, "kind": "shop", "name": "肉汁餃子製作所", "detail": "restaurant" }, "geometry": { "type": "Point", "coordinates": [ 139.708598100000017, 35.6915513 ] } },
{ "type": "Feature", "properties": { "amenity_id": 1106, "kind": "shop", "name": "ファミリーマート", "detail": "convenience" }, "geometry": { "type": "Point", "coordinates": [ 139.7073973, 35.6917931 ] } },
{ "type": "Feature", "properties": { "amenity_id": 1107, "kind": "shop", "name": "デイリーヤマザキ", "detail": "convenience" }, "geometry": { "type": "Point", "coordinates": [ 139.706334100000021, 35.6920451 ] } },
{ "type": "Feature", "properties": { "amenity_id": 1108, "kind": "shop", "name": "高七", "detail": "restaurant" }, "geometry": { "type": "Point", "coordinates": [ 139.721026600000016, 35.701230200000012 ] } },
{ "type": "Feature", "properties": { "amenity_id": 1109, "kind": "shop", "name": "ローソンストア100", "detail": "convenience" }, "geometry": { "type": "Point", "coordinates": [ 139.724931200000015, 35.6872057 ] } },
{ "type": "Feature", "properties": { "amenity_id": 1110, "kind": "shop", "name": "小田部", "detail": "restaurant" }, "geometry": { "type": "Point", "coordinates": [ 139.717028700000014, 35.6859138 ] } },
{ "type": "Feature", "properties": { "amenity_id": 1111, "kind": "shop", "name": "カレーうどん食堂 のら豚屋", "detail": "restaurant" }, "geometry": { "type": "Point", "coordinates": [ 139.7244158, 35.6873416 ] } },
{ "type": "Feature", "properties": { "amenity_id": 1112, "kind": "shop", "name": "まいばすけっと", "detail": "supermarket" }, "geometry": { "type": "Point", "coordinates": [ 139.7254881, 35.6870136 ] } },
{ "type": "Feature", "properties": { "amenity_id": 1113, "kind": "shop", "name": "クリーニング カガヤ", "detail": "dry_cleaning" }, "geometry": { "type": "Point", "coordinates": [ 139.719131800000014, 35.6842792 ] } },
{ "type": "Feature", "properties": { "amenity_id": 1114, "kind": "shop", "name": "ファミリーマート", "detail": "convenience" }, "geometry": { "type": "Point", "coordinates": [ 139.721272200000016, 35.6878388 ] } },
{ "type": "Feature", "properties": { "amenity_id": 1115, "kind": "shop", "name": null, "detail": "hairdresser" }, "geometry": { "type": "Point", "coordinates": [ 139.7170643, 35.6850731 ] } },
{ "type": "Feature", "properties": { "amenity_id": 1116, "kind": "shop", "name": "ファミリーマート", "detail": "convenience" }, "geometry": { "type": "Point", "coordinates": [ 139.726711600000016, 35.6865204 ] } },
{ "type": "Feature", "properties": { "amenity_id": 1117, "kind": "shop", "name": "CoCo壱番屋", "detail": "restaurant" }, "geometry": { "type": "Point", "coordinates": [ 139.723947, 35.6874545 ] } },
{ "type": "Feature", "properties": { "amenity_id": 1118, "kind": "shop", "name": "きしめん 尾張屋", "detail": "restaurant" }, "geometry": { "type": "Point", "coordinates": [ 139.7200637, 35.6876945 ] } },
{ "type": "Feature", "properties": { "amenity_id": 1119, "kind": "shop", "name": "KINOSHITA", "detail": "hairdresser" }, "geometry": { "type": "Point", "coordinates": [ 139.719870400000019, 35.6853153 ] } },
{ "type": "Feature", "properties": { "amenity_id": 1120, "kind": "shop", "name": "Oiseau Bleu", "detail": "restaurant" }, "geometry": { "type": "Point", "coordinates": [ 139.7194925, 35.6840893 ] } },
{ "type": "Feature", "properties": { "amenity_id": 1121, "kind": "shop", "name": "うどん 咲花善伝", "detail": "restaurant" }, "geometry": { "type": "Point", "coordinates": [ 139.7203687, 35.6860308 ] } },
{ "type": "Feature", "properties": { "amenity_id": 1122, "kind": "shop", "name": "一學", "detail": "fast_food" }, "geometry": { "type": "Point", "coordinates": [ 139.720108900000014, 35.6876587 ] } },
{ "type": "Feature", "properties": { "amenity_id": 1123, "kind": "shop", "name": "ガスト", "detail": "restaurant" }, "geometry": { "type": "Point", "coordinates": [ 139.720526800000016, 35.6872281 ] } },
{ "type": "Feature", "properties": { "amenity_id": 1124, "kind": "shop", "name": "クリーニング", "detail": "dry_cleaning" }, "geometry": { "type": "Point", "coordinates": [ 139.719839300000018, 35.6845855 ] } },
{ "type": "Feature", "properties": { "amenity_id": 1125, "kind": "shop", "name": "グリゼット", "detail": "bar" }, "geometry": { "type": "Point", "coordinates": [ 139.7045242, 35.69433 ] } },
{ "type": "Feature", "properties": { "amenity_id": 1126, "kind": "shop", "name": "椿屋コーヒ店", "detail": "cafe" }, "geometry": { "type": "Point", "coordinates": [ 139.7021221, 35.6906144 ] } },
{ "type": "Feature", "properties": { "amenity_id": 1127, "kind": "shop", "name": "8bit cafe", "detail": "cafe" }, "geometry": { "type": "Point", "coordinates": [ 139.706831600000015, 35.690650500000011 ] } },
{ "type": "Feature", "properties": { "amenity_id": 1128, "kind": "shop", "name": "Sushi-sho", "detail": "restaurant" }, "geometry": { "type": "Point", "coordinates": [ 139.728298100000018, 35.6856214 ] } },
{ "type": "Feature", "properties": { "amenity_id": 1129, "kind": "shop", "name": "Mariage Frères", "detail": "cafe" }, "geometry": { "type": "Point", "coordinates": [ 139.705413, 35.6920646 ] } },
{ "type": "Feature", "properties": { "amenity_id": 1130, "kind": "shop", "name": null, "detail": "convenience" }, "geometry": { "type": "Point", "coordinates": [ 139.691706300000021, 35.6912302 ] } },
{ "type": "Feature", "properties": { "amenity_id": 1131, "kind": "shop", "name": null, "detail": "cafe" }, "geometry": { "type": "Point", "coordinates": [ 139.698961700000012, 35.693286 ] } },
{ "type": "Feature", "properties": { "amenity_id": 1132, "kind": "shop", "name": "母屋", "detail": "restaurant" }, "geometry": { "type": "Point", "coordinates": [ 139.7089139, 35.6933443 ] } },
{ "type": "Feature", "properties": { "amenity_id": 1133, "kind": "shop", "name": "東京都庁第一本庁舎32階職員食堂", "detail": "restaurant" }, "geometry": { "type": "Point", "coordinates": [ 139.6915655, 35.689709 ] } },
{ "type": "Feature", "properties": { "amenity_id": 1134, "kind": "shop", "name": "コインランドリー エンゼル", "detail": "laundry" }, "geometry": { "type": "Point", "coordinates": [ 139.676697100000013, 35.727212300000012 ] } },
{ "type": "Feature", "properties": { "amenity_id": 1135, "kind": "shop", "name": "宇奈とと", "detail": "restaurant" }, "geometry": { "type": "Point", "coordinates": [ 139.695521, 35.6918521 ] } },
{ "type": "Feature", "properties": { "amenity_id": 1136, "kind": "shop", "name": "タリーズコーヒー", "detail": "cafe" }, "geometry": { "type": "Point", "coordinates": [ 139.6983056, 35.6954753 ] } },
{ "type": "Feature", "properties": { "amenity_id": 1137, "kind": "shop", "name": "Numazuko", "detail": "restaurant" }, "geometry": { "type": "Point", "coordinates": [ 139.7032618, 35.6908337 ] } },
{ "type": "Feature", "properties": { "amenity_id": 1138, "kind": "shop", "name": "十二颯", "detail": "restaurant" }, "geometry": { "type": "Point", "coordinates": [ 139.691106500000018, 35.6925616 ] } },
{ "type": "Feature", "properties": { "amenity_id": 1139, "kind": "shop", "name": "メトロポリタングリル", "detail": "restaurant" }, "geometry": { "type": "Point", "coordinates": [ 139.691099900000012, 35.6926863 ] } },
{ "type": "Feature", "properties": { "amenity_id": 1140, "kind": "shop", "name": "ZATTA", "detail": "bar" }, "geometry": { "type": "Point", "coordinates": [ 139.690969100000018, 35.6926972 ] } },
{ "type": "Feature", "properties": { "amenity_id": 1141, "kind": "shop", "name": "Patisserie Filou", "detail": "bakery" }, "geometry": { "type": "Point", "coordinates": [ 139.6910451, 35.6924876 ] } },
{ "type": "Feature", "properties": { "amenity_id": 1142, "kind": "shop", "name": "吉野家", "detail": "fast_food" }, "geometry": { "type": "Point", "coordinates": [ 139.704075100000011, 35.689443100000013 ] } },
{ "type": "Feature", "properties": { "amenity_id": 1143, "kind": "shop", "name": "Tochō", "detail": "fast_food" }, "geometry": { "type": "Point", "coordinates": [ 139.6918149, 35.6892704 ] } },
{ "type": "Feature", "properties": { "amenity_id": 1144, "kind": "shop", "name": "Marupin Yakitory", "detail": "restaurant" }, "geometry": { "type": "Point", "coordinates": [ 139.698415300000022, 35.6945144 ] } },
{ "type": "Feature", "properties": { "amenity_id": 1145, "kind": "shop", "name": "Bittersweet Buffet Shinjuku", "detail": "restaurant" }, "geometry": { "type": "Point", "coordinates": [ 139.7010923, 35.6915822 ] } },
{ "type": "Feature", "properties": { "amenity_id": 1146, "kind": "shop", "name": "Takano Fruit Parlour Shinjuku", "detail": "restaurant" }, "geometry": { "type": "Point", "coordinates": [ 139.7011013, 35.6914456 ] } },
{ "type": "Feature", "properties": { "amenity_id": 1147, "kind": "shop", "name": "Sweet Paradise Shinjuku", "detail": "restaurant" }, "geometry": { "type": "Point", "coordinates": [ 139.7018152, 35.6915314 ] } },
{ "type": "Feature", "properties": { "amenity_id": 1148, "kind": "shop", "name": "Kyubei Sushi at Keio Plaza Hotel", "detail": "restaurant" }, "geometry": { "type": "Point", "coordinates": [ 139.6943814, 35.6897332 ] } },
{ "type": "Feature", "properties": { "amenity_id": 1149, "kind": "shop", "name": "Numazukou Sushi", "detail": "restaurant" }, "geometry": { "type": "Point", "coordinates": [ 139.703155900000013, 35.6903979 ] } },
{ "type": "Feature", "properties": { "amenity_id": 1150, "kind": "shop", "name": "Niimura Shabu Shabu", "detail": "restaurant" }, "geometry": { "type": "Point", "coordinates": [ 139.6983142, 35.696358 ] } },
{ "type": "Feature", "properties": { "amenity_id": 1151, "kind": "shop", "name": "創始麺屋武蔵", "detail": "restaurant" }, "geometry": { "type": "Point", "coordinates": [ 139.6986722, 35.6955214 ] } },
{ "type": "Feature", "properties": { "amenity_id": 1152, "kind": "shop", "name": "Himonoya - Izakaya", "detail": "restaurant" }, "geometry": { "type": "Point", "coordinates": [ 139.7019157, 35.7132846 ] } },
{ "type": "Feature", "properties": { "amenity_id": 1153, "kind": "shop", "name": "Menya Hanabi: Nagoya ramen", "detail": "restaurant" }, "geometry": { "type": "Point", "coordinates": [ 139.707593, 35.7035085 ] } },
{ "type": "Feature", "properties": { "amenity_id": 1154, "kind": "shop", "name": "牛かつもと村", "detail": "restaurant" }, "geometry": { "type": "Point", "coordinates": [ 139.7038148, 35.6899534 ] } },
{ "type": "Feature", "properties": { "amenity_id": 1155, "kind": "shop", "name": "Paul", "detail": "bakery" }, "geometry": { "type": "Point", "coordinates": [ 139.7300667, 35.6860679 ] } },
{ "type": "Feature", "properties": { "amenity_id": 1156, "kind": "shop", "name": "成城石井", "detail": "supermarket" }, "geometry": { "type": "Point", "coordinates": [ 139.729962300000011, 35.6861303 ] } },
{ "type": "Feature", "properties": { "amenity_id": 1157, "kind": "shop", "name": "愛川 うなぎ", "detail": "restaurant" }, "geometry": { "type": "Point", "coordinates": [ 139.707578, 35.7113001 ] } },
{ "type": "Feature", "properties": { "amenity_id": 1158, "kind": "shop", "name": "成藏", "detail": "restaurant" }, "geometry": { "type": "Point", "coordinates": [ 139.70384820000001, 35.7108443 ] } },
{ "type": "Feature", "properties": { "amenity_id": 1159, "kind": "shop", "name": "日乃屋カレー", "detail": "restaurant" }, "geometry": { "type": "Point", "coordinates": [ 139.706912100000011, 35.7125172 ] } },
{ "type": "Feature", "properties": { "amenity_id": 1160, "kind": "shop", "name": "一風堂", "detail": "restaurant" }, "geometry": { "type": "Point", "coordinates": [ 139.6932768, 35.6937656 ] } },
{ "type": "Feature", "properties": { "amenity_id": 1161, "kind": "shop", "name": "ファミリーマート", "detail": "convenience" }, "geometry": { "type": "Point", "coordinates": [ 139.707517100000018, 35.6969453 ] } },
{ "type": "Feature", "properties": { "amenity_id": 1162, "kind": "shop", "name": "Pepper Lunch", "detail": "fast_food" }, "geometry": { "type": "Point", "coordinates": [ 139.70733340000001, 35.6981722 ] } },
{ "type": "Feature", "properties": { "amenity_id": 1163, "kind": "shop", "name": "東新宿食堂", "detail": "restaurant" }, "geometry": { "type": "Point", "coordinates": [ 139.707363500000014, 35.6982948 ] } },
{ "type": "Feature", "properties": { "amenity_id": 1164, "kind": "shop", "name": "ラーメン小次郎", "detail": "restaurant" }, "geometry": { "type": "Point", "coordinates": [ 139.70727770000002, 35.698133 ] } },
{ "type": "Feature", "properties": { "amenity_id": 1165, "kind": "shop", "name": "鳴門鯛焼本舗", "detail": "fast_food" }, "geometry": { "type": "Point", "coordinates": [ 139.7189344, 35.6876241 ] } },
{ "type": "Feature", "properties": { "amenity_id": 1166, "kind": "shop", "name": "BISTRO ひつじや", "detail": "restaurant" }, "geometry": { "type": "Point", "coordinates": [ 139.7187978, 35.6875564 ] } },
{ "type": "Feature", "properties": { "amenity_id": 1167, "kind": "shop", "name": "丸正食品本店", "detail": "supermarket" }, "geometry": { "type": "Point", "coordinates": [ 139.719591900000012, 35.687655400000011 ] } },
{ "type": "Feature", "properties": { "amenity_id": 1168, "kind": "shop", "name": "南昌飯店", "detail": "restaurant" }, "geometry": { "type": "Point", "coordinates": [ 139.71887270000002, 35.687611700000012 ] } },
{ "type": "Feature", "properties": { "amenity_id": 1169, "kind": "shop", "name": "匠", "detail": "restaurant" }, "geometry": { "type": "Point", "coordinates": [ 139.7187973, 35.6875196 ] } },
{ "type": "Feature", "properties": { "amenity_id": 1170, "kind": "shop", "name": "梵", "detail": "restaurant" }, "geometry": { "type": "Point", "coordinates": [ 139.7189837, 35.6876271 ] } },
{ "type": "Feature", "properties": { "amenity_id": 1171, "kind": "shop", "name": null, "detail": "restaurant" }, "geometry": { "type": "Point", "coordinates": [ 139.7187978, 35.6875973 ] } },
{ "type": "Feature", "properties": { "amenity_id": 1172, "kind": "shop", "name": "サイゼリヤ", "detail": "restaurant" }, "geometry": { "type": "Point", "coordinates": [ 139.7197592, 35.6876622 ] } },
{ "type": "Feature", "properties": { "amenity_id": 1173, "kind": "shop", "name": "Kyourakutei Soba", "detail": "restaurant" }, "geometry": { "type": "Point", "coordinates": [ 139.7394615, 35.7007594 ] } },
{ "type": "Feature", "properties": { "amenity_id": 1174, "kind": "shop", "name": "Shinjuku Kappo Nakajima", "detail": "restaurant" }, "geometry": { "type": "Point", "coordinates": [ 139.703962, 35.6902146 ] } },
{ "type": "Feature", "properties": { "amenity_id": 1175, "kind": "shop", "name": "松屋", "detail": "fast_food" }, "geometry": { "type": "Point", "coordinates": [ 139.708058600000044, 35.7020609 ] } },
{ "type": "Feature", "properties": { "amenity_id": 1176, "kind": "shop", "name": "サブウェイ", "detail": "fast_food" }, "geometry": { "type": "Point", "coordinates": [ 139.7100336, 35.6889436 ] } },
{ "type": "Feature", "properties": { "amenity_id": 1177, "kind": "shop", "name": "ユタカ理容店", "detail": "hairdresser" }, "geometry": { "type": "Point", "coordinates": [ 139.733261, 35.705157 ] } },
{ "type": "Feature", "properties": { "amenity_id": 1178, "kind": "shop", "name": "ドーナツ もり", "detail": "fast_food" }, "geometry": { "type": "Point", "coordinates": [ 139.735289, 35.704911 ] } },
{ "type": "Feature", "properties": { "amenity_id": 1179, "kind": "shop", "name": "kasane", "detail": "hairdresser" }, "geometry": { "type": "Point", "coordinates": [ 139.735333200000014, 35.7042651 ] } },
{ "type": "Feature", "properties": { "amenity_id": 1180, "kind": "shop", "name": "コインランドリー", "detail": "laundry" }, "geometry": { "type": "Point", "coordinates": [ 139.740471, 35.701118 ] } },
{ "type": "Feature", "properties": { "amenity_id": 1181, "kind": "shop", "name": "喜之帆", "detail": "restaurant" }, "geometry": { "type": "Point", "coordinates": [ 139.726564800000034, 35.703844 ] } },
{ "type": "Feature", "properties": { "amenity_id": 1182, "kind": "shop", "name": "神楽坂 亀井堂", "detail": "bakery" }, "geometry": { "type": "Point", "coordinates": [ 139.735562, 35.704167 ] } },
{ "type": "Feature", "properties": { "amenity_id": 1183, "kind": "shop", "name": "五芳斉", "detail": "restaurant" }, "geometry": { "type": "Point", "coordinates": [ 139.728438, 35.704651 ] } },
{ "type": "Feature", "properties": { "amenity_id": 1184, "kind": "shop", "name": "高山食品店", "detail": "convenience" }, "geometry": { "type": "Point", "coordinates": [ 139.728263, 35.7046149 ] } },
{ "type": "Feature", "properties": { "amenity_id": 1185, "kind": "shop", "name": "マックス", "detail": "hairdresser" }, "geometry": { "type": "Point", "coordinates": [ 139.7328702, 35.7035329 ] } },
{ "type": "Feature", "properties": { "amenity_id": 1186, "kind": "shop", "name": "キノシタヘアーサロン", "detail": "hairdresser" }, "geometry": { "type": "Point", "coordinates": [ 139.732626, 35.702387 ] } },
{ "type": "Feature", "properties": { "amenity_id": 1187, "kind": "shop", "name": "ポニー", "detail": "dry_cleaning" }, "geometry": { "type": "Point", "coordinates": [ 139.726774, 35.701562 ] } },
{ "type": "Feature", "properties": { "amenity_id": 1188, "kind": "shop", "name": "Designo", "detail": "restaurant" }, "geometry": { "type": "Point", "coordinates": [ 139.732515, 35.702518 ] } },
{ "type": "Feature", "properties": { "amenity_id": 1189, "kind": "shop", "name": "Rojiura Curry SAMURAI.", "detail": "restaurant" }, "geometry": { "type": "Point", "coordinates": [ 139.732971100000015, 35.7001004 ] } },
{ "type": "Feature", "properties": { "amenity_id": 1190, "kind": "shop", "name": "CLEAR", "detail": "hairdresser" }, "geometry": { "type": "Point", "coordinates": [ 139.733625, 35.699119 ] } },
{ "type": "Feature", "properties": { "amenity_id": 1191, "kind": "shop", "name": "NITTANA", "detail": "restaurant" }, "geometry": { "type": "Point", "coordinates": [ 139.740038, 35.697586 ] } },
{ "type": "Feature", "properties": { "amenity_id": 1192, "kind": "shop", "name": "珈琲館牛込", "detail": "cafe" }, "geometry": { "type": "Point", "coordinates": [ 139.733974200000034, 35.6983043 ] } },
{ "type": "Feature", "properties": { "amenity_id": 1193, "kind": "shop", "name": "芳とも奄", "detail": "restaurant" }, "geometry": { "type": "Point", "coordinates": [ 139.734075, 35.69802 ] } },
{ "type": "Feature", "properties": { "amenity_id": 1194, "kind": "shop", "name": "蓮根荘", "detail": "restaurant" }, "geometry": { "type": "Point", "coordinates": [ 139.73371, 35.698919 ] } },
{ "type": "Feature", "properties": { "amenity_id": 1195, "kind": "shop", "name": "魚吉三", "detail": "restaurant" }, "geometry": { "type": "Point", "coordinates": [ 139.734052, 35.69813 ] } },
{ "type": "Feature", "properties": { "amenity_id": 1196, "kind": "shop", "name": "龍太", "detail": "restaurant" }, "geometry": { "type": "Point", "coordinates": [ 139.733866, 35.698446 ] } },
{ "type": "Feature", "properties": { "amenity_id": 1197, "kind": "shop", "name": "Rinascente", "detail": "clothes" }, "geometry": { "type": "Point", "coordinates": [ 139.734697, 35.700318 ] } },
{ "type": "Feature", "properties": { "amenity_id": 1198, "kind": "shop", "name": "フルオンザヒル", "detail": "fast_food" }, "geometry": { "type": "Point", "coordinates": [ 139.737363, 35.699805 ] } },
{ "type": "Feature", "properties": { "amenity_id": 1199, "kind": "shop", "name": "ポニー", "detail": "dry_cleaning" }, "geometry": { "type": "Point", "coordinates": [ 139.733685, 35.69997 ] } },
{ "type": "Feature", "properties": { "amenity_id": 1200, "kind": "shop", "name": "味蔵", "detail": "restaurant" }, "geometry": { "type": "Point", "coordinates": [ 139.734661, 35.696859 ] } },
{ "type": "Feature", "properties": { "amenity_id": 1201, "kind": "shop", "name": "松竹梅　よしだ", "detail": "restaurant" }, "geometry": { "type": "Point", "coordinates": [ 139.734688, 35.697186 ] } },
{ "type": "Feature", "properties": { "amenity_id": 1202, "kind": "shop", "name": "肉のハナマサ", "detail": "supermarket" }, "geometry": { "type": "Point", "coordinates": [ 139.739691, 35.697177 ] } },
{ "type": "Feature", "properties": { "amenity_id": 1203, "kind": "shop", "name": "花びし茶屋", "detail": "restaurant" }, "geometry": { "type": "Point", "coordinates": [ 139.733348, 35.699672 ] } },
{ "type": "Feature", "properties": { "amenity_id": 1204, "kind": "shop", "name": "Fuoco-Dolce", "detail": "restaurant" }, "geometry": { "type": "Point", "coordinates": [ 139.734119, 35.693566 ] } },
{ "type": "Feature", "properties": { "amenity_id": 1205, "kind": "shop", "name": "丸弦", "detail": "fast_food" }, "geometry": { "type": "Point", "coordinates": [ 139.737642, 35.694426 ] } },
{ "type": "Feature", "properties": { "amenity_id": 1206, "kind": "shop", "name": "cafe katy", "detail": "cafe" }, "geometry": { "type": "Point", "coordinates": [ 139.7377803, 35.6946224 ] } },
{ "type": "Feature", "properties": { "amenity_id": 1207, "kind": "shop", "name": "いまむら", "detail": "restaurant" }, "geometry": { "type": "Point", "coordinates": [ 139.739027, 35.696324 ] } },
{ "type": "Feature", "properties": { "amenity_id": 1208, "kind": "shop", "name": "ファミリーマート", "detail": "convenience" }, "geometry": { "type": "Point", "coordinates": [ 139.737128, 35.694664 ] } },
{ "type": "Feature", "properties": { "amenity_id": 1209, "kind": "shop", "name": "ファミリーマート", "detail": "convenience" }, "geometry": { "type": "Point", "coordinates": [ 139.737585600000017, 35.702398100000011 ] } },
{ "type": "Feature", "properties": { "amenity_id": 1210, "kind": "shop", "name": "三味亭", "detail": "restaurant" }, "geometry": { "type": "Point", "coordinates": [ 139.737819300000012, 35.702289 ] } },
{ "type": "Feature", "properties": { "amenity_id": 1211, "kind": "shop", "name": "クリーニングエクセル", "detail": "dry_cleaning" }, "geometry": { "type": "Point", "coordinates": [ 139.735118700000015, 35.703884 ] } },
{ "type": "Feature", "properties": { "amenity_id": 1212, "kind": "shop", "name": "フジクラクリーニング", "detail": "dry_cleaning" }, "geometry": { "type": "Point", "coordinates": [ 139.736131, 35.704025 ] } },
{ "type": "Feature", "properties": { "amenity_id": 1213, "kind": "shop", "name": "Kimuraya", "detail": "supermarket" }, "geometry": { "type": "Point", "coordinates": [ 139.7364229, 35.70316110000001 ] } },
{ "type": "Feature", "properties": { "amenity_id": 1214, "kind": "shop", "name": "SainE", "detail": "supermarket" }, "geometry": { "type": "Point", "coordinates": [ 139.7372037, 35.7029388 ] } },
{ "type": "Feature", "properties": { "amenity_id": 1215, "kind": "shop", "name": "The 100 store", "detail": "convenience" }, "geometry": { "type": "Point", "coordinates": [ 139.736873, 35.703075 ] } },
{ "type": "Feature", "properties": { "amenity_id": 1216, "kind": "shop", "name": "せいせん舎", "detail": "dry_cleaning" }, "geometry": { "type": "Point", "coordinates": [ 139.73657, 35.703108 ] } },
{ "type": "Feature", "properties": { "amenity_id": 1217, "kind": "shop", "name": "ル・ミリオン", "detail": "hairdresser" }, "geometry": { "type": "Point", "coordinates": [ 139.73763, 35.703156 ] } },
{ "type": "Feature", "properties": { "amenity_id": 1218, "kind": "shop", "name": "まいばすけっと", "detail": "supermarket" }, "geometry": { "type": "Point", "coordinates": [ 139.72539, 35.696059 ] } },
{ "type": "Feature", "properties": { "amenity_id": 1219, "kind": "shop", "name": "ファミリーマート", "detail": "convenience" }, "geometry": { "type": "Point", "coordinates": [ 139.740959, 35.698742 ] } },
{ "type": "Feature", "properties": { "amenity_id": 1220, "kind": "shop", "name": "ローソン", "detail": "convenience" }, "geometry": { "type": "Point", "coordinates": [ 139.725357800000012, 35.6963949 ] } },
{ "type": "Feature", "properties": { "amenity_id": 1221, "kind": "shop", "name": "すし処東條", "detail": "restaurant" }, "geometry": { "type": "Point", "coordinates": [ 139.725605, 35.696383 ] } },
{ "type": "Feature", "properties": { "amenity_id": 1222, "kind": "shop", "name": "はなむら", "detail": "restaurant" }, "geometry": { "type": "Point", "coordinates": [ 139.726048, 35.696472 ] } },
{ "type": "Feature", "properties": { "amenity_id": 1223, "kind": "shop", "name": "ターカリー", "detail": "restaurant" }, "geometry": { "type": "Point", "coordinates": [ 139.72594, 35.697991 ] } },
{ "type": "Feature", "properties": { "amenity_id": 1224, "kind": "shop", "name": "富家", "detail": "restaurant" }, "geometry": { "type": "Point", "coordinates": [ 139.726085, 35.698423 ] } },
{ "type": "Feature", "properties": { "amenity_id": 1225, "kind": "shop", "name": "明治園薬王寺支店", "detail": "cafe" }, "geometry": { "type": "Point", "coordinates": [ 139.725905, 35.697788 ] } },
{ "type": "Feature", "properties": { "amenity_id": 1226, "kind": "shop", "name": "銀のさら新宿東店", "detail": "restaurant" }, "geometry": { "type": "Point", "coordinates": [ 139.727182200000016, 35.6956317 ] } },
{ "type": "Feature", "properties": { "amenity_id": 1227, "kind": "shop", "name": "Le Mange-Tout", "detail": "restaurant" }, "geometry": { "type": "Point", "coordinates": [ 139.7324, 35.698021 ] } },
{ "type": "Feature", "properties": { "amenity_id": 1228, "kind": "shop", "name": "かた山", "detail": "restaurant" }, "geometry": { "type": "Point", "coordinates": [ 139.726257, 35.699001 ] } },
{ "type": "Feature", "properties": { "amenity_id": 1229, "kind": "shop", "name": "すし処海勢", "detail": "restaurant" }, "geometry": { "type": "Point", "coordinates": [ 139.726427, 35.698876 ] } },
{ "type": "Feature", "properties": { "amenity_id": 1230, "kind": "shop", "name": "惣", "detail": "restaurant" }, "geometry": { "type": "Point", "coordinates": [ 139.726289, 35.698923 ] } },
{ "type": "Feature", "properties": { "amenity_id": 1231, "kind": "shop", "name": "いわもとQ 歌舞伎町店", "detail": "restaurant" }, "geometry": { "type": "Point", "coordinates": [ 139.7033848, 35.6942855 ] } },
{ "type": "Feature", "properties": { "amenity_id": 1232, "kind": "shop", "name": "ローソン", "detail": "convenience" }, "geometry": { "type": "Point", "coordinates": [ 139.6972508, 35.7042932 ] } },
{ "type": "Feature", "properties": { "amenity_id": 1233, "kind": "shop", "name": null, "detail": "bar" }, "geometry": { "type": "Point", "coordinates": [ 139.699603700000011, 35.6932773 ] } },
{ "type": "Feature", "properties": { "amenity_id": 1234, "kind": "shop", "name": "ルノアール", "detail": "cafe" }, "geometry": { "type": "Point", "coordinates": [ 139.699217, 35.7016799 ] } },
{ "type": "Feature", "properties": { "amenity_id": 1235, "kind": "shop", "name": "日高屋", "detail": "fast_food" }, "geometry": { "type": "Point", "coordinates": [ 139.7193091, 35.6797066 ] } },
{ "type": "Feature", "properties": { "amenity_id": 1236, "kind": "shop", "name": "うまや", "detail": "restaurant" }, "geometry": { "type": "Point", "coordinates": [ 139.719271600000013, 35.6795839 ] } },
{ "type": "Feature", "properties": { "amenity_id": 1237, "kind": "shop", "name": "NewDays", "detail": "convenience" }, "geometry": { "type": "Point", "coordinates": [ 139.719596200000012, 35.6802891 ] } },
{ "type": "Feature", "properties": { "amenity_id": 1238, "kind": "shop", "name": "PRONTO", "detail": "cafe" }, "geometry": { "type": "Point", "coordinates": [ 139.7201177, 35.6797125 ] } },
{ "type": "Feature", "properties": { "amenity_id": 1239, "kind": "shop", "name": "Cafe Shakey's", "detail": "cafe" }, "geometry": { "type": "Point", "coordinates": [ 139.719241900000014, 35.6795105 ] } },
{ "type": "Feature", "properties": { "amenity_id": 1240, "kind": "shop", "name": "ミニストップ", "detail": "convenience" }, "geometry": { "type": "Point", "coordinates": [ 139.7201067, 35.6796481 ] } },
{ "type": "Feature", "properties": { "amenity_id": 1241, "kind": "shop", "name": "ロッテリア", "detail": "fast_food" }, "geometry": { "type": "Point", "coordinates": [ 139.6968679, 35.7016499 ] } },
{ "type": "Feature", "properties": { "amenity_id": 1242, "kind": "shop", "name": null, "detail": "clothes" }, "geometry": { "type": "Point", "coordinates": [ 139.7028429, 35.6907048 ] } },
{ "type": "Feature", "properties": { "amenity_id": 1243, "kind": "shop", "name": "とんかつ・にいむら本店", "detail": "restaurant" }, "geometry": { "type": "Point", "coordinates": [ 139.701192500000019, 35.694572 ] } },
{ "type": "Feature", "properties": { "amenity_id": 1244, "kind": "shop", "name": "まいばすけっと", "detail": "supermarket" }, "geometry": { "type": "Point", "coordinates": [ 139.711731400000019, 35.7110929 ] } },
{ "type": "Feature", "properties": { "amenity_id": 1245, "kind": "shop", "name": null, "detail": "restaurant" }, "geometry": { "type": "Point", "coordinates": [ 139.717175200000014, 35.7100049 ] } },
{ "type": "Feature", "properties": { "amenity_id": 1246, "kind": "shop", "name": null, "detail": "cafe" }, "geometry": { "type": "Point", "coordinates": [ 139.721596700000021, 35.7100025 ] } },
{ "type": "Feature", "properties": { "amenity_id": 1247, "kind": "shop", "name": null, "detail": "restaurant" }, "geometry": { "type": "Point", "coordinates": [ 139.722258, 35.7090457 ] } },
{ "type": "Feature", "properties": { "amenity_id": 1248, "kind": "shop", "name": null, "detail": "restaurant" }, "geometry": { "type": "Point", "coordinates": [ 139.722179, 35.7089613 ] } },
{ "type": "Feature", "properties": { "amenity_id": 1249, "kind": "shop", "name": null, "detail": "convenience" }, "geometry": { "type": "Point", "coordinates": [ 139.7190146, 35.70915320000001 ] } },
{ "type": "Feature", "properties": { "amenity_id": 1250, "kind": "shop", "name": "とんこつラーメン博多風龍", "detail": "restaurant" }, "geometry": { "type": "Point", "coordinates": [ 139.7020769, 35.6928535 ] } },
{ "type": "Feature", "properties": { "amenity_id": 1251, "kind": "shop", "name": null, "detail": "restaurant" }, "geometry": { "type": "Point", "coordinates": [ 139.712319400000013, 35.7141102 ] } },
{ "type": "Feature", "properties": { "amenity_id": 1252, "kind": "shop", "name": "新宿天ぷら　つな八", "detail": "restaurant" }, "geometry": { "type": "Point", "coordinates": [ 139.70339, 35.6907991 ] } },
{ "type": "Feature", "properties": { "amenity_id": 1253, "kind": "shop", "name": null, "detail": "restaurant" }, "geometry": { "type": "Point", "coordinates": [ 139.7011181, 35.6940079 ] } },
{ "type": "Feature", "properties": { "amenity_id": 1254, "kind": "shop", "name": "たんぽぽハウス", "detail": "clothes" }, "geometry": { "type": "Point", "coordinates": [ 139.7084974, 35.711916200000012 ] } },
{ "type": "Feature", "properties": { "amenity_id": 1255, "kind": "shop", "name": null, "detail": "cafe" }, "geometry": { "type": "Point", "coordinates": [ 139.694892400000015, 35.6926501 ] } },
{ "type": "Feature", "properties": { "amenity_id": 1256, "kind": "shop", "name": "Paul", "detail": "bakery" }, "geometry": { "type": "Point", "coordinates": [ 139.6951635, 35.6928203 ] } },
{ "type": "Feature", "properties": { "amenity_id": 1257, "kind": "shop", "name": null, "detail": "restaurant" }, "geometry": { "type": "Point", "coordinates": [ 139.7034204, 35.6908 ] } },
{ "type": "Feature", "properties": { "amenity_id": 1258, "kind": "shop", "name": null, "detail": "restaurant" }, "geometry": { "type": "Point", "coordinates": [ 139.7387927, 35.7016574 ] } },
{ "type": "Feature", "properties": { "amenity_id": 1259, "kind": "shop", "name": "Akomeya", "detail": "cafe" }, "geometry": { "type": "Point", "coordinates": [ 139.733212800000018, 35.7036493 ] } },
{ "type": "Feature", "properties": { "amenity_id": 1260, "kind": "shop", "name": null, "detail": "cafe" }, "geometry": { "type": "Point", "coordinates": [ 139.695553600000011, 35.6931303 ] } },
{ "type": "Feature", "properties": { "amenity_id": 1261, "kind": "shop", "name": null, "detail": "restaurant" }, "geometry": { "type": "Point", "coordinates": [ 139.705962200000016, 35.6909887 ] } },
{ "type": "Feature", "properties": { "amenity_id": 1262, "kind": "shop", "name": null, "detail": "restaurant" }, "geometry": { "type": "Point", "coordinates": [ 139.708513, 35.6893984 ] } },
{ "type": "Feature", "properties": { "amenity_id": 1263, "kind": "shop", "name": "ザ・ワインバー", "detail": "restaurant" }, "geometry": { "type": "Point", "coordinates": [ 139.692743700000022, 35.690982 ] } },
{ "type": "Feature", "properties": { "amenity_id": 1264, "kind": "shop", "name": "鉄板焼き 濱", "detail": "restaurant" }, "geometry": { "type": "Point", "coordinates": [ 139.701945600000045, 35.6943871 ] } },
{ "type": "Feature", "properties": { "amenity_id": 1265, "kind": "shop", "name": null, "detail": "bar" }, "geometry": { "type": "Point", "coordinates": [ 139.706526200000013, 35.6906076 ] } },
{ "type": "Feature", "properties": { "amenity_id": 1266, "kind": "shop", "name": "ローソン", "detail": "convenience" }, "geometry": { "type": "Point", "coordinates": [ 139.7073699, 35.7007945 ] } },
{ "type": "Feature", "properties": { "amenity_id": 1267, "kind": "shop", "name": "日本鮮魚甲殻類同好会", "detail": "restaurant" }, "geometry": { "type": "Point", "coordinates": [ 139.70092, 35.694794 ] } },
{ "type": "Feature", "properties": { "amenity_id": 1268, "kind": "shop", "name": null, "detail": "restaurant" }, "geometry": { "type": "Point", "coordinates": [ 139.705853900000022, 35.6907911 ] } },
{ "type": "Feature", "properties": { "amenity_id": 1269, "kind": "shop", "name": null, "detail": "bar" }, "geometry": { "type": "Point", "coordinates": [ 139.705836800000014, 35.6908885 ] } },
{ "type": "Feature", "properties": { "amenity_id": 1270, "kind": "shop", "name": null, "detail": "bar" }, "geometry": { "type": "Point", "coordinates": [ 139.7063056, 35.6906775 ] } },
{ "type": "Feature", "properties": { "amenity_id": 1271, "kind": "shop", "name": "ベンフィディック", "detail": "bar" }, "geometry": { "type": "Point", "coordinates": [ 139.696599500000019, 35.68948850000001 ] } },
{ "type": "Feature", "properties": { "amenity_id": 1272, "kind": "shop", "name": null, "detail": "clothes" }, "geometry": { "type": "Point", "coordinates": [ 139.705518500000011, 35.691676 ] } },
{ "type": "Feature", "properties": { "amenity_id": 1273, "kind": "shop", "name": null, "detail": "restaurant" }, "geometry": { "type": "Point", "coordinates": [ 139.703788300000014, 35.6943662 ] } },
{ "type": "Feature", "properties": { "amenity_id": 1274, "kind": "shop", "name": "Nabe-zo Sukiyaki and Shabu Shabu", "detail": "restaurant" }, "geometry": { "type": "Point", "coordinates": [ 139.702690900000022, 35.6910048 ] } },
{ "type": "Feature", "properties": { "amenity_id": 1275, "kind": "shop", "name": null, "detail": "clothes" }, "geometry": { "type": "Point", "coordinates": [ 139.702503800000017, 35.688562 ] } },
{ "type": "Feature", "properties": { "amenity_id": 1276, "kind": "shop", "name": "ビームス", "detail": "clothes" }, "geometry": { "type": "Point", "coordinates": [ 139.70401, 35.6903499 ] } },
{ "type": "Feature", "properties": { "amenity_id": 1277, "kind": "shop", "name": null, "detail": "cafe" }, "geometry": { "type": "Point", "coordinates": [ 139.7400136, 35.6981423 ] } },
{ "type": "Feature", "properties": { "amenity_id": 1278, "kind": "shop", "name": "アインソフ ジャーニー", "detail": "restaurant" }, "geometry": { "type": "Point", "coordinates": [ 139.7067538, 35.6906754 ] } },
{ "type": "Feature", "properties": { "amenity_id": 1279, "kind": "shop", "name": "焼麺 劔", "detail": "restaurant" }, "geometry": { "type": "Point", "coordinates": [ 139.7086132, 35.7135717 ] } },
{ "type": "Feature", "properties": { "amenity_id": 1280, "kind": "shop", "name": "BAKE (Cheese tarts)", "detail": "bakery" }, "geometry": { "type": "Point", "coordinates": [ 139.701168100000018, 35.6915816 ] } },
{ "type": "Feature", "properties": { "amenity_id": 1281, "kind": "shop", "name": "やよい軒", "detail": "restaurant" }, "geometry": { "type": "Point", "coordinates": [ 139.709223400000013, 35.7117954 ] } },
{ "type": "Feature", "properties": { "amenity_id": 1282, "kind": "shop", "name": "麺爺", "detail": "restaurant" }, "geometry": { "type": "Point", "coordinates": [ 139.718515, 35.7063981 ] } },
{ "type": "Feature", "properties": { "amenity_id": 1283, "kind": "shop", "name": null, "detail": "restaurant" }, "geometry": { "type": "Point", "coordinates": [ 139.7204007, 35.7055919 ] } },
{ "type": "Feature", "properties": { "amenity_id": 1284, "kind": "shop", "name": null, "detail": "supermarket" }, "geometry": { "type": "Point", "coordinates": [ 139.717471500000016, 35.7099858 ] } },
{ "type": "Feature", "properties": { "amenity_id": 1285, "kind": "shop", "name": "エクセルシオール カフェ", "detail": "cafe" }, "geometry": { "type": "Point", "coordinates": [ 139.690759400000019, 35.694622800000012 ] } },
{ "type": "Feature", "properties": { "amenity_id": 1286, "kind": "shop", "name": "ファミリーマート", "detail": "convenience" }, "geometry": { "type": "Point", "coordinates": [ 139.7107714, 35.7114939 ] } },
{ "type": "Feature", "properties": { "amenity_id": 1287, "kind": "shop", "name": null, "detail": "fast_food" }, "geometry": { "type": "Point", "coordinates": [ 139.7073426, 35.7122672 ] } },
{ "type": "Feature", "properties": { "amenity_id": 1288, "kind": "shop", "name": null, "detail": "clothes" }, "geometry": { "type": "Point", "coordinates": [ 139.709379900000044, 35.7117504 ] } },
{ "type": "Feature", "properties": { "amenity_id": 1289, "kind": "shop", "name": null, "detail": "dry_cleaning" }, "geometry": { "type": "Point", "coordinates": [ 139.7141018, 35.7124064 ] } },
{ "type": "Feature", "properties": { "amenity_id": 1290, "kind": "shop", "name": "丼丸", "detail": "fast_food" }, "geometry": { "type": "Point", "coordinates": [ 139.714145800000011, 35.7099252 ] } },
{ "type": "Feature", "properties": { "amenity_id": 1291, "kind": "shop", "name": null, "detail": "restaurant" }, "geometry": { "type": "Point", "coordinates": [ 139.7162993, 35.7092619 ] } },
{ "type": "Feature", "properties": { "amenity_id": 1292, "kind": "shop", "name": "らぁ麺やまぐち", "detail": "restaurant" }, "geometry": { "type": "Point", "coordinates": [ 139.713259100000016, 35.7099425 ] } },
{ "type": "Feature", "properties": { "amenity_id": 1293, "kind": "shop", "name": null, "detail": "restaurant" }, "geometry": { "type": "Point", "coordinates": [ 139.713281, 35.709931 ] } },
{ "type": "Feature", "properties": { "amenity_id": 1294, "kind": "shop", "name": "CHATTY CHATTY", "detail": "fast_food" }, "geometry": { "type": "Point", "coordinates": [ 139.712763100000018, 35.6888294 ] } },
{ "type": "Feature", "properties": { "amenity_id": 1295, "kind": "shop", "name": "ロッテリア", "detail": "fast_food" }, "geometry": { "type": "Point", "coordinates": [ 139.702369200000021, 35.690621 ] } },
{ "type": "Feature", "properties": { "amenity_id": 1296, "kind": "shop", "name": "コインランドリー", "detail": "laundry" }, "geometry": { "type": "Point", "coordinates": [ 139.7345765, 35.7066095 ] } },
{ "type": "Feature", "properties": { "amenity_id": 1297, "kind": "shop", "name": "桂花ラーメン", "detail": "restaurant" }, "geometry": { "type": "Point", "coordinates": [ 139.702221400000013, 35.6931025 ] } },
{ "type": "Feature", "properties": { "amenity_id": 1298, "kind": "shop", "name": "桂花ラーメン", "detail": "restaurant" }, "geometry": { "type": "Point", "coordinates": [ 139.701918300000017, 35.6927227 ] } },
{ "type": "Feature", "properties": { "amenity_id": 1299, "kind": "shop", "name": null, "detail": "cafe" }, "geometry": { "type": "Point", "coordinates": [ 139.695251500000012, 35.6950302 ] } },
{ "type": "Feature", "properties": { "amenity_id": 1300, "kind": "shop", "name": "ファミリーマート", "detail": "convenience" }, "geometry": { "type": "Point", "coordinates": [ 139.7000993, 35.704054500000012 ] } },
{ "type": "Feature", "properties": { "amenity_id": 1301, "kind": "shop", "name": "サンクス", "detail": "convenience" }, "geometry": { "type": "Point", "coordinates": [ 139.694177, 35.7065371 ] } },
{ "type": "Feature", "properties": { "amenity_id": 1302, "kind": "shop", "name": "ミニストップ", "detail": "convenience" }, "geometry": { "type": "Point", "coordinates": [ 139.692624600000016, 35.7069885 ] } },
{ "type": "Feature", "properties": { "amenity_id": 1303, "kind": "shop", "name": null, "detail": "convenience" }, "geometry": { "type": "Point", "coordinates": [ 139.720678600000014, 35.7111709 ] } },
{ "type": "Feature", "properties": { "amenity_id": 1304, "kind": "shop", "name": null, "detail": "restaurant" }, "geometry": { "type": "Point", "coordinates": [ 139.702969700000011, 35.693997 ] } },
{ "type": "Feature", "properties": { "amenity_id": 1305, "kind": "shop", "name": "ファミリーマート", "detail": "convenience" }, "geometry": { "type": "Point", "coordinates": [ 139.7077563, 35.7007615 ] } },
{ "type": "Feature", "properties": { "amenity_id": 1306, "kind": "shop", "name": "すき家", "detail": "fast_food" }, "geometry": { "type": "Point", "coordinates": [ 139.707356200000021, 35.6958594 ] } },
{ "type": "Feature", "properties": { "amenity_id": 1307, "kind": "shop", "name": "サブウェイ", "detail": "fast_food" }, "geometry": { "type": "Point", "coordinates": [ 139.7055704, 35.6947 ] } },
{ "type": "Feature", "properties": { "amenity_id": 1308, "kind": "shop", "name": "吉列牛", "detail": "restaurant" }, "geometry": { "type": "Point", "coordinates": [ 139.700567300000017, 35.6942536 ] } },
{ "type": "Feature", "properties": { "amenity_id": 1309, "kind": "shop", "name": "釣魚船屋ざうお", "detail": "restaurant" }, "geometry": { "type": "Point", "coordinates": [ 139.6931729, 35.686954900000011 ] } },
{ "type": "Feature", "properties": { "amenity_id": 1310, "kind": "shop", "name": "神座拉麵", "detail": "restaurant" }, "geometry": { "type": "Point", "coordinates": [ 139.702093, 35.6944015 ] } },
{ "type": "Feature", "properties": { "amenity_id": 1311, "kind": "shop", "name": "若狹家", "detail": "restaurant" }, "geometry": { "type": "Point", "coordinates": [ 139.701877, 35.6943092 ] } },
{ "type": "Feature", "properties": { "amenity_id": 1312, "kind": "shop", "name": "幸永炭火燒", "detail": "restaurant" }, "geometry": { "type": "Point", "coordinates": [ 139.7065105, 35.697762700000013 ] } },
{ "type": "Feature", "properties": { "amenity_id": 1313, "kind": "shop", "name": "歌虎河豚亭", "detail": "restaurant" }, "geometry": { "type": "Point", "coordinates": [ 139.7038761, 35.6944933 ] } },
{ "type": "Feature", "properties": { "amenity_id": 1314, "kind": "shop", "name": "daichi no megumi", "detail": "restaurant" }, "geometry": { "type": "Point", "coordinates": [ 139.701967200000013, 35.695265 ] } },
{ "type": "Feature", "properties": { "amenity_id": 1315, "kind": "shop", "name": "六歌仙", "detail": "restaurant" }, "geometry": { "type": "Point", "coordinates": [ 139.699477800000011, 35.693345 ] } },
{ "type": "Feature", "properties": { "amenity_id": 1316, "kind": "shop", "name": null, "detail": "bar" }, "geometry": { "type": "Point", "coordinates": [ 139.706101400000023, 35.6913955 ] } },
{ "type": "Feature", "properties": { "amenity_id": 1317, "kind": "shop", "name": "FamilyMart", "detail": "convenience" }, "geometry": { "type": "Point", "coordinates": [ 139.6902211, 35.7140576 ] } },
{ "type": "Feature", "properties": { "amenity_id": 1318, "kind": "shop", "name": null, "detail": "bakery" }, "geometry": { "type": "Point", "coordinates": [ 139.715564600000022, 35.7084293 ] } },
{ "type": "Feature", "properties": { "amenity_id": 1319, "kind": "shop", "name": "新泉", "detail": "restaurant" }, "geometry": { "type": "Point", "coordinates": [ 139.738777700000014, 35.701844 ] } },
{ "type": "Feature", "properties": { "amenity_id": 1320, "kind": "shop", "name": "コインランドリーさくら", "detail": "laundry" }, "geometry": { "type": "Point", "coordinates": [ 139.7118015, 35.690421 ] } },
{ "type": "Feature", "properties": { "amenity_id": 1321, "kind": "shop", "name": null, "detail": "restaurant" }, "geometry": { "type": "Point", "coordinates": [ 139.700582, 35.6897626 ] } },
{ "type": "Feature", "properties": { "amenity_id": 1322, "kind": "shop", "name": null, "detail": "hairdresser" }, "geometry": { "type": "Point", "coordinates": [ 139.702373, 35.6888344 ] } },
{ "type": "Feature", "properties": { "amenity_id": 1323, "kind": "shop", "name": null, "detail": "restaurant" }, "geometry": { "type": "Point", "coordinates": [ 139.734726100000017, 35.6931011 ] } },
{ "type": "Feature", "properties": { "amenity_id": 1324, "kind": "shop", "name": "かわかみ", "detail": "restaurant" }, "geometry": { "type": "Point", "coordinates": [ 139.7352969, 35.6924225 ] } },
{ "type": "Feature", "properties": { "amenity_id": 1325, "kind": "shop", "name": "あの頃Bar 下宿屋", "detail": "bar" }, "geometry": { "type": "Point", "coordinates": [ 139.7052702, 35.6951537 ] } },
{ "type": "Feature", "properties": { "amenity_id": 1326, "kind": "shop", "name": "ローソンストア100", "detail": "convenience" }, "geometry": { "type": "Point", "coordinates": [ 139.7095653, 35.6960256 ] } },
{ "type": "Feature", "properties": { "amenity_id": 1327, "kind": "shop", "name": "日高屋", "detail": "fast_food" }, "geometry": { "type": "Point", "coordinates": [ 139.7026002, 35.6908058 ] } },
{ "type": "Feature", "properties": { "amenity_id": 1328, "kind": "shop", "name": "炭火焼肉トラジ 新宿店", "detail": "restaurant" }, "geometry": { "type": "Point", "coordinates": [ 139.7041548, 35.6938446 ] } },
{ "type": "Feature", "properties": { "amenity_id": 1329, "kind": "shop", "name": "Bae CANDY Shinjuku", "detail": "bar" }, "geometry": { "type": "Point", "coordinates": [ 139.7026141, 35.6901513 ] } },
{ "type": "Feature", "properties": { "amenity_id": 1330, "kind": "shop", "name": "かに道楽新宿駅前", "detail": "restaurant" }, "geometry": { "type": "Point", "coordinates": [ 139.702178800000013, 35.6912105 ] } },
{ "type": "Feature", "properties": { "amenity_id": 1331, "kind": "shop", "name": "但馬屋珈琲店", "detail": "cafe" }, "geometry": { "type": "Point", "coordinates": [ 139.69973330000002, 35.6926774 ] } },
{ "type": "Feature", "properties": { "amenity_id": 1332, "kind": "shop", "name": "一蘭", "detail": "restaurant" }, "geometry": { "type": "Point", "coordinates": [ 139.7015691, 35.6944013 ] } },
{ "type": "Feature", "properties": { "amenity_id": 1333, "kind": "shop", "name": "星野珈琲", "detail": "cafe" }, "geometry": { "type": "Point", "coordinates": [ 139.698277500000017, 35.6933772 ] } },
{ "type": "Feature", "properties": { "amenity_id": 1334, "kind": "shop", "name": "さざんか", "detail": "restaurant" }, "geometry": { "type": "Point", "coordinates": [ 139.6873674, 35.6914915 ] } },
{ "type": "Feature", "properties": { "amenity_id": 1335, "kind": "shop", "name": null, "detail": "restaurant" }, "geometry": { "type": "Point", "coordinates": [ 139.701855600000016, 35.695302600000012 ] } },
{ "type": "Feature", "properties": { "amenity_id": 1336, "kind": "shop", "name": "船橋屋", "detail": "restaurant" }, "geometry": { "type": "Point", "coordinates": [ 139.703253500000017, 35.6910225 ] } },
{ "type": "Feature", "properties": { "amenity_id": 1337, "kind": "shop", "name": null, "detail": "bar" }, "geometry": { "type": "Point", "coordinates": [ 139.702455900000018, 35.6910832 ] } },
{ "type": "Feature", "properties": { "amenity_id": 1338, "kind": "shop", "name": null, "detail": "restaurant" }, "geometry": { "type": "Point", "coordinates": [ 139.69399660000002, 35.7051848 ] } },
{ "type": "Feature", "properties": { "amenity_id": 1339, "kind": "shop", "name": "麺屋 翔", "detail": "restaurant" }, "geometry": { "type": "Point", "coordinates": [ 139.69658530000001, 35.6966006 ] } },
{ "type": "Feature", "properties": { "amenity_id": 1340, "kind": "shop", "name": "すき家", "detail": "fast_food" }, "geometry": { "type": "Point", "coordinates": [ 139.693353, 35.6875921 ] } },
{ "type": "Feature", "properties": { "amenity_id": 1341, "kind": "shop", "name": null, "detail": "cafe" }, "geometry": { "type": "Point", "coordinates": [ 139.7217307, 35.691521300000012 ] } },
{ "type": "Feature", "properties": { "amenity_id": 1342, "kind": "shop", "name": null, "detail": "cafe" }, "geometry": { "type": "Point", "coordinates": [ 139.725521900000018, 35.6793926 ] } },
{ "type": "Feature", "properties": { "amenity_id": 1343, "kind": "shop", "name": null, "detail": "cafe" }, "geometry": { "type": "Point", "coordinates": [ 139.7258377, 35.680246 ] } },
{ "type": "Feature", "properties": { "amenity_id": 1344, "kind": "shop", "name": null, "detail": "cafe" }, "geometry": { "type": "Point", "coordinates": [ 139.7119183, 35.6979626 ] } },
{ "type": "Feature", "properties": { "amenity_id": 1345, "kind": "shop", "name": "六歌仙", "detail": "restaurant" }, "geometry": { "type": "Point", "coordinates": [ 139.6988528, 35.6933877 ] } },
{ "type": "Feature", "properties": { "amenity_id": 1346, "kind": "shop", "name": null, "detail": "clothes" }, "geometry": { "type": "Point", "coordinates": [ 139.702360200000015, 35.6923635 ] } },
{ "type": "Feature", "properties": { "amenity_id": 1347, "kind": "shop", "name": "ごまや", "detail": "restaurant" }, "geometry": { "type": "Point", "coordinates": [ 139.705610900000011, 35.6907202 ] } },
{ "type": "Feature", "properties": { "amenity_id": 1348, "kind": "shop", "name": "H2 international bar", "detail": "bar" }, "geometry": { "type": "Point", "coordinates": [ 139.7214045, 35.688262 ] } },
{ "type": "Feature", "properties": { "amenity_id": 1349, "kind": "shop", "name": "Intimissimi", "detail": "clothes" }, "geometry": { "type": "Point", "coordinates": [ 139.7036304, 35.6915756 ] } },
{ "type": "Feature", "properties": { "amenity_id": 1350, "kind": "shop", "name": "天吉屋 新宿店", "detail": "restaurant" }, "geometry": { "type": "Point", "coordinates": [ 139.6952982, 35.692913 ] } },
{ "type": "Feature", "properties": { "amenity_id": 1351, "kind": "shop", "name": null, "detail": "restaurant" }, "geometry": { "type": "Point", "coordinates": [ 139.699467100000021, 35.6919975 ] } },
{ "type": "Feature", "properties": { "amenity_id": 1352, "kind": "shop", "name": "Shisha arab shinjuku shisha tokyo", "detail": "bar" }, "geometry": { "type": "Point", "coordinates": [ 139.702537700000022, 35.6949805 ] } },
{ "type": "Feature", "properties": { "amenity_id": 1353, "kind": "shop", "name": "外苑パーラー", "detail": "restaurant" }, "geometry": { "type": "Point", "coordinates": [ 139.7174531, 35.676975500000019 ] } },
{ "type": "Feature", "properties": { "amenity_id": 1354, "kind": "shop", "name": "American bar and cafe mates", "detail": "bar" }, "geometry": { "type": "Point", "coordinates": [ 139.7216979, 35.6894538 ] } },
{ "type": "Feature", "properties": { "amenity_id": 1355, "kind": "shop", "name": "TOMIZ", "detail": "supermarket" }, "geometry": { "type": "Point", "coordinates": [ 139.698992700000019, 35.6906742 ] } },
{ "type": "Feature", "properties": { "amenity_id": 1356, "kind": "shop", "name": "Saishoku kenbi", "detail": "restaurant" }, "geometry": { "type": "Point", "coordinates": [ 139.6972782, 35.7023724 ] } },
{ "type": "Feature", "properties": { "amenity_id": 1357, "kind": "shop", "name": "リジーグ", "detail": "cafe" }, "geometry": { "type": "Point", "coordinates": [ 139.70458, 35.6923067 ] } },
{ "type": "Feature", "properties": { "amenity_id": 1358, "kind": "shop", "name": "Universal City", "detail": "restaurant" }, "geometry": { "type": "Point", "coordinates": [ 139.7014321, 35.6953405 ] } },
{ "type": "Feature", "properties": { "amenity_id": 1359, "kind": "shop", "name": "セブン-イレブン", "detail": "convenience" }, "geometry": { "type": "Point", "coordinates": [ 139.712921, 35.687988 ] } },
{ "type": "Feature", "properties": { "amenity_id": 1360, "kind": "shop", "name": "PRONTO", "detail": "cafe" }, "geometry": { "type": "Point", "coordinates": [ 139.7120669, 35.6887888 ] } },
{ "type": "Feature", "properties": { "amenity_id": 1361, "kind": "shop", "name": "ファミリーマート", "detail": "convenience" }, "geometry": { "type": "Point", "coordinates": [ 139.711915300000015, 35.688989400000011 ] } },
{ "type": "Feature", "properties": { "amenity_id": 1362, "kind": "shop", "name": "ローソン", "detail": "convenience" }, "geometry": { "type": "Point", "coordinates": [ 139.7100876, 35.6896767 ] } },
{ "type": "Feature", "properties": { "amenity_id": 1363, "kind": "shop", "name": "セブン-イレブン", "detail": "convenience" }, "geometry": { "type": "Point", "coordinates": [ 139.7070368, 35.690023 ] } },
{ "type": "Feature", "properties": { "amenity_id": 1364, "kind": "shop", "name": "とんこつラーメン博多天神", "detail": "restaurant" }, "geometry": { "type": "Point", "coordinates": [ 139.70740840000002, 35.689842 ] } },
{ "type": "Feature", "properties": { "amenity_id": 1365, "kind": "shop", "name": "きんよ", "detail": "restaurant" }, "geometry": { "type": "Point", "coordinates": [ 139.688285, 35.70156570000001 ] } },
{ "type": "Feature", "properties": { "amenity_id": 1366, "kind": "shop", "name": "WORLD TAILORS 1919", "detail": "clothes" }, "geometry": { "type": "Point", "coordinates": [ 139.691947100000021, 35.7019024 ] } },
{ "type": "Feature", "properties": { "amenity_id": 1367, "kind": "shop", "name": "サラダキッチン", "detail": "restaurant" }, "geometry": { "type": "Point", "coordinates": [ 139.692057700000021, 35.7017673 ] } },
{ "type": "Feature", "properties": { "amenity_id": 1368, "kind": "shop", "name": "ローソンストア100", "detail": "convenience" }, "geometry": { "type": "Point", "coordinates": [ 139.692166400000019, 35.7017739 ] } },
{ "type": "Feature", "properties": { "amenity_id": 1369, "kind": "shop", "name": "LEMON", "detail": "clothes" }, "geometry": { "type": "Point", "coordinates": [ 139.69225320000001, 35.7017686 ] } },
{ "type": "Feature", "properties": { "amenity_id": 1370, "kind": "shop", "name": "オリンピック", "detail": "supermarket" }, "geometry": { "type": "Point", "coordinates": [ 139.692385700000017, 35.7020604 ] } },
{ "type": "Feature", "properties": { "amenity_id": 1371, "kind": "shop", "name": "オリック", "detail": "dry_cleaning" }, "geometry": { "type": "Point", "coordinates": [ 139.6926626, 35.7019804 ] } },
{ "type": "Feature", "properties": { "amenity_id": 1372, "kind": "shop", "name": "ガウレレストラン＆セクワガル", "detail": "restaurant" }, "geometry": { "type": "Point", "coordinates": [ 139.692744, 35.7019861 ] } },
{ "type": "Feature", "properties": { "amenity_id": 1373, "kind": "shop", "name": "弁当", "detail": "restaurant" }, "geometry": { "type": "Point", "coordinates": [ 139.692863400000022, 35.7018195 ] } },
{ "type": "Feature", "properties": { "amenity_id": 1374, "kind": "shop", "name": "ハッピー", "detail": "laundry" }, "geometry": { "type": "Point", "coordinates": [ 139.693357, 35.7020989 ] } },
{ "type": "Feature", "properties": { "amenity_id": 1375, "kind": "shop", "name": "すき家", "detail": "fast_food" }, "geometry": { "type": "Point", "coordinates": [ 139.693593, 35.7018589 ] } },
{ "type": "Feature", "properties": { "amenity_id": 1376, "kind": "shop", "name": "Takayama", "detail": "hairdresser" }, "geometry": { "type": "Point", "coordinates": [ 139.6938098, 35.7020433 ] } },
{ "type": "Feature", "properties": { "amenity_id": 1377, "kind": "shop", "name": "やきとり", "detail": "restaurant" }, "geometry": { "type": "Point", "coordinates": [ 139.6938399, 35.70187210000001 ] } },
{ "type": "Feature", "properties": { "amenity_id": 1378, "kind": "shop", "name": "Dining Kura", "detail": "restaurant" }, "geometry": { "type": "Point", "coordinates": [ 139.694232200000016, 35.7020494 ] } },
{ "type": "Feature", "properties": { "amenity_id": 1379, "kind": "shop", "name": "ルノアール", "detail": "cafe" }, "geometry": { "type": "Point", "coordinates": [ 139.695468, 35.7016463 ] } },
{ "type": "Feature", "properties": { "amenity_id": 1380, "kind": "shop", "name": "まいばすけっと", "detail": "supermarket" }, "geometry": { "type": "Point", "coordinates": [ 139.695587400000022, 35.7019703 ] } },
{ "type": "Feature", "properties": { "amenity_id": 1381, "kind": "shop", "name": "麺処直久", "detail": "restaurant" }, "geometry": { "type": "Point", "coordinates": [ 139.6957413, 35.701702100000013 ] } },
{ "type": "Feature", "properties": { "amenity_id": 1382, "kind": "shop", "name": "にいむら", "detail": "restaurant" }, "geometry": { "type": "Point", "coordinates": [ 139.6958836, 35.7016912 ] } },
{ "type": "Feature", "properties": { "amenity_id": 1383, "kind": "shop", "name": "松屋", "detail": "fast_food" }, "geometry": { "type": "Point", "coordinates": [ 139.696088700000018, 35.7016347 ] } },
{ "type": "Feature", "properties": { "amenity_id": 1384, "kind": "shop", "name": "ばりスタ", "detail": "restaurant" }, "geometry": { "type": "Point", "coordinates": [ 139.6961451, 35.7019402 ] } },
{ "type": "Feature", "properties": { "amenity_id": 1385, "kind": "shop", "name": "CoCo壱番屋", "detail": "restaurant" }, "geometry": { "type": "Point", "coordinates": [ 139.6962906, 35.7016494 ] } },
{ "type": "Feature", "properties": { "amenity_id": 1386, "kind": "shop", "name": "日高屋", "detail": "fast_food" }, "geometry": { "type": "Point", "coordinates": [ 139.696358300000014, 35.7016483 ] } },
{ "type": "Feature", "properties": { "amenity_id": 1387, "kind": "shop", "name": "タイガー餃子会館", "detail": "restaurant" }, "geometry": { "type": "Point", "coordinates": [ 139.695537200000018, 35.70173650000001 ] } },
{ "type": "Feature", "properties": { "amenity_id": 1388, "kind": "shop", "name": "富士そば", "detail": "fast_food" }, "geometry": { "type": "Point", "coordinates": [ 139.696875700000021, 35.7018596 ] } },
{ "type": "Feature", "properties": { "amenity_id": 1389, "kind": "shop", "name": "Pepper Lunch", "detail": "fast_food" }, "geometry": { "type": "Point", "coordinates": [ 139.6973533, 35.701852 ] } },
{ "type": "Feature", "properties": { "amenity_id": 1390, "kind": "shop", "name": "光州苑本館", "detail": "restaurant" }, "geometry": { "type": "Point", "coordinates": [ 139.697362600000019, 35.701545700000011 ] } },
{ "type": "Feature", "properties": { "amenity_id": 1391, "kind": "shop", "name": "ローソンストア100", "detail": "convenience" }, "geometry": { "type": "Point", "coordinates": [ 139.6974712, 35.7015704 ] } },
{ "type": "Feature", "properties": { "amenity_id": 1392, "kind": "shop", "name": "博多風龍", "detail": "restaurant" }, "geometry": { "type": "Point", "coordinates": [ 139.697555200000011, 35.7015457 ] } },
{ "type": "Feature", "properties": { "amenity_id": 1393, "kind": "shop", "name": "平禄寿司", "detail": "restaurant" }, "geometry": { "type": "Point", "coordinates": [ 139.6977817, 35.7018093 ] } },
{ "type": "Feature", "properties": { "amenity_id": 1394, "kind": "shop", "name": "KUISHINBO", "detail": "restaurant" }, "geometry": { "type": "Point", "coordinates": [ 139.6979148, 35.701764700000012 ] } },
{ "type": "Feature", "properties": { "amenity_id": 1395, "kind": "shop", "name": "ジョナサン", "detail": "restaurant" }, "geometry": { "type": "Point", "coordinates": [ 139.6979024, 35.7014557 ] } },
{ "type": "Feature", "properties": { "amenity_id": 1396, "kind": "shop", "name": "小魏鴨脖店", "detail": "restaurant" }, "geometry": { "type": "Point", "coordinates": [ 139.697992700000015, 35.701506 ] } },
{ "type": "Feature", "properties": { "amenity_id": 1397, "kind": "shop", "name": "千里香", "detail": "restaurant" }, "geometry": { "type": "Point", "coordinates": [ 139.6980537, 35.7015189 ] } },
{ "type": "Feature", "properties": { "amenity_id": 1398, "kind": "shop", "name": "天下寿司", "detail": "restaurant" }, "geometry": { "type": "Point", "coordinates": [ 139.698097100000012, 35.7015045 ] } },
{ "type": "Feature", "properties": { "amenity_id": 1399, "kind": "shop", "name": "蒙古 薬膳火鍋", "detail": "restaurant" }, "geometry": { "type": "Point", "coordinates": [ 139.698140500000022, 35.7017194 ] } },
{ "type": "Feature", "properties": { "amenity_id": 1400, "kind": "shop", "name": "から揚げ専門 から好し", "detail": "restaurant" }, "geometry": { "type": "Point", "coordinates": [ 139.6982121, 35.7015218 ] } },
{ "type": "Feature", "properties": { "amenity_id": 1401, "kind": "shop", "name": "すき家", "detail": "fast_food" }, "geometry": { "type": "Point", "coordinates": [ 139.698328, 35.7014887 ] } },
{ "type": "Feature", "properties": { "amenity_id": 1402, "kind": "shop", "name": "業務スーパー", "detail": "supermarket" }, "geometry": { "type": "Point", "coordinates": [ 139.69862790000002, 35.7017071 ] } },
{ "type": "Feature", "properties": { "amenity_id": 1403, "kind": "shop", "name": "らあめん花月", "detail": "restaurant" }, "geometry": { "type": "Point", "coordinates": [ 139.6987235, 35.70169850000002 ] } },
{ "type": "Feature", "properties": { "amenity_id": 1404, "kind": "shop", "name": "フレッシュネスバーガー", "detail": "fast_food" }, "geometry": { "type": "Point", "coordinates": [ 139.699163200000015, 35.7014276 ] } },
{ "type": "Feature", "properties": { "amenity_id": 1405, "kind": "shop", "name": "大勝軒", "detail": "restaurant" }, "geometry": { "type": "Point", "coordinates": [ 139.700639200000012, 35.7015671 ] } },
{ "type": "Feature", "properties": { "amenity_id": 1406, "kind": "shop", "name": "ローソン", "detail": "convenience" }, "geometry": { "type": "Point", "coordinates": [ 139.7058111, 35.7009451 ] } },
{ "type": "Feature", "properties": { "amenity_id": 1407, "kind": "shop", "name": "すき家", "detail": "fast_food" }, "geometry": { "type": "Point", "coordinates": [ 139.707696700000014, 35.7010527 ] } },
{ "type": "Feature", "properties": { "amenity_id": 1408, "kind": "shop", "name": "快", "detail": "laundry" }, "geometry": { "type": "Point", "coordinates": [ 139.717678400000011, 35.7013799 ] } },
{ "type": "Feature", "properties": { "amenity_id": 1409, "kind": "shop", "name": "楊子江", "detail": "restaurant" }, "geometry": { "type": "Point", "coordinates": [ 139.71776460000001, 35.7013712 ] } },
{ "type": "Feature", "properties": { "amenity_id": 1410, "kind": "shop", "name": "尾張屋", "detail": "restaurant" }, "geometry": { "type": "Point", "coordinates": [ 139.717917300000011, 35.7013277 ] } },
{ "type": "Feature", "properties": { "amenity_id": 1411, "kind": "shop", "name": "ウエルカム", "detail": "restaurant" }, "geometry": { "type": "Point", "coordinates": [ 139.7183852, 35.7009546 ] } },
{ "type": "Feature", "properties": { "amenity_id": 1412, "kind": "shop", "name": "ローソン", "detail": "convenience" }, "geometry": { "type": "Point", "coordinates": [ 139.7189179, 35.7008102 ] } },
{ "type": "Feature", "properties": { "amenity_id": 1413, "kind": "shop", "name": null, "detail": "dry_cleaning" }, "geometry": { "type": "Point", "coordinates": [ 139.718990500000018, 35.7007894 ] } },
{ "type": "Feature", "properties": { "amenity_id": 1414, "kind": "shop", "name": "まいばすけっと", "detail": "supermarket" }, "geometry": { "type": "Point", "coordinates": [ 139.7218101, 35.7000345 ] } },
{ "type": "Feature", "properties": { "amenity_id": 1415, "kind": "shop", "name": "沈黙の焼肉", "detail": "restaurant" }, "geometry": { "type": "Point", "coordinates": [ 139.724243200000018, 35.6997121 ] } },
{ "type": "Feature", "properties": { "amenity_id": 1416, "kind": "shop", "name": "YOSHIYA SainE", "detail": "supermarket" }, "geometry": { "type": "Point", "coordinates": [ 139.725640700000014, 35.6993272 ] } },
{ "type": "Feature", "properties": { "amenity_id": 1417, "kind": "shop", "name": "ファッションクリーニング", "detail": "dry_cleaning" }, "geometry": { "type": "Point", "coordinates": [ 139.7266229, 35.699516100000011 ] } },
{ "type": "Feature", "properties": { "amenity_id": 1418, "kind": "shop", "name": "セブン-イレブン", "detail": "convenience" }, "geometry": { "type": "Point", "coordinates": [ 139.7269666, 35.6995853 ] } },
{ "type": "Feature", "properties": { "amenity_id": 1419, "kind": "shop", "name": "紅樽坊", "detail": "restaurant" }, "geometry": { "type": "Point", "coordinates": [ 139.736214500000017, 35.7011685 ] } },
{ "type": "Feature", "properties": { "amenity_id": 1420, "kind": "shop", "name": "伊太八", "detail": "restaurant" }, "geometry": { "type": "Point", "coordinates": [ 139.7384427, 35.7026843 ] } },
{ "type": "Feature", "properties": { "amenity_id": 1421, "kind": "shop", "name": "富士そば", "detail": "fast_food" }, "geometry": { "type": "Point", "coordinates": [ 139.742913500000014, 35.7002361 ] } },
{ "type": "Feature", "properties": { "amenity_id": 1422, "kind": "shop", "name": "イタリア食堂", "detail": "restaurant" }, "geometry": { "type": "Point", "coordinates": [ 139.741969300000022, 35.7005418 ] } },
{ "type": "Feature", "properties": { "amenity_id": 1423, "kind": "shop", "name": "天下一品", "detail": "restaurant" }, "geometry": { "type": "Point", "coordinates": [ 139.741825800000015, 35.7006518 ] } },
{ "type": "Feature", "properties": { "amenity_id": 1424, "kind": "shop", "name": "てんや", "detail": "fast_food" }, "geometry": { "type": "Point", "coordinates": [ 139.741557300000011, 35.7007756 ] } },
{ "type": "Feature", "properties": { "amenity_id": 1425, "kind": "shop", "name": "築地銀だこ", "detail": "fast_food" }, "geometry": { "type": "Point", "coordinates": [ 139.7414717, 35.7008054 ] } },
{ "type": "Feature", "properties": { "amenity_id": 1426, "kind": "shop", "name": "魚がし日本一", "detail": "restaurant" }, "geometry": { "type": "Point", "coordinates": [ 139.74142550000002, 35.7008261 ] } },
{ "type": "Feature", "properties": { "amenity_id": 1427, "kind": "shop", "name": "nefer", "detail": "clothes" }, "geometry": { "type": "Point", "coordinates": [ 139.741375200000022, 35.7008517 ] } },
{ "type": "Feature", "properties": { "amenity_id": 1428, "kind": "shop", "name": "CHICHUKAI-UOMARU", "detail": "restaurant" }, "geometry": { "type": "Point", "coordinates": [ 139.7410309, 35.7011968 ] } },
{ "type": "Feature", "properties": { "amenity_id": 1429, "kind": "shop", "name": "龍心亭", "detail": "restaurant" }, "geometry": { "type": "Point", "coordinates": [ 139.740889300000021, 35.7010107 ] } },
{ "type": "Feature", "properties": { "amenity_id": 1430, "kind": "shop", "name": "Lucy Rose", "detail": "clothes" }, "geometry": { "type": "Point", "coordinates": [ 139.740696500000013, 35.7010883 ] } },
{ "type": "Feature", "properties": { "amenity_id": 1431, "kind": "shop", "name": "おいしいさあ", "detail": "restaurant" }, "geometry": { "type": "Point", "coordinates": [ 139.7405747, 35.7011296 ] } },
{ "type": "Feature", "properties": { "amenity_id": 1432, "kind": "shop", "name": "上島珈琲店", "detail": "cafe" }, "geometry": { "type": "Point", "coordinates": [ 139.740706, 35.701342 ] } },
{ "type": "Feature", "properties": { "amenity_id": 1433, "kind": "shop", "name": "炭寅", "detail": "restaurant" }, "geometry": { "type": "Point", "coordinates": [ 139.7407588, 35.7013112 ] } },
{ "type": "Feature", "properties": { "amenity_id": 1434, "kind": "shop", "name": "BRONX", "detail": "restaurant" }, "geometry": { "type": "Point", "coordinates": [ 139.7404411, 35.701432 ] } },
{ "type": "Feature", "properties": { "amenity_id": 1435, "kind": "shop", "name": "金谷ホテルベーカリー", "detail": "bakery" }, "geometry": { "type": "Point", "coordinates": [ 139.7402128, 35.7015068 ] } },
{ "type": "Feature", "properties": { "amenity_id": 1436, "kind": "shop", "name": "kita-pre", "detail": "fast_food" }, "geometry": { "type": "Point", "coordinates": [ 139.740122600000035, 35.701554900000012 ] } },
{ "type": "Feature", "properties": { "amenity_id": 1437, "kind": "shop", "name": "元祖寿司", "detail": "fast_food" }, "geometry": { "type": "Point", "coordinates": [ 139.7402337, 35.701259 ] } },
{ "type": "Feature", "properties": { "amenity_id": 1438, "kind": "shop", "name": "KANAN", "detail": "clothes" }, "geometry": { "type": "Point", "coordinates": [ 139.740144500000014, 35.7012933 ] } },
{ "type": "Feature", "properties": { "amenity_id": 1439, "kind": "shop", "name": "NAGASHIMA", "detail": "cafe" }, "geometry": { "type": "Point", "coordinates": [ 139.740507900000011, 35.7011615 ] } },
{ "type": "Feature", "properties": { "amenity_id": 1440, "kind": "shop", "name": "みえ", "detail": "restaurant" }, "geometry": { "type": "Point", "coordinates": [ 139.7405455, 35.7011435 ] } },
{ "type": "Feature", "properties": { "amenity_id": 1441, "kind": "shop", "name": "Himawari", "detail": "clothes" }, "geometry": { "type": "Point", "coordinates": [ 139.7403798, 35.7012111 ] } },
{ "type": "Feature", "properties": { "amenity_id": 1442, "kind": "shop", "name": "Yamadaya", "detail": "clothes" }, "geometry": { "type": "Point", "coordinates": [ 139.740313500000013, 35.7012367 ] } },
{ "type": "Feature", "properties": { "amenity_id": 1443, "kind": "shop", "name": "WorldWineBar", "detail": "bar" }, "geometry": { "type": "Point", "coordinates": [ 139.7399514, 35.7013793 ] } },
{ "type": "Feature", "properties": { "amenity_id": 1444, "kind": "shop", "name": "神楽坂五○番", "detail": "fast_food" }, "geometry": { "type": "Point", "coordinates": [ 139.740022400000015, 35.7015835 ] } },
{ "type": "Feature", "properties": { "amenity_id": 1445, "kind": "shop", "name": "AWAYA", "detail": "clothes" }, "geometry": { "type": "Point", "coordinates": [ 139.73954980000002, 35.7017607 ] } },
{ "type": "Feature", "properties": { "amenity_id": 1446, "kind": "shop", "name": "Paul", "detail": "bakery" }, "geometry": { "type": "Point", "coordinates": [ 139.739209100000011, 35.7019203 ] } },
{ "type": "Feature", "properties": { "amenity_id": 1447, "kind": "shop", "name": "KoliaBo", "detail": "restaurant" }, "geometry": { "type": "Point", "coordinates": [ 139.7390308, 35.7019644 ] } },
{ "type": "Feature", "properties": { "amenity_id": 1448, "kind": "shop", "name": "タカミ", "detail": "clothes" }, "geometry": { "type": "Point", "coordinates": [ 139.738623100000012, 35.7020938 ] } },
{ "type": "Feature", "properties": { "amenity_id": 1449, "kind": "shop", "name": "椿屋珈琲店", "detail": "cafe" }, "geometry": { "type": "Point", "coordinates": [ 139.739089400000012, 35.7016874 ] } },
{ "type": "Feature", "properties": { "amenity_id": 1450, "kind": "shop", "name": "おやじの唐揚げ", "detail": "fast_food" }, "geometry": { "type": "Point", "coordinates": [ 139.73891660000001, 35.7017614 ] } },
{ "type": "Feature", "properties": { "amenity_id": 1451, "kind": "shop", "name": "ISSA", "detail": "clothes" }, "geometry": { "type": "Point", "coordinates": [ 139.73880920000002, 35.7017983 ] } },
{ "type": "Feature", "properties": { "amenity_id": 1452, "kind": "shop", "name": "AZOL", "detail": "clothes" }, "geometry": { "type": "Point", "coordinates": [ 139.7150899, 35.696106400000012 ] } },
{ "type": "Feature", "properties": { "amenity_id": 1453, "kind": "shop", "name": "砂場", "detail": "restaurant" }, "geometry": { "type": "Point", "coordinates": [ 139.714987300000018, 35.6961595 ] } },
{ "type": "Feature", "properties": { "amenity_id": 1454, "kind": "shop", "name": "Pizza Hut", "detail": "restaurant" }, "geometry": { "type": "Point", "coordinates": [ 139.714521600000012, 35.6964203 ] } },
{ "type": "Feature", "properties": { "amenity_id": 1455, "kind": "shop", "name": "昌海苑", "detail": "restaurant" }, "geometry": { "type": "Point", "coordinates": [ 139.713996300000019, 35.6967389 ] } },
{ "type": "Feature", "properties": { "amenity_id": 1456, "kind": "shop", "name": null, "detail": "dry_cleaning" }, "geometry": { "type": "Point", "coordinates": [ 139.713610400000022, 35.6969926 ] } },
{ "type": "Feature", "properties": { "amenity_id": 1457, "kind": "shop", "name": "業務スーパー", "detail": "supermarket" }, "geometry": { "type": "Point", "coordinates": [ 139.713523, 35.6970233 ] } },
{ "type": "Feature", "properties": { "amenity_id": 1458, "kind": "shop", "name": "ローソンストア100", "detail": "convenience" }, "geometry": { "type": "Point", "coordinates": [ 139.7054549, 35.6980135 ] } },
{ "type": "Feature", "properties": { "amenity_id": 1459, "kind": "shop", "name": "HAJIME NO IPPO", "detail": "restaurant" }, "geometry": { "type": "Point", "coordinates": [ 139.74063670000001, 35.7009731 ] } },
{ "type": "Feature", "properties": { "amenity_id": 1460, "kind": "shop", "name": "恵さき", "detail": "restaurant" }, "geometry": { "type": "Point", "coordinates": [ 139.740575700000022, 35.7008993 ] } },
{ "type": "Feature", "properties": { "amenity_id": 1461, "kind": "shop", "name": "鉄板焼 中むら", "detail": "restaurant" }, "geometry": { "type": "Point", "coordinates": [ 139.7402099, 35.7009252 ] } },
{ "type": "Feature", "properties": { "amenity_id": 1462, "kind": "shop", "name": "COGS", "detail": "restaurant" }, "geometry": { "type": "Point", "coordinates": [ 139.740235400000017, 35.700959700000013 ] } },
{ "type": "Feature", "properties": { "amenity_id": 1463, "kind": "shop", "name": "りん", "detail": "restaurant" }, "geometry": { "type": "Point", "coordinates": [ 139.740194300000013, 35.70096490000001 ] } },
{ "type": "Feature", "properties": { "amenity_id": 1464, "kind": "shop", "name": "日高屋", "detail": "fast_food" }, "geometry": { "type": "Point", "coordinates": [ 139.7423712, 35.7002968 ] } },
{ "type": "Feature", "properties": { "amenity_id": 1465, "kind": "shop", "name": "レオニダス", "detail": "restaurant" }, "geometry": { "type": "Point", "coordinates": [ 139.7422525, 35.7001727 ] } },
{ "type": "Feature", "properties": { "amenity_id": 1466, "kind": "shop", "name": "Cut it", "detail": "hairdresser" }, "geometry": { "type": "Point", "coordinates": [ 139.7423712, 35.7002691 ] } },
{ "type": "Feature", "properties": { "amenity_id": 1467, "kind": "shop", "name": "レディ", "detail": "hairdresser" }, "geometry": { "type": "Point", "coordinates": [ 139.683964300000014, 35.7103437 ] } },
{ "type": "Feature", "properties": { "amenity_id": 1468, "kind": "shop", "name": "クリーニング", "detail": "dry_cleaning" }, "geometry": { "type": "Point", "coordinates": [ 139.6841862, 35.7104125 ] } },
{ "type": "Feature", "properties": { "amenity_id": 1469, "kind": "shop", "name": "福芳", "detail": "restaurant" }, "geometry": { "type": "Point", "coordinates": [ 139.68579010000002, 35.710712 ] } },
{ "type": "Feature", "properties": { "amenity_id": 1470, "kind": "shop", "name": "ヒマラヤ", "detail": "restaurant" }, "geometry": { "type": "Point", "coordinates": [ 139.685902700000014, 35.7107912 ] } },
{ "type": "Feature", "properties": { "amenity_id": 1471, "kind": "shop", "name": "スワローチェーン", "detail": "dry_cleaning" }, "geometry": { "type": "Point", "coordinates": [ 139.687013400000012, 35.7110232 ] } },
{ "type": "Feature", "properties": { "amenity_id": 1472, "kind": "shop", "name": "焼肉弁当CAN", "detail": "restaurant" }, "geometry": { "type": "Point", "coordinates": [ 139.6872084, 35.7110862 ] } },
{ "type": "Feature", "properties": { "amenity_id": 1473, "kind": "shop", "name": "じゃかじゃか", "detail": "restaurant" }, "geometry": { "type": "Point", "coordinates": [ 139.6898543, 35.7114418 ] } },
{ "type": "Feature", "properties": { "amenity_id": 1474, "kind": "shop", "name": "児ノ木", "detail": "restaurant" }, "geometry": { "type": "Point", "coordinates": [ 139.691314800000015, 35.7112566 ] } },
{ "type": "Feature", "properties": { "amenity_id": 1475, "kind": "shop", "name": "江南", "detail": "restaurant" }, "geometry": { "type": "Point", "coordinates": [ 139.6941387, 35.7094172 ] } },
{ "type": "Feature", "properties": { "amenity_id": 1476, "kind": "shop", "name": null, "detail": "dry_cleaning" }, "geometry": { "type": "Point", "coordinates": [ 139.6962733, 35.709078600000012 ] } },
{ "type": "Feature", "properties": { "amenity_id": 1477, "kind": "shop", "name": "一富士", "detail": "restaurant" }, "geometry": { "type": "Point", "coordinates": [ 139.6967227, 35.7089603 ] } },
{ "type": "Feature", "properties": { "amenity_id": 1478, "kind": "shop", "name": "ソウル家", "detail": "restaurant" }, "geometry": { "type": "Point", "coordinates": [ 139.704383700000022, 35.7092369 ] } },
{ "type": "Feature", "properties": { "amenity_id": 1479, "kind": "shop", "name": "sakura", "detail": "bar" }, "geometry": { "type": "Point", "coordinates": [ 139.7055106, 35.7089907 ] } },
{ "type": "Feature", "properties": { "amenity_id": 1480, "kind": "shop", "name": "浜ちゃん", "detail": "restaurant" }, "geometry": { "type": "Point", "coordinates": [ 139.708301, 35.7085913 ] } },
{ "type": "Feature", "properties": { "amenity_id": 1481, "kind": "shop", "name": "サイゼリヤ", "detail": "restaurant" }, "geometry": { "type": "Point", "coordinates": [ 139.7167676, 35.7068174 ] } },
{ "type": "Feature", "properties": { "amenity_id": 1482, "kind": "shop", "name": "茶箱", "detail": "cafe" }, "geometry": { "type": "Point", "coordinates": [ 139.7174186, 35.7065446 ] } },
{ "type": "Feature", "properties": { "amenity_id": 1483, "kind": "shop", "name": "福台風味城", "detail": "restaurant" }, "geometry": { "type": "Point", "coordinates": [ 139.717489300000011, 35.7065473 ] } },
{ "type": "Feature", "properties": { "amenity_id": 1484, "kind": "shop", "name": "キッチンオトボケ", "detail": "restaurant" }, "geometry": { "type": "Point", "coordinates": [ 139.7190793, 35.7066152 ] } },
{ "type": "Feature", "properties": { "amenity_id": 1485, "kind": "shop", "name": "三和クリーニング", "detail": "dry_cleaning" }, "geometry": { "type": "Point", "coordinates": [ 139.7196027, 35.706276 ] } },
{ "type": "Feature", "properties": { "amenity_id": 1486, "kind": "shop", "name": "武道家", "detail": "restaurant" }, "geometry": { "type": "Point", "coordinates": [ 139.7196367, 35.7062592 ] } },
{ "type": "Feature", "properties": { "amenity_id": 1487, "kind": "shop", "name": "杉田屋", "detail": "dry_cleaning" }, "geometry": { "type": "Point", "coordinates": [ 139.720538800000014, 35.7060317 ] } },
{ "type": "Feature", "properties": { "amenity_id": 1488, "kind": "shop", "name": "すき家", "detail": "fast_food" }, "geometry": { "type": "Point", "coordinates": [ 139.722136400000011, 35.7058541 ] } },
{ "type": "Feature", "properties": { "amenity_id": 1489, "kind": "shop", "name": "グルービー", "detail": "dry_cleaning" }, "geometry": { "type": "Point", "coordinates": [ 139.7224204, 35.705838400000012 ] } },
{ "type": "Feature", "properties": { "amenity_id": 1490, "kind": "shop", "name": "業務スーパー", "detail": "supermarket" }, "geometry": { "type": "Point", "coordinates": [ 139.7293984, 35.7050397 ] } },
{ "type": "Feature", "properties": { "amenity_id": 1491, "kind": "shop", "name": "Ringer Hut", "detail": "restaurant" }, "geometry": { "type": "Point", "coordinates": [ 139.7306345, 35.70501010000001 ] } },
{ "type": "Feature", "properties": { "amenity_id": 1492, "kind": "shop", "name": "ファミリーマート", "detail": "convenience" }, "geometry": { "type": "Point", "coordinates": [ 139.7310387, 35.70511410000001 ] } },
{ "type": "Feature", "properties": { "amenity_id": 1493, "kind": "shop", "name": "季乃香", "detail": "restaurant" }, "geometry": { "type": "Point", "coordinates": [ 139.7309339, 35.704687400000012 ] } },
{ "type": "Feature", "properties": { "amenity_id": 1494, "kind": "shop", "name": "HANUMAN'S NINE9", "detail": "restaurant" }, "geometry": { "type": "Point", "coordinates": [ 139.7309501, 35.7046244 ] } },
{ "type": "Feature", "properties": { "amenity_id": 1495, "kind": "shop", "name": "オリジン弁当", "detail": "fast_food" }, "geometry": { "type": "Point", "coordinates": [ 139.7324323, 35.7043235 ] } },
{ "type": "Feature", "properties": { "amenity_id": 1496, "kind": "shop", "name": "Fingers", "detail": "restaurant" }, "geometry": { "type": "Point", "coordinates": [ 139.733631800000012, 35.704115 ] } },
{ "type": "Feature", "properties": { "amenity_id": 1497, "kind": "shop", "name": "ジョナサン", "detail": "restaurant" }, "geometry": { "type": "Point", "coordinates": [ 139.7337493, 35.7038796 ] } },
{ "type": "Feature", "properties": { "amenity_id": 1498, "kind": "shop", "name": "M's BAR & CAFFE", "detail": "bar" }, "geometry": { "type": "Point", "coordinates": [ 139.7340857, 35.704056 ] } },
{ "type": "Feature", "properties": { "amenity_id": 1499, "kind": "shop", "name": "福福寿", "detail": "restaurant" }, "geometry": { "type": "Point", "coordinates": [ 139.7348902, 35.703865 ] } },
{ "type": "Feature", "properties": { "amenity_id": 1500, "kind": "shop", "name": "からり", "detail": "restaurant" }, "geometry": { "type": "Point", "coordinates": [ 139.734981200000021, 35.703876 ] } },
{ "type": "Feature", "properties": { "amenity_id": 1501, "kind": "shop", "name": "清久仁", "detail": "restaurant" }, "geometry": { "type": "Point", "coordinates": [ 139.7352004, 35.703886 ] } },
{ "type": "Feature", "properties": { "amenity_id": 1502, "kind": "shop", "name": "珈琲館神楽坂店", "detail": "cafe" }, "geometry": { "type": "Point", "coordinates": [ 139.735866900000019, 35.7034927 ] } },
{ "type": "Feature", "properties": { "amenity_id": 1503, "kind": "shop", "name": "宝龍", "detail": "restaurant" }, "geometry": { "type": "Point", "coordinates": [ 139.73651430000001, 35.7033731 ] } },
{ "type": "Feature", "properties": { "amenity_id": 1504, "kind": "shop", "name": "リトルマーメイド", "detail": "bakery" }, "geometry": { "type": "Point", "coordinates": [ 139.7365346, 35.703313300000012 ] } },
{ "type": "Feature", "properties": { "amenity_id": 1505, "kind": "shop", "name": "Copain", "detail": "restaurant" }, "geometry": { "type": "Point", "coordinates": [ 139.7363086, 35.7032563 ] } },
{ "type": "Feature", "properties": { "amenity_id": 1506, "kind": "shop", "name": "ちよだ鮨", "detail": "fast_food" }, "geometry": { "type": "Point", "coordinates": [ 139.736721100000011, 35.7032309 ] } },
{ "type": "Feature", "properties": { "amenity_id": 1507, "kind": "shop", "name": "Igreek Paris", "detail": "hairdresser" }, "geometry": { "type": "Point", "coordinates": [ 139.737260500000019, 35.7025834 ] } },
{ "type": "Feature", "properties": { "amenity_id": 1508, "kind": "shop", "name": "Touyama", "detail": "hairdresser" }, "geometry": { "type": "Point", "coordinates": [ 139.7378615, 35.7024978 ] } },
{ "type": "Feature", "properties": { "amenity_id": 1509, "kind": "shop", "name": "魚串 sakurasaku", "detail": "restaurant" }, "geometry": { "type": "Point", "coordinates": [ 139.7379008, 35.7024827 ] } },
{ "type": "Feature", "properties": { "amenity_id": 1510, "kind": "shop", "name": "響", "detail": "restaurant" }, "geometry": { "type": "Point", "coordinates": [ 139.737943, 35.70246370000001 ] } },
{ "type": "Feature", "properties": { "amenity_id": 1511, "kind": "shop", "name": "五十番　神楽坂本店", "detail": "restaurant" }, "geometry": { "type": "Point", "coordinates": [ 139.738112600000022, 35.7023821 ] } },
{ "type": "Feature", "properties": { "amenity_id": 1512, "kind": "shop", "name": "赤坂ワヰン酒場", "detail": "bar" }, "geometry": { "type": "Point", "coordinates": [ 139.739486200000016, 35.701788300000011 ] } },
{ "type": "Feature", "properties": { "amenity_id": 1513, "kind": "shop", "name": "たつみや", "detail": "restaurant" }, "geometry": { "type": "Point", "coordinates": [ 139.740038, 35.7017017 ] } },
{ "type": "Feature", "properties": { "amenity_id": 1514, "kind": "shop", "name": "味扇", "detail": "restaurant" }, "geometry": { "type": "Point", "coordinates": [ 139.74020440000001, 35.7016397 ] } },
{ "type": "Feature", "properties": { "amenity_id": 1515, "kind": "shop", "name": "Lugdunum Bouchon Lyonnais", "detail": "restaurant" }, "geometry": { "type": "Point", "coordinates": [ 139.740087400000021, 35.701722600000011 ] } },
{ "type": "Feature", "properties": { "amenity_id": 1516, "kind": "shop", "name": "鳥栄", "detail": "restaurant" }, "geometry": { "type": "Point", "coordinates": [ 139.7403423, 35.7018622 ] } },
{ "type": "Feature", "properties": { "amenity_id": 1517, "kind": "shop", "name": "喜楽", "detail": "restaurant" }, "geometry": { "type": "Point", "coordinates": [ 139.740357, 35.7019035 ] } },
{ "type": "Feature", "properties": { "amenity_id": 1518, "kind": "shop", "name": "SacreeFleur", "detail": "restaurant" }, "geometry": { "type": "Point", "coordinates": [ 139.7403903, 35.7019417 ] } },
{ "type": "Feature", "properties": { "amenity_id": 1519, "kind": "shop", "name": "本多横丁", "detail": "restaurant" }, "geometry": { "type": "Point", "coordinates": [ 139.7403071, 35.702141100000013 ] } },
{ "type": "Feature", "properties": { "amenity_id": 1520, "kind": "shop", "name": "山ちゃん", "detail": "restaurant" }, "geometry": { "type": "Point", "coordinates": [ 139.7403257, 35.7021785 ] } },
{ "type": "Feature", "properties": { "amenity_id": 1521, "kind": "shop", "name": "八千代寿司", "detail": "restaurant" }, "geometry": { "type": "Point", "coordinates": [ 139.740492, 35.7021085 ] } },
{ "type": "Feature", "properties": { "amenity_id": 1522, "kind": "shop", "name": "ラ・パレット", "detail": "hairdresser" }, "geometry": { "type": "Point", "coordinates": [ 139.740348900000015, 35.7022126 ] } },
{ "type": "Feature", "properties": { "amenity_id": 1523, "kind": "shop", "name": "BAR-FINGAL", "detail": "bar" }, "geometry": { "type": "Point", "coordinates": [ 139.74051510000001, 35.7021954 ] } },
{ "type": "Feature", "properties": { "amenity_id": 1524, "kind": "shop", "name": "心", "detail": "restaurant" }, "geometry": { "type": "Point", "coordinates": [ 139.740540400000015, 35.7022259 ] } },
{ "type": "Feature", "properties": { "amenity_id": 1525, "kind": "shop", "name": "Charcoal Dining", "detail": "restaurant" }, "geometry": { "type": "Point", "coordinates": [ 139.7404502, 35.7023503 ] } },
{ "type": "Feature", "properties": { "amenity_id": 1526, "kind": "shop", "name": "Okinawa bar kagura", "detail": "bar" }, "geometry": { "type": "Point", "coordinates": [ 139.7405536, 35.7022764 ] } },
{ "type": "Feature", "properties": { "amenity_id": 1527, "kind": "shop", "name": "翔山亭", "detail": "restaurant" }, "geometry": { "type": "Point", "coordinates": [ 139.74089810000001, 35.7022531 ] } },
{ "type": "Feature", "properties": { "amenity_id": 1528, "kind": "shop", "name": "COCOKARUCO", "detail": "clothes" }, "geometry": { "type": "Point", "coordinates": [ 139.741152100000022, 35.7021514 ] } },
{ "type": "Feature", "properties": { "amenity_id": 1529, "kind": "shop", "name": "まかない", "detail": "restaurant" }, "geometry": { "type": "Point", "coordinates": [ 139.741235900000021, 35.7021244 ] } },
{ "type": "Feature", "properties": { "amenity_id": 1530, "kind": "shop", "name": "てけてけ", "detail": "bar" }, "geometry": { "type": "Point", "coordinates": [ 139.741296, 35.7021135 ] } },
{ "type": "Feature", "properties": { "amenity_id": 1531, "kind": "shop", "name": "楽日庵", "detail": "restaurant" }, "geometry": { "type": "Point", "coordinates": [ 139.741407800000019, 35.702058300000012 ] } },
{ "type": "Feature", "properties": { "amenity_id": 1532, "kind": "shop", "name": "魚金", "detail": "restaurant" }, "geometry": { "type": "Point", "coordinates": [ 139.7415067, 35.7020112 ] } },
{ "type": "Feature", "properties": { "amenity_id": 1533, "kind": "shop", "name": "Miuraya", "detail": "supermarket" }, "geometry": { "type": "Point", "coordinates": [ 139.7440416, 35.7012327 ] } },
{ "type": "Feature", "properties": { "amenity_id": 1534, "kind": "shop", "name": "ローソン", "detail": "convenience" }, "geometry": { "type": "Point", "coordinates": [ 139.722716, 35.692531700000011 ] } },
{ "type": "Feature", "properties": { "amenity_id": 1535, "kind": "shop", "name": "マルエツ", "detail": "supermarket" }, "geometry": { "type": "Point", "coordinates": [ 139.7349012, 35.6923189 ] } },
{ "type": "Feature", "properties": { "amenity_id": 1536, "kind": "shop", "name": null, "detail": "laundry" }, "geometry": { "type": "Point", "coordinates": [ 139.6906907, 35.6971148 ] } },
{ "type": "Feature", "properties": { "amenity_id": 1537, "kind": "shop", "name": "まいばすけっと", "detail": "supermarket" }, "geometry": { "type": "Point", "coordinates": [ 139.6924093, 35.6973408 ] } },
{ "type": "Feature", "properties": { "amenity_id": 1538, "kind": "shop", "name": "龍盛", "detail": "restaurant" }, "geometry": { "type": "Point", "coordinates": [ 139.6948587, 35.697684 ] } },
{ "type": "Feature", "properties": { "amenity_id": 1539, "kind": "shop", "name": "ポニー", "detail": "dry_cleaning" }, "geometry": { "type": "Point", "coordinates": [ 139.69767710000005, 35.6982036 ] } },
{ "type": "Feature", "properties": { "amenity_id": 1540, "kind": "shop", "name": "セブン-イレブン", "detail": "convenience" }, "geometry": { "type": "Point", "coordinates": [ 139.70197, 35.6982842 ] } },
{ "type": "Feature", "properties": { "amenity_id": 1541, "kind": "shop", "name": "ファミリーマート", "detail": "convenience" }, "geometry": { "type": "Point", "coordinates": [ 139.703623600000014, 35.6984122 ] } },
{ "type": "Feature", "properties": { "amenity_id": 1542, "kind": "shop", "name": "キッチン　ヒロ", "detail": "restaurant" }, "geometry": { "type": "Point", "coordinates": [ 139.710423500000019, 35.6984328 ] } },
{ "type": "Feature", "properties": { "amenity_id": 1543, "kind": "shop", "name": "パン家のどん助", "detail": "bakery" }, "geometry": { "type": "Point", "coordinates": [ 139.7109581, 35.6983965 ] } },
{ "type": "Feature", "properties": { "amenity_id": 1544, "kind": "shop", "name": "WASHハウス", "detail": "dry_cleaning" }, "geometry": { "type": "Point", "coordinates": [ 139.7132694, 35.6979392 ] } },
{ "type": "Feature", "properties": { "amenity_id": 1545, "kind": "shop", "name": "梅香苑", "detail": "restaurant" }, "geometry": { "type": "Point", "coordinates": [ 139.717529, 35.6991907 ] } },
{ "type": "Feature", "properties": { "amenity_id": 1546, "kind": "shop", "name": "モンサント", "detail": "cafe" }, "geometry": { "type": "Point", "coordinates": [ 139.7210298, 35.699987 ] } },
{ "type": "Feature", "properties": { "amenity_id": 1547, "kind": "shop", "name": "ボローニャ", "detail": "books" }, "geometry": { "type": "Point", "coordinates": [ 139.7424584, 35.7044397 ] } },
{ "type": "Feature", "properties": { "amenity_id": 1548, "kind": "shop", "name": "ピーコック", "detail": "supermarket" }, "geometry": { "type": "Point", "coordinates": [ 139.7000988, 35.7220514 ] } },
{ "type": "Feature", "properties": { "amenity_id": 1549, "kind": "shop", "name": "ローソン", "detail": "convenience" }, "geometry": { "type": "Point", "coordinates": [ 139.6981265, 35.722105200000016 ] } },
{ "type": "Feature", "properties": { "amenity_id": 1550, "kind": "shop", "name": "ドミノ・ピザ", "detail": "fast_food" }, "geometry": { "type": "Point", "coordinates": [ 139.6944382, 35.722122400000011 ] } },
{ "type": "Feature", "properties": { "amenity_id": 1551, "kind": "shop", "name": "ファミリーマート", "detail": "convenience" }, "geometry": { "type": "Point", "coordinates": [ 139.685121500000037, 35.7108342 ] } },
{ "type": "Feature", "properties": { "amenity_id": 1552, "kind": "shop", "name": "なるたけ", "detail": "restaurant" }, "geometry": { "type": "Point", "coordinates": [ 139.7039576, 35.7225338 ] } },
{ "type": "Feature", "properties": { "amenity_id": 1553, "kind": "shop", "name": "La Cucina Caffé", "detail": "cafe" }, "geometry": { "type": "Point", "coordinates": [ 139.7041926, 35.722501800000011 ] } },
{ "type": "Feature", "properties": { "amenity_id": 1554, "kind": "shop", "name": "スタジオ　ウーノ", "detail": "clothes" }, "geometry": { "type": "Point", "coordinates": [ 139.7041041, 35.7225169 ] } },
{ "type": "Feature", "properties": { "amenity_id": 1555, "kind": "shop", "name": "ちよだ鮨", "detail": "fast_food" }, "geometry": { "type": "Point", "coordinates": [ 139.703994600000016, 35.7225087 ] } },
{ "type": "Feature", "properties": { "amenity_id": 1556, "kind": "shop", "name": "ヒロヤ", "detail": "dry_cleaning" }, "geometry": { "type": "Point", "coordinates": [ 139.7033893, 35.7225285 ] } },
{ "type": "Feature", "properties": { "amenity_id": 1557, "kind": "shop", "name": "SYMRK", "detail": "clothes" }, "geometry": { "type": "Point", "coordinates": [ 139.703127200000011, 35.7224494 ] } },
{ "type": "Feature", "properties": { "amenity_id": 1558, "kind": "shop", "name": "スワローチェーン", "detail": "dry_cleaning" }, "geometry": { "type": "Point", "coordinates": [ 139.702481300000017, 35.7224494 ] } },
{ "type": "Feature", "properties": { "amenity_id": 1559, "kind": "shop", "name": "HAIR Ash MAKE", "detail": "hairdresser" }, "geometry": { "type": "Point", "coordinates": [ 139.702345, 35.722434400000012 ] } },
{ "type": "Feature", "properties": { "amenity_id": 1560, "kind": "shop", "name": "大はし", "detail": "restaurant" }, "geometry": { "type": "Point", "coordinates": [ 139.7020052, 35.7223676 ] } },
{ "type": "Feature", "properties": { "amenity_id": 1561, "kind": "shop", "name": "新幸", "detail": "dry_cleaning" }, "geometry": { "type": "Point", "coordinates": [ 139.7017849, 35.7223726 ] } },
{ "type": "Feature", "properties": { "amenity_id": 1562, "kind": "shop", "name": "aria", "detail": "hairdresser" }, "geometry": { "type": "Point", "coordinates": [ 139.69790740000002, 35.72184690000001 ] } },
{ "type": "Feature", "properties": { "amenity_id": 1563, "kind": "shop", "name": "洋服おなおし専門店", "detail": "clothes" }, "geometry": { "type": "Point", "coordinates": [ 139.697703500000017, 35.7217386 ] } },
{ "type": "Feature", "properties": { "amenity_id": 1564, "kind": "shop", "name": "まいばすけっと", "detail": "supermarket" }, "geometry": { "type": "Point", "coordinates": [ 139.695507500000019, 35.7217554 ] } },
{ "type": "Feature", "properties": { "amenity_id": 1565, "kind": "shop", "name": "和光", "detail": "dry_cleaning" }, "geometry": { "type": "Point", "coordinates": [ 139.694787600000012, 35.7219353 ] } },
{ "type": "Feature", "properties": { "amenity_id": 1566, "kind": "shop", "name": "ニューサラティー", "detail": "restaurant" }, "geometry": { "type": "Point", "coordinates": [ 139.692717500000015, 35.7222986 ] } },
{ "type": "Feature", "properties": { "amenity_id": 1567, "kind": "shop", "name": "K's Slow Food", "detail": "restaurant" }, "geometry": { "type": "Point", "coordinates": [ 139.69132, 35.7208645 ] } },
{ "type": "Feature", "properties": { "amenity_id": 1568, "kind": "shop", "name": "うな厷", "detail": "restaurant" }, "geometry": { "type": "Point", "coordinates": [ 139.6862121, 35.7130775 ] } },
{ "type": "Feature", "properties": { "amenity_id": 1569, "kind": "shop", "name": "新一海南鶏飯", "detail": "restaurant" }, "geometry": { "type": "Point", "coordinates": [ 139.694130700000017, 35.7099431 ] } },
{ "type": "Feature", "properties": { "amenity_id": 1570, "kind": "shop", "name": "カマクラ理容室", "detail": "hairdresser" }, "geometry": { "type": "Point", "coordinates": [ 139.694249400000018, 35.709973 ] } },
{ "type": "Feature", "properties": { "amenity_id": 1571, "kind": "shop", "name": "とみや", "detail": "restaurant" }, "geometry": { "type": "Point", "coordinates": [ 139.6943238, 35.7099877 ] } },
{ "type": "Feature", "properties": { "amenity_id": 1572, "kind": "shop", "name": "ナンカレー", "detail": "restaurant" }, "geometry": { "type": "Point", "coordinates": [ 139.694431800000018, 35.7100531 ] } },
{ "type": "Feature", "properties": { "amenity_id": 1573, "kind": "shop", "name": "松鮨", "detail": "restaurant" }, "geometry": { "type": "Point", "coordinates": [ 139.69510870000002, 35.7104695 ] } },
{ "type": "Feature", "properties": { "amenity_id": 1574, "kind": "shop", "name": "O-Hashi", "detail": "hairdresser" }, "geometry": { "type": "Point", "coordinates": [ 139.6953259, 35.71066 ] } },
{ "type": "Feature", "properties": { "amenity_id": 1575, "kind": "shop", "name": "MOGUMOGU KITCHEN STUDIO", "detail": "restaurant" }, "geometry": { "type": "Point", "coordinates": [ 139.6952943, 35.71063250000001 ] } },
{ "type": "Feature", "properties": { "amenity_id": 1576, "kind": "shop", "name": "たべる野菜のむ野菜", "detail": "restaurant" }, "geometry": { "type": "Point", "coordinates": [ 139.6960685, 35.7113104 ] } },
{ "type": "Feature", "properties": { "amenity_id": 1577, "kind": "shop", "name": "マルエツプチ", "detail": "supermarket" }, "geometry": { "type": "Point", "coordinates": [ 139.6985568, 35.7122007 ] } },
{ "type": "Feature", "properties": { "amenity_id": 1578, "kind": "shop", "name": "グローバルキッチン", "detail": "restaurant" }, "geometry": { "type": "Point", "coordinates": [ 139.6988445, 35.7122247 ] } },
{ "type": "Feature", "properties": { "amenity_id": 1579, "kind": "shop", "name": "やきとん てるてる", "detail": "restaurant" }, "geometry": { "type": "Point", "coordinates": [ 139.6988896, 35.7122405 ] } },
{ "type": "Feature", "properties": { "amenity_id": 1580, "kind": "shop", "name": "あいらくてい", "detail": "restaurant" }, "geometry": { "type": "Point", "coordinates": [ 139.6989471, 35.7122656 ] } },
{ "type": "Feature", "properties": { "amenity_id": 1581, "kind": "shop", "name": "ゆうみん", "detail": "clothes" }, "geometry": { "type": "Point", "coordinates": [ 139.6990428, 35.7122851 ] } },
{ "type": "Feature", "properties": { "amenity_id": 1582, "kind": "shop", "name": "香港亭", "detail": "restaurant" }, "geometry": { "type": "Point", "coordinates": [ 139.7000615, 35.7126122 ] } },
{ "type": "Feature", "properties": { "amenity_id": 1583, "kind": "shop", "name": "オオゼキ", "detail": "supermarket" }, "geometry": { "type": "Point", "coordinates": [ 139.700156, 35.7127946 ] } },
{ "type": "Feature", "properties": { "amenity_id": 1584, "kind": "shop", "name": "さっぽろ羅偉伝", "detail": "restaurant" }, "geometry": { "type": "Point", "coordinates": [ 139.700504, 35.7128697 ] } },
{ "type": "Feature", "properties": { "amenity_id": 1585, "kind": "shop", "name": "豊栄過橋米線", "detail": "restaurant" }, "geometry": { "type": "Point", "coordinates": [ 139.700537600000018, 35.7128779 ] } },
{ "type": "Feature", "properties": { "amenity_id": 1586, "kind": "shop", "name": "CoCo壱番屋", "detail": "restaurant" }, "geometry": { "type": "Point", "coordinates": [ 139.701053300000012, 35.713164400000011 ] } },
{ "type": "Feature", "properties": { "amenity_id": 1587, "kind": "shop", "name": "叙々苑", "detail": "restaurant" }, "geometry": { "type": "Point", "coordinates": [ 139.7010965, 35.7131909 ] } },
{ "type": "Feature", "properties": { "amenity_id": 1588, "kind": "shop", "name": "油そば 力", "detail": "restaurant" }, "geometry": { "type": "Point", "coordinates": [ 139.701451500000019, 35.7134048 ] } },
{ "type": "Feature", "properties": { "amenity_id": 1589, "kind": "shop", "name": "やよい軒", "detail": "restaurant" }, "geometry": { "type": "Point", "coordinates": [ 139.702781500000015, 35.7138555 ] } },
{ "type": "Feature", "properties": { "amenity_id": 1590, "kind": "shop", "name": "あおな", "detail": "restaurant" }, "geometry": { "type": "Point", "coordinates": [ 139.70303370000002, 35.7138885 ] } },
{ "type": "Feature", "properties": { "amenity_id": 1591, "kind": "shop", "name": "いきなり！ステーキ", "detail": "restaurant" }, "geometry": { "type": "Point", "coordinates": [ 139.7030947, 35.7138936 ] } },
{ "type": "Feature", "properties": { "amenity_id": 1592, "kind": "shop", "name": "海鮮三崎港", "detail": "restaurant" }, "geometry": { "type": "Point", "coordinates": [ 139.7036017, 35.7139273 ] } },
{ "type": "Feature", "properties": { "amenity_id": 1593, "kind": "shop", "name": "富士そば", "detail": "fast_food" }, "geometry": { "type": "Point", "coordinates": [ 139.703697300000016, 35.7139309 ] } },
{ "type": "Feature", "properties": { "amenity_id": 1594, "kind": "shop", "name": null, "detail": "hairdresser" }, "geometry": { "type": "Point", "coordinates": [ 139.7181841, 35.6875158 ] } },
{ "type": "Feature", "properties": { "amenity_id": 1595, "kind": "shop", "name": "ル・デポ", "detail": "clothes" }, "geometry": { "type": "Point", "coordinates": [ 139.7185265, 35.6875701 ] } },
{ "type": "Feature", "properties": { "amenity_id": 1596, "kind": "shop", "name": "タンテイ", "detail": "bar" }, "geometry": { "type": "Point", "coordinates": [ 139.7186278, 35.6875851 ] } },
{ "type": "Feature", "properties": { "amenity_id": 1597, "kind": "shop", "name": null, "detail": "restaurant" }, "geometry": { "type": "Point", "coordinates": [ 139.7161207, 35.6869146 ] } },
{ "type": "Feature", "properties": { "amenity_id": 1598, "kind": "shop", "name": "灯花繚乱", "detail": "fast_food" }, "geometry": { "type": "Point", "coordinates": [ 139.716442300000011, 35.6873157 ] } },
{ "type": "Feature", "properties": { "amenity_id": 1599, "kind": "shop", "name": "デイップパレス", "detail": "restaurant" }, "geometry": { "type": "Point", "coordinates": [ 139.716467200000011, 35.687330200000012 ] } },
{ "type": "Feature", "properties": { "amenity_id": 1600, "kind": "shop", "name": "マスカット", "detail": "dry_cleaning" }, "geometry": { "type": "Point", "coordinates": [ 139.716873100000015, 35.6874086 ] } },
{ "type": "Feature", "properties": { "amenity_id": 1601, "kind": "shop", "name": "LaPausa", "detail": "restaurant" }, "geometry": { "type": "Point", "coordinates": [ 139.699656, 35.692521900000017 ] } },
{ "type": "Feature", "properties": { "amenity_id": 1602, "kind": "shop", "name": "幸寿司", "detail": "restaurant" }, "geometry": { "type": "Point", "coordinates": [ 139.70465, 35.7137087 ] } },
{ "type": "Feature", "properties": { "amenity_id": 1603, "kind": "shop", "name": "寿々木家", "detail": "restaurant" }, "geometry": { "type": "Point", "coordinates": [ 139.7059973, 35.713025 ] } },
{ "type": "Feature", "properties": { "amenity_id": 1604, "kind": "shop", "name": "はなまるうどん", "detail": "restaurant" }, "geometry": { "type": "Point", "coordinates": [ 139.7062861, 35.7128515 ] } },
{ "type": "Feature", "properties": { "amenity_id": 1605, "kind": "shop", "name": "野方ホープ", "detail": "restaurant" }, "geometry": { "type": "Point", "coordinates": [ 139.7064809, 35.71276240000001 ] } },
{ "type": "Feature", "properties": { "amenity_id": 1606, "kind": "shop", "name": "鳥やす", "detail": "restaurant" }, "geometry": { "type": "Point", "coordinates": [ 139.7068873, 35.712562 ] } },
{ "type": "Feature", "properties": { "amenity_id": 1607, "kind": "shop", "name": "すた丼屋", "detail": "restaurant" }, "geometry": { "type": "Point", "coordinates": [ 139.7073499, 35.712237 ] } },
{ "type": "Feature", "properties": { "amenity_id": 1608, "kind": "shop", "name": "成城石井", "detail": "supermarket" }, "geometry": { "type": "Point", "coordinates": [ 139.70752090000002, 35.712182 ] } },
{ "type": "Feature", "properties": { "amenity_id": 1609, "kind": "shop", "name": "はま寿司", "detail": "fast_food" }, "geometry": { "type": "Point", "coordinates": [ 139.7075538, 35.7122549 ] } },
{ "type": "Feature", "properties": { "amenity_id": 1610, "kind": "shop", "name": "ヨネクラ", "detail": "hairdresser" }, "geometry": { "type": "Point", "coordinates": [ 139.707649700000019, 35.7120998 ] } },
{ "type": "Feature", "properties": { "amenity_id": 1611, "kind": "shop", "name": "16's Stairing Steps Case", "detail": "bar" }, "geometry": { "type": "Point", "coordinates": [ 139.7078596, 35.712054 ] } },
{ "type": "Feature", "properties": { "amenity_id": 1612, "kind": "shop", "name": "青唐爽麺 ハルク", "detail": "restaurant" }, "geometry": { "type": "Point", "coordinates": [ 139.7081139, 35.7119894 ] } },
{ "type": "Feature", "properties": { "amenity_id": 1613, "kind": "shop", "name": "末廣", "detail": "restaurant" }, "geometry": { "type": "Point", "coordinates": [ 139.7085884, 35.7118992 ] } },
{ "type": "Feature", "properties": { "amenity_id": 1614, "kind": "shop", "name": "串カツ田中", "detail": "restaurant" }, "geometry": { "type": "Point", "coordinates": [ 139.708392300000014, 35.7119589 ] } },
{ "type": "Feature", "properties": { "amenity_id": 1615, "kind": "shop", "name": "鳴門鯛焼本舗", "detail": "fast_food" }, "geometry": { "type": "Point", "coordinates": [ 139.709479400000021, 35.7117284 ] } },
{ "type": "Feature", "properties": { "amenity_id": 1616, "kind": "shop", "name": "せいせん舎", "detail": "dry_cleaning" }, "geometry": { "type": "Point", "coordinates": [ 139.71022050000002, 35.7116514 ] } },
{ "type": "Feature", "properties": { "amenity_id": 1617, "kind": "shop", "name": "美膳房刀削麺", "detail": "restaurant" }, "geometry": { "type": "Point", "coordinates": [ 139.710283800000013, 35.7115881 ] } },
{ "type": "Feature", "properties": { "amenity_id": 1618, "kind": "shop", "name": "なんきち", "detail": "restaurant" }, "geometry": { "type": "Point", "coordinates": [ 139.710890400000011, 35.7114597 ] } },
{ "type": "Feature", "properties": { "amenity_id": 1619, "kind": "shop", "name": "LITTLE MARMOT", "detail": "clothes" }, "geometry": { "type": "Point", "coordinates": [ 139.7112672, 35.711323900000011 ] } },
{ "type": "Feature", "properties": { "amenity_id": 1620, "kind": "shop", "name": "えぞ菊", "detail": "restaurant" }, "geometry": { "type": "Point", "coordinates": [ 139.711311500000022, 35.7113116 ] } },
{ "type": "Feature", "properties": { "amenity_id": 1621, "kind": "shop", "name": "口福", "detail": "restaurant" }, "geometry": { "type": "Point", "coordinates": [ 139.7118835, 35.7110457 ] } },
{ "type": "Feature", "properties": { "amenity_id": 1622, "kind": "shop", "name": null, "detail": "dry_cleaning" }, "geometry": { "type": "Point", "coordinates": [ 139.711968800000022, 35.7109909 ] } },
{ "type": "Feature", "properties": { "amenity_id": 1623, "kind": "shop", "name": "羊のロッヂ", "detail": "restaurant" }, "geometry": { "type": "Point", "coordinates": [ 139.7121281, 35.7108801 ] } },
{ "type": "Feature", "properties": { "amenity_id": 1624, "kind": "shop", "name": "paun", "detail": "clothes" }, "geometry": { "type": "Point", "coordinates": [ 139.712175800000011, 35.7108578 ] } },
{ "type": "Feature", "properties": { "amenity_id": 1625, "kind": "shop", "name": "しるし", "detail": "restaurant" }, "geometry": { "type": "Point", "coordinates": [ 139.7124152, 35.710742 ] } },
{ "type": "Feature", "properties": { "amenity_id": 1626, "kind": "shop", "name": "APSARA", "detail": "restaurant" }, "geometry": { "type": "Point", "coordinates": [ 139.712474500000013, 35.7107112 ] } },
{ "type": "Feature", "properties": { "amenity_id": 1627, "kind": "shop", "name": "丼・飯のとり屋", "detail": "restaurant" }, "geometry": { "type": "Point", "coordinates": [ 139.7125546, 35.710655100000011 ] } },
{ "type": "Feature", "properties": { "amenity_id": 1628, "kind": "shop", "name": "Lagoon", "detail": "cafe" }, "geometry": { "type": "Point", "coordinates": [ 139.71265360000001, 35.7105871 ] } },
{ "type": "Feature", "properties": { "amenity_id": 1629, "kind": "shop", "name": "萬ち亭", "detail": "restaurant" }, "geometry": { "type": "Point", "coordinates": [ 139.714066700000018, 35.7099761 ] } },
{ "type": "Feature", "properties": { "amenity_id": 1630, "kind": "shop", "name": "宝美楼", "detail": "restaurant" }, "geometry": { "type": "Point", "coordinates": [ 139.7157363, 35.7096984 ] } },
{ "type": "Feature", "properties": { "amenity_id": 1631, "kind": "shop", "name": "SHIRUCAFE", "detail": "cafe" }, "geometry": { "type": "Point", "coordinates": [ 139.7161628, 35.7096156 ] } },
{ "type": "Feature", "properties": { "amenity_id": 1632, "kind": "shop", "name": null, "detail": "laundry" }, "geometry": { "type": "Point", "coordinates": [ 139.716923500000036, 35.7091603 ] } },
{ "type": "Feature", "properties": { "amenity_id": 1633, "kind": "shop", "name": "ファミリーマート", "detail": "convenience" }, "geometry": { "type": "Point", "coordinates": [ 139.7189926, 35.7067045 ] } },
{ "type": "Feature", "properties": { "amenity_id": 1634, "kind": "shop", "name": "食品館イトーヨーカドー", "detail": "supermarket" }, "geometry": { "type": "Point", "coordinates": [ 139.722498600000023, 35.7059646 ] } },
{ "type": "Feature", "properties": { "amenity_id": 1635, "kind": "shop", "name": "L'Atlas", "detail": "restaurant" }, "geometry": { "type": "Point", "coordinates": [ 139.7379291, 35.7033693 ] } },
{ "type": "Feature", "properties": { "amenity_id": 1636, "kind": "shop", "name": "Spiga", "detail": "restaurant" }, "geometry": { "type": "Point", "coordinates": [ 139.7433743, 35.7029544 ] } },
{ "type": "Feature", "properties": { "amenity_id": 1637, "kind": "shop", "name": "ローソン", "detail": "convenience" }, "geometry": { "type": "Point", "coordinates": [ 139.7435036, 35.7029589 ] } },
{ "type": "Feature", "properties": { "amenity_id": 1638, "kind": "shop", "name": "天下一", "detail": "restaurant" }, "geometry": { "type": "Point", "coordinates": [ 139.743871400000018, 35.7025661 ] } },
{ "type": "Feature", "properties": { "amenity_id": 1639, "kind": "shop", "name": "Les Gourmands disent...", "detail": "restaurant" }, "geometry": { "type": "Point", "coordinates": [ 139.743763300000012, 35.70260050000001 ] } },
{ "type": "Feature", "properties": { "amenity_id": 1640, "kind": "shop", "name": "とめ手羽", "detail": "restaurant" }, "geometry": { "type": "Point", "coordinates": [ 139.7432516, 35.7023379 ] } },
{ "type": "Feature", "properties": { "amenity_id": 1641, "kind": "shop", "name": "今井屋", "detail": "restaurant" }, "geometry": { "type": "Point", "coordinates": [ 139.7421502, 35.7016735 ] } },
{ "type": "Feature", "properties": { "amenity_id": 1642, "kind": "shop", "name": "Sorriso", "detail": "restaurant" }, "geometry": { "type": "Point", "coordinates": [ 139.741615100000018, 35.7019387 ] } },
{ "type": "Feature", "properties": { "amenity_id": 1643, "kind": "shop", "name": "寿し屋の勘せい", "detail": "restaurant" }, "geometry": { "type": "Point", "coordinates": [ 139.7414669, 35.7016544 ] } },
{ "type": "Feature", "properties": { "amenity_id": 1644, "kind": "shop", "name": "香悦", "detail": "restaurant" }, "geometry": { "type": "Point", "coordinates": [ 139.7414713, 35.7015784 ] } },
{ "type": "Feature", "properties": { "amenity_id": 1645, "kind": "shop", "name": "喰家", "detail": "restaurant" }, "geometry": { "type": "Point", "coordinates": [ 139.7415349, 35.7014263 ] } },
{ "type": "Feature", "properties": { "amenity_id": 1646, "kind": "shop", "name": "味角苑", "detail": "restaurant" }, "geometry": { "type": "Point", "coordinates": [ 139.7413855, 35.7014734 ] } },
{ "type": "Feature", "properties": { "amenity_id": 1647, "kind": "shop", "name": "Bar kansui", "detail": "bar" }, "geometry": { "type": "Point", "coordinates": [ 139.7415092, 35.701379200000012 ] } },
{ "type": "Feature", "properties": { "amenity_id": 1648, "kind": "shop", "name": "一品香", "detail": "restaurant" }, "geometry": { "type": "Point", "coordinates": [ 139.741359, 35.7014201 ] } },
{ "type": "Feature", "properties": { "amenity_id": 1649, "kind": "shop", "name": "Vietnam Alice", "detail": "restaurant" }, "geometry": { "type": "Point", "coordinates": [ 139.739781, 35.7007368 ] } },
{ "type": "Feature", "properties": { "amenity_id": 1650, "kind": "shop", "name": "加賀", "detail": "restaurant" }, "geometry": { "type": "Point", "coordinates": [ 139.739363200000014, 35.7005494 ] } },
{ "type": "Feature", "properties": { "amenity_id": 1651, "kind": "shop", "name": "CLUB 玲奈", "detail": "bar" }, "geometry": { "type": "Point", "coordinates": [ 139.739218600000015, 35.700579500000011 ] } },
{ "type": "Feature", "properties": { "amenity_id": 1652, "kind": "shop", "name": "バイヨン", "detail": "restaurant" }, "geometry": { "type": "Point", "coordinates": [ 139.738702500000016, 35.7004117 ] } },
{ "type": "Feature", "properties": { "amenity_id": 1653, "kind": "shop", "name": "La Cabane", "detail": "bar" }, "geometry": { "type": "Point", "coordinates": [ 139.73859680000001, 35.7003681 ] } },
{ "type": "Feature", "properties": { "amenity_id": 1654, "kind": "shop", "name": "喜久屋", "detail": "dry_cleaning" }, "geometry": { "type": "Point", "coordinates": [ 139.737352500000014, 35.700240400000013 ] } },
{ "type": "Feature", "properties": { "amenity_id": 1655, "kind": "shop", "name": "更科", "detail": "restaurant" }, "geometry": { "type": "Point", "coordinates": [ 139.7329234, 35.700935 ] } },
{ "type": "Feature", "properties": { "amenity_id": 1656, "kind": "shop", "name": "soba/udon/noodle", "detail": "restaurant" }, "geometry": { "type": "Point", "coordinates": [ 139.7328764, 35.7040479 ] } },
{ "type": "Feature", "properties": { "amenity_id": 1657, "kind": "shop", "name": "すし茶屋 吟遊", "detail": "restaurant" }, "geometry": { "type": "Point", "coordinates": [ 139.7325921, 35.7041056 ] } },
{ "type": "Feature", "properties": { "amenity_id": 1658, "kind": "shop", "name": null, "detail": "dry_cleaning" }, "geometry": { "type": "Point", "coordinates": [ 139.7320693, 35.7041498 ] } },
{ "type": "Feature", "properties": { "amenity_id": 1659, "kind": "shop", "name": "ファミリーマート", "detail": "convenience" }, "geometry": { "type": "Point", "coordinates": [ 139.726686300000011, 35.7045834 ] } },
{ "type": "Feature", "properties": { "amenity_id": 1660, "kind": "shop", "name": null, "detail": "dry_cleaning" }, "geometry": { "type": "Point", "coordinates": [ 139.725438100000019, 35.7050972 ] } },
{ "type": "Feature", "properties": { "amenity_id": 1661, "kind": "shop", "name": "九州豚骨ラーメン", "detail": "restaurant" }, "geometry": { "type": "Point", "coordinates": [ 139.723388, 35.7054293 ] } },
{ "type": "Feature", "properties": { "amenity_id": 1662, "kind": "shop", "name": "希家", "detail": "restaurant" }, "geometry": { "type": "Point", "coordinates": [ 139.71983780000005, 35.7058532 ] } },
{ "type": "Feature", "properties": { "amenity_id": 1663, "kind": "shop", "name": "手打ちうどん さぬき", "detail": "restaurant" }, "geometry": { "type": "Point", "coordinates": [ 139.6910828, 35.7110647 ] } },
{ "type": "Feature", "properties": { "amenity_id": 1664, "kind": "shop", "name": "FamilyMart", "detail": "convenience" }, "geometry": { "type": "Point", "coordinates": [ 139.705182800000017, 35.6928945 ] } },
{ "type": "Feature", "properties": { "amenity_id": 1665, "kind": "shop", "name": "チカラめし", "detail": "restaurant" }, "geometry": { "type": "Point", "coordinates": [ 139.7012253, 35.6938735 ] } },
{ "type": "Feature", "properties": { "amenity_id": 1666, "kind": "shop", "name": "とらそば", "detail": "restaurant" }, "geometry": { "type": "Point", "coordinates": [ 139.7013996, 35.6938433 ] } },
{ "type": "Feature", "properties": { "amenity_id": 1667, "kind": "shop", "name": "サイゼリヤ", "detail": "restaurant" }, "geometry": { "type": "Point", "coordinates": [ 139.70394570000002, 35.6932254 ] } },
{ "type": "Feature", "properties": { "amenity_id": 1668, "kind": "shop", "name": "ルノアール", "detail": "cafe" }, "geometry": { "type": "Point", "coordinates": [ 139.703972600000014, 35.6931829 ] } },
{ "type": "Feature", "properties": { "amenity_id": 1669, "kind": "shop", "name": "ガスト", "detail": "restaurant" }, "geometry": { "type": "Point", "coordinates": [ 139.7041168, 35.6932102 ] } },
{ "type": "Feature", "properties": { "amenity_id": 1670, "kind": "shop", "name": "築地すし好", "detail": "restaurant" }, "geometry": { "type": "Point", "coordinates": [ 139.7055086, 35.69279130000001 ] } },
{ "type": "Feature", "properties": { "amenity_id": 1671, "kind": "shop", "name": "ジョナサン", "detail": "restaurant" }, "geometry": { "type": "Point", "coordinates": [ 139.7055422, 35.6928595 ] } },
{ "type": "Feature", "properties": { "amenity_id": 1672, "kind": "shop", "name": "富士そば", "detail": "fast_food" }, "geometry": { "type": "Point", "coordinates": [ 139.706123500000018, 35.69263680000001 ] } },
{ "type": "Feature", "properties": { "amenity_id": 1673, "kind": "shop", "name": "玄海", "detail": "restaurant" }, "geometry": { "type": "Point", "coordinates": [ 139.710101400000013, 35.6918113 ] } },
{ "type": "Feature", "properties": { "amenity_id": 1674, "kind": "shop", "name": "コープ", "detail": "supermarket" }, "geometry": { "type": "Point", "coordinates": [ 139.71481110000002, 35.6923538 ] } },
{ "type": "Feature", "properties": { "amenity_id": 1675, "kind": "shop", "name": "まんぷくむすび", "detail": "restaurant" }, "geometry": { "type": "Point", "coordinates": [ 139.7158937, 35.6918585 ] } },
{ "type": "Feature", "properties": { "amenity_id": 1676, "kind": "shop", "name": "台湾餃子店", "detail": "restaurant" }, "geometry": { "type": "Point", "coordinates": [ 139.7190698, 35.691875 ] } },
{ "type": "Feature", "properties": { "amenity_id": 1677, "kind": "shop", "name": "まいばすけっと", "detail": "supermarket" }, "geometry": { "type": "Point", "coordinates": [ 139.719639700000016, 35.6920923 ] } },
{ "type": "Feature", "properties": { "amenity_id": 1678, "kind": "shop", "name": "てんや", "detail": "fast_food" }, "geometry": { "type": "Point", "coordinates": [ 139.721901800000012, 35.6925888 ] } },
{ "type": "Feature", "properties": { "amenity_id": 1679, "kind": "shop", "name": "CoCo壱番屋", "detail": "restaurant" }, "geometry": { "type": "Point", "coordinates": [ 139.7221379, 35.692593 ] } },
{ "type": "Feature", "properties": { "amenity_id": 1680, "kind": "shop", "name": "富士そば", "detail": "fast_food" }, "geometry": { "type": "Point", "coordinates": [ 139.735053500000021, 35.692362899999985 ] } },
{ "type": "Feature", "properties": { "amenity_id": 1681, "kind": "shop", "name": "モスバーガー", "detail": "fast_food" }, "geometry": { "type": "Point", "coordinates": [ 139.735226, 35.6924156 ] } },
{ "type": "Feature", "properties": { "amenity_id": 1682, "kind": "shop", "name": "すし三崎丸", "detail": "restaurant" }, "geometry": { "type": "Point", "coordinates": [ 139.7353292, 35.692477 ] } },
{ "type": "Feature", "properties": { "amenity_id": 1683, "kind": "shop", "name": "マクドナルド", "detail": "fast_food" }, "geometry": { "type": "Point", "coordinates": [ 139.73539310000001, 35.692528 ] } },
{ "type": "Feature", "properties": { "amenity_id": 1684, "kind": "shop", "name": "喜多蔵", "detail": "restaurant" }, "geometry": { "type": "Point", "coordinates": [ 139.735559100000017, 35.6925928 ] } },
{ "type": "Feature", "properties": { "amenity_id": 1685, "kind": "shop", "name": "味蔵", "detail": "restaurant" }, "geometry": { "type": "Point", "coordinates": [ 139.7370884, 35.69380970000001 ] } },
{ "type": "Feature", "properties": { "amenity_id": 1686, "kind": "shop", "name": "ガスト", "detail": "restaurant" }, "geometry": { "type": "Point", "coordinates": [ 139.7374565, 35.6942785 ] } },
{ "type": "Feature", "properties": { "amenity_id": 1687, "kind": "shop", "name": "MONPACA", "detail": "bar" }, "geometry": { "type": "Point", "coordinates": [ 139.7384754, 35.6954799 ] } },
{ "type": "Feature", "properties": { "amenity_id": 1688, "kind": "shop", "name": "華記茶餐廳", "detail": "restaurant" }, "geometry": { "type": "Point", "coordinates": [ 139.73871170000001, 35.6958171 ] } },
{ "type": "Feature", "properties": { "amenity_id": 1689, "kind": "shop", "name": "ブ・ラン・ディ", "detail": "restaurant" }, "geometry": { "type": "Point", "coordinates": [ 139.74067340000002, 35.6984473 ] } },
{ "type": "Feature", "properties": { "amenity_id": 1690, "kind": "shop", "name": "神楽坂飯店", "detail": "restaurant" }, "geometry": { "type": "Point", "coordinates": [ 139.742773600000021, 35.7008743 ] } },
{ "type": "Feature", "properties": { "amenity_id": 1691, "kind": "shop", "name": "えぞ松", "detail": "restaurant" }, "geometry": { "type": "Point", "coordinates": [ 139.7427882, 35.700907300000011 ] } },
{ "type": "Feature", "properties": { "amenity_id": 1692, "kind": "shop", "name": "インドール", "detail": "restaurant" }, "geometry": { "type": "Point", "coordinates": [ 139.742806700000017, 35.700949 ] } },
{ "type": "Feature", "properties": { "amenity_id": 1693, "kind": "shop", "name": "神楽坂そば", "detail": "restaurant" }, "geometry": { "type": "Point", "coordinates": [ 139.7428213, 35.700980300000012 ] } },
{ "type": "Feature", "properties": { "amenity_id": 1694, "kind": "shop", "name": "Torino", "detail": "restaurant" }, "geometry": { "type": "Point", "coordinates": [ 139.7431402, 35.701580800000016 ] } },
{ "type": "Feature", "properties": { "amenity_id": 1695, "kind": "shop", "name": "アジアン居酒屋 ジャラナ", "detail": "restaurant" }, "geometry": { "type": "Point", "coordinates": [ 139.7440287, 35.7024611 ] } },
{ "type": "Feature", "properties": { "amenity_id": 1696, "kind": "shop", "name": "富士そば", "detail": "fast_food" }, "geometry": { "type": "Point", "coordinates": [ 139.744060500000018, 35.7024897 ] } },
{ "type": "Feature", "properties": { "amenity_id": 1697, "kind": "shop", "name": "The Suit Company", "detail": "clothes" }, "geometry": { "type": "Point", "coordinates": [ 139.7441986, 35.7028364 ] } },
{ "type": "Feature", "properties": { "amenity_id": 1698, "kind": "shop", "name": "新宿サブナード", "detail": "convenience" }, "geometry": { "type": "Point", "coordinates": [ 139.70231560000002, 35.6933799 ] } },
{ "type": "Feature", "properties": { "amenity_id": 1699, "kind": "shop", "name": "沖縄そば やんばる本店", "detail": "restaurant" }, "geometry": { "type": "Point", "coordinates": [ 139.7019282, 35.6929395 ] } },
{ "type": "Feature", "properties": { "amenity_id": 1700, "kind": "shop", "name": "やすべえ", "detail": "restaurant" }, "geometry": { "type": "Point", "coordinates": [ 139.7100777, 35.7095412 ] } },
{ "type": "Feature", "properties": { "amenity_id": 1701, "kind": "shop", "name": "追分だんご本舗 喫茶室", "detail": "cafe" }, "geometry": { "type": "Point", "coordinates": [ 139.705307, 35.6903871 ] } },
{ "type": "Feature", "properties": { "amenity_id": 1702, "kind": "shop", "name": "Hona Cafe ホナカフェ 新宿シネシティ広場店", "detail": "cafe" }, "geometry": { "type": "Point", "coordinates": [ 139.701328400000023, 35.6960333 ] } },
{ "type": "Feature", "properties": { "amenity_id": 1703, "kind": "shop", "name": "花想容", "detail": "clothes" }, "geometry": { "type": "Point", "coordinates": [ 139.703463700000015, 35.7197555 ] } },
{ "type": "Feature", "properties": { "amenity_id": 1704, "kind": "shop", "name": "不二家", "detail": "confectionery" }, "geometry": { "type": "Point", "coordinates": [ 139.7429921, 35.7015097 ] } },
{ "type": "Feature", "properties": { "amenity_id": 1705, "kind": "shop", "name": "大型コインランドリー", "detail": "laundry" }, "geometry": { "type": "Point", "coordinates": [ 139.676202700000033, 35.723562100000017 ] } },
{ "type": "Feature", "properties": { "amenity_id": 1706, "kind": "shop", "name": "ヨネザワ理容室", "detail": "hairdresser" }, "geometry": { "type": "Point", "coordinates": [ 139.6832185, 35.722677600000011 ] } },
{ "type": "Feature", "properties": { "amenity_id": 1707, "kind": "shop", "name": "joyful ABE", "detail": "hairdresser" }, "geometry": { "type": "Point", "coordinates": [ 139.675627600000013, 35.723528 ] } },
{ "type": "Feature", "properties": { "amenity_id": 1708, "kind": "shop", "name": "うめや", "detail": "restaurant" }, "geometry": { "type": "Point", "coordinates": [ 139.6755497, 35.7235165 ] } },
{ "type": "Feature", "properties": { "amenity_id": 1709, "kind": "shop", "name": "鮨金", "detail": "restaurant" }, "geometry": { "type": "Point", "coordinates": [ 139.690506100000022, 35.7226336 ] } },
{ "type": "Feature", "properties": { "amenity_id": 1710, "kind": "shop", "name": "WAKO", "detail": "dry_cleaning" }, "geometry": { "type": "Point", "coordinates": [ 139.690133700000018, 35.7226124 ] } },
{ "type": "Feature", "properties": { "amenity_id": 1711, "kind": "shop", "name": "MEN'S HOUSE YOSHIE", "detail": "clothes" }, "geometry": { "type": "Point", "coordinates": [ 139.69004, 35.7226167 ] } },
{ "type": "Feature", "properties": { "amenity_id": 1712, "kind": "shop", "name": "美菜味", "detail": "restaurant" }, "geometry": { "type": "Point", "coordinates": [ 139.687416500000012, 35.7227708 ] } },
{ "type": "Feature", "properties": { "amenity_id": 1713, "kind": "shop", "name": "MOLES MARKET", "detail": "supermarket" }, "geometry": { "type": "Point", "coordinates": [ 139.695360600000015, 35.7220791 ] } },
{ "type": "Feature", "properties": { "amenity_id": 1714, "kind": "shop", "name": "大国屋", "detail": "clothes" }, "geometry": { "type": "Point", "coordinates": [ 139.69524770000001, 35.722131 ] } },
{ "type": "Feature", "properties": { "amenity_id": 1715, "kind": "shop", "name": "ローソン", "detail": "convenience" }, "geometry": { "type": "Point", "coordinates": [ 139.70288, 35.6905885 ] } },
{ "type": "Feature", "properties": { "amenity_id": 1716, "kind": "shop", "name": "PURE WHITE", "detail": "dry_cleaning" }, "geometry": { "type": "Point", "coordinates": [ 139.6966257, 35.7220443 ] } },
{ "type": "Feature", "properties": { "amenity_id": 1717, "kind": "shop", "name": "東麺餃子房", "detail": "restaurant" }, "geometry": { "type": "Point", "coordinates": [ 139.6973614, 35.7220231 ] } },
{ "type": "Feature", "properties": { "amenity_id": 1718, "kind": "shop", "name": "エベレスト", "detail": "restaurant" }, "geometry": { "type": "Point", "coordinates": [ 139.697995100000014, 35.7220836 ] } },
{ "type": "Feature", "properties": { "amenity_id": 1719, "kind": "shop", "name": "Sebiro & co", "detail": "clothes" }, "geometry": { "type": "Point", "coordinates": [ 139.699689700000022, 35.7223903 ] } },
{ "type": "Feature", "properties": { "amenity_id": 1720, "kind": "shop", "name": "jollesse", "detail": "hairdresser" }, "geometry": { "type": "Point", "coordinates": [ 139.6997911, 35.7223952 ] } },
{ "type": "Feature", "properties": { "amenity_id": 1721, "kind": "shop", "name": "JUNO", "detail": "hairdresser" }, "geometry": { "type": "Point", "coordinates": [ 139.700998, 35.722503700000011 ] } },
{ "type": "Feature", "properties": { "amenity_id": 1722, "kind": "shop", "name": "うちだのきもの", "detail": "clothes" }, "geometry": { "type": "Point", "coordinates": [ 139.701668500000011, 35.72263250000001 ] } },
{ "type": "Feature", "properties": { "amenity_id": 1723, "kind": "shop", "name": "白洋舎", "detail": "dry_cleaning" }, "geometry": { "type": "Point", "coordinates": [ 139.702107300000023, 35.7226908 ] } },
{ "type": "Feature", "properties": { "amenity_id": 1724, "kind": "shop", "name": "鶏ジロー", "detail": "restaurant" }, "geometry": { "type": "Point", "coordinates": [ 139.7037372, 35.7227521 ] } },
{ "type": "Feature", "properties": { "amenity_id": 1725, "kind": "shop", "name": "CoCo壱番屋", "detail": "restaurant" }, "geometry": { "type": "Point", "coordinates": [ 139.704370900000015, 35.7228031 ] } },
{ "type": "Feature", "properties": { "amenity_id": 1726, "kind": "shop", "name": "まいばすけっと", "detail": "supermarket" }, "geometry": { "type": "Point", "coordinates": [ 139.74037, 35.7080837 ] } },
{ "type": "Feature", "properties": { "amenity_id": 1727, "kind": "shop", "name": "ローソン", "detail": "convenience" }, "geometry": { "type": "Point", "coordinates": [ 139.7358078, 35.7087778 ] } },
{ "type": "Feature", "properties": { "amenity_id": 1728, "kind": "shop", "name": "Kurand Sake Market Shinjuku", "detail": "bar" }, "geometry": { "type": "Point", "coordinates": [ 139.706736700000022, 35.6906835 ] } },
{ "type": "Feature", "properties": { "amenity_id": 1729, "kind": "shop", "name": "New York Bar", "detail": "bar" }, "geometry": { "type": "Point", "coordinates": [ 139.6907558, 35.6854801 ] } },
{ "type": "Feature", "properties": { "amenity_id": 1730, "kind": "shop", "name": "Eau de Vie", "detail": "bar" }, "geometry": { "type": "Point", "coordinates": [ 139.691045300000013, 35.6908531 ] } },
{ "type": "Feature", "properties": { "amenity_id": 1731, "kind": "shop", "name": "Brooklyn Parlor", "detail": "cafe" }, "geometry": { "type": "Point", "coordinates": [ 139.705979900000017, 35.6901361 ] } },
{ "type": "Feature", "properties": { "amenity_id": 1732, "kind": "shop", "name": "カフェアリや", "detail": "cafe" }, "geometry": { "type": "Point", "coordinates": [ 139.70480950000001, 35.6904971 ] } },
{ "type": "Feature", "properties": { "amenity_id": 1733, "kind": "shop", "name": null, "detail": "convenience" }, "geometry": { "type": "Point", "coordinates": [ 139.702994100000012, 35.7079874 ] } },
{ "type": "Feature", "properties": { "amenity_id": 1734, "kind": "shop", "name": null, "detail": "restaurant" }, "geometry": { "type": "Point", "coordinates": [ 139.6993678, 35.6982153 ] } },
{ "type": "Feature", "properties": { "amenity_id": 1735, "kind": "shop", "name": "ROSETTA", "detail": "hairdresser" }, "geometry": { "type": "Point", "coordinates": [ 139.713830700000017, 35.6898591 ] } },
{ "type": "Feature", "properties": { "amenity_id": 1736, "kind": "shop", "name": "Apartment Coffee", "detail": "cafe" }, "geometry": { "type": "Point", "coordinates": [ 139.7144068, 35.6895453 ] } },
{ "type": "Feature", "properties": { "amenity_id": 1737, "kind": "shop", "name": "松床", "detail": "hairdresser" }, "geometry": { "type": "Point", "coordinates": [ 139.7136433, 35.6901024 ] } },
{ "type": "Feature", "properties": { "amenity_id": 1738, "kind": "shop", "name": "泰然", "detail": "bar" }, "geometry": { "type": "Point", "coordinates": [ 139.7142317, 35.6895636 ] } },
{ "type": "Feature", "properties": { "amenity_id": 1739, "kind": "shop", "name": "シェフス", "detail": "restaurant" }, "geometry": { "type": "Point", "coordinates": [ 139.714236100000022, 35.6897618 ] } },
{ "type": "Feature", "properties": { "amenity_id": 1740, "kind": "shop", "name": "ミニストップ", "detail": "convenience" }, "geometry": { "type": "Point", "coordinates": [ 139.7132866, 35.6899855 ] } },
{ "type": "Feature", "properties": { "amenity_id": 1741, "kind": "shop", "name": "海芙苑", "detail": "restaurant" }, "geometry": { "type": "Point", "coordinates": [ 139.7136045, 35.6898977 ] } },
{ "type": "Feature", "properties": { "amenity_id": 1742, "kind": "shop", "name": null, "detail": "restaurant" }, "geometry": { "type": "Point", "coordinates": [ 139.690681300000023, 35.6855733 ] } },
{ "type": "Feature", "properties": { "amenity_id": 1743, "kind": "shop", "name": "ジェラテリアテオブロマ", "detail": "cafe" }, "geometry": { "type": "Point", "coordinates": [ 139.7379364, 35.703129100000012 ] } },
{ "type": "Feature", "properties": { "amenity_id": 1744, "kind": "shop", "name": null, "detail": "restaurant" }, "geometry": { "type": "Point", "coordinates": [ 139.7026366, 35.6936138 ] } },
{ "type": "Feature", "properties": { "amenity_id": 1745, "kind": "shop", "name": "Usa カフェ", "detail": "cafe" }, "geometry": { "type": "Point", "coordinates": [ 139.726191100000023, 35.698967800000013 ] } },
{ "type": "Feature", "properties": { "amenity_id": 1746, "kind": "shop", "name": "博多っこ", "detail": "restaurant" }, "geometry": { "type": "Point", "coordinates": [ 139.705643900000013, 35.6949758 ] } },
{ "type": "Feature", "properties": { "amenity_id": 1747, "kind": "shop", "name": null, "detail": "restaurant" }, "geometry": { "type": "Point", "coordinates": [ 139.7064186, 35.6940289 ] } },
{ "type": "Feature", "properties": { "amenity_id": 1748, "kind": "shop", "name": null, "detail": "restaurant" }, "geometry": { "type": "Point", "coordinates": [ 139.7063918, 35.6949606 ] } },
{ "type": "Feature", "properties": { "amenity_id": 1749, "kind": "shop", "name": null, "detail": "fast_food" }, "geometry": { "type": "Point", "coordinates": [ 139.7023208, 35.6904995 ] } },
{ "type": "Feature", "properties": { "amenity_id": 1750, "kind": "shop", "name": null, "detail": "restaurant" }, "geometry": { "type": "Point", "coordinates": [ 139.6936938, 35.6910915 ] } },
{ "type": "Feature", "properties": { "amenity_id": 1751, "kind": "shop", "name": "一竜", "detail": "fast_food" }, "geometry": { "type": "Point", "coordinates": [ 139.6976108, 35.6893342 ] } },
{ "type": "Feature", "properties": { "amenity_id": 1752, "kind": "shop", "name": "アイイロカフェ", "detail": "bar" }, "geometry": { "type": "Point", "coordinates": [ 139.70834050000002, 35.6907831 ] } },
{ "type": "Feature", "properties": { "amenity_id": 1753, "kind": "shop", "name": null, "detail": "restaurant" }, "geometry": { "type": "Point", "coordinates": [ 139.705250400000011, 35.6983729 ] } },
{ "type": "Feature", "properties": { "amenity_id": 1754, "kind": "shop", "name": null, "detail": "restaurant" }, "geometry": { "type": "Point", "coordinates": [ 139.702359200000018, 35.6950542 ] } },
{ "type": "Feature", "properties": { "amenity_id": 1755, "kind": "shop", "name": "Tomorrowland", "detail": "clothes" }, "geometry": { "type": "Point", "coordinates": [ 139.6991638, 35.688953 ] } },
{ "type": "Feature", "properties": { "amenity_id": 1756, "kind": "shop", "name": "六番寿司本店", "detail": "fast_food" }, "geometry": { "type": "Point", "coordinates": [ 139.704150700000014, 35.6948996 ] } },
{ "type": "Feature", "properties": { "amenity_id": 1757, "kind": "shop", "name": "野郎寿司本店", "detail": "fast_food" }, "geometry": { "type": "Point", "coordinates": [ 139.704475300000013, 35.6950445 ] } },
{ "type": "Feature", "properties": { "amenity_id": 1758, "kind": "shop", "name": "ジェシカフェ", "detail": "bar" }, "geometry": { "type": "Point", "coordinates": [ 139.696058600000015, 35.6940986 ] } },
{ "type": "Feature", "properties": { "amenity_id": 1759, "kind": "shop", "name": "甚六", "detail": "restaurant" }, "geometry": { "type": "Point", "coordinates": [ 139.712049300000018, 35.6896075 ] } },
{ "type": "Feature", "properties": { "amenity_id": 1760, "kind": "shop", "name": "唐安楼", "detail": "restaurant" }, "geometry": { "type": "Point", "coordinates": [ 139.691463700000014, 35.7016771 ] } },
{ "type": "Feature", "properties": { "amenity_id": 1761, "kind": "shop", "name": "神楽坂 石かわ", "detail": "restaurant" }, "geometry": { "type": "Point", "coordinates": [ 139.739428700000019, 35.701262 ] } },
{ "type": "Feature", "properties": { "amenity_id": 1762, "kind": "shop", "name": "新宿駆け込み餃子", "detail": "fast_food" }, "geometry": { "type": "Point", "coordinates": [ 139.7023929, 35.6947738 ] } },
{ "type": "Feature", "properties": { "amenity_id": 1763, "kind": "shop", "name": "栄壽司", "detail": "restaurant" }, "geometry": { "type": "Point", "coordinates": [ 139.713538600000021, 35.697969 ] } },
{ "type": "Feature", "properties": { "amenity_id": 1764, "kind": "shop", "name": null, "detail": "restaurant" }, "geometry": { "type": "Point", "coordinates": [ 139.7143848, 35.69803730000001 ] } },
{ "type": "Feature", "properties": { "amenity_id": 1765, "kind": "shop", "name": "ポニー", "detail": "dry_cleaning" }, "geometry": { "type": "Point", "coordinates": [ 139.709941, 35.6978929 ] } },
{ "type": "Feature", "properties": { "amenity_id": 1766, "kind": "shop", "name": "AORAKI", "detail": "hairdresser" }, "geometry": { "type": "Point", "coordinates": [ 139.721473, 35.6998332 ] } },
{ "type": "Feature", "properties": { "amenity_id": 1767, "kind": "shop", "name": "YOU", "detail": "hairdresser" }, "geometry": { "type": "Point", "coordinates": [ 139.721644600000019, 35.6997874 ] } },
{ "type": "Feature", "properties": { "amenity_id": 1768, "kind": "shop", "name": "コインランドリー", "detail": "laundry" }, "geometry": { "type": "Point", "coordinates": [ 139.722566600000022, 35.6996472 ] } },
{ "type": "Feature", "properties": { "amenity_id": 1769, "kind": "shop", "name": "青柳", "detail": "restaurant" }, "geometry": { "type": "Point", "coordinates": [ 139.732692400000019, 35.6998785 ] } },
{ "type": "Feature", "properties": { "amenity_id": 1770, "kind": "shop", "name": "gootara", "detail": "cafe" }, "geometry": { "type": "Point", "coordinates": [ 139.740966900000018, 35.7036396 ] } },
{ "type": "Feature", "properties": { "amenity_id": 1771, "kind": "shop", "name": "ミライザカ", "detail": "bar" }, "geometry": { "type": "Point", "coordinates": [ 139.7098061, 35.6889429 ] } },
{ "type": "Feature", "properties": { "amenity_id": 1772, "kind": "shop", "name": "松屋", "detail": "fast_food" }, "geometry": { "type": "Point", "coordinates": [ 139.7081412, 35.6895398 ] } },
{ "type": "Feature", "properties": { "amenity_id": 1773, "kind": "shop", "name": "餃子の福包", "detail": "restaurant" }, "geometry": { "type": "Point", "coordinates": [ 139.708893900000021, 35.6892118 ] } },
{ "type": "Feature", "properties": { "amenity_id": 1774, "kind": "shop", "name": "とんかつ 浜勝", "detail": "restaurant" }, "geometry": { "type": "Point", "coordinates": [ 139.69806250000002, 35.689077 ] } },
{ "type": "Feature", "properties": { "amenity_id": 1775, "kind": "shop", "name": "Blackhole", "detail": "restaurant" }, "geometry": { "type": "Point", "coordinates": [ 139.703910700000023, 35.6937936 ] } },
{ "type": "Feature", "properties": { "amenity_id": 1776, "kind": "shop", "name": "Christon Café", "detail": "restaurant" }, "geometry": { "type": "Point", "coordinates": [ 139.7052251, 35.6929769 ] } },
{ "type": "Feature", "properties": { "amenity_id": 1777, "kind": "shop", "name": "Harebare Pecori Shinjuku", "detail": "restaurant" }, "geometry": { "type": "Point", "coordinates": [ 139.7005403, 35.694629 ] } },
{ "type": "Feature", "properties": { "amenity_id": 1778, "kind": "shop", "name": "The Open Book", "detail": "bar" }, "geometry": { "type": "Point", "coordinates": [ 139.7049298, 35.6940588 ] } },
{ "type": "Feature", "properties": { "amenity_id": 1779, "kind": "shop", "name": null, "detail": "bar" }, "geometry": { "type": "Point", "coordinates": [ 139.699552300000022, 35.6930931 ] } },
{ "type": "Feature", "properties": { "amenity_id": 1780, "kind": "shop", "name": "満福", "detail": "restaurant" }, "geometry": { "type": "Point", "coordinates": [ 139.714559800000018, 35.6892413 ] } },
{ "type": "Feature", "properties": { "amenity_id": 1781, "kind": "shop", "name": "セブン-イレブン", "detail": "convenience" }, "geometry": { "type": "Point", "coordinates": [ 139.6868494, 35.6936717 ] } },
{ "type": "Feature", "properties": { "amenity_id": 1782, "kind": "shop", "name": "松屋", "detail": "fast_food" }, "geometry": { "type": "Point", "coordinates": [ 139.686808400000018, 35.6935806 ] } },
{ "type": "Feature", "properties": { "amenity_id": 1783, "kind": "shop", "name": "ポニー", "detail": "dry_cleaning" }, "geometry": { "type": "Point", "coordinates": [ 139.6866095, 35.6936135 ] } },
{ "type": "Feature", "properties": { "amenity_id": 1784, "kind": "shop", "name": "Ken's Bar 新宿店 (Shinjuku)", "detail": "bar" }, "geometry": { "type": "Point", "coordinates": [ 139.704989500000011, 35.693968 ] } },
{ "type": "Feature", "properties": { "amenity_id": 1785, "kind": "shop", "name": "梅月ランドリー", "detail": "laundry" }, "geometry": { "type": "Point", "coordinates": [ 139.6874057, 35.693218 ] } },
{ "type": "Feature", "properties": { "amenity_id": 1786, "kind": "shop", "name": "小杉美食", "detail": "restaurant" }, "geometry": { "type": "Point", "coordinates": [ 139.6874795, 35.693509 ] } },
{ "type": "Feature", "properties": { "amenity_id": 1787, "kind": "shop", "name": "WAIGAYA", "detail": "restaurant" }, "geometry": { "type": "Point", "coordinates": [ 139.6872765, 35.6934338 ] } },
{ "type": "Feature", "properties": { "amenity_id": 1788, "kind": "shop", "name": "本家かまどや", "detail": "fast_food" }, "geometry": { "type": "Point", "coordinates": [ 139.687253, 35.6931948 ] } },
{ "type": "Feature", "properties": { "amenity_id": 1789, "kind": "shop", "name": "めし処 千草", "detail": "restaurant" }, "geometry": { "type": "Point", "coordinates": [ 139.6868423, 35.692801 ] } },
{ "type": "Feature", "properties": { "amenity_id": 1790, "kind": "shop", "name": "ラーメン天草", "detail": "restaurant" }, "geometry": { "type": "Point", "coordinates": [ 139.68684780000001, 35.6918533 ] } },
{ "type": "Feature", "properties": { "amenity_id": 1791, "kind": "shop", "name": "作治", "detail": "restaurant" }, "geometry": { "type": "Point", "coordinates": [ 139.687369100000012, 35.6914442 ] } },
{ "type": "Feature", "properties": { "amenity_id": 1792, "kind": "shop", "name": "五右衛門", "detail": "restaurant" }, "geometry": { "type": "Point", "coordinates": [ 139.692626100000012, 35.692555 ] } },
{ "type": "Feature", "properties": { "amenity_id": 1793, "kind": "shop", "name": "日乃屋カレー", "detail": "fast_food" }, "geometry": { "type": "Point", "coordinates": [ 139.6965849, 35.6894725 ] } },
{ "type": "Feature", "properties": { "amenity_id": 1794, "kind": "shop", "name": "ケバブ＆カレーBOX", "detail": "fast_food" }, "geometry": { "type": "Point", "coordinates": [ 139.6966174, 35.6891782 ] } },
{ "type": "Feature", "properties": { "amenity_id": 1795, "kind": "shop", "name": "セブン-イレブン", "detail": "convenience" }, "geometry": { "type": "Point", "coordinates": [ 139.695607, 35.6890959 ] } },
{ "type": "Feature", "properties": { "amenity_id": 1796, "kind": "shop", "name": "まいばすけっと", "detail": "supermarket" }, "geometry": { "type": "Point", "coordinates": [ 139.737058500000018, 35.707185 ] } },
{ "type": "Feature", "properties": { "amenity_id": 1797, "kind": "shop", "name": "ローソン", "detail": "convenience" }, "geometry": { "type": "Point", "coordinates": [ 139.74064150000001, 35.7060691 ] } },
{ "type": "Feature", "properties": { "amenity_id": 1798, "kind": "shop", "name": "ファミリーマート", "detail": "convenience" }, "geometry": { "type": "Point", "coordinates": [ 139.7398359, 35.706981 ] } },
{ "type": "Feature", "properties": { "amenity_id": 1799, "kind": "shop", "name": null, "detail": "restaurant" }, "geometry": { "type": "Point", "coordinates": [ 139.689818300000013, 35.6921049 ] } },
{ "type": "Feature", "properties": { "amenity_id": 1800, "kind": "shop", "name": null, "detail": "fast_food" }, "geometry": { "type": "Point", "coordinates": [ 139.700596100000013, 35.6944746 ] } },
{ "type": "Feature", "properties": { "amenity_id": 1801, "kind": "shop", "name": null, "detail": "bar" }, "geometry": { "type": "Point", "coordinates": [ 139.702469400000012, 35.7014242 ] } },
{ "type": "Feature", "properties": { "amenity_id": 1802, "kind": "shop", "name": null, "detail": "bar" }, "geometry": { "type": "Point", "coordinates": [ 139.703316600000022, 35.6950481 ] } },
{ "type": "Feature", "properties": { "amenity_id": 1803, "kind": "shop", "name": "BAR-PSY-TOKYO", "detail": "bar" }, "geometry": { "type": "Point", "coordinates": [ 139.702629500000029, 35.6945965 ] } },
{ "type": "Feature", "properties": { "amenity_id": 1804, "kind": "shop", "name": null, "detail": "restaurant" }, "geometry": { "type": "Point", "coordinates": [ 139.71425290000002, 35.6889111 ] } },
{ "type": "Feature", "properties": { "amenity_id": 1805, "kind": "shop", "name": "ガールズバー ロエル", "detail": "bar" }, "geometry": { "type": "Point", "coordinates": [ 139.743836, 35.7025763 ] } },
{ "type": "Feature", "properties": { "amenity_id": 1806, "kind": "shop", "name": "Sowelu", "detail": "hairdresser" }, "geometry": { "type": "Point", "coordinates": [ 139.7438567, 35.702567 ] } },
{ "type": "Feature", "properties": { "amenity_id": 1807, "kind": "shop", "name": "とりしん", "detail": "restaurant" }, "geometry": { "type": "Point", "coordinates": [ 139.743293500000021, 35.7023181 ] } },
{ "type": "Feature", "properties": { "amenity_id": 1808, "kind": "shop", "name": "トレド", "detail": "restaurant" }, "geometry": { "type": "Point", "coordinates": [ 139.7414149, 35.7007241 ] } },
{ "type": "Feature", "properties": { "amenity_id": 1809, "kind": "shop", "name": "サイゼリヤ", "detail": "restaurant" }, "geometry": { "type": "Point", "coordinates": [ 139.7413266, 35.7008017 ] } },
{ "type": "Feature", "properties": { "amenity_id": 1810, "kind": "shop", "name": "SAPANA", "detail": "restaurant" }, "geometry": { "type": "Point", "coordinates": [ 139.7416608, 35.700687 ] } },
{ "type": "Feature", "properties": { "amenity_id": 1811, "kind": "shop", "name": "チェッカーズ", "detail": "restaurant" }, "geometry": { "type": "Point", "coordinates": [ 139.691186400000021, 35.6926387 ] } },
{ "type": "Feature", "properties": { "amenity_id": 1812, "kind": "shop", "name": "ISHIMARU", "detail": "cafe" }, "geometry": { "type": "Point", "coordinates": [ 139.675565200000023, 35.7234162 ] } },
{ "type": "Feature", "properties": { "amenity_id": 1813, "kind": "shop", "name": "まいばすけっと", "detail": "supermarket" }, "geometry": { "type": "Point", "coordinates": [ 139.674650900000017, 35.7200317 ] } },
{ "type": "Feature", "properties": { "amenity_id": 1814, "kind": "shop", "name": "山形屋", "detail": "dry_cleaning" }, "geometry": { "type": "Point", "coordinates": [ 139.6744521, 35.7197247 ] } },
{ "type": "Feature", "properties": { "amenity_id": 1815, "kind": "shop", "name": "味韓", "detail": "restaurant" }, "geometry": { "type": "Point", "coordinates": [ 139.7425648, 35.7009966 ] } },
{ "type": "Feature", "properties": { "amenity_id": 1816, "kind": "shop", "name": "手打そば 志な乃", "detail": "restaurant" }, "geometry": { "type": "Point", "coordinates": [ 139.7424661, 35.7010716 ] } },
{ "type": "Feature", "properties": { "amenity_id": 1817, "kind": "shop", "name": "もー吉", "detail": "restaurant" }, "geometry": { "type": "Point", "coordinates": [ 139.7424245, 35.7010183 ] } },
{ "type": "Feature", "properties": { "amenity_id": 1818, "kind": "shop", "name": "のら猫 珠", "detail": "bar" }, "geometry": { "type": "Point", "coordinates": [ 139.742601700000023, 35.7009616 ] } },
{ "type": "Feature", "properties": { "amenity_id": 1819, "kind": "shop", "name": "ウィリアム テル", "detail": "bar" }, "geometry": { "type": "Point", "coordinates": [ 139.742647300000016, 35.7010378 ] } },
{ "type": "Feature", "properties": { "amenity_id": 1820, "kind": "shop", "name": "みっちゃん", "detail": "bar" }, "geometry": { "type": "Point", "coordinates": [ 139.7426819, 35.7010206 ] } },
{ "type": "Feature", "properties": { "amenity_id": 1821, "kind": "shop", "name": "きみの", "detail": "restaurant" }, "geometry": { "type": "Point", "coordinates": [ 139.7426092, 35.7010522 ] } },
{ "type": "Feature", "properties": { "amenity_id": 1822, "kind": "shop", "name": "セブン-イレブン", "detail": "convenience" }, "geometry": { "type": "Point", "coordinates": [ 139.735852200000011, 35.6961396 ] } },
{ "type": "Feature", "properties": { "amenity_id": 1823, "kind": "shop", "name": "蒙古タンメン中本", "detail": "restaurant" }, "geometry": { "type": "Point", "coordinates": [ 139.6981815, 35.6957126 ] } },
{ "type": "Feature", "properties": { "amenity_id": 1824, "kind": "shop", "name": "PRONTO", "detail": "cafe" }, "geometry": { "type": "Point", "coordinates": [ 139.7438467, 35.7024101 ] } },
{ "type": "Feature", "properties": { "amenity_id": 1825, "kind": "shop", "name": "トラットリア　ダ　ルイジ", "detail": "restaurant" }, "geometry": { "type": "Point", "coordinates": [ 139.708046700000011, 35.696816900000016 ] } },
{ "type": "Feature", "properties": { "amenity_id": 1826, "kind": "shop", "name": "ローソン", "detail": "convenience" }, "geometry": { "type": "Point", "coordinates": [ 139.708288900000014, 35.6967471 ] } },
{ "type": "Feature", "properties": { "amenity_id": 1827, "kind": "shop", "name": "ゴダイゴ", "detail": "restaurant" }, "geometry": { "type": "Point", "coordinates": [ 139.6934493, 35.6879101 ] } },
{ "type": "Feature", "properties": { "amenity_id": 1828, "kind": "shop", "name": "聚香園", "detail": "restaurant" }, "geometry": { "type": "Point", "coordinates": [ 139.69591010000002, 35.7016952 ] } },
{ "type": "Feature", "properties": { "amenity_id": 1829, "kind": "shop", "name": "聚香園", "detail": "restaurant" }, "geometry": { "type": "Point", "coordinates": [ 139.6955422, 35.7017114 ] } },
{ "type": "Feature", "properties": { "amenity_id": 1830, "kind": "shop", "name": "張亮麻辣烫", "detail": "restaurant" }, "geometry": { "type": "Point", "coordinates": [ 139.69623820000001, 35.7018825 ] } },
{ "type": "Feature", "properties": { "amenity_id": 1831, "kind": "shop", "name": "ジョンノホットク", "detail": "fast_food" }, "geometry": { "type": "Point", "coordinates": [ 139.701049500000011, 35.7013308 ] } },
{ "type": "Feature", "properties": { "amenity_id": 1832, "kind": "shop", "name": "ソウル市場", "detail": "supermarket" }, "geometry": { "type": "Point", "coordinates": [ 139.7029091, 35.7011866 ] } },
{ "type": "Feature", "properties": { "amenity_id": 1833, "kind": "shop", "name": "POPOホットク", "detail": "restaurant" }, "geometry": { "type": "Point", "coordinates": [ 139.7022292, 35.7013965 ] } },
{ "type": "Feature", "properties": { "amenity_id": 1834, "kind": "shop", "name": null, "detail": "restaurant" }, "geometry": { "type": "Point", "coordinates": [ 139.7016754, 35.6928403 ] } },
{ "type": "Feature", "properties": { "amenity_id": 1835, "kind": "shop", "name": "チョンガーネ", "detail": "supermarket" }, "geometry": { "type": "Point", "coordinates": [ 139.7020344, 35.7014665 ] } },
{ "type": "Feature", "properties": { "amenity_id": 1836, "kind": "shop", "name": null, "detail": "restaurant" }, "geometry": { "type": "Point", "coordinates": [ 139.703248300000013, 35.6961112 ] } },
{ "type": "Feature", "properties": { "amenity_id": 1837, "kind": "shop", "name": "ローソン", "detail": "convenience" }, "geometry": { "type": "Point", "coordinates": [ 139.684557400000017, 35.689727500000011 ] } },
{ "type": "Feature", "properties": { "amenity_id": 1838, "kind": "shop", "name": "ファミリーマート", "detail": "convenience" }, "geometry": { "type": "Point", "coordinates": [ 139.684363, 35.6895838 ] } },
{ "type": "Feature", "properties": { "amenity_id": 1839, "kind": "shop", "name": "さんしょの木", "detail": "fast_food" }, "geometry": { "type": "Point", "coordinates": [ 139.711730500000016, 35.6905492 ] } },
{ "type": "Feature", "properties": { "amenity_id": 1840, "kind": "shop", "name": "fish grills", "detail": "restaurant" }, "geometry": { "type": "Point", "coordinates": [ 139.6970704, 35.6890881 ] } },
{ "type": "Feature", "properties": { "amenity_id": 1841, "kind": "shop", "name": "Panier de légumes", "detail": "restaurant" }, "geometry": { "type": "Point", "coordinates": [ 139.703647100000012, 35.7225208 ] } },
{ "type": "Feature", "properties": { "amenity_id": 1842, "kind": "shop", "name": "Café pépin", "detail": "cafe" }, "geometry": { "type": "Point", "coordinates": [ 139.704054800000023, 35.722520200000012 ] } },
{ "type": "Feature", "properties": { "amenity_id": 1843, "kind": "shop", "name": "Castle Rock Burger", "detail": "restaurant" }, "geometry": { "type": "Point", "coordinates": [ 139.706710900000019, 35.6906953 ] } },
{ "type": "Feature", "properties": { "amenity_id": 1844, "kind": "shop", "name": "J.S. BURGERS CAFE", "detail": "restaurant" }, "geometry": { "type": "Point", "coordinates": [ 139.7025337, 35.6885672 ] } },
{ "type": "Feature", "properties": { "amenity_id": 1845, "kind": "shop", "name": "稲毛屋", "detail": "restaurant" }, "geometry": { "type": "Point", "coordinates": [ 139.694017, 35.7222796 ] } },
{ "type": "Feature", "properties": { "amenity_id": 1846, "kind": "shop", "name": "CUISINE CHINOIS かしわぎ", "detail": "restaurant" }, "geometry": { "type": "Point", "coordinates": [ 139.6941635, 35.7221315 ] } },
{ "type": "Feature", "properties": { "amenity_id": 1847, "kind": "shop", "name": "鳥良商店新宿東南口", "detail": "restaurant" }, "geometry": { "type": "Point", "coordinates": [ 139.70300020000002, 35.6904013 ] } },
{ "type": "Feature", "properties": { "amenity_id": 1848, "kind": "shop", "name": "セブン-イレブン", "detail": "convenience" }, "geometry": { "type": "Point", "coordinates": [ 139.720778700000011, 35.7069113 ] } },
{ "type": "Feature", "properties": { "amenity_id": 1849, "kind": "shop", "name": "シャインマート", "detail": "convenience" }, "geometry": { "type": "Point", "coordinates": [ 139.7081278, 35.6901795 ] } },
{ "type": "Feature", "properties": { "amenity_id": 1850, "kind": "shop", "name": "ドンキング", "detail": "restaurant" }, "geometry": { "type": "Point", "coordinates": [ 139.7080995, 35.690049900000012 ] } },
{ "type": "Feature", "properties": { "amenity_id": 1851, "kind": "shop", "name": "珈琲貴族エジンバラ　新宿本店", "detail": "cafe" }, "geometry": { "type": "Point", "coordinates": [ 139.7062674, 35.6904285 ] } },
{ "type": "Feature", "properties": { "amenity_id": 1852, "kind": "shop", "name": "EAGLE Tokyo", "detail": "bar" }, "geometry": { "type": "Point", "coordinates": [ 139.707579800000019, 35.6904958 ] } },
{ "type": "Feature", "properties": { "amenity_id": 1853, "kind": "shop", "name": "Bar Gold Finger", "detail": "bar" }, "geometry": { "type": "Point", "coordinates": [ 139.7076544, 35.6906176 ] } },
{ "type": "Feature", "properties": { "amenity_id": 1854, "kind": "shop", "name": "Fukishino", "detail": "restaurant" }, "geometry": { "type": "Point", "coordinates": [ 139.7400699, 35.7019895 ] } },
{ "type": "Feature", "properties": { "amenity_id": 1855, "kind": "shop", "name": "Santoku", "detail": "supermarket" }, "geometry": { "type": "Point", "coordinates": [ 139.721773500000012, 35.6962245 ] } },
{ "type": "Feature", "properties": { "amenity_id": 1856, "kind": "shop", "name": "セブン-イレブン", "detail": "convenience" }, "geometry": { "type": "Point", "coordinates": [ 139.7202207, 35.6932974 ] } },
{ "type": "Feature", "properties": { "amenity_id": 1857, "kind": "shop", "name": null, "detail": "restaurant" }, "geometry": { "type": "Point", "coordinates": [ 139.704435, 35.7106667 ] } },
{ "type": "Feature", "properties": { "amenity_id": 1858, "kind": "shop", "name": null, "detail": "restaurant" }, "geometry": { "type": "Point", "coordinates": [ 139.7043912, 35.6957524 ] } },
{ "type": "Feature", "properties": { "amenity_id": 1859, "kind": "shop", "name": null, "detail": "restaurant" }, "geometry": { "type": "Point", "coordinates": [ 139.703615400000018, 35.6912908 ] } },
{ "type": "Feature", "properties": { "amenity_id": 1860, "kind": "shop", "name": null, "detail": "restaurant" }, "geometry": { "type": "Point", "coordinates": [ 139.701738800000015, 35.694795 ] } },
{ "type": "Feature", "properties": { "amenity_id": 1861, "kind": "shop", "name": null, "detail": "cafe" }, "geometry": { "type": "Point", "coordinates": [ 139.709425300000021, 35.7013896 ] } },
{ "type": "Feature", "properties": { "amenity_id": 1862, "kind": "shop", "name": "理容 フィガロ", "detail": "hairdresser" }, "geometry": { "type": "Point", "coordinates": [ 139.7094145, 35.7014964 ] } },
{ "type": "Feature", "properties": { "amenity_id": 1863, "kind": "shop", "name": "希望", "detail": "cafe" }, "geometry": { "type": "Point", "coordinates": [ 139.709368900000015, 35.7017417 ] } },
{ "type": "Feature", "properties": { "amenity_id": 1864, "kind": "shop", "name": "喜多方ラーメン坂内", "detail": "restaurant" }, "geometry": { "type": "Point", "coordinates": [ 139.700715200000019, 35.694408300000013 ] } },
{ "type": "Feature", "properties": { "amenity_id": 1865, "kind": "shop", "name": "博多ラーメン バリちゃん", "detail": "fast_food" }, "geometry": { "type": "Point", "coordinates": [ 139.707443300000023, 35.7126366 ] } },
{ "type": "Feature", "properties": { "amenity_id": 1866, "kind": "shop", "name": "シャノアール", "detail": "cafe" }, "geometry": { "type": "Point", "coordinates": [ 139.7192656, 35.7065342 ] } },
{ "type": "Feature", "properties": { "amenity_id": 1867, "kind": "shop", "name": null, "detail": "bar" }, "geometry": { "type": "Point", "coordinates": [ 139.702720700000015, 35.6948974 ] } },
{ "type": "Feature", "properties": { "amenity_id": 1868, "kind": "shop", "name": "ごんべえ", "detail": "restaurant" }, "geometry": { "type": "Point", "coordinates": [ 139.7185939, 35.7064186 ] } },
{ "type": "Feature", "properties": { "amenity_id": 1869, "kind": "shop", "name": "KHANA", "detail": "restaurant" }, "geometry": { "type": "Point", "coordinates": [ 139.7187864, 35.7064 ] } },
{ "type": "Feature", "properties": { "amenity_id": 1870, "kind": "shop", "name": "高木や", "detail": "restaurant" }, "geometry": { "type": "Point", "coordinates": [ 139.719542500000017, 35.7059349 ] } },
{ "type": "Feature", "properties": { "amenity_id": 1871, "kind": "shop", "name": "Cafe GOTO", "detail": "cafe" }, "geometry": { "type": "Point", "coordinates": [ 139.719671700000021, 35.705912500000011 ] } },
{ "type": "Feature", "properties": { "amenity_id": 1872, "kind": "shop", "name": "いなげや", "detail": "supermarket" }, "geometry": { "type": "Point", "coordinates": [ 139.7430989, 35.70543270000001 ] } },
{ "type": "Feature", "properties": { "amenity_id": 1873, "kind": "shop", "name": "サブウェイ", "detail": "fast_food" }, "geometry": { "type": "Point", "coordinates": [ 139.743184700000029, 35.7027342 ] } },
{ "type": "Feature", "properties": { "amenity_id": 1874, "kind": "shop", "name": "香港酒家", "detail": "restaurant" }, "geometry": { "type": "Point", "coordinates": [ 139.730723800000021, 35.7051713 ] } },
{ "type": "Feature", "properties": { "amenity_id": 1875, "kind": "shop", "name": "Barber Iwagami", "detail": "hairdresser" }, "geometry": { "type": "Point", "coordinates": [ 139.730885, 35.7061122 ] } },
{ "type": "Feature", "properties": { "amenity_id": 1876, "kind": "shop", "name": "山ふく", "detail": "restaurant" }, "geometry": { "type": "Point", "coordinates": [ 139.730608900000021, 35.7084218 ] } },
{ "type": "Feature", "properties": { "amenity_id": 1877, "kind": "shop", "name": "ローソン", "detail": "convenience" }, "geometry": { "type": "Point", "coordinates": [ 139.7314227, 35.7075609 ] } },
{ "type": "Feature", "properties": { "amenity_id": 1878, "kind": "shop", "name": "Brucia Brucia", "detail": "restaurant" }, "geometry": { "type": "Point", "coordinates": [ 139.730841700000013, 35.7058967 ] } },
{ "type": "Feature", "properties": { "amenity_id": 1879, "kind": "shop", "name": "Focacceria Altamura", "detail": "bakery" }, "geometry": { "type": "Point", "coordinates": [ 139.7312407, 35.7065927 ] } },
{ "type": "Feature", "properties": { "amenity_id": 1880, "kind": "shop", "name": null, "detail": "restaurant" }, "geometry": { "type": "Point", "coordinates": [ 139.7312795, 35.7067425 ] } },
{ "type": "Feature", "properties": { "amenity_id": 1881, "kind": "shop", "name": "Piatti Castellina", "detail": "restaurant" }, "geometry": { "type": "Point", "coordinates": [ 139.730842, 35.7058348 ] } },
{ "type": "Feature", "properties": { "amenity_id": 1882, "kind": "shop", "name": "Deli Wash", "detail": "dry_cleaning" }, "geometry": { "type": "Point", "coordinates": [ 139.7309722, 35.7065961 ] } },
{ "type": "Feature", "properties": { "amenity_id": 1883, "kind": "shop", "name": "永盛冒", "detail": "restaurant" }, "geometry": { "type": "Point", "coordinates": [ 139.73135, 35.7072352 ] } },
{ "type": "Feature", "properties": { "amenity_id": 1884, "kind": "shop", "name": "台北101", "detail": "restaurant" }, "geometry": { "type": "Point", "coordinates": [ 139.730574500000017, 35.7084137 ] } },
{ "type": "Feature", "properties": { "amenity_id": 1885, "kind": "shop", "name": "Taverne Aqua Shack", "detail": "restaurant" }, "geometry": { "type": "Point", "coordinates": [ 139.7309028, 35.7075494 ] } },
{ "type": "Feature", "properties": { "amenity_id": 1886, "kind": "shop", "name": "カレーの店", "detail": "restaurant" }, "geometry": { "type": "Point", "coordinates": [ 139.7309132, 35.7083935 ] } },
{ "type": "Feature", "properties": { "amenity_id": 1887, "kind": "shop", "name": null, "detail": "restaurant" }, "geometry": { "type": "Point", "coordinates": [ 139.731348100000019, 35.7071729 ] } },
{ "type": "Feature", "properties": { "amenity_id": 1888, "kind": "shop", "name": "お好", "detail": "restaurant" }, "geometry": { "type": "Point", "coordinates": [ 139.7308802, 35.7060476 ] } },
{ "type": "Feature", "properties": { "amenity_id": 1889, "kind": "shop", "name": "Balance", "detail": "hairdresser" }, "geometry": { "type": "Point", "coordinates": [ 139.7312655, 35.7066502 ] } },
{ "type": "Feature", "properties": { "amenity_id": 1890, "kind": "shop", "name": "Ajito", "detail": "hairdresser" }, "geometry": { "type": "Point", "coordinates": [ 139.732338, 35.7043187 ] } },
{ "type": "Feature", "properties": { "amenity_id": 1891, "kind": "shop", "name": "ファミリーマート", "detail": "convenience" }, "geometry": { "type": "Point", "coordinates": [ 139.727184200000011, 35.7082118 ] } },
{ "type": "Feature", "properties": { "amenity_id": 1892, "kind": "shop", "name": "Tratoria", "detail": "restaurant" }, "geometry": { "type": "Point", "coordinates": [ 139.732867, 35.7053023 ] } },
{ "type": "Feature", "properties": { "amenity_id": 1893, "kind": "shop", "name": "三ん寅 店主", "detail": "restaurant" }, "geometry": { "type": "Point", "coordinates": [ 139.730421400000012, 35.7092677 ] } },
{ "type": "Feature", "properties": { "amenity_id": 1894, "kind": "shop", "name": "Hair shop without you m.s.h.", "detail": "hairdresser" }, "geometry": { "type": "Point", "coordinates": [ 139.7381186, 35.70239930000001 ] } },
{ "type": "Feature", "properties": { "amenity_id": 1895, "kind": "shop", "name": "クリーニング", "detail": "dry_cleaning" }, "geometry": { "type": "Point", "coordinates": [ 139.72718740000002, 35.707938 ] } },
{ "type": "Feature", "properties": { "amenity_id": 1896, "kind": "shop", "name": "クリーニング", "detail": "dry_cleaning" }, "geometry": { "type": "Point", "coordinates": [ 139.7271634, 35.7075963 ] } },
{ "type": "Feature", "properties": { "amenity_id": 1897, "kind": "shop", "name": "コインランドリ", "detail": "laundry" }, "geometry": { "type": "Point", "coordinates": [ 139.732254900000015, 35.7054519 ] } },
{ "type": "Feature", "properties": { "amenity_id": 1898, "kind": "shop", "name": "Girls bar", "detail": "bar" }, "geometry": { "type": "Point", "coordinates": [ 139.730804700000022, 35.7056138 ] } },
{ "type": "Feature", "properties": { "amenity_id": 1899, "kind": "shop", "name": "やきとり", "detail": "restaurant" }, "geometry": { "type": "Point", "coordinates": [ 139.7306044, 35.7092899 ] } },
{ "type": "Feature", "properties": { "amenity_id": 1900, "kind": "shop", "name": "ココカラファイン", "detail": "convenience" }, "geometry": { "type": "Point", "coordinates": [ 139.731171100000012, 35.7061321 ] } },
{ "type": "Feature", "properties": { "amenity_id": 1901, "kind": "shop", "name": "松兵衛本店", "detail": "restaurant" }, "geometry": { "type": "Point", "coordinates": [ 139.733656100000019, 35.7044605 ] } },
{ "type": "Feature", "properties": { "amenity_id": 1902, "kind": "shop", "name": null, "detail": "restaurant" }, "geometry": { "type": "Point", "coordinates": [ 139.7271915, 35.708085600000018 ] } },
{ "type": "Feature", "properties": { "amenity_id": 1903, "kind": "shop", "name": "Café Wool", "detail": "cafe" }, "geometry": { "type": "Point", "coordinates": [ 139.726784900000013, 35.7088229 ] } },
{ "type": "Feature", "properties": { "amenity_id": 1904, "kind": "shop", "name": "レモン", "detail": "cafe" }, "geometry": { "type": "Point", "coordinates": [ 139.727312, 35.7094626 ] } },
{ "type": "Feature", "properties": { "amenity_id": 1905, "kind": "shop", "name": "たくあん", "detail": "restaurant" }, "geometry": { "type": "Point", "coordinates": [ 139.7301306, 35.7086227 ] } },
{ "type": "Feature", "properties": { "amenity_id": 1906, "kind": "shop", "name": "Ten-Ryu", "detail": "restaurant" }, "geometry": { "type": "Point", "coordinates": [ 139.7298164, 35.7083085 ] } },
{ "type": "Feature", "properties": { "amenity_id": 1907, "kind": "shop", "name": "Sopra Acqua", "detail": "restaurant" }, "geometry": { "type": "Point", "coordinates": [ 139.7309333, 35.7043921 ] } },
{ "type": "Feature", "properties": { "amenity_id": 1908, "kind": "shop", "name": "Beach Hair and Make", "detail": "hairdresser" }, "geometry": { "type": "Point", "coordinates": [ 139.7308693, 35.7061137 ] } },
{ "type": "Feature", "properties": { "amenity_id": 1909, "kind": "shop", "name": "High five salad", "detail": "convenience" }, "geometry": { "type": "Point", "coordinates": [ 139.7314724, 35.7079436 ] } },
{ "type": "Feature", "properties": { "amenity_id": 1910, "kind": "shop", "name": "そはうどん", "detail": "restaurant" }, "geometry": { "type": "Point", "coordinates": [ 139.7314111, 35.707528 ] } },
{ "type": "Feature", "properties": { "amenity_id": 1911, "kind": "shop", "name": null, "detail": "restaurant" }, "geometry": { "type": "Point", "coordinates": [ 139.7311109, 35.7054892 ] } },
{ "type": "Feature", "properties": { "amenity_id": 1912, "kind": "shop", "name": "Chinese Bar", "detail": "bar" }, "geometry": { "type": "Point", "coordinates": [ 139.736438600000014, 35.7038279 ] } },
{ "type": "Feature", "properties": { "amenity_id": 1913, "kind": "shop", "name": "café Kado", "detail": "cafe" }, "geometry": { "type": "Point", "coordinates": [ 139.730959400000017, 35.7072166 ] } },
{ "type": "Feature", "properties": { "amenity_id": 1914, "kind": "shop", "name": "やきとん", "detail": "restaurant" }, "geometry": { "type": "Point", "coordinates": [ 139.7306926, 35.7094243 ] } },
{ "type": "Feature", "properties": { "amenity_id": 1915, "kind": "shop", "name": null, "detail": "restaurant" }, "geometry": { "type": "Point", "coordinates": [ 139.700483500000018, 35.689725 ] } },
{ "type": "Feature", "properties": { "amenity_id": 1916, "kind": "shop", "name": "Bar Mazan", "detail": "cafe" }, "geometry": { "type": "Point", "coordinates": [ 139.740435100000013, 35.707228400000012 ] } },
{ "type": "Feature", "properties": { "amenity_id": 1917, "kind": "shop", "name": null, "detail": "cafe" }, "geometry": { "type": "Point", "coordinates": [ 139.730725300000017, 35.7086247 ] } },
{ "type": "Feature", "properties": { "amenity_id": 1918, "kind": "shop", "name": "The Lahmen", "detail": "restaurant" }, "geometry": { "type": "Point", "coordinates": [ 139.733563500000031, 35.704242 ] } },
{ "type": "Feature", "properties": { "amenity_id": 1919, "kind": "shop", "name": "3 deli", "detail": "restaurant" }, "geometry": { "type": "Point", "coordinates": [ 139.735939, 35.7076988 ] } },
{ "type": "Feature", "properties": { "amenity_id": 1920, "kind": "shop", "name": "加賀屋", "detail": "restaurant" }, "geometry": { "type": "Point", "coordinates": [ 139.735524600000048, 35.7048768 ] } },
{ "type": "Feature", "properties": { "amenity_id": 1921, "kind": "shop", "name": "絵空箱", "detail": "cafe" }, "geometry": { "type": "Point", "coordinates": [ 139.7301912, 35.7087451 ] } },
{ "type": "Feature", "properties": { "amenity_id": 1922, "kind": "shop", "name": "Unplan", "detail": "cafe" }, "geometry": { "type": "Point", "coordinates": [ 139.731559800000014, 35.7050276 ] } },
{ "type": "Feature", "properties": { "amenity_id": 1923, "kind": "shop", "name": "Vigor", "detail": "bar" }, "geometry": { "type": "Point", "coordinates": [ 139.7302238, 35.7092549 ] } },
{ "type": "Feature", "properties": { "amenity_id": 1924, "kind": "shop", "name": "Meet", "detail": "bar" }, "geometry": { "type": "Point", "coordinates": [ 139.7306773, 35.709469 ] } },
{ "type": "Feature", "properties": { "amenity_id": 1925, "kind": "shop", "name": "Zoogunzoo", "detail": "restaurant" }, "geometry": { "type": "Point", "coordinates": [ 139.733689100000021, 35.7042686 ] } },
{ "type": "Feature", "properties": { "amenity_id": 1926, "kind": "shop", "name": "ばんちゃん", "detail": "bar" }, "geometry": { "type": "Point", "coordinates": [ 139.731987300000014, 35.7063413 ] } },
{ "type": "Feature", "properties": { "amenity_id": 1927, "kind": "shop", "name": "クリーニング", "detail": "dry_cleaning" }, "geometry": { "type": "Point", "coordinates": [ 139.737005300000021, 35.70766 ] } },
{ "type": "Feature", "properties": { "amenity_id": 1928, "kind": "shop", "name": "すみれ", "detail": "restaurant" }, "geometry": { "type": "Point", "coordinates": [ 139.730093900000014, 35.708739900000012 ] } },
{ "type": "Feature", "properties": { "amenity_id": 1929, "kind": "shop", "name": "Coin Laundry", "detail": "laundry" }, "geometry": { "type": "Point", "coordinates": [ 139.735266, 35.704371 ] } },
{ "type": "Feature", "properties": { "amenity_id": 1930, "kind": "shop", "name": "Third Grill", "detail": "restaurant" }, "geometry": { "type": "Point", "coordinates": [ 139.7309926, 35.7092516 ] } },
{ "type": "Feature", "properties": { "amenity_id": 1931, "kind": "shop", "name": "Curry", "detail": "restaurant" }, "geometry": { "type": "Point", "coordinates": [ 139.697584400000011, 35.6988445 ] } },
{ "type": "Feature", "properties": { "amenity_id": 1932, "kind": "shop", "name": null, "detail": "fast_food" }, "geometry": { "type": "Point", "coordinates": [ 139.728738600000014, 35.7072006 ] } },
{ "type": "Feature", "properties": { "amenity_id": 1933, "kind": "shop", "name": "Arietta", "detail": "restaurant" }, "geometry": { "type": "Point", "coordinates": [ 139.7314538, 35.7093569 ] } },
{ "type": "Feature", "properties": { "amenity_id": 1934, "kind": "shop", "name": "デニーズ", "detail": "restaurant" }, "geometry": { "type": "Point", "coordinates": [ 139.731180200000011, 35.7081212 ] } },
{ "type": "Feature", "properties": { "amenity_id": 1935, "kind": "shop", "name": "Yorimichiya Mouuu", "detail": "bar" }, "geometry": { "type": "Point", "coordinates": [ 139.732823300000035, 35.7064213 ] } },
{ "type": "Feature", "properties": { "amenity_id": 1936, "kind": "shop", "name": null, "detail": "restaurant" }, "geometry": { "type": "Point", "coordinates": [ 139.7306982, 35.7076955 ] } },
{ "type": "Feature", "properties": { "amenity_id": 1937, "kind": "shop", "name": "タカハシ", "detail": "hairdresser" }, "geometry": { "type": "Point", "coordinates": [ 139.7326429, 35.7054988 ] } },
{ "type": "Feature", "properties": { "amenity_id": 1938, "kind": "shop", "name": "Mario Pasta", "detail": "restaurant" }, "geometry": { "type": "Point", "coordinates": [ 139.732428700000042, 35.704811 ] } },
{ "type": "Feature", "properties": { "amenity_id": 1939, "kind": "shop", "name": "Gloutonverre", "detail": "bar" }, "geometry": { "type": "Point", "coordinates": [ 139.7328359, 35.7061409 ] } },
{ "type": "Feature", "properties": { "amenity_id": 1940, "kind": "shop", "name": "カラオケ館", "detail": "bar" }, "geometry": { "type": "Point", "coordinates": [ 139.697931800000021, 35.6927762 ] } },
{ "type": "Feature", "properties": { "amenity_id": 1941, "kind": "shop", "name": "Barber", "detail": "hairdresser" }, "geometry": { "type": "Point", "coordinates": [ 139.729664400000019, 35.7071148 ] } },
{ "type": "Feature", "properties": { "amenity_id": 1942, "kind": "shop", "name": "Book&cafe", "detail": "cafe" }, "geometry": { "type": "Point", "coordinates": [ 139.73529880000001, 35.7036108 ] } },
{ "type": "Feature", "properties": { "amenity_id": 1943, "kind": "shop", "name": "ドミノ・ピザ", "detail": "fast_food" }, "geometry": { "type": "Point", "coordinates": [ 139.7291846, 35.7075204 ] } },
{ "type": "Feature", "properties": { "amenity_id": 1944, "kind": "shop", "name": null, "detail": "clothes" }, "geometry": { "type": "Point", "coordinates": [ 139.736547600000023, 35.7030703 ] } },
{ "type": "Feature", "properties": { "amenity_id": 1945, "kind": "shop", "name": "Oriental Deli", "detail": "restaurant" }, "geometry": { "type": "Point", "coordinates": [ 139.7360774, 35.7025249 ] } },
{ "type": "Feature", "properties": { "amenity_id": 1946, "kind": "shop", "name": null, "detail": "restaurant" }, "geometry": { "type": "Point", "coordinates": [ 139.736225, 35.702914 ] } },
{ "type": "Feature", "properties": { "amenity_id": 1947, "kind": "shop", "name": null, "detail": "restaurant" }, "geometry": { "type": "Point", "coordinates": [ 139.7297739, 35.7075168 ] } },
{ "type": "Feature", "properties": { "amenity_id": 1948, "kind": "shop", "name": null, "detail": "convenience" }, "geometry": { "type": "Point", "coordinates": [ 139.730280600000015, 35.7075155 ] } },
{ "type": "Feature", "properties": { "amenity_id": 1949, "kind": "shop", "name": null, "detail": "cafe" }, "geometry": { "type": "Point", "coordinates": [ 139.733150500000022, 35.7000916 ] } },
{ "type": "Feature", "properties": { "amenity_id": 1950, "kind": "shop", "name": "Barber", "detail": "hairdresser" }, "geometry": { "type": "Point", "coordinates": [ 139.7364216, 35.7029001 ] } },
{ "type": "Feature", "properties": { "amenity_id": 1951, "kind": "shop", "name": "キイトス", "detail": "cafe" }, "geometry": { "type": "Point", "coordinates": [ 139.7331101, 35.7001811 ] } },
{ "type": "Feature", "properties": { "amenity_id": 1952, "kind": "shop", "name": "Blue sea", "detail": "bar" }, "geometry": { "type": "Point", "coordinates": [ 139.729737600000021, 35.70721 ] } },
{ "type": "Feature", "properties": { "amenity_id": 1953, "kind": "shop", "name": "Ethnic café and restaurant", "detail": "restaurant" }, "geometry": { "type": "Point", "coordinates": [ 139.7345527, 35.7005247 ] } },
{ "type": "Feature", "properties": { "amenity_id": 1954, "kind": "shop", "name": null, "detail": "laundry" }, "geometry": { "type": "Point", "coordinates": [ 139.729667700000022, 35.707206500000012 ] } },
{ "type": "Feature", "properties": { "amenity_id": 1955, "kind": "shop", "name": "タージ マハル", "detail": "restaurant" }, "geometry": { "type": "Point", "coordinates": [ 139.730768200000028, 35.7072137 ] } },
{ "type": "Feature", "properties": { "amenity_id": 1956, "kind": "shop", "name": "理容原田", "detail": "hairdresser" }, "geometry": { "type": "Point", "coordinates": [ 139.730015800000018, 35.7075199 ] } },
{ "type": "Feature", "properties": { "amenity_id": 1957, "kind": "shop", "name": "Ramen gyoza", "detail": "restaurant" }, "geometry": { "type": "Point", "coordinates": [ 139.7030239, 35.6903892 ] } },
{ "type": "Feature", "properties": { "amenity_id": 1958, "kind": "shop", "name": "Kouriou Ramen", "detail": "restaurant" }, "geometry": { "type": "Point", "coordinates": [ 139.701569400000011, 35.6929796 ] } },
{ "type": "Feature", "properties": { "amenity_id": 1959, "kind": "shop", "name": "セブン-イレブン", "detail": "convenience" }, "geometry": { "type": "Point", "coordinates": [ 139.7171567, 35.7125872 ] } },
{ "type": "Feature", "properties": { "amenity_id": 1960, "kind": "shop", "name": "Monstera Cafe", "detail": "cafe" }, "geometry": { "type": "Point", "coordinates": [ 139.7202785, 35.7121633 ] } },
{ "type": "Feature", "properties": { "amenity_id": 1961, "kind": "shop", "name": "大納川", "detail": "restaurant" }, "geometry": { "type": "Point", "coordinates": [ 139.735528400000021, 35.7077406 ] } },
{ "type": "Feature", "properties": { "amenity_id": 1962, "kind": "shop", "name": "Petit Paris", "detail": "bar" }, "geometry": { "type": "Point", "coordinates": [ 139.7388919, 35.7022768 ] } },
{ "type": "Feature", "properties": { "amenity_id": 1963, "kind": "shop", "name": "山寺Hooters", "detail": "restaurant" }, "geometry": { "type": "Point", "coordinates": [ 139.697232, 35.6901435 ] } },
{ "type": "Feature", "properties": { "amenity_id": 1964, "kind": "shop", "name": "讃岐うどん", "detail": "fast_food" }, "geometry": { "type": "Point", "coordinates": [ 139.701979100000017, 35.6898984 ] } },
{ "type": "Feature", "properties": { "amenity_id": 1965, "kind": "shop", "name": "食堂 長野屋", "detail": "restaurant" }, "geometry": { "type": "Point", "coordinates": [ 139.702198400000015, 35.689688 ] } },
{ "type": "Feature", "properties": { "amenity_id": 1966, "kind": "shop", "name": "海神", "detail": "fast_food" }, "geometry": { "type": "Point", "coordinates": [ 139.702247100000022, 35.6897389 ] } },
{ "type": "Feature", "properties": { "amenity_id": 1967, "kind": "shop", "name": "MEGAドン・キホーテ", "detail": "supermarket" }, "geometry": { "type": "Point", "coordinates": [ 139.70198480000002, 35.6900315 ] } },
{ "type": "Feature", "properties": { "amenity_id": 1968, "kind": "shop", "name": "La matière", "detail": "restaurant" }, "geometry": { "type": "Point", "coordinates": [ 139.73631690000002, 35.7037934 ] } },
{ "type": "Feature", "properties": { "amenity_id": 1969, "kind": "shop", "name": "Artigiano", "detail": "restaurant" }, "geometry": { "type": "Point", "coordinates": [ 139.740048800000011, 35.7022364 ] } },
{ "type": "Feature", "properties": { "amenity_id": 1970, "kind": "shop", "name": "Il Chianti", "detail": "restaurant" }, "geometry": { "type": "Point", "coordinates": [ 139.73568640000002, 35.7038769 ] } },
{ "type": "Feature", "properties": { "amenity_id": 1971, "kind": "shop", "name": "k.west", "detail": "bar" }, "geometry": { "type": "Point", "coordinates": [ 139.7336589, 35.7042052 ] } },
{ "type": "Feature", "properties": { "amenity_id": 1972, "kind": "shop", "name": "新富寿司", "detail": "restaurant" }, "geometry": { "type": "Point", "coordinates": [ 139.7401184, 35.7022141 ] } },
{ "type": "Feature", "properties": { "amenity_id": 1973, "kind": "shop", "name": null, "detail": "clothes" }, "geometry": { "type": "Point", "coordinates": [ 139.740021, 35.7018893 ] } },
{ "type": "Feature", "properties": { "amenity_id": 1974, "kind": "shop", "name": "Akagi Cafe", "detail": "cafe" }, "geometry": { "type": "Point", "coordinates": [ 139.7362311, 35.7046896 ] } },
{ "type": "Feature", "properties": { "amenity_id": 1975, "kind": "shop", "name": "Trattoria La Rondine", "detail": "bar" }, "geometry": { "type": "Point", "coordinates": [ 139.742779400000018, 35.7059831 ] } },
{ "type": "Feature", "properties": { "amenity_id": 1976, "kind": "shop", "name": "Maison de poupée", "detail": "restaurant" }, "geometry": { "type": "Point", "coordinates": [ 139.7401575, 35.7021932 ] } },
{ "type": "Feature", "properties": { "amenity_id": 1977, "kind": "shop", "name": "Circo", "detail": "restaurant" }, "geometry": { "type": "Point", "coordinates": [ 139.7401623, 35.7023051 ] } },
{ "type": "Feature", "properties": { "amenity_id": 1978, "kind": "shop", "name": "Ichige Bakery", "detail": "bakery" }, "geometry": { "type": "Point", "coordinates": [ 139.741085100000021, 35.7057056 ] } },
{ "type": "Feature", "properties": { "amenity_id": 1979, "kind": "shop", "name": "Le Man", "detail": "restaurant" }, "geometry": { "type": "Point", "coordinates": [ 139.7411581, 35.7058697 ] } },
{ "type": "Feature", "properties": { "amenity_id": 1980, "kind": "shop", "name": "Attic", "detail": "restaurant" }, "geometry": { "type": "Point", "coordinates": [ 139.7401237, 35.7023207 ] } },
{ "type": "Feature", "properties": { "amenity_id": 1981, "kind": "shop", "name": "Yakitori Rouge", "detail": "restaurant" }, "geometry": { "type": "Point", "coordinates": [ 139.7364564, 35.7038609 ] } },
{ "type": "Feature", "properties": { "amenity_id": 1982, "kind": "shop", "name": null, "detail": "restaurant" }, "geometry": { "type": "Point", "coordinates": [ 139.7362324, 35.7036668 ] } },
{ "type": "Feature", "properties": { "amenity_id": 1983, "kind": "shop", "name": "33 kitchen", "detail": "bar" }, "geometry": { "type": "Point", "coordinates": [ 139.7411539, 35.7057128 ] } },
{ "type": "Feature", "properties": { "amenity_id": 1984, "kind": "shop", "name": "Pizzeria Grande es", "detail": "restaurant" }, "geometry": { "type": "Point", "coordinates": [ 139.7368262, 35.7075255 ] } },
{ "type": "Feature", "properties": { "amenity_id": 1985, "kind": "shop", "name": "Café Patio", "detail": "cafe" }, "geometry": { "type": "Point", "coordinates": [ 139.7399806, 35.7018287 ] } },
{ "type": "Feature", "properties": { "amenity_id": 1986, "kind": "shop", "name": "Snack Yama", "detail": "restaurant" }, "geometry": { "type": "Point", "coordinates": [ 139.7355315, 35.706161 ] } },
{ "type": "Feature", "properties": { "amenity_id": 1987, "kind": "shop", "name": "Bar さい木", "detail": "bar" }, "geometry": { "type": "Point", "coordinates": [ 139.740778700000021, 35.705625600000012 ] } },
{ "type": "Feature", "properties": { "amenity_id": 1988, "kind": "shop", "name": "クリーニング", "detail": "dry_cleaning" }, "geometry": { "type": "Point", "coordinates": [ 139.735632, 35.7075653 ] } },
{ "type": "Feature", "properties": { "amenity_id": 1989, "kind": "shop", "name": "Araeru", "detail": "laundry" }, "geometry": { "type": "Point", "coordinates": [ 139.7279872, 35.70765930000001 ] } },
{ "type": "Feature", "properties": { "amenity_id": 1990, "kind": "shop", "name": "オン・ザ・コーナー", "detail": "cafe" }, "geometry": { "type": "Point", "coordinates": [ 139.734585800000019, 35.7079093 ] } },
{ "type": "Feature", "properties": { "amenity_id": 1991, "kind": "shop", "name": null, "detail": "hairdresser" }, "geometry": { "type": "Point", "coordinates": [ 139.7352358, 35.7079466 ] } },
{ "type": "Feature", "properties": { "amenity_id": 1992, "kind": "shop", "name": null, "detail": "hairdresser" }, "geometry": { "type": "Point", "coordinates": [ 139.740572900000018, 35.705755100000012 ] } },
{ "type": "Feature", "properties": { "amenity_id": 1993, "kind": "shop", "name": "加賀廣", "detail": "bar" }, "geometry": { "type": "Point", "coordinates": [ 139.735273800000016, 35.7077855 ] } },
{ "type": "Feature", "properties": { "amenity_id": 1994, "kind": "shop", "name": "nove", "detail": "restaurant" }, "geometry": { "type": "Point", "coordinates": [ 139.7342477, 35.7079889 ] } },
{ "type": "Feature", "properties": { "amenity_id": 1995, "kind": "shop", "name": null, "detail": "restaurant" }, "geometry": { "type": "Point", "coordinates": [ 139.705322100000018, 35.691379500000011 ] } },
{ "type": "Feature", "properties": { "amenity_id": 1996, "kind": "shop", "name": "セブン-イレブン", "detail": "convenience" }, "geometry": { "type": "Point", "coordinates": [ 139.743621600000012, 35.7052486 ] } },
{ "type": "Feature", "properties": { "amenity_id": 1997, "kind": "shop", "name": "Lantern Burger", "detail": "fast_food" }, "geometry": { "type": "Point", "coordinates": [ 139.740855900000014, 35.7027808 ] } },
{ "type": "Feature", "properties": { "amenity_id": 1998, "kind": "shop", "name": "Wine house", "detail": "bar" }, "geometry": { "type": "Point", "coordinates": [ 139.734674900000016, 35.7050144 ] } },
{ "type": "Feature", "properties": { "amenity_id": 1999, "kind": "shop", "name": "Petit moi", "detail": "cafe" }, "geometry": { "type": "Point", "coordinates": [ 139.741008500000021, 35.7036886 ] } },
{ "type": "Feature", "properties": { "amenity_id": 2000, "kind": "shop", "name": "La scène", "detail": "restaurant" }, "geometry": { "type": "Point", "coordinates": [ 139.740982300000013, 35.7038305 ] } },
{ "type": "Feature", "properties": { "amenity_id": 2001, "kind": "shop", "name": "Seki Quiche & tarte", "detail": "cafe" }, "geometry": { "type": "Point", "coordinates": [ 139.7415901, 35.706098600000011 ] } },
{ "type": "Feature", "properties": { "amenity_id": 2002, "kind": "shop", "name": "とりけん", "detail": "restaurant" }, "geometry": { "type": "Point", "coordinates": [ 139.7417924, 35.7049476 ] } },
{ "type": "Feature", "properties": { "amenity_id": 2003, "kind": "shop", "name": "Soundbonds", "detail": "cafe" }, "geometry": { "type": "Point", "coordinates": [ 139.7427087, 35.705973 ] } },
{ "type": "Feature", "properties": { "amenity_id": 2004, "kind": "shop", "name": "マンモス", "detail": "restaurant" }, "geometry": { "type": "Point", "coordinates": [ 139.741647600000022, 35.705837 ] } },
{ "type": "Feature", "properties": { "amenity_id": 2005, "kind": "shop", "name": "うどんーそば", "detail": "fast_food" }, "geometry": { "type": "Point", "coordinates": [ 139.742124100000012, 35.705950300000012 ] } },
{ "type": "Feature", "properties": { "amenity_id": 2006, "kind": "shop", "name": "關東風肉そば", "detail": "fast_food" }, "geometry": { "type": "Point", "coordinates": [ 139.7443893, 35.7030648 ] } },
{ "type": "Feature", "properties": { "amenity_id": 2007, "kind": "shop", "name": "Levi Hair Salon", "detail": "hairdresser" }, "geometry": { "type": "Point", "coordinates": [ 139.736198600000023, 35.703285400000013 ] } },
{ "type": "Feature", "properties": { "amenity_id": 2008, "kind": "shop", "name": "Le Pavé", "detail": "restaurant" }, "geometry": { "type": "Point", "coordinates": [ 139.7377812, 35.7025393 ] } },
{ "type": "Feature", "properties": { "amenity_id": 2009, "kind": "shop", "name": "À point", "detail": "restaurant" }, "geometry": { "type": "Point", "coordinates": [ 139.737167200000016, 35.7027236 ] } },
{ "type": "Feature", "properties": { "amenity_id": 2010, "kind": "shop", "name": "東寿司", "detail": "restaurant" }, "geometry": { "type": "Point", "coordinates": [ 139.7410088, 35.7047711 ] } },
{ "type": "Feature", "properties": { "amenity_id": 2011, "kind": "shop", "name": "Hurakoko Nico", "detail": "hairdresser" }, "geometry": { "type": "Point", "coordinates": [ 139.734912800000018, 35.7037011 ] } },
{ "type": "Feature", "properties": { "amenity_id": 2012, "kind": "shop", "name": "Bistro Le Parisien", "detail": "restaurant" }, "geometry": { "type": "Point", "coordinates": [ 139.7378267, 35.7014996 ] } },
{ "type": "Feature", "properties": { "amenity_id": 2013, "kind": "shop", "name": "Kagurazaka Acca", "detail": "bar" }, "geometry": { "type": "Point", "coordinates": [ 139.737063200000023, 35.7027958 ] } },
{ "type": "Feature", "properties": { "amenity_id": 2014, "kind": "shop", "name": "Smoothie stand Aoya", "detail": "cafe" }, "geometry": { "type": "Point", "coordinates": [ 139.7414575, 35.7015213 ] } },
{ "type": "Feature", "properties": { "amenity_id": 2015, "kind": "shop", "name": "更料そば", "detail": "fast_food" }, "geometry": { "type": "Point", "coordinates": [ 139.7438812, 35.7045392 ] } },
{ "type": "Feature", "properties": { "amenity_id": 2016, "kind": "shop", "name": "Bon goût", "detail": "cafe" }, "geometry": { "type": "Point", "coordinates": [ 139.7349021, 35.7036867 ] } },
{ "type": "Feature", "properties": { "amenity_id": 2017, "kind": "shop", "name": "クリーニング", "detail": "dry_cleaning" }, "geometry": { "type": "Point", "coordinates": [ 139.741438100000011, 35.705672 ] } },
{ "type": "Feature", "properties": { "amenity_id": 2018, "kind": "shop", "name": null, "detail": "restaurant" }, "geometry": { "type": "Point", "coordinates": [ 139.7383792, 35.70176210000001 ] } },
{ "type": "Feature", "properties": { "amenity_id": 2019, "kind": "shop", "name": "Bon", "detail": "restaurant" }, "geometry": { "type": "Point", "coordinates": [ 139.737149100000011, 35.7027178 ] } },
{ "type": "Feature", "properties": { "amenity_id": 2020, "kind": "shop", "name": "Carina Carina", "detail": "restaurant" }, "geometry": { "type": "Point", "coordinates": [ 139.7371502, 35.7027366 ] } },
{ "type": "Feature", "properties": { "amenity_id": 2021, "kind": "shop", "name": "Armoire", "detail": "restaurant" }, "geometry": { "type": "Point", "coordinates": [ 139.735286700000046, 35.7007437 ] } },
{ "type": "Feature", "properties": { "amenity_id": 2022, "kind": "shop", "name": "Bon rivière", "detail": "pastry" }, "geometry": { "type": "Point", "coordinates": [ 139.734826700000013, 35.7036826 ] } },
{ "type": "Feature", "properties": { "amenity_id": 2023, "kind": "shop", "name": "コインランドリー", "detail": "laundry" }, "geometry": { "type": "Point", "coordinates": [ 139.7410692, 35.7055861 ] } },
{ "type": "Feature", "properties": { "amenity_id": 2024, "kind": "shop", "name": "KIRIN CITY Restaurant", "detail": "restaurant" }, "geometry": { "type": "Point", "coordinates": [ 139.701506600000016, 35.6902164 ] } },
{ "type": "Feature", "properties": { "amenity_id": 2025, "kind": "shop", "name": "杜の都 太助", "detail": "restaurant" }, "geometry": { "type": "Point", "coordinates": [ 139.703646500000019, 35.691265 ] } },
{ "type": "Feature", "properties": { "amenity_id": 2026, "kind": "shop", "name": null, "detail": "hairdresser" }, "geometry": { "type": "Point", "coordinates": [ 139.681736200000017, 35.7226433 ] } },
{ "type": "Feature", "properties": { "amenity_id": 2027, "kind": "shop", "name": "トラジ", "detail": "restaurant" }, "geometry": { "type": "Point", "coordinates": [ 139.686248300000017, 35.7227941 ] } },
{ "type": "Feature", "properties": { "amenity_id": 2028, "kind": "shop", "name": "松洲飯店", "detail": "restaurant" }, "geometry": { "type": "Point", "coordinates": [ 139.68717030000002, 35.7227619 ] } },
{ "type": "Feature", "properties": { "amenity_id": 2029, "kind": "shop", "name": null, "detail": "restaurant" }, "geometry": { "type": "Point", "coordinates": [ 139.6882472, 35.722734 ] } },
{ "type": "Feature", "properties": { "amenity_id": 2030, "kind": "shop", "name": "8848カレー屋", "detail": "fast_food" }, "geometry": { "type": "Point", "coordinates": [ 139.688775600000014, 35.7227396 ] } },
{ "type": "Feature", "properties": { "amenity_id": 2031, "kind": "shop", "name": "よろい寿司", "detail": "restaurant" }, "geometry": { "type": "Point", "coordinates": [ 139.68317250000004, 35.7224424 ] } },
{ "type": "Feature", "properties": { "amenity_id": 2032, "kind": "shop", "name": null, "detail": "restaurant" }, "geometry": { "type": "Point", "coordinates": [ 139.739292800000015, 35.7031345 ] } },
{ "type": "Feature", "properties": { "amenity_id": 2033, "kind": "shop", "name": "Prism Hair", "detail": "hairdresser" }, "geometry": { "type": "Point", "coordinates": [ 139.7428884, 35.7071223 ] } },
{ "type": "Feature", "properties": { "amenity_id": 2034, "kind": "shop", "name": "クリーニング", "detail": "dry_cleaning" }, "geometry": { "type": "Point", "coordinates": [ 139.743174, 35.7066318 ] } },
{ "type": "Feature", "properties": { "amenity_id": 2035, "kind": "shop", "name": "Vino Nakada", "detail": "restaurant" }, "geometry": { "type": "Point", "coordinates": [ 139.7394548, 35.7021144 ] } },
{ "type": "Feature", "properties": { "amenity_id": 2036, "kind": "shop", "name": null, "detail": "bar" }, "geometry": { "type": "Point", "coordinates": [ 139.7399919, 35.7034352 ] } },
{ "type": "Feature", "properties": { "amenity_id": 2037, "kind": "shop", "name": "ユニクロ", "detail": "clothes" }, "geometry": { "type": "Point", "coordinates": [ 139.7032188, 35.6914399 ] } },
{ "type": "Feature", "properties": { "amenity_id": 2038, "kind": "shop", "name": "咖啡專科", "detail": "restaurant" }, "geometry": { "type": "Point", "coordinates": [ 139.7409193, 35.703079400000014 ] } },
{ "type": "Feature", "properties": { "amenity_id": 2039, "kind": "shop", "name": "Le chic bar", "detail": "bar" }, "geometry": { "type": "Point", "coordinates": [ 139.740382, 35.7019863 ] } },
{ "type": "Feature", "properties": { "amenity_id": 2040, "kind": "shop", "name": "Quattoro Cento", "detail": "restaurant" }, "geometry": { "type": "Point", "coordinates": [ 139.7400571, 35.7016356 ] } },
{ "type": "Feature", "properties": { "amenity_id": 2041, "kind": "shop", "name": "一杯だてのコーヒー", "detail": "cafe" }, "geometry": { "type": "Point", "coordinates": [ 139.741004, 35.7037384 ] } },
{ "type": "Feature", "properties": { "amenity_id": 2042, "kind": "shop", "name": null, "detail": "restaurant" }, "geometry": { "type": "Point", "coordinates": [ 139.741154100000017, 35.7038369 ] } },
{ "type": "Feature", "properties": { "amenity_id": 2043, "kind": "shop", "name": "Nove", "detail": "clothes" }, "geometry": { "type": "Point", "coordinates": [ 139.7407293, 35.7025543 ] } },
{ "type": "Feature", "properties": { "amenity_id": 2044, "kind": "shop", "name": "Book Bar", "detail": "books" }, "geometry": { "type": "Point", "coordinates": [ 139.7388779, 35.7030348 ] } },
{ "type": "Feature", "properties": { "amenity_id": 2045, "kind": "shop", "name": "Viande", "detail": "restaurant" }, "geometry": { "type": "Point", "coordinates": [ 139.74082660000002, 35.7027214 ] } },
{ "type": "Feature", "properties": { "amenity_id": 2046, "kind": "shop", "name": "Gachi", "detail": "restaurant" }, "geometry": { "type": "Point", "coordinates": [ 139.7085974, 35.69123230000001 ] } },
{ "type": "Feature", "properties": { "amenity_id": 2047, "kind": "shop", "name": "欧州カレー グレース", "detail": "restaurant" }, "geometry": { "type": "Point", "coordinates": [ 139.719717, 35.684563 ] } },
{ "type": "Feature", "properties": { "amenity_id": 2048, "kind": "shop", "name": "スルターン", "detail": "restaurant" }, "geometry": { "type": "Point", "coordinates": [ 139.743351100000012, 35.7060054 ] } },
{ "type": "Feature", "properties": { "amenity_id": 2049, "kind": "shop", "name": "Gap", "detail": "clothes" }, "geometry": { "type": "Point", "coordinates": [ 139.701532, 35.6898722 ] } },
{ "type": "Feature", "properties": { "amenity_id": 2050, "kind": "shop", "name": "ALL SEASONS COFFEE", "detail": "cafe" }, "geometry": { "type": "Point", "coordinates": [ 139.7079075, 35.689824900000012 ] } },
{ "type": "Feature", "properties": { "amenity_id": 2051, "kind": "shop", "name": "マルエツプチ", "detail": "supermarket" }, "geometry": { "type": "Point", "coordinates": [ 139.743058500000018, 35.702754 ] } },
{ "type": "Feature", "properties": { "amenity_id": 2052, "kind": "shop", "name": "ファミリーマート", "detail": "convenience" }, "geometry": { "type": "Point", "coordinates": [ 139.7427141, 35.70280240000001 ] } },
{ "type": "Feature", "properties": { "amenity_id": 2053, "kind": "shop", "name": "アロムぷりゅす神楽坂", "detail": "restaurant" }, "geometry": { "type": "Point", "coordinates": [ 139.738699700000012, 35.701480100000012 ] } },
{ "type": "Feature", "properties": { "amenity_id": 2054, "kind": "shop", "name": "Cocotte Café", "detail": "cafe" }, "geometry": { "type": "Point", "coordinates": [ 139.7409077, 35.7033743 ] } },
{ "type": "Feature", "properties": { "amenity_id": 2055, "kind": "shop", "name": "やきとん 木々家", "detail": "restaurant" }, "geometry": { "type": "Point", "coordinates": [ 139.7033897, 35.7125999 ] } },
{ "type": "Feature", "properties": { "amenity_id": 2056, "kind": "shop", "name": "東京メロンパン", "detail": "bakery" }, "geometry": { "type": "Point", "coordinates": [ 139.703192300000012, 35.7119821 ] } },
{ "type": "Feature", "properties": { "amenity_id": 2057, "kind": "shop", "name": "セブン-イレブン", "detail": "convenience" }, "geometry": { "type": "Point", "coordinates": [ 139.6929184, 35.6900215 ] } },
{ "type": "Feature", "properties": { "amenity_id": 2058, "kind": "shop", "name": "うどん", "detail": "restaurant" }, "geometry": { "type": "Point", "coordinates": [ 139.740909500000015, 35.7056583 ] } },
{ "type": "Feature", "properties": { "amenity_id": 2059, "kind": "shop", "name": "Rest", "detail": "bar" }, "geometry": { "type": "Point", "coordinates": [ 139.741532700000022, 35.7067012 ] } },
{ "type": "Feature", "properties": { "amenity_id": 2060, "kind": "shop", "name": null, "detail": "bar" }, "geometry": { "type": "Point", "coordinates": [ 139.7409901, 35.7056705 ] } },
{ "type": "Feature", "properties": { "amenity_id": 2061, "kind": "shop", "name": "中華そば", "detail": "restaurant" }, "geometry": { "type": "Point", "coordinates": [ 139.7409556, 35.7056655 ] } },
{ "type": "Feature", "properties": { "amenity_id": 2062, "kind": "shop", "name": null, "detail": "restaurant" }, "geometry": { "type": "Point", "coordinates": [ 139.7047679, 35.6963907 ] } },
{ "type": "Feature", "properties": { "amenity_id": 2063, "kind": "shop", "name": "蔵", "detail": "restaurant" }, "geometry": { "type": "Point", "coordinates": [ 139.6974644, 35.7018324 ] } },
{ "type": "Feature", "properties": { "amenity_id": 2064, "kind": "shop", "name": "としまや", "detail": "restaurant" }, "geometry": { "type": "Point", "coordinates": [ 139.740014200000019, 35.702722800000011 ] } },
{ "type": "Feature", "properties": { "amenity_id": 2065, "kind": "shop", "name": "うまもんや", "detail": "restaurant" }, "geometry": { "type": "Point", "coordinates": [ 139.736607, 35.7039249 ] } },
{ "type": "Feature", "properties": { "amenity_id": 2066, "kind": "shop", "name": "まいばすけっと　早稲田鶴巻町店", "detail": "supermarket" }, "geometry": { "type": "Point", "coordinates": [ 139.726260600000018, 35.7090799 ] } },
{ "type": "Feature", "properties": { "amenity_id": 2067, "kind": "shop", "name": "ローソン", "detail": "convenience" }, "geometry": { "type": "Point", "coordinates": [ 139.735799900000018, 35.7042312 ] } },
{ "type": "Feature", "properties": { "amenity_id": 2068, "kind": "shop", "name": "神楽坂おいしんぼ", "detail": "restaurant" }, "geometry": { "type": "Point", "coordinates": [ 139.7400098, 35.7025807 ] } },
{ "type": "Feature", "properties": { "amenity_id": 2069, "kind": "shop", "name": "Good morning café Waseda", "detail": "cafe" }, "geometry": { "type": "Point", "coordinates": [ 139.7200669, 35.7106417 ] } },
{ "type": "Feature", "properties": { "amenity_id": 2070, "kind": "shop", "name": "Champagne Bal n°5", "detail": "restaurant" }, "geometry": { "type": "Point", "coordinates": [ 139.739918500000016, 35.702874800000011 ] } },
{ "type": "Feature", "properties": { "amenity_id": 2071, "kind": "shop", "name": "こんさい", "detail": "restaurant" }, "geometry": { "type": "Point", "coordinates": [ 139.736479700000018, 35.7037007 ] } },
{ "type": "Feature", "properties": { "amenity_id": 2072, "kind": "shop", "name": "Nico Chelsea", "detail": "restaurant" }, "geometry": { "type": "Point", "coordinates": [ 139.7403218, 35.7029397 ] } },
{ "type": "Feature", "properties": { "amenity_id": 2073, "kind": "shop", "name": null, "detail": "restaurant" }, "geometry": { "type": "Point", "coordinates": [ 139.740269500000011, 35.7028611 ] } },
{ "type": "Feature", "properties": { "amenity_id": 2074, "kind": "shop", "name": "Lastricato", "detail": "restaurant" }, "geometry": { "type": "Point", "coordinates": [ 139.7400724, 35.702682100000018 ] } },
{ "type": "Feature", "properties": { "amenity_id": 2075, "kind": "shop", "name": "つヾらそバ", "detail": "restaurant" }, "geometry": { "type": "Point", "coordinates": [ 139.6988091, 35.7219408 ] } },
{ "type": "Feature", "properties": { "amenity_id": 2076, "kind": "shop", "name": "cincin Kagurazaka", "detail": "restaurant" }, "geometry": { "type": "Point", "coordinates": [ 139.7397943, 35.703411 ] } },
{ "type": "Feature", "properties": { "amenity_id": 2077, "kind": "shop", "name": "Fromatique", "detail": "restaurant" }, "geometry": { "type": "Point", "coordinates": [ 139.7424326, 35.7009347 ] } },
{ "type": "Feature", "properties": { "amenity_id": 2078, "kind": "shop", "name": "瓢箪坂おいしんぼ", "detail": "restaurant" }, "geometry": { "type": "Point", "coordinates": [ 139.73876420000002, 35.7032997 ] } },
{ "type": "Feature", "properties": { "amenity_id": 2079, "kind": "shop", "name": "Coffee & サンドイッチ", "detail": "cafe" }, "geometry": { "type": "Point", "coordinates": [ 139.735626200000013, 35.7037488 ] } },
{ "type": "Feature", "properties": { "amenity_id": 2080, "kind": "shop", "name": "Grilled Ageing Beef", "detail": "restaurant" }, "geometry": { "type": "Point", "coordinates": [ 139.742205800000022, 35.7018628 ] } },
{ "type": "Feature", "properties": { "amenity_id": 2081, "kind": "shop", "name": "Perregaux antique watch tea and wine", "detail": "watches" }, "geometry": { "type": "Point", "coordinates": [ 139.735910600000011, 35.70396 ] } },
{ "type": "Feature", "properties": { "amenity_id": 2082, "kind": "shop", "name": "clear", "detail": "hairdresser" }, "geometry": { "type": "Point", "coordinates": [ 139.7367213, 35.7041003 ] } },
{ "type": "Feature", "properties": { "amenity_id": 2083, "kind": "shop", "name": null, "detail": "bar" }, "geometry": { "type": "Point", "coordinates": [ 139.7396158, 35.7020546 ] } },
{ "type": "Feature", "properties": { "amenity_id": 2084, "kind": "shop", "name": null, "detail": "restaurant" }, "geometry": { "type": "Point", "coordinates": [ 139.691821200000021, 35.7224905 ] } },
{ "type": "Feature", "properties": { "amenity_id": 2085, "kind": "shop", "name": "ラーメン二郎", "detail": "fast_food" }, "geometry": { "type": "Point", "coordinates": [ 139.6983059, 35.696337 ] } },
{ "type": "Feature", "properties": { "amenity_id": 2086, "kind": "shop", "name": null, "detail": "restaurant" }, "geometry": { "type": "Point", "coordinates": [ 139.702563600000019, 35.6941362 ] } },
{ "type": "Feature", "properties": { "amenity_id": 2087, "kind": "shop", "name": null, "detail": "fast_food" }, "geometry": { "type": "Point", "coordinates": [ 139.7123463, 35.6896649 ] } },
{ "type": "Feature", "properties": { "amenity_id": 2088, "kind": "shop", "name": "てけてけ", "detail": "restaurant" }, "geometry": { "type": "Point", "coordinates": [ 139.742448100000018, 35.7028421 ] } },
{ "type": "Feature", "properties": { "amenity_id": 2089, "kind": "shop", "name": "スープストックトーキョー アトレ四谷店", "detail": "restaurant" }, "geometry": { "type": "Point", "coordinates": [ 139.7302573, 35.686038800000013 ] } },
{ "type": "Feature", "properties": { "amenity_id": 2090, "kind": "shop", "name": "食え居", "detail": "restaurant" }, "geometry": { "type": "Point", "coordinates": [ 139.7380709, 35.7062377 ] } },
{ "type": "Feature", "properties": { "amenity_id": 2091, "kind": "shop", "name": "Amitié", "detail": "pastry" }, "geometry": { "type": "Point", "coordinates": [ 139.735701, 35.7064104 ] } },
{ "type": "Feature", "properties": { "amenity_id": 2092, "kind": "shop", "name": null, "detail": "hairdresser" }, "geometry": { "type": "Point", "coordinates": [ 139.735554300000018, 35.7065893 ] } },
{ "type": "Feature", "properties": { "amenity_id": 2093, "kind": "shop", "name": "オリック", "detail": "dry_cleaning" }, "geometry": { "type": "Point", "coordinates": [ 139.690202200000016, 35.7069716 ] } },
{ "type": "Feature", "properties": { "amenity_id": 2094, "kind": "shop", "name": "味楽", "detail": "restaurant" }, "geometry": { "type": "Point", "coordinates": [ 139.691266400000018, 35.7072906 ] } },
{ "type": "Feature", "properties": { "amenity_id": 2095, "kind": "shop", "name": "韓国厨房", "detail": "restaurant" }, "geometry": { "type": "Point", "coordinates": [ 139.691326100000026, 35.7071109 ] } },
{ "type": "Feature", "properties": { "amenity_id": 2096, "kind": "shop", "name": "キッチン早苗", "detail": "restaurant" }, "geometry": { "type": "Point", "coordinates": [ 139.6924687, 35.707014 ] } },
{ "type": "Feature", "properties": { "amenity_id": 2097, "kind": "shop", "name": "バーバーファッション", "detail": "hairdresser" }, "geometry": { "type": "Point", "coordinates": [ 139.692190100000033, 35.7071495 ] } },
{ "type": "Feature", "properties": { "amenity_id": 2098, "kind": "shop", "name": null, "detail": "cafe" }, "geometry": { "type": "Point", "coordinates": [ 139.6947514, 35.703327900000012 ] } },
{ "type": "Feature", "properties": { "amenity_id": 2099, "kind": "shop", "name": "寿楽", "detail": "restaurant" }, "geometry": { "type": "Point", "coordinates": [ 139.695021100000019, 35.7021678 ] } },
{ "type": "Feature", "properties": { "amenity_id": 2100, "kind": "shop", "name": "陽光城", "detail": "restaurant" }, "geometry": { "type": "Point", "coordinates": [ 139.6981835, 35.7014543 ] } },
{ "type": "Feature", "properties": { "amenity_id": 2101, "kind": "shop", "name": "ルン・ルアン", "detail": "restaurant" }, "geometry": { "type": "Point", "coordinates": [ 139.698788900000011, 35.6996847 ] } },
{ "type": "Feature", "properties": { "amenity_id": 2102, "kind": "shop", "name": "茶咖匠", "detail": "cafe" }, "geometry": { "type": "Point", "coordinates": [ 139.695028400000012, 35.7020274 ] } },
{ "type": "Feature", "properties": { "amenity_id": 2103, "kind": "shop", "name": "茜", "detail": "restaurant" }, "geometry": { "type": "Point", "coordinates": [ 139.692265, 35.7053615 ] } },
{ "type": "Feature", "properties": { "amenity_id": 2104, "kind": "shop", "name": "チャリチャリ", "detail": "cafe" }, "geometry": { "type": "Point", "coordinates": [ 139.69734680000002, 35.6984505 ] } },
{ "type": "Feature", "properties": { "amenity_id": 2105, "kind": "shop", "name": "大観楼", "detail": "restaurant" }, "geometry": { "type": "Point", "coordinates": [ 139.6962479, 35.7113939 ] } },
{ "type": "Feature", "properties": { "amenity_id": 2106, "kind": "shop", "name": "一番飯店", "detail": "restaurant" }, "geometry": { "type": "Point", "coordinates": [ 139.699063600000017, 35.7120185 ] } },
{ "type": "Feature", "properties": { "amenity_id": 2107, "kind": "shop", "name": null, "detail": "dry_cleaning" }, "geometry": { "type": "Point", "coordinates": [ 139.699206, 35.712071 ] } },
{ "type": "Feature", "properties": { "amenity_id": 2108, "kind": "shop", "name": "キッチンオリジン", "detail": "fast_food" }, "geometry": { "type": "Point", "coordinates": [ 139.699288500000023, 35.7120763 ] } },
{ "type": "Feature", "properties": { "amenity_id": 2109, "kind": "shop", "name": "将軍", "detail": "restaurant" }, "geometry": { "type": "Point", "coordinates": [ 139.699541, 35.7121669 ] } },
{ "type": "Feature", "properties": { "amenity_id": 2110, "kind": "shop", "name": "Yaraicho Cafe", "detail": "cafe" }, "geometry": { "type": "Point", "coordinates": [ 139.7305686, 35.7030375 ] } },
{ "type": "Feature", "properties": { "amenity_id": 2111, "kind": "shop", "name": "Bar & café Briongloid", "detail": "bar" }, "geometry": { "type": "Point", "coordinates": [ 139.741527900000023, 35.7017097 ] } },
{ "type": "Feature", "properties": { "amenity_id": 2112, "kind": "shop", "name": "ファミリーマート", "detail": "convenience" }, "geometry": { "type": "Point", "coordinates": [ 139.7438095, 35.7046824 ] } },
{ "type": "Feature", "properties": { "amenity_id": 2113, "kind": "shop", "name": "Kokura", "detail": "cafe" }, "geometry": { "type": "Point", "coordinates": [ 139.70102270000001, 35.7226266 ] } },
{ "type": "Feature", "properties": { "amenity_id": 2114, "kind": "shop", "name": "Kagurazaka Saryo", "detail": "restaurant" }, "geometry": { "type": "Point", "coordinates": [ 139.73876150000001, 35.7022788 ] } },
{ "type": "Feature", "properties": { "amenity_id": 2115, "kind": "shop", "name": "Bowls cafe", "detail": "cafe" }, "geometry": { "type": "Point", "coordinates": [ 139.7071665, 35.6891027 ] } },
{ "type": "Feature", "properties": { "amenity_id": 2116, "kind": "shop", "name": "かに道楽 新宿本店", "detail": "restaurant" }, "geometry": { "type": "Point", "coordinates": [ 139.705332200000015, 35.6922862 ] } },
{ "type": "Feature", "properties": { "amenity_id": 2117, "kind": "shop", "name": null, "detail": "restaurant" }, "geometry": { "type": "Point", "coordinates": [ 139.703084600000011, 35.692625500000013 ] } },
{ "type": "Feature", "properties": { "amenity_id": 2118, "kind": "shop", "name": "東衣装店", "detail": "clothes" }, "geometry": { "type": "Point", "coordinates": [ 139.7433556, 35.7027072 ] } },
{ "type": "Feature", "properties": { "amenity_id": 2119, "kind": "shop", "name": "Mama panic", "detail": "bar" }, "geometry": { "type": "Point", "coordinates": [ 139.7063975, 35.689719700000012 ] } },
{ "type": "Feature", "properties": { "amenity_id": 2120, "kind": "shop", "name": "Rainbow burrito", "detail": "restaurant" }, "geometry": { "type": "Point", "coordinates": [ 139.706429400000019, 35.6897898 ] } },
{ "type": "Feature", "properties": { "amenity_id": 2121, "kind": "shop", "name": null, "detail": "restaurant" }, "geometry": { "type": "Point", "coordinates": [ 139.713296, 35.6884051 ] } },
{ "type": "Feature", "properties": { "amenity_id": 2122, "kind": "shop", "name": "幸寿司", "detail": "restaurant" }, "geometry": { "type": "Point", "coordinates": [ 139.697265500000015, 35.6977216 ] } },
{ "type": "Feature", "properties": { "amenity_id": 2123, "kind": "shop", "name": "壱蔵家", "detail": "fast_food" }, "geometry": { "type": "Point", "coordinates": [ 139.6971689, 35.6987617 ] } },
{ "type": "Feature", "properties": { "amenity_id": 2124, "kind": "shop", "name": "リザラン", "detail": "bar" }, "geometry": { "type": "Point", "coordinates": [ 139.697510600000015, 35.6975783 ] } },
{ "type": "Feature", "properties": { "amenity_id": 2125, "kind": "shop", "name": null, "detail": "restaurant" }, "geometry": { "type": "Point", "coordinates": [ 139.6955489, 35.7013657 ] } },
{ "type": "Feature", "properties": { "amenity_id": 2126, "kind": "shop", "name": "らあめん 大", "detail": "fast_food" }, "geometry": { "type": "Point", "coordinates": [ 139.6962724, 35.7001949 ] } },
{ "type": "Feature", "properties": { "amenity_id": 2127, "kind": "shop", "name": "ファミリーマート", "detail": "convenience" }, "geometry": { "type": "Point", "coordinates": [ 139.6944632, 35.7020147 ] } },
{ "type": "Feature", "properties": { "amenity_id": 2128, "kind": "shop", "name": null, "detail": "laundry" }, "geometry": { "type": "Point", "coordinates": [ 139.693274300000013, 35.7020627 ] } },
{ "type": "Feature", "properties": { "amenity_id": 2129, "kind": "shop", "name": "龍朋", "detail": "restaurant" }, "geometry": { "type": "Point", "coordinates": [ 139.7335114, 35.704108 ] } },
{ "type": "Feature", "properties": { "amenity_id": 2130, "kind": "shop", "name": "餃子の安亭 高田馬場店", "detail": "restaurant" }, "geometry": { "type": "Point", "coordinates": [ 139.7051338, 35.7128551 ] } },
{ "type": "Feature", "properties": { "amenity_id": 2131, "kind": "shop", "name": "広島っ子", "detail": "restaurant" }, "geometry": { "type": "Point", "coordinates": [ 139.7407847, 35.702644500000012 ] } },
{ "type": "Feature", "properties": { "amenity_id": 2132, "kind": "shop", "name": "もつ焼き　ウッチャン", "detail": "restaurant" }, "geometry": { "type": "Point", "coordinates": [ 139.6991858, 35.6943053 ] } },
{ "type": "Feature", "properties": { "amenity_id": 2133, "kind": "shop", "name": null, "detail": "restaurant" }, "geometry": { "type": "Point", "coordinates": [ 139.702091100000018, 35.6950528 ] } },
{ "type": "Feature", "properties": { "amenity_id": 2134, "kind": "shop", "name": "王ろじ", "detail": "restaurant" }, "geometry": { "type": "Point", "coordinates": [ 139.7037003, 35.6919304 ] } },
{ "type": "Feature", "properties": { "amenity_id": 2135, "kind": "shop", "name": "スシロー", "detail": "fast_food" }, "geometry": { "type": "Point", "coordinates": [ 139.704329200000018, 35.7125247 ] } },
{ "type": "Feature", "properties": { "amenity_id": 2136, "kind": "shop", "name": "Kappa Zushi", "detail": "restaurant" }, "geometry": { "type": "Point", "coordinates": [ 139.701375900000016, 35.6939112 ] } },
{ "type": "Feature", "properties": { "amenity_id": 2137, "kind": "shop", "name": "名前のない寿司屋", "detail": "restaurant" }, "geometry": { "type": "Point", "coordinates": [ 139.702437800000013, 35.6949492 ] } },
{ "type": "Feature", "properties": { "amenity_id": 2138, "kind": "shop", "name": "NO 1 YAKINIKU AND Shabu shabu", "detail": "restaurant" }, "geometry": { "type": "Point", "coordinates": [ 139.7030077, 35.6939529 ] } },
{ "type": "Feature", "properties": { "amenity_id": 2139, "kind": "shop", "name": "一風堂", "detail": "restaurant" }, "geometry": { "type": "Point", "coordinates": [ 139.701051400000011, 35.691259 ] } },
{ "type": "Feature", "properties": { "amenity_id": 2140, "kind": "shop", "name": "永乎", "detail": "restaurant" }, "geometry": { "type": "Point", "coordinates": [ 139.7407612, 35.7027832 ] } },
{ "type": "Feature", "properties": { "amenity_id": 2141, "kind": "shop", "name": "Salon de M", "detail": "cafe" }, "geometry": { "type": "Point", "coordinates": [ 139.7409706, 35.7031476 ] } },
{ "type": "Feature", "properties": { "amenity_id": 2142, "kind": "shop", "name": "スターショップ", "detail": "dry_cleaning" }, "geometry": { "type": "Point", "coordinates": [ 139.686926100000022, 35.7143905 ] } },
{ "type": "Feature", "properties": { "amenity_id": 2143, "kind": "shop", "name": "第一ランドリー", "detail": "dry_cleaning" }, "geometry": { "type": "Point", "coordinates": [ 139.686967400000015, 35.7140192 ] } },
{ "type": "Feature", "properties": { "amenity_id": 2144, "kind": "shop", "name": "Lava Grilled Satsumya Shinjuku", "detail": "restaurant" }, "geometry": { "type": "Point", "coordinates": [ 139.70711350000002, 35.6933351 ] } },
{ "type": "Feature", "properties": { "amenity_id": 2145, "kind": "shop", "name": "セブン-イレブン", "detail": "convenience" }, "geometry": { "type": "Point", "coordinates": [ 139.697539200000023, 35.697457400000012 ] } },
{ "type": "Feature", "properties": { "amenity_id": 2146, "kind": "shop", "name": "日高屋", "detail": "fast_food" }, "geometry": { "type": "Point", "coordinates": [ 139.6872926, 35.714911 ] } },
{ "type": "Feature", "properties": { "amenity_id": 2147, "kind": "shop", "name": "コロラド", "detail": "cafe" }, "geometry": { "type": "Point", "coordinates": [ 139.6873883, 35.7149049 ] } },
{ "type": "Feature", "properties": { "amenity_id": 2148, "kind": "shop", "name": null, "detail": "laundry" }, "geometry": { "type": "Point", "coordinates": [ 139.689899100000019, 35.7141941 ] } },
{ "type": "Feature", "properties": { "amenity_id": 2149, "kind": "shop", "name": "たかはし", "detail": "restaurant" }, "geometry": { "type": "Point", "coordinates": [ 139.68999740000001, 35.7141801 ] } },
{ "type": "Feature", "properties": { "amenity_id": 2150, "kind": "shop", "name": "福しん", "detail": "restaurant" }, "geometry": { "type": "Point", "coordinates": [ 139.6875939, 35.715137500000012 ] } },
{ "type": "Feature", "properties": { "amenity_id": 2151, "kind": "shop", "name": "サワディー", "detail": "restaurant" }, "geometry": { "type": "Point", "coordinates": [ 139.687586900000014, 35.7151355 ] } },
{ "type": "Feature", "properties": { "amenity_id": 2152, "kind": "shop", "name": "トモニー", "detail": "convenience" }, "geometry": { "type": "Point", "coordinates": [ 139.6872956, 35.7149961 ] } },
{ "type": "Feature", "properties": { "amenity_id": 2153, "kind": "shop", "name": "中井家", "detail": "restaurant" }, "geometry": { "type": "Point", "coordinates": [ 139.687538100000012, 35.7153009 ] } },
{ "type": "Feature", "properties": { "amenity_id": 2154, "kind": "shop", "name": "Kalima", "detail": "hairdresser" }, "geometry": { "type": "Point", "coordinates": [ 139.6876234, 35.7150211 ] } },
{ "type": "Feature", "properties": { "amenity_id": 2155, "kind": "shop", "name": "サイノ", "detail": "restaurant" }, "geometry": { "type": "Point", "coordinates": [ 139.6882071, 35.7155463 ] } },
{ "type": "Feature", "properties": { "amenity_id": 2156, "kind": "shop", "name": "割烹なか井", "detail": "restaurant" }, "geometry": { "type": "Point", "coordinates": [ 139.688374, 35.7154888 ] } },
{ "type": "Feature", "properties": { "amenity_id": 2157, "kind": "shop", "name": "菜来軒", "detail": "restaurant" }, "geometry": { "type": "Point", "coordinates": [ 139.687022400000018, 35.7144178 ] } },
{ "type": "Feature", "properties": { "amenity_id": 2158, "kind": "shop", "name": "D's", "detail": "hairdresser" }, "geometry": { "type": "Point", "coordinates": [ 139.6868641, 35.7142066 ] } },
{ "type": "Feature", "properties": { "amenity_id": 2159, "kind": "shop", "name": "アドト", "detail": "restaurant" }, "geometry": { "type": "Point", "coordinates": [ 139.6867904, 35.7131571 ] } },
{ "type": "Feature", "properties": { "amenity_id": 2160, "kind": "shop", "name": "キクチ", "detail": "hairdresser" }, "geometry": { "type": "Point", "coordinates": [ 139.6867368, 35.7131064 ] } },
{ "type": "Feature", "properties": { "amenity_id": 2161, "kind": "shop", "name": "ハヤシ", "detail": "dry_cleaning" }, "geometry": { "type": "Point", "coordinates": [ 139.68665470000002, 35.7130568 ] } },
{ "type": "Feature", "properties": { "amenity_id": 2162, "kind": "shop", "name": "福臨門", "detail": "restaurant" }, "geometry": { "type": "Point", "coordinates": [ 139.683926, 35.7109383 ] } },
{ "type": "Feature", "properties": { "amenity_id": 2163, "kind": "shop", "name": "一蘭", "detail": "fast_food" }, "geometry": { "type": "Point", "coordinates": [ 139.698687700000022, 35.694463399999989 ] } },
{ "type": "Feature", "properties": { "amenity_id": 2164, "kind": "shop", "name": "勝牛", "detail": "fast_food" }, "geometry": { "type": "Point", "coordinates": [ 139.6987427, 35.6943218 ] } },
{ "type": "Feature", "properties": { "amenity_id": 2165, "kind": "shop", "name": "バーガーキング", "detail": "fast_food" }, "geometry": { "type": "Point", "coordinates": [ 139.6975947, 35.6973741 ] } },
{ "type": "Feature", "properties": { "amenity_id": 2166, "kind": "shop", "name": "やよい軒", "detail": "restaurant" }, "geometry": { "type": "Point", "coordinates": [ 139.6978904, 35.6966237 ] } },
{ "type": "Feature", "properties": { "amenity_id": 2167, "kind": "shop", "name": "丸亀製麺", "detail": "fast_food" }, "geometry": { "type": "Point", "coordinates": [ 139.697911200000021, 35.6965088 ] } },
{ "type": "Feature", "properties": { "amenity_id": 2168, "kind": "shop", "name": "Pepper Lunch", "detail": "fast_food" }, "geometry": { "type": "Point", "coordinates": [ 139.697943400000014, 35.696425500000011 ] } },
{ "type": "Feature", "properties": { "amenity_id": 2169, "kind": "shop", "name": "BIG VISION", "detail": "clothes" }, "geometry": { "type": "Point", "coordinates": [ 139.6984114, 35.695199100000011 ] } },
{ "type": "Feature", "properties": { "amenity_id": 2170, "kind": "shop", "name": "日乃屋カレー", "detail": "fast_food" }, "geometry": { "type": "Point", "coordinates": [ 139.6984041, 35.6947733 ] } },
{ "type": "Feature", "properties": { "amenity_id": 2171, "kind": "shop", "name": "ファミリーマート", "detail": "convenience" }, "geometry": { "type": "Point", "coordinates": [ 139.6970321, 35.6984485 ] } },
{ "type": "Feature", "properties": { "amenity_id": 2172, "kind": "shop", "name": "ポライト", "detail": "hairdresser" }, "geometry": { "type": "Point", "coordinates": [ 139.6946493, 35.7161447 ] } },
{ "type": "Feature", "properties": { "amenity_id": 2173, "kind": "shop", "name": "ポニークリーニング", "detail": "laundry" }, "geometry": { "type": "Point", "coordinates": [ 139.694574400000022, 35.7156186 ] } },
{ "type": "Feature", "properties": { "amenity_id": 2174, "kind": "shop", "name": "かがやき", "detail": "restaurant" }, "geometry": { "type": "Point", "coordinates": [ 139.7002142, 35.7157501 ] } },
{ "type": "Feature", "properties": { "amenity_id": 2175, "kind": "shop", "name": "Petits Fours", "detail": "cafe" }, "geometry": { "type": "Point", "coordinates": [ 139.7004699, 35.7157402 ] } },
{ "type": "Feature", "properties": { "amenity_id": 2176, "kind": "shop", "name": "ローソン", "detail": "convenience" }, "geometry": { "type": "Point", "coordinates": [ 139.705304, 35.7119213 ] } },
{ "type": "Feature", "properties": { "amenity_id": 2177, "kind": "shop", "name": "プネウマカレー", "detail": "restaurant" }, "geometry": { "type": "Point", "coordinates": [ 139.7067576, 35.711947 ] } },
{ "type": "Feature", "properties": { "amenity_id": 2178, "kind": "shop", "name": "EARTH", "detail": "hairdresser" }, "geometry": { "type": "Point", "coordinates": [ 139.705345200000011, 35.7119854 ] } },
{ "type": "Feature", "properties": { "amenity_id": 2179, "kind": "shop", "name": "馬場南海", "detail": "restaurant" }, "geometry": { "type": "Point", "coordinates": [ 139.7032317, 35.7157496 ] } },
{ "type": "Feature", "properties": { "amenity_id": 2180, "kind": "shop", "name": "パンデュール", "detail": "cafe" }, "geometry": { "type": "Point", "coordinates": [ 139.7032304, 35.71569130000001 ] } },
{ "type": "Feature", "properties": { "amenity_id": 2181, "kind": "shop", "name": "ニュー早苗", "detail": "restaurant" }, "geometry": { "type": "Point", "coordinates": [ 139.7032316, 35.715724300000012 ] } },
{ "type": "Feature", "properties": { "amenity_id": 2182, "kind": "shop", "name": "ウラニワ", "detail": "restaurant" }, "geometry": { "type": "Point", "coordinates": [ 139.7022928, 35.7146076 ] } },
{ "type": "Feature", "properties": { "amenity_id": 2183, "kind": "shop", "name": "ルノアール", "detail": "cafe" }, "geometry": { "type": "Point", "coordinates": [ 139.705110900000022, 35.7140957 ] } },
{ "type": "Feature", "properties": { "amenity_id": 2184, "kind": "shop", "name": "サニープラザ", "detail": "hairdresser" }, "geometry": { "type": "Point", "coordinates": [ 139.70327180000001, 35.713579 ] } },
{ "type": "Feature", "properties": { "amenity_id": 2185, "kind": "shop", "name": "ALO", "detail": "hairdresser" }, "geometry": { "type": "Point", "coordinates": [ 139.7035433, 35.7136093 ] } },
{ "type": "Feature", "properties": { "amenity_id": 2186, "kind": "shop", "name": "ラジ・パリ", "detail": "restaurant" }, "geometry": { "type": "Point", "coordinates": [ 139.692166400000019, 35.7139282 ] } },
{ "type": "Feature", "properties": { "amenity_id": 2187, "kind": "shop", "name": "寿司屋", "detail": "restaurant" }, "geometry": { "type": "Point", "coordinates": [ 139.6917372, 35.7141903 ] } },
{ "type": "Feature", "properties": { "amenity_id": 2188, "kind": "shop", "name": "オアシス", "detail": "dry_cleaning" }, "geometry": { "type": "Point", "coordinates": [ 139.691660800000022, 35.71117 ] } },
{ "type": "Feature", "properties": { "amenity_id": 2189, "kind": "shop", "name": "いなげや", "detail": "supermarket" }, "geometry": { "type": "Point", "coordinates": [ 139.693541400000015, 35.7095059 ] } },
{ "type": "Feature", "properties": { "amenity_id": 2190, "kind": "shop", "name": "シェアーズ落合", "detail": "laundry" }, "geometry": { "type": "Point", "coordinates": [ 139.682343300000014, 35.7138178 ] } },
{ "type": "Feature", "properties": { "amenity_id": 2191, "kind": "shop", "name": "もはん", "detail": "laundry" }, "geometry": { "type": "Point", "coordinates": [ 139.6862592, 35.71597220000001 ] } },
{ "type": "Feature", "properties": { "amenity_id": 2192, "kind": "shop", "name": "ToRa1.2.3", "detail": "cafe" }, "geometry": { "type": "Point", "coordinates": [ 139.6861806, 35.7159553 ] } },
{ "type": "Feature", "properties": { "amenity_id": 2193, "kind": "shop", "name": null, "detail": "laundry" }, "geometry": { "type": "Point", "coordinates": [ 139.681877400000019, 35.7137 ] } },
{ "type": "Feature", "properties": { "amenity_id": 2194, "kind": "shop", "name": "Chambre La Neige", "detail": "cafe" }, "geometry": { "type": "Point", "coordinates": [ 139.68694050000002, 35.7136185 ] } },
{ "type": "Feature", "properties": { "amenity_id": 2195, "kind": "shop", "name": null, "detail": "restaurant" }, "geometry": { "type": "Point", "coordinates": [ 139.7065939, 35.691117 ] } },
{ "type": "Feature", "properties": { "amenity_id": 2196, "kind": "shop", "name": "餃子荘ムロ", "detail": "restaurant" }, "geometry": { "type": "Point", "coordinates": [ 139.7037238, 35.710975 ] } },
{ "type": "Feature", "properties": { "amenity_id": 2197, "kind": "shop", "name": "洋包丁", "detail": "restaurant" }, "geometry": { "type": "Point", "coordinates": [ 139.703673900000013, 35.7143947 ] } },
{ "type": "Feature", "properties": { "amenity_id": 2198, "kind": "shop", "name": "Le coin vert", "detail": "restaurant" }, "geometry": { "type": "Point", "coordinates": [ 139.7407643, 35.699912 ] } },
{ "type": "Feature", "properties": { "amenity_id": 2199, "kind": "shop", "name": "Saryō", "detail": "cafe" }, "geometry": { "type": "Point", "coordinates": [ 139.73876850000002, 35.7023393 ] } },
{ "type": "Feature", "properties": { "amenity_id": 2200, "kind": "shop", "name": "牛かつもと村", "detail": "restaurant" }, "geometry": { "type": "Point", "coordinates": [ 139.701690400000018, 35.6945563 ] } },
{ "type": "Feature", "properties": { "amenity_id": 2201, "kind": "shop", "name": "QBハウス", "detail": "hairdresser" }, "geometry": { "type": "Point", "coordinates": [ 139.70055720000002, 35.6931455 ] } },
{ "type": "Feature", "properties": { "amenity_id": 2202, "kind": "shop", "name": "Cafe Kai Zwei", "detail": "cafe" }, "geometry": { "type": "Point", "coordinates": [ 139.684044200000017, 35.710467800000011 ] } },
{ "type": "Feature", "properties": { "amenity_id": 2203, "kind": "shop", "name": "Kushikatsu Dengana", "detail": "restaurant" }, "geometry": { "type": "Point", "coordinates": [ 139.702822400000031, 35.6946476 ] } },
{ "type": "Feature", "properties": { "amenity_id": 2204, "kind": "shop", "name": "北京飯店", "detail": "restaurant" }, "geometry": { "type": "Point", "coordinates": [ 139.7110858, 35.69004360000001 ] } },
{ "type": "Feature", "properties": { "amenity_id": 2205, "kind": "shop", "name": "クリニング", "detail": "dry_cleaning" }, "geometry": { "type": "Point", "coordinates": [ 139.719590300000021, 35.7125386 ] } },
{ "type": "Feature", "properties": { "amenity_id": 2206, "kind": "shop", "name": "漫", "detail": "restaurant" }, "geometry": { "type": "Point", "coordinates": [ 139.734617500000013, 35.7074851 ] } },
{ "type": "Feature", "properties": { "amenity_id": 2207, "kind": "shop", "name": null, "detail": "restaurant" }, "geometry": { "type": "Point", "coordinates": [ 139.7030655, 35.6928861 ] } },
{ "type": "Feature", "properties": { "amenity_id": 2208, "kind": "shop", "name": null, "detail": "bar" }, "geometry": { "type": "Point", "coordinates": [ 139.7065996, 35.6914815 ] } },
{ "type": "Feature", "properties": { "amenity_id": 2209, "kind": "shop", "name": null, "detail": "restaurant" }, "geometry": { "type": "Point", "coordinates": [ 139.700391200000041, 35.6951008 ] } },
{ "type": "Feature", "properties": { "amenity_id": 2210, "kind": "shop", "name": "グリル ハンター", "detail": "restaurant" }, "geometry": { "type": "Point", "coordinates": [ 139.702698100000021, 35.690281400000011 ] } },
{ "type": "Feature", "properties": { "amenity_id": 2211, "kind": "shop", "name": "大勝軒", "detail": "restaurant" }, "geometry": { "type": "Point", "coordinates": [ 139.702792, 35.6902814 ] } },
{ "type": "Feature", "properties": { "amenity_id": 2212, "kind": "shop", "name": null, "detail": "restaurant" }, "geometry": { "type": "Point", "coordinates": [ 139.7083787, 35.688722 ] } },
{ "type": "Feature", "properties": { "amenity_id": 2213, "kind": "shop", "name": null, "detail": "restaurant" }, "geometry": { "type": "Point", "coordinates": [ 139.722415, 35.6890788 ] } },
{ "type": "Feature", "properties": { "amenity_id": 2214, "kind": "shop", "name": "Pablo cheese tart", "detail": "bakery" }, "geometry": { "type": "Point", "coordinates": [ 139.6993402, 35.6901387 ] } },
{ "type": "Feature", "properties": { "amenity_id": 2215, "kind": "shop", "name": "コーナーポケット", "detail": "bar" }, "geometry": { "type": "Point", "coordinates": [ 139.7427255, 35.70091870000001 ] } },
{ "type": "Feature", "properties": { "amenity_id": 2216, "kind": "shop", "name": "La Kagu", "detail": "clothes" }, "geometry": { "type": "Point", "coordinates": [ 139.733248800000013, 35.7035735 ] } },
{ "type": "Feature", "properties": { "amenity_id": 2217, "kind": "shop", "name": "Yanoクリーニング", "detail": "dry_cleaning" }, "geometry": { "type": "Point", "coordinates": [ 139.737924100000015, 35.705447 ] } },
{ "type": "Feature", "properties": { "amenity_id": 2218, "kind": "shop", "name": "1/f", "detail": "hairdresser" }, "geometry": { "type": "Point", "coordinates": [ 139.7323778, 35.703566300000013 ] } },
{ "type": "Feature", "properties": { "amenity_id": 2219, "kind": "shop", "name": null, "detail": "restaurant" }, "geometry": { "type": "Point", "coordinates": [ 139.7370094, 35.7037017 ] } },
{ "type": "Feature", "properties": { "amenity_id": 2220, "kind": "shop", "name": "Miyahara français", "detail": "restaurant" }, "geometry": { "type": "Point", "coordinates": [ 139.742949900000013, 35.7033456 ] } },
{ "type": "Feature", "properties": { "amenity_id": 2221, "kind": "shop", "name": "Кафе шинжюкю 1-й день", "detail": "cafe" }, "geometry": { "type": "Point", "coordinates": [ 139.7061256, 35.69137340000001 ] } },
{ "type": "Feature", "properties": { "amenity_id": 2222, "kind": "shop", "name": null, "detail": "bar" }, "geometry": { "type": "Point", "coordinates": [ 139.707616800000011, 35.6905669 ] } },
{ "type": "Feature", "properties": { "amenity_id": 2223, "kind": "shop", "name": "一風堂", "detail": "restaurant" }, "geometry": { "type": "Point", "coordinates": [ 139.7010933, 35.6917023 ] } },
{ "type": "Feature", "properties": { "amenity_id": 2224, "kind": "shop", "name": "Tokori Shinjuku Nowa Yakiniku", "detail": "restaurant" }, "geometry": { "type": "Point", "coordinates": [ 139.7013111, 35.6903367 ] } },
{ "type": "Feature", "properties": { "amenity_id": 2225, "kind": "shop", "name": "Le Bretagne bar à cidre", "detail": "restaurant" }, "geometry": { "type": "Point", "coordinates": [ 139.7410202, 35.701518 ] } },
{ "type": "Feature", "properties": { "amenity_id": 2226, "kind": "shop", "name": "紅龍", "detail": "restaurant" }, "geometry": { "type": "Point", "coordinates": [ 139.741435, 35.7014785 ] } },
{ "type": "Feature", "properties": { "amenity_id": 2227, "kind": "shop", "name": "Pain des philosophes", "detail": "bakery" }, "geometry": { "type": "Point", "coordinates": [ 139.737923500000022, 35.7051622 ] } },
{ "type": "Feature", "properties": { "amenity_id": 2228, "kind": "shop", "name": "Why not", "detail": "cafe" }, "geometry": { "type": "Point", "coordinates": [ 139.738324300000016, 35.7011035 ] } },
{ "type": "Feature", "properties": { "amenity_id": 2229, "kind": "shop", "name": "Casa Uokin", "detail": "restaurant" }, "geometry": { "type": "Point", "coordinates": [ 139.7389636, 35.7014439 ] } },
{ "type": "Feature", "properties": { "amenity_id": 2230, "kind": "shop", "name": "ファミリーマート", "detail": "convenience" }, "geometry": { "type": "Point", "coordinates": [ 139.7236005, 35.68886 ] } },
{ "type": "Feature", "properties": { "amenity_id": 2231, "kind": "shop", "name": "早苗", "detail": "cafe" }, "geometry": { "type": "Point", "coordinates": [ 139.7204126, 35.7079833 ] } },
{ "type": "Feature", "properties": { "amenity_id": 2232, "kind": "shop", "name": "マルエツ", "detail": "supermarket" }, "geometry": { "type": "Point", "coordinates": [ 139.736147500000015, 35.7086866 ] } },
{ "type": "Feature", "properties": { "amenity_id": 2233, "kind": "shop", "name": "中国ラーメン長洲商人", "detail": "restaurant" }, "geometry": { "type": "Point", "coordinates": [ 139.744061, 35.7011452 ] } },
{ "type": "Feature", "properties": { "amenity_id": 2234, "kind": "shop", "name": "鷹流", "detail": "restaurant" }, "geometry": { "type": "Point", "coordinates": [ 139.7008429, 35.7126005 ] } },
{ "type": "Feature", "properties": { "amenity_id": 2235, "kind": "shop", "name": "Hygeia", "detail": "restaurant" }, "geometry": { "type": "Point", "coordinates": [ 139.701131300000014, 35.712687 ] } },
{ "type": "Feature", "properties": { "amenity_id": 2236, "kind": "shop", "name": "中華アオキ", "detail": "restaurant" }, "geometry": { "type": "Point", "coordinates": [ 139.74127390000001, 35.7057429 ] } },
{ "type": "Feature", "properties": { "amenity_id": 2237, "kind": "shop", "name": null, "detail": "laundry" }, "geometry": { "type": "Point", "coordinates": [ 139.740550900000017, 35.7005328 ] } },
{ "type": "Feature", "properties": { "amenity_id": 2238, "kind": "shop", "name": "Zeffee", "detail": "cafe" }, "geometry": { "type": "Point", "coordinates": [ 139.742146500000018, 35.703240900000011 ] } },
{ "type": "Feature", "properties": { "amenity_id": 2239, "kind": "shop", "name": "コインランドリー　ピエロ", "detail": "laundry" }, "geometry": { "type": "Point", "coordinates": [ 139.6880199, 35.7157301 ] } },
{ "type": "Feature", "properties": { "amenity_id": 2240, "kind": "shop", "name": "ピエロ", "detail": "dry_cleaning" }, "geometry": { "type": "Point", "coordinates": [ 139.7339187, 35.6983628 ] } },
{ "type": "Feature", "properties": { "amenity_id": 2241, "kind": "shop", "name": "High five salad", "detail": "fast_food" }, "geometry": { "type": "Point", "coordinates": [ 139.7336603, 35.6984795 ] } },
{ "type": "Feature", "properties": { "amenity_id": 2242, "kind": "shop", "name": "Bistro de bave", "detail": "restaurant" }, "geometry": { "type": "Point", "coordinates": [ 139.733560400000016, 35.6983196 ] } },
{ "type": "Feature", "properties": { "amenity_id": 2243, "kind": "shop", "name": "Maison de la Bourgogne", "detail": "restaurant" }, "geometry": { "type": "Point", "coordinates": [ 139.740459900000019, 35.7008813 ] } },
{ "type": "Feature", "properties": { "amenity_id": 2244, "kind": "shop", "name": "ヘアカット専門店Ace", "detail": "hairdresser" }, "geometry": { "type": "Point", "coordinates": [ 139.6881368, 35.7159018 ] } },
{ "type": "Feature", "properties": { "amenity_id": 2245, "kind": "shop", "name": "大漁丼屋", "detail": "restaurant" }, "geometry": { "type": "Point", "coordinates": [ 139.687817900000027, 35.7156805 ] } },
{ "type": "Feature", "properties": { "amenity_id": 2246, "kind": "shop", "name": "丸善", "detail": "dry_cleaning" }, "geometry": { "type": "Point", "coordinates": [ 139.6886591, 35.7161773 ] } },
{ "type": "Feature", "properties": { "amenity_id": 2247, "kind": "shop", "name": "ゾートスサロン　プラバー", "detail": "hairdresser" }, "geometry": { "type": "Point", "coordinates": [ 139.688628200000011, 35.7154587 ] } },
{ "type": "Feature", "properties": { "amenity_id": 2248, "kind": "shop", "name": "焼肉専門店 味楽亭", "detail": "restaurant" }, "geometry": { "type": "Point", "coordinates": [ 139.6882946, 35.7155798 ] } },
{ "type": "Feature", "properties": { "amenity_id": 2249, "kind": "shop", "name": "ユニクロ", "detail": "clothes" }, "geometry": { "type": "Point", "coordinates": [ 139.744120300000048, 35.7024332 ] } },
{ "type": "Feature", "properties": { "amenity_id": 2250, "kind": "shop", "name": "Shun 神楽坂", "detail": "restaurant" }, "geometry": { "type": "Point", "coordinates": [ 139.7408872, 35.701593 ] } },
{ "type": "Feature", "properties": { "amenity_id": 2251, "kind": "shop", "name": "神楽坂島幸", "detail": "restaurant" }, "geometry": { "type": "Point", "coordinates": [ 139.741114900000014, 35.7014838 ] } },
{ "type": "Feature", "properties": { "amenity_id": 2252, "kind": "shop", "name": "九頭龍蕎麦", "detail": "restaurant" }, "geometry": { "type": "Point", "coordinates": [ 139.741307, 35.7014227 ] } },
{ "type": "Feature", "properties": { "amenity_id": 2253, "kind": "shop", "name": "寿", "detail": "restaurant" }, "geometry": { "type": "Point", "coordinates": [ 139.74097740000002, 35.7015254 ] } },
{ "type": "Feature", "properties": { "amenity_id": 2254, "kind": "shop", "name": null, "detail": "bar" }, "geometry": { "type": "Point", "coordinates": [ 139.722577, 35.6894025 ] } },
{ "type": "Feature", "properties": { "amenity_id": 2255, "kind": "shop", "name": "イッテンストア", "detail": "clothes" }, "geometry": { "type": "Point", "coordinates": [ 139.6951737, 35.7218291 ] } },
{ "type": "Feature", "properties": { "amenity_id": 2256, "kind": "shop", "name": "Cafe ひととき", "detail": "cafe" }, "geometry": { "type": "Point", "coordinates": [ 139.694609400000019, 35.7215664 ] } },
{ "type": "Feature", "properties": { "amenity_id": 2257, "kind": "shop", "name": "ル・ミトロン食パン", "detail": "bakery" }, "geometry": { "type": "Point", "coordinates": [ 139.696557400000017, 35.7220439 ] } },
{ "type": "Feature", "properties": { "amenity_id": 2258, "kind": "shop", "name": "Tante Buone Kagurazaka", "detail": "restaurant" }, "geometry": { "type": "Point", "coordinates": [ 139.740621, 35.7023886 ] } },
{ "type": "Feature", "properties": { "amenity_id": 2259, "kind": "shop", "name": "むすび", "detail": "restaurant" }, "geometry": { "type": "Point", "coordinates": [ 139.740797900000018, 35.7029029 ] } },
{ "type": "Feature", "properties": { "amenity_id": 2260, "kind": "shop", "name": "Koji Ara", "detail": "restaurant" }, "geometry": { "type": "Point", "coordinates": [ 139.697986, 35.6889368 ] } },
{ "type": "Feature", "properties": { "amenity_id": 2261, "kind": "shop", "name": "Le Pain Quotidien", "detail": "cafe" }, "geometry": { "type": "Point", "coordinates": [ 139.686984700000011, 35.6827312 ] } },
{ "type": "Feature", "properties": { "amenity_id": 2262, "kind": "shop", "name": "Excel", "detail": "laundry" }, "geometry": { "type": "Point", "coordinates": [ 139.6878997, 35.6878217 ] } },
{ "type": "Feature", "properties": { "amenity_id": 2263, "kind": "shop", "name": "満", "detail": "bakery" }, "geometry": { "type": "Point", "coordinates": [ 139.722710800000016, 35.6927655 ] } },
{ "type": "Feature", "properties": { "amenity_id": 2264, "kind": "shop", "name": null, "detail": "restaurant" }, "geometry": { "type": "Point", "coordinates": [ 139.7052391, 35.6983781 ] } },
{ "type": "Feature", "properties": { "amenity_id": 2265, "kind": "shop", "name": "焼肉", "detail": "restaurant" }, "geometry": { "type": "Point", "coordinates": [ 139.7418126, 35.7048944 ] } },
{ "type": "Feature", "properties": { "amenity_id": 2266, "kind": "shop", "name": "喫茶堂ルノアール", "detail": "cafe" }, "geometry": { "type": "Point", "coordinates": [ 139.7291175, 35.6863437 ] } },
{ "type": "Feature", "properties": { "amenity_id": 2267, "kind": "shop", "name": "お茶の間キッチンカブトムシ", "detail": "cafe" }, "geometry": { "type": "Point", "coordinates": [ 139.686959, 35.7136975 ] } },
{ "type": "Feature", "properties": { "amenity_id": 2268, "kind": "shop", "name": "東京理科大学生食堂", "detail": "restaurant" }, "geometry": { "type": "Point", "coordinates": [ 139.7412602, 35.7002249 ] } },
{ "type": "Feature", "properties": { "amenity_id": 2269, "kind": "shop", "name": "Gucci", "detail": "clothes" }, "geometry": { "type": "Point", "coordinates": [ 139.7047818, 35.6917638 ] } },
{ "type": "Feature", "properties": { "amenity_id": 2270, "kind": "shop", "name": null, "detail": "restaurant" }, "geometry": { "type": "Point", "coordinates": [ 139.704141, 35.6895416 ] } },
{ "type": "Feature", "properties": { "amenity_id": 2271, "kind": "shop", "name": "2D Cafe", "detail": "cafe" }, "geometry": { "type": "Point", "coordinates": [ 139.700692300000014, 35.7001199 ] } },
{ "type": "Feature", "properties": { "amenity_id": 2272, "kind": "shop", "name": null, "detail": "restaurant" }, "geometry": { "type": "Point", "coordinates": [ 139.7096606, 35.6890409 ] } },
{ "type": "Feature", "properties": { "amenity_id": 2273, "kind": "shop", "name": "大八", "detail": "restaurant" }, "geometry": { "type": "Point", "coordinates": [ 139.7356466, 35.7048728 ] } },
{ "type": "Feature", "properties": { "amenity_id": 2274, "kind": "shop", "name": "Prison", "detail": "bar" }, "geometry": { "type": "Point", "coordinates": [ 139.7389536, 35.7028029 ] } },
{ "type": "Feature", "properties": { "amenity_id": 2275, "kind": "shop", "name": "Kagurazaka Manju", "detail": "cafe" }, "geometry": { "type": "Point", "coordinates": [ 139.7386654, 35.7024367 ] } },
{ "type": "Feature", "properties": { "amenity_id": 2276, "kind": "shop", "name": "Le Petit bistro", "detail": "restaurant" }, "geometry": { "type": "Point", "coordinates": [ 139.738767200000012, 35.7024459 ] } },
{ "type": "Feature", "properties": { "amenity_id": 2277, "kind": "shop", "name": "Madoy", "detail": "restaurant" }, "geometry": { "type": "Point", "coordinates": [ 139.7390331, 35.7028841 ] } },
{ "type": "Feature", "properties": { "amenity_id": 2278, "kind": "shop", "name": "神楽坂 BISTRO NONKI", "detail": "restaurant" }, "geometry": { "type": "Point", "coordinates": [ 139.737517, 35.7029088 ] } },
{ "type": "Feature", "properties": { "amenity_id": 2279, "kind": "shop", "name": "ホレイ上海", "detail": "restaurant" }, "geometry": { "type": "Point", "coordinates": [ 139.7379707, 35.7024819 ] } },
{ "type": "Feature", "properties": { "amenity_id": 2280, "kind": "shop", "name": "広島料理 安芸", "detail": "restaurant" }, "geometry": { "type": "Point", "coordinates": [ 139.7077404, 35.6900284 ] } },
{ "type": "Feature", "properties": { "amenity_id": 2281, "kind": "shop", "name": "新宿いかセンター", "detail": "restaurant" }, "geometry": { "type": "Point", "coordinates": [ 139.6983008, 35.6943907 ] } },
{ "type": "Feature", "properties": { "amenity_id": 2282, "kind": "shop", "name": "ブラッスリーグー", "detail": "restaurant" }, "geometry": { "type": "Point", "coordinates": [ 139.7329101, 35.7010761 ] } },
{ "type": "Feature", "properties": { "amenity_id": 2283, "kind": "shop", "name": null, "detail": "restaurant" }, "geometry": { "type": "Point", "coordinates": [ 139.737604800000014, 35.7031574 ] } },
{ "type": "Feature", "properties": { "amenity_id": 2284, "kind": "shop", "name": "Skavla", "detail": "bar" }, "geometry": { "type": "Point", "coordinates": [ 139.7050039, 35.6940273 ] } },
{ "type": "Feature", "properties": { "amenity_id": 2285, "kind": "shop", "name": null, "detail": "hairdresser" }, "geometry": { "type": "Point", "coordinates": [ 139.7370627, 35.7035525 ] } },
{ "type": "Feature", "properties": { "amenity_id": 2286, "kind": "shop", "name": "一芳", "detail": "fast_food" }, "geometry": { "type": "Point", "coordinates": [ 139.702379400000012, 35.6902072 ] } },
{ "type": "Feature", "properties": { "amenity_id": 2287, "kind": "shop", "name": "離島キッチン神楽坂", "detail": "restaurant" }, "geometry": { "type": "Point", "coordinates": [ 139.7369325, 35.7037771 ] } },
{ "type": "Feature", "properties": { "amenity_id": 2288, "kind": "shop", "name": "すためし", "detail": "fast_food" }, "geometry": { "type": "Point", "coordinates": [ 139.703192300000012, 35.690557 ] } },
{ "type": "Feature", "properties": { "amenity_id": 2289, "kind": "shop", "name": "銀座に志かわ", "detail": "bakery" }, "geometry": { "type": "Point", "coordinates": [ 139.695120800000012, 35.687256600000012 ] } },
{ "type": "Feature", "properties": { "amenity_id": 2290, "kind": "shop", "name": "ファミリーマート", "detail": "convenience" }, "geometry": { "type": "Point", "coordinates": [ 139.687019, 35.6827573 ] } },
{ "type": "Feature", "properties": { "amenity_id": 2291, "kind": "shop", "name": "いしかわ", "detail": "hairdresser" }, "geometry": { "type": "Point", "coordinates": [ 139.741338500000012, 35.7057583 ] } },
{ "type": "Feature", "properties": { "amenity_id": 2292, "kind": "shop", "name": "ローソン", "detail": "convenience" }, "geometry": { "type": "Point", "coordinates": [ 139.744136200000014, 35.7024247 ] } },
{ "type": "Feature", "properties": { "amenity_id": 2293, "kind": "shop", "name": null, "detail": "fast_food" }, "geometry": { "type": "Point", "coordinates": [ 139.741232100000019, 35.7057351 ] } },
{ "type": "Feature", "properties": { "amenity_id": 2294, "kind": "shop", "name": "ローソンストア100", "detail": "convenience" }, "geometry": { "type": "Point", "coordinates": [ 139.721221, 35.6933594 ] } },
{ "type": "Feature", "properties": { "amenity_id": 2295, "kind": "shop", "name": "まいばすけっと", "detail": "supermarket" }, "geometry": { "type": "Point", "coordinates": [ 139.721000300000014, 35.693312 ] } },
{ "type": "Feature", "properties": { "amenity_id": 2296, "kind": "shop", "name": "ウェンディーズ", "detail": "fast_food" }, "geometry": { "type": "Point", "coordinates": [ 139.721153900000019, 35.6935654 ] } },
{ "type": "Feature", "properties": { "amenity_id": 2297, "kind": "shop", "name": "すき家", "detail": "fast_food" }, "geometry": { "type": "Point", "coordinates": [ 139.7211211, 35.6936554 ] } },
{ "type": "Feature", "properties": { "amenity_id": 2298, "kind": "shop", "name": "Swaad", "detail": "restaurant" }, "geometry": { "type": "Point", "coordinates": [ 139.720668, 35.6943038 ] } },
{ "type": "Feature", "properties": { "amenity_id": 2299, "kind": "shop", "name": "Trattoria Il Filo", "detail": "restaurant" }, "geometry": { "type": "Point", "coordinates": [ 139.721242500000017, 35.6938165 ] } },
{ "type": "Feature", "properties": { "amenity_id": 2300, "kind": "shop", "name": "Santoku", "detail": "convenience" }, "geometry": { "type": "Point", "coordinates": [ 139.7216257, 35.6928742 ] } },
{ "type": "Feature", "properties": { "amenity_id": 2301, "kind": "shop", "name": "新宿御苑らーめん桜花", "detail": "restaurant" }, "geometry": { "type": "Point", "coordinates": [ 139.713159, 35.6887159 ] } },
{ "type": "Feature", "properties": { "amenity_id": 2302, "kind": "shop", "name": "鶏白湯ラーメン 蔭山", "detail": "restaurant" }, "geometry": { "type": "Point", "coordinates": [ 139.7096946, 35.7114413 ] } },
{ "type": "Feature", "properties": { "amenity_id": 2303, "kind": "shop", "name": "俺の空", "detail": "restaurant" }, "geometry": { "type": "Point", "coordinates": [ 139.702985800000022, 35.7113 ] } },
{ "type": "Feature", "properties": { "amenity_id": 2304, "kind": "shop", "name": "つけそば丸長", "detail": "fast_food" }, "geometry": { "type": "Point", "coordinates": [ 139.703081200000014, 35.7227157 ] } },
{ "type": "Feature", "properties": { "amenity_id": 2305, "kind": "shop", "name": "ファミリーマート", "detail": "convenience" }, "geometry": { "type": "Point", "coordinates": [ 139.7053027, 35.70717770000001 ] } },
{ "type": "Feature", "properties": { "amenity_id": 2306, "kind": "shop", "name": "和牛塩焼肉ブラックホール", "detail": "restaurant" }, "geometry": { "type": "Point", "coordinates": [ 139.7018447, 35.6942097 ] } },
{ "type": "Feature", "properties": { "amenity_id": 2307, "kind": "shop", "name": null, "detail": "restaurant" }, "geometry": { "type": "Point", "coordinates": [ 139.7082024, 35.6927412 ] } },
{ "type": "Feature", "properties": { "amenity_id": 2308, "kind": "shop", "name": "一本堂", "detail": "bakery" }, "geometry": { "type": "Point", "coordinates": [ 139.7147414, 35.6927343 ] } },
{ "type": "Feature", "properties": { "amenity_id": 2309, "kind": "shop", "name": "黒毛和牛焼肉 白か黒", "detail": "restaurant" }, "geometry": { "type": "Point", "coordinates": [ 139.693297300000012, 35.6953733 ] } },
{ "type": "Feature", "properties": { "amenity_id": 2310, "kind": "shop", "name": "路地ダイニング こめり", "detail": "restaurant" }, "geometry": { "type": "Point", "coordinates": [ 139.6932544, 35.6953986 ] } },
{ "type": "Feature", "properties": { "amenity_id": 2311, "kind": "shop", "name": "ティールームブランシェ", "detail": "cafe" }, "geometry": { "type": "Point", "coordinates": [ 139.6925994, 35.6963839 ] } },
{ "type": "Feature", "properties": { "amenity_id": 2312, "kind": "shop", "name": "まいばすけっと", "detail": "supermarket" }, "geometry": { "type": "Point", "coordinates": [ 139.6928786, 35.6953256 ] } },
{ "type": "Feature", "properties": { "amenity_id": 2313, "kind": "shop", "name": "煮込うどん大名なべ 中陣", "detail": "restaurant" }, "geometry": { "type": "Point", "coordinates": [ 139.692247, 35.6954558 ] } },
{ "type": "Feature", "properties": { "amenity_id": 2314, "kind": "shop", "name": "エトワール", "detail": "dry_cleaning" }, "geometry": { "type": "Point", "coordinates": [ 139.693036700000022, 35.6954735 ] } },
{ "type": "Feature", "properties": { "amenity_id": 2315, "kind": "shop", "name": "炭火焼専門食処 白銀屋", "detail": "restaurant" }, "geometry": { "type": "Point", "coordinates": [ 139.6932917, 35.6948673 ] } },
{ "type": "Feature", "properties": { "amenity_id": 2316, "kind": "shop", "name": "ワイン食堂Vivo", "detail": "restaurant" }, "geometry": { "type": "Point", "coordinates": [ 139.691013100000021, 35.696448 ] } },
{ "type": "Feature", "properties": { "amenity_id": 2317, "kind": "shop", "name": "MARGO 新宿グランドタワー店", "detail": "restaurant" }, "geometry": { "type": "Point", "coordinates": [ 139.6909774, 35.6963888 ] } },
{ "type": "Feature", "properties": { "amenity_id": 2318, "kind": "shop", "name": "CHINADOLL 新宿グランドタワー本店", "detail": "restaurant" }, "geometry": { "type": "Point", "coordinates": [ 139.6910369, 35.6962087 ] } },
{ "type": "Feature", "properties": { "amenity_id": 2319, "kind": "shop", "name": "タリーズコーヒー", "detail": "cafe" }, "geometry": { "type": "Point", "coordinates": [ 139.692336300000022, 35.693904100000012 ] } },
{ "type": "Feature", "properties": { "amenity_id": 2320, "kind": "shop", "name": "ローソン", "detail": "convenience" }, "geometry": { "type": "Point", "coordinates": [ 139.6919742, 35.6940743 ] } },
{ "type": "Feature", "properties": { "amenity_id": 2321, "kind": "shop", "name": "カフェ アントニオ", "detail": "cafe" }, "geometry": { "type": "Point", "coordinates": [ 139.7303755, 35.6861543 ] } },
{ "type": "Feature", "properties": { "amenity_id": 2322, "kind": "shop", "name": "おむすび権米衛 アトレ四谷店", "detail": "restaurant" }, "geometry": { "type": "Point", "coordinates": [ 139.730018800000011, 35.6862611 ] } },
{ "type": "Feature", "properties": { "amenity_id": 2323, "kind": "shop", "name": "まいばすけっと", "detail": "supermarket" }, "geometry": { "type": "Point", "coordinates": [ 139.7079607, 35.6932238 ] } },
{ "type": "Feature", "properties": { "amenity_id": 2324, "kind": "shop", "name": "Smile Wash Laundry", "detail": "laundry" }, "geometry": { "type": "Point", "coordinates": [ 139.6920608, 35.7018928 ] } },
{ "type": "Feature", "properties": { "amenity_id": 2325, "kind": "shop", "name": "新宿カレイドビル", "detail": "restaurant" }, "geometry": { "type": "Point", "coordinates": [ 139.699392900000021, 35.6938935 ] } },
{ "type": "Feature", "properties": { "amenity_id": 2326, "kind": "shop", "name": "セブン-イレブン", "detail": "convenience" }, "geometry": { "type": "Point", "coordinates": [ 139.7082906, 35.6949234 ] } },
{ "type": "Feature", "properties": { "amenity_id": 2327, "kind": "shop", "name": "Misoya Hachiro", "detail": "restaurant" }, "geometry": { "type": "Point", "coordinates": [ 139.698569100000014, 35.6963739 ] } },
{ "type": "Feature", "properties": { "amenity_id": 2328, "kind": "shop", "name": "アートラウンジ デュエット", "detail": "cafe" }, "geometry": { "type": "Point", "coordinates": [ 139.694633300000021, 35.6902104 ] } },
{ "type": "Feature", "properties": { "amenity_id": 2329, "kind": "shop", "name": "萬達", "detail": "restaurant" }, "geometry": { "type": "Point", "coordinates": [ 139.7312128, 35.6908904 ] } },
{ "type": "Feature", "properties": { "amenity_id": 2330, "kind": "shop", "name": "やきとん", "detail": "restaurant" }, "geometry": { "type": "Point", "coordinates": [ 139.730377, 35.6907805 ] } },
{ "type": "Feature", "properties": { "amenity_id": 2331, "kind": "shop", "name": "高記", "detail": "restaurant" }, "geometry": { "type": "Point", "coordinates": [ 139.7279306, 35.6911012 ] } },
{ "type": "Feature", "properties": { "amenity_id": 2332, "kind": "shop", "name": "チベット", "detail": "restaurant" }, "geometry": { "type": "Point", "coordinates": [ 139.7268866, 35.69143170000001 ] } },
{ "type": "Feature", "properties": { "amenity_id": 2333, "kind": "shop", "name": "Cleaning", "detail": "dry_cleaning" }, "geometry": { "type": "Point", "coordinates": [ 139.726645, 35.6915719 ] } },
{ "type": "Feature", "properties": { "amenity_id": 2334, "kind": "shop", "name": "i-cafe", "detail": "cafe" }, "geometry": { "type": "Point", "coordinates": [ 139.726106500000014, 35.691748100000019 ] } },
{ "type": "Feature", "properties": { "amenity_id": 2335, "kind": "shop", "name": "On's hair", "detail": "hairdresser" }, "geometry": { "type": "Point", "coordinates": [ 139.7250133, 35.692065400000011 ] } },
{ "type": "Feature", "properties": { "amenity_id": 2336, "kind": "shop", "name": "長崎ちゃんぽん 皿うどん", "detail": "restaurant" }, "geometry": { "type": "Point", "coordinates": [ 139.724892, 35.6920818 ] } },
{ "type": "Feature", "properties": { "amenity_id": 2337, "kind": "shop", "name": "松の鮨", "detail": "restaurant" }, "geometry": { "type": "Point", "coordinates": [ 139.723104, 35.6922069 ] } },
{ "type": "Feature", "properties": { "amenity_id": 2338, "kind": "shop", "name": "ポニー", "detail": "dry_cleaning" }, "geometry": { "type": "Point", "coordinates": [ 139.7229753, 35.692221199999985 ] } },
{ "type": "Feature", "properties": { "amenity_id": 2339, "kind": "shop", "name": "松屋", "detail": "fast_food" }, "geometry": { "type": "Point", "coordinates": [ 139.722814200000016, 35.6922146 ] } },
{ "type": "Feature", "properties": { "amenity_id": 2340, "kind": "shop", "name": "楽膳坊", "detail": "restaurant" }, "geometry": { "type": "Point", "coordinates": [ 139.7228921, 35.6922164 ] } },
{ "type": "Feature", "properties": { "amenity_id": 2341, "kind": "shop", "name": "MORGAN", "detail": "cafe" }, "geometry": { "type": "Point", "coordinates": [ 139.7224616, 35.6922045 ] } },
{ "type": "Feature", "properties": { "amenity_id": 2342, "kind": "shop", "name": "ドラゴーネ", "detail": "bakery" }, "geometry": { "type": "Point", "coordinates": [ 139.721523900000022, 35.692160900000012 ] } },
{ "type": "Feature", "properties": { "amenity_id": 2343, "kind": "shop", "name": "せいこうえん", "detail": "restaurant" }, "geometry": { "type": "Point", "coordinates": [ 139.7207875, 35.6920052 ] } },
{ "type": "Feature", "properties": { "amenity_id": 2344, "kind": "shop", "name": "晴壱", "detail": "restaurant" }, "geometry": { "type": "Point", "coordinates": [ 139.72073, 35.6919933 ] } },
{ "type": "Feature", "properties": { "amenity_id": 2345, "kind": "shop", "name": "麺屋西川", "detail": "restaurant" }, "geometry": { "type": "Point", "coordinates": [ 139.721073, 35.6920459 ] } },
{ "type": "Feature", "properties": { "amenity_id": 2346, "kind": "shop", "name": "ヤキニクヒロミヤ", "detail": "restaurant" }, "geometry": { "type": "Point", "coordinates": [ 139.7206114, 35.6919561 ] } },
{ "type": "Feature", "properties": { "amenity_id": 2347, "kind": "shop", "name": "てつ平", "detail": "restaurant" }, "geometry": { "type": "Point", "coordinates": [ 139.720565600000015, 35.6919447 ] } },
{ "type": "Feature", "properties": { "amenity_id": 2348, "kind": "shop", "name": "新潟ラーメン", "detail": "restaurant" }, "geometry": { "type": "Point", "coordinates": [ 139.720521500000018, 35.6919352 ] } },
{ "type": "Feature", "properties": { "amenity_id": 2349, "kind": "shop", "name": "元祖寿司", "detail": "restaurant" }, "geometry": { "type": "Point", "coordinates": [ 139.6973916, 35.6886924 ] } },
{ "type": "Feature", "properties": { "amenity_id": 2350, "kind": "shop", "name": "割烹　よしうら", "detail": "restaurant" }, "geometry": { "type": "Point", "coordinates": [ 139.724421400000011, 35.69242 ] } },
{ "type": "Feature", "properties": { "amenity_id": 2351, "kind": "shop", "name": "SPICE", "detail": "restaurant" }, "geometry": { "type": "Point", "coordinates": [ 139.7191712, 35.6915122 ] } },
{ "type": "Feature", "properties": { "amenity_id": 2352, "kind": "shop", "name": "西安刀削麺", "detail": "restaurant" }, "geometry": { "type": "Point", "coordinates": [ 139.719188800000012, 35.691481700000011 ] } },
{ "type": "Feature", "properties": { "amenity_id": 2353, "kind": "shop", "name": "クリーニング", "detail": "dry_cleaning" }, "geometry": { "type": "Point", "coordinates": [ 139.7181549, 35.6913075 ] } },
{ "type": "Feature", "properties": { "amenity_id": 2354, "kind": "shop", "name": "ゴールデン バガン", "detail": "restaurant" }, "geometry": { "type": "Point", "coordinates": [ 139.7174047, 35.6911253 ] } },
{ "type": "Feature", "properties": { "amenity_id": 2355, "kind": "shop", "name": "BEAUTRIM", "detail": "hairdresser" }, "geometry": { "type": "Point", "coordinates": [ 139.708698200000015, 35.6915576 ] } },
{ "type": "Feature", "properties": { "amenity_id": 2356, "kind": "shop", "name": "サカゼン", "detail": "clothes" }, "geometry": { "type": "Point", "coordinates": [ 139.707904500000012, 35.6916438 ] } },
{ "type": "Feature", "properties": { "amenity_id": 2357, "kind": "shop", "name": "Cafe Jr", "detail": "cafe" }, "geometry": { "type": "Point", "coordinates": [ 139.70348420000002, 35.692826 ] } },
{ "type": "Feature", "properties": { "amenity_id": 2358, "kind": "shop", "name": "博多天神", "detail": "restaurant" }, "geometry": { "type": "Point", "coordinates": [ 139.702107100000035, 35.69319380000001 ] } },
{ "type": "Feature", "properties": { "amenity_id": 2359, "kind": "shop", "name": "オリジン弁当", "detail": "fast_food" }, "geometry": { "type": "Point", "coordinates": [ 139.6887242, 35.6955164 ] } },
{ "type": "Feature", "properties": { "amenity_id": 2360, "kind": "shop", "name": "Rokkasen Yakiniku", "detail": "restaurant" }, "geometry": { "type": "Point", "coordinates": [ 139.6988809, 35.693351 ] } },
{ "type": "Feature", "properties": { "amenity_id": 2361, "kind": "shop", "name": "kabuto Eel Pissed Alley", "detail": "restaurant" }, "geometry": { "type": "Point", "coordinates": [ 139.699513600000017, 35.6931226 ] } },
{ "type": "Feature", "properties": { "amenity_id": 2362, "kind": "shop", "name": "Rokkasen Annex Yakiniku", "detail": "restaurant" }, "geometry": { "type": "Point", "coordinates": [ 139.6986211, 35.6953934 ] } },
{ "type": "Feature", "properties": { "amenity_id": 2363, "kind": "shop", "name": "Kabuto Eel, pissed Alley", "detail": "restaurant" }, "geometry": { "type": "Point", "coordinates": [ 139.699527400000022, 35.6931139 ] } },
{ "type": "Feature", "properties": { "amenity_id": 2364, "kind": "shop", "name": "Ramen Takahashi", "detail": "restaurant" }, "geometry": { "type": "Point", "coordinates": [ 139.70051890000002, 35.6951814 ] } },
{ "type": "Feature", "properties": { "amenity_id": 2365, "kind": "shop", "name": "Choshunkan BBQ", "detail": "restaurant" }, "geometry": { "type": "Point", "coordinates": [ 139.7065739, 35.6902678 ] } },
{ "type": "Feature", "properties": { "amenity_id": 2366, "kind": "shop", "name": "Rokkasen", "detail": "restaurant" }, "geometry": { "type": "Point", "coordinates": [ 139.698904200000015, 35.6934212 ] } },
{ "type": "Feature", "properties": { "amenity_id": 2367, "kind": "shop", "name": "Rokkasen Annex", "detail": "restaurant" }, "geometry": { "type": "Point", "coordinates": [ 139.6986152, 35.6954075 ] } },
{ "type": "Feature", "properties": { "amenity_id": 2368, "kind": "shop", "name": "Tonchikan, Tonkotsu", "detail": "restaurant" }, "geometry": { "type": "Point", "coordinates": [ 139.696791500000018, 35.6895405 ] } },
{ "type": "Feature", "properties": { "amenity_id": 2369, "kind": "shop", "name": null, "detail": "restaurant" }, "geometry": { "type": "Point", "coordinates": [ 139.699522700000017, 35.6930996 ] } },
{ "type": "Feature", "properties": { "amenity_id": 2370, "kind": "shop", "name": "リンガーハット", "detail": "restaurant" }, "geometry": { "type": "Point", "coordinates": [ 139.6979437, 35.6888861 ] } },
{ "type": "Feature", "properties": { "amenity_id": 2371, "kind": "shop", "name": null, "detail": "bar" }, "geometry": { "type": "Point", "coordinates": [ 139.6984821, 35.6930427 ] } },
{ "type": "Feature", "properties": { "amenity_id": 2372, "kind": "shop", "name": null, "detail": "restaurant" }, "geometry": { "type": "Point", "coordinates": [ 139.701818800000012, 35.6982751 ] } },
{ "type": "Feature", "properties": { "amenity_id": 2373, "kind": "shop", "name": "はやし田", "detail": "restaurant" }, "geometry": { "type": "Point", "coordinates": [ 139.7037258, 35.6908362 ] } },
{ "type": "Feature", "properties": { "amenity_id": 2374, "kind": "shop", "name": "焼肉ホルモンしんちゃん", "detail": "restaurant" }, "geometry": { "type": "Point", "coordinates": [ 139.726146, 35.6872718 ] } },
{ "type": "Feature", "properties": { "amenity_id": 2375, "kind": "shop", "name": null, "detail": "restaurant" }, "geometry": { "type": "Point", "coordinates": [ 139.6944493, 35.6901377 ] } },
{ "type": "Feature", "properties": { "amenity_id": 2376, "kind": "shop", "name": null, "detail": "cafe" }, "geometry": { "type": "Point", "coordinates": [ 139.702872, 35.6923118 ] } },
{ "type": "Feature", "properties": { "amenity_id": 2377, "kind": "shop", "name": "さど", "detail": "restaurant" }, "geometry": { "type": "Point", "coordinates": [ 139.71653790000002, 35.7083305 ] } },
{ "type": "Feature", "properties": { "amenity_id": 2378, "kind": "shop", "name": "VIA", "detail": "cafe" }, "geometry": { "type": "Point", "coordinates": [ 139.71696750000001, 35.7082512 ] } },
{ "type": "Feature", "properties": { "amenity_id": 2379, "kind": "shop", "name": "セブン-イレブン", "detail": "convenience" }, "geometry": { "type": "Point", "coordinates": [ 139.7178135, 35.7078848 ] } },
{ "type": "Feature", "properties": { "amenity_id": 2380, "kind": "shop", "name": "香港華記米", "detail": "restaurant" }, "geometry": { "type": "Point", "coordinates": [ 139.719738300000017, 35.706203200000019 ] } },
{ "type": "Feature", "properties": { "amenity_id": 2381, "kind": "shop", "name": "ごはん処", "detail": "restaurant" }, "geometry": { "type": "Point", "coordinates": [ 139.7088065, 35.704427700000011 ] } },
{ "type": "Feature", "properties": { "amenity_id": 2382, "kind": "shop", "name": "ヒマラヤ", "detail": "restaurant" }, "geometry": { "type": "Point", "coordinates": [ 139.7088065, 35.7043902 ] } },
{ "type": "Feature", "properties": { "amenity_id": 2383, "kind": "shop", "name": "レダンド", "detail": "hairdresser" }, "geometry": { "type": "Point", "coordinates": [ 139.7087938, 35.704273 ] } },
{ "type": "Feature", "properties": { "amenity_id": 2384, "kind": "shop", "name": "ローソンストア100", "detail": "convenience" }, "geometry": { "type": "Point", "coordinates": [ 139.7087736, 35.7041175 ] } },
{ "type": "Feature", "properties": { "amenity_id": 2385, "kind": "shop", "name": "製麺王", "detail": "restaurant" }, "geometry": { "type": "Point", "coordinates": [ 139.708757100000014, 35.7040513 ] } },
{ "type": "Feature", "properties": { "amenity_id": 2386, "kind": "shop", "name": "SARAH KITCHEN", "detail": "restaurant" }, "geometry": { "type": "Point", "coordinates": [ 139.7086692, 35.7033707 ] } },
{ "type": "Feature", "properties": { "amenity_id": 2387, "kind": "shop", "name": "大拉垻食堂", "detail": "restaurant" }, "geometry": { "type": "Point", "coordinates": [ 139.708639, 35.7030259 ] } },
{ "type": "Feature", "properties": { "amenity_id": 2388, "kind": "shop", "name": "麺爺", "detail": "restaurant" }, "geometry": { "type": "Point", "coordinates": [ 139.7086634, 35.7033014 ] } },
{ "type": "Feature", "properties": { "amenity_id": 2389, "kind": "shop", "name": "祥龍 刀削麺荘", "detail": "restaurant" }, "geometry": { "type": "Point", "coordinates": [ 139.7084149, 35.7019035 ] } },
{ "type": "Feature", "properties": { "amenity_id": 2390, "kind": "shop", "name": "吉兵衛", "detail": "restaurant" }, "geometry": { "type": "Point", "coordinates": [ 139.7083972, 35.7018058 ] } },
{ "type": "Feature", "properties": { "amenity_id": 2391, "kind": "shop", "name": "クリーニング", "detail": "dry_cleaning" }, "geometry": { "type": "Point", "coordinates": [ 139.708386600000011, 35.7017081 ] } },
{ "type": "Feature", "properties": { "amenity_id": 2392, "kind": "shop", "name": "ポニー", "detail": "dry_cleaning" }, "geometry": { "type": "Point", "coordinates": [ 139.708213600000022, 35.7006541 ] } },
{ "type": "Feature", "properties": { "amenity_id": 2393, "kind": "shop", "name": "ローソン", "detail": "convenience" }, "geometry": { "type": "Point", "coordinates": [ 139.7080589, 35.6993103 ] } },
{ "type": "Feature", "properties": { "amenity_id": 2394, "kind": "shop", "name": "バーミヤン", "detail": "restaurant" }, "geometry": { "type": "Point", "coordinates": [ 139.707874700000019, 35.6983744 ] } },
{ "type": "Feature", "properties": { "amenity_id": 2395, "kind": "shop", "name": "笠置そば", "detail": "restaurant" }, "geometry": { "type": "Point", "coordinates": [ 139.707975, 35.6980522 ] } },
{ "type": "Feature", "properties": { "amenity_id": 2396, "kind": "shop", "name": "セブン-イレブン", "detail": "convenience" }, "geometry": { "type": "Point", "coordinates": [ 139.708244, 35.6980292 ] } },
{ "type": "Feature", "properties": { "amenity_id": 2397, "kind": "shop", "name": "白洋舎", "detail": "dry_cleaning" }, "geometry": { "type": "Point", "coordinates": [ 139.7114469, 35.6978704 ] } },
{ "type": "Feature", "properties": { "amenity_id": 2398, "kind": "shop", "name": "ファミリーマート", "detail": "convenience" }, "geometry": { "type": "Point", "coordinates": [ 139.7153778, 35.69626980000001 ] } },
{ "type": "Feature", "properties": { "amenity_id": 2399, "kind": "shop", "name": "Hair 141", "detail": "hairdresser" }, "geometry": { "type": "Point", "coordinates": [ 139.7208364, 35.693853 ] } },
{ "type": "Feature", "properties": { "amenity_id": 2400, "kind": "shop", "name": "食楽知庵", "detail": "restaurant" }, "geometry": { "type": "Point", "coordinates": [ 139.7208517, 35.6938121 ] } },
{ "type": "Feature", "properties": { "amenity_id": 2401, "kind": "shop", "name": "紅とん", "detail": "restaurant" }, "geometry": { "type": "Point", "coordinates": [ 139.720940900000016, 35.6935025 ] } },
{ "type": "Feature", "properties": { "amenity_id": 2402, "kind": "shop", "name": "なべくら", "detail": "clothes" }, "geometry": { "type": "Point", "coordinates": [ 139.721037500000023, 35.693154 ] } },
{ "type": "Feature", "properties": { "amenity_id": 2403, "kind": "shop", "name": "長寿庵", "detail": "restaurant" }, "geometry": { "type": "Point", "coordinates": [ 139.721099900000013, 35.6929792 ] } },
{ "type": "Feature", "properties": { "amenity_id": 2404, "kind": "shop", "name": "どんでん", "detail": "restaurant" }, "geometry": { "type": "Point", "coordinates": [ 139.721126200000015, 35.6928914 ] } },
{ "type": "Feature", "properties": { "amenity_id": 2405, "kind": "shop", "name": "ちよだ鮨", "detail": "fast_food" }, "geometry": { "type": "Point", "coordinates": [ 139.7210838, 35.6937796 ] } },
{ "type": "Feature", "properties": { "amenity_id": 2406, "kind": "shop", "name": "中乃見家", "detail": "restaurant" }, "geometry": { "type": "Point", "coordinates": [ 139.721168300000016, 35.6934688 ] } },
{ "type": "Feature", "properties": { "amenity_id": 2407, "kind": "shop", "name": "スワローチェーン", "detail": "dry_cleaning" }, "geometry": { "type": "Point", "coordinates": [ 139.72121, 35.6932579 ] } },
{ "type": "Feature", "properties": { "amenity_id": 2408, "kind": "shop", "name": "the 3rd Burger", "detail": "fast_food" }, "geometry": { "type": "Point", "coordinates": [ 139.7212586, 35.69315 ] } },
{ "type": "Feature", "properties": { "amenity_id": 2409, "kind": "shop", "name": "いきなり！ステーキ", "detail": "restaurant" }, "geometry": { "type": "Point", "coordinates": [ 139.721325700000023, 35.6929684 ] } },
{ "type": "Feature", "properties": { "amenity_id": 2410, "kind": "shop", "name": "Goobne", "detail": "restaurant" }, "geometry": { "type": "Point", "coordinates": [ 139.719785300000012, 35.6958291 ] } },
{ "type": "Feature", "properties": { "amenity_id": 2411, "kind": "shop", "name": "ASIA市場", "detail": "supermarket" }, "geometry": { "type": "Point", "coordinates": [ 139.719931700000018, 35.695661800000011 ] } },
{ "type": "Feature", "properties": { "amenity_id": 2412, "kind": "shop", "name": "のう天気", "detail": "restaurant" }, "geometry": { "type": "Point", "coordinates": [ 139.7195198, 35.6958787 ] } },
{ "type": "Feature", "properties": { "amenity_id": 2413, "kind": "shop", "name": "DE CELLIER", "detail": "hairdresser" }, "geometry": { "type": "Point", "coordinates": [ 139.719725, 35.69566240000001 ] } },
{ "type": "Feature", "properties": { "amenity_id": 2414, "kind": "shop", "name": "春川", "detail": "restaurant" }, "geometry": { "type": "Point", "coordinates": [ 139.719758800000022, 35.69562 ] } },
{ "type": "Feature", "properties": { "amenity_id": 2415, "kind": "shop", "name": "谷やん", "detail": "restaurant" }, "geometry": { "type": "Point", "coordinates": [ 139.7205874, 35.6944291 ] } },
{ "type": "Feature", "properties": { "amenity_id": 2416, "kind": "shop", "name": "ポニー", "detail": "dry_cleaning" }, "geometry": { "type": "Point", "coordinates": [ 139.7206161, 35.6943687 ] } },
{ "type": "Feature", "properties": { "amenity_id": 2417, "kind": "shop", "name": "香源", "detail": "restaurant" }, "geometry": { "type": "Point", "coordinates": [ 139.7206698, 35.6942242 ] } },
{ "type": "Feature", "properties": { "amenity_id": 2418, "kind": "shop", "name": "吉野庵", "detail": "restaurant" }, "geometry": { "type": "Point", "coordinates": [ 139.7207176, 35.6940557 ] } },
{ "type": "Feature", "properties": { "amenity_id": 2419, "kind": "shop", "name": "ピエロ７７号", "detail": "laundry" }, "geometry": { "type": "Point", "coordinates": [ 139.720789100000019, 35.6945538 ] } },
{ "type": "Feature", "properties": { "amenity_id": 2420, "kind": "shop", "name": "chez ACIO", "detail": "restaurant" }, "geometry": { "type": "Point", "coordinates": [ 139.720853700000049, 35.6942928 ] } },
{ "type": "Feature", "properties": { "amenity_id": 2421, "kind": "shop", "name": "びっくりドンキー", "detail": "restaurant" }, "geometry": { "type": "Point", "coordinates": [ 139.7051195, 35.692908700000011 ] } },
{ "type": "Feature", "properties": { "amenity_id": 2422, "kind": "shop", "name": "山ちゃん", "detail": "restaurant" }, "geometry": { "type": "Point", "coordinates": [ 139.7057619, 35.6928122 ] } },
{ "type": "Feature", "properties": { "amenity_id": 2423, "kind": "shop", "name": "Hies", "detail": "bar" }, "geometry": { "type": "Point", "coordinates": [ 139.7083312, 35.6919776 ] } },
{ "type": "Feature", "properties": { "amenity_id": 2424, "kind": "shop", "name": "八吉", "detail": "restaurant" }, "geometry": { "type": "Point", "coordinates": [ 139.7037904, 35.691870800000011 ] } },
{ "type": "Feature", "properties": { "amenity_id": 2425, "kind": "shop", "name": "J.S.BURGERS CAFE", "detail": "cafe" }, "geometry": { "type": "Point", "coordinates": [ 139.703567100000015, 35.6919809 ] } },
{ "type": "Feature", "properties": { "amenity_id": 2426, "kind": "shop", "name": "LUKE'S LOBSTER", "detail": "cafe" }, "geometry": { "type": "Point", "coordinates": [ 139.703599200000014, 35.691961 ] } },
{ "type": "Feature", "properties": { "amenity_id": 2427, "kind": "shop", "name": "素多亜", "detail": "cafe" }, "geometry": { "type": "Point", "coordinates": [ 139.7038152, 35.6917107 ] } },
{ "type": "Feature", "properties": { "amenity_id": 2428, "kind": "shop", "name": "B'2nd", "detail": "clothes" }, "geometry": { "type": "Point", "coordinates": [ 139.703808800000019, 35.6917017 ] } },
{ "type": "Feature", "properties": { "amenity_id": 2429, "kind": "shop", "name": "Louis Vuitton", "detail": "clothes" }, "geometry": { "type": "Point", "coordinates": [ 139.705210100000016, 35.6909325 ] } },
{ "type": "Feature", "properties": { "amenity_id": 2430, "kind": "shop", "name": "もと村", "detail": "restaurant" }, "geometry": { "type": "Point", "coordinates": [ 139.7063387, 35.6903515 ] } },
{ "type": "Feature", "properties": { "amenity_id": 2431, "kind": "shop", "name": "志野", "detail": "restaurant" }, "geometry": { "type": "Point", "coordinates": [ 139.7078462, 35.6896618 ] } },
{ "type": "Feature", "properties": { "amenity_id": 2432, "kind": "shop", "name": "氣華", "detail": "restaurant" }, "geometry": { "type": "Point", "coordinates": [ 139.7079014, 35.689643 ] } },
{ "type": "Feature", "properties": { "amenity_id": 2433, "kind": "shop", "name": "正直な食堂", "detail": "restaurant" }, "geometry": { "type": "Point", "coordinates": [ 139.7080803, 35.6895665 ] } },
{ "type": "Feature", "properties": { "amenity_id": 2434, "kind": "shop", "name": "TOKYO MEAT酒場", "detail": "restaurant" }, "geometry": { "type": "Point", "coordinates": [ 139.7082393, 35.6895098 ] } },
{ "type": "Feature", "properties": { "amenity_id": 2435, "kind": "shop", "name": "ボスボラスハサン", "detail": "restaurant" }, "geometry": { "type": "Point", "coordinates": [ 139.708264400000019, 35.6894799 ] } },
{ "type": "Feature", "properties": { "amenity_id": 2436, "kind": "shop", "name": "油君", "detail": "restaurant" }, "geometry": { "type": "Point", "coordinates": [ 139.7084022, 35.6894012 ] } },
{ "type": "Feature", "properties": { "amenity_id": 2437, "kind": "shop", "name": "筑前屋", "detail": "restaurant" }, "geometry": { "type": "Point", "coordinates": [ 139.70897020000001, 35.689157900000012 ] } },
{ "type": "Feature", "properties": { "amenity_id": 2438, "kind": "shop", "name": "ザ　ライジング　サン", "detail": "restaurant" }, "geometry": { "type": "Point", "coordinates": [ 139.7281887, 35.686086200000013 ] } },
{ "type": "Feature", "properties": { "amenity_id": 2439, "kind": "shop", "name": "とん久", "detail": "restaurant" }, "geometry": { "type": "Point", "coordinates": [ 139.70513840000001, 35.7128123 ] } },
{ "type": "Feature", "properties": { "amenity_id": 2440, "kind": "shop", "name": "新潟発祥 なおじ", "detail": "restaurant" }, "geometry": { "type": "Point", "coordinates": [ 139.6851892, 35.6903569 ] } },
{ "type": "Feature", "properties": { "amenity_id": 2441, "kind": "shop", "name": "らーめんバリ男 神楽坂店", "detail": "restaurant" }, "geometry": { "type": "Point", "coordinates": [ 139.737774800000011, 35.7027315 ] } },
{ "type": "Feature", "properties": { "amenity_id": 2442, "kind": "shop", "name": "東京豚骨拉麺ばんから", "detail": "restaurant" }, "geometry": { "type": "Point", "coordinates": [ 139.701234100000022, 35.6941755 ] } },
{ "type": "Feature", "properties": { "amenity_id": 2443, "kind": "shop", "name": null, "detail": "restaurant" }, "geometry": { "type": "Point", "coordinates": [ 139.700381100000016, 35.6897614 ] } },
{ "type": "Feature", "properties": { "amenity_id": 2444, "kind": "shop", "name": "売切御免！毎日解体 まぐろ商店", "detail": "restaurant" }, "geometry": { "type": "Point", "coordinates": [ 139.701081400000021, 35.6941939 ] } },
{ "type": "Feature", "properties": { "amenity_id": 2445, "kind": "shop", "name": "Oh！キッチンN", "detail": "restaurant" }, "geometry": { "type": "Point", "coordinates": [ 139.700734300000022, 35.7016792 ] } },
{ "type": "Feature", "properties": { "amenity_id": 2446, "kind": "shop", "name": "ラーメン龍の家", "detail": "restaurant" }, "geometry": { "type": "Point", "coordinates": [ 139.698362300000014, 35.6960571 ] } },
{ "type": "Feature", "properties": { "amenity_id": 2447, "kind": "shop", "name": "味噌屋八郎商店", "detail": "restaurant" }, "geometry": { "type": "Point", "coordinates": [ 139.6984309, 35.6963442 ] } },
{ "type": "Feature", "properties": { "amenity_id": 2448, "kind": "shop", "name": "1000円カット", "detail": "hairdresser" }, "geometry": { "type": "Point", "coordinates": [ 139.698230600000016, 35.6964161 ] } },
{ "type": "Feature", "properties": { "amenity_id": 2449, "kind": "shop", "name": "オリンピック", "detail": "supermarket" }, "geometry": { "type": "Point", "coordinates": [ 139.696385, 35.6975089 ] } },
{ "type": "Feature", "properties": { "amenity_id": 2450, "kind": "shop", "name": "ゴーゴーカレー", "detail": "fast_food" }, "geometry": { "type": "Point", "coordinates": [ 139.6980221, 35.6937695 ] } },
{ "type": "Feature", "properties": { "amenity_id": 2451, "kind": "shop", "name": "焼肉ライク", "detail": "restaurant" }, "geometry": { "type": "Point", "coordinates": [ 139.697728400000017, 35.6939904 ] } },
{ "type": "Feature", "properties": { "amenity_id": 2452, "kind": "shop", "name": "陳麻家 西新宿7丁目店", "detail": "restaurant" }, "geometry": { "type": "Point", "coordinates": [ 139.6981519, 35.6942057 ] } },
{ "type": "Feature", "properties": { "amenity_id": 2453, "kind": "shop", "name": "塚田農場", "detail": "restaurant" }, "geometry": { "type": "Point", "coordinates": [ 139.698099400000018, 35.6943887 ] } },
{ "type": "Feature", "properties": { "amenity_id": 2454, "kind": "shop", "name": "博多とりかわ長政", "detail": "restaurant" }, "geometry": { "type": "Point", "coordinates": [ 139.698393900000013, 35.6946946 ] } },
{ "type": "Feature", "properties": { "amenity_id": 2455, "kind": "shop", "name": "磯丸水産", "detail": "restaurant" }, "geometry": { "type": "Point", "coordinates": [ 139.6982806, 35.694566800000011 ] } },
{ "type": "Feature", "properties": { "amenity_id": 2456, "kind": "shop", "name": "中華そば　流川", "detail": "restaurant" }, "geometry": { "type": "Point", "coordinates": [ 139.698350200000021, 35.6946558 ] } },
{ "type": "Feature", "properties": { "amenity_id": 2457, "kind": "shop", "name": "珈琲西武", "detail": "cafe" }, "geometry": { "type": "Point", "coordinates": [ 139.698277, 35.6945927 ] } },
{ "type": "Feature", "properties": { "amenity_id": 2458, "kind": "shop", "name": "QUARTO", "detail": "restaurant" }, "geometry": { "type": "Point", "coordinates": [ 139.6981982, 35.6944974 ] } },
{ "type": "Feature", "properties": { "amenity_id": 2459, "kind": "shop", "name": "WA-DINNER き", "detail": "restaurant" }, "geometry": { "type": "Point", "coordinates": [ 139.698246, 35.694537 ] } },
{ "type": "Feature", "properties": { "amenity_id": 2460, "kind": "shop", "name": "秘伝油そば　春日亭", "detail": "restaurant" }, "geometry": { "type": "Point", "coordinates": [ 139.698392900000016, 35.694532 ] } },
{ "type": "Feature", "properties": { "amenity_id": 2461, "kind": "shop", "name": "やきとり まる一", "detail": "restaurant" }, "geometry": { "type": "Point", "coordinates": [ 139.6984387, 35.6944986 ] } },
{ "type": "Feature", "properties": { "amenity_id": 2462, "kind": "shop", "name": "俺の魚を食ってみろ 西新宿店", "detail": "restaurant" }, "geometry": { "type": "Point", "coordinates": [ 139.698372300000045, 35.6944782 ] } },
{ "type": "Feature", "properties": { "amenity_id": 2463, "kind": "shop", "name": "肉鮮問屋 25-89", "detail": "restaurant" }, "geometry": { "type": "Point", "coordinates": [ 139.6983055, 35.694425100000011 ] } },
{ "type": "Feature", "properties": { "amenity_id": 2464, "kind": "shop", "name": "ターリー屋", "detail": "restaurant" }, "geometry": { "type": "Point", "coordinates": [ 139.6982389, 35.6943484 ] } },
{ "type": "Feature", "properties": { "amenity_id": 2465, "kind": "shop", "name": "つけそば　黒門", "detail": "restaurant" }, "geometry": { "type": "Point", "coordinates": [ 139.6982074, 35.6943083 ] } },
{ "type": "Feature", "properties": { "amenity_id": 2466, "kind": "shop", "name": "玄菜", "detail": "restaurant" }, "geometry": { "type": "Point", "coordinates": [ 139.6980585, 35.6941288 ] } },
{ "type": "Feature", "properties": { "amenity_id": 2467, "kind": "shop", "name": "一軒め酒場", "detail": "restaurant" }, "geometry": { "type": "Point", "coordinates": [ 139.6980102, 35.694057400000013 ] } },
{ "type": "Feature", "properties": { "amenity_id": 2468, "kind": "shop", "name": "俺の串かつ　黒田", "detail": "restaurant" }, "geometry": { "type": "Point", "coordinates": [ 139.6980413, 35.6940297 ] } },
{ "type": "Feature", "properties": { "amenity_id": 2469, "kind": "shop", "name": "博多劇場", "detail": "restaurant" }, "geometry": { "type": "Point", "coordinates": [ 139.697970600000019, 35.6940095 ] } },
{ "type": "Feature", "properties": { "amenity_id": 2470, "kind": "shop", "name": "明神丸", "detail": "restaurant" }, "geometry": { "type": "Point", "coordinates": [ 139.697899400000011, 35.693927 ] } },
{ "type": "Feature", "properties": { "amenity_id": 2471, "kind": "shop", "name": "北九州酒場", "detail": "restaurant" }, "geometry": { "type": "Point", "coordinates": [ 139.697656, 35.693908400000019 ] } },
{ "type": "Feature", "properties": { "amenity_id": 2472, "kind": "shop", "name": "MEAT & WINE", "detail": "restaurant" }, "geometry": { "type": "Point", "coordinates": [ 139.697756100000021, 35.694021100000015 ] } },
{ "type": "Feature", "properties": { "amenity_id": 2473, "kind": "shop", "name": "兜屋", "detail": "restaurant" }, "geometry": { "type": "Point", "coordinates": [ 139.6978516, 35.6940846 ] } },
{ "type": "Feature", "properties": { "amenity_id": 2474, "kind": "shop", "name": "下剋上酒場", "detail": "restaurant" }, "geometry": { "type": "Point", "coordinates": [ 139.6979919, 35.694277400000011 ] } },
{ "type": "Feature", "properties": { "amenity_id": 2475, "kind": "shop", "name": "the 3rd Burger", "detail": "fast_food" }, "geometry": { "type": "Point", "coordinates": [ 139.698146900000012, 35.6937784 ] } },
{ "type": "Feature", "properties": { "amenity_id": 2476, "kind": "shop", "name": "WPÜ Café", "detail": "restaurant" }, "geometry": { "type": "Point", "coordinates": [ 139.698550900000015, 35.6939534 ] } },
{ "type": "Feature", "properties": { "amenity_id": 2477, "kind": "shop", "name": "花ぜん", "detail": "restaurant" }, "geometry": { "type": "Point", "coordinates": [ 139.6985833, 35.6941062 ] } },
{ "type": "Feature", "properties": { "amenity_id": 2478, "kind": "shop", "name": "田村屋", "detail": "restaurant" }, "geometry": { "type": "Point", "coordinates": [ 139.6986527, 35.6940947 ] } },
{ "type": "Feature", "properties": { "amenity_id": 2479, "kind": "shop", "name": "五島人", "detail": "restaurant" }, "geometry": { "type": "Point", "coordinates": [ 139.6986124, 35.6941305 ] } },
{ "type": "Feature", "properties": { "amenity_id": 2480, "kind": "shop", "name": "82 ALE HOUSE", "detail": "restaurant" }, "geometry": { "type": "Point", "coordinates": [ 139.6987847, 35.6942254 ] } },
{ "type": "Feature", "properties": { "amenity_id": 2481, "kind": "shop", "name": "くし焼　串タロー", "detail": "restaurant" }, "geometry": { "type": "Point", "coordinates": [ 139.6987389, 35.694345500000011 ] } },
{ "type": "Feature", "properties": { "amenity_id": 2482, "kind": "shop", "name": "餃子販売所　いち五郎", "detail": "restaurant" }, "geometry": { "type": "Point", "coordinates": [ 139.6988536, 35.6947989 ] } },
{ "type": "Feature", "properties": { "amenity_id": 2483, "kind": "shop", "name": "北海道ラーメン　味八", "detail": "restaurant" }, "geometry": { "type": "Point", "coordinates": [ 139.698960600000021, 35.6945629 ] } },
{ "type": "Feature", "properties": { "amenity_id": 2484, "kind": "shop", "name": "ジョナサン", "detail": "restaurant" }, "geometry": { "type": "Point", "coordinates": [ 139.6991736, 35.6941231 ] } },
{ "type": "Feature", "properties": { "amenity_id": 2485, "kind": "shop", "name": "バーミヤン", "detail": "restaurant" }, "geometry": { "type": "Point", "coordinates": [ 139.699253700000014, 35.6941287 ] } },
{ "type": "Feature", "properties": { "amenity_id": 2486, "kind": "shop", "name": "金の蔵", "detail": "restaurant" }, "geometry": { "type": "Point", "coordinates": [ 139.69908430000001, 35.6943745 ] } },
{ "type": "Feature", "properties": { "amenity_id": 2487, "kind": "shop", "name": "Tac's Knot", "detail": "bar" }, "geometry": { "type": "Point", "coordinates": [ 139.7067422, 35.6916338 ] } },
{ "type": "Feature", "properties": { "amenity_id": 2488, "kind": "shop", "name": "Arabic Cafe & Deli Abu Essam", "detail": "fast_food" }, "geometry": { "type": "Point", "coordinates": [ 139.740834400000011, 35.702768500000012 ] } },
{ "type": "Feature", "properties": { "amenity_id": 2489, "kind": "shop", "name": "RAMEN GOSSOU", "detail": "restaurant" }, "geometry": { "type": "Point", "coordinates": [ 139.7257725, 35.7073781 ] } },
{ "type": "Feature", "properties": { "amenity_id": 2490, "kind": "shop", "name": "ローソンストア100", "detail": "convenience" }, "geometry": { "type": "Point", "coordinates": [ 139.725864700000017, 35.7073699 ] } },
{ "type": "Feature", "properties": { "amenity_id": 2491, "kind": "shop", "name": "BASSO", "detail": "restaurant" }, "geometry": { "type": "Point", "coordinates": [ 139.7305241, 35.707222 ] } },
{ "type": "Feature", "properties": { "amenity_id": 2492, "kind": "shop", "name": "Great Lakes", "detail": "fast_food" }, "geometry": { "type": "Point", "coordinates": [ 139.7106765, 35.7116934 ] } },
{ "type": "Feature", "properties": { "amenity_id": 2493, "kind": "shop", "name": "魚一商店", "detail": "restaurant" }, "geometry": { "type": "Point", "coordinates": [ 139.7291772, 35.6862811 ] } },
{ "type": "Feature", "properties": { "amenity_id": 2494, "kind": "shop", "name": "政吉", "detail": "fast_food" }, "geometry": { "type": "Point", "coordinates": [ 139.7284603, 35.6865225 ] } },
{ "type": "Feature", "properties": { "amenity_id": 2495, "kind": "shop", "name": "Bambi", "detail": "restaurant" }, "geometry": { "type": "Point", "coordinates": [ 139.728867, 35.686415700000012 ] } },
{ "type": "Feature", "properties": { "amenity_id": 2496, "kind": "shop", "name": "ファミリーマート", "detail": "convenience" }, "geometry": { "type": "Point", "coordinates": [ 139.686976900000019, 35.6830207 ] } },
{ "type": "Feature", "properties": { "amenity_id": 2497, "kind": "shop", "name": "だるまそば 西新宿支店", "detail": "restaurant" }, "geometry": { "type": "Point", "coordinates": [ 139.698300100000012, 35.6962083 ] } },
{ "type": "Feature", "properties": { "amenity_id": 2498, "kind": "shop", "name": "牛の達人", "detail": "restaurant" }, "geometry": { "type": "Point", "coordinates": [ 139.6983256, 35.6962421 ] } },
{ "type": "Feature", "properties": { "amenity_id": 2499, "kind": "shop", "name": "新宿焼肉 牛たんの檸檬", "detail": "restaurant" }, "geometry": { "type": "Point", "coordinates": [ 139.6980806, 35.6959661 ] } },
{ "type": "Feature", "properties": { "amenity_id": 2500, "kind": "shop", "name": "牛の達人", "detail": "restaurant" }, "geometry": { "type": "Point", "coordinates": [ 139.698046200000022, 35.6959038 ] } },
{ "type": "Feature", "properties": { "amenity_id": 2501, "kind": "shop", "name": "とんかつ にいむら 西新宿店", "detail": "restaurant" }, "geometry": { "type": "Point", "coordinates": [ 139.69820230000002, 35.6965492 ] } },
{ "type": "Feature", "properties": { "amenity_id": 2502, "kind": "shop", "name": "肉汁餃子のダンダダン 小滝橋通り店", "detail": "restaurant" }, "geometry": { "type": "Point", "coordinates": [ 139.6979412, 35.697211 ] } },
{ "type": "Feature", "properties": { "amenity_id": 2503, "kind": "shop", "name": "オリジン弁当", "detail": "fast_food" }, "geometry": { "type": "Point", "coordinates": [ 139.6977611, 35.6976918 ] } },
{ "type": "Feature", "properties": { "amenity_id": 2504, "kind": "shop", "name": "さつき", "detail": "restaurant" }, "geometry": { "type": "Point", "coordinates": [ 139.6978709, 35.69734 ] } },
{ "type": "Feature", "properties": { "amenity_id": 2505, "kind": "shop", "name": "ハルベルバル", "detail": "restaurant" }, "geometry": { "type": "Point", "coordinates": [ 139.697642, 35.6970679 ] } },
{ "type": "Feature", "properties": { "amenity_id": 2506, "kind": "shop", "name": "こがね屋", "detail": "restaurant" }, "geometry": { "type": "Point", "coordinates": [ 139.6981546, 35.6957898 ] } },
{ "type": "Feature", "properties": { "amenity_id": 2507, "kind": "shop", "name": "ポジティブ居酒屋 思いやり", "detail": "restaurant" }, "geometry": { "type": "Point", "coordinates": [ 139.6967219, 35.6965641 ] } },
{ "type": "Feature", "properties": { "amenity_id": 2508, "kind": "shop", "name": "El Shaddai Gallery", "detail": "restaurant" }, "geometry": { "type": "Point", "coordinates": [ 139.696738300000021, 35.696583 ] } },
{ "type": "Feature", "properties": { "amenity_id": 2509, "kind": "shop", "name": "VP74 Hookah Lounge", "detail": "restaurant" }, "geometry": { "type": "Point", "coordinates": [ 139.696742300000011, 35.696552 ] } },
{ "type": "Feature", "properties": { "amenity_id": 2510, "kind": "shop", "name": "ティーヌンキッチン西新宿店", "detail": "restaurant" }, "geometry": { "type": "Point", "coordinates": [ 139.697115, 35.6969959 ] } },
{ "type": "Feature", "properties": { "amenity_id": 2511, "kind": "shop", "name": "築地銀だこ", "detail": "fast_food" }, "geometry": { "type": "Point", "coordinates": [ 139.698581900000022, 35.6954693 ] } },
{ "type": "Feature", "properties": { "amenity_id": 2512, "kind": "shop", "name": "六歌仙 別館", "detail": "restaurant" }, "geometry": { "type": "Point", "coordinates": [ 139.698654200000021, 35.6954295 ] } },
{ "type": "Feature", "properties": { "amenity_id": 2513, "kind": "shop", "name": "175°DENO担担麺TOKYO 新宿西口店", "detail": "restaurant" }, "geometry": { "type": "Point", "coordinates": [ 139.6987115, 35.6952067 ] } },
{ "type": "Feature", "properties": { "amenity_id": 2514, "kind": "shop", "name": "菜香菜 新宿店", "detail": "restaurant" }, "geometry": { "type": "Point", "coordinates": [ 139.698710300000016, 35.695175400000011 ] } },
{ "type": "Feature", "properties": { "amenity_id": 2515, "kind": "shop", "name": "VANSAN 新宿店", "detail": "restaurant" }, "geometry": { "type": "Point", "coordinates": [ 139.6984826, 35.6949839 ] } },
{ "type": "Feature", "properties": { "amenity_id": 2516, "kind": "shop", "name": "香味餃子", "detail": "restaurant" }, "geometry": { "type": "Point", "coordinates": [ 139.6984371, 35.6951233 ] } },
{ "type": "Feature", "properties": { "amenity_id": 2517, "kind": "shop", "name": "美食焼肉 葉菜 西新宿店", "detail": "restaurant" }, "geometry": { "type": "Point", "coordinates": [ 139.699003300000015, 35.6945364 ] } },
{ "type": "Feature", "properties": { "amenity_id": 2518, "kind": "shop", "name": "ピッコロ カンティーナ", "detail": "restaurant" }, "geometry": { "type": "Point", "coordinates": [ 139.6973513, 35.6954286 ] } },
{ "type": "Feature", "properties": { "amenity_id": 2519, "kind": "shop", "name": "タカマル鮮魚店 2号館", "detail": "restaurant" }, "geometry": { "type": "Point", "coordinates": [ 139.697597700000017, 35.6955443 ] } },
{ "type": "Feature", "properties": { "amenity_id": 2520, "kind": "shop", "name": "紅とん 西新宿七丁目店", "detail": "restaurant" }, "geometry": { "type": "Point", "coordinates": [ 139.69687380000002, 35.695385 ] } },
{ "type": "Feature", "properties": { "amenity_id": 2521, "kind": "shop", "name": "生派てけてけ 西新宿７丁目店", "detail": "restaurant" }, "geometry": { "type": "Point", "coordinates": [ 139.6969264, 35.6953556 ] } },
{ "type": "Feature", "properties": { "amenity_id": 2522, "kind": "shop", "name": "JAPON", "detail": "hairdresser" }, "geometry": { "type": "Point", "coordinates": [ 139.6971715, 35.6952058 ] } },
{ "type": "Feature", "properties": { "amenity_id": 2523, "kind": "shop", "name": "JAPON", "detail": "hairdresser" }, "geometry": { "type": "Point", "coordinates": [ 139.696757100000013, 35.6954324 ] } },
{ "type": "Feature", "properties": { "amenity_id": 2524, "kind": "shop", "name": "grill de icocca 新宿本店", "detail": "restaurant" }, "geometry": { "type": "Point", "coordinates": [ 139.6968108, 35.6950588 ] } },
{ "type": "Feature", "properties": { "amenity_id": 2525, "kind": "shop", "name": "TAVERNA UOKIN 西新宿", "detail": "restaurant" }, "geometry": { "type": "Point", "coordinates": [ 139.6971575, 35.695004700000013 ] } },
{ "type": "Feature", "properties": { "amenity_id": 2526, "kind": "shop", "name": "天の川 新宿西口店", "detail": "restaurant" }, "geometry": { "type": "Point", "coordinates": [ 139.697137700000013, 35.6949213 ] } },
{ "type": "Feature", "properties": { "amenity_id": 2527, "kind": "shop", "name": "呑みや ふるさと", "detail": "restaurant" }, "geometry": { "type": "Point", "coordinates": [ 139.6965633, 35.6945629 ] } },
{ "type": "Feature", "properties": { "amenity_id": 2528, "kind": "shop", "name": "魚ビストロWAIGAYA 西新宿店", "detail": "restaurant" }, "geometry": { "type": "Point", "coordinates": [ 139.696404300000012, 35.6946633 ] } },
{ "type": "Feature", "properties": { "amenity_id": 2529, "kind": "shop", "name": "ワイン屋バール 西新宿店", "detail": "bar" }, "geometry": { "type": "Point", "coordinates": [ 139.696146700000014, 35.694478 ] } },
{ "type": "Feature", "properties": { "amenity_id": 2530, "kind": "shop", "name": "二代目 魚々子", "detail": "restaurant" }, "geometry": { "type": "Point", "coordinates": [ 139.696156700000017, 35.694636700000011 ] } },
{ "type": "Feature", "properties": { "amenity_id": 2531, "kind": "shop", "name": "きょせん", "detail": "restaurant" }, "geometry": { "type": "Point", "coordinates": [ 139.696329500000019, 35.694566200000011 ] } },
{ "type": "Feature", "properties": { "amenity_id": 2532, "kind": "shop", "name": "コーヒーハウス 香りや", "detail": "cafe" }, "geometry": { "type": "Point", "coordinates": [ 139.695541600000041, 35.6946593 ] } },
{ "type": "Feature", "properties": { "amenity_id": 2533, "kind": "shop", "name": "中華長崎ちゃんぽん まるしん本店", "detail": "restaurant" }, "geometry": { "type": "Point", "coordinates": [ 139.6956677, 35.695086 ] } },
{ "type": "Feature", "properties": { "amenity_id": 2534, "kind": "shop", "name": "陽ノ鳥", "detail": "restaurant" }, "geometry": { "type": "Point", "coordinates": [ 139.695590600000031, 35.694976 ] } },
{ "type": "Feature", "properties": { "amenity_id": 2535, "kind": "shop", "name": "韓感", "detail": "restaurant" }, "geometry": { "type": "Point", "coordinates": [ 139.6957681, 35.6950272 ] } },
{ "type": "Feature", "properties": { "amenity_id": 2536, "kind": "shop", "name": "白銀屋", "detail": "restaurant" }, "geometry": { "type": "Point", "coordinates": [ 139.6958755, 35.6951817 ] } },
{ "type": "Feature", "properties": { "amenity_id": 2537, "kind": "shop", "name": "キャプテン もつ焼", "detail": "restaurant" }, "geometry": { "type": "Point", "coordinates": [ 139.696198900000013, 35.6957042 ] } },
{ "type": "Feature", "properties": { "amenity_id": 2538, "kind": "shop", "name": "キッチン BAR ぼんぼん", "detail": "restaurant" }, "geometry": { "type": "Point", "coordinates": [ 139.6964523, 35.6961233 ] } },
{ "type": "Feature", "properties": { "amenity_id": 2539, "kind": "shop", "name": "うな桜", "detail": "restaurant" }, "geometry": { "type": "Point", "coordinates": [ 139.696430100000015, 35.6960882 ] } },
{ "type": "Feature", "properties": { "amenity_id": 2540, "kind": "shop", "name": "ViTO Coffee 西新宿店", "detail": "restaurant" }, "geometry": { "type": "Point", "coordinates": [ 139.696492, 35.69618770000001 ] } },
{ "type": "Feature", "properties": { "amenity_id": 2541, "kind": "shop", "name": "新宿イタリアンバル リゼミゼ", "detail": "restaurant" }, "geometry": { "type": "Point", "coordinates": [ 139.6966169, 35.6963992 ] } },
{ "type": "Feature", "properties": { "amenity_id": 2542, "kind": "shop", "name": "かっぽうや 鷹", "detail": "restaurant" }, "geometry": { "type": "Point", "coordinates": [ 139.696761600000031, 35.6966153 ] } },
{ "type": "Feature", "properties": { "amenity_id": 2543, "kind": "shop", "name": "南インド料理 ムット", "detail": "restaurant" }, "geometry": { "type": "Point", "coordinates": [ 139.6966227, 35.6966751 ] } },
{ "type": "Feature", "properties": { "amenity_id": 2544, "kind": "shop", "name": "広島お好み焼き ぶち旨屋", "detail": "restaurant" }, "geometry": { "type": "Point", "coordinates": [ 139.69662390000002, 35.69664 ] } },
{ "type": "Feature", "properties": { "amenity_id": 2545, "kind": "shop", "name": "西新宿 wine&whisky BAR W", "detail": "bar" }, "geometry": { "type": "Point", "coordinates": [ 139.6965529, 35.6971203 ] } },
{ "type": "Feature", "properties": { "amenity_id": 2546, "kind": "shop", "name": "炉端焼 山親父", "detail": "restaurant" }, "geometry": { "type": "Point", "coordinates": [ 139.6968387, 35.69701520000001 ] } },
{ "type": "Feature", "properties": { "amenity_id": 2547, "kind": "shop", "name": "炭火焼ホルモン ぐう 新宿", "detail": "restaurant" }, "geometry": { "type": "Point", "coordinates": [ 139.6978018, 35.6963995 ] } },
{ "type": "Feature", "properties": { "amenity_id": 2548, "kind": "shop", "name": "ふくの鳥 新宿西口小滝橋通り店", "detail": "restaurant" }, "geometry": { "type": "Point", "coordinates": [ 139.698471900000015, 35.6964222 ] } },
{ "type": "Feature", "properties": { "amenity_id": 2549, "kind": "shop", "name": "Rock Bar Gravity", "detail": "bar" }, "geometry": { "type": "Point", "coordinates": [ 139.6986027, 35.696220300000014 ] } },
{ "type": "Feature", "properties": { "amenity_id": 2550, "kind": "shop", "name": "チーズと和牛 きこりのお家", "detail": "restaurant" }, "geometry": { "type": "Point", "coordinates": [ 139.69844740000002, 35.6963936 ] } },
{ "type": "Feature", "properties": { "amenity_id": 2551, "kind": "shop", "name": "板前バル 新宿店", "detail": "restaurant" }, "geometry": { "type": "Point", "coordinates": [ 139.698891700000019, 35.695770700000011 ] } },
{ "type": "Feature", "properties": { "amenity_id": 2552, "kind": "shop", "name": "リースリング", "detail": "restaurant" }, "geometry": { "type": "Point", "coordinates": [ 139.698870100000022, 35.6957957 ] } },
{ "type": "Feature", "properties": { "amenity_id": 2553, "kind": "shop", "name": "BAR CINE CITTA'", "detail": "bar" }, "geometry": { "type": "Point", "coordinates": [ 139.6990743, 35.6959246 ] } },
{ "type": "Feature", "properties": { "amenity_id": 2554, "kind": "shop", "name": "ファミリーマート", "detail": "convenience" }, "geometry": { "type": "Point", "coordinates": [ 139.685789, 35.690588500000011 ] } },
{ "type": "Feature", "properties": { "amenity_id": 2555, "kind": "shop", "name": "nano", "detail": "bar" }, "geometry": { "type": "Point", "coordinates": [ 139.685773900000015, 35.6905684 ] } },
{ "type": "Feature", "properties": { "amenity_id": 2556, "kind": "shop", "name": "マクドナルド", "detail": "fast_food" }, "geometry": { "type": "Point", "coordinates": [ 139.6866852, 35.6909744 ] } },
{ "type": "Feature", "properties": { "amenity_id": 2557, "kind": "shop", "name": "CoCo壱番屋", "detail": "restaurant" }, "geometry": { "type": "Point", "coordinates": [ 139.6869648, 35.691077 ] } },
{ "type": "Feature", "properties": { "amenity_id": 2558, "kind": "shop", "name": "ファミリーマート", "detail": "convenience" }, "geometry": { "type": "Point", "coordinates": [ 139.6863817, 35.6905415 ] } },
{ "type": "Feature", "properties": { "amenity_id": 2559, "kind": "shop", "name": "すき家", "detail": "fast_food" }, "geometry": { "type": "Point", "coordinates": [ 139.6856482, 35.6902093 ] } },
{ "type": "Feature", "properties": { "amenity_id": 2560, "kind": "shop", "name": "もーれもーれ", "detail": "restaurant" }, "geometry": { "type": "Point", "coordinates": [ 139.685422500000016, 35.6901386 ] } },
{ "type": "Feature", "properties": { "amenity_id": 2561, "kind": "shop", "name": "オリジン弁当", "detail": "fast_food" }, "geometry": { "type": "Point", "coordinates": [ 139.6849527, 35.6899347 ] } },
{ "type": "Feature", "properties": { "amenity_id": 2562, "kind": "shop", "name": "かに道楽 西新宿５丁目店", "detail": "restaurant" }, "geometry": { "type": "Point", "coordinates": [ 139.6846195, 35.6901069 ] } },
{ "type": "Feature", "properties": { "amenity_id": 2563, "kind": "shop", "name": "ビストロ&カフェ ボッチ", "detail": "restaurant" }, "geometry": { "type": "Point", "coordinates": [ 139.6840603, 35.6898537 ] } },
{ "type": "Feature", "properties": { "amenity_id": 2564, "kind": "shop", "name": "ワカムラ米店", "detail": "supermarket" }, "geometry": { "type": "Point", "coordinates": [ 139.6856521, 35.6907965 ] } },
{ "type": "Feature", "properties": { "amenity_id": 2565, "kind": "shop", "name": "ブラジル館", "detail": "cafe" }, "geometry": { "type": "Point", "coordinates": [ 139.68718130000002, 35.6908186 ] } },
{ "type": "Feature", "properties": { "amenity_id": 2566, "kind": "shop", "name": "はんこ屋さん21 西新宿店", "detail": "supermarket" }, "geometry": { "type": "Point", "coordinates": [ 139.6868858, 35.6907939 ] } },
{ "type": "Feature", "properties": { "amenity_id": 2567, "kind": "shop", "name": "ポニー", "detail": "dry_cleaning" }, "geometry": { "type": "Point", "coordinates": [ 139.686841500000014, 35.6907694 ] } },
{ "type": "Feature", "properties": { "amenity_id": 2568, "kind": "shop", "name": "クリーニング スワローチェーン西新宿五丁目店", "detail": "dry_cleaning" }, "geometry": { "type": "Point", "coordinates": [ 139.6863831, 35.69083 ] } },
{ "type": "Feature", "properties": { "amenity_id": 2569, "kind": "shop", "name": "アジアンダイニング ミールス 西新宿店", "detail": "restaurant" }, "geometry": { "type": "Point", "coordinates": [ 139.687486400000012, 35.6913478 ] } },
{ "type": "Feature", "properties": { "amenity_id": 2570, "kind": "shop", "name": "ファンゴーダイニング", "detail": "restaurant" }, "geometry": { "type": "Point", "coordinates": [ 139.687714200000016, 35.69144630000001 ] } },
{ "type": "Feature", "properties": { "amenity_id": 2571, "kind": "shop", "name": "カラオケ バレル", "detail": "bar" }, "geometry": { "type": "Point", "coordinates": [ 139.687836300000015, 35.6915498 ] } },
{ "type": "Feature", "properties": { "amenity_id": 2572, "kind": "shop", "name": "国産茶葉専門店 タピオカ MOCHA 西新宿五丁目店", "detail": "cafe" }, "geometry": { "type": "Point", "coordinates": [ 139.6876253, 35.6913921 ] } },
{ "type": "Feature", "properties": { "amenity_id": 2573, "kind": "shop", "name": "アウラ クチーナ イタリアーナ", "detail": "restaurant" }, "geometry": { "type": "Point", "coordinates": [ 139.6875171, 35.6921923 ] } },
{ "type": "Feature", "properties": { "amenity_id": 2574, "kind": "shop", "name": "St. Buffalo", "detail": "restaurant" }, "geometry": { "type": "Point", "coordinates": [ 139.687395900000013, 35.6920974 ] } },
{ "type": "Feature", "properties": { "amenity_id": 2575, "kind": "shop", "name": "むさしの森Diner 新宿中央公園店", "detail": "cafe" }, "geometry": { "type": "Point", "coordinates": [ 139.690092600000014, 35.6913441 ] } },
{ "type": "Feature", "properties": { "amenity_id": 2576, "kind": "shop", "name": "スターバックス", "detail": "cafe" }, "geometry": { "type": "Point", "coordinates": [ 139.690178800000012, 35.6910025 ] } },
{ "type": "Feature", "properties": { "amenity_id": 2577, "kind": "shop", "name": "肉そば家 笑梟", "detail": "restaurant" }, "geometry": { "type": "Point", "coordinates": [ 139.687438900000018, 35.6904549 ] } },
{ "type": "Feature", "properties": { "amenity_id": 2578, "kind": "shop", "name": "和食・そば いちぞう 十二社店", "detail": "restaurant" }, "geometry": { "type": "Point", "coordinates": [ 139.687465700000018, 35.6904054 ] } },
{ "type": "Feature", "properties": { "amenity_id": 2579, "kind": "shop", "name": "PIZZA&craft beer 夢の橋", "detail": "restaurant" }, "geometry": { "type": "Point", "coordinates": [ 139.687518, 35.6903449 ] } },
{ "type": "Feature", "properties": { "amenity_id": 2580, "kind": "shop", "name": "Chakey's", "detail": "bar" }, "geometry": { "type": "Point", "coordinates": [ 139.687719900000019, 35.6900802 ] } },
{ "type": "Feature", "properties": { "amenity_id": 2581, "kind": "shop", "name": "Bistro Picoler", "detail": "restaurant" }, "geometry": { "type": "Point", "coordinates": [ 139.6877876, 35.6898989 ] } },
{ "type": "Feature", "properties": { "amenity_id": 2582, "kind": "shop", "name": "そば処 福助", "detail": "restaurant" }, "geometry": { "type": "Point", "coordinates": [ 139.687723300000016, 35.689546 ] } },
{ "type": "Feature", "properties": { "amenity_id": 2583, "kind": "shop", "name": "INDIAN CURRY＆BAR ナマステヒマール", "detail": "restaurant" }, "geometry": { "type": "Point", "coordinates": [ 139.6876542, 35.6893706 ] } },
{ "type": "Feature", "properties": { "amenity_id": 2584, "kind": "shop", "name": "イル・ソーレガット", "detail": "restaurant" }, "geometry": { "type": "Point", "coordinates": [ 139.687385300000017, 35.689274800000014 ] } },
{ "type": "Feature", "properties": { "amenity_id": 2585, "kind": "shop", "name": "サラダニース", "detail": "restaurant" }, "geometry": { "type": "Point", "coordinates": [ 139.687787, 35.6891326 ] } },
{ "type": "Feature", "properties": { "amenity_id": 2586, "kind": "shop", "name": "ドミノ・ピザ", "detail": "fast_food" }, "geometry": { "type": "Point", "coordinates": [ 139.6878192, 35.6890722 ] } },
{ "type": "Feature", "properties": { "amenity_id": 2587, "kind": "shop", "name": "MORETHAN BAKERY", "detail": "bakery" }, "geometry": { "type": "Point", "coordinates": [ 139.6887089, 35.6885413 ] } },
{ "type": "Feature", "properties": { "amenity_id": 2588, "kind": "shop", "name": "MORETHAN TAPAS LOUNGE", "detail": "restaurant" }, "geometry": { "type": "Point", "coordinates": [ 139.6885657, 35.6885826 ] } },
{ "type": "Feature", "properties": { "amenity_id": 2589, "kind": "shop", "name": "中華ごはん れんげ食堂 西新宿店", "detail": "restaurant" }, "geometry": { "type": "Point", "coordinates": [ 139.6887313, 35.6883983 ] } },
{ "type": "Feature", "properties": { "amenity_id": 2590, "kind": "shop", "name": "へぎそば宍倉", "detail": "restaurant" }, "geometry": { "type": "Point", "coordinates": [ 139.686660600000039, 35.6918583 ] } },
{ "type": "Feature", "properties": { "amenity_id": 2591, "kind": "shop", "name": "MAC丼丸", "detail": "restaurant" }, "geometry": { "type": "Point", "coordinates": [ 139.686811700000021, 35.6918745 ] } },
{ "type": "Feature", "properties": { "amenity_id": 2592, "kind": "shop", "name": "Lunette", "detail": "bar" }, "geometry": { "type": "Point", "coordinates": [ 139.6856831, 35.6896089 ] } },
{ "type": "Feature", "properties": { "amenity_id": 2593, "kind": "shop", "name": "ラーメン山田屋", "detail": "restaurant" }, "geometry": { "type": "Point", "coordinates": [ 139.685898800000018, 35.68974630000001 ] } },
{ "type": "Feature", "properties": { "amenity_id": 2594, "kind": "shop", "name": "味陶庵 志奈川", "detail": "restaurant" }, "geometry": { "type": "Point", "coordinates": [ 139.685950500000018, 35.689782 ] } },
{ "type": "Feature", "properties": { "amenity_id": 2595, "kind": "shop", "name": "サントゥール", "detail": "restaurant" }, "geometry": { "type": "Point", "coordinates": [ 139.687383, 35.685255 ] } },
{ "type": "Feature", "properties": { "amenity_id": 2596, "kind": "shop", "name": "まぐろ料理専門店 酒処 ine", "detail": "restaurant" }, "geometry": { "type": "Point", "coordinates": [ 139.687321600000018, 35.6851353 ] } },
{ "type": "Feature", "properties": { "amenity_id": 2597, "kind": "shop", "name": "coffee lounge lemon", "detail": "cafe" }, "geometry": { "type": "Point", "coordinates": [ 139.705436600000013, 35.6921289 ] } },
{ "type": "Feature", "properties": { "amenity_id": 2598, "kind": "shop", "name": "ワッフルチキン専門店", "detail": "fast_food" }, "geometry": { "type": "Point", "coordinates": [ 139.701110700000015, 35.691634100000016 ] } },
{ "type": "Feature", "properties": { "amenity_id": 2599, "kind": "shop", "name": "あんぱん 花園万頭テイクアウト店 新宿", "detail": "bakery" }, "geometry": { "type": "Point", "coordinates": [ 139.706284400000015, 35.6935573 ] } },
{ "type": "Feature", "properties": { "amenity_id": 2600, "kind": "shop", "name": "AFURI辛紅 新宿サブナード", "detail": "restaurant" }, "geometry": { "type": "Point", "coordinates": [ 139.7004052, 35.6934868 ] } },
{ "type": "Feature", "properties": { "amenity_id": 2601, "kind": "shop", "name": "神楽坂 宙山", "detail": "restaurant" }, "geometry": { "type": "Point", "coordinates": [ 139.737070400000022, 35.7027624 ] } },
{ "type": "Feature", "properties": { "amenity_id": 2602, "kind": "shop", "name": "セブン-イレブン", "detail": "convenience" }, "geometry": { "type": "Point", "coordinates": [ 139.738439, 35.702208400000011 ] } },
{ "type": "Feature", "properties": { "amenity_id": 2603, "kind": "shop", "name": "Fuji Communication", "detail": "restaurant" }, "geometry": { "type": "Point", "coordinates": [ 139.7367955, 35.7075433 ] } },
{ "type": "Feature", "properties": { "amenity_id": 2604, "kind": "shop", "name": "スターバックス", "detail": "cafe" }, "geometry": { "type": "Point", "coordinates": [ 139.7112942, 35.6836797 ] } },
{ "type": "Feature", "properties": { "amenity_id": 2605, "kind": "shop", "name": "カフェはなのき", "detail": "cafe" }, "geometry": { "type": "Point", "coordinates": [ 139.7077161, 35.688503600000011 ] } },
{ "type": "Feature", "properties": { "amenity_id": 2606, "kind": "shop", "name": "酒場のんき", "detail": "restaurant" }, "geometry": { "type": "Point", "coordinates": [ 139.722955400000018, 35.6889269 ] } },
{ "type": "Feature", "properties": { "amenity_id": 2607, "kind": "shop", "name": "ビエント オステリア リストランテ", "detail": "restaurant" }, "geometry": { "type": "Point", "coordinates": [ 139.7228964, 35.6889291 ] } },
{ "type": "Feature", "properties": { "amenity_id": 2608, "kind": "shop", "name": "竿灯", "detail": "restaurant" }, "geometry": { "type": "Point", "coordinates": [ 139.7227871, 35.6889422 ] } },
{ "type": "Feature", "properties": { "amenity_id": 2609, "kind": "shop", "name": "コゲボンSoba&Bar", "detail": "restaurant" }, "geometry": { "type": "Point", "coordinates": [ 139.7227368, 35.6889487 ] } },
{ "type": "Feature", "properties": { "amenity_id": 2610, "kind": "shop", "name": "WineBar honest", "detail": "restaurant" }, "geometry": { "type": "Point", "coordinates": [ 139.722719400000017, 35.6889509 ] } },
{ "type": "Feature", "properties": { "amenity_id": 2611, "kind": "shop", "name": "CASA ARTISTA", "detail": "restaurant" }, "geometry": { "type": "Point", "coordinates": [ 139.722704600000043, 35.6889531 ] } },
{ "type": "Feature", "properties": { "amenity_id": 2612, "kind": "shop", "name": "ピアノBAR DALI", "detail": "bar" }, "geometry": { "type": "Point", "coordinates": [ 139.7226597, 35.6889536 ] } },
{ "type": "Feature", "properties": { "amenity_id": 2613, "kind": "shop", "name": "IPANEMA", "detail": "cafe" }, "geometry": { "type": "Point", "coordinates": [ 139.72259870000002, 35.6889585 ] } },
{ "type": "Feature", "properties": { "amenity_id": 2614, "kind": "shop", "name": "Shot Bar Suzumura", "detail": "bar" }, "geometry": { "type": "Point", "coordinates": [ 139.7226704, 35.6890168 ] } },
{ "type": "Feature", "properties": { "amenity_id": 2615, "kind": "shop", "name": "季節料理 西宮", "detail": "restaurant" }, "geometry": { "type": "Point", "coordinates": [ 139.722699300000016, 35.6890184 ] } },
{ "type": "Feature", "properties": { "amenity_id": 2616, "kind": "shop", "name": "ファミリーマート", "detail": "convenience" }, "geometry": { "type": "Point", "coordinates": [ 139.72555, 35.6996689 ] } },
{ "type": "Feature", "properties": { "amenity_id": 2617, "kind": "shop", "name": "ふらて", "detail": "bar" }, "geometry": { "type": "Point", "coordinates": [ 139.7068055, 35.6910928 ] } },
{ "type": "Feature", "properties": { "amenity_id": 2618, "kind": "shop", "name": "King Tokyo", "detail": "bar" }, "geometry": { "type": "Point", "coordinates": [ 139.7074547, 35.6902934 ] } },
{ "type": "Feature", "properties": { "amenity_id": 2619, "kind": "shop", "name": null, "detail": "restaurant" }, "geometry": { "type": "Point", "coordinates": [ 139.7082886, 35.6888119 ] } },
{ "type": "Feature", "properties": { "amenity_id": 2620, "kind": "shop", "name": "Yamato Raku", "detail": "restaurant" }, "geometry": { "type": "Point", "coordinates": [ 139.705345600000015, 35.6913742 ] } },
{ "type": "Feature", "properties": { "amenity_id": 2621, "kind": "shop", "name": "らあめん花月嵐", "detail": "restaurant" }, "geometry": { "type": "Point", "coordinates": [ 139.707095700000025, 35.6901726 ] } },
{ "type": "Feature", "properties": { "amenity_id": 2622, "kind": "shop", "name": "クルンテープ本店", "detail": "restaurant" }, "geometry": { "type": "Point", "coordinates": [ 139.707248100000015, 35.6905856 ] } },
{ "type": "Feature", "properties": { "amenity_id": 2623, "kind": "shop", "name": "ルノアール", "detail": "cafe" }, "geometry": { "type": "Point", "coordinates": [ 139.697192300000012, 35.6881803 ] } },
{ "type": "Feature", "properties": { "amenity_id": 2624, "kind": "shop", "name": "UMAMI", "detail": "bar" }, "geometry": { "type": "Point", "coordinates": [ 139.7338991, 35.6984001 ] } },
{ "type": "Feature", "properties": { "amenity_id": 2625, "kind": "shop", "name": "俺のフレンチ", "detail": "restaurant" }, "geometry": { "type": "Point", "coordinates": [ 139.7340178, 35.6981855 ] } },
{ "type": "Feature", "properties": { "amenity_id": 2626, "kind": "shop", "name": "喜久屋", "detail": "dry_cleaning" }, "geometry": { "type": "Point", "coordinates": [ 139.734177400000021, 35.6978528 ] } },
{ "type": "Feature", "properties": { "amenity_id": 2627, "kind": "shop", "name": null, "detail": "dry_cleaning" }, "geometry": { "type": "Point", "coordinates": [ 139.734357100000011, 35.6974422 ] } },
{ "type": "Feature", "properties": { "amenity_id": 2628, "kind": "shop", "name": "コヨシ", "detail": "restaurant" }, "geometry": { "type": "Point", "coordinates": [ 139.737573700000013, 35.6944857 ] } },
{ "type": "Feature", "properties": { "amenity_id": 2629, "kind": "shop", "name": null, "detail": "laundry" }, "geometry": { "type": "Point", "coordinates": [ 139.723828700000013, 35.6997979 ] } },
{ "type": "Feature", "properties": { "amenity_id": 2630, "kind": "shop", "name": "にしかわ", "detail": "hairdresser" }, "geometry": { "type": "Point", "coordinates": [ 139.719681400000013, 35.7007373 ] } },
{ "type": "Feature", "properties": { "amenity_id": 2631, "kind": "shop", "name": "やよい軒", "detail": "restaurant" }, "geometry": { "type": "Point", "coordinates": [ 139.6989298, 35.7016799 ] } },
{ "type": "Feature", "properties": { "amenity_id": 2632, "kind": "shop", "name": "ファミリーマート", "detail": "convenience" }, "geometry": { "type": "Point", "coordinates": [ 139.698998900000021, 35.7016782 ] } },
{ "type": "Feature", "properties": { "amenity_id": 2633, "kind": "shop", "name": null, "detail": "bakery" }, "geometry": { "type": "Point", "coordinates": [ 139.734758100000022, 35.7037241 ] } },
{ "type": "Feature", "properties": { "amenity_id": 2634, "kind": "shop", "name": "早稲田の美容室degran(デグラン)", "detail": "hairdresser" }, "geometry": { "type": "Point", "coordinates": [ 139.7204556, 35.7054951 ] } },
{ "type": "Feature", "properties": { "amenity_id": 2635, "kind": "shop", "name": "地獄の担々麺 護摩龍 百人町地獄", "detail": "restaurant" }, "geometry": { "type": "Point", "coordinates": [ 139.6975387, 35.7000688 ] } },
{ "type": "Feature", "properties": { "amenity_id": 2636, "kind": "shop", "name": "ヨプの王豚塩焼", "detail": "restaurant" }, "geometry": { "type": "Point", "coordinates": [ 139.702998, 35.7005107 ] } },
{ "type": "Feature", "properties": { "amenity_id": 2637, "kind": "shop", "name": "ヨプの王豚塩焼", "detail": "restaurant" }, "geometry": { "type": "Point", "coordinates": [ 139.701573100000019, 35.7015023 ] } },
{ "type": "Feature", "properties": { "amenity_id": 2638, "kind": "shop", "name": "ヨプの王豚塩焼×マイマイチキン", "detail": "restaurant" }, "geometry": { "type": "Point", "coordinates": [ 139.700706700000012, 35.7015949 ] } },
{ "type": "Feature", "properties": { "amenity_id": 2639, "kind": "shop", "name": "揚げ太郎", "detail": "fast_food" }, "geometry": { "type": "Point", "coordinates": [ 139.7023963, 35.7147428 ] } },
{ "type": "Feature", "properties": { "amenity_id": 2640, "kind": "shop", "name": "肉ドレス海鮮丼", "detail": "fast_food" }, "geometry": { "type": "Point", "coordinates": [ 139.7024582, 35.7147093 ] } },
{ "type": "Feature", "properties": { "amenity_id": 2641, "kind": "shop", "name": "豊栄過橋米線", "detail": "restaurant" }, "geometry": { "type": "Point", "coordinates": [ 139.7026596, 35.714776900000011 ] } },
{ "type": "Feature", "properties": { "amenity_id": 2642, "kind": "shop", "name": "Sugar & Spice", "detail": "restaurant" }, "geometry": { "type": "Point", "coordinates": [ 139.702731, 35.714757 ] } },
{ "type": "Feature", "properties": { "amenity_id": 2643, "kind": "shop", "name": "さかえや", "detail": "restaurant" }, "geometry": { "type": "Point", "coordinates": [ 139.7027529, 35.7146459 ] } },
{ "type": "Feature", "properties": { "amenity_id": 2644, "kind": "shop", "name": "CoCo Fresh Tea & Juice", "detail": "cafe" }, "geometry": { "type": "Point", "coordinates": [ 139.7031528, 35.7145122 ] } },
{ "type": "Feature", "properties": { "amenity_id": 2645, "kind": "shop", "name": "デイトセイ", "detail": "fast_food" }, "geometry": { "type": "Point", "coordinates": [ 139.7030934, 35.714535600000012 ] } },
{ "type": "Feature", "properties": { "amenity_id": 2646, "kind": "shop", "name": "三ツ星理容室", "detail": "hairdresser" }, "geometry": { "type": "Point", "coordinates": [ 139.7030116, 35.714566 ] } },
{ "type": "Feature", "properties": { "amenity_id": 2647, "kind": "shop", "name": "とんかつ いちよし", "detail": "restaurant" }, "geometry": { "type": "Point", "coordinates": [ 139.7034079, 35.7143587 ] } },
{ "type": "Feature", "properties": { "amenity_id": 2648, "kind": "shop", "name": "定食こめこめや", "detail": "restaurant" }, "geometry": { "type": "Point", "coordinates": [ 139.703638, 35.7143134 ] } },
{ "type": "Feature", "properties": { "amenity_id": 2649, "kind": "shop", "name": "松屋", "detail": "fast_food" }, "geometry": { "type": "Point", "coordinates": [ 139.7038287, 35.7141339 ] } },
{ "type": "Feature", "properties": { "amenity_id": 2650, "kind": "shop", "name": "IGARASHI珈琲館", "detail": "cafe" }, "geometry": { "type": "Point", "coordinates": [ 139.7037522, 35.7142127 ] } },
{ "type": "Feature", "properties": { "amenity_id": 2651, "kind": "shop", "name": "麺達うま家", "detail": "fast_food" }, "geometry": { "type": "Point", "coordinates": [ 139.703855, 35.7141028 ] } },
{ "type": "Feature", "properties": { "amenity_id": 2652, "kind": "shop", "name": "ナマステヒマル", "detail": "restaurant" }, "geometry": { "type": "Point", "coordinates": [ 139.7228115, 35.7079156 ] } },
{ "type": "Feature", "properties": { "amenity_id": 2653, "kind": "shop", "name": "雑 談", "detail": "bar" }, "geometry": { "type": "Point", "coordinates": [ 139.6888916, 35.7068815 ] } },
{ "type": "Feature", "properties": { "amenity_id": 2654, "kind": "shop", "name": null, "detail": "clothes" }, "geometry": { "type": "Point", "coordinates": [ 139.70321180000002, 35.6930095 ] } },
{ "type": "Feature", "properties": { "amenity_id": 2655, "kind": "shop", "name": "ページボーイ", "detail": "hairdresser" }, "geometry": { "type": "Point", "coordinates": [ 139.735336400000023, 35.70602 ] } },
{ "type": "Feature", "properties": { "amenity_id": 2656, "kind": "shop", "name": "ニュースター", "detail": "dry_cleaning" }, "geometry": { "type": "Point", "coordinates": [ 139.734474100000028, 35.706801500000012 ] } },
{ "type": "Feature", "properties": { "amenity_id": 2657, "kind": "shop", "name": "セブン-イレブン", "detail": "convenience" }, "geometry": { "type": "Point", "coordinates": [ 139.689206800000051, 35.6833896 ] } },
{ "type": "Feature", "properties": { "amenity_id": 2658, "kind": "shop", "name": "睦", "detail": "restaurant" }, "geometry": { "type": "Point", "coordinates": [ 139.7382364, 35.7008705 ] } },
{ "type": "Feature", "properties": { "amenity_id": 2659, "kind": "shop", "name": "Leaf", "detail": "bar" }, "geometry": { "type": "Point", "coordinates": [ 139.7409108, 35.7004719 ] } },
{ "type": "Feature", "properties": { "amenity_id": 2660, "kind": "shop", "name": "Peco", "detail": "cafe" }, "geometry": { "type": "Point", "coordinates": [ 139.741716700000012, 35.7005702 ] } },
{ "type": "Feature", "properties": { "amenity_id": 2661, "kind": "shop", "name": "ヨネザワ", "detail": "hairdresser" }, "geometry": { "type": "Point", "coordinates": [ 139.740845400000012, 35.7004582 ] } },
{ "type": "Feature", "properties": { "amenity_id": 2662, "kind": "shop", "name": "Il Bollito", "detail": "restaurant" }, "geometry": { "type": "Point", "coordinates": [ 139.7398886, 35.7003006 ] } },
{ "type": "Feature", "properties": { "amenity_id": 2663, "kind": "shop", "name": "Gli Scampi", "detail": "restaurant" }, "geometry": { "type": "Point", "coordinates": [ 139.7404966, 35.7004237 ] } },
{ "type": "Feature", "properties": { "amenity_id": 2664, "kind": "shop", "name": "三幸", "detail": "restaurant" }, "geometry": { "type": "Point", "coordinates": [ 139.739777, 35.700264 ] } },
{ "type": "Feature", "properties": { "amenity_id": 2665, "kind": "shop", "name": "K", "detail": "bar" }, "geometry": { "type": "Point", "coordinates": [ 139.74065230000005, 35.7004304 ] } },
{ "type": "Feature", "properties": { "amenity_id": 2666, "kind": "shop", "name": "プリモ", "detail": "bar" }, "geometry": { "type": "Point", "coordinates": [ 139.7407842, 35.7004709 ] } },
{ "type": "Feature", "properties": { "amenity_id": 2667, "kind": "shop", "name": "魚匠", "detail": "fast_food" }, "geometry": { "type": "Point", "coordinates": [ 139.732833100000022, 35.7034815 ] } },
{ "type": "Feature", "properties": { "amenity_id": 2668, "kind": "shop", "name": "まいばすけっと", "detail": "supermarket" }, "geometry": { "type": "Point", "coordinates": [ 139.732008300000018, 35.704395 ] } },
{ "type": "Feature", "properties": { "amenity_id": 2669, "kind": "shop", "name": "大嶋屋", "detail": "clothes" }, "geometry": { "type": "Point", "coordinates": [ 139.7316549, 35.7044646 ] } },
{ "type": "Feature", "properties": { "amenity_id": 2670, "kind": "shop", "name": "Arabic Restaurant & Cafe Abu Essam", "detail": "restaurant" }, "geometry": { "type": "Point", "coordinates": [ 139.73222130000002, 35.7041593 ] } },
{ "type": "Feature", "properties": { "amenity_id": 2671, "kind": "shop", "name": "もりや", "detail": "restaurant" }, "geometry": { "type": "Point", "coordinates": [ 139.72112850000002, 35.7038123 ] } },
{ "type": "Feature", "properties": { "amenity_id": 2672, "kind": "shop", "name": "ポニー", "detail": "dry_cleaning" }, "geometry": { "type": "Point", "coordinates": [ 139.7261033, 35.700041 ] } },
{ "type": "Feature", "properties": { "amenity_id": 2673, "kind": "shop", "name": "Yanagiyu", "detail": "laundry" }, "geometry": { "type": "Point", "coordinates": [ 139.726374100000015, 35.6994853 ] } },
{ "type": "Feature", "properties": { "amenity_id": 2674, "kind": "shop", "name": "神楽坂イタリアン", "detail": "restaurant" }, "geometry": { "type": "Point", "coordinates": [ 139.736527100000018, 35.7012919 ] } },
{ "type": "Feature", "properties": { "amenity_id": 2675, "kind": "shop", "name": "梅香", "detail": "restaurant" }, "geometry": { "type": "Point", "coordinates": [ 139.736344700000018, 35.7012116 ] } },
{ "type": "Feature", "properties": { "amenity_id": 2676, "kind": "shop", "name": "ステーキ&ハンバーグ", "detail": "restaurant" }, "geometry": { "type": "Point", "coordinates": [ 139.7031982, 35.6905309 ] } },
{ "type": "Feature", "properties": { "amenity_id": 2677, "kind": "shop", "name": "ちいパン", "detail": "cafe" }, "geometry": { "type": "Point", "coordinates": [ 139.7070103, 35.6941195 ] } },
{ "type": "Feature", "properties": { "amenity_id": 2678, "kind": "shop", "name": "新大久保アジア屋台村", "detail": "restaurant" }, "geometry": { "type": "Point", "coordinates": [ 139.699776, 35.7004612 ] } },
{ "type": "Feature", "properties": { "amenity_id": 2679, "kind": "shop", "name": "まいばすけっと", "detail": "supermarket" }, "geometry": { "type": "Point", "coordinates": [ 139.699130200000013, 35.7017593 ] } },
{ "type": "Feature", "properties": { "amenity_id": 2680, "kind": "shop", "name": null, "detail": "restaurant" }, "geometry": { "type": "Point", "coordinates": [ 139.70174830000002, 35.695351 ] } },
{ "type": "Feature", "properties": { "amenity_id": 2681, "kind": "shop", "name": null, "detail": "bar" }, "geometry": { "type": "Point", "coordinates": [ 139.7046698, 35.6938723 ] } },
{ "type": "Feature", "properties": { "amenity_id": 2682, "kind": "shop", "name": "Wild Side", "detail": "bar" }, "geometry": { "type": "Point", "coordinates": [ 139.710867700000023, 35.6913277 ] } },
{ "type": "Feature", "properties": { "amenity_id": 2683, "kind": "shop", "name": "兵庫横丁", "detail": "restaurant" }, "geometry": { "type": "Point", "coordinates": [ 139.7398422, 35.7024504 ] } },
{ "type": "Feature", "properties": { "amenity_id": 2684, "kind": "shop", "name": "Cafe guum", "detail": "cafe" }, "geometry": { "type": "Point", "coordinates": [ 139.7025841, 35.6983258 ] } },
{ "type": "Feature", "properties": { "amenity_id": 2685, "kind": "shop", "name": "英会話カフェMickey House", "detail": "cafe" }, "geometry": { "type": "Point", "coordinates": [ 139.706835400000017, 35.7125447 ] } },
{ "type": "Feature", "properties": { "amenity_id": 2686, "kind": "shop", "name": "麺庵大和", "detail": "restaurant" }, "geometry": { "type": "Point", "coordinates": [ 139.717124, 35.6945323 ] } },
{ "type": "Feature", "properties": { "amenity_id": 2687, "kind": "shop", "name": "麺匠 克味", "detail": "restaurant" }, "geometry": { "type": "Point", "coordinates": [ 139.72278780000002, 35.6927864 ] } },
{ "type": "Feature", "properties": { "amenity_id": 2688, "kind": "shop", "name": "やきとりセンター", "detail": "restaurant" }, "geometry": { "type": "Point", "coordinates": [ 139.7018607, 35.6942545 ] } },
{ "type": "Feature", "properties": { "amenity_id": 2689, "kind": "shop", "name": "しゃぶしゃぶ温野菜", "detail": "restaurant" }, "geometry": { "type": "Point", "coordinates": [ 139.7006438, 35.6946249 ] } },
{ "type": "Feature", "properties": { "amenity_id": 2690, "kind": "shop", "name": "やよい軒", "detail": "restaurant" }, "geometry": { "type": "Point", "coordinates": [ 139.7028703, 35.6936084 ] } },
{ "type": "Feature", "properties": { "amenity_id": 2691, "kind": "shop", "name": "MAID in MA10", "detail": "bar" }, "geometry": { "type": "Point", "coordinates": [ 139.70201830000002, 35.6947229 ] } },
{ "type": "Feature", "properties": { "amenity_id": 2692, "kind": "shop", "name": "Shinobue", "detail": "restaurant" }, "geometry": { "type": "Point", "coordinates": [ 139.699577800000014, 35.6928329 ] } },
{ "type": "Feature", "properties": { "amenity_id": 2693, "kind": "shop", "name": "Taiwan Bar", "detail": "bar" }, "geometry": { "type": "Point", "coordinates": [ 139.708057, 35.6900621 ] } },
{ "type": "Feature", "properties": { "amenity_id": 2694, "kind": "shop", "name": null, "detail": "restaurant" }, "geometry": { "type": "Point", "coordinates": [ 139.6963498, 35.7015041 ] } },
{ "type": "Feature", "properties": { "amenity_id": 2695, "kind": "shop", "name": null, "detail": "laundry" }, "geometry": { "type": "Point", "coordinates": [ 139.691165400000017, 35.698378800000015 ] } },
{ "type": "Feature", "properties": { "amenity_id": 2696, "kind": "shop", "name": "ステーキライスとカレーの店", "detail": "restaurant" }, "geometry": { "type": "Point", "coordinates": [ 139.6913668, 35.6950737 ] } },
{ "type": "Feature", "properties": { "amenity_id": 2697, "kind": "shop", "name": "女無BAR", "detail": "bar" }, "geometry": { "type": "Point", "coordinates": [ 139.7025236, 35.696295500000012 ] } },
{ "type": "Feature", "properties": { "amenity_id": 2698, "kind": "shop", "name": "ローソン", "detail": "convenience" }, "geometry": { "type": "Point", "coordinates": [ 139.7021202, 35.6959229 ] } },
{ "type": "Feature", "properties": { "amenity_id": 2699, "kind": "shop", "name": "ファミリーマート", "detail": "convenience" }, "geometry": { "type": "Point", "coordinates": [ 139.701833100000016, 35.6962797 ] } },
{ "type": "Feature", "properties": { "amenity_id": 2700, "kind": "shop", "name": null, "detail": "clothes" }, "geometry": { "type": "Point", "coordinates": [ 139.7037172, 35.6904465 ] } },
{ "type": "Feature", "properties": { "amenity_id": 2701, "kind": "shop", "name": "MA*RS", "detail": "clothes" }, "geometry": { "type": "Point", "coordinates": [ 139.701272900000049, 35.69314510000001 ] } },
{ "type": "Feature", "properties": { "amenity_id": 2702, "kind": "shop", "name": "くら寿司", "detail": "fast_food" }, "geometry": { "type": "Point", "coordinates": [ 139.6991027, 35.6944735 ] } },
{ "type": "Feature", "properties": { "amenity_id": 2703, "kind": "shop", "name": null, "detail": "restaurant" }, "geometry": { "type": "Point", "coordinates": [ 139.69862980000002, 35.6945362 ] } },
{ "type": "Feature", "properties": { "amenity_id": 2704, "kind": "shop", "name": "新宿ナギチャンラーメン", "detail": "restaurant" }, "geometry": { "type": "Point", "coordinates": [ 139.7037919, 35.6949792 ] } },
{ "type": "Feature", "properties": { "amenity_id": 2705, "kind": "shop", "name": null, "detail": "restaurant" }, "geometry": { "type": "Point", "coordinates": [ 139.6964558, 35.6946603 ] } },
{ "type": "Feature", "properties": { "amenity_id": 2706, "kind": "shop", "name": "大戸屋", "detail": "restaurant" }, "geometry": { "type": "Point", "coordinates": [ 139.698924800000015, 35.6934476 ] } },
{ "type": "Feature", "properties": { "amenity_id": 2707, "kind": "shop", "name": "牛角", "detail": "restaurant" }, "geometry": { "type": "Point", "coordinates": [ 139.697144, 35.689214800000016 ] } },
{ "type": "Feature", "properties": { "amenity_id": 2708, "kind": "shop", "name": "牛角", "detail": "restaurant" }, "geometry": { "type": "Point", "coordinates": [ 139.6977822, 35.6940687 ] } },
{ "type": "Feature", "properties": { "amenity_id": 2709, "kind": "shop", "name": "吉野家", "detail": "fast_food" }, "geometry": { "type": "Point", "coordinates": [ 139.6954398, 35.691806400000011 ] } },
{ "type": "Feature", "properties": { "amenity_id": 2710, "kind": "shop", "name": null, "detail": "bar" }, "geometry": { "type": "Point", "coordinates": [ 139.7046551, 35.6941399 ] } },
{ "type": "Feature", "properties": { "amenity_id": 2711, "kind": "shop", "name": null, "detail": "bar" }, "geometry": { "type": "Point", "coordinates": [ 139.7046707, 35.6940952 ] } },
{ "type": "Feature", "properties": { "amenity_id": 2712, "kind": "shop", "name": null, "detail": "cafe" }, "geometry": { "type": "Point", "coordinates": [ 139.7011679, 35.6913151 ] } },
{ "type": "Feature", "properties": { "amenity_id": 2713, "kind": "shop", "name": null, "detail": "restaurant" }, "geometry": { "type": "Point", "coordinates": [ 139.7000582, 35.7017104 ] } },
{ "type": "Feature", "properties": { "amenity_id": 2714, "kind": "shop", "name": "CoCo壱番屋", "detail": "restaurant" }, "geometry": { "type": "Point", "coordinates": [ 139.709888600000028, 35.6898971 ] } },
{ "type": "Feature", "properties": { "amenity_id": 2715, "kind": "shop", "name": "えびそば一幻", "detail": "restaurant" }, "geometry": { "type": "Point", "coordinates": [ 139.6980111, 35.6954585 ] } },
{ "type": "Feature", "properties": { "amenity_id": 2716, "kind": "shop", "name": null, "detail": "restaurant" }, "geometry": { "type": "Point", "coordinates": [ 139.701975200000021, 35.6944871 ] } },
{ "type": "Feature", "properties": { "amenity_id": 2717, "kind": "shop", "name": null, "detail": "restaurant" }, "geometry": { "type": "Point", "coordinates": [ 139.702812600000016, 35.69368260000001 ] } },
{ "type": "Feature", "properties": { "amenity_id": 2718, "kind": "shop", "name": "すき家", "detail": "fast_food" }, "geometry": { "type": "Point", "coordinates": [ 139.7037367, 35.6899429 ] } },
{ "type": "Feature", "properties": { "amenity_id": 2719, "kind": "shop", "name": "サイゼリヤ", "detail": "restaurant" }, "geometry": { "type": "Point", "coordinates": [ 139.7039004, 35.6931974 ] } },
{ "type": "Feature", "properties": { "amenity_id": 2720, "kind": "shop", "name": null, "detail": "restaurant" }, "geometry": { "type": "Point", "coordinates": [ 139.7011391, 35.6932964 ] } },
{ "type": "Feature", "properties": { "amenity_id": 2721, "kind": "shop", "name": null, "detail": "restaurant" }, "geometry": { "type": "Point", "coordinates": [ 139.705303900000018, 35.6912984 ] } },
{ "type": "Feature", "properties": { "amenity_id": 2722, "kind": "shop", "name": "Shogun Burger", "detail": "restaurant" }, "geometry": { "type": "Point", "coordinates": [ 139.7025304, 35.6940736 ] } },
{ "type": "Feature", "properties": { "amenity_id": 2723, "kind": "shop", "name": null, "detail": "restaurant" }, "geometry": { "type": "Point", "coordinates": [ 139.702455500000013, 35.6940352 ] } },
{ "type": "Feature", "properties": { "amenity_id": 2724, "kind": "shop", "name": null, "detail": "clothes" }, "geometry": { "type": "Point", "coordinates": [ 139.701532, 35.692813300000012 ] } },
{ "type": "Feature", "properties": { "amenity_id": 2725, "kind": "shop", "name": "大黒屋", "detail": "clothes" }, "geometry": { "type": "Point", "coordinates": [ 139.703098300000022, 35.6934113 ] } },
{ "type": "Feature", "properties": { "amenity_id": 2726, "kind": "shop", "name": null, "detail": "clothes" }, "geometry": { "type": "Point", "coordinates": [ 139.7030871, 35.6925802 ] } },
{ "type": "Feature", "properties": { "amenity_id": 2727, "kind": "shop", "name": null, "detail": "clothes" }, "geometry": { "type": "Point", "coordinates": [ 139.6993927, 35.6931064 ] } },
{ "type": "Feature", "properties": { "amenity_id": 2728, "kind": "shop", "name": null, "detail": "clothes" }, "geometry": { "type": "Point", "coordinates": [ 139.698618, 35.6888743 ] } },
{ "type": "Feature", "properties": { "amenity_id": 2729, "kind": "shop", "name": null, "detail": "restaurant" }, "geometry": { "type": "Point", "coordinates": [ 139.6971632, 35.6891098 ] } },
{ "type": "Feature", "properties": { "amenity_id": 2730, "kind": "shop", "name": null, "detail": "restaurant" }, "geometry": { "type": "Point", "coordinates": [ 139.7004393, 35.6948845 ] } },
{ "type": "Feature", "properties": { "amenity_id": 2731, "kind": "shop", "name": "月亭", "detail": "restaurant" }, "geometry": { "type": "Point", "coordinates": [ 139.703275100000013, 35.6953846 ] } },
{ "type": "Feature", "properties": { "amenity_id": 2732, "kind": "shop", "name": "牛かつもと村", "detail": "restaurant" }, "geometry": { "type": "Point", "coordinates": [ 139.701515, 35.6932316 ] } },
{ "type": "Feature", "properties": { "amenity_id": 2733, "kind": "shop", "name": null, "detail": "restaurant" }, "geometry": { "type": "Point", "coordinates": [ 139.699252700000017, 35.69386630000001 ] } },
{ "type": "Feature", "properties": { "amenity_id": 2734, "kind": "shop", "name": "エディフィス新宿店", "detail": "clothes" }, "geometry": { "type": "Point", "coordinates": [ 139.703425400000015, 35.6909601 ] } },
{ "type": "Feature", "properties": { "amenity_id": 2735, "kind": "shop", "name": "新宿アカシア", "detail": "restaurant" }, "geometry": { "type": "Point", "coordinates": [ 139.70158, 35.693152 ] } },
{ "type": "Feature", "properties": { "amenity_id": 2736, "kind": "shop", "name": "ルノアール", "detail": "cafe" }, "geometry": { "type": "Point", "coordinates": [ 139.703069, 35.6910408 ] } },
{ "type": "Feature", "properties": { "amenity_id": 2737, "kind": "shop", "name": "すためしどんどん", "detail": "fast_food" }, "geometry": { "type": "Point", "coordinates": [ 139.702050900000017, 35.6928644 ] } },
{ "type": "Feature", "properties": { "amenity_id": 2738, "kind": "shop", "name": "エクセルシオール カフェ", "detail": "cafe" }, "geometry": { "type": "Point", "coordinates": [ 139.703282700000017, 35.6909168 ] } },
{ "type": "Feature", "properties": { "amenity_id": 2739, "kind": "shop", "name": "PRONTO", "detail": "cafe" }, "geometry": { "type": "Point", "coordinates": [ 139.702111700000017, 35.693021200000011 ] } },
{ "type": "Feature", "properties": { "amenity_id": 2740, "kind": "shop", "name": "車屋別館", "detail": "restaurant" }, "geometry": { "type": "Point", "coordinates": [ 139.702256200000022, 35.692791 ] } },
{ "type": "Feature", "properties": { "amenity_id": 2741, "kind": "shop", "name": "スシロー", "detail": "fast_food" }, "geometry": { "type": "Point", "coordinates": [ 139.7012781, 35.6902756 ] } },
{ "type": "Feature", "properties": { "amenity_id": 2742, "kind": "shop", "name": "コメダ珈琲店", "detail": "cafe" }, "geometry": { "type": "Point", "coordinates": [ 139.7047, 35.6903162 ] } },
{ "type": "Feature", "properties": { "amenity_id": 2743, "kind": "shop", "name": "小ばやし", "detail": "restaurant" }, "geometry": { "type": "Point", "coordinates": [ 139.7019687, 35.6927763 ] } },
{ "type": "Feature", "properties": { "amenity_id": 2744, "kind": "shop", "name": "GU", "detail": "clothes" }, "geometry": { "type": "Point", "coordinates": [ 139.701405, 35.6898593 ] } },
{ "type": "Feature", "properties": { "amenity_id": 2745, "kind": "shop", "name": "新宿のけむり", "detail": "restaurant" }, "geometry": { "type": "Point", "coordinates": [ 139.701958100000013, 35.6942999 ] } },
{ "type": "Feature", "properties": { "amenity_id": 2746, "kind": "shop", "name": "すしざんまい", "detail": "restaurant" }, "geometry": { "type": "Point", "coordinates": [ 139.7024169, 35.692339899999986 ] } },
{ "type": "Feature", "properties": { "amenity_id": 2747, "kind": "shop", "name": "ゲウチャイ", "detail": "restaurant" }, "geometry": { "type": "Point", "coordinates": [ 139.70240560000002, 35.6930255 ] } },
{ "type": "Feature", "properties": { "amenity_id": 2748, "kind": "shop", "name": "ファミリーマート新宿三丁目南店", "detail": "convenience" }, "geometry": { "type": "Point", "coordinates": [ 139.7041194, 35.6900129 ] } },
{ "type": "Feature", "properties": { "amenity_id": 2749, "kind": "shop", "name": "ゴーゴーカレー", "detail": "fast_food" }, "geometry": { "type": "Point", "coordinates": [ 139.7021593, 35.6926057 ] } },
{ "type": "Feature", "properties": { "amenity_id": 2750, "kind": "shop", "name": "つるかめ食堂歌舞伎町", "detail": "restaurant" }, "geometry": { "type": "Point", "coordinates": [ 139.7020929, 35.694269 ] } },
{ "type": "Feature", "properties": { "amenity_id": 2751, "kind": "shop", "name": "ミニストップ", "detail": "convenience" }, "geometry": { "type": "Point", "coordinates": [ 139.7037752, 35.6972773 ] } },
{ "type": "Feature", "properties": { "amenity_id": 2752, "kind": "shop", "name": "もうやんカレー", "detail": "restaurant" }, "geometry": { "type": "Point", "coordinates": [ 139.702404600000023, 35.6950341 ] } },
{ "type": "Feature", "properties": { "amenity_id": 2753, "kind": "shop", "name": "焼肉 牛吉 Ресторан роботов шоу", "detail": "restaurant" }, "geometry": { "type": "Point", "coordinates": [ 139.702720200000016, 35.6944661 ] } },
{ "type": "Feature", "properties": { "amenity_id": 2754, "kind": "shop", "name": "マクドナルド", "detail": "fast_food" }, "geometry": { "type": "Point", "coordinates": [ 139.7025008, 35.6892694 ] } },
{ "type": "Feature", "properties": { "amenity_id": 2755, "kind": "shop", "name": "しゃぶしゃぶ温野菜", "detail": "restaurant" }, "geometry": { "type": "Point", "coordinates": [ 139.703091300000011, 35.6929308 ] } },
{ "type": "Feature", "properties": { "amenity_id": 2756, "kind": "shop", "name": "キリンシティ", "detail": "bar" }, "geometry": { "type": "Point", "coordinates": [ 139.702176800000018, 35.69264050000001 ] } },
{ "type": "Feature", "properties": { "amenity_id": 2757, "kind": "shop", "name": "日高屋", "detail": "fast_food" }, "geometry": { "type": "Point", "coordinates": [ 139.7021269, 35.6928325 ] } },
{ "type": "Feature", "properties": { "amenity_id": 2758, "kind": "shop", "name": "ユニクロ", "detail": "clothes" }, "geometry": { "type": "Point", "coordinates": [ 139.7056598, 35.6918464 ] } },
{ "type": "Feature", "properties": { "amenity_id": 2759, "kind": "shop", "name": "スシロー", "detail": "fast_food" }, "geometry": { "type": "Point", "coordinates": [ 139.7058122, 35.6917892 ] } },
{ "type": "Feature", "properties": { "amenity_id": 2760, "kind": "shop", "name": "えっちゃんラーメン。", "detail": "restaurant" }, "geometry": { "type": "Point", "coordinates": [ 139.702045600000019, 35.6942788 ] } },
{ "type": "Feature", "properties": { "amenity_id": 2761, "kind": "shop", "name": "牛角", "detail": "restaurant" }, "geometry": { "type": "Point", "coordinates": [ 139.703027600000013, 35.6928312 ] } },
{ "type": "Feature", "properties": { "amenity_id": 2762, "kind": "shop", "name": "ファミリーマート", "detail": "convenience" }, "geometry": { "type": "Point", "coordinates": [ 139.7045534, 35.6953317 ] } },
{ "type": "Feature", "properties": { "amenity_id": 2763, "kind": "shop", "name": "ミニストップ", "detail": "convenience" }, "geometry": { "type": "Point", "coordinates": [ 139.7044056, 35.6959215 ] } },
{ "type": "Feature", "properties": { "amenity_id": 2764, "kind": "shop", "name": "壱角屋", "detail": "restaurant" }, "geometry": { "type": "Point", "coordinates": [ 139.7013383, 35.694986900000011 ] } },
{ "type": "Feature", "properties": { "amenity_id": 2765, "kind": "shop", "name": "Zara", "detail": "clothes" }, "geometry": { "type": "Point", "coordinates": [ 139.70205230000002, 35.6911317 ] } },
{ "type": "Feature", "properties": { "amenity_id": 2766, "kind": "shop", "name": "Daikokuya", "detail": "clothes" }, "geometry": { "type": "Point", "coordinates": [ 139.699384400000014, 35.693138 ] } },
{ "type": "Feature", "properties": { "amenity_id": 2767, "kind": "shop", "name": "Shi pax hi fish", "detail": "restaurant" }, "geometry": { "type": "Point", "coordinates": [ 139.697181700000016, 35.6891016 ] } },
{ "type": "Feature", "properties": { "amenity_id": 2768, "kind": "shop", "name": "しんぱち食堂", "detail": "restaurant" }, "geometry": { "type": "Point", "coordinates": [ 139.700421800000015, 35.6949074 ] } },
{ "type": "Feature", "properties": { "amenity_id": 2769, "kind": "shop", "name": "Sekine", "detail": "restaurant" }, "geometry": { "type": "Point", "coordinates": [ 139.701544500000011, 35.6928577 ] } },
{ "type": "Feature", "properties": { "amenity_id": 2770, "kind": "shop", "name": "dakokuya", "detail": "clothes" }, "geometry": { "type": "Point", "coordinates": [ 139.702676700000012, 35.6936177 ] } },
{ "type": "Feature", "properties": { "amenity_id": 2771, "kind": "shop", "name": "Daikokuya", "detail": "clothes" }, "geometry": { "type": "Point", "coordinates": [ 139.7031072, 35.6926114 ] } },
{ "type": "Feature", "properties": { "amenity_id": 2772, "kind": "shop", "name": "Restaurant Bellustar", "detail": "restaurant" }, "geometry": { "type": "Point", "coordinates": [ 139.700765100000012, 35.6960052 ] } },
{ "type": "Feature", "properties": { "amenity_id": 2773, "kind": "shop", "name": "Bar Bellustar", "detail": "bar" }, "geometry": { "type": "Point", "coordinates": [ 139.700639600000017, 35.6960268 ] } },
{ "type": "Feature", "properties": { "amenity_id": 2774, "kind": "shop", "name": "鉄板 天祐", "detail": "restaurant" }, "geometry": { "type": "Point", "coordinates": [ 139.7008222, 35.696 ] } },
{ "type": "Feature", "properties": { "amenity_id": 2775, "kind": "shop", "name": "鮨 甚江", "detail": "restaurant" }, "geometry": { "type": "Point", "coordinates": [ 139.700716100000022, 35.6960198 ] } },
{ "type": "Feature", "properties": { "amenity_id": 2776, "kind": "shop", "name": null, "detail": "restaurant" }, "geometry": { "type": "Point", "coordinates": [ 139.6951081, 35.6939276 ] } },
{ "type": "Feature", "properties": { "amenity_id": 2777, "kind": "shop", "name": "Zara", "detail": "clothes" }, "geometry": { "type": "Point", "coordinates": [ 139.7022833, 35.6911854 ] } },
{ "type": "Feature", "properties": { "amenity_id": 2778, "kind": "shop", "name": "ドン・キホーテUNY", "detail": "supermarket" }, "geometry": { "type": "Point", "coordinates": [ 139.702009, 35.6900473 ] } },
{ "type": "Feature", "properties": { "amenity_id": 2779, "kind": "shop", "name": "一蘭", "detail": "restaurant" }, "geometry": { "type": "Point", "coordinates": [ 139.7027342, 35.69039810000001 ] } },
{ "type": "Feature", "properties": { "amenity_id": 2780, "kind": "shop", "name": null, "detail": "restaurant" }, "geometry": { "type": "Point", "coordinates": [ 139.703620700000016, 35.6913048 ] } },
{ "type": "Feature", "properties": { "amenity_id": 2781, "kind": "shop", "name": "ドン・キホーテUNY", "detail": "supermarket" }, "geometry": { "type": "Point", "coordinates": [ 139.7030742, 35.6984968 ] } },
{ "type": "Feature", "properties": { "amenity_id": 2782, "kind": "shop", "name": "H&M", "detail": "clothes" }, "geometry": { "type": "Point", "coordinates": [ 139.7053311, 35.6913418 ] } },
{ "type": "Feature", "properties": { "amenity_id": 2783, "kind": "shop", "name": "我武者羅", "detail": "restaurant" }, "geometry": { "type": "Point", "coordinates": [ 139.7275439, 35.6862417 ] } },
{ "type": "Feature", "properties": { "amenity_id": 2784, "kind": "shop", "name": "Pizza Salvatore", "detail": "restaurant" }, "geometry": { "type": "Point", "coordinates": [ 139.7275452, 35.686792 ] } },
{ "type": "Feature", "properties": { "amenity_id": 2785, "kind": "shop", "name": "志乃田寿司", "detail": "restaurant" }, "geometry": { "type": "Point", "coordinates": [ 139.727764900000011, 35.6866764 ] } },
{ "type": "Feature", "properties": { "amenity_id": 2786, "kind": "shop", "name": "風太朗", "detail": "restaurant" }, "geometry": { "type": "Point", "coordinates": [ 139.727827, 35.6867408 ] } },
{ "type": "Feature", "properties": { "amenity_id": 2787, "kind": "shop", "name": "Bandara Lanka", "detail": "restaurant" }, "geometry": { "type": "Point", "coordinates": [ 139.717948, 35.68433430000001 ] } },
{ "type": "Feature", "properties": { "amenity_id": 2788, "kind": "shop", "name": "満天ノ秀そば", "detail": "restaurant" }, "geometry": { "type": "Point", "coordinates": [ 139.72761460000001, 35.6869949 ] } },
{ "type": "Feature", "properties": { "amenity_id": 2789, "kind": "shop", "name": "ミニストップ", "detail": "convenience" }, "geometry": { "type": "Point", "coordinates": [ 139.7161513, 35.6855364 ] } },
{ "type": "Feature", "properties": { "amenity_id": 2790, "kind": "shop", "name": "山星", "detail": "restaurant" }, "geometry": { "type": "Point", "coordinates": [ 139.7276335, 35.6870764 ] } },
{ "type": "Feature", "properties": { "amenity_id": 2791, "kind": "shop", "name": "俵屋", "detail": "restaurant" }, "geometry": { "type": "Point", "coordinates": [ 139.727674300000018, 35.6870627 ] } },
{ "type": "Feature", "properties": { "amenity_id": 2792, "kind": "shop", "name": "マルエツプチ", "detail": "supermarket" }, "geometry": { "type": "Point", "coordinates": [ 139.7269703, 35.6864336 ] } },
{ "type": "Feature", "properties": { "amenity_id": 2793, "kind": "shop", "name": "星乃珈琲店", "detail": "cafe" }, "geometry": { "type": "Point", "coordinates": [ 139.72895840000001, 35.6873626 ] } },
{ "type": "Feature", "properties": { "amenity_id": 2794, "kind": "shop", "name": "嘉賓", "detail": "restaurant" }, "geometry": { "type": "Point", "coordinates": [ 139.7285367, 35.6869541 ] } },
{ "type": "Feature", "properties": { "amenity_id": 2795, "kind": "shop", "name": "心技亭", "detail": "restaurant" }, "geometry": { "type": "Point", "coordinates": [ 139.7283746, 35.687122700000018 ] } },
{ "type": "Feature", "properties": { "amenity_id": 2796, "kind": "shop", "name": "Grotto", "detail": "bar" }, "geometry": { "type": "Point", "coordinates": [ 139.7283698, 35.68706190000001 ] } },
{ "type": "Feature", "properties": { "amenity_id": 2797, "kind": "shop", "name": "龍月園", "detail": "restaurant" }, "geometry": { "type": "Point", "coordinates": [ 139.7283123, 35.6871311 ] } },
{ "type": "Feature", "properties": { "amenity_id": 2798, "kind": "shop", "name": "高山洋服店", "detail": "clothes" }, "geometry": { "type": "Point", "coordinates": [ 139.7272188, 35.6863549 ] } },
{ "type": "Feature", "properties": { "amenity_id": 2799, "kind": "shop", "name": "四谷うし幸", "detail": "restaurant" }, "geometry": { "type": "Point", "coordinates": [ 139.72849930000001, 35.6874883 ] } },
{ "type": "Feature", "properties": { "amenity_id": 2800, "kind": "shop", "name": "Coco hi", "detail": "hairdresser" }, "geometry": { "type": "Point", "coordinates": [ 139.727678600000019, 35.6871321 ] } },
{ "type": "Feature", "properties": { "amenity_id": 2801, "kind": "shop", "name": "四谷大木戸 藪蕎麦", "detail": "restaurant" }, "geometry": { "type": "Point", "coordinates": [ 139.7163849, 35.6873167 ] } },
{ "type": "Feature", "properties": { "amenity_id": 2802, "kind": "shop", "name": "つぼみ家", "detail": "restaurant" }, "geometry": { "type": "Point", "coordinates": [ 139.723487700000021, 35.6881003 ] } },
{ "type": "Feature", "properties": { "amenity_id": 2803, "kind": "shop", "name": "アダムのへそ", "detail": "bar" }, "geometry": { "type": "Point", "coordinates": [ 139.7194666, 35.6881033 ] } },
{ "type": "Feature", "properties": { "amenity_id": 2804, "kind": "shop", "name": "まるいち", "detail": "fast_food" }, "geometry": { "type": "Point", "coordinates": [ 139.721710200000018, 35.6883519 ] } },
{ "type": "Feature", "properties": { "amenity_id": 2805, "kind": "shop", "name": "まいばすけっと", "detail": "supermarket" }, "geometry": { "type": "Point", "coordinates": [ 139.721877400000011, 35.688780600000015 ] } },
{ "type": "Feature", "properties": { "amenity_id": 2806, "kind": "shop", "name": "尚半", "detail": "restaurant" }, "geometry": { "type": "Point", "coordinates": [ 139.7204271, 35.6860955 ] } },
{ "type": "Feature", "properties": { "amenity_id": 2807, "kind": "shop", "name": "ドミノ・ピザ", "detail": "fast_food" }, "geometry": { "type": "Point", "coordinates": [ 139.717513100000019, 35.6874426 ] } },
{ "type": "Feature", "properties": { "amenity_id": 2808, "kind": "shop", "name": "満月", "detail": "restaurant" }, "geometry": { "type": "Point", "coordinates": [ 139.716656300000011, 35.6873674 ] } },
{ "type": "Feature", "properties": { "amenity_id": 2809, "kind": "shop", "name": "日高屋", "detail": "fast_food" }, "geometry": { "type": "Point", "coordinates": [ 139.719332, 35.6881029 ] } },
{ "type": "Feature", "properties": { "amenity_id": 2810, "kind": "shop", "name": "まいばすけっと", "detail": "supermarket" }, "geometry": { "type": "Point", "coordinates": [ 139.7150546, 35.6911787 ] } },
{ "type": "Feature", "properties": { "amenity_id": 2811, "kind": "shop", "name": "みんみん", "detail": "restaurant" }, "geometry": { "type": "Point", "coordinates": [ 139.7218747, 35.6885978 ] } },
{ "type": "Feature", "properties": { "amenity_id": 2812, "kind": "shop", "name": "ディップマハル", "detail": "restaurant" }, "geometry": { "type": "Point", "coordinates": [ 139.7218451, 35.6884162 ] } },
{ "type": "Feature", "properties": { "amenity_id": 2813, "kind": "shop", "name": "とも", "detail": "restaurant" }, "geometry": { "type": "Point", "coordinates": [ 139.69947590000001, 35.6996647 ] } },
{ "type": "Feature", "properties": { "amenity_id": 2814, "kind": "shop", "name": "Picard", "detail": "supermarket" }, "geometry": { "type": "Point", "coordinates": [ 139.7419884, 35.7008107 ] } },
{ "type": "Feature", "properties": { "amenity_id": 2815, "kind": "shop", "name": "夢庵", "detail": "restaurant" }, "geometry": { "type": "Point", "coordinates": [ 139.6843528, 35.7107528 ] } },
{ "type": "Feature", "properties": { "amenity_id": 2816, "kind": "shop", "name": "セブン-イレブン", "detail": "convenience" }, "geometry": { "type": "Point", "coordinates": [ 139.684942400000011, 35.7117667 ] } },
{ "type": "Feature", "properties": { "amenity_id": 2817, "kind": "shop", "name": "三の輪湯", "detail": "laundry" }, "geometry": { "type": "Point", "coordinates": [ 139.681949300000014, 35.7138111 ] } },
{ "type": "Feature", "properties": { "amenity_id": 2818, "kind": "shop", "name": "星乃珈琲店", "detail": "cafe" }, "geometry": { "type": "Point", "coordinates": [ 139.6843493, 35.7106322 ] } },
{ "type": "Feature", "properties": { "amenity_id": 2819, "kind": "shop", "name": "ムートン", "detail": "bar" }, "geometry": { "type": "Point", "coordinates": [ 139.7024022, 35.6930473 ] } },
{ "type": "Feature", "properties": { "amenity_id": 2820, "kind": "shop", "name": "テジョンテ", "detail": "restaurant" }, "geometry": { "type": "Point", "coordinates": [ 139.699897, 35.7017046 ] } },
{ "type": "Feature", "properties": { "amenity_id": 2821, "kind": "shop", "name": "ローソンストア100", "detail": "convenience" }, "geometry": { "type": "Point", "coordinates": [ 139.6998031, 35.701165 ] } },
{ "type": "Feature", "properties": { "amenity_id": 2822, "kind": "shop", "name": "ソムオー", "detail": "restaurant" }, "geometry": { "type": "Point", "coordinates": [ 139.699807100000015, 35.701005300000013 ] } },
{ "type": "Feature", "properties": { "amenity_id": 2823, "kind": "shop", "name": "老胡記", "detail": "restaurant" }, "geometry": { "type": "Point", "coordinates": [ 139.7000396, 35.7010576 ] } },
{ "type": "Feature", "properties": { "amenity_id": 2824, "kind": "shop", "name": "クンメー１", "detail": "restaurant" }, "geometry": { "type": "Point", "coordinates": [ 139.70001640000001, 35.7009545 ] } },
{ "type": "Feature", "properties": { "amenity_id": 2825, "kind": "shop", "name": "コリアタッカンマリ", "detail": "restaurant" }, "geometry": { "type": "Point", "coordinates": [ 139.6997767, 35.7009196 ] } },
{ "type": "Feature", "properties": { "amenity_id": 2826, "kind": "shop", "name": "韓味", "detail": "restaurant" }, "geometry": { "type": "Point", "coordinates": [ 139.699984200000017, 35.7009138 ] } },
{ "type": "Feature", "properties": { "amenity_id": 2827, "kind": "shop", "name": null, "detail": "bar" }, "geometry": { "type": "Point", "coordinates": [ 139.6986985, 35.6930587 ] } },
{ "type": "Feature", "properties": { "amenity_id": 2828, "kind": "shop", "name": "喫茶パステト", "detail": "cafe" }, "geometry": { "type": "Point", "coordinates": [ 139.700659200000018, 35.69424140000001 ] } },
{ "type": "Feature", "properties": { "amenity_id": 2829, "kind": "shop", "name": "東京純豆腐", "detail": "restaurant" }, "geometry": { "type": "Point", "coordinates": [ 139.7057433, 35.6906082 ] } },
{ "type": "Feature", "properties": { "amenity_id": 2830, "kind": "shop", "name": "味仙荘", "detail": "restaurant" }, "geometry": { "type": "Point", "coordinates": [ 139.7071033, 35.6935501 ] } },
{ "type": "Feature", "properties": { "amenity_id": 2831, "kind": "shop", "name": "スターバックス", "detail": "cafe" }, "geometry": { "type": "Point", "coordinates": [ 139.705618900000019, 35.6903377 ] } },
{ "type": "Feature", "properties": { "amenity_id": 2832, "kind": "shop", "name": "飲食笑商何屋ねこ膳", "detail": "restaurant" }, "geometry": { "type": "Point", "coordinates": [ 139.7063353, 35.6936554 ] } },
{ "type": "Feature", "properties": { "amenity_id": 2833, "kind": "shop", "name": "まいばすけっと", "detail": "convenience" }, "geometry": { "type": "Point", "coordinates": [ 139.706925800000022, 35.6962079 ] } },
{ "type": "Feature", "properties": { "amenity_id": 2834, "kind": "shop", "name": "ホテルブレス", "detail": "convenience" }, "geometry": { "type": "Point", "coordinates": [ 139.707007300000015, 35.6966172 ] } },
{ "type": "Feature", "properties": { "amenity_id": 2835, "kind": "shop", "name": "ライオンズマンション歌舞伎町", "detail": "convenience" }, "geometry": { "type": "Point", "coordinates": [ 139.706787100000014, 35.6955043 ] } },
{ "type": "Feature", "properties": { "amenity_id": 2836, "kind": "shop", "name": "やよい軒", "detail": "restaurant" }, "geometry": { "type": "Point", "coordinates": [ 139.7068049, 35.695644300000012 ] } },
{ "type": "Feature", "properties": { "amenity_id": 2837, "kind": "shop", "name": "Café de Marielle", "detail": "cafe" }, "geometry": { "type": "Point", "coordinates": [ 139.706756800000022, 35.6953661 ] } },
{ "type": "Feature", "properties": { "amenity_id": 2838, "kind": "shop", "name": null, "detail": "restaurant" }, "geometry": { "type": "Point", "coordinates": [ 139.7195328, 35.6880785 ] } },
{ "type": "Feature", "properties": { "amenity_id": 2839, "kind": "shop", "name": "小諸そば", "detail": "restaurant" }, "geometry": { "type": "Point", "coordinates": [ 139.729386200000022, 35.686450300000011 ] } },
{ "type": "Feature", "properties": { "amenity_id": 2840, "kind": "shop", "name": "立喰いらぁめん たいせい", "detail": "restaurant" }, "geometry": { "type": "Point", "coordinates": [ 139.7293668, 35.686372 ] } },
{ "type": "Feature", "properties": { "amenity_id": 2841, "kind": "shop", "name": "だひゃん", "detail": "restaurant" }, "geometry": { "type": "Point", "coordinates": [ 139.7293248, 35.6864051 ] } },
{ "type": "Feature", "properties": { "amenity_id": 2842, "kind": "shop", "name": "かつれつ四谷たけだ", "detail": "restaurant" }, "geometry": { "type": "Point", "coordinates": [ 139.729319100000026, 35.6863899 ] } },
{ "type": "Feature", "properties": { "amenity_id": 2843, "kind": "shop", "name": "SALSA CABANA", "detail": "fast_food" }, "geometry": { "type": "Point", "coordinates": [ 139.7280178, 35.6868234 ] } },
{ "type": "Feature", "properties": { "amenity_id": 2844, "kind": "shop", "name": "Neuf", "detail": "bar" }, "geometry": { "type": "Point", "coordinates": [ 139.7278943, 35.686863 ] } },
{ "type": "Feature", "properties": { "amenity_id": 2845, "kind": "shop", "name": "COCOCHI", "detail": "hairdresser" }, "geometry": { "type": "Point", "coordinates": [ 139.7279211, 35.6870556 ] } },
{ "type": "Feature", "properties": { "amenity_id": 2846, "kind": "shop", "name": "ロン", "detail": "cafe" }, "geometry": { "type": "Point", "coordinates": [ 139.7287928, 35.6858777 ] } },
{ "type": "Feature", "properties": { "amenity_id": 2847, "kind": "shop", "name": "源源飯店", "detail": "restaurant" }, "geometry": { "type": "Point", "coordinates": [ 139.727905600000014, 35.6861144 ] } },
{ "type": "Feature", "properties": { "amenity_id": 2848, "kind": "shop", "name": "天龍本店", "detail": "restaurant" }, "geometry": { "type": "Point", "coordinates": [ 139.7282568, 35.6860316 ] } },
{ "type": "Feature", "properties": { "amenity_id": 2849, "kind": "shop", "name": "スワローチェーン", "detail": "dry_cleaning" }, "geometry": { "type": "Point", "coordinates": [ 139.728148200000021, 35.686095200000011 ] } },
{ "type": "Feature", "properties": { "amenity_id": 2850, "kind": "shop", "name": "四谷商店", "detail": "restaurant" }, "geometry": { "type": "Point", "coordinates": [ 139.727912600000025, 35.68615230000001 ] } },
{ "type": "Feature", "properties": { "amenity_id": 2851, "kind": "shop", "name": "小尾羊", "detail": "restaurant" }, "geometry": { "type": "Point", "coordinates": [ 139.7278971, 35.6860876 ] } },
{ "type": "Feature", "properties": { "amenity_id": 2852, "kind": "shop", "name": "椿屋カフェ", "detail": "cafe" }, "geometry": { "type": "Point", "coordinates": [ 139.7020924, 35.6929877 ] } },
{ "type": "Feature", "properties": { "amenity_id": 2853, "kind": "shop", "name": "BON LUMIERE VIVA HOKKAIDO PROJECT", "detail": "cafe" }, "geometry": { "type": "Point", "coordinates": [ 139.700701400000014, 35.6961445 ] } },
{ "type": "Feature", "properties": { "amenity_id": 2854, "kind": "shop", "name": "KABUKI BURGER&TACOS", "detail": "fast_food" }, "geometry": { "type": "Point", "coordinates": [ 139.700999100000018, 35.6960116 ] } },
{ "type": "Feature", "properties": { "amenity_id": 2855, "kind": "shop", "name": "ビーフダイニング　和牛特区", "detail": "restaurant" }, "geometry": { "type": "Point", "coordinates": [ 139.7004949, 35.6961488 ] } },
{ "type": "Feature", "properties": { "amenity_id": 2856, "kind": "shop", "name": "スターバックス", "detail": "cafe" }, "geometry": { "type": "Point", "coordinates": [ 139.700831500000021, 35.695693 ] } },
{ "type": "Feature", "properties": { "amenity_id": 2857, "kind": "shop", "name": "AFURI", "detail": "restaurant" }, "geometry": { "type": "Point", "coordinates": [ 139.6992356, 35.6893288 ] } },
{ "type": "Feature", "properties": { "amenity_id": 2858, "kind": "shop", "name": "薄利多賣半兵ヱ 歌舞伎町", "detail": "restaurant" }, "geometry": { "type": "Point", "coordinates": [ 139.701048500000013, 35.694201400000011 ] } },
{ "type": "Feature", "properties": { "amenity_id": 2859, "kind": "shop", "name": "新宿レモン", "detail": "restaurant" }, "geometry": { "type": "Point", "coordinates": [ 139.697033800000014, 35.688646 ] } },
{ "type": "Feature", "properties": { "amenity_id": 2860, "kind": "shop", "name": "ぶたぼーる", "detail": "restaurant" }, "geometry": { "type": "Point", "coordinates": [ 139.6976438, 35.6890846 ] } },
{ "type": "Feature", "properties": { "amenity_id": 2861, "kind": "shop", "name": null, "detail": "bar" }, "geometry": { "type": "Point", "coordinates": [ 139.696595200000019, 35.6894987 ] } },
{ "type": "Feature", "properties": { "amenity_id": 2862, "kind": "shop", "name": "しまむら", "detail": "clothes" }, "geometry": { "type": "Point", "coordinates": [ 139.704778800000014, 35.7119247 ] } },
{ "type": "Feature", "properties": { "amenity_id": 2863, "kind": "shop", "name": "Akha Ama Coffee", "detail": "coffee" }, "geometry": { "type": "Point", "coordinates": [ 139.7372751, 35.7046751 ] } },
{ "type": "Feature", "properties": { "amenity_id": 2864, "kind": "shop", "name": "新宿小滝橋 クマちゃんラーメン", "detail": "restaurant" }, "geometry": { "type": "Point", "coordinates": [ 139.6982269, 35.6965101 ] } },
{ "type": "Feature", "properties": { "amenity_id": 2865, "kind": "shop", "name": "サイゼリヤ", "detail": "restaurant" }, "geometry": { "type": "Point", "coordinates": [ 139.697396200000014, 35.6920754 ] } },
{ "type": "Feature", "properties": { "amenity_id": 2866, "kind": "shop", "name": "ルノアール", "detail": "cafe" }, "geometry": { "type": "Point", "coordinates": [ 139.7055426, 35.690709 ] } },
{ "type": "Feature", "properties": { "amenity_id": 2867, "kind": "shop", "name": "肉寿司", "detail": "restaurant" }, "geometry": { "type": "Point", "coordinates": [ 139.706358600000016, 35.6911954 ] } },
{ "type": "Feature", "properties": { "amenity_id": 2868, "kind": "shop", "name": "薩摩おごじょ", "detail": "restaurant" }, "geometry": { "type": "Point", "coordinates": [ 139.706124900000049, 35.6912321 ] } },
{ "type": "Feature", "properties": { "amenity_id": 2869, "kind": "shop", "name": "らぁ麺 くろ渦", "detail": "restaurant" }, "geometry": { "type": "Point", "coordinates": [ 139.705998100000016, 35.6910697 ] } },
{ "type": "Feature", "properties": { "amenity_id": 2870, "kind": "shop", "name": "虚無僧バー", "detail": "bar" }, "geometry": { "type": "Point", "coordinates": [ 139.7112194, 35.6891454 ] } },
{ "type": "Feature", "properties": { "amenity_id": 2871, "kind": "shop", "name": "品川製麺所", "detail": "restaurant" }, "geometry": { "type": "Point", "coordinates": [ 139.707278300000013, 35.690578300000013 ] } },
{ "type": "Feature", "properties": { "amenity_id": 2872, "kind": "shop", "name": "煮干中華そば 鈴蘭", "detail": "restaurant" }, "geometry": { "type": "Point", "coordinates": [ 139.706750700000015, 35.691665300000011 ] } },
{ "type": "Feature", "properties": { "amenity_id": 2873, "kind": "shop", "name": "航海屋", "detail": "restaurant" }, "geometry": { "type": "Point", "coordinates": [ 139.7060969, 35.6919238 ] } },
{ "type": "Feature", "properties": { "amenity_id": 2874, "kind": "shop", "name": "らぁ麺 やったる！", "detail": "restaurant" }, "geometry": { "type": "Point", "coordinates": [ 139.7056287, 35.6911725 ] } },
{ "type": "Feature", "properties": { "amenity_id": 2875, "kind": "shop", "name": "麺や 百日紅", "detail": "restaurant" }, "geometry": { "type": "Point", "coordinates": [ 139.7054057, 35.6909031 ] } },
{ "type": "Feature", "properties": { "amenity_id": 2876, "kind": "shop", "name": "IL Bacaro", "detail": "restaurant" }, "geometry": { "type": "Point", "coordinates": [ 139.705291, 35.6910046 ] } },
{ "type": "Feature", "properties": { "amenity_id": 2877, "kind": "shop", "name": "ファーストキッチン", "detail": "fast_food" }, "geometry": { "type": "Point", "coordinates": [ 139.705338400000016, 35.6909267 ] } },
{ "type": "Feature", "properties": { "amenity_id": 2878, "kind": "shop", "name": "鳥どり", "detail": "restaurant" }, "geometry": { "type": "Point", "coordinates": [ 139.7053137, 35.690958900000012 ] } },
{ "type": "Feature", "properties": { "amenity_id": 2879, "kind": "shop", "name": "スペイン魚介バル 三丁目", "detail": "restaurant" }, "geometry": { "type": "Point", "coordinates": [ 139.705352200000021, 35.6909589 ] } },
{ "type": "Feature", "properties": { "amenity_id": 2880, "kind": "shop", "name": "La Pausa", "detail": "restaurant" }, "geometry": { "type": "Point", "coordinates": [ 139.705382900000018, 35.6909396 ] } },
{ "type": "Feature", "properties": { "amenity_id": 2881, "kind": "shop", "name": "牛たん麦とろ ねぎし", "detail": "restaurant" }, "geometry": { "type": "Point", "coordinates": [ 139.7053602, 35.6908986 ] } },
{ "type": "Feature", "properties": { "amenity_id": 2882, "kind": "shop", "name": "もつ煮込み専門店沼田 はなれ", "detail": "restaurant" }, "geometry": { "type": "Point", "coordinates": [ 139.705617900000021, 35.6911586 ] } },
{ "type": "Feature", "properties": { "amenity_id": 2883, "kind": "shop", "name": "BAR rpm", "detail": "bar" }, "geometry": { "type": "Point", "coordinates": [ 139.705604500000021, 35.6911056 ] } },
{ "type": "Feature", "properties": { "amenity_id": 2884, "kind": "shop", "name": "BAR LIVET", "detail": "bar" }, "geometry": { "type": "Point", "coordinates": [ 139.705618, 35.6910994 ] } },
{ "type": "Feature", "properties": { "amenity_id": 2885, "kind": "shop", "name": "かるいごちそう", "detail": "restaurant" }, "geometry": { "type": "Point", "coordinates": [ 139.7056216, 35.6911078 ] } },
{ "type": "Feature", "properties": { "amenity_id": 2886, "kind": "shop", "name": "栄寿司", "detail": "restaurant" }, "geometry": { "type": "Point", "coordinates": [ 139.705607500000013, 35.6910421 ] } },
{ "type": "Feature", "properties": { "amenity_id": 2887, "kind": "shop", "name": "喫茶 楽屋", "detail": "cafe" }, "geometry": { "type": "Point", "coordinates": [ 139.7056421, 35.691220300000012 ] } },
{ "type": "Feature", "properties": { "amenity_id": 2888, "kind": "shop", "name": "ルノアール", "detail": "cafe" }, "geometry": { "type": "Point", "coordinates": [ 139.70582060000001, 35.6921458 ] } },
{ "type": "Feature", "properties": { "amenity_id": 2889, "kind": "shop", "name": "南蛮亭", "detail": "restaurant" }, "geometry": { "type": "Point", "coordinates": [ 139.7058135, 35.6921381 ] } },
{ "type": "Feature", "properties": { "amenity_id": 2890, "kind": "shop", "name": "鳴門鯛焼本舗", "detail": "fast_food" }, "geometry": { "type": "Point", "coordinates": [ 139.705509, 35.692312900000012 ] } },
{ "type": "Feature", "properties": { "amenity_id": 2891, "kind": "shop", "name": "地鶏焼物処 はなまる", "detail": "restaurant" }, "geometry": { "type": "Point", "coordinates": [ 139.7055263, 35.6922668 ] } },
{ "type": "Feature", "properties": { "amenity_id": 2892, "kind": "shop", "name": "Oyster Bar ジャックポット", "detail": "restaurant" }, "geometry": { "type": "Point", "coordinates": [ 139.705977, 35.6917146 ] } },
{ "type": "Feature", "properties": { "amenity_id": 2893, "kind": "shop", "name": "タイ屋台 999 新宿店", "detail": "restaurant" }, "geometry": { "type": "Point", "coordinates": [ 139.7062937, 35.6916461 ] } },
{ "type": "Feature", "properties": { "amenity_id": 2894, "kind": "shop", "name": "MOVE CAFE", "detail": "cafe" }, "geometry": { "type": "Point", "coordinates": [ 139.706324600000016, 35.6927158 ] } },
{ "type": "Feature", "properties": { "amenity_id": 2895, "kind": "shop", "name": null, "detail": "cafe" }, "geometry": { "type": "Point", "coordinates": [ 139.7080555, 35.690528300000011 ] } },
{ "type": "Feature", "properties": { "amenity_id": 2896, "kind": "shop", "name": null, "detail": "restaurant" }, "geometry": { "type": "Point", "coordinates": [ 139.703722100000022, 35.694914100000013 ] } },
{ "type": "Feature", "properties": { "amenity_id": 2897, "kind": "shop", "name": "麺屋武蔵 鷹虎", "detail": "restaurant" }, "geometry": { "type": "Point", "coordinates": [ 139.70446, 35.7138825 ] } },
{ "type": "Feature", "properties": { "amenity_id": 2898, "kind": "shop", "name": "博多風龍", "detail": "restaurant" }, "geometry": { "type": "Point", "coordinates": [ 139.7044817, 35.7139276 ] } },
{ "type": "Feature", "properties": { "amenity_id": 2899, "kind": "shop", "name": "油そば 春日亭", "detail": "restaurant" }, "geometry": { "type": "Point", "coordinates": [ 139.7044286, 35.713914800000012 ] } },
{ "type": "Feature", "properties": { "amenity_id": 2900, "kind": "shop", "name": "野郎ラーメン", "detail": "restaurant" }, "geometry": { "type": "Point", "coordinates": [ 139.7034985, 35.7136922 ] } },
{ "type": "Feature", "properties": { "amenity_id": 2901, "kind": "shop", "name": "回転寿司みさき", "detail": "restaurant" }, "geometry": { "type": "Point", "coordinates": [ 139.703620300000011, 35.71390730000001 ] } },
{ "type": "Feature", "properties": { "amenity_id": 2902, "kind": "shop", "name": "新宿ラーメン鶏そばかぐら屋", "detail": "restaurant" }, "geometry": { "type": "Point", "coordinates": [ 139.69794570000002, 35.6962899 ] } },
{ "type": "Feature", "properties": { "amenity_id": 2903, "kind": "shop", "name": "鶏そばかぐら屋", "detail": "restaurant" }, "geometry": { "type": "Point", "coordinates": [ 139.6978114, 35.6963934 ] } },
{ "type": "Feature", "properties": { "amenity_id": 2904, "kind": "shop", "name": null, "detail": "restaurant" }, "geometry": { "type": "Point", "coordinates": [ 139.705510300000014, 35.6922493 ] } },
{ "type": "Feature", "properties": { "amenity_id": 2905, "kind": "shop", "name": "神楽坂在寮", "detail": "cafe" }, "geometry": { "type": "Point", "coordinates": [ 139.741085600000019, 35.70203630000001 ] } },
{ "type": "Feature", "properties": { "amenity_id": 2906, "kind": "shop", "name": "JazzSpot Intro", "detail": "bar" }, "geometry": { "type": "Point", "coordinates": [ 139.706284900000014, 35.7128885 ] } },
{ "type": "Feature", "properties": { "amenity_id": 2907, "kind": "shop", "name": "comorebi voyage & saudade", "detail": "bar" }, "geometry": { "type": "Point", "coordinates": [ 139.7045923, 35.6937487 ] } },
{ "type": "Feature", "properties": { "amenity_id": 2908, "kind": "shop", "name": "フラッパー", "detail": "bar" }, "geometry": { "type": "Point", "coordinates": [ 139.7046197, 35.6937371 ] } },
{ "type": "Feature", "properties": { "amenity_id": 2909, "kind": "shop", "name": "4C's Bar Rosso", "detail": "bar" }, "geometry": { "type": "Point", "coordinates": [ 139.704582500000015, 35.6936552 ] } },
{ "type": "Feature", "properties": { "amenity_id": 2910, "kind": "shop", "name": "bar HIDE", "detail": "bar" }, "geometry": { "type": "Point", "coordinates": [ 139.7048335, 35.6935711 ] } },
{ "type": "Feature", "properties": { "amenity_id": 2911, "kind": "shop", "name": "Troll", "detail": "bar" }, "geometry": { "type": "Point", "coordinates": [ 139.7043208, 35.6938873 ] } },
{ "type": "Feature", "properties": { "amenity_id": 2912, "kind": "shop", "name": "Laki Laki", "detail": "bar" }, "geometry": { "type": "Point", "coordinates": [ 139.704574900000011, 35.694166200000012 ] } },
{ "type": "Feature", "properties": { "amenity_id": 2913, "kind": "shop", "name": "3rd ROOM", "detail": "bar" }, "geometry": { "type": "Point", "coordinates": [ 139.7050556, 35.6941867 ] } },
{ "type": "Feature", "properties": { "amenity_id": 2914, "kind": "shop", "name": "HHHH キャトルアッシュ", "detail": "bar" }, "geometry": { "type": "Point", "coordinates": [ 139.7050667, 35.6941708 ] } },
{ "type": "Feature", "properties": { "amenity_id": 2915, "kind": "shop", "name": "金のだししゃぶ", "detail": "restaurant" }, "geometry": { "type": "Point", "coordinates": [ 139.702360200000015, 35.6948773 ] } },
{ "type": "Feature", "properties": { "amenity_id": 2916, "kind": "shop", "name": "八馬", "detail": "restaurant" }, "geometry": { "type": "Point", "coordinates": [ 139.702373200000011, 35.6948875 ] } },
{ "type": "Feature", "properties": { "amenity_id": 2917, "kind": "shop", "name": "スシンジュク", "detail": "restaurant" }, "geometry": { "type": "Point", "coordinates": [ 139.702748500000013, 35.6949942 ] } },
{ "type": "Feature", "properties": { "amenity_id": 2918, "kind": "shop", "name": "新宿うな鐵", "detail": "restaurant" }, "geometry": { "type": "Point", "coordinates": [ 139.7026377, 35.6947075 ] } },
{ "type": "Feature", "properties": { "amenity_id": 2919, "kind": "shop", "name": "もつ焼きカミヤ", "detail": "restaurant" }, "geometry": { "type": "Point", "coordinates": [ 139.7026548, 35.6947441 ] } },
{ "type": "Feature", "properties": { "amenity_id": 2920, "kind": "shop", "name": "麺堂にしき", "detail": "restaurant" }, "geometry": { "type": "Point", "coordinates": [ 139.7026691, 35.6948181 ] } },
{ "type": "Feature", "properties": { "amenity_id": 2921, "kind": "shop", "name": "Bar 夜兎", "detail": "bar" }, "geometry": { "type": "Point", "coordinates": [ 139.7024102, 35.6950194 ] } },
{ "type": "Feature", "properties": { "amenity_id": 2922, "kind": "shop", "name": "TAVERNA", "detail": "restaurant" }, "geometry": { "type": "Point", "coordinates": [ 139.706174200000021, 35.7134539 ] } },
{ "type": "Feature", "properties": { "amenity_id": 2923, "kind": "shop", "name": "popo", "detail": "fast_food" }, "geometry": { "type": "Point", "coordinates": [ 139.7024423, 35.7014276 ] } },
{ "type": "Feature", "properties": { "amenity_id": 2924, "kind": "shop", "name": "とんちゃん", "detail": "restaurant" }, "geometry": { "type": "Point", "coordinates": [ 139.702502400000014, 35.7014276 ] } },
{ "type": "Feature", "properties": { "amenity_id": 2925, "kind": "shop", "name": "餃子の王将", "detail": "restaurant" }, "geometry": { "type": "Point", "coordinates": [ 139.699726, 35.7018689 ] } },
{ "type": "Feature", "properties": { "amenity_id": 2926, "kind": "shop", "name": "Barahi", "detail": "supermarket" }, "geometry": { "type": "Point", "coordinates": [ 139.69972580000001, 35.7019038 ] } },
{ "type": "Feature", "properties": { "amenity_id": 2927, "kind": "shop", "name": null, "detail": "hairdresser" }, "geometry": { "type": "Point", "coordinates": [ 139.7065622, 35.69192670000001 ] } },
{ "type": "Feature", "properties": { "amenity_id": 2928, "kind": "shop", "name": "ルノアール", "detail": "cafe" }, "geometry": { "type": "Point", "coordinates": [ 139.700462500000015, 35.6950742 ] } },
{ "type": "Feature", "properties": { "amenity_id": 2929, "kind": "shop", "name": "道楽", "detail": "restaurant" }, "geometry": { "type": "Point", "coordinates": [ 139.70055210000001, 35.6951833 ] } },
{ "type": "Feature", "properties": { "amenity_id": 2930, "kind": "shop", "name": "UHAUHA", "detail": "bar" }, "geometry": { "type": "Point", "coordinates": [ 139.700546, 35.695212 ] } },
{ "type": "Feature", "properties": { "amenity_id": 2931, "kind": "shop", "name": "一番軒", "detail": "restaurant" }, "geometry": { "type": "Point", "coordinates": [ 139.7004713, 35.6954632 ] } },
{ "type": "Feature", "properties": { "amenity_id": 2932, "kind": "shop", "name": "日高屋", "detail": "fast_food" }, "geometry": { "type": "Point", "coordinates": [ 139.700345100000021, 35.695509 ] } },
{ "type": "Feature", "properties": { "amenity_id": 2933, "kind": "shop", "name": "SUPER ANGEL", "detail": "bar" }, "geometry": { "type": "Point", "coordinates": [ 139.702683300000018, 35.6940946 ] } },
{ "type": "Feature", "properties": { "amenity_id": 2934, "kind": "shop", "name": "YGGDRASILL", "detail": "bar" }, "geometry": { "type": "Point", "coordinates": [ 139.7026913, 35.6941127 ] } },
{ "type": "Feature", "properties": { "amenity_id": 2935, "kind": "shop", "name": "SPECIAL", "detail": "fast_food" }, "geometry": { "type": "Point", "coordinates": [ 139.702759400000019, 35.6942178 ] } },
{ "type": "Feature", "properties": { "amenity_id": 2936, "kind": "shop", "name": "カサブランカ", "detail": "bar" }, "geometry": { "type": "Point", "coordinates": [ 139.702773800000017, 35.6942121 ] } },
{ "type": "Feature", "properties": { "amenity_id": 2937, "kind": "shop", "name": "新宿女学園", "detail": "bar" }, "geometry": { "type": "Point", "coordinates": [ 139.7030047, 35.6940401 ] } },
{ "type": "Feature", "properties": { "amenity_id": 2938, "kind": "shop", "name": "珈琲西武", "detail": "cafe" }, "geometry": { "type": "Point", "coordinates": [ 139.7029531, 35.6939574 ] } },
{ "type": "Feature", "properties": { "amenity_id": 2939, "kind": "shop", "name": "ALTERNATIVE", "detail": "bar" }, "geometry": { "type": "Point", "coordinates": [ 139.703087, 35.6940184 ] } },
{ "type": "Feature", "properties": { "amenity_id": 2940, "kind": "shop", "name": "磯丸水産", "detail": "restaurant" }, "geometry": { "type": "Point", "coordinates": [ 139.7029143, 35.693671 ] } },
{ "type": "Feature", "properties": { "amenity_id": 2941, "kind": "shop", "name": "築地すし好", "detail": "restaurant" }, "geometry": { "type": "Point", "coordinates": [ 139.70276370000002, 35.6934835 ] } },
{ "type": "Feature", "properties": { "amenity_id": 2942, "kind": "shop", "name": "やよい軒", "detail": "restaurant" }, "geometry": { "type": "Point", "coordinates": [ 139.7028182, 35.693482200000012 ] } },
{ "type": "Feature", "properties": { "amenity_id": 2943, "kind": "shop", "name": "幽霊喫茶 メメントモリ", "detail": "cafe" }, "geometry": { "type": "Point", "coordinates": [ 139.7031236, 35.6941374 ] } },
{ "type": "Feature", "properties": { "amenity_id": 2944, "kind": "shop", "name": "NATURALIA", "detail": "cafe" }, "geometry": { "type": "Point", "coordinates": [ 139.7031331, 35.694154 ] } },
{ "type": "Feature", "properties": { "amenity_id": 2945, "kind": "shop", "name": "TIGGER", "detail": "bar" }, "geometry": { "type": "Point", "coordinates": [ 139.7036664, 35.6942062 ] } },
{ "type": "Feature", "properties": { "amenity_id": 2946, "kind": "shop", "name": "HUB", "detail": "bar" }, "geometry": { "type": "Point", "coordinates": [ 139.704009800000023, 35.6937623 ] } },
{ "type": "Feature", "properties": { "amenity_id": 2947, "kind": "shop", "name": "そば起琉", "detail": "restaurant" }, "geometry": { "type": "Point", "coordinates": [ 139.70336930000002, 35.6948789 ] } },
{ "type": "Feature", "properties": { "amenity_id": 2948, "kind": "shop", "name": "ひょっとこ", "detail": "restaurant" }, "geometry": { "type": "Point", "coordinates": [ 139.703379500000011, 35.6949075 ] } },
{ "type": "Feature", "properties": { "amenity_id": 2949, "kind": "shop", "name": "麺匠 竹虎", "detail": "restaurant" }, "geometry": { "type": "Point", "coordinates": [ 139.7034365, 35.695075800000012 ] } },
{ "type": "Feature", "properties": { "amenity_id": 2950, "kind": "shop", "name": "しゃぶらく亭 歌舞伎町店", "detail": "restaurant" }, "geometry": { "type": "Point", "coordinates": [ 139.703457400000019, 35.6950055 ] } },
{ "type": "Feature", "properties": { "amenity_id": 2951, "kind": "shop", "name": "和風パブ 大江戸", "detail": "bar" }, "geometry": { "type": "Point", "coordinates": [ 139.703441200000015, 35.6950419 ] } },
{ "type": "Feature", "properties": { "amenity_id": 2952, "kind": "shop", "name": "CLUB REDICE", "detail": "bar" }, "geometry": { "type": "Point", "coordinates": [ 139.7034303, 35.6950095 ] } },
{ "type": "Feature", "properties": { "amenity_id": 2953, "kind": "shop", "name": "CLUB SLOW", "detail": "bar" }, "geometry": { "type": "Point", "coordinates": [ 139.703557100000012, 35.695030100000011 ] } },
{ "type": "Feature", "properties": { "amenity_id": 2954, "kind": "shop", "name": "FOURTY FIVE TOKYO", "detail": "bar" }, "geometry": { "type": "Point", "coordinates": [ 139.7035506, 35.6950188 ] } },
{ "type": "Feature", "properties": { "amenity_id": 2955, "kind": "shop", "name": "ナギチャンラーメン", "detail": "restaurant" }, "geometry": { "type": "Point", "coordinates": [ 139.70358, 35.6950467 ] } },
{ "type": "Feature", "properties": { "amenity_id": 2956, "kind": "shop", "name": "美容室 Lunon", "detail": "hairdresser" }, "geometry": { "type": "Point", "coordinates": [ 139.7033223, 35.6951085 ] } },
{ "type": "Feature", "properties": { "amenity_id": 2957, "kind": "shop", "name": "壱角家", "detail": "restaurant" }, "geometry": { "type": "Point", "coordinates": [ 139.703033800000043, 35.6952313 ] } },
{ "type": "Feature", "properties": { "amenity_id": 2958, "kind": "shop", "name": "Girl's Bar nomnom", "detail": "bar" }, "geometry": { "type": "Point", "coordinates": [ 139.702981, 35.695085500000012 ] } },
{ "type": "Feature", "properties": { "amenity_id": 2959, "kind": "shop", "name": "萌えちゃんねるBAR", "detail": "bar" }, "geometry": { "type": "Point", "coordinates": [ 139.7023087, 35.6944991 ] } },
{ "type": "Feature", "properties": { "amenity_id": 2960, "kind": "shop", "name": "遊可憐", "detail": "fast_food" }, "geometry": { "type": "Point", "coordinates": [ 139.702387, 35.6946411 ] } },
{ "type": "Feature", "properties": { "amenity_id": 2961, "kind": "shop", "name": "ミルザ", "detail": "restaurant" }, "geometry": { "type": "Point", "coordinates": [ 139.702388500000012, 35.6946286 ] } },
{ "type": "Feature", "properties": { "amenity_id": 2962, "kind": "shop", "name": "alba", "detail": "bar" }, "geometry": { "type": "Point", "coordinates": [ 139.702371600000021, 35.6946343 ] } },
{ "type": "Feature", "properties": { "amenity_id": 2963, "kind": "shop", "name": "アルテミス", "detail": "fast_food" }, "geometry": { "type": "Point", "coordinates": [ 139.7025069, 35.6946347 ] } },
{ "type": "Feature", "properties": { "amenity_id": 2964, "kind": "shop", "name": "シナモン", "detail": "bar" }, "geometry": { "type": "Point", "coordinates": [ 139.702386500000017, 35.6946177 ] } },
{ "type": "Feature", "properties": { "amenity_id": 2965, "kind": "shop", "name": "ROCK BAR MOTHER", "detail": "bar" }, "geometry": { "type": "Point", "coordinates": [ 139.702796300000017, 35.6946616 ] } },
{ "type": "Feature", "properties": { "amenity_id": 2966, "kind": "shop", "name": "OY STA", "detail": "restaurant" }, "geometry": { "type": "Point", "coordinates": [ 139.7025659, 35.6946154 ] } },
{ "type": "Feature", "properties": { "amenity_id": 2967, "kind": "shop", "name": "ホルモン焼肉 縁", "detail": "restaurant" }, "geometry": { "type": "Point", "coordinates": [ 139.70289630000002, 35.694864800000012 ] } },
{ "type": "Feature", "properties": { "amenity_id": 2968, "kind": "shop", "name": "ローソン", "detail": "convenience" }, "geometry": { "type": "Point", "coordinates": [ 139.702462700000012, 35.6950995 ] } },
{ "type": "Feature", "properties": { "amenity_id": 2969, "kind": "shop", "name": "ハノイ", "detail": "restaurant" }, "geometry": { "type": "Point", "coordinates": [ 139.7025231, 35.6951992 ] } },
{ "type": "Feature", "properties": { "amenity_id": 2970, "kind": "shop", "name": "青葉", "detail": "restaurant" }, "geometry": { "type": "Point", "coordinates": [ 139.702512, 35.6951273 ] } },
{ "type": "Feature", "properties": { "amenity_id": 2971, "kind": "shop", "name": "カジュアルイタリアン美鈴屋", "detail": "restaurant" }, "geometry": { "type": "Point", "coordinates": [ 139.7040733, 35.6924264 ] } },
{ "type": "Feature", "properties": { "amenity_id": 2972, "kind": "shop", "name": "Caffice", "detail": "cafe" }, "geometry": { "type": "Point", "coordinates": [ 139.703126600000019, 35.6886374 ] } },
{ "type": "Feature", "properties": { "amenity_id": 2973, "kind": "shop", "name": "From Dusk till Dawn", "detail": "bar" }, "geometry": { "type": "Point", "coordinates": [ 139.702926100000042, 35.6960032 ] } },
{ "type": "Feature", "properties": { "amenity_id": 2974, "kind": "shop", "name": "ROV 2", "detail": "bar" }, "geometry": { "type": "Point", "coordinates": [ 139.702923100000021, 35.695966 ] } },
{ "type": "Feature", "properties": { "amenity_id": 2975, "kind": "shop", "name": "グットドレザン", "detail": "restaurant" }, "geometry": { "type": "Point", "coordinates": [ 139.713009600000021, 35.689752 ] } },
{ "type": "Feature", "properties": { "amenity_id": 2976, "kind": "shop", "name": "オリエンタル テラス ロータス", "detail": "restaurant" }, "geometry": { "type": "Point", "coordinates": [ 139.702846, 35.695565300000013 ] } },
{ "type": "Feature", "properties": { "amenity_id": 2977, "kind": "shop", "name": "しゃぶ叙 本店", "detail": "restaurant" }, "geometry": { "type": "Point", "coordinates": [ 139.7033552, 35.69559 ] } },
{ "type": "Feature", "properties": { "amenity_id": 2978, "kind": "shop", "name": "焼肉どんどん", "detail": "restaurant" }, "geometry": { "type": "Point", "coordinates": [ 139.70108110000001, 35.6942539 ] } },
{ "type": "Feature", "properties": { "amenity_id": 2979, "kind": "shop", "name": "アルバトロス", "detail": "bar" }, "geometry": { "type": "Point", "coordinates": [ 139.699511900000033, 35.693162400000013 ] } },
{ "type": "Feature", "properties": { "amenity_id": 2980, "kind": "shop", "name": "松のや", "detail": "fast_food" }, "geometry": { "type": "Point", "coordinates": [ 139.6990448, 35.6943983 ] } },
{ "type": "Feature", "properties": { "amenity_id": 2981, "kind": "shop", "name": "Tullys Coffee", "detail": "cafe" }, "geometry": { "type": "Point", "coordinates": [ 139.6912187, 35.6916973 ] } },
{ "type": "Feature", "properties": { "amenity_id": 2982, "kind": "shop", "name": "Oslo Coffee", "detail": "cafe" }, "geometry": { "type": "Point", "coordinates": [ 139.7023959, 35.693419 ] } },
{ "type": "Feature", "properties": { "amenity_id": 2983, "kind": "shop", "name": "カップス神楽坂", "detail": "supermarket" }, "geometry": { "type": "Point", "coordinates": [ 139.735258500000015, 35.7039981 ] } },
{ "type": "Feature", "properties": { "amenity_id": 2984, "kind": "shop", "name": "さしより 神楽坂", "detail": "restaurant" }, "geometry": { "type": "Point", "coordinates": [ 139.7355982, 35.7041242 ] } },
{ "type": "Feature", "properties": { "amenity_id": 2985, "kind": "shop", "name": "grasara グラサラ 神楽坂", "detail": "restaurant" }, "geometry": { "type": "Point", "coordinates": [ 139.73593870000002, 35.7039472 ] } },
{ "type": "Feature", "properties": { "amenity_id": 2986, "kind": "shop", "name": "MAISON T メゾン・ティ", "detail": "cafe" }, "geometry": { "type": "Point", "coordinates": [ 139.736147100000011, 35.7040102 ] } },
{ "type": "Feature", "properties": { "amenity_id": 2987, "kind": "shop", "name": "La boîte（ラ・ボワット）", "detail": "restaurant" }, "geometry": { "type": "Point", "coordinates": [ 139.7365421, 35.7034119 ] } },
{ "type": "Feature", "properties": { "amenity_id": 2988, "kind": "shop", "name": "阿波徳島中華そば うだつ食堂", "detail": "restaurant" }, "geometry": { "type": "Point", "coordinates": [ 139.7231801, 35.7107875 ] } },
{ "type": "Feature", "properties": { "amenity_id": 2989, "kind": "shop", "name": "ファミリーマート", "detail": "convenience" }, "geometry": { "type": "Point", "coordinates": [ 139.701087700000016, 35.6954398 ] } },
{ "type": "Feature", "properties": { "amenity_id": 2990, "kind": "shop", "name": "ローソン", "detail": "convenience" }, "geometry": { "type": "Point", "coordinates": [ 139.7109194, 35.6886996 ] } },
{ "type": "Feature", "properties": { "amenity_id": 2991, "kind": "shop", "name": "Deathmatch in Hell", "detail": "bar" }, "geometry": { "type": "Point", "coordinates": [ 139.704881100000023, 35.6939197 ] } },
{ "type": "Feature", "properties": { "amenity_id": 2992, "kind": "shop", "name": null, "detail": "restaurant" }, "geometry": { "type": "Point", "coordinates": [ 139.7004958, 35.6952144 ] } },
{ "type": "Feature", "properties": { "amenity_id": 2993, "kind": "shop", "name": null, "detail": "restaurant" }, "geometry": { "type": "Point", "coordinates": [ 139.7029987, 35.6938918 ] } },
{ "type": "Feature", "properties": { "amenity_id": 2994, "kind": "shop", "name": "Sushi Wasabi", "detail": "restaurant" }, "geometry": { "type": "Point", "coordinates": [ 139.720538800000014, 35.6882646 ] } },
{ "type": "Feature", "properties": { "amenity_id": 2995, "kind": "shop", "name": null, "detail": "laundry" }, "geometry": { "type": "Point", "coordinates": [ 139.703861100000012, 35.6976673 ] } },
{ "type": "Feature", "properties": { "amenity_id": 2996, "kind": "shop", "name": "切麦や 甚六", "detail": "restaurant" }, "geometry": { "type": "Point", "coordinates": [ 139.711893, 35.6891485 ] } },
{ "type": "Feature", "properties": { "amenity_id": 2997, "kind": "shop", "name": null, "detail": "restaurant" }, "geometry": { "type": "Point", "coordinates": [ 139.7127266, 35.687741 ] } },
{ "type": "Feature", "properties": { "amenity_id": 2998, "kind": "shop", "name": "セブン-イレブン", "detail": "convenience" }, "geometry": { "type": "Point", "coordinates": [ 139.7128606, 35.687798900000011 ] } },
{ "type": "Feature", "properties": { "amenity_id": 2999, "kind": "shop", "name": "Yotsuya Coffee\n四八珈琲", "detail": "cafe" }, "geometry": { "type": "Point", "coordinates": [ 139.715945300000016, 35.6881736 ] } },
{ "type": "Feature", "properties": { "amenity_id": 3000, "kind": "shop", "name": null, "detail": "cafe" }, "geometry": { "type": "Point", "coordinates": [ 139.695065, 35.6949507 ] } },
{ "type": "Feature", "properties": { "amenity_id": 3001, "kind": "shop", "name": "ゴーゴーカレー", "detail": "fast_food" }, "geometry": { "type": "Point", "coordinates": [ 139.700704300000012, 35.696338799999985 ] } },
{ "type": "Feature", "properties": { "amenity_id": 3002, "kind": "shop", "name": "REiS KEBAB", "detail": "fast_food" }, "geometry": { "type": "Point", "coordinates": [ 139.700402600000018, 35.6963716 ] } },
{ "type": "Feature", "properties": { "amenity_id": 3003, "kind": "shop", "name": "小料理屋ふじ", "detail": "restaurant" }, "geometry": { "type": "Point", "coordinates": [ 139.700396800000021, 35.6963985 ] } },
{ "type": "Feature", "properties": { "amenity_id": 3004, "kind": "shop", "name": "裏垢コンカフェURAAKA", "detail": "bar" }, "geometry": { "type": "Point", "coordinates": [ 139.7084721, 35.70100690000001 ] } },
{ "type": "Feature", "properties": { "amenity_id": 3005, "kind": "shop", "name": "すみよし", "detail": "fast_food" }, "geometry": { "type": "Point", "coordinates": [ 139.708332900000016, 35.70076980000001 ] } },
{ "type": "Feature", "properties": { "amenity_id": 3006, "kind": "shop", "name": "BLUESIX COFFEE", "detail": "cafe" }, "geometry": { "type": "Point", "coordinates": [ 139.71412650000002, 35.6754587 ] } },
{ "type": "Feature", "properties": { "amenity_id": 3007, "kind": "shop", "name": "麺匠 竹虎 本店", "detail": "restaurant" }, "geometry": { "type": "Point", "coordinates": [ 139.702415800000011, 35.6958969 ] } },
{ "type": "Feature", "properties": { "amenity_id": 3008, "kind": "shop", "name": null, "detail": "bar" }, "geometry": { "type": "Point", "coordinates": [ 139.7044611, 35.6937122 ] } },
{ "type": "Feature", "properties": { "amenity_id": 3009, "kind": "shop", "name": "ザ・ステーショングリル ルミネエスト新宿店", "detail": "restaurant" }, "geometry": { "type": "Point", "coordinates": [ 139.70126590000001, 35.6911095 ] } },
{ "type": "Feature", "properties": { "amenity_id": 3010, "kind": "shop", "name": "しゃぶしゃぶ温野菜", "detail": "restaurant" }, "geometry": { "type": "Point", "coordinates": [ 139.702111700000017, 35.6970972 ] } },
{ "type": "Feature", "properties": { "amenity_id": 3011, "kind": "shop", "name": "セブン-イレブン", "detail": "convenience" }, "geometry": { "type": "Point", "coordinates": [ 139.702607100000023, 35.6971556 ] } },
{ "type": "Feature", "properties": { "amenity_id": 3012, "kind": "shop", "name": "すんどう屋団 新宿店", "detail": "restaurant" }, "geometry": { "type": "Point", "coordinates": [ 139.7019027, 35.6967804 ] } },
{ "type": "Feature", "properties": { "amenity_id": 3013, "kind": "shop", "name": "小次郎", "detail": "restaurant" }, "geometry": { "type": "Point", "coordinates": [ 139.701853700000015, 35.6961438 ] } },
{ "type": "Feature", "properties": { "amenity_id": 3014, "kind": "shop", "name": "焼きあご塩ラーメン たかはし", "detail": "restaurant" }, "geometry": { "type": "Point", "coordinates": [ 139.701954400000034, 35.6958381 ] } },
{ "type": "Feature", "properties": { "amenity_id": 3015, "kind": "shop", "name": "Cocorotus Foodtruck", "detail": "fast_food" }, "geometry": { "type": "Point", "coordinates": [ 139.717511, 35.682399 ] } },
{ "type": "Feature", "properties": { "amenity_id": 3016, "kind": "shop", "name": "Yahatazushi", "detail": "restaurant" }, "geometry": { "type": "Point", "coordinates": [ 139.716395800000015, 35.7095758 ] } },
{ "type": "Feature", "properties": { "amenity_id": 3017, "kind": "shop", "name": "一蘭", "detail": "restaurant" }, "geometry": { "type": "Point", "coordinates": [ 139.702758, 35.690598 ] } },
{ "type": "Feature", "properties": { "amenity_id": 3018, "kind": "shop", "name": "つけめんTETSU", "detail": "restaurant" }, "geometry": { "type": "Point", "coordinates": [ 139.698709, 35.6898183 ] } },
{ "type": "Feature", "properties": { "amenity_id": 3019, "kind": "shop", "name": null, "detail": "restaurant" }, "geometry": { "type": "Point", "coordinates": [ 139.7198419, 35.7107096 ] } },
{ "type": "Feature", "properties": { "amenity_id": 3020, "kind": "shop", "name": "韓国居酒屋＆チキン ウリジップ", "detail": "restaurant" }, "geometry": { "type": "Point", "coordinates": [ 139.693834400000014, 35.7018943 ] } },
{ "type": "Feature", "properties": { "amenity_id": 3021, "kind": "shop", "name": "つるとんたん", "detail": "restaurant" }, "geometry": { "type": "Point", "coordinates": [ 139.703138200000012, 35.6953477 ] } },
{ "type": "Feature", "properties": { "amenity_id": 3022, "kind": "shop", "name": "餃子専科Lee 新宿本店", "detail": "restaurant" }, "geometry": { "type": "Point", "coordinates": [ 139.7046703, 35.6970936 ] } },
{ "type": "Feature", "properties": { "amenity_id": 3023, "kind": "shop", "name": "スターバックス", "detail": "cafe" }, "geometry": { "type": "Point", "coordinates": [ 139.7137897, 35.674798 ] } },
{ "type": "Feature", "properties": { "amenity_id": 3024, "kind": "shop", "name": null, "detail": "restaurant" }, "geometry": { "type": "Point", "coordinates": [ 139.714420900000022, 35.6752814 ] } },
{ "type": "Feature", "properties": { "amenity_id": 3025, "kind": "shop", "name": "Meiji Cafe", "detail": "cafe" }, "geometry": { "type": "Point", "coordinates": [ 139.713297, 35.674789 ] } },
{ "type": "Feature", "properties": { "amenity_id": 3026, "kind": "shop", "name": "バーガーキング", "detail": "fast_food" }, "geometry": { "type": "Point", "coordinates": [ 139.719875500000029, 35.6800213 ] } },
{ "type": "Feature", "properties": { "amenity_id": 3027, "kind": "shop", "name": "ケンタッキーフライドチキン", "detail": "fast_food" }, "geometry": { "type": "Point", "coordinates": [ 139.699599300000017, 35.7121412 ] } },
{ "type": "Feature", "properties": { "amenity_id": 3028, "kind": "shop", "name": "セブン-イレブン", "detail": "convenience" }, "geometry": { "type": "Point", "coordinates": [ 139.700868500000013, 35.7130445 ] } },
{ "type": "Feature", "properties": { "amenity_id": 3029, "kind": "shop", "name": "SHWE BABA", "detail": "restaurant" }, "geometry": { "type": "Point", "coordinates": [ 139.700605700000011, 35.712905500000012 ] } },
{ "type": "Feature", "properties": { "amenity_id": 3030, "kind": "shop", "name": "西友", "detail": "supermarket" }, "geometry": { "type": "Point", "coordinates": [ 139.7017429, 35.7135677 ] } },
{ "type": "Feature", "properties": { "amenity_id": 3031, "kind": "shop", "name": "ファミリーマート", "detail": "convenience" }, "geometry": { "type": "Point", "coordinates": [ 139.7027778, 35.7135704 ] } },
{ "type": "Feature", "properties": { "amenity_id": 3032, "kind": "shop", "name": "星乃珈琲店", "detail": "cafe" }, "geometry": { "type": "Point", "coordinates": [ 139.7058337, 35.7132422 ] } },
{ "type": "Feature", "properties": { "amenity_id": 3033, "kind": "shop", "name": "くら寿司", "detail": "fast_food" }, "geometry": { "type": "Point", "coordinates": [ 139.704880800000012, 35.7137874 ] } },
{ "type": "Feature", "properties": { "amenity_id": 3034, "kind": "shop", "name": "松屋", "detail": "fast_food" }, "geometry": { "type": "Point", "coordinates": [ 139.70191250000002, 35.71333880000001 ] } },
{ "type": "Feature", "properties": { "amenity_id": 3035, "kind": "shop", "name": "ガスト", "detail": "restaurant" }, "geometry": { "type": "Point", "coordinates": [ 139.7022198, 35.7133807 ] } },
{ "type": "Feature", "properties": { "amenity_id": 3036, "kind": "shop", "name": "ルノアール", "detail": "cafe" }, "geometry": { "type": "Point", "coordinates": [ 139.7042591, 35.7119672 ] } },
{ "type": "Feature", "properties": { "amenity_id": 3037, "kind": "shop", "name": "ミスタードーナツ", "detail": "fast_food" }, "geometry": { "type": "Point", "coordinates": [ 139.704135800000017, 35.71164790000001 ] } },
{ "type": "Feature", "properties": { "amenity_id": 3038, "kind": "shop", "name": "すき家", "detail": "fast_food" }, "geometry": { "type": "Point", "coordinates": [ 139.7043557, 35.7115345 ] } },
{ "type": "Feature", "properties": { "amenity_id": 3039, "kind": "shop", "name": "しゃぶ葉", "detail": "restaurant" }, "geometry": { "type": "Point", "coordinates": [ 139.70395480000002, 35.7112034 ] } },
{ "type": "Feature", "properties": { "amenity_id": 3040, "kind": "shop", "name": "ほっともっと", "detail": "fast_food" }, "geometry": { "type": "Point", "coordinates": [ 139.703460800000016, 35.7100793 ] } },
{ "type": "Feature", "properties": { "amenity_id": 3041, "kind": "shop", "name": "Masala Station", "detail": "restaurant" }, "geometry": { "type": "Point", "coordinates": [ 139.7057943, 35.6949451 ] } },
{ "type": "Feature", "properties": { "amenity_id": 3042, "kind": "shop", "name": "Anusa", "detail": "restaurant" }, "geometry": { "type": "Point", "coordinates": [ 139.7054364, 35.6948706 ] } },
{ "type": "Feature", "properties": { "amenity_id": 3043, "kind": "shop", "name": "アリーズケバブ 四谷店", "detail": "restaurant" }, "geometry": { "type": "Point", "coordinates": [ 139.720039900000017, 35.686394 ] } },
{ "type": "Feature", "properties": { "amenity_id": 3044, "kind": "shop", "name": "Dona", "detail": "restaurant" }, "geometry": { "type": "Point", "coordinates": [ 139.7023279, 35.6929312 ] } },
{ "type": "Feature", "properties": { "amenity_id": 3045, "kind": "shop", "name": "セブン-イレブン", "detail": "convenience" }, "geometry": { "type": "Point", "coordinates": [ 139.70522, 35.6901399 ] } },
{ "type": "Feature", "properties": { "amenity_id": 3046, "kind": "shop", "name": "Bagus", "detail": "bar" }, "geometry": { "type": "Point", "coordinates": [ 139.7033217, 35.6928763 ] } },
{ "type": "Feature", "properties": { "amenity_id": 3047, "kind": "shop", "name": null, "detail": "laundry" }, "geometry": { "type": "Point", "coordinates": [ 139.7087866, 35.6944544 ] } },
{ "type": "Feature", "properties": { "amenity_id": 3048, "kind": "shop", "name": "Bar Composition", "detail": "bar" }, "geometry": { "type": "Point", "coordinates": [ 139.697216600000019, 35.6887561 ] } },
{ "type": "Feature", "properties": { "amenity_id": 3049, "kind": "shop", "name": "アカアマコーヒー", "detail": "cafe" }, "geometry": { "type": "Point", "coordinates": [ 139.724253, 35.7080631 ] } },
{ "type": "Feature", "properties": { "amenity_id": 3050, "kind": "shop", "name": "ファミリーマート", "detail": "convenience" }, "geometry": { "type": "Point", "coordinates": [ 139.6967516, 35.6908805 ] } },
{ "type": "Feature", "properties": { "amenity_id": 3051, "kind": "shop", "name": null, "detail": "clothes" }, "geometry": { "type": "Point", "coordinates": [ 139.7057853, 35.6900306 ] } },
{ "type": "Feature", "properties": { "amenity_id": 3052, "kind": "shop", "name": null, "detail": "bakery" }, "geometry": { "type": "Point", "coordinates": [ 139.701089700000011, 35.7129456 ] } },
{ "type": "Feature", "properties": { "amenity_id": 3053, "kind": "shop", "name": "横濱炸鶏排", "detail": "fast_food" }, "geometry": { "type": "Point", "coordinates": [ 139.7050582, 35.71309620000001 ] } },
{ "type": "Feature", "properties": { "amenity_id": 3054, "kind": "shop", "name": "正新鸡排", "detail": "fast_food" }, "geometry": { "type": "Point", "coordinates": [ 139.7064028, 35.7124235 ] } },
{ "type": "Feature", "properties": { "amenity_id": 3055, "kind": "shop", "name": "ミニストップ", "detail": "convenience" }, "geometry": { "type": "Point", "coordinates": [ 139.722969300000017, 35.6881598 ] } },
{ "type": "Feature", "properties": { "amenity_id": 3056, "kind": "shop", "name": null, "detail": "cafe" }, "geometry": { "type": "Point", "coordinates": [ 139.716080300000016, 35.6878395 ] } },
{ "type": "Feature", "properties": { "amenity_id": 3057, "kind": "shop", "name": "ドトールコーヒーショップ", "detail": "cafe" }, "geometry": { "type": "Point", "coordinates": [ 139.7011094, 35.693534 ] } },
{ "type": "Feature", "properties": { "amenity_id": 3058, "kind": "shop", "name": "福は内", "detail": "restaurant" }, "geometry": { "type": "Point", "coordinates": [ 139.721692600000011, 35.6927201 ] } },
{ "type": "Feature", "properties": { "amenity_id": 3059, "kind": "shop", "name": null, "detail": "restaurant" }, "geometry": { "type": "Point", "coordinates": [ 139.7034343, 35.69070760000001 ] } },
{ "type": "Feature", "properties": { "amenity_id": 3060, "kind": "shop", "name": "叙々苑", "detail": "restaurant" }, "geometry": { "type": "Point", "coordinates": [ 139.720502900000014, 35.6876538 ] } },
{ "type": "Feature", "properties": { "amenity_id": 3061, "kind": "shop", "name": "勝牛", "detail": "restaurant" }, "geometry": { "type": "Point", "coordinates": [ 139.7206473, 35.6877898 ] } },
{ "type": "Feature", "properties": { "amenity_id": 3062, "kind": "shop", "name": "Poss", "detail": "cafe" }, "geometry": { "type": "Point", "coordinates": [ 139.7078252, 35.6900445 ] } },
{ "type": "Feature", "properties": { "amenity_id": 3063, "kind": "shop", "name": "富士そば", "detail": "fast_food" }, "geometry": { "type": "Point", "coordinates": [ 139.705368600000014, 35.6919941 ] } },
{ "type": "Feature", "properties": { "amenity_id": 3064, "kind": "shop", "name": "ファミリーマート", "detail": "convenience" }, "geometry": { "type": "Point", "coordinates": [ 139.6971791, 35.69223010000001 ] } },
{ "type": "Feature", "properties": { "amenity_id": 3065, "kind": "shop", "name": "すずちゅう", "detail": "clothes" }, "geometry": { "type": "Point", "coordinates": [ 139.7033974, 35.6908469 ] } },
{ "type": "Feature", "properties": { "amenity_id": 3066, "kind": "shop", "name": "カレーショップC&C 新線新宿店", "detail": "restaurant" }, "geometry": { "type": "Point", "coordinates": [ 139.6993682, 35.6888267 ] } },
{ "type": "Feature", "properties": { "amenity_id": 3067, "kind": "shop", "name": "Mijas Curry House", "detail": "restaurant" }, "geometry": { "type": "Point", "coordinates": [ 139.710302500000012, 35.6984957 ] } },
{ "type": "Feature", "properties": { "amenity_id": 3068, "kind": "shop", "name": "Global Cuisine Gazebo Tokyo", "detail": "restaurant" }, "geometry": { "type": "Point", "coordinates": [ 139.6999753, 35.7024433 ] } },
{ "type": "Feature", "properties": { "amenity_id": 3069, "kind": "shop", "name": "ごっつい 神楽坂店", "detail": "restaurant" }, "geometry": { "type": "Point", "coordinates": [ 139.7421649, 35.7007426 ] } },
{ "type": "Feature", "properties": { "amenity_id": 3070, "kind": "shop", "name": "Vert", "detail": "cafe" }, "geometry": { "type": "Point", "coordinates": [ 139.74079370000004, 35.7019568 ] } },
{ "type": "Feature", "properties": { "amenity_id": 3071, "kind": "shop", "name": "メーヤウ", "detail": "restaurant" }, "geometry": { "type": "Point", "coordinates": [ 139.719901100000016, 35.6825993 ] } },
{ "type": "Feature", "properties": { "amenity_id": 3072, "kind": "shop", "name": "Leon", "detail": "bar" }, "geometry": { "type": "Point", "coordinates": [ 139.705747800000012, 35.6930589 ] } },
{ "type": "Feature", "properties": { "amenity_id": 3073, "kind": "shop", "name": "Fiesta", "detail": "bar" }, "geometry": { "type": "Point", "coordinates": [ 139.7020737, 35.6946781 ] } },
{ "type": "Feature", "properties": { "amenity_id": 3074, "kind": "shop", "name": "ファミリーマート", "detail": "convenience" }, "geometry": { "type": "Point", "coordinates": [ 139.710295200000019, 35.6917656 ] } },
{ "type": "Feature", "properties": { "amenity_id": 3075, "kind": "shop", "name": "キッチンオリジン", "detail": "fast_food" }, "geometry": { "type": "Point", "coordinates": [ 139.712086100000022, 35.6915438 ] } },
{ "type": "Feature", "properties": { "amenity_id": 3076, "kind": "shop", "name": "Sin Rumbo", "detail": "bar" }, "geometry": { "type": "Point", "coordinates": [ 139.726787600000023, 35.6879336 ] } },
{ "type": "Feature", "properties": { "amenity_id": 3077, "kind": "shop", "name": "ユニクロ", "detail": "cafe" }, "geometry": { "type": "Point", "coordinates": [ 139.7032064, 35.6914222 ] } },
{ "type": "Feature", "properties": { "amenity_id": 3078, "kind": "shop", "name": "Caseiro bar", "detail": "bar" }, "geometry": { "type": "Point", "coordinates": [ 139.70820980000002, 35.6896487 ] } },
{ "type": "Feature", "properties": { "amenity_id": 3079, "kind": "shop", "name": "Topdandy Real", "detail": "bar" }, "geometry": { "type": "Point", "coordinates": [ 139.703740900000014, 35.69699 ] } },
{ "type": "Feature", "properties": { "amenity_id": 3080, "kind": "shop", "name": "からげんき", "detail": "fast_food" }, "geometry": { "type": "Point", "coordinates": [ 139.700565900000015, 35.6948364 ] } },
{ "type": "Feature", "properties": { "amenity_id": 3081, "kind": "shop", "name": "大衆割烹あそう", "detail": "restaurant" }, "geometry": { "type": "Point", "coordinates": [ 139.700751700000012, 35.6948021 ] } },
{ "type": "Feature", "properties": { "amenity_id": 3082, "kind": "shop", "name": "恋心ぷりんせす", "detail": "bar" }, "geometry": { "type": "Point", "coordinates": [ 139.703700100000049, 35.6972734 ] } },
{ "type": "Feature", "properties": { "amenity_id": 3083, "kind": "shop", "name": "Rozengarden", "detail": "bar" }, "geometry": { "type": "Point", "coordinates": [ 139.703732300000013, 35.6972456 ] } },
{ "type": "Feature", "properties": { "amenity_id": 3084, "kind": "shop", "name": "Decent", "detail": "bar" }, "geometry": { "type": "Point", "coordinates": [ 139.7036813, 35.697043 ] } },
{ "type": "Feature", "properties": { "amenity_id": 3085, "kind": "shop", "name": "ファミリーマート", "detail": "convenience" }, "geometry": { "type": "Point", "coordinates": [ 139.70070960000001, 35.6951428 ] } },
{ "type": "Feature", "properties": { "amenity_id": 3086, "kind": "shop", "name": "みらいぷらんと", "detail": "bar" }, "geometry": { "type": "Point", "coordinates": [ 139.7006882, 35.6951697 ] } },
{ "type": "Feature", "properties": { "amenity_id": 3087, "kind": "shop", "name": "SOD LAND", "detail": "bar" }, "geometry": { "type": "Point", "coordinates": [ 139.701008300000012, 35.6950533 ] } },
{ "type": "Feature", "properties": { "amenity_id": 3088, "kind": "shop", "name": "ファミリーマート", "detail": "convenience" }, "geometry": { "type": "Point", "coordinates": [ 139.701439100000016, 35.6947856 ] } },
{ "type": "Feature", "properties": { "amenity_id": 3089, "kind": "shop", "name": null, "detail": "fast_food" }, "geometry": { "type": "Point", "coordinates": [ 139.701413700000018, 35.6947091 ] } },
{ "type": "Feature", "properties": { "amenity_id": 3090, "kind": "shop", "name": "Hanabiya", "detail": "restaurant" }, "geometry": { "type": "Point", "coordinates": [ 139.6981317, 35.6952148 ] } },
{ "type": "Feature", "properties": { "amenity_id": 3091, "kind": "shop", "name": "サイゼリヤ", "detail": "restaurant" }, "geometry": { "type": "Point", "coordinates": [ 139.7042361, 35.7125709 ] } },
{ "type": "Feature", "properties": { "amenity_id": 3092, "kind": "shop", "name": "ファミリーマート", "detail": "convenience" }, "geometry": { "type": "Point", "coordinates": [ 139.704207700000012, 35.713572400000011 ] } },
{ "type": "Feature", "properties": { "amenity_id": 3093, "kind": "shop", "name": "NewDays", "detail": "convenience" }, "geometry": { "type": "Point", "coordinates": [ 139.7039743, 35.7136565 ] } },
{ "type": "Feature", "properties": { "amenity_id": 3094, "kind": "shop", "name": "NewDays", "detail": "convenience" }, "geometry": { "type": "Point", "coordinates": [ 139.703912700000018, 35.7135316 ] } },
{ "type": "Feature", "properties": { "amenity_id": 3095, "kind": "shop", "name": "NewDays", "detail": "convenience" }, "geometry": { "type": "Point", "coordinates": [ 139.700132100000019, 35.7013586 ] } },
{ "type": "Feature", "properties": { "amenity_id": 3096, "kind": "shop", "name": "まいばすけっと", "detail": "supermarket" }, "geometry": { "type": "Point", "coordinates": [ 139.69668870000001, 35.698433 ] } },
{ "type": "Feature", "properties": { "amenity_id": 3097, "kind": "shop", "name": "てるなり", "detail": "restaurant" }, "geometry": { "type": "Point", "coordinates": [ 139.721191, 35.689947 ] } },
{ "type": "Feature", "properties": { "amenity_id": 3098, "kind": "shop", "name": "マクドナルド", "detail": "fast_food" }, "geometry": { "type": "Point", "coordinates": [ 139.6990441, 35.7014385 ] } },
{ "type": "Feature", "properties": { "amenity_id": 3099, "kind": "shop", "name": "Chop Life African tokyo", "detail": "restaurant" }, "geometry": { "type": "Point", "coordinates": [ 139.7011319, 35.6944279 ] } },
{ "type": "Feature", "properties": { "amenity_id": 3100, "kind": "shop", "name": "Spontini", "detail": "restaurant" }, "geometry": { "type": "Point", "coordinates": [ 139.700690300000019, 35.6931225 ] } },
{ "type": "Feature", "properties": { "amenity_id": 3101, "kind": "shop", "name": "セブン-イレブン", "detail": "convenience" }, "geometry": { "type": "Point", "coordinates": [ 139.707347200000015, 35.712825 ] } },
{ "type": "Feature", "properties": { "amenity_id": 3102, "kind": "shop", "name": "ガスト", "detail": "restaurant" }, "geometry": { "type": "Point", "coordinates": [ 139.7014222, 35.6904144 ] } },
{ "type": "Feature", "properties": { "amenity_id": 3103, "kind": "shop", "name": null, "detail": "cafe" }, "geometry": { "type": "Point", "coordinates": [ 139.719832200000013, 35.7097087 ] } },
{ "type": "Feature", "properties": { "amenity_id": 3104, "kind": "shop", "name": "Ishi-usubiki Nihachi Soba Sobashiki Yotsuya", "detail": "restaurant" }, "geometry": { "type": "Point", "coordinates": [ 139.72855370000002, 35.6877379 ] } },
{ "type": "Feature", "properties": { "amenity_id": 3105, "kind": "shop", "name": "ファミリーマート", "detail": "convenience" }, "geometry": { "type": "Point", "coordinates": [ 139.679715500000015, 35.7177676 ] } },
{ "type": "Feature", "properties": { "amenity_id": 3106, "kind": "shop", "name": "珈琲タイムス", "detail": "cafe" }, "geometry": { "type": "Point", "coordinates": [ 139.7024467, 35.6901785 ] } },
{ "type": "Feature", "properties": { "amenity_id": 3107, "kind": "shop", "name": "Cois Espresso Club", "detail": "cafe" }, "geometry": { "type": "Point", "coordinates": [ 139.7109016, 35.6881549 ] } },
{ "type": "Feature", "properties": { "amenity_id": 3108, "kind": "shop", "name": "Cois Espresso Club", "detail": "cafe" }, "geometry": { "type": "Point", "coordinates": [ 139.7010453, 35.7012587 ] } },
{ "type": "Feature", "properties": { "amenity_id": 3109, "kind": "shop", "name": "神楽坂タイレストラン", "detail": "restaurant" }, "geometry": { "type": "Point", "coordinates": [ 139.7365945, 35.7034798 ] } },
{ "type": "Feature", "properties": { "amenity_id": 3110, "kind": "shop", "name": "Girl's Bar Vivi", "detail": "bar" }, "geometry": { "type": "Point", "coordinates": [ 139.702026, 35.6963566 ] } },
{ "type": "Feature", "properties": { "amenity_id": 3111, "kind": "shop", "name": "神田たまごけん", "detail": "restaurant" }, "geometry": { "type": "Point", "coordinates": [ 139.697700600000019, 35.6883907 ] } },
{ "type": "Feature", "properties": { "amenity_id": 3112, "kind": "shop", "name": null, "detail": "restaurant" }, "geometry": { "type": "Point", "coordinates": [ 139.6950952, 35.6941926 ] } },
{ "type": "Feature", "properties": { "amenity_id": 3113, "kind": "shop", "name": "agit アジト", "detail": "bar" }, "geometry": { "type": "Point", "coordinates": [ 139.7090258, 35.6909779 ] } },
{ "type": "Feature", "properties": { "amenity_id": 3114, "kind": "shop", "name": "メロンとロマン", "detail": "cafe" }, "geometry": { "type": "Point", "coordinates": [ 139.7393974, 35.70090840000001 ] } },
{ "type": "Feature", "properties": { "amenity_id": 3115, "kind": "shop", "name": "カフェ ラ・ボエム 新宿御苑", "detail": "restaurant" }, "geometry": { "type": "Point", "coordinates": [ 139.712820100000016, 35.687571 ] } },
{ "type": "Feature", "properties": { "amenity_id": 3116, "kind": "shop", "name": "New Sazae", "detail": "bar" }, "geometry": { "type": "Point", "coordinates": [ 139.7079894, 35.6909632 ] } },
{ "type": "Feature", "properties": { "amenity_id": 3117, "kind": "shop", "name": "Café Barいーぐる", "detail": "cafe" }, "geometry": { "type": "Point", "coordinates": [ 139.7281687, 35.6864977 ] } },
{ "type": "Feature", "properties": { "amenity_id": 3118, "kind": "shop", "name": "milkplanet", "detail": "bar" }, "geometry": { "type": "Point", "coordinates": [ 139.702341100000012, 35.6945597 ] } },
{ "type": "Feature", "properties": { "amenity_id": 3119, "kind": "shop", "name": "GU", "detail": "clothes" }, "geometry": { "type": "Point", "coordinates": [ 139.703294200000045, 35.691399 ] } },
{ "type": "Feature", "properties": { "amenity_id": 3120, "kind": "shop", "name": "韓国広場", "detail": "supermarket" }, "geometry": { "type": "Point", "coordinates": [ 139.703617900000012, 35.698059 ] } },
{ "type": "Feature", "properties": { "amenity_id": 3121, "kind": "shop", "name": "ファミリーマート", "detail": "convenience" }, "geometry": { "type": "Point", "coordinates": [ 139.7039412, 35.698481 ] } },
{ "type": "Feature", "properties": { "amenity_id": 3122, "kind": "shop", "name": "セマウル食堂", "detail": "restaurant" }, "geometry": { "type": "Point", "coordinates": [ 139.701346, 35.6982638 ] } },
{ "type": "Feature", "properties": { "amenity_id": 3123, "kind": "shop", "name": "ダルビッマル", "detail": "restaurant" }, "geometry": { "type": "Point", "coordinates": [ 139.7013968, 35.6982691 ] } },
{ "type": "Feature", "properties": { "amenity_id": 3124, "kind": "shop", "name": "Good Munchies", "detail": "restaurant" }, "geometry": { "type": "Point", "coordinates": [ 139.711529, 35.6883031 ] } },
{ "type": "Feature", "properties": { "amenity_id": 3125, "kind": "shop", "name": "イベリ家", "detail": "restaurant" }, "geometry": { "type": "Point", "coordinates": [ 139.711994300000015, 35.68865610000001 ] } },
{ "type": "Feature", "properties": { "amenity_id": 3126, "kind": "shop", "name": "リンガーハット", "detail": "restaurant" }, "geometry": { "type": "Point", "coordinates": [ 139.7019391, 35.695348 ] } },
{ "type": "Feature", "properties": { "amenity_id": 3127, "kind": "shop", "name": "利しり", "detail": "restaurant" }, "geometry": { "type": "Point", "coordinates": [ 139.7028909, 35.6959641 ] } },
{ "type": "Feature", "properties": { "amenity_id": 3128, "kind": "shop", "name": "Black Duck Cafe", "detail": "cafe" }, "geometry": { "type": "Point", "coordinates": [ 139.6970019, 35.715284100000012 ] } },
{ "type": "Feature", "properties": { "amenity_id": 3129, "kind": "shop", "name": "Sumifuku Lounge", "detail": "cafe" }, "geometry": { "type": "Point", "coordinates": [ 139.7064459, 35.700929 ] } },
{ "type": "Feature", "properties": { "amenity_id": 3130, "kind": "shop", "name": "Cafe Zukke", "detail": "cafe" }, "geometry": { "type": "Point", "coordinates": [ 139.707433, 35.690613500000012 ] } },
{ "type": "Feature", "properties": { "amenity_id": 3131, "kind": "shop", "name": "Aneglo", "detail": "bar" }, "geometry": { "type": "Point", "coordinates": [ 139.706622, 35.6910297 ] } },
{ "type": "Feature", "properties": { "amenity_id": 3132, "kind": "shop", "name": "Beer Bistro", "detail": "bar" }, "geometry": { "type": "Point", "coordinates": [ 139.706467700000019, 35.691105 ] } },
{ "type": "Feature", "properties": { "amenity_id": 3133, "kind": "shop", "name": "Hermès", "detail": "clothes" }, "geometry": { "type": "Point", "coordinates": [ 139.705241300000012, 35.6918472 ] } },
{ "type": "Feature", "properties": { "amenity_id": 3134, "kind": "shop", "name": "ファミリーマート", "detail": "convenience" }, "geometry": { "type": "Point", "coordinates": [ 139.7034075, 35.692501300000011 ] } },
{ "type": "Feature", "properties": { "amenity_id": 3135, "kind": "shop", "name": "Ramen Gallon", "detail": "restaurant" }, "geometry": { "type": "Point", "coordinates": [ 139.7046057, 35.6943134 ] } },
{ "type": "Feature", "properties": { "amenity_id": 3136, "kind": "shop", "name": null, "detail": "bar" }, "geometry": { "type": "Point", "coordinates": [ 139.7047502, 35.694029 ] } },
{ "type": "Feature", "properties": { "amenity_id": 3137, "kind": "shop", "name": "Karamen Hanabi", "detail": "restaurant" }, "geometry": { "type": "Point", "coordinates": [ 139.70481620000001, 35.6948565 ] } },
{ "type": "Feature", "properties": { "amenity_id": 3138, "kind": "shop", "name": "鳥良商店", "detail": "restaurant" }, "geometry": { "type": "Point", "coordinates": [ 139.7037148, 35.693419 ] } },
{ "type": "Feature", "properties": { "amenity_id": 3139, "kind": "shop", "name": "NewDays", "detail": "convenience" }, "geometry": { "type": "Point", "coordinates": [ 139.7006412, 35.6897114 ] } },
{ "type": "Feature", "properties": { "amenity_id": 3140, "kind": "shop", "name": "NewDays", "detail": "convenience" }, "geometry": { "type": "Point", "coordinates": [ 139.700123, 35.6897443 ] } },
{ "type": "Feature", "properties": { "amenity_id": 3141, "kind": "shop", "name": "TacoFeliz", "detail": "restaurant" }, "geometry": { "type": "Point", "coordinates": [ 139.732945200000017, 35.7001851 ] } },
{ "type": "Feature", "properties": { "amenity_id": 3142, "kind": "shop", "name": "アモローソ", "detail": "restaurant" }, "geometry": { "type": "Point", "coordinates": [ 139.7337832, 35.69866420000001 ] } },
{ "type": "Feature", "properties": { "amenity_id": 3143, "kind": "shop", "name": null, "detail": "restaurant" }, "geometry": { "type": "Point", "coordinates": [ 139.7008451, 35.6945331 ] } },
{ "type": "Feature", "properties": { "amenity_id": 3144, "kind": "shop", "name": "Café la Voie", "detail": "cafe" }, "geometry": { "type": "Point", "coordinates": [ 139.6962312, 35.689748 ] } },
{ "type": "Feature", "properties": { "amenity_id": 3145, "kind": "shop", "name": "Tokyo Tsukemen", "detail": "restaurant" }, "geometry": { "type": "Point", "coordinates": [ 139.7019003, 35.6944176 ] } },
{ "type": "Feature", "properties": { "amenity_id": 3146, "kind": "shop", "name": "東京海老トマト 四ツ谷", "detail": "restaurant" }, "geometry": { "type": "Point", "coordinates": [ 139.7191563, 35.6880474 ] } },
{ "type": "Feature", "properties": { "amenity_id": 3147, "kind": "shop", "name": "Ginza Happo", "detail": "restaurant" }, "geometry": { "type": "Point", "coordinates": [ 139.7050845, 35.6928404 ] } },
{ "type": "Feature", "properties": { "amenity_id": 3148, "kind": "shop", "name": "うなぎ 源氏", "detail": "restaurant" }, "geometry": { "type": "Point", "coordinates": [ 139.6834203, 35.7121098 ] } },
{ "type": "Feature", "properties": { "amenity_id": 3149, "kind": "shop", "name": "スシロー", "detail": "fast_food" }, "geometry": { "type": "Point", "coordinates": [ 139.699678, 35.6924462 ] } },
{ "type": "Feature", "properties": { "amenity_id": 3150, "kind": "shop", "name": "Happy Lemon", "detail": "cafe" }, "geometry": { "type": "Point", "coordinates": [ 139.6991236, 35.6910713 ] } },
{ "type": "Feature", "properties": { "amenity_id": 3151, "kind": "shop", "name": "満来", "detail": "restaurant" }, "geometry": { "type": "Point", "coordinates": [ 139.697804500000018, 35.6930053 ] } },
{ "type": "Feature", "properties": { "amenity_id": 3152, "kind": "shop", "name": "牛家兄弟", "detail": "restaurant" }, "geometry": { "type": "Point", "coordinates": [ 139.698439300000018, 35.692914 ] } },
{ "type": "Feature", "properties": { "amenity_id": 3153, "kind": "shop", "name": "WANG", "detail": "restaurant" }, "geometry": { "type": "Point", "coordinates": [ 139.6987785, 35.69283 ] } },
{ "type": "Feature", "properties": { "amenity_id": 3154, "kind": "shop", "name": "横浜道", "detail": "restaurant" }, "geometry": { "type": "Point", "coordinates": [ 139.6987422, 35.6928197 ] } },
{ "type": "Feature", "properties": { "amenity_id": 3155, "kind": "shop", "name": "おでん屋たけし", "detail": "restaurant" }, "geometry": { "type": "Point", "coordinates": [ 139.698947200000021, 35.6928049 ] } },
{ "type": "Feature", "properties": { "amenity_id": 3156, "kind": "shop", "name": "ルノアール", "detail": "cafe" }, "geometry": { "type": "Point", "coordinates": [ 139.6990414, 35.6929463 ] } },
{ "type": "Feature", "properties": { "amenity_id": 3157, "kind": "shop", "name": "ロイヤルホスト", "detail": "restaurant" }, "geometry": { "type": "Point", "coordinates": [ 139.692696900000016, 35.6925971 ] } },
{ "type": "Feature", "properties": { "amenity_id": 3158, "kind": "shop", "name": "もんじ", "detail": "restaurant" }, "geometry": { "type": "Point", "coordinates": [ 139.6996091, 35.6924258 ] } },
{ "type": "Feature", "properties": { "amenity_id": 3159, "kind": "shop", "name": "凛", "detail": "bar" }, "geometry": { "type": "Point", "coordinates": [ 139.6977038, 35.6930163 ] } },
{ "type": "Feature", "properties": { "amenity_id": 3160, "kind": "shop", "name": "Mixue", "detail": "cafe" }, "geometry": { "type": "Point", "coordinates": [ 139.6993555, 35.7016418 ] } },
{ "type": "Feature", "properties": { "amenity_id": 3161, "kind": "shop", "name": "Shisha Cafe&Bar Nexus", "detail": "bar" }, "geometry": { "type": "Point", "coordinates": [ 139.703617800000018, 35.6959 ] } },
{ "type": "Feature", "properties": { "amenity_id": 3162, "kind": "shop", "name": "丸亀製麺", "detail": "fast_food" }, "geometry": { "type": "Point", "coordinates": [ 139.687252600000022, 35.68247430000001 ] } },
{ "type": "Feature", "properties": { "amenity_id": 3163, "kind": "shop", "name": "叙々苑", "detail": "restaurant" }, "geometry": { "type": "Point", "coordinates": [ 139.686807, 35.6830784 ] } },
{ "type": "Feature", "properties": { "amenity_id": 3164, "kind": "shop", "name": "インド料理 ガンジス 東京オペラシティ店", "detail": "restaurant" }, "geometry": { "type": "Point", "coordinates": [ 139.6875368, 35.6825188 ] } },
{ "type": "Feature", "properties": { "amenity_id": 3165, "kind": "shop", "name": "ステーキ&タコス テキサス", "detail": "restaurant" }, "geometry": { "type": "Point", "coordinates": [ 139.687202500000012, 35.6826697 ] } },
{ "type": "Feature", "properties": { "amenity_id": 3166, "kind": "shop", "name": "金星パスタカフェ 東京オペラシティ店", "detail": "restaurant" }, "geometry": { "type": "Point", "coordinates": [ 139.68702780000001, 35.6825643 ] } },
{ "type": "Feature", "properties": { "amenity_id": 3167, "kind": "shop", "name": "大戸屋", "detail": "restaurant" }, "geometry": { "type": "Point", "coordinates": [ 139.687317800000017, 35.6827484 ] } },
{ "type": "Feature", "properties": { "amenity_id": 3168, "kind": "shop", "name": "成城石井", "detail": "supermarket" }, "geometry": { "type": "Point", "coordinates": [ 139.6874229, 35.6826259 ] } },
{ "type": "Feature", "properties": { "amenity_id": 3169, "kind": "shop", "name": "覇王樹 さぼてん本店", "detail": "restaurant" }, "geometry": { "type": "Point", "coordinates": [ 139.6869816, 35.6824935 ] } },
{ "type": "Feature", "properties": { "amenity_id": 3170, "kind": "shop", "name": "ロッテリア 東京オペラシティ店", "detail": "fast_food" }, "geometry": { "type": "Point", "coordinates": [ 139.68739530000002, 35.68266520000001 ] } },
{ "type": "Feature", "properties": { "amenity_id": 3171, "kind": "shop", "name": null, "detail": "hairdresser" }, "geometry": { "type": "Point", "coordinates": [ 139.697652, 35.689983 ] } },
{ "type": "Feature", "properties": { "amenity_id": 3172, "kind": "shop", "name": "山本家", "detail": "restaurant" }, "geometry": { "type": "Point", "coordinates": [ 139.697333, 35.6893137 ] } },
{ "type": "Feature", "properties": { "amenity_id": 3173, "kind": "shop", "name": "1ポンドステーキ専門店", "detail": "restaurant" }, "geometry": { "type": "Point", "coordinates": [ 139.6976181, 35.6892345 ] } },
{ "type": "Feature", "properties": { "amenity_id": 3174, "kind": "shop", "name": "まる福商店", "detail": "restaurant" }, "geometry": { "type": "Point", "coordinates": [ 139.697348300000016, 35.6893273 ] } },
{ "type": "Feature", "properties": { "amenity_id": 3175, "kind": "shop", "name": "元祖麻婆豆腐", "detail": "restaurant" }, "geometry": { "type": "Point", "coordinates": [ 139.697344300000026, 35.6893138 ] } },
{ "type": "Feature", "properties": { "amenity_id": 3176, "kind": "shop", "name": "Animeholic", "detail": "bar" }, "geometry": { "type": "Point", "coordinates": [ 139.704335400000019, 35.6937896 ] } },
{ "type": "Feature", "properties": { "amenity_id": 3177, "kind": "shop", "name": "Gkdiva Chocolate & Caffee", "detail": "cafe" }, "geometry": { "type": "Point", "coordinates": [ 139.743403700000016, 35.7006725 ] } },
{ "type": "Feature", "properties": { "amenity_id": 3178, "kind": "shop", "name": "Shogun Burger - Tokyu Kabukicho Tower", "detail": "fast_food" }, "geometry": { "type": "Point", "coordinates": [ 139.700828700000017, 35.6958891 ] } },
{ "type": "Feature", "properties": { "amenity_id": 3179, "kind": "shop", "name": "KHANA Indian Restaurant", "detail": "restaurant" }, "geometry": { "type": "Point", "coordinates": [ 139.687293300000022, 35.6916688 ] } },
{ "type": "Feature", "properties": { "amenity_id": 3180, "kind": "shop", "name": "和牛処 はらぺこ亭", "detail": "restaurant" }, "geometry": { "type": "Point", "coordinates": [ 139.700662600000015, 35.6930331 ] } },
{ "type": "Feature", "properties": { "amenity_id": 3181, "kind": "shop", "name": "マボカリ", "detail": "restaurant" }, "geometry": { "type": "Point", "coordinates": [ 139.6974615, 35.6883057 ] } },
{ "type": "Feature", "properties": { "amenity_id": 3182, "kind": "shop", "name": "Standing Sushi Bar", "detail": "restaurant" }, "geometry": { "type": "Point", "coordinates": [ 139.698008500000014, 35.6888155 ] } },
{ "type": "Feature", "properties": { "amenity_id": 3183, "kind": "shop", "name": "バーガーキング", "detail": "fast_food" }, "geometry": { "type": "Point", "coordinates": [ 139.6996201, 35.7014244 ] } },
{ "type": "Feature", "properties": { "amenity_id": 3184, "kind": "shop", "name": "CAFE BINGGO", "detail": "cafe" }, "geometry": { "type": "Point", "coordinates": [ 139.7011736, 35.70152 ] } },
{ "type": "Feature", "properties": { "amenity_id": 3185, "kind": "shop", "name": "Sanlucar Bar", "detail": "bar" }, "geometry": { "type": "Point", "coordinates": [ 139.735329700000023, 35.7036198 ] } },
{ "type": "Feature", "properties": { "amenity_id": 3186, "kind": "shop", "name": "EDEN CELLAR", "detail": "bar" }, "geometry": { "type": "Point", "coordinates": [ 139.735543800000016, 35.7041786 ] } },
{ "type": "Feature", "properties": { "amenity_id": 3187, "kind": "shop", "name": "Spirits Bar Sunface Shinjiku", "detail": "bar" }, "geometry": { "type": "Point", "coordinates": [ 139.696643200000011, 35.6894654 ] } },
{ "type": "Feature", "properties": { "amenity_id": 3188, "kind": "shop", "name": "ジェレマイア", "detail": "bar" }, "geometry": { "type": "Point", "coordinates": [ 139.7105823, 35.691715800000011 ] } },
{ "type": "Feature", "properties": { "amenity_id": 3189, "kind": "shop", "name": "Bar Pálinka", "detail": "bar" }, "geometry": { "type": "Point", "coordinates": [ 139.7405587, 35.7008978 ] } },
{ "type": "Feature", "properties": { "amenity_id": 3190, "kind": "shop", "name": "炭火焼鳥 どげん 本店", "detail": "restaurant" }, "geometry": { "type": "Point", "coordinates": [ 139.72199950000001, 35.6875767 ] } },
{ "type": "Feature", "properties": { "amenity_id": 3191, "kind": "shop", "name": "KABUKI 寿司", "detail": "restaurant" }, "geometry": { "type": "Point", "coordinates": [ 139.7006696, 35.696665 ] } },
{ "type": "Feature", "properties": { "amenity_id": 3192, "kind": "shop", "name": "Liquid Ruby", "detail": "bar" }, "geometry": { "type": "Point", "coordinates": [ 139.699136300000021, 35.6940563 ] } },
{ "type": "Feature", "properties": { "amenity_id": 3193, "kind": "shop", "name": "a BAR Sleeping Tales", "detail": "bar" }, "geometry": { "type": "Point", "coordinates": [ 139.7095964, 35.6887101 ] } },
{ "type": "Feature", "properties": { "amenity_id": 3194, "kind": "shop", "name": "立ち食いそばうどん 松石", "detail": "restaurant" }, "geometry": { "type": "Point", "coordinates": [ 139.705181900000014, 35.7130226 ] } },
{ "type": "Feature", "properties": { "amenity_id": 3195, "kind": "shop", "name": "BAR アオイハコ", "detail": "bar" }, "geometry": { "type": "Point", "coordinates": [ 139.7006658, 35.696591 ] } },
{ "type": "Feature", "properties": { "amenity_id": 3196, "kind": "shop", "name": "和食・天ぷら 里海里山", "detail": "restaurant" }, "geometry": { "type": "Point", "coordinates": [ 139.703394, 35.697062499999987 ] } },
{ "type": "Feature", "properties": { "amenity_id": 3197, "kind": "shop", "name": "まいどおおきに食堂 東新宿食堂", "detail": "restaurant" }, "geometry": { "type": "Point", "coordinates": [ 139.707396100000011, 35.6985291 ] } },
{ "type": "Feature", "properties": { "amenity_id": 3198, "kind": "shop", "name": "コーヒーショップKOOL", "detail": "cafe" }, "geometry": { "type": "Point", "coordinates": [ 139.701911, 35.6960129 ] } },
{ "type": "Feature", "properties": { "amenity_id": 3199, "kind": "shop", "name": "Levi's", "detail": "clothes" }, "geometry": { "type": "Point", "coordinates": [ 139.702839800000021, 35.6916332 ] } },
{ "type": "Feature", "properties": { "amenity_id": 3200, "kind": "shop", "name": "Georgian Bistro and Wine Bar Ajika", "detail": "restaurant" }, "geometry": { "type": "Point", "coordinates": [ 139.7384447, 35.7014196 ] } },
{ "type": "Feature", "properties": { "amenity_id": 3201, "kind": "shop", "name": "Parklet Bakery Meiji Park Market", "detail": "bakery" }, "geometry": { "type": "Point", "coordinates": [ 139.713163400000013, 35.6747947 ] } },
{ "type": "Feature", "properties": { "amenity_id": 3202, "kind": "shop", "name": "the C", "detail": "bar" }, "geometry": { "type": "Point", "coordinates": [ 139.7047819, 35.694110900000013 ] } },
{ "type": "Feature", "properties": { "amenity_id": 3203, "kind": "shop", "name": "迎賓館赤坂離宮", "detail": "cafe" }, "geometry": { "type": "Point", "coordinates": [ 139.7288249, 35.6830458 ] } },
{ "type": "Feature", "properties": { "amenity_id": 3204, "kind": "shop", "name": "Around Foodtruck", "detail": "fast_food" }, "geometry": { "type": "Point", "coordinates": [ 139.7286784, 35.6889698 ] } },
{ "type": "Feature", "properties": { "amenity_id": 3205, "kind": "shop", "name": "Cocorotus Foodtruck", "detail": "fast_food" }, "geometry": { "type": "Point", "coordinates": [ 139.7286101, 35.6889542 ] } },
{ "type": "Feature", "properties": { "amenity_id": 3206, "kind": "shop", "name": "Around Foodtruck", "detail": "fast_food" }, "geometry": { "type": "Point", "coordinates": [ 139.7317701, 35.6906906 ] } },
{ "type": "Feature", "properties": { "amenity_id": 3207, "kind": "shop", "name": "CONVERT COFFEE", "detail": "cafe" }, "geometry": { "type": "Point", "coordinates": [ 139.70284430000001, 35.691925 ] } },
{ "type": "Feature", "properties": { "amenity_id": 3208, "kind": "shop", "name": "スシロー", "detail": "fast_food" }, "geometry": { "type": "Point", "coordinates": [ 139.703212800000017, 35.692762 ] } },
{ "type": "Feature", "properties": { "amenity_id": 3209, "kind": "shop", "name": "すき家", "detail": "fast_food" }, "geometry": { "type": "Point", "coordinates": [ 139.712409800000017, 35.6898197 ] } },
{ "type": "Feature", "properties": { "amenity_id": 3210, "kind": "shop", "name": "スターバックス", "detail": "cafe" }, "geometry": { "type": "Point", "coordinates": [ 139.70121450000002, 35.6915009 ] } },
{ "type": "Feature", "properties": { "amenity_id": 3211, "kind": "shop", "name": "Liz Lisa", "detail": "clothes" }, "geometry": { "type": "Point", "coordinates": [ 139.7011842, 35.6913979 ] } },
{ "type": "Feature", "properties": { "amenity_id": 3212, "kind": "shop", "name": "London Sports", "detail": "clothes" }, "geometry": { "type": "Point", "coordinates": [ 139.7090909, 35.689089800000012 ] } },
{ "type": "Feature", "properties": { "amenity_id": 3213, "kind": "shop", "name": "焼鳥居酒屋 鶏闘士 新館", "detail": "restaurant" }, "geometry": { "type": "Point", "coordinates": [ 139.7008644, 35.695093 ] } },
{ "type": "Feature", "properties": { "amenity_id": 3214, "kind": "shop", "name": "オヨッピコーヒー", "detail": "cafe" }, "geometry": { "type": "Point", "coordinates": [ 139.703554100000019, 35.7015206 ] } },
{ "type": "Feature", "properties": { "amenity_id": 3215, "kind": "shop", "name": "信州屋", "detail": "fast_food" }, "geometry": { "type": "Point", "coordinates": [ 139.702731600000021, 35.6900172 ] } },
{ "type": "Feature", "properties": { "amenity_id": 3216, "kind": "shop", "name": "Itteru Coffee", "detail": "cafe" }, "geometry": { "type": "Point", "coordinates": [ 139.740770600000019, 35.701080700000013 ] } },
{ "type": "Feature", "properties": { "amenity_id": 3217, "kind": "shop", "name": "Matcha & Onigiri Café NIGICHA", "detail": "cafe" }, "geometry": { "type": "Point", "coordinates": [ 139.712257100000016, 35.6879572 ] } },
{ "type": "Feature", "properties": { "amenity_id": 3218, "kind": "shop", "name": "Caffe Cielo", "detail": "cafe" }, "geometry": { "type": "Point", "coordinates": [ 139.7035214, 35.7102011 ] } },
{ "type": "Feature", "properties": { "amenity_id": 3219, "kind": "shop", "name": "Narcisse", "detail": "cafe" }, "geometry": { "type": "Point", "coordinates": [ 139.7024958, 35.6946088 ] } },
{ "type": "Feature", "properties": { "amenity_id": 3220, "kind": "shop", "name": "かめや", "detail": "restaurant" }, "geometry": { "type": "Point", "coordinates": [ 139.699464200000023, 35.6931076 ] } },
{ "type": "Feature", "properties": { "amenity_id": 3221, "kind": "shop", "name": "きぼこ Kiboko", "detail": "restaurant" }, "geometry": { "type": "Point", "coordinates": [ 139.7069332, 35.6897438 ] } },
{ "type": "Feature", "properties": { "amenity_id": 3222, "kind": "shop", "name": "時屋", "detail": "cafe" }, "geometry": { "type": "Point", "coordinates": [ 139.6982576, 35.69250430000001 ] } },
{ "type": "Feature", "properties": { "amenity_id": 3223, "kind": "shop", "name": "Osokaya Gold Okonomiyaki", "detail": "restaurant" }, "geometry": { "type": "Point", "coordinates": [ 139.700828800000011, 35.6947853 ] } },
{ "type": "Feature", "properties": { "amenity_id": 3224, "kind": "shop", "name": "pab-sang", "detail": "restaurant" }, "geometry": { "type": "Point", "coordinates": [ 139.701305100000013, 35.6910079 ] } },
{ "type": "Feature", "properties": { "amenity_id": 3225, "kind": "shop", "name": "ルサロンドニナス", "detail": "cafe" }, "geometry": { "type": "Point", "coordinates": [ 139.6990982, 35.6924239 ] } },
{ "type": "Feature", "properties": { "amenity_id": 3226, "kind": "shop", "name": "Spicier - Spiced Chai and Indian Curry Bread", "detail": "restaurant" }, "geometry": { "type": "Point", "coordinates": [ 139.740396, 35.7017058 ] } },
{ "type": "Feature", "properties": { "amenity_id": 3227, "kind": "shop", "name": "セブン-イレブン", "detail": "convenience" }, "geometry": { "type": "Point", "coordinates": [ 139.720042300000017, 35.7092478 ] } },
{ "type": "Feature", "properties": { "amenity_id": 3228, "kind": "shop", "name": "ウイグルレストラン　シルクロード タリム", "detail": "restaurant" }, "geometry": { "type": "Point", "coordinates": [ 139.68966690000002, 35.6838974 ] } },
{ "type": "Feature", "properties": { "amenity_id": 3229, "kind": "shop", "name": "みた葉", "detail": "restaurant" }, "geometry": { "type": "Point", "coordinates": [ 139.703947600000021, 35.6944153 ] } },
{ "type": "Feature", "properties": { "amenity_id": 3230, "kind": "shop", "name": "炭火焼干物定食しんぱち食堂新宿東南口店", "detail": "restaurant" }, "geometry": { "type": "Point", "coordinates": [ 139.702466400000048, 35.6897262 ] } },
{ "type": "Feature", "properties": { "amenity_id": 3231, "kind": "shop", "name": "西新宿えい月", "detail": "restaurant" }, "geometry": { "type": "Point", "coordinates": [ 139.685787300000015, 35.691123 ] } },
{ "type": "Feature", "properties": { "amenity_id": 3232, "kind": "shop", "name": "キッチンオリジン", "detail": "fast_food" }, "geometry": { "type": "Point", "coordinates": [ 139.707673100000022, 35.6975702 ] } },
{ "type": "Feature", "properties": { "amenity_id": 3233, "kind": "shop", "name": "Kimono Tea Ceremony Maikoya", "detail": "cafe" }, "geometry": { "type": "Point", "coordinates": [ 139.705283, 35.6929647 ] } },
{ "type": "Feature", "properties": { "amenity_id": 3234, "kind": "shop", "name": "Cocorotus Foodtruck", "detail": "fast_food" }, "geometry": { "type": "Point", "coordinates": [ 139.7312269, 35.6906527 ] } }
]
}
