{
"type": "FeatureCollection",
"name": "bike_facilities",
"crs": { "type": "name", "properties": { "name": "urn:ogc:def:crs:OGC:1.3:CRS84" } },
"features": [
{ "type": "Feature", "properties": { "osm_id": "node/1192530080", "name": null, "ref": null, "amenity": "bicycle_parking", "capacity": null, "facility_type": "parking", "fee": null, "brand": null, "access": null, "covered": null, "supervised": null, "note": null, "operator": null, "opening_hours": null }, "geometry": { "type": "Point", "coordinates": [ 139.7045761, 35.7052125 ] } },
{ "type": "Feature", "properties": { "osm_id": "node/1933329120", "name": "Nishiwaseda station bicycle parking", "ref": null, "amenity": "bicycle_parking", "capacity": null, "facility_type": "parking", "fee": null, "brand": null, "access": null, "covered": null, "supervised": null, "note": null, "operator": null, "opening_hours": null }, "geometry": { "type": "Point", "coordinates": [ 139.7089551, 35.7086423 ] } },
{ "type": "Feature", "properties": { "osm_id": "node/2389061775", "name": null, "ref": null, "amenity": "bicycle_parking", "capacity": null, "facility_type": "parking", "fee": null, "brand": null, "access": null, "covered": null, "supervised": null, "note": null, "operator": null, "opening_hours": null }, "geometry": { "type": "Point", "coordinates": [ 139.698951, 35.689295 ] } },
{ "type": "Feature", "properties": { "osm_id": "node/2389061787", "name": null, "ref": null, "amenity": "bicycle_parking", "capacity": null, "facility_type": "parking", "fee": null, "brand": null, "access": null, "covered": "no", "supervised": null, "note": null, "operator": null, "opening_hours": null }, "geometry": { "type": "Point", "coordinates": [ 139.698821, 35.690847 ] } },
{ "type": "Feature", "properties": { "osm_id": "node/2636351440", "name": null, "ref": null, "amenity": "bicycle_parking", "capacity": null, "facility_type": "parking", "fee": "yes", "brand": null, "access": "yes", "covered": "no", "supervised": null, "note": null, "operator": null, "opening_hours": null }, "geometry": { "type": "Point", "coordinates": [ 139.693765, 35.6939788 ] } },
{ "type": "Feature", "properties": { "osm_id": "node/3084665478", "name": null, "ref": null, "amenity": "bicycle_parking", "capacity": null, "facility_type": "parking", "fee": null, "brand": null, "access": "private", "covered": "yes", "supervised": null, "note": null, "operator": "早稲田奉仕園", "opening_hours": null }, "geometry": { "type": "Point", "coordinates": [ 139.7166674, 35.7073917 ] } },
{ "type": "Feature", "properties": { "osm_id": "node/3343868250", "name": null, "ref": null, "amenity": "bicycle_parking", "capacity": null, "facility_type": "parking", "fee": null, "brand": null, "access": null, "covered": null, "supervised": null, "note": null, "operator": null, "opening_hours": null }, "geometry": { "type": "Point", "coordinates": [ 139.699138300000016, 35.6926156 ] } },
{ "type": "Feature", "properties": { "osm_id": "node/3343868251", "name": null, "ref": null, "amenity": "bicycle_parking", "capacity": null, "facility_type": "parking", "fee": null, "brand": null, "access": null, "covered": null, "supervised": null, "note": null, "operator": null, "opening_hours": null }, "geometry": { "type": "Point", "coordinates": [ 139.6990681, 35.6921933 ] } },
{ "type": "Feature", "properties": { "osm_id": "node/3343868252", "name": null, "ref": null, "amenity": "bicycle_parking", "capacity": null, "facility_type": "parking", "fee": null, "brand": null, "access": null, "covered": null, "supervised": null, "note": null, "operator": null, "opening_hours": null }, "geometry": { "type": "Point", "coordinates": [ 139.698633300000012, 35.6891657 ] } },
{ "type": "Feature", "properties": { "osm_id": "node/3359316379", "name": null, "ref": null, "amenity": "bicycle_parking", "capacity": null, "facility_type": "parking", "fee": null, "brand": null, "access": null, "covered": null, "supervised": null, "note": null, "operator": null, "opening_hours": null }, "geometry": { "type": "Point", "coordinates": [ 139.7014284, 35.6895519 ] } },
{ "type": "Feature", "properties": { "osm_id": "node/3359316380", "name": null, "ref": null, "amenity": "bicycle_parking", "capacity": null, "facility_type": "parking", "fee": null, "brand": null, "access": null, "covered": null, "supervised": null, "note": null, "operator": null, "opening_hours": null }, "geometry": { "type": "Point", "coordinates": [ 139.6959888, 35.7027399 ] } },
{ "type": "Feature", "properties": { "osm_id": "node/3359316381", "name": null, "ref": null, "amenity": "bicycle_parking", "capacity": null, "facility_type": "parking", "fee": null, "brand": null, "access": null, "covered": null, "supervised": null, "note": null, "operator": null, "opening_hours": null }, "geometry": { "type": "Point", "coordinates": [ 139.7005593, 35.7014931 ] } },
{ "type": "Feature", "properties": { "osm_id": "node/3359316382", "name": null, "ref": null, "amenity": "bicycle_parking", "capacity": null, "facility_type": "parking", "fee": null, "brand": null, "access": null, "covered": null, "supervised": null, "note": null, "operator": null, "opening_hours": null }, "geometry": { "type": "Point", "coordinates": [ 139.7031902, 35.7105777 ] } },
{ "type": "Feature", "properties": { "osm_id": "node/3359316383", "name": null, "ref": null, "amenity": "bicycle_parking", "capacity": null, "facility_type": "parking", "fee": null, "brand": null, "access": null, "covered": null, "supervised": null, "note": null, "operator": null, "opening_hours": null }, "geometry": { "type": "Point", "coordinates": [ 139.703201, 35.7126728 ] } },
{ "type": "Feature", "properties": { "osm_id": "node/3359316385", "name": null, "ref": null, "amenity": "bicycle_parking", "capacity": null, "facility_type": "parking", "fee": null, "brand": null, "access": null, "covered": "no", "supervised": null, "note": null, "operator": null, "opening_hours": null }, "geometry": { "type": "Point", "coordinates": [ 139.729836400000011, 35.686204 ] } },
{ "type": "Feature", "properties": { "osm_id": "node/3359316386", "name": null, "ref": null, "amenity": "bicycle_parking", "capacity": null, "facility_type": "parking", "fee": null, "brand": null, "access": null, "covered": null, "supervised": null, "note": null, "operator": null, "opening_hours": null }, "geometry": { "type": "Point", "coordinates": [ 139.7295315, 35.6866432 ] } },
{ "type": "Feature", "properties": { "osm_id": "node/3359316387", "name": null, "ref": null, "amenity": "bicycle_parking", "capacity": null, "facility_type": "parking", "fee": null, "brand": null, "access": null, "covered": null, "supervised": null, "note": null, "operator": null, "opening_hours": null }, "geometry": { "type": "Point", "coordinates": [ 139.7294522, 35.6863592 ] } },
{ "type": "Feature", "properties": { "osm_id": "node/3359423305", "name": null, "ref": null, "amenity": "bicycle_parking", "capacity": null, "facility_type": "parking", "fee": null, "brand": null, "access": null, "covered": null, "supervised": null, "note": null, "operator": null, "opening_hours": null }, "geometry": { "type": "Point", "coordinates": [ 139.736076600000018, 35.6929731 ] } },
{ "type": "Feature", "properties": { "osm_id": "node/3359423306", "name": null, "ref": null, "amenity": "bicycle_parking", "capacity": null, "facility_type": "parking", "fee": null, "brand": null, "access": null, "covered": null, "supervised": null, "note": null, "operator": null, "opening_hours": null }, "geometry": { "type": "Point", "coordinates": [ 139.7199065, 35.6798535 ] } },
{ "type": "Feature", "properties": { "osm_id": "node/3359423307", "name": null, "ref": null, "amenity": "bicycle_parking", "capacity": null, "facility_type": "parking", "fee": null, "brand": null, "access": null, "covered": null, "supervised": null, "note": null, "operator": null, "opening_hours": null }, "geometry": { "type": "Point", "coordinates": [ 139.7213496, 35.687923 ] } },
{ "type": "Feature", "properties": { "osm_id": "node/3359423308", "name": null, "ref": null, "amenity": "bicycle_parking", "capacity": null, "facility_type": "parking", "fee": null, "brand": null, "access": null, "covered": null, "supervised": null, "note": null, "operator": null, "opening_hours": null }, "geometry": { "type": "Point", "coordinates": [ 139.7210264, 35.6881541 ] } },
{ "type": "Feature", "properties": { "osm_id": "node/3359423309", "name": null, "ref": null, "amenity": "bicycle_parking", "capacity": null, "facility_type": "parking", "fee": null, "brand": null, "access": null, "covered": null, "supervised": null, "note": null, "operator": null, "opening_hours": null }, "geometry": { "type": "Point", "coordinates": [ 139.719288400000011, 35.6879742 ] } },
{ "type": "Feature", "properties": { "osm_id": "node/3359423310", "name": null, "ref": null, "amenity": "bicycle_parking", "capacity": null, "facility_type": "parking", "fee": null, "brand": null, "access": null, "covered": null, "supervised": null, "note": null, "operator": null, "opening_hours": null }, "geometry": { "type": "Point", "coordinates": [ 139.719825, 35.6877793 ] } },
{ "type": "Feature", "properties": { "osm_id": "node/3359423311", "name": null, "ref": null, "amenity": "bicycle_parking", "capacity": "14", "facility_type": "parking", "fee": null, "brand": null, "access": null, "covered": "no", "supervised": null, "note": null, "operator": null, "opening_hours": null }, "geometry": { "type": "Point", "coordinates": [ 139.684947600000015, 35.7105432 ] } },
{ "type": "Feature", "properties": { "osm_id": "node/3359423312", "name": null, "ref": null, "amenity": "bicycle_parking", "capacity": null, "facility_type": "parking", "fee": null, "brand": null, "access": null, "covered": null, "supervised": null, "note": null, "operator": null, "opening_hours": null }, "geometry": { "type": "Point", "coordinates": [ 139.7339346, 35.7035109 ] } },
{ "type": "Feature", "properties": { "osm_id": "node/3359423313", "name": null, "ref": null, "amenity": "bicycle_parking", "capacity": null, "facility_type": "parking", "fee": null, "brand": null, "access": null, "covered": null, "supervised": null, "note": null, "operator": null, "opening_hours": null }, "geometry": { "type": "Point", "coordinates": [ 139.7076126, 35.6976984 ] } },
{ "type": "Feature", "properties": { "osm_id": "node/3359423314", "name": null, "ref": null, "amenity": "bicycle_parking", "capacity": null, "facility_type": "parking", "fee": null, "brand": null, "access": null, "covered": "no", "supervised": null, "note": null, "operator": null, "opening_hours": null }, "geometry": { "type": "Point", "coordinates": [ 139.707198700000021, 35.6973795 ] } },
{ "type": "Feature", "properties": { "osm_id": "node/3359423315", "name": null, "ref": null, "amenity": "bicycle_parking", "capacity": null, "facility_type": "parking", "fee": null, "brand": null, "access": null, "covered": null, "supervised": null, "note": null, "operator": null, "opening_hours": null }, "geometry": { "type": "Point", "coordinates": [ 139.707817200000022, 35.6986794 ] } },
{ "type": "Feature", "properties": { "osm_id": "node/3360750288", "name": null, "ref": null, "amenity": "bicycle_parking", "capacity": null, "facility_type": "parking", "fee": null, "brand": null, "access": null, "covered": null, "supervised": null, "note": null, "operator": null, "opening_hours": null }, "geometry": { "type": "Point", "coordinates": [ 139.724073700000019, 35.6926758 ] } },
{ "type": "Feature", "properties": { "osm_id": "node/3360750289", "name": null, "ref": null, "amenity": "bicycle_parking", "capacity": null, "facility_type": "parking", "fee": null, "brand": null, "access": null, "covered": "yes", "supervised": null, "note": null, "operator": null, "opening_hours": null }, "geometry": { "type": "Point", "coordinates": [ 139.6864008, 35.7141421 ] } },
{ "type": "Feature", "properties": { "osm_id": "node/3360750290", "name": null, "ref": null, "amenity": "bicycle_parking", "capacity": null, "facility_type": "parking", "fee": null, "brand": null, "access": null, "covered": null, "supervised": null, "note": null, "operator": null, "opening_hours": null }, "geometry": { "type": "Point", "coordinates": [ 139.684172900000021, 35.6894104 ] } },
{ "type": "Feature", "properties": { "osm_id": "node/3360750291", "name": null, "ref": null, "amenity": "bicycle_parking", "capacity": null, "facility_type": "parking", "fee": null, "brand": null, "access": null, "covered": null, "supervised": null, "note": null, "operator": null, "opening_hours": null }, "geometry": { "type": "Point", "coordinates": [ 139.6992808, 35.6945982 ] } },
{ "type": "Feature", "properties": { "osm_id": "node/3360750292", "name": null, "ref": null, "amenity": "bicycle_parking", "capacity": null, "facility_type": "parking", "fee": null, "brand": null, "access": null, "covered": null, "supervised": null, "note": null, "operator": null, "opening_hours": null }, "geometry": { "type": "Point", "coordinates": [ 139.7176239, 35.6986802 ] } },
{ "type": "Feature", "properties": { "osm_id": "node/3360750493", "name": null, "ref": null, "amenity": "bicycle_parking", "capacity": null, "facility_type": "parking", "fee": null, "brand": null, "access": null, "covered": "no", "supervised": null, "note": null, "operator": null, "opening_hours": null }, "geometry": { "type": "Point", "coordinates": [ 139.725214100000017, 35.6996022 ] } },
{ "type": "Feature", "properties": { "osm_id": "node/3360750494", "name": null, "ref": null, "amenity": "bicycle_parking", "capacity": null, "facility_type": "parking", "fee": null, "brand": null, "access": null, "covered": null, "supervised": null, "note": null, "operator": null, "opening_hours": null }, "geometry": { "type": "Point", "coordinates": [ 139.7342921, 35.7004079 ] } },
{ "type": "Feature", "properties": { "osm_id": "node/3360750495", "name": null, "ref": null, "amenity": "bicycle_parking", "capacity": null, "facility_type": "parking", "fee": null, "brand": null, "access": null, "covered": null, "supervised": null, "note": null, "operator": null, "opening_hours": null }, "geometry": { "type": "Point", "coordinates": [ 139.6935134, 35.7161969 ] } },
{ "type": "Feature", "properties": { "osm_id": "node/3360750496", "name": null, "ref": null, "amenity": "bicycle_parking", "capacity": null, "facility_type": "parking", "fee": null, "brand": null, "access": null, "covered": null, "supervised": null, "note": null, "operator": null, "opening_hours": null }, "geometry": { "type": "Point", "coordinates": [ 139.7224836, 35.7082571 ] } },
{ "type": "Feature", "properties": { "osm_id": "node/3360750497", "name": null, "ref": null, "amenity": "bicycle_parking", "capacity": "14", "facility_type": "parking", "fee": "yes", "brand": null, "access": null, "covered": "no", "supervised": null, "note": null, "operator": null, "opening_hours": null }, "geometry": { "type": "Point", "coordinates": [ 139.72201560000002, 35.7085522 ] } },
{ "type": "Feature", "properties": { "osm_id": "node/3894695629", "name": null, "ref": null, "amenity": "bicycle_parking", "capacity": null, "facility_type": "parking", "fee": null, "brand": null, "access": null, "covered": null, "supervised": null, "note": null, "operator": null, "opening_hours": null }, "geometry": { "type": "Point", "coordinates": [ 139.7135395, 35.6925908 ] } },
{ "type": "Feature", "properties": { "osm_id": "node/3897767087", "name": null, "ref": null, "amenity": "bicycle_parking", "capacity": null, "facility_type": "parking", "fee": null, "brand": null, "access": null, "covered": null, "supervised": null, "note": null, "operator": null, "opening_hours": null }, "geometry": { "type": "Point", "coordinates": [ 139.712877500000019, 35.6923969 ] } },
{ "type": "Feature", "properties": { "osm_id": "node/4252837141", "name": "新宿三丁目駅自転車駐輪場", "ref": null, "amenity": "bicycle_parking", "capacity": null, "facility_type": "parking", "fee": null, "brand": null, "access": null, "covered": "no", "supervised": null, "note": null, "operator": null, "opening_hours": null }, "geometry": { "type": "Point", "coordinates": [ 139.7071775, 35.6913061 ] } },
{ "type": "Feature", "properties": { "osm_id": "node/4252837142", "name": "新宿三丁目駅自転車駐輪場", "ref": null, "amenity": "bicycle_parking", "capacity": null, "facility_type": "parking", "fee": null, "brand": null, "access": null, "covered": null, "supervised": null, "note": null, "operator": null, "opening_hours": null }, "geometry": { "type": "Point", "coordinates": [ 139.7069253, 35.6912511 ] } },
{ "type": "Feature", "properties": { "osm_id": "node/4252837143", "name": "新宿三丁目駅自転車駐輪場", "ref": null, "amenity": "bicycle_parking", "capacity": null, "facility_type": "parking", "fee": null, "brand": null, "access": null, "covered": null, "supervised": null, "note": null, "operator": null, "opening_hours": null }, "geometry": { "type": "Point", "coordinates": [ 139.707128400000016, 35.6907324 ] } },
{ "type": "Feature", "properties": { "osm_id": "node/4252837144", "name": "新宿三丁目駅自転車駐輪場", "ref": null, "amenity": "bicycle_parking", "capacity": null, "facility_type": "parking", "fee": null, "brand": null, "access": null, "covered": null, "supervised": null, "note": null, "operator": null, "opening_hours": null }, "geometry": { "type": "Point", "coordinates": [ 139.706687100000011, 35.6902327 ] } },
{ "type": "Feature", "properties": { "osm_id": "node/4252837145", "name": "新宿三丁目駅自転車駐輪場", "ref": null, "amenity": "bicycle_parking", "capacity": null, "facility_type": "parking", "fee": null, "brand": null, "access": null, "covered": null, "supervised": null, "note": null, "operator": null, "opening_hours": null }, "geometry": { "type": "Point", "coordinates": [ 139.707074700000021, 35.6904524 ] } },
{ "type": "Feature", "properties": { "osm_id": "node/4252837146", "name": "新宿三丁目駅自転車駐輪場", "ref": null, "amenity": "bicycle_parking", "capacity": null, "facility_type": "parking", "fee": null, "brand": null, "access": null, "covered": null, "supervised": null, "note": null, "operator": null, "opening_hours": null }, "geometry": { "type": "Point", "coordinates": [ 139.706484, 35.6897444 ] } },
{ "type": "Feature", "properties": { "osm_id": "node/4603847090", "name": null, "ref": null, "amenity": "bicycle_parking", "capacity": null, "facility_type": "parking", "fee": null, "brand": null, "access": null, "covered": null, "supervised": null, "note": null, "operator": null, "opening_hours": null }, "geometry": { "type": "Point", "coordinates": [ 139.7145931, 35.7099096 ] } },
{ "type": "Feature", "properties": { "osm_id": "node/4603847789", "name": null, "ref": null, "amenity": "bicycle_parking", "capacity": null, "facility_type": "parking", "fee": null, "brand": null, "access": null, "covered": null, "supervised": null, "note": null, "operator": null, "opening_hours": null }, "geometry": { "type": "Point", "coordinates": [ 139.7143011, 35.7092299 ] } },
{ "type": "Feature", "properties": { "osm_id": "node/4963711464", "name": null, "ref": null, "amenity": "bicycle_parking", "capacity": null, "facility_type": "parking", "fee": null, "brand": null, "access": null, "covered": null, "supervised": null, "note": null, "operator": null, "opening_hours": null }, "geometry": { "type": "Point", "coordinates": [ 139.73912390000001, 35.7032568 ] } },
{ "type": "Feature", "properties": { "osm_id": "node/5109258773", "name": null, "ref": null, "amenity": "bicycle_parking", "capacity": null, "facility_type": "parking", "fee": null, "brand": null, "access": null, "covered": null, "supervised": null, "note": null, "operator": null, "opening_hours": null }, "geometry": { "type": "Point", "coordinates": [ 139.705414500000018, 35.7067482 ] } },
{ "type": "Feature", "properties": { "osm_id": "node/5134114428", "name": null, "ref": null, "amenity": "bicycle_parking", "capacity": "11", "facility_type": "parking", "fee": null, "brand": null, "access": null, "covered": "no", "supervised": null, "note": null, "operator": null, "opening_hours": null }, "geometry": { "type": "Point", "coordinates": [ 139.6843575, 35.7104313 ] } },
{ "type": "Feature", "properties": { "osm_id": "node/5421499174", "name": null, "ref": null, "amenity": "bicycle_parking", "capacity": null, "facility_type": "parking", "fee": null, "brand": null, "access": null, "covered": null, "supervised": null, "note": null, "operator": null, "opening_hours": null }, "geometry": { "type": "Point", "coordinates": [ 139.7189443, 35.6995846 ] } },
{ "type": "Feature", "properties": { "osm_id": "node/5474965675", "name": null, "ref": null, "amenity": "bicycle_parking", "capacity": null, "facility_type": "parking", "fee": null, "brand": null, "access": null, "covered": null, "supervised": null, "note": null, "operator": null, "opening_hours": null }, "geometry": { "type": "Point", "coordinates": [ 139.686698, 35.6937505 ] } },
{ "type": "Feature", "properties": { "osm_id": "node/5497793579", "name": null, "ref": null, "amenity": "bicycle_parking", "capacity": null, "facility_type": "parking", "fee": null, "brand": null, "access": null, "covered": null, "supervised": null, "note": null, "operator": null, "opening_hours": null }, "geometry": { "type": "Point", "coordinates": [ 139.693314, 35.6922465 ] } },
{ "type": "Feature", "properties": { "osm_id": "node/5500147184", "name": null, "ref": null, "amenity": "bicycle_parking", "capacity": null, "facility_type": "parking", "fee": null, "brand": null, "access": null, "covered": "no", "supervised": null, "note": null, "operator": null, "opening_hours": null }, "geometry": { "type": "Point", "coordinates": [ 139.696417, 35.6877602 ] } },
{ "type": "Feature", "properties": { "osm_id": "node/5500147196", "name": null, "ref": null, "amenity": "bicycle_parking", "capacity": null, "facility_type": "parking", "fee": null, "brand": null, "access": null, "covered": "no", "supervised": null, "note": null, "operator": null, "opening_hours": null }, "geometry": { "type": "Point", "coordinates": [ 139.696139, 35.6876567 ] } },
{ "type": "Feature", "properties": { "osm_id": "node/5500363523", "name": null, "ref": null, "amenity": "bicycle_parking", "capacity": null, "facility_type": "parking", "fee": null, "brand": null, "access": null, "covered": null, "supervised": null, "note": null, "operator": null, "opening_hours": null }, "geometry": { "type": "Point", "coordinates": [ 139.6928777, 35.6921781 ] } },
{ "type": "Feature", "properties": { "osm_id": "node/5505807929", "name": null, "ref": null, "amenity": "bicycle_parking", "capacity": null, "facility_type": "parking", "fee": null, "brand": null, "access": null, "covered": "no", "supervised": null, "note": null, "operator": null, "opening_hours": null }, "geometry": { "type": "Point", "coordinates": [ 139.6922758, 35.6925154 ] } },
{ "type": "Feature", "properties": { "osm_id": "node/5581936451", "name": null, "ref": null, "amenity": "bicycle_parking", "capacity": null, "facility_type": "parking", "fee": null, "brand": null, "access": null, "covered": null, "supervised": null, "note": null, "operator": null, "opening_hours": null }, "geometry": { "type": "Point", "coordinates": [ 139.6902758, 35.6876287 ] } },
{ "type": "Feature", "properties": { "osm_id": "node/5581936455", "name": null, "ref": null, "amenity": "bicycle_parking", "capacity": null, "facility_type": "parking", "fee": null, "brand": null, "access": null, "covered": null, "supervised": null, "note": null, "operator": null, "opening_hours": null }, "geometry": { "type": "Point", "coordinates": [ 139.6903901, 35.6871667 ] } },
{ "type": "Feature", "properties": { "osm_id": "node/5582217833", "name": null, "ref": null, "amenity": "bicycle_parking", "capacity": null, "facility_type": "parking", "fee": null, "brand": null, "access": null, "covered": null, "supervised": null, "note": null, "operator": null, "opening_hours": null }, "geometry": { "type": "Point", "coordinates": [ 139.691006500000015, 35.6905184 ] } },
{ "type": "Feature", "properties": { "osm_id": "node/5582217859", "name": null, "ref": null, "amenity": "bicycle_parking", "capacity": null, "facility_type": "parking", "fee": null, "brand": null, "access": null, "covered": null, "supervised": null, "note": null, "operator": null, "opening_hours": null }, "geometry": { "type": "Point", "coordinates": [ 139.691560800000019, 35.691972 ] } },
{ "type": "Feature", "properties": { "osm_id": "node/5610539696", "name": null, "ref": null, "amenity": "bicycle_parking", "capacity": null, "facility_type": "parking", "fee": null, "brand": null, "access": null, "covered": null, "supervised": null, "note": null, "operator": null, "opening_hours": null }, "geometry": { "type": "Point", "coordinates": [ 139.6897667, 35.6867747 ] } },
{ "type": "Feature", "properties": { "osm_id": "node/5610539697", "name": "新宿中央公園（ちびっこ広場）", "ref": "D6-04", "amenity": "bicycle_rental", "capacity": "7", "facility_type": "sharing", "fee": "yes", "brand": "Docomo Bike Share", "access": null, "covered": null, "supervised": null, "note": null, "operator": null, "opening_hours": null }, "geometry": { "type": "Point", "coordinates": [ 139.6898586, 35.6867502 ] } },
{ "type": "Feature", "properties": { "osm_id": "node/5923356085", "name": null, "ref": null, "amenity": "bicycle_parking", "capacity": null, "facility_type": "parking", "fee": null, "brand": null, "access": "private", "covered": null, "supervised": null, "note": null, "operator": null, "opening_hours": null }, "geometry": { "type": "Point", "coordinates": [ 139.71022720000002, 35.7017904 ] } },
{ "type": "Feature", "properties": { "osm_id": "node/5960534067", "name": null, "ref": null, "amenity": "bicycle_parking", "capacity": "12", "facility_type": "parking", "fee": "no", "brand": null, "access": "permissive", "covered": "no", "supervised": null, "note": null, "operator": null, "opening_hours": "Mo-Su 08:00-22:00" }, "geometry": { "type": "Point", "coordinates": [ 139.7427927, 35.7054026 ] } },
{ "type": "Feature", "properties": { "osm_id": "node/5960534075", "name": null, "ref": null, "amenity": "bicycle_parking", "capacity": null, "facility_type": "parking", "fee": null, "brand": null, "access": null, "covered": null, "supervised": null, "note": null, "operator": null, "opening_hours": null }, "geometry": { "type": "Point", "coordinates": [ 139.7392274, 35.7083476 ] } },
{ "type": "Feature", "properties": { "osm_id": "node/5960580270", "name": null, "ref": null, "amenity": "bicycle_parking", "capacity": null, "facility_type": "parking", "fee": null, "brand": null, "access": null, "covered": "no", "supervised": null, "note": null, "operator": null, "opening_hours": null }, "geometry": { "type": "Point", "coordinates": [ 139.728401500000018, 35.7053457 ] } },
{ "type": "Feature", "properties": { "osm_id": "node/5960580273", "name": null, "ref": null, "amenity": "bicycle_parking", "capacity": null, "facility_type": "parking", "fee": null, "brand": null, "access": null, "covered": null, "supervised": null, "note": null, "operator": null, "opening_hours": null }, "geometry": { "type": "Point", "coordinates": [ 139.7302569, 35.7083289 ] } },
{ "type": "Feature", "properties": { "osm_id": "node/5961643356", "name": null, "ref": null, "amenity": "bicycle_parking", "capacity": null, "facility_type": "parking", "fee": null, "brand": null, "access": "private", "covered": null, "supervised": null, "note": null, "operator": null, "opening_hours": null }, "geometry": { "type": "Point", "coordinates": [ 139.728070700000018, 35.7083048 ] } },
{ "type": "Feature", "properties": { "osm_id": "node/5961644106", "name": null, "ref": null, "amenity": "bicycle_parking", "capacity": null, "facility_type": "parking", "fee": null, "brand": null, "access": "private", "covered": null, "supervised": null, "note": null, "operator": null, "opening_hours": null }, "geometry": { "type": "Point", "coordinates": [ 139.730441, 35.7078211 ] } },
{ "type": "Feature", "properties": { "osm_id": "node/5967858421", "name": null, "ref": null, "amenity": "bicycle_parking", "capacity": null, "facility_type": "parking", "fee": null, "brand": null, "access": null, "covered": null, "supervised": null, "note": null, "operator": null, "opening_hours": null }, "geometry": { "type": "Point", "coordinates": [ 139.7285971, 35.7071235 ] } },
{ "type": "Feature", "properties": { "osm_id": "node/5980399770", "name": null, "ref": null, "amenity": "bicycle_parking", "capacity": null, "facility_type": "parking", "fee": null, "brand": null, "access": "yes", "covered": null, "supervised": null, "note": null, "operator": null, "opening_hours": null }, "geometry": { "type": "Point", "coordinates": [ 139.696478500000012, 35.6913386 ] } },
{ "type": "Feature", "properties": { "osm_id": "node/5980850821", "name": null, "ref": null, "amenity": "bicycle_parking", "capacity": null, "facility_type": "parking", "fee": null, "brand": null, "access": "customers", "covered": "yes", "supervised": null, "note": null, "operator": null, "opening_hours": null }, "geometry": { "type": "Point", "coordinates": [ 139.7346573, 35.7005703 ] } },
{ "type": "Feature", "properties": { "osm_id": "node/5985297946", "name": null, "ref": null, "amenity": "bicycle_parking", "capacity": null, "facility_type": "parking", "fee": "no", "brand": null, "access": null, "covered": "no", "supervised": "no", "note": null, "operator": null, "opening_hours": null }, "geometry": { "type": "Point", "coordinates": [ 139.7312049, 35.7050367 ] } },
{ "type": "Feature", "properties": { "osm_id": "node/5985297954", "name": "Share Cycle Cogicogi", "ref": null, "amenity": "bicycle_rental", "capacity": null, "facility_type": "sharing", "fee": null, "brand": null, "access": null, "covered": null, "supervised": null, "note": null, "operator": null, "opening_hours": null }, "geometry": { "type": "Point", "coordinates": [ 139.7315423, 35.704997 ] } },
{ "type": "Feature", "properties": { "osm_id": "node/5985297956", "name": null, "ref": null, "amenity": "bicycle_rental", "capacity": null, "facility_type": "sharing", "fee": null, "brand": null, "access": null, "covered": null, "supervised": null, "note": null, "operator": null, "opening_hours": null }, "geometry": { "type": "Point", "coordinates": [ 139.7397713, 35.7071018 ] } },
{ "type": "Feature", "properties": { "osm_id": "node/5996685791", "name": null, "ref": null, "amenity": "bicycle_rental", "capacity": null, "facility_type": "sharing", "fee": null, "brand": null, "access": null, "covered": null, "supervised": null, "note": null, "operator": null, "opening_hours": null }, "geometry": { "type": "Point", "coordinates": [ 139.735955100000012, 35.7078197 ] } },
{ "type": "Feature", "properties": { "osm_id": "node/6047612761", "name": null, "ref": null, "amenity": "bicycle_parking", "capacity": null, "facility_type": "parking", "fee": "no", "brand": null, "access": "yes", "covered": "yes", "supervised": "no", "note": null, "operator": null, "opening_hours": "24/7" }, "geometry": { "type": "Point", "coordinates": [ 139.7442825, 35.7027894 ] } },
{ "type": "Feature", "properties": { "osm_id": "node/6126581842", "name": null, "ref": null, "amenity": "bicycle_parking", "capacity": null, "facility_type": "parking", "fee": "no", "brand": null, "access": null, "covered": "yes", "supervised": null, "note": null, "operator": null, "opening_hours": null }, "geometry": { "type": "Point", "coordinates": [ 139.743556900000016, 35.7055427 ] } },
{ "type": "Feature", "properties": { "osm_id": "node/6204822792", "name": null, "ref": null, "amenity": "bicycle_parking", "capacity": null, "facility_type": "parking", "fee": "no", "brand": null, "access": null, "covered": null, "supervised": null, "note": null, "operator": null, "opening_hours": null }, "geometry": { "type": "Point", "coordinates": [ 139.7435484, 35.7013455 ] } },
{ "type": "Feature", "properties": { "osm_id": "node/6204822797", "name": null, "ref": null, "amenity": "bicycle_parking", "capacity": null, "facility_type": "parking", "fee": "no", "brand": null, "access": null, "covered": null, "supervised": null, "note": null, "operator": null, "opening_hours": null }, "geometry": { "type": "Point", "coordinates": [ 139.742982800000021, 35.7005417 ] } },
{ "type": "Feature", "properties": { "osm_id": "node/6204822798", "name": null, "ref": null, "amenity": "bicycle_parking", "capacity": null, "facility_type": "parking", "fee": "no", "brand": null, "access": null, "covered": null, "supervised": null, "note": null, "operator": null, "opening_hours": null }, "geometry": { "type": "Point", "coordinates": [ 139.7432464, 35.7009116 ] } },
{ "type": "Feature", "properties": { "osm_id": "node/6352088575", "name": null, "ref": null, "amenity": "bicycle_parking", "capacity": null, "facility_type": "parking", "fee": "no", "brand": null, "access": null, "covered": null, "supervised": null, "note": null, "operator": null, "opening_hours": "07:00-20:30" }, "geometry": { "type": "Point", "coordinates": [ 139.742095200000023, 35.7038208 ] } },
{ "type": "Feature", "properties": { "osm_id": "node/6388933699", "name": null, "ref": null, "amenity": "bicycle_parking", "capacity": null, "facility_type": "parking", "fee": "no", "brand": null, "access": "customers", "covered": null, "supervised": null, "note": null, "operator": null, "opening_hours": null }, "geometry": { "type": "Point", "coordinates": [ 139.739955900000012, 35.6982527 ] } },
{ "type": "Feature", "properties": { "osm_id": "node/6408351382", "name": null, "ref": null, "amenity": "bicycle_parking", "capacity": "8", "facility_type": "parking", "fee": "yes", "brand": null, "access": null, "covered": "no", "supervised": null, "note": null, "operator": null, "opening_hours": null }, "geometry": { "type": "Point", "coordinates": [ 139.6844586, 35.7105769 ] } },
{ "type": "Feature", "properties": { "osm_id": "node/6408351383", "name": null, "ref": null, "amenity": "bicycle_parking", "capacity": null, "facility_type": "parking", "fee": "yes", "brand": null, "access": null, "covered": "no", "supervised": null, "note": null, "operator": null, "opening_hours": null }, "geometry": { "type": "Point", "coordinates": [ 139.6846672, 35.7107756 ] } },
{ "type": "Feature", "properties": { "osm_id": "node/6408351885", "name": null, "ref": null, "amenity": "bicycle_parking", "capacity": null, "facility_type": "parking", "fee": "yes", "brand": null, "access": null, "covered": "no", "supervised": null, "note": null, "operator": null, "opening_hours": null }, "geometry": { "type": "Point", "coordinates": [ 139.6845721, 35.7108099 ] } },
{ "type": "Feature", "properties": { "osm_id": "node/6487245469", "name": null, "ref": null, "amenity": "bicycle_parking", "capacity": null, "facility_type": "parking", "fee": "no", "brand": null, "access": null, "covered": "no", "supervised": null, "note": null, "operator": null, "opening_hours": null }, "geometry": { "type": "Point", "coordinates": [ 139.7311161, 35.7030272 ] } },
{ "type": "Feature", "properties": { "osm_id": "node/6593179770", "name": null, "ref": null, "amenity": "bicycle_parking", "capacity": null, "facility_type": "parking", "fee": "no", "brand": null, "access": "yes", "covered": "no", "supervised": "no", "note": null, "operator": null, "opening_hours": "Mo-Fr 09:00-17:00" }, "geometry": { "type": "Point", "coordinates": [ 139.743809100000021, 35.7028101 ] } },
{ "type": "Feature", "properties": { "osm_id": "node/6606665416", "name": null, "ref": null, "amenity": "bicycle_parking", "capacity": null, "facility_type": "parking", "fee": null, "brand": null, "access": null, "covered": null, "supervised": null, "note": null, "operator": null, "opening_hours": null }, "geometry": { "type": "Point", "coordinates": [ 139.740829500000018, 35.701543 ] } },
{ "type": "Feature", "properties": { "osm_id": "node/6646179817", "name": "あずさセンタービル", "ref": "D2-01", "amenity": "bicycle_rental", "capacity": "16", "facility_type": "sharing", "fee": "yes", "brand": "Docomo Bike Share", "access": null, "covered": null, "supervised": null, "note": null, "operator": null, "opening_hours": null }, "geometry": { "type": "Point", "coordinates": [ 139.741104400000012, 35.7023213 ] } },
{ "type": "Feature", "properties": { "osm_id": "node/6737667857", "name": null, "ref": null, "amenity": "bicycle_parking", "capacity": "8", "facility_type": "parking", "fee": "yes", "brand": null, "access": "yes", "covered": "no", "supervised": null, "note": null, "operator": null, "opening_hours": null }, "geometry": { "type": "Point", "coordinates": [ 139.703999400000015, 35.6930569 ] } },
{ "type": "Feature", "properties": { "osm_id": "node/6737667860", "name": null, "ref": null, "amenity": "bicycle_parking", "capacity": null, "facility_type": "parking", "fee": "no", "brand": null, "access": "permissive", "covered": "no", "supervised": "no", "note": null, "operator": null, "opening_hours": "Mo,We-Fr 08:30-17:15, Tu 08:30-19:00" }, "geometry": { "type": "Point", "coordinates": [ 139.70329510000002, 35.6936099 ] } },
{ "type": "Feature", "properties": { "osm_id": "node/6789363017", "name": "ヨドバシカメラ 新宿西口本店前", "ref": "D6-18", "amenity": "bicycle_rental", "capacity": "19", "facility_type": "sharing", "fee": "yes", "brand": "ドコモ・バイクシェア", "access": null, "covered": null, "supervised": null, "note": null, "operator": "ドコモ・バイクシェア", "opening_hours": null }, "geometry": { "type": "Point", "coordinates": [ 139.698188500000015, 35.6896897 ] } },
{ "type": "Feature", "properties": { "osm_id": "node/6789424823", "name": null, "ref": null, "amenity": "bicycle_parking", "capacity": "19", "facility_type": "parking", "fee": null, "brand": null, "access": null, "covered": "no", "supervised": null, "note": null, "operator": null, "opening_hours": null }, "geometry": { "type": "Point", "coordinates": [ 139.6982375, 35.6901903 ] } },
{ "type": "Feature", "properties": { "osm_id": "node/6842019539", "name": null, "ref": null, "amenity": "bicycle_parking", "capacity": null, "facility_type": "parking", "fee": null, "brand": null, "access": "private", "covered": "yes", "supervised": "no", "note": null, "operator": null, "opening_hours": null }, "geometry": { "type": "Point", "coordinates": [ 139.742792800000018, 35.7046381 ] } },
{ "type": "Feature", "properties": { "osm_id": "node/6842019541", "name": null, "ref": null, "amenity": "bicycle_parking", "capacity": null, "facility_type": "parking", "fee": null, "brand": null, "access": "private", "covered": null, "supervised": null, "note": null, "operator": null, "opening_hours": null }, "geometry": { "type": "Point", "coordinates": [ 139.7417139, 35.704022 ] } },
{ "type": "Feature", "properties": { "osm_id": "node/6842019543", "name": null, "ref": null, "amenity": "bicycle_parking", "capacity": null, "facility_type": "parking", "fee": "no", "brand": null, "access": "customers", "covered": null, "supervised": null, "note": null, "operator": null, "opening_hours": null }, "geometry": { "type": "Point", "coordinates": [ 139.7386213, 35.702791 ] } },
{ "type": "Feature", "properties": { "osm_id": "node/6856536028", "name": null, "ref": null, "amenity": "bicycle_parking", "capacity": null, "facility_type": "parking", "fee": null, "brand": null, "access": null, "covered": null, "supervised": null, "note": null, "operator": null, "opening_hours": null }, "geometry": { "type": "Point", "coordinates": [ 139.7048086, 35.6937187 ] } },
{ "type": "Feature", "properties": { "osm_id": "node/6856536038", "name": "ローソン 神楽坂駅北店", "ref": "D2-14", "amenity": "bicycle_rental", "capacity": "7", "facility_type": "sharing", "fee": "yes", "brand": "Docomo Bike Share", "access": null, "covered": null, "supervised": null, "note": null, "operator": null, "opening_hours": null }, "geometry": { "type": "Point", "coordinates": [ 139.7358208, 35.7041798 ] } },
{ "type": "Feature", "properties": { "osm_id": "node/6878486786", "name": "コインパーク新宿白銀町", "ref": null, "amenity": "bicycle_rental", "capacity": "2", "facility_type": "sharing", "fee": "yes", "brand": "HELLO CYCLING", "access": null, "covered": null, "supervised": null, "note": null, "operator": "OpenStreet", "opening_hours": null }, "geometry": { "type": "Point", "coordinates": [ 139.7391337, 35.703262 ] } },
{ "type": "Feature", "properties": { "osm_id": "node/7065509285", "name": "市谷仲之町", "ref": "D4-01", "amenity": "bicycle_rental", "capacity": "6", "facility_type": "sharing", "fee": "yes", "brand": "Docomo Bike Share", "access": null, "covered": null, "supervised": null, "note": null, "operator": "Docomo", "opening_hours": null }, "geometry": { "type": "Point", "coordinates": [ 139.723345, 35.695102 ] } },
{ "type": "Feature", "properties": { "osm_id": "node/7506144686", "name": null, "ref": null, "amenity": "bicycle_parking", "capacity": null, "facility_type": "parking", "fee": null, "brand": null, "access": null, "covered": null, "supervised": null, "note": null, "operator": null, "opening_hours": null }, "geometry": { "type": "Point", "coordinates": [ 139.6849157, 35.7106672 ] } },
{ "type": "Feature", "properties": { "osm_id": "node/7718924269", "name": "鶴巻南公園", "ref": "D3-04", "amenity": "bicycle_rental", "capacity": "8", "facility_type": "sharing", "fee": "yes", "brand": "Docomo Bike Share", "access": null, "covered": null, "supervised": null, "note": null, "operator": null, "opening_hours": null }, "geometry": { "type": "Point", "coordinates": [ 139.723593600000015, 35.7063058 ] } },
{ "type": "Feature", "properties": { "osm_id": "node/7944012764", "name": "新宿中央公園（エコギャラリー下）", "ref": "D6-06", "amenity": "bicycle_rental", "capacity": "13", "facility_type": "sharing", "fee": "yes", "brand": "Docomo Bike Share", "access": null, "covered": null, "supervised": null, "note": null, "operator": null, "opening_hours": null }, "geometry": { "type": "Point", "coordinates": [ 139.6879797, 35.6911863 ] } },
{ "type": "Feature", "properties": { "osm_id": "node/7944012782", "name": "新宿中央公園（ポケットパーク）", "ref": "D6-03", "amenity": "bicycle_rental", "capacity": "10", "facility_type": "sharing", "fee": "yes", "brand": "Docomo Bike Share", "access": null, "covered": null, "supervised": null, "note": null, "operator": null, "opening_hours": null }, "geometry": { "type": "Point", "coordinates": [ 139.690061900000018, 35.6915958 ] } },
{ "type": "Feature", "properties": { "osm_id": "node/10857174699", "name": "新大久保駅自転車駐車場", "ref": null, "amenity": "bicycle_parking", "capacity": null, "facility_type": "parking", "fee": null, "brand": null, "access": null, "covered": null, "supervised": null, "note": null, "operator": null, "opening_hours": null }, "geometry": { "type": "Point", "coordinates": [ 139.7007088, 35.702476 ] } },
{ "type": "Feature", "properties": { "osm_id": "node/11040587749", "name": "ヨークフーズ 早稲田店", "ref": null, "amenity": "bicycle_rental", "capacity": "4", "facility_type": "sharing", "fee": "yes", "brand": "HELLO CYCLING", "access": null, "covered": null, "supervised": null, "note": null, "operator": "OpenStreet", "opening_hours": null }, "geometry": { "type": "Point", "coordinates": [ 139.722344, 35.705817 ] } },
{ "type": "Feature", "properties": { "osm_id": "node/11040587907", "name": "ガリシア新宿西落合", "ref": null, "amenity": "bicycle_rental", "capacity": "2", "facility_type": "sharing", "fee": "yes", "brand": "HELLO CYCLING", "access": null, "covered": null, "supervised": null, "note": null, "operator": "OpenStreet", "opening_hours": null }, "geometry": { "type": "Point", "coordinates": [ 139.676516600000014, 35.7236667 ] } },
{ "type": "Feature", "properties": { "osm_id": "node/11040587985", "name": "ガリシア新宿North", "ref": null, "amenity": "bicycle_rental", "capacity": "4", "facility_type": "sharing", "fee": "yes", "brand": "HELLO CYCLING", "access": null, "covered": null, "supervised": null, "note": null, "operator": "OpenStreet", "opening_hours": null }, "geometry": { "type": "Point", "coordinates": [ 139.6952498, 35.7010215 ] } },
{ "type": "Feature", "properties": { "osm_id": "node/11040588182", "name": "トヨタモビリティ東京 落合店", "ref": null, "amenity": "bicycle_rental", "capacity": "5", "facility_type": "sharing", "fee": "yes", "brand": "HELLO CYCLING", "access": null, "covered": null, "supervised": null, "note": null, "operator": "OpenStreet", "opening_hours": null }, "geometry": { "type": "Point", "coordinates": [ 139.67751770000001, 35.7238366 ] } },
{ "type": "Feature", "properties": { "osm_id": "node/11040588267", "name": "ダイシャリン 江戸川橋駅店", "ref": null, "amenity": "bicycle_rental", "capacity": "3", "facility_type": "sharing", "fee": "yes", "brand": "HELLO CYCLING", "access": null, "covered": null, "supervised": null, "note": null, "operator": "OpenStreet", "opening_hours": null }, "geometry": { "type": "Point", "coordinates": [ 139.737392, 35.707615 ] } },
{ "type": "Feature", "properties": { "osm_id": "node/11040588292", "name": "AZEST下落合", "ref": null, "amenity": "bicycle_rental", "capacity": "8", "facility_type": "sharing", "fee": "yes", "brand": "HELLO CYCLING", "access": null, "covered": null, "supervised": null, "note": null, "operator": null, "opening_hours": null }, "geometry": { "type": "Point", "coordinates": [ 139.691643200000016, 35.7140978 ] } },
{ "type": "Feature", "properties": { "osm_id": "node/11040588302", "name": "京王プラザホテル", "ref": null, "amenity": "bicycle_rental", "capacity": "7", "facility_type": "sharing", "fee": "yes", "brand": "HELLO CYCLING", "access": null, "covered": null, "supervised": null, "note": null, "operator": "OpenStreet", "opening_hours": null }, "geometry": { "type": "Point", "coordinates": [ 139.694853200000011, 35.6895075 ] } },
{ "type": "Feature", "properties": { "osm_id": "node/11040588305", "name": "東京都第二本庁舎1階", "ref": null, "amenity": "bicycle_rental", "capacity": "14", "facility_type": "sharing", "fee": "yes", "brand": "HELLO CYCLING", "access": null, "covered": null, "supervised": null, "note": null, "operator": "OpenStreet", "opening_hours": null }, "geometry": { "type": "Point", "coordinates": [ 139.6926755, 35.6887513 ] } },
{ "type": "Feature", "properties": { "osm_id": "node/11040588336", "name": "天翔オフィス 高田馬場(高田馬場駅近辺)", "ref": null, "amenity": "bicycle_rental", "capacity": "14", "facility_type": "sharing", "fee": "yes", "brand": "HELLO CYCLING", "access": null, "covered": null, "supervised": null, "note": null, "operator": null, "opening_hours": null }, "geometry": { "type": "Point", "coordinates": [ 139.703442100000018, 35.7142414 ] } },
{ "type": "Feature", "properties": { "osm_id": "node/11040588342", "name": "KM新宿ビル(西武新宿駅近辺)", "ref": null, "amenity": "bicycle_rental", "capacity": "22", "facility_type": "sharing", "fee": "yes", "brand": "HELLO CYCLING", "access": null, "covered": null, "supervised": null, "note": null, "operator": "OpenStreet", "opening_hours": null }, "geometry": { "type": "Point", "coordinates": [ 139.700752, 35.697522 ] } },
{ "type": "Feature", "properties": { "osm_id": "node/11040588350", "name": "ガリシア新宿御苑", "ref": null, "amenity": "bicycle_rental", "capacity": "5", "facility_type": "sharing", "fee": "yes", "brand": "HELLO CYCLING", "access": null, "covered": null, "supervised": null, "note": null, "operator": "OpenStreet", "opening_hours": null }, "geometry": { "type": "Point", "coordinates": [ 139.714465, 35.6905341 ] } },
{ "type": "Feature", "properties": { "osm_id": "node/11040588363", "name": "ガリシア新宿都庁前", "ref": null, "amenity": "bicycle_rental", "capacity": "8", "facility_type": "sharing", "fee": "yes", "brand": "HELLO CYCLING", "access": null, "covered": null, "supervised": null, "note": null, "operator": null, "opening_hours": null }, "geometry": { "type": "Point", "coordinates": [ 139.687119700000011, 35.689248 ] } },
{ "type": "Feature", "properties": { "osm_id": "node/11040588383", "name": "ドルミ東中野", "ref": null, "amenity": "bicycle_rental", "capacity": "4", "facility_type": "sharing", "fee": "yes", "brand": "HELLO CYCLING", "access": null, "covered": null, "supervised": null, "note": null, "operator": "OpenStreet", "opening_hours": null }, "geometry": { "type": "Point", "coordinates": [ 139.6888467, 35.7070597 ] } },
{ "type": "Feature", "properties": { "osm_id": "node/11040588479", "name": "観音寺前", "ref": null, "amenity": "bicycle_rental", "capacity": "6", "facility_type": "sharing", "fee": "yes", "brand": "HELLO CYCLING", "access": null, "covered": null, "supervised": null, "note": null, "operator": "OpenStreet", "opening_hours": null }, "geometry": { "type": "Point", "coordinates": [ 139.695344700000021, 35.7112538 ] } },
{ "type": "Feature", "properties": { "osm_id": "node/11040588489", "name": "VORT東新宿", "ref": null, "amenity": "bicycle_rental", "capacity": "6", "facility_type": "sharing", "fee": "yes", "brand": "HELLO CYCLING", "access": null, "covered": null, "supervised": null, "note": null, "operator": "OpenStreet", "opening_hours": null }, "geometry": { "type": "Point", "coordinates": [ 139.708693900000014, 35.7031851 ] } },
{ "type": "Feature", "properties": { "osm_id": "node/11040588548", "name": "さかえ通り(高田馬場駅近辺)", "ref": null, "amenity": "bicycle_rental", "capacity": "12", "facility_type": "sharing", "fee": "yes", "brand": "HELLO CYCLING", "access": null, "covered": null, "supervised": null, "note": null, "operator": null, "opening_hours": null }, "geometry": { "type": "Point", "coordinates": [ 139.7032217, 35.7144767 ] } },
{ "type": "Feature", "properties": { "osm_id": "node/11040588589", "name": "Gビル高田馬場01(高田馬場駅近辺)", "ref": null, "amenity": "bicycle_rental", "capacity": "3", "facility_type": "sharing", "fee": "yes", "brand": "HELLO CYCLING", "access": null, "covered": null, "supervised": null, "note": null, "operator": null, "opening_hours": null }, "geometry": { "type": "Point", "coordinates": [ 139.7077256, 35.712323 ] } },
{ "type": "Feature", "properties": { "osm_id": "node/11040588635", "name": "bmj Hyakunincho", "ref": null, "amenity": "bicycle_rental", "capacity": "6", "facility_type": "sharing", "fee": "yes", "brand": "HELLO CYCLING", "access": null, "covered": null, "supervised": null, "note": null, "operator": "OpenStreet", "opening_hours": null }, "geometry": { "type": "Point", "coordinates": [ 139.699072300000012, 35.702724 ] } },
{ "type": "Feature", "properties": { "osm_id": "node/11040588636", "name": "TOKYO PLAZA HOTEL", "ref": null, "amenity": "bicycle_rental", "capacity": "7", "facility_type": "sharing", "fee": "yes", "brand": "HELLO CYCLING", "access": null, "covered": null, "supervised": null, "note": null, "operator": "OpenStreet", "opening_hours": null }, "geometry": { "type": "Point", "coordinates": [ 139.6987866, 35.7018557 ] } },
{ "type": "Feature", "properties": { "osm_id": "node/11040588705", "name": "市谷砂土原町3丁目", "ref": null, "amenity": "bicycle_rental", "capacity": "15", "facility_type": "sharing", "fee": "yes", "brand": "HELLO CYCLING", "access": null, "covered": null, "supervised": null, "note": null, "operator": "OpenStreet", "opening_hours": null }, "geometry": { "type": "Point", "coordinates": [ 139.7361014, 35.6959837 ] } },
{ "type": "Feature", "properties": { "osm_id": "node/11040588736", "name": "高田馬場3丁目ヒルズ(高田馬場駅近辺)", "ref": null, "amenity": "bicycle_rental", "capacity": "30", "facility_type": "sharing", "fee": "yes", "brand": "HELLO CYCLING", "access": null, "covered": null, "supervised": null, "note": null, "operator": "OpenStreet", "opening_hours": null }, "geometry": { "type": "Point", "coordinates": [ 139.701169, 35.713613 ] } },
{ "type": "Feature", "properties": { "osm_id": "node/11040588737", "name": "ビイルーム新宿", "ref": null, "amenity": "bicycle_rental", "capacity": "5", "facility_type": "sharing", "fee": "yes", "brand": "HELLO CYCLING", "access": null, "covered": null, "supervised": null, "note": null, "operator": "OpenStreet", "opening_hours": null }, "geometry": { "type": "Point", "coordinates": [ 139.698667, 35.699795 ] } },
{ "type": "Feature", "properties": { "osm_id": "node/11040588907", "name": "プラーズタワー東新宿", "ref": null, "amenity": "bicycle_rental", "capacity": "13", "facility_type": "sharing", "fee": "yes", "brand": "HELLO CYCLING", "access": null, "covered": null, "supervised": null, "note": null, "operator": "OpenStreet", "opening_hours": null }, "geometry": { "type": "Point", "coordinates": [ 139.704995, 35.697315 ] } },
{ "type": "Feature", "properties": { "osm_id": "node/11040588959", "name": "レジディア市ヶ谷", "ref": null, "amenity": "bicycle_rental", "capacity": "4", "facility_type": "sharing", "fee": "yes", "brand": "HELLO CYCLING", "access": null, "covered": null, "supervised": null, "note": null, "operator": "OpenStreet", "opening_hours": null }, "geometry": { "type": "Point", "coordinates": [ 139.7306553, 35.690801 ] } },
{ "type": "Feature", "properties": { "osm_id": "node/11040588960", "name": "レジディア市ヶ谷Ⅱ", "ref": null, "amenity": "bicycle_rental", "capacity": "6", "facility_type": "sharing", "fee": "yes", "brand": "HELLO CYCLING", "access": null, "covered": null, "supervised": null, "note": null, "operator": "OpenStreet", "opening_hours": null }, "geometry": { "type": "Point", "coordinates": [ 139.7355657, 35.6961668 ] } },
{ "type": "Feature", "properties": { "osm_id": "node/11040588961", "name": "レジディア神楽坂", "ref": null, "amenity": "bicycle_rental", "capacity": "4", "facility_type": "sharing", "fee": "yes", "brand": "HELLO CYCLING", "access": null, "covered": null, "supervised": null, "note": null, "operator": "OpenStreet", "opening_hours": null }, "geometry": { "type": "Point", "coordinates": [ 139.7284864, 35.7076651 ] } },
{ "type": "Feature", "properties": { "osm_id": "node/11040589438", "name": "ユニマットパーキング中井2丁目", "ref": null, "amenity": "bicycle_rental", "capacity": "19", "facility_type": "sharing", "fee": "yes", "brand": "HELLO CYCLING", "access": null, "covered": null, "supervised": null, "note": null, "operator": "OpenStreet", "opening_hours": null }, "geometry": { "type": "Point", "coordinates": [ 139.6815063, 35.7150969 ] } },
{ "type": "Feature", "properties": { "osm_id": "node/11040589470", "name": "トヨタモビリティ東京 Biz Fleet新宿", "ref": null, "amenity": "bicycle_rental", "capacity": "2", "facility_type": "sharing", "fee": "yes", "brand": "HELLO CYCLING", "access": null, "covered": null, "supervised": null, "note": null, "operator": "OpenStreet", "opening_hours": null }, "geometry": { "type": "Point", "coordinates": [ 139.708139400000022, 35.7003005 ] } },
{ "type": "Feature", "properties": { "osm_id": "node/11182252564", "name": "SUNIVAS飯田橋", "ref": null, "amenity": "bicycle_rental", "capacity": "12", "facility_type": "sharing", "fee": "yes", "brand": "HELLO CYCLING", "access": null, "covered": null, "supervised": null, "note": null, "operator": "OpenStreet", "opening_hours": null }, "geometry": { "type": "Point", "coordinates": [ 139.742539, 35.70561 ] } },
{ "type": "Feature", "properties": { "osm_id": "node/11182252631", "name": "XROSS STAY HIGASHISHINJUKU1", "ref": null, "amenity": "bicycle_rental", "capacity": "5", "facility_type": "sharing", "fee": "yes", "brand": "HELLO CYCLING", "access": null, "covered": null, "supervised": null, "note": null, "operator": null, "opening_hours": null }, "geometry": { "type": "Point", "coordinates": [ 139.719060800000022, 35.6967928 ] } },
{ "type": "Feature", "properties": { "osm_id": "node/11182252632", "name": "コンシェリア新宿落合", "ref": null, "amenity": "bicycle_rental", "capacity": "9", "facility_type": "sharing", "fee": "yes", "brand": "HELLO CYCLING", "access": null, "covered": null, "supervised": null, "note": null, "operator": null, "opening_hours": null }, "geometry": { "type": "Point", "coordinates": [ 139.6886925, 35.7160409 ] } },
{ "type": "Feature", "properties": { "osm_id": "node/11240009293", "name": null, "ref": null, "amenity": "bicycle_parking", "capacity": null, "facility_type": "parking", "fee": null, "brand": null, "access": null, "covered": null, "supervised": null, "note": null, "operator": null, "opening_hours": null }, "geometry": { "type": "Point", "coordinates": [ 139.70331250000001, 35.6956601 ] } },
{ "type": "Feature", "properties": { "osm_id": "node/11240091137", "name": "アパホテル 東新宿 歌舞伎町西", "ref": "D6-23", "amenity": "bicycle_rental", "capacity": "8", "facility_type": "sharing", "fee": "yes", "brand": "Docomo Bike Share", "access": null, "covered": null, "supervised": null, "note": null, "operator": null, "opening_hours": null }, "geometry": { "type": "Point", "coordinates": [ 139.703596, 35.6974933 ] } },
{ "type": "Feature", "properties": { "osm_id": "node/11337843160", "name": null, "ref": null, "amenity": "bicycle_parking", "capacity": null, "facility_type": "parking", "fee": null, "brand": null, "access": null, "covered": null, "supervised": null, "note": null, "operator": null, "opening_hours": null }, "geometry": { "type": "Point", "coordinates": [ 139.734147900000011, 35.7051883 ] } },
{ "type": "Feature", "properties": { "osm_id": "node/11345574789", "name": "ワイム高田馬場ビル", "ref": null, "amenity": "bicycle_rental", "capacity": "3", "facility_type": "sharing", "fee": "yes", "brand": "HELLO CYCLING", "access": null, "covered": null, "supervised": null, "note": null, "operator": "OpenStreet", "opening_hours": null }, "geometry": { "type": "Point", "coordinates": [ 139.703463100000022, 35.7098371 ] } },
{ "type": "Feature", "properties": { "osm_id": "node/11436156985", "name": "東急歌舞伎町タワー駐輪場", "ref": "D6-31", "amenity": "bicycle_rental", "capacity": "8", "facility_type": "sharing", "fee": "yes", "brand": "Docomo Bike Share", "access": null, "covered": null, "supervised": null, "note": null, "operator": null, "opening_hours": null }, "geometry": { "type": "Point", "coordinates": [ 139.700521, 35.696207 ] } },
{ "type": "Feature", "properties": { "osm_id": "node/11436157057", "name": "ルネ新宿御苑タワー", "ref": "D1-16", "amenity": "bicycle_rental", "capacity": "10", "facility_type": "sharing", "fee": "yes", "brand": "Docomo Bike Share", "access": null, "covered": null, "supervised": null, "note": null, "operator": "ドコモ・バイクシェア", "opening_hours": null }, "geometry": { "type": "Point", "coordinates": [ 139.713377, 35.690155 ] } },
{ "type": "Feature", "properties": { "osm_id": "node/11436157075", "name": "セブン-イレブン新宿６丁目文化センター通り店", "ref": "D6-26", "amenity": "bicycle_rental", "capacity": "9", "facility_type": "sharing", "fee": "yes", "brand": "Docomo Bike Share", "access": null, "covered": null, "supervised": null, "note": null, "operator": null, "opening_hours": null }, "geometry": { "type": "Point", "coordinates": [ 139.708219, 35.694951 ] } },
{ "type": "Feature", "properties": { "osm_id": "node/11436157092", "name": "セジョリ江戸川橋", "ref": "D3-16", "amenity": "bicycle_rental", "capacity": "14", "facility_type": "sharing", "fee": "yes", "brand": "Docomo Bike Share", "access": null, "covered": null, "supervised": null, "note": null, "operator": null, "opening_hours": null }, "geometry": { "type": "Point", "coordinates": [ 139.730509, 35.708734 ] } },
{ "type": "Feature", "properties": { "osm_id": "node/11436157100", "name": "グリーンフォート河田", "ref": "D4-06", "amenity": "bicycle_rental", "capacity": "7", "facility_type": "sharing", "fee": "yes", "brand": "Docomo Bike Share", "access": null, "covered": null, "supervised": null, "note": null, "operator": null, "opening_hours": null }, "geometry": { "type": "Point", "coordinates": [ 139.718739, 35.697143 ] } },
{ "type": "Feature", "properties": { "osm_id": "node/11436157102", "name": "東新宿ポート(余丁町6番)", "ref": "D4-10", "amenity": "bicycle_rental", "capacity": "6", "facility_type": "sharing", "fee": "yes", "brand": "Docomo Bike Share", "access": null, "covered": null, "supervised": null, "note": null, "operator": null, "opening_hours": null }, "geometry": { "type": "Point", "coordinates": [ 139.713081, 35.696585 ] } },
{ "type": "Feature", "properties": { "osm_id": "node/11436157120", "name": "新宿三井ビルディング二号館", "ref": "D6-27", "amenity": "bicycle_rental", "capacity": "8", "facility_type": "sharing", "fee": "yes", "brand": "ドコモ・バイクシェア", "access": null, "covered": null, "supervised": null, "note": null, "operator": "ドコモ・バイクシェア", "opening_hours": null }, "geometry": { "type": "Point", "coordinates": [ 139.692881, 35.686334 ] } },
{ "type": "Feature", "properties": { "osm_id": "node/11436157125", "name": "ジェノヴィア新宿御苑グリーンヴェール", "ref": "D1-12", "amenity": "bicycle_rental", "capacity": "9", "facility_type": "sharing", "fee": "yes", "brand": "Docomo Bike Share", "access": null, "covered": null, "supervised": null, "note": null, "operator": null, "opening_hours": null }, "geometry": { "type": "Point", "coordinates": [ 139.714755, 35.689017 ] } },
{ "type": "Feature", "properties": { "osm_id": "node/11436157127", "name": "三井ガーデンホテル神宮外苑の杜プレミア", "ref": "D1-11", "amenity": "bicycle_rental", "capacity": "5", "facility_type": "sharing", "fee": "yes", "brand": "ドコモ・バイクシェア", "access": null, "covered": null, "supervised": null, "note": null, "operator": "ドコモ・バイクシェア", "opening_hours": null }, "geometry": { "type": "Point", "coordinates": [ 139.715931, 35.679807 ] } },
{ "type": "Feature", "properties": { "osm_id": "node/11436157130", "name": "NTTコミュニケーションズ新宿ビル", "ref": "D5-11", "amenity": "bicycle_rental", "capacity": "9", "facility_type": "sharing", "fee": "yes", "brand": "Docomo Bike Share", "access": null, "covered": null, "supervised": null, "note": null, "operator": null, "opening_hours": null }, "geometry": { "type": "Point", "coordinates": [ 139.696468, 35.699312 ] } },
{ "type": "Feature", "properties": { "osm_id": "node/11436157135", "name": "トミンハイム仲之町", "ref": "D4-09", "amenity": "bicycle_rental", "capacity": "4", "facility_type": "sharing", "fee": "yes", "brand": "Docomo Bike Share", "access": null, "covered": null, "supervised": null, "note": null, "operator": null, "opening_hours": null }, "geometry": { "type": "Point", "coordinates": [ 139.722021, 35.69617 ] } },
{ "type": "Feature", "properties": { "osm_id": "node/11436157139", "name": "新宿駅東南口自転車駐輪場", "ref": "D6-25", "amenity": "bicycle_rental", "capacity": "30", "facility_type": "sharing", "fee": "yes", "brand": "ドコモ・バイクシェア", "access": null, "covered": null, "supervised": null, "note": null, "operator": "ドコモ・バイクシェア", "opening_hours": null }, "geometry": { "type": "Point", "coordinates": [ 139.701323, 35.689755 ] } },
{ "type": "Feature", "properties": { "osm_id": "node/11436157144", "name": "ＮＴＴ東日本 本社ビル", "ref": "D6-24", "amenity": "bicycle_rental", "capacity": "11", "facility_type": "sharing", "fee": "yes", "brand": "ドコモ・バイクシェア", "access": null, "covered": null, "supervised": null, "note": null, "operator": "ドコモ・バイクシェア", "opening_hours": null }, "geometry": { "type": "Point", "coordinates": [ 139.688852, 35.683102 ] } },
{ "type": "Feature", "properties": { "osm_id": "node/11436157147", "name": "カースルいずみ", "ref": "D3-15", "amenity": "bicycle_rental", "capacity": "13", "facility_type": "sharing", "fee": "yes", "brand": "ドコモ・バイクシェア", "access": null, "covered": null, "supervised": null, "note": null, "operator": "ドコモ・バイクシェア", "opening_hours": null }, "geometry": { "type": "Point", "coordinates": [ 139.711976, 35.711324 ] } },
{ "type": "Feature", "properties": { "osm_id": "node/11436157153", "name": "カスタリア新宿7丁目", "ref": "D4-05", "amenity": "bicycle_rental", "capacity": "5", "facility_type": "sharing", "fee": "yes", "brand": "ドコモ・バイクシェア", "access": null, "covered": null, "supervised": null, "note": null, "operator": "ドコモ・バイクシェア", "opening_hours": null }, "geometry": { "type": "Point", "coordinates": [ 139.711472, 35.700732 ] } },
{ "type": "Feature", "properties": { "osm_id": "node/11436157166", "name": "フロンティア四谷", "ref": "D1-15", "amenity": "bicycle_rental", "capacity": "8", "facility_type": "sharing", "fee": "yes", "brand": "Docomo Bike Share", "access": null, "covered": null, "supervised": null, "note": null, "operator": null, "opening_hours": null }, "geometry": { "type": "Point", "coordinates": [ 139.71937, 35.68768 ] } },
{ "type": "Feature", "properties": { "osm_id": "node/11436157167", "name": "西早稲田3丁目", "ref": "D3-09", "amenity": "bicycle_rental", "capacity": "6", "facility_type": "sharing", "fee": "yes", "brand": "Docomo Bike Share", "access": null, "covered": null, "supervised": null, "note": null, "operator": null, "opening_hours": null }, "geometry": { "type": "Point", "coordinates": [ 139.713319, 35.712545 ] } },
{ "type": "Feature", "properties": { "osm_id": "node/11436157186", "name": "ジェノヴィア新宿早稲田グリーンヴェール", "ref": "D4-04", "amenity": "bicycle_rental", "capacity": "7", "facility_type": "sharing", "fee": "yes", "brand": "Docomo Bike Share", "access": null, "covered": null, "supervised": null, "note": null, "operator": null, "opening_hours": null }, "geometry": { "type": "Point", "coordinates": [ 139.71983, 35.700033 ] } },
{ "type": "Feature", "properties": { "osm_id": "node/11436157202", "name": "桜美林大学 新宿キャンパス", "ref": "D5-10", "amenity": "bicycle_rental", "capacity": "8", "facility_type": "sharing", "fee": "yes", "brand": "Docomo Bike Share", "access": null, "covered": null, "supervised": null, "note": null, "operator": null, "opening_hours": null }, "geometry": { "type": "Point", "coordinates": [ 139.697562, 35.705154 ] } },
{ "type": "Feature", "properties": { "osm_id": "node/11436157215", "name": "染の里 おちあい", "ref": "D7-10", "amenity": "bicycle_rental", "capacity": "10", "facility_type": "sharing", "fee": "yes", "brand": "Docomo Bike Share", "access": null, "covered": null, "supervised": null, "note": null, "operator": null, "opening_hours": null }, "geometry": { "type": "Point", "coordinates": [ 139.689788, 35.715211 ] } },
{ "type": "Feature", "properties": { "osm_id": "node/11436157218", "name": "ヴィアイン飯田橋後楽園", "ref": "D2-12", "amenity": "bicycle_rental", "capacity": "7", "facility_type": "sharing", "fee": "yes", "brand": "Docomo Bike Share", "access": null, "covered": null, "supervised": null, "note": null, "operator": null, "opening_hours": null }, "geometry": { "type": "Point", "coordinates": [ 139.743366, 35.705774 ] } },
{ "type": "Feature", "properties": { "osm_id": "node/11436157221", "name": "ホテルリブマックス高田馬場駅前", "ref": "D3-08", "amenity": "bicycle_rental", "capacity": "8", "facility_type": "sharing", "fee": "yes", "brand": "Docomo Bike Share", "access": null, "covered": null, "supervised": null, "note": null, "operator": null, "opening_hours": null }, "geometry": { "type": "Point", "coordinates": [ 139.701356, 35.712952 ] } },
{ "type": "Feature", "properties": { "osm_id": "node/11436157234", "name": "上落合3丁目", "ref": "D7-08", "amenity": "bicycle_rental", "capacity": "14", "facility_type": "sharing", "fee": "yes", "brand": "Docomo Bike Share", "access": null, "covered": null, "supervised": null, "note": null, "operator": null, "opening_hours": null }, "geometry": { "type": "Point", "coordinates": [ 139.68232, 35.71115 ] } },
{ "type": "Feature", "properties": { "osm_id": "node/11436157244", "name": "ハウジングステージ新宿", "ref": "D5-09", "amenity": "bicycle_rental", "capacity": "13", "facility_type": "sharing", "fee": "yes", "brand": "Docomo Bike Share", "access": null, "covered": null, "supervised": null, "note": null, "operator": null, "opening_hours": null }, "geometry": { "type": "Point", "coordinates": [ 139.701214, 35.702277 ] } },
{ "type": "Feature", "properties": { "osm_id": "node/11436157245", "name": "新宿5丁目", "ref": "D6-21", "amenity": "bicycle_rental", "capacity": "5", "facility_type": "sharing", "fee": "yes", "brand": "ドコモ・バイクシェア", "access": null, "covered": null, "supervised": null, "note": null, "operator": "ドコモ・バイクシェア", "opening_hours": null }, "geometry": { "type": "Point", "coordinates": [ 139.711233, 35.691613 ] } },
{ "type": "Feature", "properties": { "osm_id": "node/11436157257", "name": "淀橋けやき橋公園", "ref": "D6-20", "amenity": "bicycle_rental", "capacity": "15", "facility_type": "sharing", "fee": "yes", "brand": "Docomo Bike Share", "access": null, "covered": null, "supervised": null, "note": null, "operator": null, "opening_hours": null }, "geometry": { "type": "Point", "coordinates": [ 139.685806, 35.693544 ] } },
{ "type": "Feature", "properties": { "osm_id": "node/11436157274", "name": "神楽坂アインスタワー", "ref": "D2-11", "amenity": "bicycle_rental", "capacity": "10", "facility_type": "sharing", "fee": "yes", "brand": "Docomo Bike Share", "access": null, "covered": null, "supervised": null, "note": null, "operator": null, "opening_hours": null }, "geometry": { "type": "Point", "coordinates": [ 139.739, 35.702833 ] } },
{ "type": "Feature", "properties": { "osm_id": "node/11436157277", "name": "市谷砂土原町3丁目", "ref": "D2-10", "amenity": "bicycle_rental", "capacity": "12", "facility_type": "sharing", "fee": "yes", "brand": "Docomo Bike Share", "access": null, "covered": null, "supervised": null, "note": null, "operator": null, "opening_hours": null }, "geometry": { "type": "Point", "coordinates": [ 139.735776, 35.696242 ] } },
{ "type": "Feature", "properties": { "osm_id": "node/11436157281", "name": "JICA市ヶ谷ビル（地球ひろば／研究所）", "ref": "D4-02", "amenity": "bicycle_rental", "capacity": "7", "facility_type": "sharing", "fee": "yes", "brand": "Docomo Bike Share", "access": null, "covered": null, "supervised": null, "note": null, "operator": null, "opening_hours": null }, "geometry": { "type": "Point", "coordinates": [ 139.731328, 35.694927 ] } },
{ "type": "Feature", "properties": { "osm_id": "node/11436157283", "name": "市谷加賀町2丁目", "ref": "D4-03", "amenity": "bicycle_rental", "capacity": "5", "facility_type": "sharing", "fee": "yes", "brand": "Docomo Bike Share", "access": null, "covered": null, "supervised": null, "note": null, "operator": null, "opening_hours": null }, "geometry": { "type": "Point", "coordinates": [ 139.727882, 35.695636 ] } },
{ "type": "Feature", "properties": { "osm_id": "node/11436157305", "name": "トヨタモビリティ東京 東新宿店", "ref": "D4-11", "amenity": "bicycle_rental", "capacity": "0", "facility_type": "sharing", "fee": "yes", "brand": "Docomo Bike Share", "access": null, "covered": null, "supervised": null, "note": null, "operator": null, "opening_hours": null }, "geometry": { "type": "Point", "coordinates": [ 139.70808, 35.699835 ] } },
{ "type": "Feature", "properties": { "osm_id": "node/11436157308", "name": "エムアイセミナーハウス", "ref": "D7-06", "amenity": "bicycle_rental", "capacity": "5", "facility_type": "sharing", "fee": "yes", "brand": "Docomo Bike Share", "access": null, "covered": null, "supervised": null, "note": null, "operator": null, "opening_hours": null }, "geometry": { "type": "Point", "coordinates": [ 139.677128, 35.721064 ] } },
{ "type": "Feature", "properties": { "osm_id": "node/11436157319", "name": "NTT四谷ビル", "ref": "D1-09", "amenity": "bicycle_rental", "capacity": "3", "facility_type": "sharing", "fee": "yes", "brand": "ドコモ・バイクシェア", "access": null, "covered": null, "supervised": null, "note": null, "operator": "ドコモ・バイクシェア", "opening_hours": null }, "geometry": { "type": "Point", "coordinates": [ 139.712079, 35.691188 ] } },
{ "type": "Feature", "properties": { "osm_id": "node/11436157336", "name": "ローソン 新宿西落合三丁目店", "ref": "D7-07", "amenity": "bicycle_rental", "capacity": "6", "facility_type": "sharing", "fee": "yes", "brand": "Docomo Bike Share", "access": null, "covered": null, "supervised": null, "note": null, "operator": null, "opening_hours": null }, "geometry": { "type": "Point", "coordinates": [ 139.675897, 35.725171 ] } },
{ "type": "Feature", "properties": { "osm_id": "node/11436157342", "name": "ウエリス新宿早稲田の森", "ref": "D5-08", "amenity": "bicycle_rental", "capacity": "8", "facility_type": "sharing", "fee": "yes", "brand": "Docomo Bike Share", "access": null, "covered": null, "supervised": null, "note": null, "operator": null, "opening_hours": null }, "geometry": { "type": "Point", "coordinates": [ 139.708397, 35.704597 ] } },
{ "type": "Feature", "properties": { "osm_id": "node/11436157348", "name": "京王プラザホテル", "ref": "D6-30", "amenity": "bicycle_rental", "capacity": "6", "facility_type": "sharing", "fee": "yes", "brand": "Docomo Bike Share", "access": null, "covered": null, "supervised": null, "note": null, "operator": null, "opening_hours": null }, "geometry": { "type": "Point", "coordinates": [ 139.694823, 35.6897 ] } },
{ "type": "Feature", "properties": { "osm_id": "node/11436157357", "name": "戸塚特別出張所", "ref": "D3-07", "amenity": "bicycle_rental", "capacity": "5", "facility_type": "sharing", "fee": "yes", "brand": "Docomo Bike Share", "access": null, "covered": null, "supervised": null, "note": null, "operator": null, "opening_hours": null }, "geometry": { "type": "Point", "coordinates": [ 139.70507, 35.71429 ] } },
{ "type": "Feature", "properties": { "osm_id": "node/11436157366", "name": "都庁第二本庁舎前", "ref": "D6-29", "amenity": "bicycle_rental", "capacity": "13", "facility_type": "sharing", "fee": "yes", "brand": "Docomo Bike Share", "access": null, "covered": null, "supervised": null, "note": null, "operator": null, "opening_hours": null }, "geometry": { "type": "Point", "coordinates": [ 139.692249, 35.688735 ] } },
{ "type": "Feature", "properties": { "osm_id": "node/11436157373", "name": "西落合図書館", "ref": "D7-05", "amenity": "bicycle_rental", "capacity": "7", "facility_type": "sharing", "fee": "yes", "brand": "Docomo Bike Share", "access": null, "covered": null, "supervised": null, "note": null, "operator": null, "opening_hours": null }, "geometry": { "type": "Point", "coordinates": [ 139.678976, 35.725818 ] } },
{ "type": "Feature", "properties": { "osm_id": "node/11436157375", "name": "セブン-イレブン高田馬場3丁目中央店", "ref": "D3-06", "amenity": "bicycle_rental", "capacity": "6", "facility_type": "sharing", "fee": "yes", "brand": "Docomo Bike Share", "access": null, "covered": null, "supervised": null, "note": null, "operator": null, "opening_hours": null }, "geometry": { "type": "Point", "coordinates": [ 139.698301, 35.713872 ] } },
{ "type": "Feature", "properties": { "osm_id": "node/11436157386", "name": "genten市ヶ谷店", "ref": "D2-17", "amenity": "bicycle_rental", "capacity": "10", "facility_type": "sharing", "fee": "yes", "brand": "Docomo Bike Share", "access": null, "covered": null, "supervised": null, "note": null, "operator": null, "opening_hours": null }, "geometry": { "type": "Point", "coordinates": [ 139.73255, 35.690657 ] } },
{ "type": "Feature", "properties": { "osm_id": "node/11436157393", "name": "新宿歴史博物館", "ref": "D1-08", "amenity": "bicycle_rental", "capacity": "5", "facility_type": "sharing", "fee": "yes", "brand": "Docomo Bike Share", "access": null, "covered": null, "supervised": null, "note": null, "operator": null, "opening_hours": null }, "geometry": { "type": "Point", "coordinates": [ 139.725261, 35.689984 ] } },
{ "type": "Feature", "properties": { "osm_id": "node/11436157406", "name": "プラウド高田馬場", "ref": "D7-12", "amenity": "bicycle_rental", "capacity": "5", "facility_type": "sharing", "fee": "yes", "brand": "Docomo Bike Share", "access": null, "covered": null, "supervised": null, "note": null, "operator": null, "opening_hours": null }, "geometry": { "type": "Point", "coordinates": [ 139.701683, 35.715538 ] } },
{ "type": "Feature", "properties": { "osm_id": "node/11436157407", "name": "セブン-イレブン 新宿下落合3丁目店", "ref": "D7-04", "amenity": "bicycle_rental", "capacity": "4", "facility_type": "sharing", "fee": "yes", "brand": "Docomo Bike Share", "access": null, "covered": null, "supervised": null, "note": null, "operator": null, "opening_hours": null }, "geometry": { "type": "Point", "coordinates": [ 139.701987800000012, 35.7226317 ] } },
{ "type": "Feature", "properties": { "osm_id": "node/11436157438", "name": "日本光電本社南側", "ref": "D7-13", "amenity": "bicycle_rental", "capacity": "15", "facility_type": "sharing", "fee": "yes", "brand": "Docomo Bike Share", "access": null, "covered": null, "supervised": null, "note": null, "operator": null, "opening_hours": null }, "geometry": { "type": "Point", "coordinates": [ 139.679083, 35.71936 ] } },
{ "type": "Feature", "properties": { "osm_id": "node/11436157439", "name": "大栄パーク西落合１丁目", "ref": "D7-14", "amenity": "bicycle_rental", "capacity": "6", "facility_type": "sharing", "fee": "yes", "brand": "Docomo Bike Share", "access": null, "covered": null, "supervised": null, "note": null, "operator": null, "opening_hours": null }, "geometry": { "type": "Point", "coordinates": [ 139.678936, 35.720028 ] } },
{ "type": "Feature", "properties": { "osm_id": "node/11436157454", "name": "四谷第六小学校北", "ref": "D1-06", "amenity": "bicycle_rental", "capacity": "9", "facility_type": "sharing", "fee": "yes", "brand": "ドコモ・バイクシェア", "access": null, "covered": null, "supervised": null, "note": null, "operator": "ドコモ・バイクシェア", "opening_hours": null }, "geometry": { "type": "Point", "coordinates": [ 139.715256, 35.681754 ] } },
{ "type": "Feature", "properties": { "osm_id": "node/11436157462", "name": "セブン-イレブン 新宿中落合3丁目店", "ref": "D7-02", "amenity": "bicycle_rental", "capacity": "23", "facility_type": "sharing", "fee": "yes", "brand": "Docomo Bike Share", "access": null, "covered": null, "supervised": null, "note": null, "operator": null, "opening_hours": null }, "geometry": { "type": "Point", "coordinates": [ 139.691712, 35.722202 ] } },
{ "type": "Feature", "properties": { "osm_id": "node/11436157467", "name": "住友不動産西新宿ビル", "ref": "D6-15", "amenity": "bicycle_rental", "capacity": "9", "facility_type": "sharing", "fee": "yes", "brand": "Docomo Bike Share", "access": null, "covered": null, "supervised": null, "note": null, "operator": null, "opening_hours": null }, "geometry": { "type": "Point", "coordinates": [ 139.695911, 35.69465 ] } },
{ "type": "Feature", "properties": { "osm_id": "node/11436157469", "name": "飯田濠", "ref": "D2-06", "amenity": "bicycle_rental", "capacity": "15", "facility_type": "sharing", "fee": "yes", "brand": "ドコモ・バイクシェア", "access": null, "covered": null, "supervised": null, "note": null, "operator": "ドコモ・バイクシェア", "opening_hours": null }, "geometry": { "type": "Point", "coordinates": [ 139.74301, 35.70057 ] } },
{ "type": "Feature", "properties": { "osm_id": "node/11436157494", "name": "コーシャハイム高田馬場", "ref": "D3-14", "amenity": "bicycle_rental", "capacity": "4", "facility_type": "sharing", "fee": "yes", "brand": "Docomo Bike Share", "access": null, "covered": null, "supervised": null, "note": null, "operator": null, "opening_hours": null }, "geometry": { "type": "Point", "coordinates": [ 139.70168, 35.712413 ] } },
{ "type": "Feature", "properties": { "osm_id": "node/11436157495", "name": "新宿清掃事務所", "ref": "D7-11", "amenity": "bicycle_rental", "capacity": "6", "facility_type": "sharing", "fee": "yes", "brand": "ドコモ・バイクシェア", "access": null, "covered": null, "supervised": null, "note": null, "operator": "ドコモ・バイクシェア", "opening_hours": null }, "geometry": { "type": "Point", "coordinates": [ 139.704377, 35.716359 ] } },
{ "type": "Feature", "properties": { "osm_id": "node/11436157500", "name": "中井駅北", "ref": "D7-03", "amenity": "bicycle_rental", "capacity": "50", "facility_type": "sharing", "fee": "yes", "brand": "Docomo Bike Share", "access": null, "covered": null, "supervised": null, "note": null, "operator": null, "opening_hours": null }, "geometry": { "type": "Point", "coordinates": [ 139.687486, 35.715645 ] } },
{ "type": "Feature", "properties": { "osm_id": "node/11436157517", "name": "新宿コズミックセンター", "ref": "D5-01", "amenity": "bicycle_rental", "capacity": "6", "facility_type": "sharing", "fee": "yes", "brand": "Docomo Bike Share", "access": null, "covered": null, "supervised": null, "note": null, "operator": null, "opening_hours": null }, "geometry": { "type": "Point", "coordinates": [ 139.70841, 35.705244 ] } },
{ "type": "Feature", "properties": { "osm_id": "node/11436157535", "name": "中央図書館", "ref": "D5-05", "amenity": "bicycle_rental", "capacity": "14", "facility_type": "sharing", "fee": "yes", "brand": "Docomo Bike Share", "access": null, "covered": null, "supervised": null, "note": null, "operator": null, "opening_hours": null }, "geometry": { "type": "Point", "coordinates": [ 139.706841, 35.705018 ] } },
{ "type": "Feature", "properties": { "osm_id": "node/11436157539", "name": "新宿ファーストウエスト", "ref": "D6-14", "amenity": "bicycle_rental", "capacity": "13", "facility_type": "sharing", "fee": "yes", "brand": "Docomo Bike Share", "access": null, "covered": null, "supervised": null, "note": null, "operator": null, "opening_hours": null }, "geometry": { "type": "Point", "coordinates": [ 139.695995, 35.689529 ] } },
{ "type": "Feature", "properties": { "osm_id": "node/11436157541", "name": "甘泉園公園", "ref": "D3-03", "amenity": "bicycle_rental", "capacity": "4", "facility_type": "sharing", "fee": "yes", "brand": "Docomo Bike Share", "access": null, "covered": null, "supervised": null, "note": null, "operator": null, "opening_hours": null }, "geometry": { "type": "Point", "coordinates": [ 139.715418, 35.712431 ] } },
{ "type": "Feature", "properties": { "osm_id": "node/11436157542", "name": "北新宿公園", "ref": "D5-03", "amenity": "bicycle_rental", "capacity": "4", "facility_type": "sharing", "fee": "yes", "brand": "Docomo Bike Share", "access": null, "covered": null, "supervised": null, "note": null, "operator": null, "opening_hours": null }, "geometry": { "type": "Point", "coordinates": [ 139.68862, 35.702288 ] } },
{ "type": "Feature", "properties": { "osm_id": "node/11436157543", "name": "西戸山公園野球場", "ref": "D5-04", "amenity": "bicycle_rental", "capacity": "7", "facility_type": "sharing", "fee": "yes", "brand": "Docomo Bike Share", "access": null, "covered": null, "supervised": null, "note": null, "operator": null, "opening_hours": null }, "geometry": { "type": "Point", "coordinates": [ 139.700204, 35.707388 ] } },
{ "type": "Feature", "properties": { "osm_id": "node/11436157544", "name": "新宿中央公園（ジャブジャブ池下）", "ref": "D6-13", "amenity": "bicycle_rental", "capacity": "9", "facility_type": "sharing", "fee": "yes", "brand": "Docomo Bike Share", "access": null, "covered": null, "supervised": null, "note": null, "operator": null, "opening_hours": null }, "geometry": { "type": "Point", "coordinates": [ 139.689254, 35.687652 ] } },
{ "type": "Feature", "properties": { "osm_id": "node/11436157546", "name": "下落合図書館", "ref": "D7-01", "amenity": "bicycle_rental", "capacity": "16", "facility_type": "sharing", "fee": "yes", "brand": "Docomo Bike Share", "access": null, "covered": null, "supervised": null, "note": null, "operator": null, "opening_hours": null }, "geometry": { "type": "Point", "coordinates": [ 139.698578, 35.715894 ] } },
{ "type": "Feature", "properties": { "osm_id": "node/11436157560", "name": "新宿余丁町ビル", "ref": "D4-07", "amenity": "bicycle_rental", "capacity": "5", "facility_type": "sharing", "fee": "yes", "brand": "Docomo Bike Share", "access": null, "covered": null, "supervised": null, "note": null, "operator": null, "opening_hours": null }, "geometry": { "type": "Point", "coordinates": [ 139.716482, 35.698512 ] } },
{ "type": "Feature", "properties": { "osm_id": "node/11436157583", "name": "ホテルサンライト新宿", "ref": "D6-10", "amenity": "bicycle_rental", "capacity": "3", "facility_type": "sharing", "fee": "yes", "brand": "Docomo Bike Share", "access": null, "covered": null, "supervised": null, "note": null, "operator": null, "opening_hours": null }, "geometry": { "type": "Point", "coordinates": [ 139.707047, 35.694201 ] } },
{ "type": "Feature", "properties": { "osm_id": "node/11436157584", "name": "新宿御苑新宿門【西側】", "ref": "D1-13", "amenity": "bicycle_rental", "capacity": "37", "facility_type": "sharing", "fee": "yes", "brand": "Docomo Bike Share", "access": null, "covered": null, "supervised": null, "note": null, "operator": null, "opening_hours": null }, "geometry": { "type": "Point", "coordinates": [ 139.706536, 35.688945 ] } },
{ "type": "Feature", "properties": { "osm_id": "node/11436157585", "name": "ホテルリステル新宿", "ref": "D6-11", "amenity": "bicycle_rental", "capacity": "3", "facility_type": "sharing", "fee": "yes", "brand": "Docomo Bike Share", "access": null, "covered": null, "supervised": null, "note": null, "operator": null, "opening_hours": null }, "geometry": { "type": "Point", "coordinates": [ 139.711327, 35.693029 ] } },
{ "type": "Feature", "properties": { "osm_id": "node/11436157586", "name": "東京ビジネスホテル", "ref": "D6-12", "amenity": "bicycle_rental", "capacity": "6", "facility_type": "sharing", "fee": "yes", "brand": "Docomo Bike Share", "access": null, "covered": null, "supervised": null, "note": null, "operator": null, "opening_hours": null }, "geometry": { "type": "Point", "coordinates": [ 139.710568, 35.69342 ] } },
{ "type": "Feature", "properties": { "osm_id": "node/11436157587", "name": "新宿中央公園（水の広場）", "ref": "D6-05", "amenity": "bicycle_rental", "capacity": "6", "facility_type": "sharing", "fee": "yes", "brand": "Docomo Bike Share", "access": null, "covered": null, "supervised": null, "note": null, "operator": null, "opening_hours": null }, "geometry": { "type": "Point", "coordinates": [ 139.69026, 35.68991 ] } },
{ "type": "Feature", "properties": { "osm_id": "node/11436157588", "name": "新宿フロントタワー", "ref": "D6-07", "amenity": "bicycle_rental", "capacity": "11", "facility_type": "sharing", "fee": "yes", "brand": "Docomo Bike Share", "access": null, "covered": null, "supervised": null, "note": null, "operator": null, "opening_hours": null }, "geometry": { "type": "Point", "coordinates": [ 139.689924, 35.696387 ] } },
{ "type": "Feature", "properties": { "osm_id": "node/11436157590", "name": "新宿イーストサイドスクエア", "ref": "D6-08", "amenity": "bicycle_rental", "capacity": "4", "facility_type": "sharing", "fee": "yes", "brand": "Docomo Bike Share", "access": null, "covered": null, "supervised": null, "note": null, "operator": null, "opening_hours": null }, "geometry": { "type": "Point", "coordinates": [ 139.707887, 35.697158 ] } },
{ "type": "Feature", "properties": { "osm_id": "node/11436157595", "name": "花園西公園", "ref": "D1-01", "amenity": "bicycle_rental", "capacity": "3", "facility_type": "sharing", "fee": "yes", "brand": "Docomo Bike Share", "access": null, "covered": null, "supervised": null, "note": null, "operator": null, "opening_hours": null }, "geometry": { "type": "Point", "coordinates": [ 139.711364, 35.690838 ] } },
{ "type": "Feature", "properties": { "osm_id": "node/11436157596", "name": "四谷特別出張所（新宿御苑大木戸門前）", "ref": "D1-02", "amenity": "bicycle_rental", "capacity": "17", "facility_type": "sharing", "fee": "yes", "brand": "Docomo Bike Share", "access": null, "covered": null, "supervised": null, "note": null, "operator": null, "opening_hours": null }, "geometry": { "type": "Point", "coordinates": [ 139.714169, 35.687435 ] } },
{ "type": "Feature", "properties": { "osm_id": "node/11436157597", "name": "新左門児童遊園", "ref": "D1-03", "amenity": "bicycle_rental", "capacity": "4", "facility_type": "sharing", "fee": "yes", "brand": "Docomo Bike Share", "access": null, "covered": null, "supervised": null, "note": null, "operator": null, "opening_hours": null }, "geometry": { "type": "Point", "coordinates": [ 139.720519, 35.684523 ] } },
{ "type": "Feature", "properties": { "osm_id": "node/11436157598", "name": "四谷見附公園", "ref": "D1-04", "amenity": "bicycle_rental", "capacity": "12", "facility_type": "sharing", "fee": "yes", "brand": "Docomo Bike Share", "access": null, "covered": null, "supervised": null, "note": null, "operator": null, "opening_hours": null }, "geometry": { "type": "Point", "coordinates": [ 139.728425, 35.683448 ] } },
{ "type": "Feature", "properties": { "osm_id": "node/11436157599", "name": "新宿区役所本庁舎", "ref": "D6-01", "amenity": "bicycle_rental", "capacity": "50", "facility_type": "sharing", "fee": "yes", "brand": "ドコモ・バイクシェア", "access": null, "covered": null, "supervised": null, "note": null, "operator": "ドコモ・バイクシェア", "opening_hours": null }, "geometry": { "type": "Point", "coordinates": [ 139.703229, 35.693602 ] } },
{ "type": "Feature", "properties": { "osm_id": "node/11436157600", "name": "新宿区役所第二分庁舎", "ref": "D6-02", "amenity": "bicycle_rental", "capacity": "36", "facility_type": "sharing", "fee": "yes", "brand": "Docomo Bike Share", "access": null, "covered": null, "supervised": null, "note": null, "operator": null, "opening_hours": null }, "geometry": { "type": "Point", "coordinates": [ 139.706134, 35.693976 ] } },
{ "type": "Feature", "properties": { "osm_id": "node/11846161415", "name": "パラッツォ9ルーリヨ", "ref": null, "amenity": "bicycle_rental", "capacity": "2", "facility_type": "sharing", "fee": "yes", "brand": "HELLO CYCLING", "access": null, "covered": null, "supervised": null, "note": null, "operator": "OpenStreet", "opening_hours": null }, "geometry": { "type": "Point", "coordinates": [ 139.720196, 35.7034526 ] } },
{ "type": "Feature", "properties": { "osm_id": "node/12298772796", "name": "ロアール北新宿", "ref": null, "amenity": "bicycle_rental", "capacity": "7", "facility_type": "sharing", "fee": "yes", "brand": "HELLO CYCLING", "access": null, "covered": null, "supervised": null, "note": null, "operator": "OpenStreet", "opening_hours": null }, "geometry": { "type": "Point", "coordinates": [ 139.691917, 35.706754 ] } },
{ "type": "Feature", "properties": { "osm_id": "node/12298772797", "name": "ロアール四谷", "ref": null, "amenity": "bicycle_rental", "capacity": "7", "facility_type": "sharing", "fee": "yes", "brand": "HELLO CYCLING", "access": null, "covered": null, "supervised": null, "note": null, "operator": "OpenStreet", "opening_hours": null }, "geometry": { "type": "Point", "coordinates": [ 139.723605, 35.689622 ] } },
{ "type": "Feature", "properties": { "osm_id": "node/12298788556", "name": "新宿百人町第三駐車場", "ref": null, "amenity": "bicycle_rental", "capacity": "40", "facility_type": "sharing", "fee": "yes", "brand": "HELLO CYCLING", "access": null, "covered": null, "supervised": null, "note": null, "operator": "OpenStreet", "opening_hours": null }, "geometry": { "type": "Point", "coordinates": [ 139.697014, 35.700563 ] } },
{ "type": "Feature", "properties": { "osm_id": "node/12298788639", "name": "PEN新宿区高田馬場3丁目第2", "ref": null, "amenity": "bicycle_rental", "capacity": "2", "facility_type": "sharing", "fee": "yes", "brand": "HELLO CYCLING", "access": null, "covered": null, "supervised": null, "note": null, "operator": "OpenStreet", "opening_hours": null }, "geometry": { "type": "Point", "coordinates": [ 139.699716, 35.714126 ] } },
{ "type": "Feature", "properties": { "osm_id": "node/12298788640", "name": "PEN新宿区高田馬場3丁目第1", "ref": null, "amenity": "bicycle_rental", "capacity": "6", "facility_type": "sharing", "fee": "yes", "brand": "HELLO CYCLING", "access": null, "covered": null, "supervised": null, "note": null, "operator": "OpenStreet", "opening_hours": null }, "geometry": { "type": "Point", "coordinates": [ 139.699168, 35.713804 ] } },
{ "type": "Feature", "properties": { "osm_id": "node/12298788717", "name": "OnePark北新宿1丁目", "ref": null, "amenity": "bicycle_rental", "capacity": "3", "facility_type": "sharing", "fee": "yes", "brand": "HELLO CYCLING", "access": null, "covered": null, "supervised": null, "note": null, "operator": "OpenStreet", "opening_hours": null }, "geometry": { "type": "Point", "coordinates": [ 139.694806, 35.700029 ] } },
{ "type": "Feature", "properties": { "osm_id": "node/12298788722", "name": "ドムス・スタイル高田馬場", "ref": null, "amenity": "bicycle_rental", "capacity": "5", "facility_type": "sharing", "fee": "yes", "brand": "HELLO CYCLING", "access": null, "covered": null, "supervised": null, "note": null, "operator": null, "opening_hours": null }, "geometry": { "type": "Point", "coordinates": [ 139.702523, 35.714724 ] } },
{ "type": "Feature", "properties": { "osm_id": "node/12298788723", "name": "アマヴェル早稲田", "ref": null, "amenity": "bicycle_rental", "capacity": "2", "facility_type": "sharing", "fee": "yes", "brand": "HELLO CYCLING", "access": null, "covered": null, "supervised": null, "note": null, "operator": "OpenStreet", "opening_hours": null }, "geometry": { "type": "Point", "coordinates": [ 139.7226281, 35.7067692 ] } },
{ "type": "Feature", "properties": { "osm_id": "node/12298788750", "name": "ガリシア早稲田", "ref": null, "amenity": "bicycle_rental", "capacity": "10", "facility_type": "sharing", "fee": "yes", "brand": "HELLO CYCLING", "access": null, "covered": null, "supervised": null, "note": null, "operator": "OpenStreet", "opening_hours": null }, "geometry": { "type": "Point", "coordinates": [ 139.726128100000011, 35.7047866 ] } },
{ "type": "Feature", "properties": { "osm_id": "node/12298788767", "name": "江戸川橋ステーションレジデンス", "ref": null, "amenity": "bicycle_rental", "capacity": "3", "facility_type": "sharing", "fee": "yes", "brand": "HELLO CYCLING", "access": null, "covered": null, "supervised": null, "note": null, "operator": "OpenStreet", "opening_hours": null }, "geometry": { "type": "Point", "coordinates": [ 139.729219300000011, 35.7094336 ] } },
{ "type": "Feature", "properties": { "osm_id": "node/12298788778", "name": "AZEST西落合", "ref": null, "amenity": "bicycle_rental", "capacity": "3", "facility_type": "sharing", "fee": "yes", "brand": "HELLO CYCLING", "access": null, "covered": null, "supervised": null, "note": null, "operator": null, "opening_hours": null }, "geometry": { "type": "Point", "coordinates": [ 139.67813, 35.721143 ] } },
{ "type": "Feature", "properties": { "osm_id": "node/12298788781", "name": "東洋カーマックス新宿御苑前", "ref": null, "amenity": "bicycle_rental", "capacity": "3", "facility_type": "sharing", "fee": "yes", "brand": "HELLO CYCLING", "access": null, "covered": null, "supervised": null, "note": null, "operator": "OpenStreet", "opening_hours": null }, "geometry": { "type": "Point", "coordinates": [ 139.7138294, 35.687801 ] } },
{ "type": "Feature", "properties": { "osm_id": "node/12313875554", "name": "ヴォーガコルテ早稲田弐番館", "ref": "D3-18", "amenity": "bicycle_rental", "capacity": "4", "facility_type": "sharing", "fee": "yes", "brand": "Docomo Bike Share", "access": null, "covered": null, "supervised": null, "note": null, "operator": null, "opening_hours": null }, "geometry": { "type": "Point", "coordinates": [ 139.727834, 35.707552 ] } },
{ "type": "Feature", "properties": { "osm_id": "node/12313875586", "name": "セジョリ早稲田", "ref": "D3-17", "amenity": "bicycle_rental", "capacity": "3", "facility_type": "sharing", "fee": "yes", "brand": "Docomo Bike Share", "access": null, "covered": null, "supervised": null, "note": null, "operator": null, "opening_hours": null }, "geometry": { "type": "Point", "coordinates": [ 139.725528, 35.705111 ] } },
{ "type": "Feature", "properties": { "osm_id": "node/12477719295", "name": "エイブルパーキング 大久保2丁目", "ref": null, "amenity": "bicycle_rental", "capacity": "24", "facility_type": "sharing", "fee": "yes", "brand": "HELLO CYCLING", "access": null, "covered": null, "supervised": null, "note": null, "operator": "OpenStreet", "opening_hours": null }, "geometry": { "type": "Point", "coordinates": [ 139.704712600000022, 35.701834 ] } },
{ "type": "Feature", "properties": { "osm_id": "node/12477719321", "name": "リパーク四ツ谷3丁目駅前", "ref": null, "amenity": "bicycle_rental", "capacity": "28", "facility_type": "sharing", "fee": "yes", "brand": "HELLO CYCLING", "access": null, "covered": null, "supervised": null, "note": null, "operator": "OpenStreet", "opening_hours": null }, "geometry": { "type": "Point", "coordinates": [ 139.719098, 35.687698 ] } },
{ "type": "Feature", "properties": { "osm_id": "node/12500042716", "name": "AXAS神楽坂", "ref": "D3-20", "amenity": "bicycle_rental", "capacity": "7", "facility_type": "sharing", "fee": "yes", "brand": "Docomo Bike Share", "access": null, "covered": null, "supervised": null, "note": null, "operator": null, "opening_hours": null }, "geometry": { "type": "Point", "coordinates": [ 139.72951, 35.70844 ] } },
{ "type": "Feature", "properties": { "osm_id": "node/12500042717", "name": "AXAS神楽坂Sta.", "ref": "D2-18", "amenity": "bicycle_rental", "capacity": "3", "facility_type": "sharing", "fee": "yes", "brand": "ドコモ・バイクシェア", "access": null, "covered": null, "supervised": null, "note": null, "operator": "ドコモ・バイクシェア", "opening_hours": null }, "geometry": { "type": "Point", "coordinates": [ 139.731964, 35.704188 ] } },
{ "type": "Feature", "properties": { "osm_id": "node/12500042718", "name": "AXAS初台", "ref": "D6-32", "amenity": "bicycle_rental", "capacity": "13", "facility_type": "sharing", "fee": "yes", "brand": "Docomo Bike Share", "access": null, "covered": null, "supervised": null, "note": null, "operator": null, "opening_hours": null }, "geometry": { "type": "Point", "coordinates": [ 139.68483, 35.68591 ] } },
{ "type": "Feature", "properties": { "osm_id": "node/12500042736", "name": "AXAS高田馬場", "ref": "D3-19", "amenity": "bicycle_rental", "capacity": "2", "facility_type": "sharing", "fee": "yes", "brand": "Docomo Bike Share", "access": null, "covered": null, "supervised": null, "note": null, "operator": null, "opening_hours": null }, "geometry": { "type": "Point", "coordinates": [ 139.694729, 35.709903 ] } },
{ "type": "Feature", "properties": { "osm_id": "node/12808040187", "name": null, "ref": null, "amenity": "bicycle_parking", "capacity": null, "facility_type": "parking", "fee": null, "brand": null, "access": null, "covered": "no", "supervised": null, "note": null, "operator": null, "opening_hours": null }, "geometry": { "type": "Point", "coordinates": [ 139.7072565, 35.688533 ] } },
{ "type": "Feature", "properties": { "osm_id": "node/13190051780", "name": "リパーク下落合3丁目第4", "ref": null, "amenity": "bicycle_rental", "capacity": "24", "facility_type": "sharing", "fee": "yes", "brand": "HELLO CYCLING", "access": null, "covered": null, "supervised": null, "note": null, "operator": null, "opening_hours": null }, "geometry": { "type": "Point", "coordinates": [ 139.705378, 35.72156 ] } },
{ "type": "Feature", "properties": { "osm_id": "node/13190051800", "name": "ザノット東京新宿", "ref": null, "amenity": "bicycle_rental", "capacity": "5", "facility_type": "sharing", "fee": "yes", "brand": "HELLO CYCLING", "access": null, "covered": null, "supervised": null, "note": null, "operator": null, "opening_hours": null }, "geometry": { "type": "Point", "coordinates": [ 139.68847, 35.68842 ] } },
{ "type": "Feature", "properties": { "osm_id": "node/13190051859", "name": "エストレリータ新宿落合", "ref": null, "amenity": "bicycle_rental", "capacity": "5", "facility_type": "sharing", "fee": "yes", "brand": "HELLO CYCLING", "access": null, "covered": null, "supervised": null, "note": null, "operator": null, "opening_hours": null }, "geometry": { "type": "Point", "coordinates": [ 139.68869, 35.719904 ] } },
{ "type": "Feature", "properties": { "osm_id": "node/13190051922", "name": "グランドール天神", "ref": null, "amenity": "bicycle_rental", "capacity": "4", "facility_type": "sharing", "fee": "yes", "brand": "HELLO CYCLING", "access": null, "covered": null, "supervised": null, "note": null, "operator": "OpenStreet", "opening_hours": null }, "geometry": { "type": "Point", "coordinates": [ 139.71056, 35.69728 ] } },
{ "type": "Feature", "properties": { "osm_id": "node/13190051923", "name": "Olympic北新宿店", "ref": null, "amenity": "bicycle_rental", "capacity": "13", "facility_type": "sharing", "fee": "yes", "brand": "HELLO CYCLING", "access": null, "covered": null, "supervised": null, "note": null, "operator": "OpenStreet", "opening_hours": null }, "geometry": { "type": "Point", "coordinates": [ 139.69234, 35.70193 ] } },
{ "type": "Feature", "properties": { "osm_id": "node/13190052033", "name": "ロアール早稲田大学前弐番館", "ref": null, "amenity": "bicycle_rental", "capacity": "9", "facility_type": "sharing", "fee": "yes", "brand": "HELLO CYCLING", "access": null, "covered": null, "supervised": null, "note": null, "operator": "OpenStreet", "opening_hours": null }, "geometry": { "type": "Point", "coordinates": [ 139.722477, 35.711149 ] } },
{ "type": "Feature", "properties": { "osm_id": "node/13190052034", "name": "ガーデンテラス四ツ谷", "ref": null, "amenity": "bicycle_rental", "capacity": "2", "facility_type": "sharing", "fee": "yes", "brand": "HELLO CYCLING", "access": null, "covered": null, "supervised": null, "note": null, "operator": "OpenStreet", "opening_hours": null }, "geometry": { "type": "Point", "coordinates": [ 139.727321, 35.690203 ] } },
{ "type": "Feature", "properties": { "osm_id": "node/13192290141", "name": "ルーブル高田馬場弐番館", "ref": "D7-15", "amenity": "bicycle_rental", "capacity": "4", "facility_type": "sharing", "fee": "yes", "brand": "Docomo Bike Share", "access": null, "covered": null, "supervised": null, "note": null, "operator": null, "opening_hours": null }, "geometry": { "type": "Point", "coordinates": [ 139.694684, 35.716499 ] } },
{ "type": "Feature", "properties": { "osm_id": "node/13192291702", "name": "ARKMARK東中野", "ref": "D5-12", "amenity": "bicycle_rental", "capacity": "2", "facility_type": "sharing", "fee": "yes", "brand": "Docomo Bike Share", "access": null, "covered": null, "supervised": null, "note": null, "operator": null, "opening_hours": null }, "geometry": { "type": "Point", "coordinates": [ 139.689312, 35.70488 ] } },
{ "type": "Feature", "properties": { "osm_id": "node/13192291707", "name": "高田馬場", "ref": "D3-21", "amenity": "bicycle_rental", "capacity": "12", "facility_type": "sharing", "fee": "yes", "brand": "Docomo Bike Share", "access": null, "covered": null, "supervised": null, "note": null, "operator": null, "opening_hours": null }, "geometry": { "type": "Point", "coordinates": [ 139.70115, 35.713526 ] } },
{ "type": "Feature", "properties": { "osm_id": "node/13192291752", "name": "クラッシィタワー新宿御苑", "ref": "D1-17", "amenity": "bicycle_rental", "capacity": "4", "facility_type": "sharing", "fee": "yes", "brand": "Docomo Bike Share", "access": null, "covered": null, "supervised": null, "note": null, "operator": null, "opening_hours": null }, "geometry": { "type": "Point", "coordinates": [ 139.714969, 35.688132 ] } },
{ "type": "Feature", "properties": { "osm_id": "node/13192291757", "name": "AXAS新宿戸山3", "ref": "D4-14", "amenity": "bicycle_rental", "capacity": "3", "facility_type": "sharing", "fee": "yes", "brand": "Docomo Bike Share", "access": null, "covered": null, "supervised": null, "note": null, "operator": null, "opening_hours": null }, "geometry": { "type": "Point", "coordinates": [ 139.71864, 35.70121 ] } },
{ "type": "Feature", "properties": { "osm_id": "node/13192291758", "name": "AXAS新宿戸山2", "ref": "D4-13", "amenity": "bicycle_rental", "capacity": "3", "facility_type": "sharing", "fee": "yes", "brand": "Docomo Bike Share", "access": null, "covered": null, "supervised": null, "note": null, "operator": null, "opening_hours": null }, "geometry": { "type": "Point", "coordinates": [ 139.71863, 35.70124 ] } },
{ "type": "Feature", "properties": { "osm_id": "node/13192291759", "name": "AXAS新宿戸山1", "ref": "D4-12", "amenity": "bicycle_rental", "capacity": "3", "facility_type": "sharing", "fee": "yes", "brand": "Docomo Bike Share", "access": null, "covered": null, "supervised": null, "note": null, "operator": null, "opening_hours": null }, "geometry": { "type": "Point", "coordinates": [ 139.71857, 35.70126 ] } },
{ "type": "Feature", "properties": { "osm_id": "node/13192291780", "name": "パークタワー西新宿", "ref": "D6-33", "amenity": "bicycle_rental", "capacity": "6", "facility_type": "sharing", "fee": "yes", "brand": "Docomo Bike Share", "access": null, "covered": null, "supervised": null, "note": null, "operator": null, "opening_hours": null }, "geometry": { "type": "Point", "coordinates": [ 139.686633, 35.692927 ] } },
{ "type": "Feature", "properties": { "osm_id": "node/13272712809", "name": null, "ref": null, "amenity": "bicycle_parking", "capacity": null, "facility_type": "parking", "fee": null, "brand": null, "access": null, "covered": null, "supervised": null, "note": null, "operator": null, "opening_hours": null }, "geometry": { "type": "Point", "coordinates": [ 139.714016, 35.6929003 ] } },
{ "type": "Feature", "properties": { "osm_id": "node/13722933433", "name": "亮朝院ステーション", "ref": null, "amenity": "bicycle_rental", "capacity": "16", "facility_type": "sharing", "fee": "yes", "brand": "HELLO CYCLING", "access": null, "covered": null, "supervised": null, "note": null, "operator": null, "opening_hours": null }, "geometry": { "type": "Point", "coordinates": [ 139.713662, 35.71233 ] } },
{ "type": "Feature", "properties": { "osm_id": "node/13722933436", "name": "KDXレジデンス神楽坂通", "ref": null, "amenity": "bicycle_rental", "capacity": "4", "facility_type": "sharing", "fee": "yes", "brand": "HELLO CYCLING", "access": null, "covered": null, "supervised": null, "note": null, "operator": null, "opening_hours": null }, "geometry": { "type": "Point", "coordinates": [ 139.7339849, 35.7040466 ] } },
{ "type": "Feature", "properties": { "osm_id": "node/13722933459", "name": "コインパーク大久保2丁目第2", "ref": null, "amenity": "bicycle_rental", "capacity": "6", "facility_type": "sharing", "fee": "yes", "brand": "HELLO CYCLING", "access": null, "covered": null, "supervised": null, "note": null, "operator": null, "opening_hours": null }, "geometry": { "type": "Point", "coordinates": [ 139.7064058, 35.7034104 ] } },
{ "type": "Feature", "properties": { "osm_id": "node/13722933522", "name": "アイム西新宿", "ref": null, "amenity": "bicycle_rental", "capacity": "20", "facility_type": "sharing", "fee": "yes", "brand": "HELLO CYCLING", "access": null, "covered": null, "supervised": null, "note": null, "operator": null, "opening_hours": null }, "geometry": { "type": "Point", "coordinates": [ 139.6932841, 35.6962706 ] } },
{ "type": "Feature", "properties": { "osm_id": "node/13722933542", "name": "リパーク西落合1丁目第9", "ref": null, "amenity": "bicycle_rental", "capacity": "7", "facility_type": "sharing", "fee": "yes", "brand": "HELLO CYCLING", "access": null, "covered": null, "supervised": null, "note": null, "operator": null, "opening_hours": null }, "geometry": { "type": "Point", "coordinates": [ 139.680234, 35.721786 ] } },
{ "type": "Feature", "properties": { "osm_id": "node/13722933551", "name": "文祥下落合ハイツ", "ref": null, "amenity": "bicycle_rental", "capacity": "3", "facility_type": "sharing", "fee": "yes", "brand": "HELLO CYCLING", "access": null, "covered": null, "supervised": null, "note": null, "operator": null, "opening_hours": null }, "geometry": { "type": "Point", "coordinates": [ 139.696675700000014, 35.7165184 ] } },
{ "type": "Feature", "properties": { "osm_id": "node/13722933573", "name": "落合スィート", "ref": null, "amenity": "bicycle_rental", "capacity": "3", "facility_type": "sharing", "fee": "yes", "brand": "HELLO CYCLING", "access": null, "covered": null, "supervised": null, "note": null, "operator": null, "opening_hours": null }, "geometry": { "type": "Point", "coordinates": [ 139.693393, 35.716842 ] } },
{ "type": "Feature", "properties": { "osm_id": "node/13722933725", "name": "アリーチェ中落合", "ref": null, "amenity": "bicycle_rental", "capacity": "5", "facility_type": "sharing", "fee": "yes", "brand": "HELLO CYCLING", "access": null, "covered": null, "supervised": null, "note": null, "operator": null, "opening_hours": null }, "geometry": { "type": "Point", "coordinates": [ 139.6901176, 35.7204861 ] } },
{ "type": "Feature", "properties": { "osm_id": "node/13722933775", "name": "ガリシア新宿NorthⅡ", "ref": null, "amenity": "bicycle_rental", "capacity": "11", "facility_type": "sharing", "fee": "yes", "brand": "HELLO CYCLING", "access": null, "covered": null, "supervised": null, "note": null, "operator": null, "opening_hours": null }, "geometry": { "type": "Point", "coordinates": [ 139.699966100000012, 35.7026181 ] } },
{ "type": "Feature", "properties": { "osm_id": "node/13726789709", "name": "ザ・ポータル飯田橋", "ref": "D2-21", "amenity": "bicycle_rental", "capacity": "18", "facility_type": "sharing", "fee": "yes", "brand": "Docomo Bike Share", "access": null, "covered": null, "supervised": null, "note": null, "operator": null, "opening_hours": null }, "geometry": { "type": "Point", "coordinates": [ 139.74098, 35.706024 ] } },
{ "type": "Feature", "properties": { "osm_id": "node/13726789716", "name": "VORT神楽坂Ⅰ", "ref": "D2-20", "amenity": "bicycle_rental", "capacity": "4", "facility_type": "sharing", "fee": "yes", "brand": "Docomo Bike Share", "access": null, "covered": null, "supervised": null, "note": null, "operator": null, "opening_hours": null }, "geometry": { "type": "Point", "coordinates": [ 139.734338, 35.700241 ] } },
{ "type": "Feature", "properties": { "osm_id": "node/13726789725", "name": "RBパーク新宿区山吹町", "ref": "D3-23", "amenity": "bicycle_rental", "capacity": "5", "facility_type": "sharing", "fee": "yes", "brand": "Docomo Bike Share", "access": null, "covered": null, "supervised": null, "note": null, "operator": null, "opening_hours": null }, "geometry": { "type": "Point", "coordinates": [ 139.729056, 35.708115 ] } },
{ "type": "Feature", "properties": { "osm_id": "node/13726789729", "name": "ベウラ柳町", "ref": "D2-19", "amenity": "bicycle_rental", "capacity": "8", "facility_type": "sharing", "fee": "yes", "brand": "Docomo Bike Share", "access": null, "covered": null, "supervised": null, "note": null, "operator": null, "opening_hours": null }, "geometry": { "type": "Point", "coordinates": [ 139.726527, 35.699689 ] } },
{ "type": "Feature", "properties": { "osm_id": "node/13726789732", "name": "感通寺01", "ref": "D3-22", "amenity": "bicycle_rental", "capacity": "2", "facility_type": "sharing", "fee": "yes", "brand": "Docomo Bike Share", "access": null, "covered": null, "supervised": null, "note": null, "operator": null, "opening_hours": null }, "geometry": { "type": "Point", "coordinates": [ 139.721736, 35.703448 ] } },
{ "type": "Feature", "properties": { "osm_id": "node/13726789735", "name": "信濃町駅前駐車場", "ref": "D1-19", "amenity": "bicycle_rental", "capacity": "5", "facility_type": "sharing", "fee": "yes", "brand": "Docomo Bike Share", "access": null, "covered": null, "supervised": null, "note": null, "operator": null, "opening_hours": null }, "geometry": { "type": "Point", "coordinates": [ 139.719938, 35.679866 ] } },
{ "type": "Feature", "properties": { "osm_id": "node/13726789736", "name": "信濃町煉瓦館", "ref": "D1-18", "amenity": "bicycle_rental", "capacity": "7", "facility_type": "sharing", "fee": "yes", "brand": "Docomo Bike Share", "access": null, "covered": null, "supervised": null, "note": null, "operator": null, "opening_hours": null }, "geometry": { "type": "Point", "coordinates": [ 139.719395, 35.682101 ] } },
{ "type": "Feature", "properties": { "osm_id": "node/13726789739", "name": "富久町", "ref": "D4-15", "amenity": "bicycle_rental", "capacity": "6", "facility_type": "sharing", "fee": "yes", "brand": "Docomo Bike Share", "access": null, "covered": null, "supervised": null, "note": null, "operator": null, "opening_hours": null }, "geometry": { "type": "Point", "coordinates": [ 139.718227, 35.691982 ] } },
{ "type": "Feature", "properties": { "osm_id": "node/13726789757", "name": "メイクスデザイン高田馬場", "ref": "D7-18", "amenity": "bicycle_rental", "capacity": "3", "facility_type": "sharing", "fee": "yes", "brand": "Docomo Bike Share", "access": null, "covered": null, "supervised": null, "note": null, "operator": null, "opening_hours": null }, "geometry": { "type": "Point", "coordinates": [ 139.705473, 35.716413 ] } },
{ "type": "Feature", "properties": { "osm_id": "node/13726789764", "name": "名校教育グループ高田馬場校舎 下落合1-1-1", "ref": "D7-17", "amenity": "bicycle_rental", "capacity": "4", "facility_type": "sharing", "fee": "yes", "brand": "Docomo Bike Share", "access": null, "covered": null, "supervised": null, "note": null, "operator": null, "opening_hours": null }, "geometry": { "type": "Point", "coordinates": [ 139.703429, 35.715003 ] } },
{ "type": "Feature", "properties": { "osm_id": "node/13726789771", "name": "百人町３丁目", "ref": "D5-13", "amenity": "bicycle_rental", "capacity": "5", "facility_type": "sharing", "fee": "yes", "brand": "Docomo Bike Share", "access": null, "covered": null, "supervised": null, "note": null, "operator": null, "opening_hours": null }, "geometry": { "type": "Point", "coordinates": [ 139.699484, 35.707302 ] } },
{ "type": "Feature", "properties": { "osm_id": "node/13726789775", "name": "ARKMARK新宿下落合", "ref": "D7-16", "amenity": "bicycle_rental", "capacity": "7", "facility_type": "sharing", "fee": "yes", "brand": "Docomo Bike Share", "access": null, "covered": null, "supervised": null, "note": null, "operator": null, "opening_hours": null }, "geometry": { "type": "Point", "coordinates": [ 139.692267, 35.720903 ] } },
{ "type": "Feature", "properties": { "osm_id": "node/13726789778", "name": "代々木四丁目駐車場", "ref": "M5-25", "amenity": "bicycle_rental", "capacity": "3", "facility_type": "sharing", "fee": "yes", "brand": "Docomo Bike Share", "access": null, "covered": null, "supervised": null, "note": null, "operator": null, "opening_hours": null }, "geometry": { "type": "Point", "coordinates": [ 139.690319, 35.683651 ] } },
{ "type": "Feature", "properties": { "osm_id": "node/13726789782", "name": "AXAS西新宿", "ref": "D6-34", "amenity": "bicycle_rental", "capacity": "3", "facility_type": "sharing", "fee": "yes", "brand": "Docomo Bike Share", "access": null, "covered": null, "supervised": null, "note": null, "operator": null, "opening_hours": null }, "geometry": { "type": "Point", "coordinates": [ 139.685077, 35.688876 ] } },
{ "type": "Feature", "properties": { "osm_id": "node/14013730215", "name": null, "ref": null, "amenity": "bicycle_rental", "capacity": "14", "facility_type": "sharing", "fee": null, "brand": null, "access": null, "covered": null, "supervised": null, "note": null, "operator": null, "opening_hours": null }, "geometry": { "type": "Point", "coordinates": [ 139.70505510000001, 35.6927926 ] } },
{ "type": "Feature", "properties": { "osm_id": "node/16495260", "name": "新宿駅靖国通り自転車駐輪場③", "ref": null, "amenity": "bicycle_parking", "capacity": "64", "facility_type": "parking", "fee": "yes", "brand": null, "access": "yes", "covered": "no", "supervised": null, "note": null, "operator": "日本コンピュータ・ダイナミクス株式会社", "opening_hours": null }, "geometry": { "type": "Point", "coordinates": [ 139.702476308150324, 35.693190028131077 ] } },
{ "type": "Feature", "properties": { "osm_id": "node/16497112", "name": "新宿駅靖国通り自転車駐輪場③", "ref": null, "amenity": "bicycle_parking", "capacity": "64", "facility_type": "parking", "fee": "yes", "brand": null, "access": "yes", "covered": "no", "supervised": null, "note": null, "operator": "日本コンピュータ・ダイナミクス株式会社", "opening_hours": null }, "geometry": { "type": "Point", "coordinates": [ 139.70283053611368, 35.693104919671882 ] } },
{ "type": "Feature", "properties": { "osm_id": "node/16502760", "name": "新宿駅東口自転車駐輪場②", "ref": null, "amenity": "bicycle_parking", "capacity": "49", "facility_type": "parking", "fee": "yes", "brand": null, "access": "yes", "covered": "no", "supervised": null, "note": null, "operator": "日本コンピュータ・ダイナミクス株式会社", "opening_hours": null }, "geometry": { "type": "Point", "coordinates": [ 139.700443247885772, 35.692551876470439 ] } },
{ "type": "Feature", "properties": { "osm_id": "way/152629456", "name": null, "ref": null, "amenity": "bicycle_parking", "capacity": null, "facility_type": "parking", "fee": null, "brand": null, "access": null, "covered": "yes", "supervised": null, "note": null, "operator": null, "opening_hours": null }, "geometry": { "type": "Point", "coordinates": [ 139.724643884411591, 35.680907498058019 ] } },
{ "type": "Feature", "properties": { "osm_id": "way/209654931", "name": null, "ref": null, "amenity": "bicycle_parking", "capacity": null, "facility_type": "parking", "fee": "yes", "brand": null, "access": "permissive", "covered": null, "supervised": null, "note": null, "operator": null, "opening_hours": null }, "geometry": { "type": "Point", "coordinates": [ 139.698095056359278, 35.691751577737342 ] } },
{ "type": "Feature", "properties": { "osm_id": "way/506610262", "name": null, "ref": null, "amenity": "bicycle_parking", "capacity": null, "facility_type": "parking", "fee": null, "brand": null, "access": null, "covered": "no", "supervised": null, "note": null, "operator": null, "opening_hours": null }, "geometry": { "type": "Point", "coordinates": [ 139.695431069119365, 35.701982812037244 ] } },
{ "type": "Feature", "properties": { "osm_id": "way/606861042", "name": null, "ref": null, "amenity": "bicycle_parking", "capacity": null, "facility_type": "parking", "fee": "no", "brand": null, "access": "customers", "covered": "no", "supervised": null, "note": null, "operator": null, "opening_hours": null }, "geometry": { "type": "Point", "coordinates": [ 139.696927843946582, 35.721750749252386 ] } },
{ "type": "Feature", "properties": { "osm_id": "way/627481981", "name": null, "ref": null, "amenity": "bicycle_parking", "capacity": null, "facility_type": "parking", "fee": null, "brand": null, "access": "private", "covered": null, "supervised": null, "note": null, "operator": null, "opening_hours": null }, "geometry": { "type": "Point", "coordinates": [ 139.709561402078378, 35.701605799648959 ] } },
{ "type": "Feature", "properties": { "osm_id": "way/627481982", "name": null, "ref": null, "amenity": "bicycle_parking", "capacity": null, "facility_type": "parking", "fee": null, "brand": null, "access": "private", "covered": "yes", "supervised": null, "note": null, "operator": null, "opening_hours": null }, "geometry": { "type": "Point", "coordinates": [ 139.710538497343123, 35.702494300263346 ] } },
{ "type": "Feature", "properties": { "osm_id": "way/646606262", "name": null, "ref": null, "amenity": "bicycle_parking", "capacity": null, "facility_type": "parking", "fee": null, "brand": null, "access": "private", "covered": "yes", "supervised": null, "note": null, "operator": null, "opening_hours": null }, "geometry": { "type": "Point", "coordinates": [ 139.681052162404399, 35.722597077764789 ] } },
{ "type": "Feature", "properties": { "osm_id": "way/646666809", "name": null, "ref": null, "amenity": "bicycle_parking", "capacity": null, "facility_type": "parking", "fee": null, "brand": null, "access": "private", "covered": "yes", "supervised": null, "note": null, "operator": null, "opening_hours": null }, "geometry": { "type": "Point", "coordinates": [ 139.675654173322698, 35.723179285307161 ] } },
{ "type": "Feature", "properties": { "osm_id": "way/693733749", "name": null, "ref": null, "amenity": "bicycle_parking", "capacity": null, "facility_type": "parking", "fee": "no", "brand": null, "access": "customers", "covered": "no", "supervised": null, "note": null, "operator": null, "opening_hours": null }, "geometry": { "type": "Point", "coordinates": [ 139.706796900106553, 35.70509159818166 ] } },
{ "type": "Feature", "properties": { "osm_id": "way/749978032", "name": null, "ref": null, "amenity": "bicycle_parking", "capacity": null, "facility_type": "parking", "fee": null, "brand": null, "access": null, "covered": null, "supervised": null, "note": null, "operator": null, "opening_hours": null }, "geometry": { "type": "Point", "coordinates": [ 139.693210995910505, 35.695557538349235 ] } },
{ "type": "Feature", "properties": { "osm_id": "way/984367467", "name": null, "ref": null, "amenity": "bicycle_parking", "capacity": null, "facility_type": "parking", "fee": null, "brand": null, "access": "customers", "covered": "no", "supervised": null, "note": null, "operator": null, "opening_hours": null }, "geometry": { "type": "Point", "coordinates": [ 139.736211867521973, 35.708753706401104 ] } },
{ "type": "Feature", "properties": { "osm_id": "way/1059805943", "name": null, "ref": null, "amenity": "bicycle_parking", "capacity": null, "facility_type": "parking", "fee": null, "brand": null, "access": null, "covered": null, "supervised": null, "note": null, "operator": null, "opening_hours": null }, "geometry": { "type": "Point", "coordinates": [ 139.719199717741589, 35.698715855846586 ] } },
{ "type": "Feature", "properties": { "osm_id": "way/1090092231", "name": null, "ref": null, "amenity": "bicycle_parking", "capacity": null, "facility_type": "parking", "fee": null, "brand": null, "access": null, "covered": null, "supervised": null, "note": null, "operator": null, "opening_hours": null }, "geometry": { "type": "Point", "coordinates": [ 139.7021842782448, 35.714873674043574 ] } },
{ "type": "Feature", "properties": { "osm_id": "way/1090092234", "name": "高田馬場駅第二自転車駐車場", "ref": null, "amenity": "bicycle_parking", "capacity": null, "facility_type": "parking", "fee": "yes", "brand": null, "access": "yes", "covered": null, "supervised": null, "note": null, "operator": "新宿区", "opening_hours": "Mo-Sa 07:00-21:00; Su,PH off" }, "geometry": { "type": "Point", "coordinates": [ 139.704022184799243, 35.71423881927749 ] } },
{ "type": "Feature", "properties": { "osm_id": "way/1137995527", "name": null, "ref": null, "amenity": "bicycle_parking", "capacity": null, "facility_type": "parking", "fee": "no", "brand": null, "access": "permit", "covered": "yes", "supervised": null, "note": null, "operator": null, "opening_hours": null }, "geometry": { "type": "Point", "coordinates": [ 139.71024474285025, 35.707055760828304 ] } },
{ "type": "Feature", "properties": { "osm_id": "way/1203906504", "name": "新宿駅東口自転車駐輪場①", "ref": null, "amenity": "bicycle_parking", "capacity": "42", "facility_type": "parking", "fee": "yes", "brand": null, "access": "yes", "covered": "no", "supervised": null, "note": null, "operator": "日本コンピュータ・ダイナミクス株式会社", "opening_hours": null }, "geometry": { "type": "Point", "coordinates": [ 139.701637157817515, 35.691595498701545 ] } },
{ "type": "Feature", "properties": { "osm_id": "way/1204012530", "name": "新宿駅東口自転車駐輪場②", "ref": null, "amenity": "bicycle_parking", "capacity": "49", "facility_type": "parking", "fee": "yes", "brand": null, "access": "yes", "covered": "no", "supervised": null, "note": null, "operator": "日本コンピュータ・ダイナミクス株式会社", "opening_hours": null }, "geometry": { "type": "Point", "coordinates": [ 139.701709540950446, 35.691059693787864 ] } },
{ "type": "Feature", "properties": { "osm_id": "way/1214290160", "name": "新宿駅靖国通り自転車駐輪場①", "ref": null, "amenity": "bicycle_parking", "capacity": "24", "facility_type": "parking", "fee": "yes", "brand": null, "access": "yes", "covered": "no", "supervised": null, "note": null, "operator": "日本コンピュータ・ダイナミクス株式会社", "opening_hours": null }, "geometry": { "type": "Point", "coordinates": [ 139.70098986919686, 35.693506446541299 ] } },
{ "type": "Feature", "properties": { "osm_id": "way/1215827490", "name": "新宿駅靖国通り自転車駐輪場②", "ref": null, "amenity": "bicycle_parking", "capacity": "39", "facility_type": "parking", "fee": "yes", "brand": null, "access": "yes", "covered": "no", "supervised": null, "note": null, "operator": "日本コンピュータ・ダイナミクス株式会社", "opening_hours": null }, "geometry": { "type": "Point", "coordinates": [ 139.701750072259273, 35.693355855403397 ] } },
{ "type": "Feature", "properties": { "osm_id": "way/1215827491", "name": "新宿駅靖国通り自転車駐輪場②", "ref": null, "amenity": "bicycle_parking", "capacity": "39", "facility_type": "parking", "fee": "yes", "brand": null, "access": "yes", "covered": "no", "supervised": null, "note": null, "operator": "日本コンピュータ・ダイナミクス株式会社", "opening_hours": null }, "geometry": { "type": "Point", "coordinates": [ 139.701920026396778, 35.6933182869424 ] } },
{ "type": "Feature", "properties": { "osm_id": "way/1215827492", "name": "新宿駅靖国通り自転車駐輪場②", "ref": null, "amenity": "bicycle_parking", "capacity": "39", "facility_type": "parking", "fee": "yes", "brand": null, "access": "yes", "covered": "no", "supervised": null, "note": null, "operator": "日本コンピュータ・ダイナミクス株式会社", "opening_hours": null }, "geometry": { "type": "Point", "coordinates": [ 139.702099765338687, 35.693279182415175 ] } },
{ "type": "Feature", "properties": { "osm_id": "way/1220607836", "name": "新宿駅靖国通り自転車駐輪場⑨", "ref": null, "amenity": "bicycle_parking", "capacity": "38", "facility_type": "parking", "fee": "yes", "brand": null, "access": "yes", "covered": "no", "supervised": null, "note": null, "operator": "日本コンピュータ・ダイナミクス株式会社", "opening_hours": null }, "geometry": { "type": "Point", "coordinates": [ 139.702695702741522, 35.693442853715254 ] } },
{ "type": "Feature", "properties": { "osm_id": "way/1220607837", "name": "新宿駅靖国通り自転車駐輪場⑨", "ref": null, "amenity": "bicycle_parking", "capacity": "38", "facility_type": "parking", "fee": "yes", "brand": null, "access": "yes", "covered": "no", "supervised": null, "note": null, "operator": "日本コンピュータ・ダイナミクス株式会社", "opening_hours": null }, "geometry": { "type": "Point", "coordinates": [ 139.702538787916239, 35.693479724947103 ] } },
{ "type": "Feature", "properties": { "osm_id": "way/1220690386", "name": "新宿駅靖国通り自転車駐輪場⑩", "ref": null, "amenity": "bicycle_parking", "capacity": "54", "facility_type": "parking", "fee": "yes", "brand": null, "access": "yes", "covered": "no", "supervised": null, "note": null, "operator": "日本コンピュータ・ダイナミクス株式会社", "opening_hours": null }, "geometry": { "type": "Point", "coordinates": [ 139.703120688862043, 35.693337388798945 ] } },
{ "type": "Feature", "properties": { "osm_id": "way/1220690387", "name": "新宿駅靖国通り自転車駐輪場⑩", "ref": null, "amenity": "bicycle_parking", "capacity": "54", "facility_type": "parking", "fee": "yes", "brand": null, "access": "yes", "covered": "no", "supervised": null, "note": null, "operator": "日本コンピュータ・ダイナミクス株式会社", "opening_hours": null }, "geometry": { "type": "Point", "coordinates": [ 139.702964883193573, 35.693380109840163 ] } },
{ "type": "Feature", "properties": { "osm_id": "way/1220690388", "name": "新宿駅靖国通り自転車駐輪場⑩", "ref": null, "amenity": "bicycle_parking", "capacity": "54", "facility_type": "parking", "fee": "yes", "brand": null, "access": "yes", "covered": "no", "supervised": null, "note": null, "operator": "日本コンピュータ・ダイナミクス株式会社", "opening_hours": null }, "geometry": { "type": "Point", "coordinates": [ 139.703303287890776, 35.693283893614534 ] } },
{ "type": "Feature", "properties": { "osm_id": "way/1361049806", "name": null, "ref": null, "amenity": "bicycle_parking", "capacity": null, "facility_type": "parking", "fee": null, "brand": null, "access": null, "covered": null, "supervised": null, "note": null, "operator": null, "opening_hours": null }, "geometry": { "type": "Point", "coordinates": [ 139.704823321422452, 35.714620196677515 ] } },
{ "type": "Feature", "properties": { "osm_id": "way/1420744208", "name": null, "ref": null, "amenity": "bicycle_parking", "capacity": null, "facility_type": "parking", "fee": null, "brand": null, "access": null, "covered": null, "supervised": null, "note": null, "operator": null, "opening_hours": null }, "geometry": { "type": "Point", "coordinates": [ 139.693193462104006, 35.699086951387322 ] } },
{ "type": "Feature", "properties": { "osm_id": "way/1420744209", "name": null, "ref": null, "amenity": "bicycle_parking", "capacity": null, "facility_type": "parking", "fee": null, "brand": null, "access": null, "covered": null, "supervised": null, "note": null, "operator": null, "opening_hours": null }, "geometry": { "type": "Point", "coordinates": [ 139.692951182358854, 35.698954617635394 ] } },
{ "type": "Feature", "properties": { "osm_id": "node/1693495626", "name": "初台駅北口自転車駐輪場", "ref": null, "amenity": "bicycle_parking", "capacity": null, "facility_type": "parking", "fee": null, "brand": null, "access": "yes", "covered": "yes", "supervised": null, "note": null, "operator": null, "opening_hours": null }, "geometry": { "type": "Point", "coordinates": [ 139.6854858, 35.6819014 ] } },
{ "type": "Feature", "properties": { "osm_id": "node/1708829550", "name": "恵比寿駅東口自転車駐車場", "ref": null, "amenity": "bicycle_parking", "capacity": "700", "facility_type": "parking", "fee": "yes", "brand": null, "access": null, "covered": "yes", "supervised": null, "note": null, "operator": "サイカパーキング", "opening_hours": "24/7" }, "geometry": { "type": "Point", "coordinates": [ 139.710776800000019, 35.6463321 ] } },
{ "type": "Feature", "properties": { "osm_id": "node/1759744880", "name": null, "ref": null, "amenity": "bicycle_parking", "capacity": null, "facility_type": "parking", "fee": null, "brand": null, "access": null, "covered": null, "supervised": null, "note": null, "operator": null, "opening_hours": null }, "geometry": { "type": "Point", "coordinates": [ 139.699931500000019, 35.6488081 ] } },
{ "type": "Feature", "properties": { "osm_id": "node/1759744882", "name": null, "ref": null, "amenity": "bicycle_parking", "capacity": null, "facility_type": "parking", "fee": null, "brand": null, "access": null, "covered": null, "supervised": null, "note": null, "operator": null, "opening_hours": null }, "geometry": { "type": "Point", "coordinates": [ 139.699420700000019, 35.6488586 ] } },
{ "type": "Feature", "properties": { "osm_id": "node/1759744971", "name": null, "ref": null, "amenity": "bicycle_parking", "capacity": null, "facility_type": "parking", "fee": null, "brand": null, "access": null, "covered": null, "supervised": null, "note": null, "operator": null, "opening_hours": null }, "geometry": { "type": "Point", "coordinates": [ 139.700197700000018, 35.6497817 ] } },
{ "type": "Feature", "properties": { "osm_id": "node/1760401226", "name": "初台駅北口自転車駐輪場", "ref": null, "amenity": "bicycle_rental", "capacity": null, "facility_type": "sharing", "fee": null, "brand": null, "access": null, "covered": null, "supervised": null, "note": null, "operator": null, "opening_hours": null }, "geometry": { "type": "Point", "coordinates": [ 139.685508, 35.6818733 ] } },
{ "type": "Feature", "properties": { "osm_id": "node/2132104367", "name": null, "ref": null, "amenity": "bicycle_parking", "capacity": null, "facility_type": "parking", "fee": null, "brand": null, "access": null, "covered": null, "supervised": null, "note": null, "operator": null, "opening_hours": null }, "geometry": { "type": "Point", "coordinates": [ 139.696705, 35.687559 ] } },
{ "type": "Feature", "properties": { "osm_id": "node/2134414170", "name": null, "ref": null, "amenity": "bicycle_parking", "capacity": null, "facility_type": "parking", "fee": null, "brand": null, "access": null, "covered": null, "supervised": null, "note": null, "operator": null, "opening_hours": null }, "geometry": { "type": "Point", "coordinates": [ 139.688397, 35.681741 ] } },
{ "type": "Feature", "properties": { "osm_id": "node/2136835260", "name": null, "ref": null, "amenity": "bicycle_parking", "capacity": null, "facility_type": "parking", "fee": null, "brand": null, "access": null, "covered": null, "supervised": null, "note": null, "operator": null, "opening_hours": null }, "geometry": { "type": "Point", "coordinates": [ 139.689077, 35.682472 ] } },
{ "type": "Feature", "properties": { "osm_id": "node/2136836287", "name": null, "ref": null, "amenity": "bicycle_parking", "capacity": null, "facility_type": "parking", "fee": null, "brand": null, "access": null, "covered": null, "supervised": null, "note": null, "operator": null, "opening_hours": null }, "geometry": { "type": "Point", "coordinates": [ 139.688674, 35.682156 ] } },
{ "type": "Feature", "properties": { "osm_id": "node/2137169170", "name": null, "ref": null, "amenity": "bicycle_parking", "capacity": null, "facility_type": "parking", "fee": null, "brand": null, "access": null, "covered": null, "supervised": null, "note": null, "operator": null, "opening_hours": null }, "geometry": { "type": "Point", "coordinates": [ 139.6987066, 35.6879753 ] } },
{ "type": "Feature", "properties": { "osm_id": "node/2174184063", "name": null, "ref": null, "amenity": "bicycle_parking", "capacity": null, "facility_type": "parking", "fee": null, "brand": null, "access": null, "covered": null, "supervised": null, "note": null, "operator": null, "opening_hours": null }, "geometry": { "type": "Point", "coordinates": [ 139.69851, 35.688254 ] } },
{ "type": "Feature", "properties": { "osm_id": "node/2176361841", "name": null, "ref": null, "amenity": "bicycle_parking", "capacity": null, "facility_type": "parking", "fee": null, "brand": null, "access": null, "covered": null, "supervised": null, "note": null, "operator": null, "opening_hours": null }, "geometry": { "type": "Point", "coordinates": [ 139.698102, 35.688104 ] } },
{ "type": "Feature", "properties": { "osm_id": "node/2176364408", "name": null, "ref": null, "amenity": "bicycle_parking", "capacity": null, "facility_type": "parking", "fee": null, "brand": null, "access": null, "covered": null, "supervised": null, "note": null, "operator": null, "opening_hours": null }, "geometry": { "type": "Point", "coordinates": [ 139.697528, 35.687917 ] } },
{ "type": "Feature", "properties": { "osm_id": "node/2234073298", "name": null, "ref": null, "amenity": "bicycle_parking", "capacity": null, "facility_type": "parking", "fee": null, "brand": null, "access": null, "covered": null, "supervised": null, "note": null, "operator": null, "opening_hours": null }, "geometry": { "type": "Point", "coordinates": [ 139.686555, 35.68041 ] } },
{ "type": "Feature", "properties": { "osm_id": "node/2234175363", "name": null, "ref": null, "amenity": "bicycle_parking", "capacity": null, "facility_type": "parking", "fee": null, "brand": null, "access": null, "covered": null, "supervised": null, "note": null, "operator": null, "opening_hours": null }, "geometry": { "type": "Point", "coordinates": [ 139.6706393, 35.6753979 ] } },
{ "type": "Feature", "properties": { "osm_id": "node/2363770936", "name": null, "ref": null, "amenity": "bicycle_rental", "capacity": null, "facility_type": "sharing", "fee": null, "brand": null, "access": null, "covered": null, "supervised": null, "note": null, "operator": null, "opening_hours": null }, "geometry": { "type": "Point", "coordinates": [ 139.701718, 35.647766 ] } },
{ "type": "Feature", "properties": { "osm_id": "node/2450493229", "name": "恵比寿駅西口第二 自転車駐車場", "ref": null, "amenity": "bicycle_parking", "capacity": "84", "facility_type": "parking", "fee": "yes", "brand": null, "access": null, "covered": "no", "supervised": null, "note": null, "operator": "渋谷区", "opening_hours": "24/7" }, "geometry": { "type": "Point", "coordinates": [ 139.7099455, 35.6464707 ] } },
{ "type": "Feature", "properties": { "osm_id": "node/2450499199", "name": "恵比寿駅西口 第一自転車駐車場", "ref": null, "amenity": "bicycle_parking", "capacity": "146", "facility_type": "parking", "fee": "yes", "brand": null, "access": null, "covered": "no", "supervised": null, "note": null, "operator": "渋谷区", "opening_hours": null }, "geometry": { "type": "Point", "coordinates": [ 139.7089531, 35.6484181 ] } },
{ "type": "Feature", "properties": { "osm_id": "node/2525390513", "name": null, "ref": null, "amenity": "bicycle_parking", "capacity": null, "facility_type": "parking", "fee": "no", "brand": null, "access": null, "covered": "yes", "supervised": "yes", "note": null, "operator": null, "opening_hours": null }, "geometry": { "type": "Point", "coordinates": [ 139.702285, 35.686725 ] } },
{ "type": "Feature", "properties": { "osm_id": "node/3369975046", "name": "パーク王", "ref": null, "amenity": "bicycle_parking", "capacity": null, "facility_type": "parking", "fee": null, "brand": null, "access": null, "covered": "no", "supervised": null, "note": null, "operator": null, "opening_hours": null }, "geometry": { "type": "Point", "coordinates": [ 139.709717300000023, 35.6447805 ] } },
{ "type": "Feature", "properties": { "osm_id": "node/3369975047", "name": null, "ref": null, "amenity": "bicycle_parking", "capacity": null, "facility_type": "parking", "fee": null, "brand": null, "access": null, "covered": null, "supervised": null, "note": null, "operator": null, "opening_hours": null }, "geometry": { "type": "Point", "coordinates": [ 139.697424500000011, 35.6576296 ] } },
{ "type": "Feature", "properties": { "osm_id": "node/3369975051", "name": "エコステーション２１", "ref": null, "amenity": "bicycle_parking", "capacity": null, "facility_type": "parking", "fee": null, "brand": null, "access": null, "covered": "no", "supervised": null, "note": null, "operator": null, "opening_hours": null }, "geometry": { "type": "Point", "coordinates": [ 139.701163400000013, 35.6555215 ] } },
{ "type": "Feature", "properties": { "osm_id": "node/3369975053", "name": "金王坂上", "ref": null, "amenity": "bicycle_parking", "capacity": null, "facility_type": "parking", "fee": null, "brand": null, "access": null, "covered": null, "supervised": null, "note": null, "operator": null, "opening_hours": null }, "geometry": { "type": "Point", "coordinates": [ 139.7054685, 35.6597462 ] } },
{ "type": "Feature", "properties": { "osm_id": "node/3369975054", "name": "金王坂中央第一", "ref": null, "amenity": "bicycle_parking", "capacity": null, "facility_type": "parking", "fee": null, "brand": null, "access": null, "covered": null, "supervised": null, "note": null, "operator": null, "opening_hours": null }, "geometry": { "type": "Point", "coordinates": [ 139.704844300000019, 35.6586715 ] } },
{ "type": "Feature", "properties": { "osm_id": "node/3369975055", "name": "金王坂中央第二", "ref": null, "amenity": "bicycle_parking", "capacity": null, "facility_type": "parking", "fee": null, "brand": null, "access": null, "covered": null, "supervised": null, "note": null, "operator": null, "opening_hours": null }, "geometry": { "type": "Point", "coordinates": [ 139.7045917, 35.6588405 ] } },
{ "type": "Feature", "properties": { "osm_id": "node/3369975056", "name": "青山学院南", "ref": null, "amenity": "bicycle_parking", "capacity": null, "facility_type": "parking", "fee": null, "brand": null, "access": null, "covered": null, "supervised": null, "note": null, "operator": null, "opening_hours": null }, "geometry": { "type": "Point", "coordinates": [ 139.709318200000013, 35.6586871 ] } },
{ "type": "Feature", "properties": { "osm_id": "node/3369975059", "name": null, "ref": null, "amenity": "bicycle_parking", "capacity": null, "facility_type": "parking", "fee": null, "brand": null, "access": null, "covered": "no", "supervised": null, "note": null, "operator": null, "opening_hours": null }, "geometry": { "type": "Point", "coordinates": [ 139.6997681, 35.6639729 ] } },
{ "type": "Feature", "properties": { "osm_id": "node/3369997407", "name": "NHK西門前", "ref": null, "amenity": "bicycle_parking", "capacity": null, "facility_type": "parking", "fee": "1 hour free", "brand": null, "access": null, "covered": "no", "supervised": null, "note": null, "operator": null, "opening_hours": "24/7" }, "geometry": { "type": "Point", "coordinates": [ 139.694387400000011, 35.6648845 ] } },
{ "type": "Feature", "properties": { "osm_id": "node/3371197489", "name": "サイカパーク", "ref": null, "amenity": "bicycle_parking", "capacity": null, "facility_type": "parking", "fee": null, "brand": null, "access": null, "covered": "no", "supervised": null, "note": null, "operator": null, "opening_hours": null }, "geometry": { "type": "Point", "coordinates": [ 139.704521600000021, 35.6681382 ] } },
{ "type": "Feature", "properties": { "osm_id": "node/3371197490", "name": "サイカパーク", "ref": null, "amenity": "bicycle_parking", "capacity": null, "facility_type": "parking", "fee": "monthly", "brand": null, "access": "customers", "covered": null, "supervised": null, "note": null, "operator": null, "opening_hours": null }, "geometry": { "type": "Point", "coordinates": [ 139.7018013, 35.6691915 ] } },
{ "type": "Feature", "properties": { "osm_id": "node/3371197491", "name": "サイカパーク", "ref": null, "amenity": "bicycle_parking", "capacity": null, "facility_type": "parking", "fee": null, "brand": null, "access": null, "covered": null, "supervised": null, "note": null, "operator": null, "opening_hours": null }, "geometry": { "type": "Point", "coordinates": [ 139.7021464, 35.6689598 ] } },
{ "type": "Feature", "properties": { "osm_id": "node/3371197492", "name": "エコステーション２１", "ref": null, "amenity": "bicycle_parking", "capacity": null, "facility_type": "parking", "fee": null, "brand": null, "access": null, "covered": null, "supervised": null, "note": null, "operator": null, "opening_hours": null }, "geometry": { "type": "Point", "coordinates": [ 139.7121033, 35.680912 ] } },
{ "type": "Feature", "properties": { "osm_id": "node/3371197493", "name": null, "ref": null, "amenity": "bicycle_parking", "capacity": null, "facility_type": "parking", "fee": null, "brand": null, "access": null, "covered": null, "supervised": null, "note": null, "operator": null, "opening_hours": null }, "geometry": { "type": "Point", "coordinates": [ 139.7112055, 35.6809472 ] } },
{ "type": "Feature", "properties": { "osm_id": "node/3371197494", "name": null, "ref": null, "amenity": "bicycle_parking", "capacity": null, "facility_type": "parking", "fee": null, "brand": null, "access": null, "covered": null, "supervised": null, "note": null, "operator": null, "opening_hours": null }, "geometry": { "type": "Point", "coordinates": [ 139.703846, 35.6804112 ] } },
{ "type": "Feature", "properties": { "osm_id": "node/3371197495", "name": "パーク王", "ref": null, "amenity": "bicycle_parking", "capacity": null, "facility_type": "parking", "fee": null, "brand": null, "access": null, "covered": null, "supervised": null, "note": null, "operator": null, "opening_hours": null }, "geometry": { "type": "Point", "coordinates": [ 139.702903, 35.6802697 ] } },
{ "type": "Feature", "properties": { "osm_id": "node/3371197496", "name": null, "ref": null, "amenity": "bicycle_parking", "capacity": "7", "facility_type": "parking", "fee": null, "brand": null, "access": null, "covered": "no", "supervised": null, "note": null, "operator": null, "opening_hours": null }, "geometry": { "type": "Point", "coordinates": [ 139.70197490000001, 35.6828836 ] } },
{ "type": "Feature", "properties": { "osm_id": "node/3371197497", "name": null, "ref": null, "amenity": "bicycle_parking", "capacity": null, "facility_type": "parking", "fee": null, "brand": null, "access": null, "covered": null, "supervised": null, "note": null, "operator": null, "opening_hours": null }, "geometry": { "type": "Point", "coordinates": [ 139.70121930000002, 35.6846628 ] } },
{ "type": "Feature", "properties": { "osm_id": "node/3372736000", "name": null, "ref": null, "amenity": "bicycle_parking", "capacity": null, "facility_type": "parking", "fee": null, "brand": null, "access": null, "covered": null, "supervised": null, "note": null, "operator": null, "opening_hours": null }, "geometry": { "type": "Point", "coordinates": [ 139.6989634, 35.688148 ] } },
{ "type": "Feature", "properties": { "osm_id": "node/3372736001", "name": null, "ref": null, "amenity": "bicycle_parking", "capacity": null, "facility_type": "parking", "fee": null, "brand": null, "access": null, "covered": null, "supervised": null, "note": null, "operator": null, "opening_hours": null }, "geometry": { "type": "Point", "coordinates": [ 139.697577500000023, 35.6874915 ] } },
{ "type": "Feature", "properties": { "osm_id": "node/3372736002", "name": null, "ref": null, "amenity": "bicycle_parking", "capacity": null, "facility_type": "parking", "fee": null, "brand": null, "access": null, "covered": null, "supervised": null, "note": null, "operator": null, "opening_hours": null }, "geometry": { "type": "Point", "coordinates": [ 139.697545600000012, 35.6873815 ] } },
{ "type": "Feature", "properties": { "osm_id": "node/3372736003", "name": null, "ref": null, "amenity": "bicycle_parking", "capacity": null, "facility_type": "parking", "fee": null, "brand": null, "access": null, "covered": null, "supervised": null, "note": null, "operator": null, "opening_hours": null }, "geometry": { "type": "Point", "coordinates": [ 139.6937844, 35.679784 ] } },
{ "type": "Feature", "properties": { "osm_id": "node/3372736067", "name": null, "ref": null, "amenity": "bicycle_parking", "capacity": null, "facility_type": "parking", "fee": null, "brand": null, "access": null, "covered": "yes", "supervised": null, "note": null, "operator": null, "opening_hours": null }, "geometry": { "type": "Point", "coordinates": [ 139.6877045, 35.6692084 ] } },
{ "type": "Feature", "properties": { "osm_id": "node/3372929277", "name": null, "ref": null, "amenity": "bicycle_parking", "capacity": null, "facility_type": "parking", "fee": null, "brand": null, "access": null, "covered": null, "supervised": null, "note": null, "operator": null, "opening_hours": null }, "geometry": { "type": "Point", "coordinates": [ 139.6876781, 35.6697439 ] } },
{ "type": "Feature", "properties": { "osm_id": "node/3372929278", "name": null, "ref": null, "amenity": "bicycle_parking", "capacity": null, "facility_type": "parking", "fee": null, "brand": null, "access": null, "covered": null, "supervised": null, "note": null, "operator": null, "opening_hours": null }, "geometry": { "type": "Point", "coordinates": [ 139.6793695, 35.6687699 ] } },
{ "type": "Feature", "properties": { "osm_id": "node/3372929279", "name": null, "ref": null, "amenity": "bicycle_parking", "capacity": null, "facility_type": "parking", "fee": null, "brand": null, "access": null, "covered": null, "supervised": null, "note": null, "operator": null, "opening_hours": null }, "geometry": { "type": "Point", "coordinates": [ 139.679647100000011, 35.6690275 ] } },
{ "type": "Feature", "properties": { "osm_id": "node/3373061911", "name": null, "ref": null, "amenity": "bicycle_parking", "capacity": null, "facility_type": "parking", "fee": null, "brand": null, "access": null, "covered": null, "supervised": null, "note": null, "operator": null, "opening_hours": null }, "geometry": { "type": "Point", "coordinates": [ 139.675276, 35.6763005 ] } },
{ "type": "Feature", "properties": { "osm_id": "node/3373061971", "name": null, "ref": null, "amenity": "bicycle_parking", "capacity": null, "facility_type": "parking", "fee": null, "brand": null, "access": null, "covered": null, "supervised": null, "note": null, "operator": null, "opening_hours": null }, "geometry": { "type": "Point", "coordinates": [ 139.6770458, 35.6768423 ] } },
{ "type": "Feature", "properties": { "osm_id": "node/3373061973", "name": null, "ref": null, "amenity": "bicycle_parking", "capacity": null, "facility_type": "parking", "fee": null, "brand": null, "access": null, "covered": null, "supervised": null, "note": null, "operator": null, "opening_hours": null }, "geometry": { "type": "Point", "coordinates": [ 139.676969900000017, 35.6772852 ] } },
{ "type": "Feature", "properties": { "osm_id": "node/3373061974", "name": null, "ref": null, "amenity": "bicycle_parking", "capacity": null, "facility_type": "parking", "fee": null, "brand": null, "access": null, "covered": null, "supervised": null, "note": null, "operator": null, "opening_hours": null }, "geometry": { "type": "Point", "coordinates": [ 139.6766494, 35.6771851 ] } },
{ "type": "Feature", "properties": { "osm_id": "node/3373061975", "name": null, "ref": null, "amenity": "bicycle_parking", "capacity": null, "facility_type": "parking", "fee": null, "brand": null, "access": null, "covered": null, "supervised": null, "note": null, "operator": null, "opening_hours": null }, "geometry": { "type": "Point", "coordinates": [ 139.666874700000022, 35.673409 ] } },
{ "type": "Feature", "properties": { "osm_id": "node/3373061977", "name": null, "ref": null, "amenity": "bicycle_parking", "capacity": null, "facility_type": "parking", "fee": null, "brand": null, "access": null, "covered": null, "supervised": null, "note": null, "operator": null, "opening_hours": null }, "geometry": { "type": "Point", "coordinates": [ 139.6665887, 35.6733066 ] } },
{ "type": "Feature", "properties": { "osm_id": "node/3897774077", "name": null, "ref": null, "amenity": "bicycle_parking", "capacity": null, "facility_type": "parking", "fee": null, "brand": null, "access": null, "covered": null, "supervised": null, "note": null, "operator": null, "opening_hours": null }, "geometry": { "type": "Point", "coordinates": [ 139.708539, 35.6632879 ] } },
{ "type": "Feature", "properties": { "osm_id": "node/4456889789", "name": null, "ref": null, "amenity": "bicycle_rental", "capacity": null, "facility_type": "sharing", "fee": null, "brand": null, "access": null, "covered": null, "supervised": null, "note": null, "operator": "PEDAL Rest", "opening_hours": null }, "geometry": { "type": "Point", "coordinates": [ 139.68414150000001, 35.6906863 ] } },
{ "type": "Feature", "properties": { "osm_id": "node/4631194513", "name": "オダクル代々木上原", "ref": null, "amenity": "bicycle_parking", "capacity": null, "facility_type": "parking", "fee": "yes", "brand": null, "access": null, "covered": "yes", "supervised": null, "note": null, "operator": null, "opening_hours": null }, "geometry": { "type": "Point", "coordinates": [ 139.6799938, 35.6691874 ] } },
{ "type": "Feature", "properties": { "osm_id": "node/5291746457", "name": null, "ref": null, "amenity": "bicycle_parking", "capacity": "22", "facility_type": "parking", "fee": null, "brand": null, "access": null, "covered": null, "supervised": null, "note": null, "operator": null, "opening_hours": null }, "geometry": { "type": "Point", "coordinates": [ 139.708204200000011, 35.6693624 ] } },
{ "type": "Feature", "properties": { "osm_id": "node/5334130955", "name": null, "ref": null, "amenity": "bicycle_parking", "capacity": null, "facility_type": "parking", "fee": null, "brand": null, "access": null, "covered": null, "supervised": null, "note": null, "operator": null, "opening_hours": null }, "geometry": { "type": "Point", "coordinates": [ 139.69655, 35.6573985 ] } },
{ "type": "Feature", "properties": { "osm_id": "node/6002416843", "name": null, "ref": null, "amenity": "bicycle_parking", "capacity": null, "facility_type": "parking", "fee": "no", "brand": null, "access": "yes", "covered": "no", "supervised": "yes", "note": null, "operator": null, "opening_hours": null }, "geometry": { "type": "Point", "coordinates": [ 139.695165700000018, 35.678341 ] } },
{ "type": "Feature", "properties": { "osm_id": "node/6593179763", "name": null, "ref": null, "amenity": "bicycle_parking", "capacity": null, "facility_type": "parking", "fee": "yes", "brand": null, "access": "yes", "covered": "no", "supervised": "no", "note": null, "operator": null, "opening_hours": null }, "geometry": { "type": "Point", "coordinates": [ 139.7024178, 35.6605525 ] } },
{ "type": "Feature", "properties": { "osm_id": "node/6593179773", "name": null, "ref": null, "amenity": "bicycle_parking", "capacity": null, "facility_type": "parking", "fee": "yes", "brand": null, "access": "yes", "covered": "yes", "supervised": "no", "note": null, "operator": null, "opening_hours": null }, "geometry": { "type": "Point", "coordinates": [ 139.702388, 35.661441 ] } },
{ "type": "Feature", "properties": { "osm_id": "node/6593179775", "name": null, "ref": null, "amenity": "bicycle_parking", "capacity": null, "facility_type": "parking", "fee": "yes", "brand": null, "access": "yes", "covered": "yes", "supervised": "no", "note": null, "operator": null, "opening_hours": null }, "geometry": { "type": "Point", "coordinates": [ 139.702404200000018, 35.6608463 ] } },
{ "type": "Feature", "properties": { "osm_id": "node/6593256685", "name": null, "ref": null, "amenity": "bicycle_parking", "capacity": null, "facility_type": "parking", "fee": "yes", "brand": null, "access": "yes", "covered": "no", "supervised": "no", "note": null, "operator": null, "opening_hours": null }, "geometry": { "type": "Point", "coordinates": [ 139.70243480000002, 35.6600727 ] } },
{ "type": "Feature", "properties": { "osm_id": "node/6593256706", "name": null, "ref": null, "amenity": "bicycle_parking", "capacity": null, "facility_type": "parking", "fee": "yes", "brand": null, "access": "yes", "covered": "yes", "supervised": "no", "note": null, "operator": null, "opening_hours": null }, "geometry": { "type": "Point", "coordinates": [ 139.7023926, 35.6610971 ] } },
{ "type": "Feature", "properties": { "osm_id": "node/6711164610", "name": "徳真会QUARTZ TOWER", "ref": null, "amenity": "bicycle_rental", "capacity": "7", "facility_type": "sharing", "fee": "yes", "brand": "HELLO CYCLING", "access": null, "covered": null, "supervised": null, "note": null, "operator": "OpenStreet", "opening_hours": null }, "geometry": { "type": "Point", "coordinates": [ 139.706239400000015, 35.6600905 ] } },
{ "type": "Feature", "properties": { "osm_id": "node/6832689593", "name": null, "ref": null, "amenity": "bicycle_parking", "capacity": "22", "facility_type": "parking", "fee": "3 hours free", "brand": null, "access": "yes", "covered": "no", "supervised": "no", "note": null, "operator": null, "opening_hours": null }, "geometry": { "type": "Point", "coordinates": [ 139.696670400000016, 35.6626305 ] } },
{ "type": "Feature", "properties": { "osm_id": "node/6856536011", "name": null, "ref": null, "amenity": "bicycle_parking", "capacity": "50", "facility_type": "parking", "fee": "no", "brand": null, "access": "yes", "covered": "no", "supervised": "no", "note": null, "operator": null, "opening_hours": null }, "geometry": { "type": "Point", "coordinates": [ 139.70035470000002, 35.6690835 ] } },
{ "type": "Feature", "properties": { "osm_id": "node/6856536021", "name": null, "ref": null, "amenity": "bicycle_parking", "capacity": null, "facility_type": "parking", "fee": "no", "brand": null, "access": "yes", "covered": "no", "supervised": "no", "note": null, "operator": null, "opening_hours": "05:00-20:00" }, "geometry": { "type": "Point", "coordinates": [ 139.6912179, 35.6705738 ] } },
{ "type": "Feature", "properties": { "osm_id": "node/6856536024", "name": null, "ref": null, "amenity": "bicycle_parking", "capacity": null, "facility_type": "parking", "fee": "no", "brand": null, "access": "yes", "covered": "no", "supervised": "no", "note": null, "operator": null, "opening_hours": null }, "geometry": { "type": "Point", "coordinates": [ 139.6910259, 35.6717666 ] } },
{ "type": "Feature", "properties": { "osm_id": "node/6856536034", "name": null, "ref": null, "amenity": "bicycle_parking", "capacity": null, "facility_type": "parking", "fee": "no", "brand": null, "access": "yes", "covered": "no", "supervised": "no", "note": null, "operator": null, "opening_hours": null }, "geometry": { "type": "Point", "coordinates": [ 139.696494200000018, 35.668961 ] } },
{ "type": "Feature", "properties": { "osm_id": "node/6856536054", "name": null, "ref": null, "amenity": "bicycle_parking", "capacity": null, "facility_type": "parking", "fee": "no", "brand": null, "access": "yes", "covered": "no", "supervised": "no", "note": null, "operator": null, "opening_hours": null }, "geometry": { "type": "Point", "coordinates": [ 139.691371300000014, 35.6721833 ] } },
{ "type": "Feature", "properties": { "osm_id": "node/6878486829", "name": "アメリカ橋公園", "ref": "M2-02", "amenity": "bicycle_rental", "capacity": "6", "facility_type": "sharing", "fee": "yes", "brand": "ドコモ・バイクシェア", "access": null, "covered": null, "supervised": null, "note": null, "operator": "ドコモ・バイクシェア", "opening_hours": null }, "geometry": { "type": "Point", "coordinates": [ 139.713258100000019, 35.6436059 ] } },
{ "type": "Feature", "properties": { "osm_id": "node/6887604185", "name": null, "ref": null, "amenity": "bicycle_parking", "capacity": null, "facility_type": "parking", "fee": null, "brand": null, "access": null, "covered": null, "supervised": null, "note": null, "operator": null, "opening_hours": null }, "geometry": { "type": "Point", "coordinates": [ 139.6822166, 35.6840657 ] } },
{ "type": "Feature", "properties": { "osm_id": "node/6929781849", "name": "千駄ヶ谷駅前", "ref": "M4-07", "amenity": "bicycle_rental", "capacity": "6", "facility_type": "sharing", "fee": "yes", "brand": "ドコモ・バイクシェア", "access": null, "covered": null, "supervised": null, "note": null, "operator": "ドコモ・バイクシェア", "opening_hours": null }, "geometry": { "type": "Point", "coordinates": [ 139.7118835, 35.6808205 ] } },
{ "type": "Feature", "properties": { "osm_id": "node/10683684835", "name": null, "ref": null, "amenity": "bicycle_parking", "capacity": null, "facility_type": "parking", "fee": null, "brand": null, "access": null, "covered": null, "supervised": null, "note": null, "operator": null, "opening_hours": null }, "geometry": { "type": "Point", "coordinates": [ 139.6850473, 35.6746491 ] } },
{ "type": "Feature", "properties": { "osm_id": "node/11040587244", "name": "ソフトバンク渋谷", "ref": null, "amenity": "bicycle_rental", "capacity": "3", "facility_type": "sharing", "fee": "yes", "brand": "HELLO CYCLING", "access": null, "covered": null, "supervised": null, "note": null, "operator": "OpenStreet", "opening_hours": null }, "geometry": { "type": "Point", "coordinates": [ 139.698576, 35.660067 ] } },
{ "type": "Feature", "properties": { "osm_id": "node/11040587942", "name": "トヨタモビリティ東京 渋谷代々木公園店", "ref": null, "amenity": "bicycle_rental", "capacity": "2", "facility_type": "sharing", "fee": "yes", "brand": "HELLO CYCLING", "access": null, "covered": null, "supervised": null, "note": null, "operator": "OpenStreet", "opening_hours": null }, "geometry": { "type": "Point", "coordinates": [ 139.687206, 35.6727333 ] } },
{ "type": "Feature", "properties": { "osm_id": "node/11040587986", "name": "ガリシア笹塚", "ref": null, "amenity": "bicycle_rental", "capacity": "9", "facility_type": "sharing", "fee": "yes", "brand": "HELLO CYCLING", "access": null, "covered": null, "supervised": null, "note": null, "operator": "OpenStreet", "opening_hours": null }, "geometry": { "type": "Point", "coordinates": [ 139.6644564, 35.6730794 ] } },
{ "type": "Feature", "properties": { "osm_id": "node/11040588303", "name": "小田急サザンタワー", "ref": null, "amenity": "bicycle_rental", "capacity": "7", "facility_type": "sharing", "fee": "yes", "brand": "HELLO CYCLING", "access": null, "covered": null, "supervised": null, "note": null, "operator": "OpenStreet", "opening_hours": null }, "geometry": { "type": "Point", "coordinates": [ 139.700168600000012, 35.6866937 ] } },
{ "type": "Feature", "properties": { "osm_id": "node/11040588423", "name": "メッセ 笹塚店", "ref": null, "amenity": "bicycle_rental", "capacity": "4", "facility_type": "sharing", "fee": "yes", "brand": "HELLO CYCLING", "access": null, "covered": null, "supervised": null, "note": null, "operator": "OpenStreet", "opening_hours": null }, "geometry": { "type": "Point", "coordinates": [ 139.665740100000022, 35.6737775 ] } },
{ "type": "Feature", "properties": { "osm_id": "node/11040588425", "name": "初台TNビル", "ref": null, "amenity": "bicycle_rental", "capacity": "9", "facility_type": "sharing", "fee": "yes", "brand": "HELLO CYCLING", "access": null, "covered": null, "supervised": null, "note": null, "operator": "OpenStreet", "opening_hours": null }, "geometry": { "type": "Point", "coordinates": [ 139.6855037, 35.6790979 ] } },
{ "type": "Feature", "properties": { "osm_id": "node/11040588442", "name": "代々木八幡駅(2)", "ref": null, "amenity": "bicycle_rental", "capacity": "5", "facility_type": "sharing", "fee": "yes", "brand": "HELLO CYCLING", "access": null, "covered": null, "supervised": null, "note": null, "operator": "OpenStreet", "opening_hours": null }, "geometry": { "type": "Point", "coordinates": [ 139.6885981, 35.6696697 ] } },
{ "type": "Feature", "properties": { "osm_id": "node/11040588443", "name": "代々木八幡駅(1)", "ref": null, "amenity": "bicycle_rental", "capacity": "4", "facility_type": "sharing", "fee": "yes", "brand": "HELLO CYCLING", "access": null, "covered": null, "supervised": null, "note": null, "operator": "OpenStreet", "opening_hours": null }, "geometry": { "type": "Point", "coordinates": [ 139.6885949, 35.6694305 ] } },
{ "type": "Feature", "properties": { "osm_id": "node/11040588506", "name": "幡ヶ谷2丁目", "ref": null, "amenity": "bicycle_rental", "capacity": "6", "facility_type": "sharing", "fee": "yes", "brand": "HELLO CYCLING", "access": null, "covered": null, "supervised": null, "note": null, "operator": null, "opening_hours": null }, "geometry": { "type": "Point", "coordinates": [ 139.672004, 35.676743 ] } },
{ "type": "Feature", "properties": { "osm_id": "node/11040588530", "name": "いちご笹塚ビル", "ref": null, "amenity": "bicycle_rental", "capacity": "6", "facility_type": "sharing", "fee": "yes", "brand": "HELLO CYCLING", "access": null, "covered": null, "supervised": null, "note": null, "operator": "OpenStreet", "opening_hours": null }, "geometry": { "type": "Point", "coordinates": [ 139.662372, 35.673523 ] } },
{ "type": "Feature", "properties": { "osm_id": "node/11040588531", "name": "いちご恵比寿西ビル", "ref": null, "amenity": "bicycle_rental", "capacity": "4", "facility_type": "sharing", "fee": "yes", "brand": "HELLO CYCLING", "access": null, "covered": null, "supervised": null, "note": null, "operator": "OpenStreet", "opening_hours": null }, "geometry": { "type": "Point", "coordinates": [ 139.707209, 35.650154 ] } },
{ "type": "Feature", "properties": { "osm_id": "node/11040588532", "name": "いちご西参道ビル", "ref": null, "amenity": "bicycle_rental", "capacity": "6", "facility_type": "sharing", "fee": "yes", "brand": "HELLO CYCLING", "access": null, "covered": null, "supervised": null, "note": null, "operator": "OpenStreet", "opening_hours": null }, "geometry": { "type": "Point", "coordinates": [ 139.691683, 35.683616 ] } },
{ "type": "Feature", "properties": { "osm_id": "node/11040589486", "name": "ユニマットパーキング上原2丁目第2", "ref": null, "amenity": "bicycle_rental", "capacity": "10", "facility_type": "sharing", "fee": "yes", "brand": "HELLO CYCLING", "access": null, "covered": null, "supervised": null, "note": null, "operator": "OpenStreet", "opening_hours": null }, "geometry": { "type": "Point", "coordinates": [ 139.682960900000012, 35.6648746 ] } },
{ "type": "Feature", "properties": { "osm_id": "node/11182252586", "name": "天翔オフィス代々木ANNEX", "ref": null, "amenity": "bicycle_rental", "capacity": "11", "facility_type": "sharing", "fee": "yes", "brand": "HELLO CYCLING", "access": null, "covered": null, "supervised": null, "note": null, "operator": "OpenStreet", "opening_hours": null }, "geometry": { "type": "Point", "coordinates": [ 139.701740700000016, 35.6815751 ] } },
{ "type": "Feature", "properties": { "osm_id": "node/11182252587", "name": "天翔オフィス代々木", "ref": null, "amenity": "bicycle_rental", "capacity": "3", "facility_type": "sharing", "fee": "yes", "brand": "HELLO CYCLING", "access": null, "covered": null, "supervised": null, "note": null, "operator": "OpenStreet", "opening_hours": null }, "geometry": { "type": "Point", "coordinates": [ 139.70178, 35.6816462 ] } },
{ "type": "Feature", "properties": { "osm_id": "node/11345574813", "name": "アートヒルズ駒場", "ref": null, "amenity": "bicycle_rental", "capacity": "2", "facility_type": "sharing", "fee": "yes", "brand": "HELLO CYCLING", "access": null, "covered": null, "supervised": null, "note": null, "operator": "OpenStreet", "opening_hours": null }, "geometry": { "type": "Point", "coordinates": [ 139.678726, 35.6641783 ] } },
{ "type": "Feature", "properties": { "osm_id": "node/11413798438", "name": "bicycle sharing docomo", "ref": null, "amenity": "bicycle_parking", "capacity": null, "facility_type": "parking", "fee": null, "brand": null, "access": null, "covered": null, "supervised": null, "note": null, "operator": null, "opening_hours": null }, "geometry": { "type": "Point", "coordinates": [ 139.713324200000017, 35.6492376 ] } },
{ "type": "Feature", "properties": { "osm_id": "node/11436138579", "name": "渋谷道玄坂２丁目駐輪場", "ref": "M3-24", "amenity": "bicycle_rental", "capacity": "18", "facility_type": "sharing", "fee": "yes", "brand": "ドコモ・バイクシェア", "access": null, "covered": null, "supervised": null, "note": null, "operator": "ドコモ・バイクシェア", "opening_hours": null }, "geometry": { "type": "Point", "coordinates": [ 139.69684, 35.66026 ] } },
{ "type": "Feature", "properties": { "osm_id": "node/11436138581", "name": "恵比寿プライムスクエアタワー北", "ref": "M2-12", "amenity": "bicycle_rental", "capacity": "8", "facility_type": "sharing", "fee": "yes", "brand": "ドコモ・バイクシェア", "access": null, "covered": null, "supervised": null, "note": null, "operator": "ドコモ・バイクシェア", "opening_hours": null }, "geometry": { "type": "Point", "coordinates": [ 139.713361, 35.650541 ] } },
{ "type": "Feature", "properties": { "osm_id": "node/11436138582", "name": "恵比寿プライムスクエアタワー南", "ref": "M2-13", "amenity": "bicycle_rental", "capacity": "7", "facility_type": "sharing", "fee": "yes", "brand": "ドコモ・バイクシェア", "access": null, "covered": null, "supervised": null, "note": null, "operator": "ドコモ・バイクシェア", "opening_hours": null }, "geometry": { "type": "Point", "coordinates": [ 139.713272, 35.649257 ] } },
{ "type": "Feature", "properties": { "osm_id": "node/11436145481", "name": "渋谷キャスト", "ref": "M3-19", "amenity": "bicycle_rental", "capacity": "18", "facility_type": "sharing", "fee": "yes", "brand": "ドコモ・バイクシェア", "access": null, "covered": null, "supervised": null, "note": null, "operator": "ドコモ・バイクシェア", "opening_hours": null }, "geometry": { "type": "Point", "coordinates": [ 139.702793, 35.662146 ] } },
{ "type": "Feature", "properties": { "osm_id": "node/11436145484", "name": "co-ba ebisu", "ref": "M3-15", "amenity": "bicycle_rental", "capacity": "6", "facility_type": "sharing", "fee": "yes", "brand": "ドコモ・バイクシェア", "access": null, "covered": null, "supervised": null, "note": null, "operator": "ドコモ・バイクシェア", "opening_hours": null }, "geometry": { "type": "Point", "coordinates": [ 139.7040356, 35.6471971 ] } },
{ "type": "Feature", "properties": { "osm_id": "node/11436145534", "name": "富ヶ谷2丁目", "ref": "M5-10", "amenity": "bicycle_rental", "capacity": "16", "facility_type": "sharing", "fee": "yes", "brand": "Docomo Bike Share", "access": null, "covered": null, "supervised": null, "note": null, "operator": null, "opening_hours": null }, "geometry": { "type": "Point", "coordinates": [ 139.686491, 35.665961 ] } },
{ "type": "Feature", "properties": { "osm_id": "node/11436145535", "name": "渋谷南東急ビル", "ref": "M3-12", "amenity": "bicycle_rental", "capacity": "7", "facility_type": "sharing", "fee": "yes", "brand": "ドコモ・バイクシェア", "access": null, "covered": null, "supervised": null, "note": null, "operator": "ドコモ・バイクシェア", "opening_hours": null }, "geometry": { "type": "Point", "coordinates": [ 139.706284, 35.656228 ] } },
{ "type": "Feature", "properties": { "osm_id": "node/11436145550", "name": "渋谷駅東口地下駐輪場", "ref": "M3-13", "amenity": "bicycle_rental", "capacity": "20", "facility_type": "sharing", "fee": "yes", "brand": "ドコモ・バイクシェア", "access": null, "covered": null, "supervised": null, "note": null, "operator": "ドコモ・バイクシェア", "opening_hours": null }, "geometry": { "type": "Point", "coordinates": [ 139.703307, 35.657682 ] } },
{ "type": "Feature", "properties": { "osm_id": "node/11436145574", "name": "ウノサワ東急ビル", "ref": "M3-10", "amenity": "bicycle_rental", "capacity": "8", "facility_type": "sharing", "fee": "yes", "brand": "ドコモ・バイクシェア", "access": null, "covered": null, "supervised": null, "note": null, "operator": "ドコモ・バイクシェア", "opening_hours": null }, "geometry": { "type": "Point", "coordinates": [ 139.712981, 35.647757 ] } },
{ "type": "Feature", "properties": { "osm_id": "node/11436145575", "name": "渋谷道玄坂東急ビル", "ref": "M3-11", "amenity": "bicycle_rental", "capacity": "8", "facility_type": "sharing", "fee": "yes", "brand": "Docomo Bike Share", "access": null, "covered": null, "supervised": null, "note": null, "operator": null, "opening_hours": null }, "geometry": { "type": "Point", "coordinates": [ 139.698687, 35.65718 ] } },
{ "type": "Feature", "properties": { "osm_id": "node/11436145606", "name": "鉢山町", "ref": "M2-11", "amenity": "bicycle_rental", "capacity": "16", "facility_type": "sharing", "fee": "yes", "brand": "ドコモ・バイクシェア", "access": null, "covered": null, "supervised": null, "note": null, "operator": "ドコモ・バイクシェア", "opening_hours": null }, "geometry": { "type": "Point", "coordinates": [ 139.698426, 35.652151 ] } },
{ "type": "Feature", "properties": { "osm_id": "node/11436145641", "name": "森谷ビル", "ref": "M3-22", "amenity": "bicycle_rental", "capacity": "15", "facility_type": "sharing", "fee": "yes", "brand": "ドコモ・バイクシェア", "access": null, "covered": null, "supervised": null, "note": null, "operator": "ドコモ・バイクシェア", "opening_hours": null }, "geometry": { "type": "Point", "coordinates": [ 139.71686, 35.64514 ] } },
{ "type": "Feature", "properties": { "osm_id": "node/11436145647", "name": "ファミリーマート恵比寿駅東店", "ref": "M2-07", "amenity": "bicycle_rental", "capacity": "7", "facility_type": "sharing", "fee": "yes", "brand": "ドコモ・バイクシェア", "access": null, "covered": null, "supervised": null, "note": null, "operator": "ドコモ・バイクシェア", "opening_hours": null }, "geometry": { "type": "Point", "coordinates": [ 139.712818, 35.6471 ] } },
{ "type": "Feature", "properties": { "osm_id": "node/11436145673", "name": "あいおいニッセイ同和損保恵比寿ビル", "ref": "M2-06", "amenity": "bicycle_rental", "capacity": "6", "facility_type": "sharing", "fee": "yes", "brand": "ドコモ・バイクシェア", "access": null, "covered": null, "supervised": null, "note": null, "operator": "ドコモ・バイクシェア", "opening_hours": null }, "geometry": { "type": "Point", "coordinates": [ 139.71512, 35.647237 ] } },
{ "type": "Feature", "properties": { "osm_id": "node/11436145674", "name": "ティップ.クロス TOKYO 渋谷", "ref": "M3-09", "amenity": "bicycle_rental", "capacity": "12", "facility_type": "sharing", "fee": "yes", "brand": "ドコモ・バイクシェア", "access": null, "covered": null, "supervised": null, "note": null, "operator": "ドコモ・バイクシェア", "opening_hours": null }, "geometry": { "type": "Point", "coordinates": [ 139.699296, 35.661475 ] } },
{ "type": "Feature", "properties": { "osm_id": "node/11436145676", "name": "J-cube", "ref": "M4-13", "amenity": "bicycle_rental", "capacity": "3", "facility_type": "sharing", "fee": "yes", "brand": "ドコモ・バイクシェア", "access": null, "covered": null, "supervised": null, "note": null, "operator": "ドコモ・バイクシェア", "opening_hours": null }, "geometry": { "type": "Point", "coordinates": [ 139.70458, 35.66616 ] } },
{ "type": "Feature", "properties": { "osm_id": "node/11436145698", "name": "渋谷第一生命ビル", "ref": "M3-06", "amenity": "bicycle_rental", "capacity": "3", "facility_type": "sharing", "fee": "yes", "brand": "ドコモ・バイクシェア", "access": null, "covered": null, "supervised": null, "note": null, "operator": "ドコモ・バイクシェア", "opening_hours": null }, "geometry": { "type": "Point", "coordinates": [ 139.704367, 35.657526 ] } },
{ "type": "Feature", "properties": { "osm_id": "node/11436145699", "name": "渋谷ファーストプレイス", "ref": "M3-07", "amenity": "bicycle_rental", "capacity": "8", "facility_type": "sharing", "fee": "yes", "brand": "ドコモ・バイクシェア", "access": null, "covered": null, "supervised": null, "note": null, "operator": "ドコモ・バイクシェア", "opening_hours": null }, "geometry": { "type": "Point", "coordinates": [ 139.69384, 35.65506 ] } },
{ "type": "Feature", "properties": { "osm_id": "node/11436145745", "name": "恵比寿保健相談所（恵比寿社会教育館）", "ref": "M2-01", "amenity": "bicycle_rental", "capacity": "11", "facility_type": "sharing", "fee": "yes", "brand": "ドコモ・バイクシェア", "access": null, "covered": null, "supervised": null, "note": null, "operator": "ドコモ・バイクシェア", "opening_hours": null }, "geometry": { "type": "Point", "coordinates": [ 139.71946, 35.64524 ] } },
{ "type": "Feature", "properties": { "osm_id": "node/11436145746", "name": "サイカパーク恵比寿", "ref": "M2-03", "amenity": "bicycle_rental", "capacity": "16", "facility_type": "sharing", "fee": "yes", "brand": "ドコモ・バイクシェア", "access": null, "covered": null, "supervised": null, "note": null, "operator": "ドコモ・バイクシェア", "opening_hours": null }, "geometry": { "type": "Point", "coordinates": [ 139.710613, 35.646581 ] } },
{ "type": "Feature", "properties": { "osm_id": "node/11436145747", "name": "広尾東公園", "ref": "M2-04", "amenity": "bicycle_rental", "capacity": "7", "facility_type": "sharing", "fee": "yes", "brand": "ドコモ・バイクシェア", "access": null, "covered": null, "supervised": null, "note": null, "operator": "ドコモ・バイクシェア", "opening_hours": null }, "geometry": { "type": "Point", "coordinates": [ 139.721059, 35.653382 ] } },
{ "type": "Feature", "properties": { "osm_id": "node/11436145748", "name": "日本赤十字医療センター", "ref": "M2-05", "amenity": "bicycle_rental", "capacity": "9", "facility_type": "sharing", "fee": "yes", "brand": "ドコモ・バイクシェア", "access": null, "covered": null, "supervised": null, "note": null, "operator": "ドコモ・バイクシェア", "opening_hours": null }, "geometry": { "type": "Point", "coordinates": [ 139.718559, 35.65519 ] } },
{ "type": "Feature", "properties": { "osm_id": "node/11436145750", "name": "渋谷マークシティ", "ref": "M3-01", "amenity": "bicycle_rental", "capacity": "15", "facility_type": "sharing", "fee": "yes", "brand": "ドコモ・バイクシェア", "access": null, "covered": null, "supervised": null, "note": null, "operator": "ドコモ・バイクシェア", "opening_hours": null }, "geometry": { "type": "Point", "coordinates": [ 139.697165, 35.657682 ] } },
{ "type": "Feature", "properties": { "osm_id": "node/11436145751", "name": "渋谷ソラスタ", "ref": "M3-21", "amenity": "bicycle_rental", "capacity": "11", "facility_type": "sharing", "fee": "yes", "brand": "ドコモ・バイクシェア", "access": null, "covered": null, "supervised": null, "note": null, "operator": "ドコモ・バイクシェア", "opening_hours": null }, "geometry": { "type": "Point", "coordinates": [ 139.69612, 35.65618 ] } },
{ "type": "Feature", "properties": { "osm_id": "node/11436145754", "name": "代官山 T-SITE", "ref": "M3-03", "amenity": "bicycle_rental", "capacity": "7", "facility_type": "sharing", "fee": "yes", "brand": "ドコモ・バイクシェア", "access": null, "covered": null, "supervised": null, "note": null, "operator": "ドコモ・バイクシェア", "opening_hours": null }, "geometry": { "type": "Point", "coordinates": [ 139.700139, 35.649823 ] } },
{ "type": "Feature", "properties": { "osm_id": "node/11436145795", "name": "渋谷区役所", "ref": "M1-01", "amenity": "bicycle_rental", "capacity": "13", "facility_type": "sharing", "fee": "yes", "brand": "Docomo Bike Share", "access": null, "covered": null, "supervised": null, "note": null, "operator": null, "opening_hours": null }, "geometry": { "type": "Point", "coordinates": [ 139.69801, 35.66362 ] } },
{ "type": "Feature", "properties": { "osm_id": "node/11436145836", "name": "東急ステイ渋谷新南口", "ref": "M3-20", "amenity": "bicycle_rental", "capacity": "8", "facility_type": "sharing", "fee": "yes", "brand": "ドコモ・バイクシェア", "access": null, "covered": null, "supervised": null, "note": null, "operator": "ドコモ・バイクシェア", "opening_hours": null }, "geometry": { "type": "Point", "coordinates": [ 139.70534, 35.65494 ] } },
{ "type": "Feature", "properties": { "osm_id": "node/11436156972", "name": "笹塚一丁目駐輪場", "ref": "M6-17", "amenity": "bicycle_rental", "capacity": "16", "facility_type": "sharing", "fee": "yes", "brand": "Docomo Bike Share", "access": null, "covered": null, "supervised": null, "note": null, "operator": null, "opening_hours": null }, "geometry": { "type": "Point", "coordinates": [ 139.668729, 35.672922 ] } },
{ "type": "Feature", "properties": { "osm_id": "node/11436157070", "name": "新宿マインズタワー", "ref": "M5-15", "amenity": "bicycle_rental", "capacity": "20", "facility_type": "sharing", "fee": "yes", "brand": "ドコモ・バイクシェア", "access": null, "covered": null, "supervised": null, "note": null, "operator": "ドコモ・バイクシェア", "opening_hours": null }, "geometry": { "type": "Point", "coordinates": [ 139.699355, 35.686567 ] } },
{ "type": "Feature", "properties": { "osm_id": "node/11436157105", "name": "JICA東京", "ref": "M6-13", "amenity": "bicycle_rental", "capacity": "12", "facility_type": "sharing", "fee": "yes", "brand": "ドコモ・バイクシェア", "access": null, "covered": null, "supervised": null, "note": null, "operator": "ドコモ・バイクシェア", "opening_hours": null }, "geometry": { "type": "Point", "coordinates": [ 139.675203, 35.673409 ] } },
{ "type": "Feature", "properties": { "osm_id": "node/11436157141", "name": "LIVART SEASON 幡ヶ谷", "ref": "M6-12", "amenity": "bicycle_rental", "capacity": "8", "facility_type": "sharing", "fee": "yes", "brand": "Docomo Bike Share", "access": null, "covered": null, "supervised": null, "note": null, "operator": null, "opening_hours": null }, "geometry": { "type": "Point", "coordinates": [ 139.67338, 35.683156 ] } },
{ "type": "Feature", "properties": { "osm_id": "node/11436157151", "name": "セブン-イレブン初台店", "ref": "M5-13", "amenity": "bicycle_rental", "capacity": "6", "facility_type": "sharing", "fee": "yes", "brand": "ドコモ・バイクシェア", "access": null, "covered": null, "supervised": null, "note": null, "operator": "ドコモ・バイクシェア", "opening_hours": null }, "geometry": { "type": "Point", "coordinates": [ 139.68444, 35.675049 ] } },
{ "type": "Feature", "properties": { "osm_id": "node/11436157183", "name": "京王サイクルパーク笹塚", "ref": "M6-11", "amenity": "bicycle_rental", "capacity": "4", "facility_type": "sharing", "fee": "yes", "brand": "Docomo Bike Share", "access": null, "covered": null, "supervised": null, "note": null, "operator": null, "opening_hours": null }, "geometry": { "type": "Point", "coordinates": [ 139.668801, 35.674337 ] } },
{ "type": "Feature", "properties": { "osm_id": "node/11436157195", "name": "京王コインパーク幡ヶ谷", "ref": "M6-10", "amenity": "bicycle_rental", "capacity": "6", "facility_type": "sharing", "fee": "yes", "brand": "ドコモ・バイクシェア", "access": null, "covered": null, "supervised": null, "note": null, "operator": "ドコモ・バイクシェア", "opening_hours": null }, "geometry": { "type": "Point", "coordinates": [ 139.678117, 35.6772 ] } },
{ "type": "Feature", "properties": { "osm_id": "node/11436157203", "name": "あおい通り", "ref": "M5-11", "amenity": "bicycle_rental", "capacity": "6", "facility_type": "sharing", "fee": "yes", "brand": "ドコモ・バイクシェア", "access": null, "covered": null, "supervised": null, "note": null, "operator": "ドコモ・バイクシェア", "opening_hours": null }, "geometry": { "type": "Point", "coordinates": [ 139.698975, 35.688154 ] } },
{ "type": "Feature", "properties": { "osm_id": "node/11436157204", "name": "グランリヴィエール代々木", "ref": "M5-19", "amenity": "bicycle_rental", "capacity": "4", "facility_type": "sharing", "fee": "yes", "brand": "ドコモ・バイクシェア", "access": null, "covered": null, "supervised": null, "note": null, "operator": "ドコモ・バイクシェア", "opening_hours": null }, "geometry": { "type": "Point", "coordinates": [ 139.698528, 35.68285 ] } },
{ "type": "Feature", "properties": { "osm_id": "node/11436157216", "name": "神宮前6丁目", "ref": "M4-16", "amenity": "bicycle_rental", "capacity": "1", "facility_type": "sharing", "fee": "yes", "brand": "ドコモ・バイクシェア", "access": null, "covered": null, "supervised": null, "note": null, "operator": "ドコモ・バイクシェア", "opening_hours": null }, "geometry": { "type": "Point", "coordinates": [ 139.702816, 35.668673 ] } },
{ "type": "Feature", "properties": { "osm_id": "node/11436157217", "name": "笹塚東", "ref": "M6-07", "amenity": "bicycle_rental", "capacity": "21", "facility_type": "sharing", "fee": "yes", "brand": "Docomo Bike Share", "access": null, "covered": null, "supervised": null, "note": null, "operator": null, "opening_hours": null }, "geometry": { "type": "Point", "coordinates": [ 139.670594, 35.675436 ] } },
{ "type": "Feature", "properties": { "osm_id": "node/11436157258", "name": "Luxe初台", "ref": "M5-18", "amenity": "bicycle_rental", "capacity": "3", "facility_type": "sharing", "fee": "yes", "brand": "ドコモ・バイクシェア", "access": null, "covered": null, "supervised": null, "note": null, "operator": "ドコモ・バイクシェア", "opening_hours": null }, "geometry": { "type": "Point", "coordinates": [ 139.68596, 35.679182 ] } },
{ "type": "Feature", "properties": { "osm_id": "node/11436157267", "name": "代々木上原駅前", "ref": "M5-09", "amenity": "bicycle_rental", "capacity": "6", "facility_type": "sharing", "fee": "yes", "brand": "ドコモ・バイクシェア", "access": null, "covered": null, "supervised": null, "note": null, "operator": "ドコモ・バイクシェア", "opening_hours": null }, "geometry": { "type": "Point", "coordinates": [ 139.679251, 35.66865 ] } },
{ "type": "Feature", "properties": { "osm_id": "node/11436157269", "name": "古賀政男音楽博物館", "ref": "M5-08", "amenity": "bicycle_rental", "capacity": "4", "facility_type": "sharing", "fee": "yes", "brand": "ドコモ・バイクシェア", "access": null, "covered": null, "supervised": null, "note": null, "operator": "ドコモ・バイクシェア", "opening_hours": null }, "geometry": { "type": "Point", "coordinates": [ 139.680243, 35.668091 ] } },
{ "type": "Feature", "properties": { "osm_id": "node/11436157328", "name": "THE SHARE 原宿", "ref": "M4-06", "amenity": "bicycle_rental", "capacity": "8", "facility_type": "sharing", "fee": "yes", "brand": "ドコモ・バイクシェア", "access": null, "covered": null, "supervised": null, "note": null, "operator": "ドコモ・バイクシェア", "opening_hours": null }, "geometry": { "type": "Point", "coordinates": [ 139.708158, 35.671823 ] } },
{ "type": "Feature", "properties": { "osm_id": "node/11436157351", "name": "小田急サザンタワー", "ref": "M5-17", "amenity": "bicycle_rental", "capacity": "9", "facility_type": "sharing", "fee": "yes", "brand": "ドコモ・バイクシェア", "access": null, "covered": null, "supervised": null, "note": null, "operator": "ドコモ・バイクシェア", "opening_hours": null }, "geometry": { "type": "Point", "coordinates": [ 139.70014, 35.6866 ] } },
{ "type": "Feature", "properties": { "osm_id": "node/11436157411", "name": "本町東べんてん橋公園", "ref": "M6-04", "amenity": "bicycle_rental", "capacity": "6", "facility_type": "sharing", "fee": "yes", "brand": "Docomo Bike Share", "access": null, "covered": null, "supervised": null, "note": null, "operator": null, "opening_hours": null }, "geometry": { "type": "Point", "coordinates": [ 139.680702, 35.687126 ] } },
{ "type": "Feature", "properties": { "osm_id": "node/11436157412", "name": "七号通り公園", "ref": "M6-05", "amenity": "bicycle_rental", "capacity": "7", "facility_type": "sharing", "fee": "yes", "brand": "Docomo Bike Share", "access": null, "covered": null, "supervised": null, "note": null, "operator": null, "opening_hours": null }, "geometry": { "type": "Point", "coordinates": [ 139.67493, 35.67917 ] } },
{ "type": "Feature", "properties": { "osm_id": "node/11436157416", "name": "新宿タカシマヤ", "ref": "M4-01", "amenity": "bicycle_rental", "capacity": "3", "facility_type": "sharing", "fee": "yes", "brand": "ドコモ・バイクシェア", "access": null, "covered": null, "supervised": null, "note": null, "operator": "ドコモ・バイクシェア", "opening_hours": null }, "geometry": { "type": "Point", "coordinates": [ 139.70282, 35.6873 ] } },
{ "type": "Feature", "properties": { "osm_id": "node/11436157417", "name": "NTTドコモ代々木ビル", "ref": "M4-03", "amenity": "bicycle_rental", "capacity": "9", "facility_type": "sharing", "fee": "yes", "brand": "Docomo Bike Share", "access": null, "covered": null, "supervised": null, "note": null, "operator": null, "opening_hours": null }, "geometry": { "type": "Point", "coordinates": [ 139.702884, 35.684451 ] } },
{ "type": "Feature", "properties": { "osm_id": "node/11436157419", "name": "あいおいニッセイ同和損保新宿ビル", "ref": "M5-02", "amenity": "bicycle_rental", "capacity": "5", "facility_type": "sharing", "fee": "yes", "brand": "ドコモ・バイクシェア", "access": null, "covered": null, "supervised": null, "note": null, "operator": "ドコモ・バイクシェア", "opening_hours": null }, "geometry": { "type": "Point", "coordinates": [ 139.692262, 35.684423 ] } },
{ "type": "Feature", "properties": { "osm_id": "node/11436157420", "name": "代々木大山公園", "ref": "M5-03", "amenity": "bicycle_rental", "capacity": "16", "facility_type": "sharing", "fee": "yes", "brand": "ドコモ・バイクシェア", "access": null, "covered": null, "supervised": null, "note": null, "operator": "ドコモ・バイクシェア", "opening_hours": null }, "geometry": { "type": "Point", "coordinates": [ 139.675307, 35.671282 ] } },
{ "type": "Feature", "properties": { "osm_id": "node/11436157421", "name": "幡ヶ谷駅高架下第一", "ref": "M6-01", "amenity": "bicycle_rental", "capacity": "35", "facility_type": "sharing", "fee": "yes", "brand": "ドコモ・バイクシェア", "access": null, "covered": null, "supervised": null, "note": null, "operator": "ドコモ・バイクシェア", "opening_hours": null }, "geometry": { "type": "Point", "coordinates": [ 139.676769, 35.677175 ] } },
{ "type": "Feature", "properties": { "osm_id": "node/11436157422", "name": "サイカパーク笹塚", "ref": "M6-02", "amenity": "bicycle_rental", "capacity": "8", "facility_type": "sharing", "fee": "yes", "brand": "ドコモ・バイクシェア", "access": null, "covered": null, "supervised": null, "note": null, "operator": "ドコモ・バイクシェア", "opening_hours": null }, "geometry": { "type": "Point", "coordinates": [ 139.666553, 35.673444 ] } },
{ "type": "Feature", "properties": { "osm_id": "node/11436157423", "name": "十三号通り公園", "ref": "M6-03", "amenity": "bicycle_rental", "capacity": "7", "facility_type": "sharing", "fee": "yes", "brand": "Docomo Bike Share", "access": null, "covered": null, "supervised": null, "note": null, "operator": null, "opening_hours": null }, "geometry": { "type": "Point", "coordinates": [ 139.663587, 35.675198 ] } },
{ "type": "Feature", "properties": { "osm_id": "node/11436157445", "name": "cova Hatagaya", "ref": "M6-15", "amenity": "bicycle_rental", "capacity": "3", "facility_type": "sharing", "fee": "yes", "brand": "Docomo Bike Share", "access": null, "covered": null, "supervised": null, "note": null, "operator": null, "opening_hours": null }, "geometry": { "type": "Point", "coordinates": [ 139.67383, 35.67741 ] } },
{ "type": "Feature", "properties": { "osm_id": "node/11579039858", "name": "LUUP", "ref": null, "amenity": "bicycle_rental", "capacity": null, "facility_type": "sharing", "fee": null, "brand": null, "access": null, "covered": null, "supervised": null, "note": null, "operator": null, "opening_hours": null }, "geometry": { "type": "Point", "coordinates": [ 139.704338, 35.6667646 ] } },
{ "type": "Feature", "properties": { "osm_id": "node/11579045570", "name": "LUUP", "ref": null, "amenity": "bicycle_rental", "capacity": null, "facility_type": "sharing", "fee": null, "brand": null, "access": null, "covered": null, "supervised": null, "note": null, "operator": null, "opening_hours": null }, "geometry": { "type": "Point", "coordinates": [ 139.705057900000014, 35.6662331 ] } },
{ "type": "Feature", "properties": { "osm_id": "node/11840234684", "name": "セブン-イレブン渋谷本町3丁目店", "ref": "M6-18", "amenity": "bicycle_rental", "capacity": "5", "facility_type": "sharing", "fee": "yes", "brand": "Docomo Bike Share", "access": null, "covered": null, "supervised": null, "note": null, "operator": null, "opening_hours": null }, "geometry": { "type": "Point", "coordinates": [ 139.685017, 35.686521 ] } },
{ "type": "Feature", "properties": { "osm_id": "node/11846161465", "name": "ES21笹塚一丁目駐輪場", "ref": null, "amenity": "bicycle_rental", "capacity": "11", "facility_type": "sharing", "fee": "yes", "brand": "HELLO CYCLING", "access": null, "covered": null, "supervised": null, "note": null, "operator": null, "opening_hours": null }, "geometry": { "type": "Point", "coordinates": [ 139.668849, 35.672933 ] } },
{ "type": "Feature", "properties": { "osm_id": "node/12298772795", "name": "渋谷区本町駐車場（遠藤駐車場 D 区画）", "ref": null, "amenity": "bicycle_rental", "capacity": "13", "facility_type": "sharing", "fee": "yes", "brand": "HELLO CYCLING", "access": null, "covered": null, "supervised": null, "note": null, "operator": null, "opening_hours": null }, "geometry": { "type": "Point", "coordinates": [ 139.68056, 35.682537 ] } },
{ "type": "Feature", "properties": { "osm_id": "node/12298788590", "name": "アーバンコート渋谷本町", "ref": null, "amenity": "bicycle_rental", "capacity": "9", "facility_type": "sharing", "fee": "yes", "brand": "HELLO CYCLING", "access": null, "covered": null, "supervised": null, "note": null, "operator": null, "opening_hours": null }, "geometry": { "type": "Point", "coordinates": [ 139.681123, 35.687934 ] } },
{ "type": "Feature", "properties": { "osm_id": "node/12298788779", "name": "笹塚3丁目", "ref": null, "amenity": "bicycle_rental", "capacity": "3", "facility_type": "sharing", "fee": "yes", "brand": "HELLO CYCLING", "access": null, "covered": null, "supervised": null, "note": null, "operator": "OpenStreet", "opening_hours": null }, "geometry": { "type": "Point", "coordinates": [ 139.669067, 35.68038 ] } },
{ "type": "Feature", "properties": { "osm_id": "node/12298788782", "name": "大栄パーク渋谷神泉", "ref": null, "amenity": "bicycle_rental", "capacity": "3", "facility_type": "sharing", "fee": "yes", "brand": "HELLO CYCLING", "access": null, "covered": null, "supervised": null, "note": null, "operator": "OpenStreet", "opening_hours": null }, "geometry": { "type": "Point", "coordinates": [ 139.693317, 35.654896 ] } },
{ "type": "Feature", "properties": { "osm_id": "node/12313875534", "name": "D'sVARIE初台ビル", "ref": "M6-19", "amenity": "bicycle_rental", "capacity": "8", "facility_type": "sharing", "fee": "yes", "brand": "Docomo Bike Share", "access": null, "covered": null, "supervised": null, "note": null, "operator": null, "opening_hours": null }, "geometry": { "type": "Point", "coordinates": [ 139.683346, 35.683146 ] } },
{ "type": "Feature", "properties": { "osm_id": "node/12313875587", "name": "富ヶ谷214", "ref": "M5-20", "amenity": "bicycle_rental", "capacity": "21", "facility_type": "sharing", "fee": "yes", "brand": "Docomo Bike Share", "access": null, "covered": null, "supervised": null, "note": null, "operator": null, "opening_hours": null }, "geometry": { "type": "Point", "coordinates": [ 139.687435, 35.663579 ] } },
{ "type": "Feature", "properties": { "osm_id": "node/12458864591", "name": null, "ref": null, "amenity": "bicycle_parking", "capacity": null, "facility_type": "parking", "fee": null, "brand": null, "access": "private", "covered": null, "supervised": null, "note": null, "operator": null, "opening_hours": null }, "geometry": { "type": "Point", "coordinates": [ 139.7216598, 35.652244 ] } },
{ "type": "Feature", "properties": { "osm_id": "node/13028370415", "name": null, "ref": null, "amenity": "bicycle_parking", "capacity": null, "facility_type": "parking", "fee": null, "brand": null, "access": null, "covered": null, "supervised": null, "note": null, "operator": null, "opening_hours": null }, "geometry": { "type": "Point", "coordinates": [ 139.7147712, 35.6732378 ] } },
{ "type": "Feature", "properties": { "osm_id": "node/13190051683", "name": "ミュプレ恵比寿", "ref": null, "amenity": "bicycle_rental", "capacity": "2", "facility_type": "sharing", "fee": "yes", "brand": "HELLO CYCLING", "access": null, "covered": null, "supervised": null, "note": null, "operator": "OpenStreet", "opening_hours": null }, "geometry": { "type": "Point", "coordinates": [ 139.7145409, 35.6460318 ] } },
{ "type": "Feature", "properties": { "osm_id": "node/13190051788", "name": "ストレージ王 幡ヶ谷トランクルーム", "ref": null, "amenity": "bicycle_rental", "capacity": "3", "facility_type": "sharing", "fee": "yes", "brand": "HELLO CYCLING", "access": null, "covered": null, "supervised": null, "note": null, "operator": "OpenStreet", "opening_hours": null }, "geometry": { "type": "Point", "coordinates": [ 139.67431, 35.68244 ] } },
{ "type": "Feature", "properties": { "osm_id": "node/13190051854", "name": "ロアール渋谷本町", "ref": null, "amenity": "bicycle_rental", "capacity": "9", "facility_type": "sharing", "fee": "yes", "brand": "HELLO CYCLING", "access": null, "covered": null, "supervised": null, "note": null, "operator": null, "opening_hours": null }, "geometry": { "type": "Point", "coordinates": [ 139.681828, 35.6830794 ] } },
{ "type": "Feature", "properties": { "osm_id": "node/13190051855", "name": "東急百貨店ユニオンセンター（代官山駅付近）", "ref": null, "amenity": "bicycle_rental", "capacity": "3", "facility_type": "sharing", "fee": "yes", "brand": "HELLO CYCLING", "access": null, "covered": null, "supervised": null, "note": null, "operator": "OpenStreet", "opening_hours": null }, "geometry": { "type": "Point", "coordinates": [ 139.7029397, 35.6496943 ] } },
{ "type": "Feature", "properties": { "osm_id": "node/13190052078", "name": "SOU代々木公園", "ref": null, "amenity": "bicycle_rental", "capacity": "3", "facility_type": "sharing", "fee": "yes", "brand": "HELLO CYCLING", "access": null, "covered": null, "supervised": null, "note": null, "operator": "OpenStreet", "opening_hours": null }, "geometry": { "type": "Point", "coordinates": [ 139.68915, 35.66503 ] } },
{ "type": "Feature", "properties": { "osm_id": "node/13192290120", "name": "ビラ・ローザ", "ref": "M4-18", "amenity": "bicycle_rental", "capacity": "3", "facility_type": "sharing", "fee": "yes", "brand": "ドコモ・バイクシェア", "access": null, "covered": null, "supervised": null, "note": null, "operator": "ドコモ・バイクシェア", "opening_hours": null }, "geometry": { "type": "Point", "coordinates": [ 139.710609, 35.672409 ] } },
{ "type": "Feature", "properties": { "osm_id": "node/13192290122", "name": "ザ・メナーエス", "ref": "M5-23", "amenity": "bicycle_rental", "capacity": "18", "facility_type": "sharing", "fee": "yes", "brand": "ドコモ・バイクシェア", "access": null, "covered": null, "supervised": null, "note": null, "operator": "ドコモ・バイクシェア", "opening_hours": null }, "geometry": { "type": "Point", "coordinates": [ 139.690641, 35.681138 ] } },
{ "type": "Feature", "properties": { "osm_id": "node/13192290129", "name": "VORT恵比寿maxim", "ref": "M3-28", "amenity": "bicycle_rental", "capacity": "2", "facility_type": "sharing", "fee": "yes", "brand": "ドコモ・バイクシェア", "access": null, "covered": null, "supervised": null, "note": null, "operator": "ドコモ・バイクシェア", "opening_hours": null }, "geometry": { "type": "Point", "coordinates": [ 139.711076, 35.649379 ] } },
{ "type": "Feature", "properties": { "osm_id": "node/13192291730", "name": "VORT恵比寿Dual's", "ref": "M3-27", "amenity": "bicycle_rental", "capacity": "6", "facility_type": "sharing", "fee": "yes", "brand": "ドコモ・バイクシェア", "access": null, "covered": null, "supervised": null, "note": null, "operator": "ドコモ・バイクシェア", "opening_hours": null }, "geometry": { "type": "Point", "coordinates": [ 139.709329, 35.643239 ] } },
{ "type": "Feature", "properties": { "osm_id": "node/13192291750", "name": "VORT恵比寿Ⅲ", "ref": "M3-26", "amenity": "bicycle_rental", "capacity": "4", "facility_type": "sharing", "fee": "yes", "brand": "ドコモ・バイクシェア", "access": null, "covered": null, "supervised": null, "note": null, "operator": "ドコモ・バイクシェア", "opening_hours": null }, "geometry": { "type": "Point", "coordinates": [ 139.714783, 35.647049 ] } },
{ "type": "Feature", "properties": { "osm_id": "node/13192291756", "name": "ARKMARK渋谷初台", "ref": "M6-21", "amenity": "bicycle_rental", "capacity": "7", "facility_type": "sharing", "fee": "yes", "brand": "ドコモ・バイクシェア", "access": null, "covered": null, "supervised": null, "note": null, "operator": "ドコモ・バイクシェア", "opening_hours": null }, "geometry": { "type": "Point", "coordinates": [ 139.68278, 35.679876 ] } },
{ "type": "Feature", "properties": { "osm_id": "node/13192291769", "name": "VORT渋谷松濤residence", "ref": "M3-25", "amenity": "bicycle_rental", "capacity": "6", "facility_type": "sharing", "fee": "yes", "brand": "ドコモ・バイクシェア", "access": null, "covered": null, "supervised": null, "note": null, "operator": "ドコモ・バイクシェア", "opening_hours": null }, "geometry": { "type": "Point", "coordinates": [ 139.694256, 35.65974 ] } },
{ "type": "Feature", "properties": { "osm_id": "node/13192291776", "name": "パレステュディオ代々木", "ref": "M5-21", "amenity": "bicycle_rental", "capacity": "9", "facility_type": "sharing", "fee": "yes", "brand": "ドコモ・バイクシェア", "access": null, "covered": null, "supervised": null, "note": null, "operator": "ドコモ・バイクシェア", "opening_hours": null }, "geometry": { "type": "Point", "coordinates": [ 139.69708, 35.68615 ] } },
{ "type": "Feature", "properties": { "osm_id": "node/13272712463", "name": null, "ref": null, "amenity": "bicycle_parking", "capacity": null, "facility_type": "parking", "fee": null, "brand": null, "access": "private", "covered": null, "supervised": null, "note": null, "operator": null, "opening_hours": null }, "geometry": { "type": "Point", "coordinates": [ 139.721378, 35.6550113 ] } },
{ "type": "Feature", "properties": { "osm_id": "node/13272715536", "name": null, "ref": null, "amenity": "bicycle_parking", "capacity": null, "facility_type": "parking", "fee": null, "brand": null, "access": null, "covered": "no", "supervised": null, "note": null, "operator": null, "opening_hours": null }, "geometry": { "type": "Point", "coordinates": [ 139.720997300000022, 35.6536294 ] } },
{ "type": "Feature", "properties": { "osm_id": "node/13722933618", "name": "リパーク広尾5丁目ポート", "ref": null, "amenity": "bicycle_rental", "capacity": "11", "facility_type": "sharing", "fee": "yes", "brand": "HELLO CYCLING", "access": null, "covered": null, "supervised": null, "note": null, "operator": null, "opening_hours": null }, "geometry": { "type": "Point", "coordinates": [ 139.72017, 35.64964 ] } },
{ "type": "Feature", "properties": { "osm_id": "node/13722933651", "name": "ウェルスクエアイズム千駄ヶ谷（北参道駅付近）", "ref": null, "amenity": "bicycle_rental", "capacity": "4", "facility_type": "sharing", "fee": "yes", "brand": "HELLO CYCLING", "access": null, "covered": null, "supervised": null, "note": null, "operator": null, "opening_hours": null }, "geometry": { "type": "Point", "coordinates": [ 139.707226100000014, 35.6772339 ] } },
{ "type": "Feature", "properties": { "osm_id": "node/13726789760", "name": "COINPARK 神宮前6丁目第3駐車場", "ref": "M3-30", "amenity": "bicycle_rental", "capacity": "23", "facility_type": "sharing", "fee": "yes", "brand": "Docomo Bike Share", "access": null, "covered": null, "supervised": null, "note": null, "operator": null, "opening_hours": null }, "geometry": { "type": "Point", "coordinates": [ 139.705085, 35.6671 ] } },
{ "type": "Feature", "properties": { "osm_id": "node/13726789776", "name": "AXAS代々木公園", "ref": "M5-24", "amenity": "bicycle_rental", "capacity": "5", "facility_type": "sharing", "fee": "yes", "brand": "Docomo Bike Share", "access": null, "covered": null, "supervised": null, "note": null, "operator": null, "opening_hours": null }, "geometry": { "type": "Point", "coordinates": [ 139.692015, 35.666784 ] } },
{ "type": "Feature", "properties": { "osm_id": "node/13726789777", "name": "代々木西参道自動二輪駐車場", "ref": "M5-26", "amenity": "bicycle_rental", "capacity": "10", "facility_type": "sharing", "fee": "yes", "brand": "Docomo Bike Share", "access": null, "covered": null, "supervised": null, "note": null, "operator": null, "opening_hours": null }, "geometry": { "type": "Point", "coordinates": [ 139.691312, 35.683457 ] } },
{ "type": "Feature", "properties": { "osm_id": "node/13726789784", "name": "ヴォーガコルテ幡ヶ谷", "ref": "M6-22", "amenity": "bicycle_rental", "capacity": "3", "facility_type": "sharing", "fee": "yes", "brand": "Docomo Bike Share", "access": null, "covered": null, "supervised": null, "note": null, "operator": null, "opening_hours": null }, "geometry": { "type": "Point", "coordinates": [ 139.676267, 35.67726 ] } },
{ "type": "Feature", "properties": { "osm_id": "node/13807532801", "name": "Amano Bike Rack", "ref": null, "amenity": "bicycle_parking", "capacity": null, "facility_type": "parking", "fee": null, "brand": null, "access": null, "covered": null, "supervised": null, "note": null, "operator": null, "opening_hours": null }, "geometry": { "type": "Point", "coordinates": [ 139.709839500000015, 35.6449444 ] } },
{ "type": "Feature", "properties": { "osm_id": "node/13808127502", "name": "CYCA park Ebisu", "ref": null, "amenity": "bicycle_parking", "capacity": null, "facility_type": "parking", "fee": null, "brand": null, "access": null, "covered": null, "supervised": null, "note": null, "operator": "Chari Navi", "opening_hours": "24/7" }, "geometry": { "type": "Point", "coordinates": [ 139.7108337, 35.6466517 ] } },
{ "type": "Feature", "properties": { "osm_id": "node/13848486001", "name": "とんかつ まい泉 駐輪場", "ref": null, "amenity": "bicycle_parking", "capacity": null, "facility_type": "parking", "fee": null, "brand": null, "access": null, "covered": null, "supervised": null, "note": null, "operator": null, "opening_hours": null }, "geometry": { "type": "Point", "coordinates": [ 139.7115063, 35.667844 ] } },
{ "type": "Feature", "properties": { "osm_id": "node/13893151801", "name": "bike park", "ref": null, "amenity": "bicycle_parking", "capacity": null, "facility_type": "parking", "fee": null, "brand": null, "access": null, "covered": null, "supervised": null, "note": null, "operator": null, "opening_hours": null }, "geometry": { "type": "Point", "coordinates": [ 139.7017103, 35.6697281 ] } },
{ "type": "Feature", "properties": { "osm_id": "way/123674155", "name": "渋谷区　渋谷橋自動二輪等駐車場", "ref": null, "amenity": "bicycle_parking", "capacity": null, "facility_type": "parking", "fee": null, "brand": null, "access": null, "covered": null, "supervised": null, "note": null, "operator": null, "opening_hours": "24/7" }, "geometry": { "type": "Point", "coordinates": [ 139.710797188775786, 35.64846130023318 ] } },
{ "type": "Feature", "properties": { "osm_id": "way/138695712", "name": null, "ref": null, "amenity": "bicycle_rental", "capacity": null, "facility_type": "sharing", "fee": null, "brand": null, "access": null, "covered": null, "supervised": null, "note": null, "operator": null, "opening_hours": null }, "geometry": { "type": "Point", "coordinates": [ 139.693644300790424, 35.673841868100965 ] } },
{ "type": "Feature", "properties": { "osm_id": "way/147500431", "name": "宇田川駐輪場", "ref": null, "amenity": "bicycle_parking", "capacity": null, "facility_type": "parking", "fee": "1 hour free", "brand": null, "access": "yes", "covered": "no", "supervised": "no", "note": null, "operator": null, "opening_hours": "24/7" }, "geometry": { "type": "Point", "coordinates": [ 139.697199950624992, 35.662340923887889 ] } },
{ "type": "Feature", "properties": { "osm_id": "way/152284450", "name": "ハチ公口自転車等駐輪場", "ref": null, "amenity": "bicycle_parking", "capacity": null, "facility_type": "parking", "fee": "1 hour free", "brand": null, "access": null, "covered": "yes", "supervised": null, "note": null, "operator": null, "opening_hours": null }, "geometry": { "type": "Point", "coordinates": [ 139.701302475369602, 35.66035833542611 ] } },
{ "type": "Feature", "properties": { "osm_id": "way/214766597", "name": null, "ref": null, "amenity": "bicycle_parking", "capacity": null, "facility_type": "parking", "fee": null, "brand": null, "access": "private", "covered": "yes", "supervised": null, "note": null, "operator": null, "opening_hours": null }, "geometry": { "type": "Point", "coordinates": [ 139.681431581323807, 35.679197253768045 ] } },
{ "type": "Feature", "properties": { "osm_id": "way/215130445", "name": null, "ref": null, "amenity": "bicycle_parking", "capacity": null, "facility_type": "parking", "fee": null, "brand": null, "access": "private", "covered": "yes", "supervised": null, "note": null, "operator": null, "opening_hours": null }, "geometry": { "type": "Point", "coordinates": [ 139.672570394434331, 35.676930574989136 ] } },
{ "type": "Feature", "properties": { "osm_id": "way/242776935", "name": null, "ref": null, "amenity": "bicycle_parking", "capacity": null, "facility_type": "parking", "fee": "yes", "brand": null, "access": null, "covered": null, "supervised": "no", "note": null, "operator": null, "opening_hours": "Sa-Su 00:00-24:00" }, "geometry": { "type": "Point", "coordinates": [ 139.702923643318741, 35.683901868232361 ] } },
{ "type": "Feature", "properties": { "osm_id": "way/243007657", "name": null, "ref": null, "amenity": "bicycle_parking", "capacity": null, "facility_type": "parking", "fee": "yes", "brand": null, "access": null, "covered": null, "supervised": null, "note": null, "operator": null, "opening_hours": null }, "geometry": { "type": "Point", "coordinates": [ 139.701465914473886, 35.684365514350453 ] } },
{ "type": "Feature", "properties": { "osm_id": "way/285376872", "name": "天神橋自動二輪車等駐車場", "ref": null, "amenity": "bicycle_parking", "capacity": "30", "facility_type": "parking", "fee": null, "brand": null, "access": null, "covered": "no", "supervised": null, "note": null, "operator": null, "opening_hours": null }, "geometry": { "type": "Point", "coordinates": [ 139.692856616842164, 35.684733191662353 ] } },
{ "type": "Feature", "properties": { "osm_id": "way/297177498", "name": null, "ref": null, "amenity": "bicycle_parking", "capacity": null, "facility_type": "parking", "fee": null, "brand": null, "access": "private", "covered": null, "supervised": null, "note": null, "operator": null, "opening_hours": null }, "geometry": { "type": "Point", "coordinates": [ 139.693792100190251, 35.673881049723036 ] } },
{ "type": "Feature", "properties": { "osm_id": "way/542874840", "name": null, "ref": null, "amenity": "bicycle_parking", "capacity": null, "facility_type": "parking", "fee": null, "brand": null, "access": "customers", "covered": null, "supervised": null, "note": null, "operator": null, "opening_hours": null }, "geometry": { "type": "Point", "coordinates": [ 139.7089011913842, 35.682292759673409 ] } },
{ "type": "Feature", "properties": { "osm_id": "way/625478603", "name": null, "ref": null, "amenity": "bicycle_parking", "capacity": null, "facility_type": "parking", "fee": null, "brand": null, "access": null, "covered": null, "supervised": null, "note": null, "operator": null, "opening_hours": null }, "geometry": { "type": "Point", "coordinates": [ 139.704820760881688, 35.656270224568829 ] } },
{ "type": "Feature", "properties": { "osm_id": "way/911514639", "name": null, "ref": null, "amenity": "bicycle_parking", "capacity": null, "facility_type": "parking", "fee": null, "brand": null, "access": null, "covered": null, "supervised": null, "note": null, "operator": null, "opening_hours": null }, "geometry": { "type": "Point", "coordinates": [ 139.709597392907909, 35.646362471657518 ] } },
{ "type": "Feature", "properties": { "osm_id": "way/1068871326", "name": null, "ref": null, "amenity": "bicycle_parking", "capacity": null, "facility_type": "parking", "fee": null, "brand": null, "access": null, "covered": null, "supervised": null, "note": null, "operator": null, "opening_hours": null }, "geometry": { "type": "Point", "coordinates": [ 139.711196782405892, 35.679761416718129 ] } },
{ "type": "Feature", "properties": { "osm_id": "way/1344472643", "name": null, "ref": null, "amenity": "bicycle_parking", "capacity": null, "facility_type": "parking", "fee": null, "brand": null, "access": null, "covered": null, "supervised": null, "note": null, "operator": null, "opening_hours": null }, "geometry": { "type": "Point", "coordinates": [ 139.683620550545101, 35.675121950606844 ] } },
{ "type": "Feature", "properties": { "osm_id": "node/2152016451", "name": "秋葉原駅東側駅前広場", "ref": null, "amenity": "bicycle_parking", "capacity": null, "facility_type": "parking", "fee": null, "brand": null, "access": null, "covered": "no", "supervised": null, "note": null, "operator": null, "opening_hours": null }, "geometry": { "type": "Point", "coordinates": [ 139.7735815, 35.69889 ] } },
{ "type": "Feature", "properties": { "osm_id": "node/2152016831", "name": null, "ref": null, "amenity": "bicycle_parking", "capacity": null, "facility_type": "parking", "fee": "no", "brand": null, "access": null, "covered": "yes", "supervised": null, "note": null, "operator": null, "opening_hours": null }, "geometry": { "type": "Point", "coordinates": [ 139.773023100000017, 35.699358 ] } },
{ "type": "Feature", "properties": { "osm_id": "node/2271639544", "name": null, "ref": null, "amenity": "bicycle_parking", "capacity": null, "facility_type": "parking", "fee": null, "brand": null, "access": null, "covered": null, "supervised": null, "note": null, "operator": null, "opening_hours": null }, "geometry": { "type": "Point", "coordinates": [ 139.7755013, 35.6992228 ] } },
{ "type": "Feature", "properties": { "osm_id": "node/2509998822", "name": "秋葉原公園自転車駐車場", "ref": null, "amenity": "bicycle_parking", "capacity": "44", "facility_type": "parking", "fee": null, "brand": null, "access": "yes", "covered": "no", "supervised": null, "note": null, "operator": "駐車場綜合研究所", "opening_hours": "24/7" }, "geometry": { "type": "Point", "coordinates": [ 139.7750063, 35.6979828 ] } },
{ "type": "Feature", "properties": { "osm_id": "node/2822469450", "name": null, "ref": null, "amenity": "bicycle_parking", "capacity": null, "facility_type": "parking", "fee": null, "brand": null, "access": null, "covered": null, "supervised": null, "note": null, "operator": null, "opening_hours": null }, "geometry": { "type": "Point", "coordinates": [ 139.775093700000014, 35.6973829 ] } },
{ "type": "Feature", "properties": { "osm_id": "node/3263315896", "name": "芳林公園（北側）", "ref": "A3-10", "amenity": "bicycle_rental", "capacity": "6", "facility_type": "sharing", "fee": "yes", "brand": "Docomo Bike Share", "access": null, "covered": null, "supervised": null, "note": null, "operator": "千代田区", "opening_hours": null }, "geometry": { "type": "Point", "coordinates": [ 139.769833700000021, 35.7019582 ] } },
{ "type": "Feature", "properties": { "osm_id": "node/3343850886", "name": null, "ref": null, "amenity": "bicycle_parking", "capacity": null, "facility_type": "parking", "fee": "yes", "brand": null, "access": "yes", "covered": "yes", "supervised": null, "note": null, "operator": null, "opening_hours": null }, "geometry": { "type": "Point", "coordinates": [ 139.7727638, 35.7010308 ] } },
{ "type": "Feature", "properties": { "osm_id": "node/3359127685", "name": "ヨドバシ", "ref": null, "amenity": "bicycle_parking", "capacity": null, "facility_type": "parking", "fee": "yes", "brand": null, "access": null, "covered": null, "supervised": null, "note": null, "operator": null, "opening_hours": null }, "geometry": { "type": "Point", "coordinates": [ 139.7749455, 35.6992666 ] } },
{ "type": "Feature", "properties": { "osm_id": "node/3363009381", "name": null, "ref": null, "amenity": "bicycle_parking", "capacity": null, "facility_type": "parking", "fee": "yes", "brand": null, "access": null, "covered": null, "supervised": null, "note": null, "operator": null, "opening_hours": null }, "geometry": { "type": "Point", "coordinates": [ 139.765411600000022, 35.6776789 ] } },
{ "type": "Feature", "properties": { "osm_id": "node/3363009382", "name": null, "ref": null, "amenity": "bicycle_parking", "capacity": null, "facility_type": "parking", "fee": null, "brand": null, "access": null, "covered": null, "supervised": null, "note": null, "operator": null, "opening_hours": null }, "geometry": { "type": "Point", "coordinates": [ 139.765322200000014, 35.6774498 ] } },
{ "type": "Feature", "properties": { "osm_id": "node/3363009383", "name": "大手町第2自転車駐車場", "ref": null, "amenity": "bicycle_parking", "capacity": null, "facility_type": "parking", "fee": "yes", "brand": null, "access": "yes", "covered": "no", "supervised": null, "note": null, "operator": "サイカパーキング", "opening_hours": null }, "geometry": { "type": "Point", "coordinates": [ 139.76779590000001, 35.6848081 ] } },
{ "type": "Feature", "properties": { "osm_id": "node/3363009384", "name": null, "ref": null, "amenity": "bicycle_parking", "capacity": null, "facility_type": "parking", "fee": null, "brand": null, "access": null, "covered": null, "supervised": null, "note": null, "operator": null, "opening_hours": null }, "geometry": { "type": "Point", "coordinates": [ 139.7686007, 35.6847631 ] } },
{ "type": "Feature", "properties": { "osm_id": "node/3393484327", "name": null, "ref": null, "amenity": "bicycle_parking", "capacity": "30", "facility_type": "parking", "fee": null, "brand": null, "access": null, "covered": "no", "supervised": null, "note": null, "operator": null, "opening_hours": null }, "geometry": { "type": "Point", "coordinates": [ 139.766567800000018, 35.6770551 ] } },
{ "type": "Feature", "properties": { "osm_id": "node/3607126018", "name": "秋葉原公園", "ref": null, "amenity": "bicycle_rental", "capacity": "14", "facility_type": "sharing", "fee": "yes", "brand": "ちよくる", "access": null, "covered": null, "supervised": null, "note": null, "operator": "ちよくる", "opening_hours": null }, "geometry": { "type": "Point", "coordinates": [ 139.7749109, 35.6976528 ] } },
{ "type": "Feature", "properties": { "osm_id": "node/3794695438", "name": "西神田公園（西側）", "ref": "A2-03", "amenity": "bicycle_rental", "capacity": "6", "facility_type": "sharing", "fee": "yes", "brand": "Docomo Bike Share", "access": null, "covered": null, "supervised": null, "note": null, "operator": "ドコモ・バイクシェア", "opening_hours": null }, "geometry": { "type": "Point", "coordinates": [ 139.7548533, 35.6983664 ] } },
{ "type": "Feature", "properties": { "osm_id": "node/3794707263", "name": "西神田公園(北側)", "ref": "A2-02", "amenity": "bicycle_rental", "capacity": "10", "facility_type": "sharing", "fee": "yes", "brand": "Docomo Bike Share", "access": null, "covered": null, "supervised": null, "note": null, "operator": "ドコモ・バイクシェア", "opening_hours": null }, "geometry": { "type": "Point", "coordinates": [ 139.755093500000015, 35.6985744 ] } },
{ "type": "Feature", "properties": { "osm_id": "node/3796678081", "name": "KDX御茶ノ水ビル", "ref": "A2-08", "amenity": "bicycle_rental", "capacity": "10", "facility_type": "sharing", "fee": "yes", "brand": "Docomo Bike Share", "access": null, "covered": null, "supervised": null, "note": null, "operator": "ドコモ・バイクシェア", "opening_hours": null }, "geometry": { "type": "Point", "coordinates": [ 139.7601869, 35.7005666 ] } },
{ "type": "Feature", "properties": { "osm_id": "node/3796697016", "name": "秋葉原UDX北側駐輪場前", "ref": "A3-12", "amenity": "bicycle_rental", "capacity": "16", "facility_type": "sharing", "fee": "yes", "brand": "Docomo Bike Share", "access": null, "covered": null, "supervised": null, "note": null, "operator": "千代田区", "opening_hours": null }, "geometry": { "type": "Point", "coordinates": [ 139.772924100000012, 35.7010566 ] } },
{ "type": "Feature", "properties": { "osm_id": "node/3800122822", "name": "神田駿河台下", "ref": "A2-01", "amenity": "bicycle_rental", "capacity": "38", "facility_type": "sharing", "fee": "yes", "brand": "Docomo Bike Share", "access": null, "covered": null, "supervised": null, "note": null, "operator": "ドコモ・バイクシェア", "opening_hours": null }, "geometry": { "type": "Point", "coordinates": [ 139.761621, 35.6957233 ] } },
{ "type": "Feature", "properties": { "osm_id": "node/3822133309", "name": "飯田橋サクラテラス（早稲田通り）", "ref": "A1-08", "amenity": "bicycle_rental", "capacity": "11", "facility_type": "sharing", "fee": "yes", "brand": "Docomo Bike Share", "access": null, "covered": null, "supervised": null, "note": null, "operator": "千代田区", "opening_hours": null }, "geometry": { "type": "Point", "coordinates": [ 139.7446984, 35.6991589 ] } },
{ "type": "Feature", "properties": { "osm_id": "node/3851695359", "name": null, "ref": null, "amenity": "bicycle_parking", "capacity": null, "facility_type": "parking", "fee": "no", "brand": null, "access": "yes", "covered": null, "supervised": "no", "note": null, "operator": null, "opening_hours": null }, "geometry": { "type": "Point", "coordinates": [ 139.7531463, 35.6938496 ] } },
{ "type": "Feature", "properties": { "osm_id": "node/3851695360", "name": null, "ref": null, "amenity": "bicycle_parking", "capacity": null, "facility_type": "parking", "fee": null, "brand": null, "access": null, "covered": "yes", "supervised": "no", "note": null, "operator": null, "opening_hours": null }, "geometry": { "type": "Point", "coordinates": [ 139.7532826, 35.6941217 ] } },
{ "type": "Feature", "properties": { "osm_id": "node/3851695362", "name": "千代田会館ビル", "ref": "A02", "amenity": "bicycle_rental", "capacity": null, "facility_type": "sharing", "fee": "yes", "brand": "Docomo Bike Share", "access": null, "covered": null, "supervised": null, "note": null, "operator": "ドコモ・バイクシェア", "opening_hours": null }, "geometry": { "type": "Point", "coordinates": [ 139.7526258, 35.6937933 ] } },
{ "type": "Feature", "properties": { "osm_id": "node/3851695363", "name": "千代田区役所", "ref": "A1-01", "amenity": "bicycle_rental", "capacity": "6", "facility_type": "sharing", "fee": "yes", "brand": "Docomo Bike Share", "access": null, "covered": null, "supervised": null, "note": null, "operator": "ドコモ・バイクシェア", "opening_hours": null }, "geometry": { "type": "Point", "coordinates": [ 139.753255, 35.6937891 ] } },
{ "type": "Feature", "properties": { "osm_id": "node/3851728665", "name": null, "ref": null, "amenity": "bicycle_parking", "capacity": null, "facility_type": "parking", "fee": null, "brand": null, "access": null, "covered": "no", "supervised": null, "note": null, "operator": "千代田区", "opening_hours": null }, "geometry": { "type": "Point", "coordinates": [ 139.753714, 35.7021442 ] } },
{ "type": "Feature", "properties": { "osm_id": "node/4101222629", "name": "富士ソフトビル（駐車場入口横）", "ref": "A3-13", "amenity": "bicycle_rental", "capacity": "19", "facility_type": "sharing", "fee": "yes", "brand": "ドコモ・バイクシェア", "access": null, "covered": null, "supervised": null, "note": null, "operator": "ドコモ・バイクシェア", "opening_hours": null }, "geometry": { "type": "Point", "coordinates": [ 139.7742892, 35.7005684 ] } },
{ "type": "Feature", "properties": { "osm_id": "node/4101222631", "name": "神田明神（神田神社）", "ref": "A3-08", "amenity": "bicycle_rental", "capacity": "13", "facility_type": "sharing", "fee": "yes", "brand": "Docomo Bike Share", "access": null, "covered": null, "supervised": null, "note": null, "operator": "千代田区", "opening_hours": null }, "geometry": { "type": "Point", "coordinates": [ 139.768342, 35.702299 ] } },
{ "type": "Feature", "properties": { "osm_id": "node/4594364257", "name": "神保町三井ビルディング", "ref": "A2-12", "amenity": "bicycle_rental", "capacity": "21", "facility_type": "sharing", "fee": "yes", "brand": "Docomo Bike Share", "access": null, "covered": null, "supervised": null, "note": null, "operator": "千代田区", "opening_hours": null }, "geometry": { "type": "Point", "coordinates": [ 139.7605871, 35.6945154 ] } },
{ "type": "Feature", "properties": { "osm_id": "node/4872008542", "name": "秋葉原駅西側歩道橋下自転車駐車場", "ref": null, "amenity": "bicycle_parking", "capacity": null, "facility_type": "parking", "fee": "2h free+10h100yen", "brand": null, "access": null, "covered": null, "supervised": null, "note": null, "operator": null, "opening_hours": null }, "geometry": { "type": "Point", "coordinates": [ 139.7730879, 35.6997892 ] } },
{ "type": "Feature", "properties": { "osm_id": "node/4872008543", "name": "JKSバイクパーク秋葉原駐車場", "ref": null, "amenity": "bicycle_parking", "capacity": null, "facility_type": "parking", "fee": "30min free+6h100yen", "brand": null, "access": "yes", "covered": null, "supervised": null, "note": null, "operator": null, "opening_hours": null }, "geometry": { "type": "Point", "coordinates": [ 139.773208, 35.70003 ] } },
{ "type": "Feature", "properties": { "osm_id": "node/4968224055", "name": null, "ref": null, "amenity": "bicycle_parking", "capacity": null, "facility_type": "parking", "fee": "yes", "brand": null, "access": null, "covered": null, "supervised": null, "note": null, "operator": null, "opening_hours": "24/7" }, "geometry": { "type": "Point", "coordinates": [ 139.74477330000002, 35.701146 ] } },
{ "type": "Feature", "properties": { "osm_id": "node/4984581190", "name": null, "ref": null, "amenity": "bicycle_parking", "capacity": null, "facility_type": "parking", "fee": null, "brand": null, "access": null, "covered": null, "supervised": null, "note": null, "operator": null, "opening_hours": null }, "geometry": { "type": "Point", "coordinates": [ 139.7730865, 35.7041794 ] } },
{ "type": "Feature", "properties": { "osm_id": "node/5225758718", "name": null, "ref": null, "amenity": "bicycle_parking", "capacity": null, "facility_type": "parking", "fee": null, "brand": null, "access": "customers", "covered": null, "supervised": null, "note": null, "operator": null, "opening_hours": null }, "geometry": { "type": "Point", "coordinates": [ 139.769303400000013, 35.7023426 ] } },
{ "type": "Feature", "properties": { "osm_id": "node/5445799076", "name": null, "ref": null, "amenity": "bicycle_parking", "capacity": null, "facility_type": "parking", "fee": null, "brand": null, "access": null, "covered": null, "supervised": null, "note": null, "operator": null, "opening_hours": null }, "geometry": { "type": "Point", "coordinates": [ 139.7595914, 35.6936875 ] } },
{ "type": "Feature", "properties": { "osm_id": "node/5564605537", "name": null, "ref": null, "amenity": "bicycle_parking", "capacity": null, "facility_type": "parking", "fee": null, "brand": null, "access": "customers", "covered": null, "supervised": null, "note": null, "operator": null, "opening_hours": null }, "geometry": { "type": "Point", "coordinates": [ 139.780360200000018, 35.7000841 ] } },
{ "type": "Feature", "properties": { "osm_id": "node/5746362102", "name": null, "ref": null, "amenity": "bicycle_parking", "capacity": null, "facility_type": "parking", "fee": null, "brand": null, "access": null, "covered": null, "supervised": null, "note": null, "operator": null, "opening_hours": null }, "geometry": { "type": "Point", "coordinates": [ 139.778831600000018, 35.6990883 ] } },
{ "type": "Feature", "properties": { "osm_id": "node/5746689924", "name": "和泉公園（西側入口）", "ref": "A3-05", "amenity": "bicycle_rental", "capacity": "7", "facility_type": "sharing", "fee": "yes", "brand": "ドコモ・バイクシェア", "access": null, "covered": null, "supervised": null, "note": null, "operator": "ドコモ・バイクシェア", "opening_hours": null }, "geometry": { "type": "Point", "coordinates": [ 139.778931600000021, 35.6988162 ] } },
{ "type": "Feature", "properties": { "osm_id": "node/5824886279", "name": null, "ref": null, "amenity": "bicycle_parking", "capacity": null, "facility_type": "parking", "fee": null, "brand": null, "access": null, "covered": null, "supervised": null, "note": null, "operator": null, "opening_hours": null }, "geometry": { "type": "Point", "coordinates": [ 139.755869100000012, 35.6741652 ] } },
{ "type": "Feature", "properties": { "osm_id": "node/5956435517", "name": "テラススクエア", "ref": "A2-09", "amenity": "bicycle_rental", "capacity": "8", "facility_type": "sharing", "fee": "yes", "brand": "Docomo Bike Share", "access": null, "covered": null, "supervised": null, "note": null, "operator": null, "opening_hours": null }, "geometry": { "type": "Point", "coordinates": [ 139.75991430000002, 35.6931398 ] } },
{ "type": "Feature", "properties": { "osm_id": "node/6014352738", "name": null, "ref": null, "amenity": "bicycle_parking", "capacity": null, "facility_type": "parking", "fee": null, "brand": null, "access": "private", "covered": null, "supervised": null, "note": null, "operator": null, "opening_hours": null }, "geometry": { "type": "Point", "coordinates": [ 139.7722823, 35.7034472 ] } },
{ "type": "Feature", "properties": { "osm_id": "node/6047612759", "name": null, "ref": null, "amenity": "bicycle_parking", "capacity": null, "facility_type": "parking", "fee": "no", "brand": null, "access": "yes", "covered": "yes", "supervised": "no", "note": null, "operator": null, "opening_hours": "24/7" }, "geometry": { "type": "Point", "coordinates": [ 139.745464, 35.7021483 ] } },
{ "type": "Feature", "properties": { "osm_id": "node/6097427870", "name": null, "ref": null, "amenity": "bicycle_parking", "capacity": null, "facility_type": "parking", "fee": null, "brand": null, "access": "customers", "covered": "yes", "supervised": null, "note": null, "operator": null, "opening_hours": null }, "geometry": { "type": "Point", "coordinates": [ 139.7698504, 35.7013417 ] } },
{ "type": "Feature", "properties": { "osm_id": "node/6187350570", "name": null, "ref": null, "amenity": "bicycle_rental", "capacity": null, "facility_type": "sharing", "fee": null, "brand": null, "access": null, "covered": null, "supervised": null, "note": null, "operator": null, "opening_hours": null }, "geometry": { "type": "Point", "coordinates": [ 139.7563361, 35.6970518 ] } },
{ "type": "Feature", "properties": { "osm_id": "node/6187350574", "name": null, "ref": null, "amenity": "bicycle_parking", "capacity": null, "facility_type": "parking", "fee": "yes", "brand": null, "access": "customers", "covered": "yes", "supervised": null, "note": null, "operator": null, "opening_hours": null }, "geometry": { "type": "Point", "coordinates": [ 139.754111600000016, 35.7019776 ] } },
{ "type": "Feature", "properties": { "osm_id": "node/6408501346", "name": null, "ref": null, "amenity": "bicycle_parking", "capacity": null, "facility_type": "parking", "fee": null, "brand": null, "access": null, "covered": null, "supervised": null, "note": null, "operator": null, "opening_hours": null }, "geometry": { "type": "Point", "coordinates": [ 139.752663900000016, 35.6912319 ] } },
{ "type": "Feature", "properties": { "osm_id": "node/6418629235", "name": "興和一橋ビル", "ref": "A2-14", "amenity": "bicycle_rental", "capacity": "15", "facility_type": "sharing", "fee": "yes", "brand": "Docomo Bike Share", "access": null, "covered": null, "supervised": null, "note": null, "operator": null, "opening_hours": null }, "geometry": { "type": "Point", "coordinates": [ 139.759391, 35.692269 ] } },
{ "type": "Feature", "properties": { "osm_id": "node/6496541091", "name": null, "ref": null, "amenity": "bicycle_parking", "capacity": null, "facility_type": "parking", "fee": "no", "brand": null, "access": null, "covered": "yes", "supervised": "no", "note": null, "operator": null, "opening_hours": null }, "geometry": { "type": "Point", "coordinates": [ 139.7566114, 35.6914447 ] } },
{ "type": "Feature", "properties": { "osm_id": "node/6514241813", "name": null, "ref": null, "amenity": "bicycle_parking", "capacity": null, "facility_type": "parking", "fee": null, "brand": null, "access": null, "covered": null, "supervised": null, "note": null, "operator": null, "opening_hours": null }, "geometry": { "type": "Point", "coordinates": [ 139.7444501, 35.6987522 ] } },
{ "type": "Feature", "properties": { "osm_id": "node/6847919103", "name": "絶滅メディア博物館（楓ビル）", "ref": "A3-02", "amenity": "bicycle_rental", "capacity": "7", "facility_type": "sharing", "fee": "yes", "brand": "Docomo Bike Share", "access": null, "covered": null, "supervised": null, "note": null, "operator": null, "opening_hours": "24/7" }, "geometry": { "type": "Point", "coordinates": [ 139.767852800000014, 35.6895714 ] } },
{ "type": "Feature", "properties": { "osm_id": "node/6856530504", "name": "秋葉原駅電気街口(西側交通広場)", "ref": "A3-28", "amenity": "bicycle_rental", "capacity": "3", "facility_type": "sharing", "fee": "yes", "brand": "ドコモ・バイクシェア", "access": null, "covered": null, "supervised": null, "note": null, "operator": "ドコモ・バイクシェア", "opening_hours": null }, "geometry": { "type": "Point", "coordinates": [ 139.7726288, 35.699173 ] } },
{ "type": "Feature", "properties": { "osm_id": "node/6882694995", "name": "東京ミッドタウン日比谷", "ref": "A4-12", "amenity": "bicycle_rental", "capacity": "1", "facility_type": "sharing", "fee": "yes", "brand": "Docomo Bike Share", "access": null, "covered": null, "supervised": null, "note": null, "operator": "千代田区", "opening_hours": null }, "geometry": { "type": "Point", "coordinates": [ 139.75911050000002, 35.6742715 ] } },
{ "type": "Feature", "properties": { "osm_id": "node/6897057781", "name": null, "ref": null, "amenity": "bicycle_parking", "capacity": null, "facility_type": "parking", "fee": "yes", "brand": null, "access": "yes", "covered": "no", "supervised": "no", "note": null, "operator": null, "opening_hours": null }, "geometry": { "type": "Point", "coordinates": [ 139.745289500000013, 35.7005719 ] } },
{ "type": "Feature", "properties": { "osm_id": "node/6898440938", "name": "日比谷ステップ広場地域用駐輪場", "ref": null, "amenity": "bicycle_parking", "capacity": null, "facility_type": "parking", "fee": null, "brand": null, "access": null, "covered": null, "supervised": null, "note": null, "operator": null, "opening_hours": "06:00-01:00" }, "geometry": { "type": "Point", "coordinates": [ 139.7596389, 35.674168 ] } },
{ "type": "Feature", "properties": { "osm_id": "node/6899819220", "name": "秋葉原駅中央口（ヨドバシカメラ前）", "ref": "A3-27", "amenity": "bicycle_rental", "capacity": "11", "facility_type": "sharing", "fee": "yes", "brand": "ドコモ・バイクシェア", "access": null, "covered": null, "supervised": null, "note": null, "operator": "ドコモ・バイクシェア", "opening_hours": null }, "geometry": { "type": "Point", "coordinates": [ 139.7741044, 35.6989873 ] } },
{ "type": "Feature", "properties": { "osm_id": "node/6899824876", "name": "秋葉原公園", "ref": "A3-04", "amenity": "bicycle_rental", "capacity": "21", "facility_type": "sharing", "fee": "yes", "brand": "ドコモ・バイクシェア", "access": null, "covered": null, "supervised": null, "note": null, "operator": "ドコモ・バイクシェア", "opening_hours": null }, "geometry": { "type": "Point", "coordinates": [ 139.774856600000021, 35.6976433 ] } },
{ "type": "Feature", "properties": { "osm_id": "node/7074118741", "name": "神田駅東自転車駐輪場", "ref": null, "amenity": "bicycle_parking", "capacity": "11", "facility_type": "parking", "fee": null, "brand": null, "access": null, "covered": null, "supervised": null, "note": null, "operator": null, "opening_hours": null }, "geometry": { "type": "Point", "coordinates": [ 139.771828200000016, 35.6928465 ] } },
{ "type": "Feature", "properties": { "osm_id": "node/7076695718", "name": "神田ふれあい通り第１", "ref": "A3-19", "amenity": "bicycle_rental", "capacity": "12", "facility_type": "sharing", "fee": "yes", "brand": "ドコモ・バイクシェア", "access": null, "covered": null, "supervised": null, "note": null, "operator": "ドコモ・バイクシェア", "opening_hours": null }, "geometry": { "type": "Point", "coordinates": [ 139.7727227, 35.6949193 ] } },
{ "type": "Feature", "properties": { "osm_id": "node/7132279496", "name": "マーチエキュート神田万世橋", "ref": "A3-34", "amenity": "bicycle_rental", "capacity": null, "facility_type": "sharing", "fee": null, "brand": null, "access": null, "covered": null, "supervised": null, "note": null, "operator": null, "opening_hours": null }, "geometry": { "type": "Point", "coordinates": [ 139.769897500000013, 35.6971931 ] } },
{ "type": "Feature", "properties": { "osm_id": "node/7215839980", "name": "猿楽町SSビル西", "ref": "A2-19", "amenity": "bicycle_rental", "capacity": "9", "facility_type": "sharing", "fee": "yes", "brand": "Docomo Bike Share", "access": null, "covered": null, "supervised": null, "note": null, "operator": null, "opening_hours": null }, "geometry": { "type": "Point", "coordinates": [ 139.7592928, 35.6986568 ] } },
{ "type": "Feature", "properties": { "osm_id": "node/7422250253", "name": "二重橋前駅(メトロ4番出口)", "ref": "A4-11", "amenity": "bicycle_rental", "capacity": "5", "facility_type": "sharing", "fee": "yes", "brand": "Docomo Bike Share", "access": null, "covered": null, "supervised": null, "note": null, "operator": "千代田区", "opening_hours": null }, "geometry": { "type": "Point", "coordinates": [ 139.762112200000018, 35.6807247 ] } },
{ "type": "Feature", "properties": { "osm_id": "node/7422343635", "name": "日比谷パークフロント前　日比谷公園南面向い歩道上", "ref": "A5-04", "amenity": "bicycle_rental", "capacity": "11", "facility_type": "sharing", "fee": "yes", "brand": "Docomo Bike Share", "access": null, "covered": null, "supervised": null, "note": null, "operator": "千代田区", "opening_hours": null }, "geometry": { "type": "Point", "coordinates": [ 139.7539908, 35.6713776 ] } },
{ "type": "Feature", "properties": { "osm_id": "node/7422346961", "name": "番町会館", "ref": "A6-13", "amenity": "bicycle_rental", "capacity": "6", "facility_type": "sharing", "fee": "yes", "brand": "Docomo Bike Share", "access": null, "covered": null, "supervised": null, "note": null, "operator": "千代田区", "opening_hours": null }, "geometry": { "type": "Point", "coordinates": [ 139.733079800000013, 35.6891729 ] } },
{ "type": "Feature", "properties": { "osm_id": "node/7422375983", "name": "東急番町ビル", "ref": "A6-15", "amenity": "bicycle_rental", "capacity": "5", "facility_type": "sharing", "fee": "yes", "brand": "Docomo Bike Share", "access": null, "covered": null, "supervised": null, "note": null, "operator": "千代田区", "opening_hours": null }, "geometry": { "type": "Point", "coordinates": [ 139.7357567, 35.6889189 ] } },
{ "type": "Feature", "properties": { "osm_id": "node/7422396860", "name": "紀尾井町ビル（西側）", "ref": "A6-10", "amenity": "bicycle_rental", "capacity": null, "facility_type": "sharing", "fee": "yes", "brand": "Docomo Bike Share", "access": null, "covered": null, "supervised": null, "note": null, "operator": null, "opening_hours": null }, "geometry": { "type": "Point", "coordinates": [ 139.7364877, 35.6824043 ] } },
{ "type": "Feature", "properties": { "osm_id": "node/7422520430", "name": "セブン-イレブン 千代田三番町店", "ref": "A6-23", "amenity": "bicycle_rental", "capacity": "3", "facility_type": "sharing", "fee": "yes", "brand": "Docomo Bike Share", "access": null, "covered": null, "supervised": null, "note": null, "operator": "ちよくる", "opening_hours": null }, "geometry": { "type": "Point", "coordinates": [ 139.7453391, 35.6894549 ] } },
{ "type": "Feature", "properties": { "osm_id": "node/8807009244", "name": "神田児童公園（西側交番横）", "ref": "A3-01", "amenity": "bicycle_rental", "capacity": "7", "facility_type": "sharing", "fee": "yes", "brand": "Docomo Bike Share", "access": null, "covered": null, "supervised": null, "note": null, "operator": null, "opening_hours": null }, "geometry": { "type": "Point", "coordinates": [ 139.7676534, 35.6929685 ] } },
{ "type": "Feature", "properties": { "osm_id": "node/9177482643", "name": null, "ref": null, "amenity": "bicycle_parking", "capacity": null, "facility_type": "parking", "fee": null, "brand": null, "access": "private", "covered": null, "supervised": null, "note": null, "operator": null, "opening_hours": null }, "geometry": { "type": "Point", "coordinates": [ 139.7692624, 35.6943558 ] } },
{ "type": "Feature", "properties": { "osm_id": "node/9351569371", "name": null, "ref": null, "amenity": "bicycle_parking", "capacity": null, "facility_type": "parking", "fee": null, "brand": null, "access": null, "covered": null, "supervised": null, "note": null, "operator": null, "opening_hours": null }, "geometry": { "type": "Point", "coordinates": [ 139.770596500000011, 35.6906835 ] } },
{ "type": "Feature", "properties": { "osm_id": "node/9351569372", "name": null, "ref": null, "amenity": "bicycle_parking", "capacity": null, "facility_type": "parking", "fee": null, "brand": null, "access": null, "covered": null, "supervised": null, "note": null, "operator": null, "opening_hours": null }, "geometry": { "type": "Point", "coordinates": [ 139.770635200000015, 35.6906883 ] } },
{ "type": "Feature", "properties": { "osm_id": "node/10001468311", "name": null, "ref": null, "amenity": "bicycle_parking", "capacity": null, "facility_type": "parking", "fee": null, "brand": null, "access": null, "covered": null, "supervised": null, "note": null, "operator": null, "opening_hours": null }, "geometry": { "type": "Point", "coordinates": [ 139.769466500000021, 35.6865107 ] } },
{ "type": "Feature", "properties": { "osm_id": "node/10975908005", "name": null, "ref": null, "amenity": "bicycle_rental", "capacity": null, "facility_type": "sharing", "fee": null, "brand": null, "access": null, "covered": null, "supervised": null, "note": null, "operator": null, "opening_hours": null }, "geometry": { "type": "Point", "coordinates": [ 139.7695205, 35.6910768 ] } },
{ "type": "Feature", "properties": { "osm_id": "node/11040588484", "name": "イトーピア岩本町1丁目ビル", "ref": null, "amenity": "bicycle_rental", "capacity": "8", "facility_type": "sharing", "fee": "yes", "brand": "HELLO CYCLING", "access": null, "covered": null, "supervised": null, "note": null, "operator": null, "opening_hours": null }, "geometry": { "type": "Point", "coordinates": [ 139.7781669, 35.6923811 ] } },
{ "type": "Feature", "properties": { "osm_id": "node/11040588494", "name": "コインパーク平河町2丁目第2", "ref": null, "amenity": "bicycle_rental", "capacity": "5", "facility_type": "sharing", "fee": "yes", "brand": "HELLO CYCLING", "access": null, "covered": null, "supervised": null, "note": null, "operator": null, "opening_hours": null }, "geometry": { "type": "Point", "coordinates": [ 139.741794, 35.680885 ] } },
{ "type": "Feature", "properties": { "osm_id": "node/11040588707", "name": "NPC三崎町パーキング", "ref": null, "amenity": "bicycle_rental", "capacity": "3", "facility_type": "sharing", "fee": "yes", "brand": "HELLO CYCLING", "access": null, "covered": null, "supervised": null, "note": null, "operator": "OpenStreet", "opening_hours": null }, "geometry": { "type": "Point", "coordinates": [ 139.7512, 35.701476 ] } },
{ "type": "Feature", "properties": { "osm_id": "node/11328955216", "name": null, "ref": null, "amenity": "bicycle_parking", "capacity": null, "facility_type": "parking", "fee": null, "brand": null, "access": null, "covered": "no", "supervised": "no", "note": null, "operator": null, "opening_hours": null }, "geometry": { "type": "Point", "coordinates": [ 139.7604612, 35.6953338 ] } },
{ "type": "Feature", "properties": { "osm_id": "node/11425060957", "name": "半蔵門PREX South", "ref": "A6-22", "amenity": "bicycle_rental", "capacity": "11", "facility_type": "sharing", "fee": "yes", "brand": "Docomo Bike Share", "access": null, "covered": null, "supervised": null, "note": null, "operator": "ドコモ・バイクシェア", "opening_hours": null }, "geometry": { "type": "Point", "coordinates": [ 139.740718, 35.6834764 ] } },
{ "type": "Feature", "properties": { "osm_id": "node/11436156982", "name": "紀尾井町ビル（北側）", "ref": "A6-09", "amenity": "bicycle_rental", "capacity": "6", "facility_type": "sharing", "fee": "yes", "brand": "Docomo Bike Share", "access": null, "covered": null, "supervised": null, "note": null, "operator": null, "opening_hours": null }, "geometry": { "type": "Point", "coordinates": [ 139.736494, 35.682902 ] } },
{ "type": "Feature", "properties": { "osm_id": "node/11436156986", "name": "富士見出張所", "ref": "A1-05", "amenity": "bicycle_rental", "capacity": "9", "facility_type": "sharing", "fee": "yes", "brand": "Docomo Bike Share", "access": null, "covered": null, "supervised": null, "note": null, "operator": null, "opening_hours": null }, "geometry": { "type": "Point", "coordinates": [ 139.746348, 35.699187 ] } },
{ "type": "Feature", "properties": { "osm_id": "node/11436156989", "name": "ちよだプラットフォームスクウェア", "ref": "A2-04", "amenity": "bicycle_rental", "capacity": "9", "facility_type": "sharing", "fee": "yes", "brand": "ドコモ・バイクシェア", "access": null, "covered": null, "supervised": null, "note": null, "operator": "ドコモ・バイクシェア", "opening_hours": null }, "geometry": { "type": "Point", "coordinates": [ 139.7621, 35.6915 ] } },
{ "type": "Feature", "properties": { "osm_id": "node/11436156990", "name": "神田橋公園", "ref": "A2-05", "amenity": "bicycle_rental", "capacity": "3", "facility_type": "sharing", "fee": "yes", "brand": "Docomo Bike Share", "access": null, "covered": null, "supervised": null, "note": null, "operator": null, "opening_hours": null }, "geometry": { "type": "Point", "coordinates": [ 139.764091, 35.689665 ] } },
{ "type": "Feature", "properties": { "osm_id": "node/11436156992", "name": "東京区政会館（メトロA5出口）", "ref": "A1-03", "amenity": "bicycle_rental", "capacity": "7", "facility_type": "sharing", "fee": "yes", "brand": "Docomo Bike Share", "access": null, "covered": null, "supervised": null, "note": null, "operator": null, "opening_hours": null }, "geometry": { "type": "Point", "coordinates": [ 139.747525, 35.701073 ] } },
{ "type": "Feature", "properties": { "osm_id": "node/11436156993", "name": "二番町ガーデン", "ref": "A6-08", "amenity": "bicycle_rental", "capacity": "3", "facility_type": "sharing", "fee": "yes", "brand": "Docomo Bike Share", "access": null, "covered": null, "supervised": null, "note": null, "operator": null, "opening_hours": null }, "geometry": { "type": "Point", "coordinates": [ 139.734562, 35.685489 ] } },
{ "type": "Feature", "properties": { "osm_id": "node/11436157002", "name": "淡路公園", "ref": "A3-07", "amenity": "bicycle_rental", "capacity": "9", "facility_type": "sharing", "fee": "yes", "brand": "Docomo Bike Share", "access": null, "covered": null, "supervised": null, "note": null, "operator": null, "opening_hours": null }, "geometry": { "type": "Point", "coordinates": [ 139.767302, 35.696942 ] } },
{ "type": "Feature", "properties": { "osm_id": "node/11436157003", "name": "東京ガーデンテラス紀尾井町", "ref": "A6-11", "amenity": "bicycle_rental", "capacity": "23", "facility_type": "sharing", "fee": "yes", "brand": "Docomo Bike Share", "access": null, "covered": null, "supervised": null, "note": null, "operator": null, "opening_hours": null }, "geometry": { "type": "Point", "coordinates": [ 139.7364, 35.67962 ] } },
{ "type": "Feature", "properties": { "osm_id": "node/11436157004", "name": "大手町タワー", "ref": "A4-05", "amenity": "bicycle_rental", "capacity": "56", "facility_type": "sharing", "fee": "yes", "brand": "Docomo Bike Share", "access": null, "covered": null, "supervised": null, "note": null, "operator": null, "opening_hours": null }, "geometry": { "type": "Point", "coordinates": [ 139.764886, 35.685938 ] } },
{ "type": "Feature", "properties": { "osm_id": "node/11436157005", "name": "参議院第二別館（永田町駅2番出口）", "ref": "A5-03", "amenity": "bicycle_rental", "capacity": "15", "facility_type": "sharing", "fee": "yes", "brand": "Docomo Bike Share", "access": null, "covered": null, "supervised": null, "note": null, "operator": null, "opening_hours": null }, "geometry": { "type": "Point", "coordinates": [ 139.74271, 35.677763 ] } },
{ "type": "Feature", "properties": { "osm_id": "node/11436157006", "name": "東郷元帥記念公園（南側）", "ref": "A6-01", "amenity": "bicycle_rental", "capacity": "4", "facility_type": "sharing", "fee": "yes", "brand": "Docomo Bike Share", "access": null, "covered": null, "supervised": null, "note": null, "operator": null, "opening_hours": null }, "geometry": { "type": "Point", "coordinates": [ 139.740178, 35.689879 ] } },
{ "type": "Feature", "properties": { "osm_id": "node/11436157007", "name": "いきいきプラザ一番町（西側駐輪場）", "ref": "A6-02", "amenity": "bicycle_rental", "capacity": "7", "facility_type": "sharing", "fee": "yes", "brand": "Docomo Bike Share", "access": null, "covered": null, "supervised": null, "note": null, "operator": null, "opening_hours": null }, "geometry": { "type": "Point", "coordinates": [ 139.739327, 35.687031 ] } },
{ "type": "Feature", "properties": { "osm_id": "node/11436157008", "name": "東京サンケイビル", "ref": "A4-02", "amenity": "bicycle_rental", "capacity": "7", "facility_type": "sharing", "fee": "yes", "brand": "Docomo Bike Share", "access": null, "covered": null, "supervised": null, "note": null, "operator": null, "opening_hours": null }, "geometry": { "type": "Point", "coordinates": [ 139.765151, 35.686847 ] } },
{ "type": "Feature", "properties": { "osm_id": "node/11436157009", "name": "山王パークタワー", "ref": "A5-02", "amenity": "bicycle_rental", "capacity": "8", "facility_type": "sharing", "fee": "yes", "brand": "ドコモ・バイクシェア", "access": null, "covered": null, "supervised": null, "note": null, "operator": "ドコモ・バイクシェア", "opening_hours": null }, "geometry": { "type": "Point", "coordinates": [ 139.7395362, 35.6737236 ] } },
{ "type": "Feature", "properties": { "osm_id": "node/11436157010", "name": "丸ビル（南側駐輪場）", "ref": "A4-01", "amenity": "bicycle_rental", "capacity": "12", "facility_type": "sharing", "fee": "yes", "brand": "ドコモ・バイクシェア", "access": null, "covered": null, "supervised": null, "note": null, "operator": "ドコモ・バイクシェア", "opening_hours": null }, "geometry": { "type": "Point", "coordinates": [ 139.764002, 35.680514 ] } },
{ "type": "Feature", "properties": { "osm_id": "node/11436157011", "name": "東京国際フォーラム（メトロD5出口）", "ref": "A4-03", "amenity": "bicycle_rental", "capacity": "5", "facility_type": "sharing", "fee": "yes", "brand": "ドコモ・バイクシェア", "access": null, "covered": null, "supervised": null, "note": null, "operator": "ドコモ・バイクシェア", "opening_hours": null }, "geometry": { "type": "Point", "coordinates": [ 139.763329, 35.675843 ] } },
{ "type": "Feature", "properties": { "osm_id": "node/11436157022", "name": "鍛冶町2丁目", "ref": "A3-45", "amenity": "bicycle_rental", "capacity": "17", "facility_type": "sharing", "fee": "yes", "brand": "Docomo Bike Share", "access": null, "covered": null, "supervised": null, "note": null, "operator": null, "opening_hours": null }, "geometry": { "type": "Point", "coordinates": [ 139.77138, 35.691578 ] } },
{ "type": "Feature", "properties": { "osm_id": "node/11436157023", "name": "神田須田町2丁目", "ref": "A3-46", "amenity": "bicycle_rental", "capacity": "2", "facility_type": "sharing", "fee": "yes", "brand": "ドコモ・バイクシェア", "access": null, "covered": null, "supervised": null, "note": null, "operator": "ドコモ・バイクシェア", "opening_hours": null }, "geometry": { "type": "Point", "coordinates": [ 139.772972, 35.695457 ] } },
{ "type": "Feature", "properties": { "osm_id": "node/11436157031", "name": "雉子橋集積所", "ref": "A1-17", "amenity": "bicycle_rental", "capacity": "6", "facility_type": "sharing", "fee": "yes", "brand": "Docomo Bike Share", "access": null, "covered": null, "supervised": null, "note": null, "operator": null, "opening_hours": null }, "geometry": { "type": "Point", "coordinates": [ 139.755763200000018, 35.6926366 ] } },
{ "type": "Feature", "properties": { "osm_id": "node/11436157034", "name": "相互半蔵門ビル", "ref": "A6-26", "amenity": "bicycle_rental", "capacity": "11", "facility_type": "sharing", "fee": "yes", "brand": "Docomo Bike Share", "access": null, "covered": null, "supervised": null, "note": null, "operator": null, "opening_hours": null }, "geometry": { "type": "Point", "coordinates": [ 139.743189, 35.683378 ] } },
{ "type": "Feature", "properties": { "osm_id": "node/11436157047", "name": "九段会館テラス", "ref": "A1-19", "amenity": "bicycle_rental", "capacity": "5", "facility_type": "sharing", "fee": "yes", "brand": "Docomo Bike Share", "access": null, "covered": null, "supervised": null, "note": null, "operator": null, "opening_hours": null }, "geometry": { "type": "Point", "coordinates": [ 139.751801, 35.694065 ] } },
{ "type": "Feature", "properties": { "osm_id": "node/11436157048", "name": "麹町仮住宅", "ref": "A6-25", "amenity": "bicycle_rental", "capacity": "3", "facility_type": "sharing", "fee": "yes", "brand": "Docomo Bike Share", "access": null, "covered": null, "supervised": null, "note": null, "operator": null, "opening_hours": null }, "geometry": { "type": "Point", "coordinates": [ 139.74019, 35.679192 ] } },
{ "type": "Feature", "properties": { "osm_id": "node/11436157056", "name": "THE WAVES AKIHABARA", "ref": "A3-44", "amenity": "bicycle_rental", "capacity": "3", "facility_type": "sharing", "fee": "yes", "brand": "Docomo Bike Share", "access": null, "covered": null, "supervised": null, "note": null, "operator": "ドコモ・バイクシェア", "opening_hours": null }, "geometry": { "type": "Point", "coordinates": [ 139.779504, 35.694679 ] } },
{ "type": "Feature", "properties": { "osm_id": "node/11436157068", "name": "水道橋駅西口前", "ref": "A2-24", "amenity": "bicycle_rental", "capacity": "5", "facility_type": "sharing", "fee": "yes", "brand": "Docomo Bike Share", "access": null, "covered": null, "supervised": null, "note": null, "operator": "ドコモ・バイクシェア", "opening_hours": null }, "geometry": { "type": "Point", "coordinates": [ 139.752619, 35.702271 ] } },
{ "type": "Feature", "properties": { "osm_id": "node/11436157084", "name": "unito CHIYODA", "ref": "A3-43", "amenity": "bicycle_rental", "capacity": "3", "facility_type": "sharing", "fee": "yes", "brand": "Docomo Bike Share", "access": null, "covered": null, "supervised": null, "note": null, "operator": "ドコモ・バイクシェア", "opening_hours": null }, "geometry": { "type": "Point", "coordinates": [ 139.77929, 35.69474 ] } },
{ "type": "Feature", "properties": { "osm_id": "node/11436157087", "name": "東京区政会館別館(特別区研修所)", "ref": "A1-18", "amenity": "bicycle_rental", "capacity": "4", "facility_type": "sharing", "fee": "yes", "brand": "ドコモ・バイクシェア", "access": null, "covered": null, "supervised": null, "note": null, "operator": "ドコモ・バイクシェア", "opening_hours": null }, "geometry": { "type": "Point", "coordinates": [ 139.752351, 35.696202 ] } },
{ "type": "Feature", "properties": { "osm_id": "node/11436157093", "name": "神田神保町3丁目", "ref": "A2-21", "amenity": "bicycle_rental", "capacity": "8", "facility_type": "sharing", "fee": "yes", "brand": "Docomo Bike Share", "access": null, "covered": null, "supervised": null, "note": null, "operator": null, "opening_hours": null }, "geometry": { "type": "Point", "coordinates": [ 139.754434, 35.694578 ] } },
{ "type": "Feature", "properties": { "osm_id": "node/11436157094", "name": "国立劇場", "ref": "A6-24", "amenity": "bicycle_rental", "capacity": "15", "facility_type": "sharing", "fee": "yes", "brand": "Docomo Bike Share", "access": null, "covered": null, "supervised": null, "note": null, "operator": null, "opening_hours": null }, "geometry": { "type": "Point", "coordinates": [ 139.743292, 35.682218 ] } },
{ "type": "Feature", "properties": { "osm_id": "node/11436157117", "name": "NTTコミュニケーションズ一ツ橋ビル駐車場", "ref": "A2-28", "amenity": "bicycle_rental", "capacity": "11", "facility_type": "sharing", "fee": "yes", "brand": "Docomo Bike Share", "access": null, "covered": null, "supervised": null, "note": null, "operator": null, "opening_hours": null }, "geometry": { "type": "Point", "coordinates": [ 139.75685, 35.6915 ] } },
{ "type": "Feature", "properties": { "osm_id": "node/11436157119", "name": "axle御茶ノ水", "ref": "A2-23", "amenity": "bicycle_rental", "capacity": "7", "facility_type": "sharing", "fee": "yes", "brand": "Docomo Bike Share", "access": null, "covered": null, "supervised": null, "note": null, "operator": null, "opening_hours": null }, "geometry": { "type": "Point", "coordinates": [ 139.763297, 35.696126 ] } },
{ "type": "Feature", "properties": { "osm_id": "node/11436157128", "name": "秋葉原ダイビル", "ref": "A3-41", "amenity": "bicycle_rental", "capacity": "15", "facility_type": "sharing", "fee": "yes", "brand": "ドコモ・バイクシェア", "access": null, "covered": null, "supervised": null, "note": null, "operator": "ドコモ・バイクシェア", "opening_hours": null }, "geometry": { "type": "Point", "coordinates": [ 139.771856, 35.698917 ] } },
{ "type": "Feature", "properties": { "osm_id": "node/11436157133", "name": "アーバンネット大手町ビル", "ref": "A4-13", "amenity": "bicycle_rental", "capacity": "7", "facility_type": "sharing", "fee": "yes", "brand": "Docomo Bike Share", "access": null, "covered": null, "supervised": null, "note": null, "operator": null, "opening_hours": null }, "geometry": { "type": "Point", "coordinates": [ 139.766929, 35.68557 ] } },
{ "type": "Feature", "properties": { "osm_id": "node/11436157136", "name": "日本工営ビル", "ref": "A6-21", "amenity": "bicycle_rental", "capacity": "5", "facility_type": "sharing", "fee": "yes", "brand": "Docomo Bike Share", "access": null, "covered": null, "supervised": null, "note": null, "operator": null, "opening_hours": null }, "geometry": { "type": "Point", "coordinates": [ 139.734442, 35.684584 ] } },
{ "type": "Feature", "properties": { "osm_id": "node/11436157140", "name": "内神田3丁目", "ref": "A3-42", "amenity": "bicycle_rental", "capacity": "47", "facility_type": "sharing", "fee": "yes", "brand": "ドコモ・バイクシェア", "access": null, "covered": null, "supervised": null, "note": null, "operator": "ドコモ・バイクシェア", "opening_hours": null }, "geometry": { "type": "Point", "coordinates": [ 139.770109, 35.692599 ] } },
{ "type": "Feature", "properties": { "osm_id": "node/11436157145", "name": "神田スクエア", "ref": "A2-20", "amenity": "bicycle_rental", "capacity": "17", "facility_type": "sharing", "fee": "yes", "brand": "ドコモ・バイクシェア", "access": null, "covered": null, "supervised": null, "note": null, "operator": "ドコモ・バイクシェア", "opening_hours": null }, "geometry": { "type": "Point", "coordinates": [ 139.762809, 35.693408 ] } },
{ "type": "Feature", "properties": { "osm_id": "node/11436157171", "name": "富国生命ビル", "ref": "A5-07", "amenity": "bicycle_rental", "capacity": "8", "facility_type": "sharing", "fee": "yes", "brand": "ドコモ・バイクシェア", "access": null, "covered": null, "supervised": null, "note": null, "operator": "ドコモ・バイクシェア", "opening_hours": null }, "geometry": { "type": "Point", "coordinates": [ 139.75557, 35.670452 ] } },
{ "type": "Feature", "properties": { "osm_id": "node/11436157193", "name": "猿楽町SSビル東", "ref": "A2-18", "amenity": "bicycle_rental", "capacity": "7", "facility_type": "sharing", "fee": "yes", "brand": "Docomo Bike Share", "access": null, "covered": null, "supervised": null, "note": null, "operator": null, "opening_hours": null }, "geometry": { "type": "Point", "coordinates": [ 139.759762, 35.698654 ] } },
{ "type": "Feature", "properties": { "osm_id": "node/11436157214", "name": "富士見みらい館", "ref": "A1-15", "amenity": "bicycle_rental", "capacity": "4", "facility_type": "sharing", "fee": "yes", "brand": "Docomo Bike Share", "access": null, "covered": null, "supervised": null, "note": null, "operator": "ドコモ・バイクシェア", "opening_hours": null }, "geometry": { "type": "Point", "coordinates": [ 139.745629, 35.697167 ] } },
{ "type": "Feature", "properties": { "osm_id": "node/11436157226", "name": "竹橋ビル", "ref": "A2-17", "amenity": "bicycle_rental", "capacity": "8", "facility_type": "sharing", "fee": "yes", "brand": "Docomo Bike Share", "access": null, "covered": null, "supervised": null, "note": null, "operator": null, "opening_hours": null }, "geometry": { "type": "Point", "coordinates": [ 139.75639, 35.692396 ] } },
{ "type": "Feature", "properties": { "osm_id": "node/11436157246", "name": "紀尾井町PREX", "ref": "A6-20", "amenity": "bicycle_rental", "capacity": "7", "facility_type": "sharing", "fee": "yes", "brand": "Docomo Bike Share", "access": null, "covered": null, "supervised": null, "note": null, "operator": null, "opening_hours": null }, "geometry": { "type": "Point", "coordinates": [ 139.736936, 35.68369 ] } },
{ "type": "Feature", "properties": { "osm_id": "node/11436157249", "name": "APA HOTEL PRIDE 赤坂国会議事堂前", "ref": "A5-06", "amenity": "bicycle_rental", "capacity": "10", "facility_type": "sharing", "fee": "yes", "brand": "ドコモ・バイクシェア", "access": null, "covered": null, "supervised": null, "note": null, "operator": "ドコモ・バイクシェア", "opening_hours": null }, "geometry": { "type": "Point", "coordinates": [ 139.741328, 35.674468 ] } },
{ "type": "Feature", "properties": { "osm_id": "node/11436157272", "name": "専修大学", "ref": "A2-22", "amenity": "bicycle_rental", "capacity": "6", "facility_type": "sharing", "fee": "yes", "brand": "Docomo Bike Share", "access": null, "covered": null, "supervised": null, "note": null, "operator": null, "opening_hours": null }, "geometry": { "type": "Point", "coordinates": [ 139.753709, 35.696147 ] } },
{ "type": "Feature", "properties": { "osm_id": "node/11436157273", "name": "番町麹町ビルディング", "ref": "A6-19", "amenity": "bicycle_rental", "capacity": "13", "facility_type": "sharing", "fee": "yes", "brand": "Docomo Bike Share", "access": null, "covered": null, "supervised": null, "note": null, "operator": null, "opening_hours": null }, "geometry": { "type": "Point", "coordinates": [ 139.732078, 35.685578 ] } },
{ "type": "Feature", "properties": { "osm_id": "node/11436157275", "name": "パークホームズ千代田淡路町", "ref": "A3-38", "amenity": "bicycle_rental", "capacity": "4", "facility_type": "sharing", "fee": "yes", "brand": "ドコモ・バイクシェア", "access": null, "covered": null, "supervised": null, "note": null, "operator": "ドコモ・バイクシェア", "opening_hours": null }, "geometry": { "type": "Point", "coordinates": [ 139.7694501, 35.6949697 ] } },
{ "type": "Feature", "properties": { "osm_id": "node/11436157302", "name": "トーシン東神田ビル", "ref": "A3-39", "amenity": "bicycle_rental", "capacity": "3", "facility_type": "sharing", "fee": "yes", "brand": "ドコモ・バイクシェア", "access": null, "covered": null, "supervised": null, "note": null, "operator": "ドコモ・バイクシェア", "opening_hours": null }, "geometry": { "type": "Point", "coordinates": [ 139.780333, 35.694834 ] } },
{ "type": "Feature", "properties": { "osm_id": "node/11436157304", "name": "MG市ヶ谷ビルディング", "ref": "A6-14", "amenity": "bicycle_rental", "capacity": "4", "facility_type": "sharing", "fee": "yes", "brand": "Docomo Bike Share", "access": null, "covered": null, "supervised": null, "note": null, "operator": "ドコモ・バイクシェア", "opening_hours": null }, "geometry": { "type": "Point", "coordinates": [ 139.736393, 35.690861 ] } },
{ "type": "Feature", "properties": { "osm_id": "node/11436157323", "name": "東京ガーデンテラス紀尾井町（プリンス通り側）", "ref": "A6-17", "amenity": "bicycle_rental", "capacity": "10", "facility_type": "sharing", "fee": "yes", "brand": "Docomo Bike Share", "access": null, "covered": null, "supervised": null, "note": null, "operator": null, "opening_hours": null }, "geometry": { "type": "Point", "coordinates": [ 139.738203, 35.680431 ] } },
{ "type": "Feature", "properties": { "osm_id": "node/11436157334", "name": "ポータル秋葉原", "ref": "A3-37", "amenity": "bicycle_rental", "capacity": "12", "facility_type": "sharing", "fee": "yes", "brand": "ドコモ・バイクシェア", "access": null, "covered": null, "supervised": null, "note": null, "operator": "ドコモ・バイクシェア", "opening_hours": null }, "geometry": { "type": "Point", "coordinates": [ 139.78162, 35.695737 ] } },
{ "type": "Feature", "properties": { "osm_id": "node/11436157335", "name": "一番町第二TGビル", "ref": "A6-16", "amenity": "bicycle_rental", "capacity": "5", "facility_type": "sharing", "fee": "yes", "brand": "Docomo Bike Share", "access": null, "covered": null, "supervised": null, "note": null, "operator": null, "opening_hours": null }, "geometry": { "type": "Point", "coordinates": [ 139.744321, 35.688351 ] } },
{ "type": "Feature", "properties": { "osm_id": "node/11436157394", "name": "東京国際フォーラム（有楽町駅ガード側）", "ref": "A4-14", "amenity": "bicycle_rental", "capacity": "2", "facility_type": "sharing", "fee": "yes", "brand": "ドコモ・バイクシェア", "access": null, "covered": null, "supervised": null, "note": null, "operator": "ドコモ・バイクシェア", "opening_hours": null }, "geometry": { "type": "Point", "coordinates": [ 139.763712, 35.675739 ] } },
{ "type": "Feature", "properties": { "osm_id": "node/11436157525", "name": "プラウド神田駿河台", "ref": "A2-25", "amenity": "bicycle_rental", "capacity": "13", "facility_type": "sharing", "fee": "yes", "brand": "Docomo Bike Share", "access": null, "covered": null, "supervised": null, "note": null, "operator": null, "opening_hours": null }, "geometry": { "type": "Point", "coordinates": [ 139.76091, 35.698991 ] } },
{ "type": "Feature", "properties": { "osm_id": "node/11436157553", "name": "北の丸スクエア", "ref": "A1-12", "amenity": "bicycle_rental", "capacity": "8", "facility_type": "sharing", "fee": "yes", "brand": "Docomo Bike Share", "access": null, "covered": null, "supervised": null, "note": null, "operator": null, "opening_hours": null }, "geometry": { "type": "Point", "coordinates": [ 139.750213, 35.695515 ] } },
{ "type": "Feature", "properties": { "osm_id": "node/11436157557", "name": "神田ふれあい通り第２", "ref": "A3-20", "amenity": "bicycle_rental", "capacity": "5", "facility_type": "sharing", "fee": "yes", "brand": "ドコモ・バイクシェア", "access": null, "covered": null, "supervised": null, "note": null, "operator": "ドコモ・バイクシェア", "opening_hours": null }, "geometry": { "type": "Point", "coordinates": [ 139.772747, 35.695005 ] } },
{ "type": "Feature", "properties": { "osm_id": "node/11436157558", "name": "神田ふれあい通り第３", "ref": "A3-21", "amenity": "bicycle_rental", "capacity": "13", "facility_type": "sharing", "fee": "yes", "brand": "ドコモ・バイクシェア", "access": null, "covered": null, "supervised": null, "note": null, "operator": "ドコモ・バイクシェア", "opening_hours": null }, "geometry": { "type": "Point", "coordinates": [ 139.772832, 35.695176 ] } },
{ "type": "Feature", "properties": { "osm_id": "node/11436157559", "name": "龍閑児童公園", "ref": "A3-22", "amenity": "bicycle_rental", "capacity": "4", "facility_type": "sharing", "fee": "yes", "brand": "ドコモ・バイクシェア", "access": null, "covered": null, "supervised": null, "note": null, "operator": "ドコモ・バイクシェア", "opening_hours": null }, "geometry": { "type": "Point", "coordinates": [ 139.779702, 35.693234 ] } },
{ "type": "Feature", "properties": { "osm_id": "node/11436157562", "name": "大手町ファーストスクエア", "ref": "A4-06", "amenity": "bicycle_rental", "capacity": "9", "facility_type": "sharing", "fee": "yes", "brand": "Docomo Bike Share", "access": null, "covered": null, "supervised": null, "note": null, "operator": null, "opening_hours": null }, "geometry": { "type": "Point", "coordinates": [ 139.764472, 35.686037 ] } },
{ "type": "Feature", "properties": { "osm_id": "node/11436157569", "name": "ヒューリック九段ビル", "ref": "A1-10", "amenity": "bicycle_rental", "capacity": "5", "facility_type": "sharing", "fee": "yes", "brand": "Docomo Bike Share", "access": null, "covered": null, "supervised": null, "note": null, "operator": null, "opening_hours": null }, "geometry": { "type": "Point", "coordinates": [ 139.750784, 35.696449 ] } },
{ "type": "Feature", "properties": { "osm_id": "node/11436157573", "name": "地蔵橋東児童遊園", "ref": "A3-16", "amenity": "bicycle_rental", "capacity": "6", "facility_type": "sharing", "fee": "yes", "brand": "Docomo Bike Share", "access": null, "covered": null, "supervised": null, "note": null, "operator": null, "opening_hours": "24/7" }, "geometry": { "type": "Point", "coordinates": [ 139.775376, 35.691069 ] } },
{ "type": "Feature", "properties": { "osm_id": "node/11436157574", "name": "美倉橋北児童遊園", "ref": "A3-18", "amenity": "bicycle_rental", "capacity": "14", "facility_type": "sharing", "fee": "yes", "brand": "ドコモ・バイクシェア", "access": null, "covered": null, "supervised": null, "note": null, "operator": "ドコモ・バイクシェア", "opening_hours": null }, "geometry": { "type": "Point", "coordinates": [ 139.779928, 35.69703 ] } },
{ "type": "Feature", "properties": { "osm_id": "node/11436157578", "name": "永代通り（大手町駅B2c出口前）", "ref": "A4-08", "amenity": "bicycle_rental", "capacity": "23", "facility_type": "sharing", "fee": "yes", "brand": "Docomo Bike Share", "access": null, "covered": null, "supervised": null, "note": null, "operator": null, "opening_hours": null }, "geometry": { "type": "Point", "coordinates": [ 139.766958, 35.684349 ] } },
{ "type": "Feature", "properties": { "osm_id": "node/11436157594", "name": "岩本町ほほえみプラザ", "ref": "A3-24", "amenity": "bicycle_rental", "capacity": "5", "facility_type": "sharing", "fee": "yes", "brand": "Docomo Bike Share", "access": null, "covered": null, "supervised": null, "note": null, "operator": null, "opening_hours": null }, "geometry": { "type": "Point", "coordinates": [ 139.777715, 35.69441 ] } },
{ "type": "Feature", "properties": { "osm_id": "node/11484518957", "name": "本間屋ビル", "ref": null, "amenity": "bicycle_rental", "capacity": "2", "facility_type": "sharing", "fee": "yes", "brand": "HELLO CYCLING", "access": null, "covered": null, "supervised": null, "note": null, "operator": "OpenStreet", "opening_hours": null }, "geometry": { "type": "Point", "coordinates": [ 139.776207, 35.7003867 ] } },
{ "type": "Feature", "properties": { "osm_id": "node/11840230847", "name": "菱和パレス九段", "ref": "A1-20", "amenity": "bicycle_rental", "capacity": "5", "facility_type": "sharing", "fee": "yes", "brand": "Docomo Bike Share", "access": null, "covered": null, "supervised": null, "note": null, "operator": null, "opening_hours": null }, "geometry": { "type": "Point", "coordinates": [ 139.740317, 35.693021 ] } },
{ "type": "Feature", "properties": { "osm_id": "node/11840230848", "name": "ホテルヴィラフォンテーヌ東京大手町", "ref": "A3-47", "amenity": "bicycle_rental", "capacity": "11", "facility_type": "sharing", "fee": "yes", "brand": "Docomo Bike Share", "access": null, "covered": null, "supervised": null, "note": null, "operator": null, "opening_hours": null }, "geometry": { "type": "Point", "coordinates": [ 139.766916, 35.690602 ] } },
{ "type": "Feature", "properties": { "osm_id": "node/11840479723", "name": "丸紅ビル", "ref": "A2-27", "amenity": "bicycle_rental", "capacity": "28", "facility_type": "sharing", "fee": "yes", "brand": "ドコモ・バイクシェア", "access": null, "covered": null, "supervised": null, "note": null, "operator": "ドコモ・バイクシェア", "opening_hours": null }, "geometry": { "type": "Point", "coordinates": [ 139.759876, 35.690958 ] } },
{ "type": "Feature", "properties": { "osm_id": "node/11846161436", "name": "神田三崎町（水道橋駅前）", "ref": null, "amenity": "bicycle_rental", "capacity": "40", "facility_type": "sharing", "fee": "yes", "brand": "HELLO CYCLING", "access": null, "covered": null, "supervised": null, "note": null, "operator": "OpenStreet", "opening_hours": null }, "geometry": { "type": "Point", "coordinates": [ 139.7552092, 35.7010806 ] } },
{ "type": "Feature", "properties": { "osm_id": "node/11869324013", "name": "大手町高架下自転車駐車場", "ref": null, "amenity": "bicycle_parking", "capacity": "70", "facility_type": "parking", "fee": "yes", "brand": null, "access": "yes", "covered": null, "supervised": null, "note": null, "operator": "サイカパーキング", "opening_hours": null }, "geometry": { "type": "Point", "coordinates": [ 139.768342500000017, 35.6847322 ] } },
{ "type": "Feature", "properties": { "osm_id": "node/12089239317", "name": "LUUP", "ref": null, "amenity": "bicycle_rental", "capacity": "8", "facility_type": "sharing", "fee": null, "brand": "LUUP", "access": null, "covered": null, "supervised": null, "note": null, "operator": "Luup", "opening_hours": null }, "geometry": { "type": "Point", "coordinates": [ 139.7666945, 35.6908631 ] } },
{ "type": "Feature", "properties": { "osm_id": "node/12112049225", "name": null, "ref": null, "amenity": "bicycle_parking", "capacity": null, "facility_type": "parking", "fee": null, "brand": null, "access": "private", "covered": null, "supervised": null, "note": null, "operator": null, "opening_hours": null }, "geometry": { "type": "Point", "coordinates": [ 139.7551268, 35.6886599 ] } },
{ "type": "Feature", "properties": { "osm_id": "node/12131141495", "name": null, "ref": null, "amenity": "bicycle_parking", "capacity": "22", "facility_type": "parking", "fee": null, "brand": null, "access": null, "covered": null, "supervised": null, "note": null, "operator": "Cyca Smart Park", "opening_hours": null }, "geometry": { "type": "Point", "coordinates": [ 139.774402800000018, 35.6991704 ] } },
{ "type": "Feature", "properties": { "osm_id": "node/12298788564", "name": "アデックス一番町", "ref": null, "amenity": "bicycle_rental", "capacity": "2", "facility_type": "sharing", "fee": "yes", "brand": "HELLO CYCLING", "access": null, "covered": null, "supervised": null, "note": null, "operator": "OpenStreet", "opening_hours": null }, "geometry": { "type": "Point", "coordinates": [ 139.74009, 35.688642 ] } },
{ "type": "Feature", "properties": { "osm_id": "node/12298788688", "name": "神田駿河台下（神保町駅付近）", "ref": null, "amenity": "bicycle_rental", "capacity": "10", "facility_type": "sharing", "fee": "yes", "brand": "HELLO CYCLING", "access": null, "covered": null, "supervised": null, "note": null, "operator": "OpenStreet", "opening_hours": null }, "geometry": { "type": "Point", "coordinates": [ 139.761575100000016, 35.6957976 ] } },
{ "type": "Feature", "properties": { "osm_id": "node/12298788784", "name": "末広町駅東", "ref": null, "amenity": "bicycle_rental", "capacity": "24", "facility_type": "sharing", "fee": "yes", "brand": "HELLO CYCLING", "access": null, "covered": null, "supervised": null, "note": null, "operator": "OpenStreet", "opening_hours": null }, "geometry": { "type": "Point", "coordinates": [ 139.772822600000012, 35.7031956 ] } },
{ "type": "Feature", "properties": { "osm_id": "node/12298788785", "name": "大栄パーク東神田", "ref": null, "amenity": "bicycle_rental", "capacity": "3", "facility_type": "sharing", "fee": "yes", "brand": "HELLO CYCLING", "access": null, "covered": null, "supervised": null, "note": null, "operator": "OpenStreet", "opening_hours": null }, "geometry": { "type": "Point", "coordinates": [ 139.779298, 35.694316 ] } },
{ "type": "Feature", "properties": { "osm_id": "node/12477719261", "name": "NPC24H二番町日本テレビ通り", "ref": null, "amenity": "bicycle_rental", "capacity": "13", "facility_type": "sharing", "fee": "yes", "brand": "HELLO CYCLING", "access": null, "covered": null, "supervised": null, "note": null, "operator": "OpenStreet", "opening_hours": null }, "geometry": { "type": "Point", "coordinates": [ 139.736685, 35.686401 ] } },
{ "type": "Feature", "properties": { "osm_id": "node/12500042732", "name": "mirio神保町", "ref": "A2-29", "amenity": "bicycle_rental", "capacity": "4", "facility_type": "sharing", "fee": "yes", "brand": "Docomo Bike Share", "access": null, "covered": null, "supervised": null, "note": null, "operator": null, "opening_hours": null }, "geometry": { "type": "Point", "coordinates": [ 139.758828, 35.697131 ] } },
{ "type": "Feature", "properties": { "osm_id": "node/12500042735", "name": "VORT秋葉原Ｖ", "ref": "A3-48", "amenity": "bicycle_rental", "capacity": "5", "facility_type": "sharing", "fee": "yes", "brand": "Docomo Bike Share", "access": null, "covered": null, "supervised": null, "note": null, "operator": null, "opening_hours": null }, "geometry": { "type": "Point", "coordinates": [ 139.777521, 35.696066 ] } },
{ "type": "Feature", "properties": { "osm_id": "node/12500042738", "name": "東京しごとセンター", "ref": "A1-21", "amenity": "bicycle_rental", "capacity": "8", "facility_type": "sharing", "fee": "yes", "brand": "Docomo Bike Share", "access": null, "covered": null, "supervised": null, "note": null, "operator": null, "opening_hours": null }, "geometry": { "type": "Point", "coordinates": [ 139.749825, 35.699885 ] } },
{ "type": "Feature", "properties": { "osm_id": "node/12761783791", "name": null, "ref": null, "amenity": "bicycle_rental", "capacity": null, "facility_type": "sharing", "fee": null, "brand": null, "access": null, "covered": null, "supervised": null, "note": null, "operator": null, "opening_hours": null }, "geometry": { "type": "Point", "coordinates": [ 139.760809600000016, 35.6988802 ] } },
{ "type": "Feature", "properties": { "osm_id": "node/13045625725", "name": null, "ref": null, "amenity": "bicycle_parking", "capacity": null, "facility_type": "parking", "fee": null, "brand": null, "access": null, "covered": "yes", "supervised": null, "note": null, "operator": null, "opening_hours": null }, "geometry": { "type": "Point", "coordinates": [ 139.7755066, 35.6982348 ] } },
{ "type": "Feature", "properties": { "osm_id": "node/13190051848", "name": "飯田橋駅東口第2自転車駐車場", "ref": null, "amenity": "bicycle_rental", "capacity": "4", "facility_type": "sharing", "fee": "yes", "brand": "HELLO CYCLING", "access": null, "covered": null, "supervised": null, "note": null, "operator": "OpenStreet", "opening_hours": null }, "geometry": { "type": "Point", "coordinates": [ 139.745695400000017, 35.7025753 ] } },
{ "type": "Feature", "properties": { "osm_id": "node/13190051887", "name": "菱和パレス秋葉原駅前", "ref": null, "amenity": "bicycle_rental", "capacity": "6", "facility_type": "sharing", "fee": "yes", "brand": "HELLO CYCLING", "access": null, "covered": null, "supervised": null, "note": null, "operator": "OpenStreet", "opening_hours": null }, "geometry": { "type": "Point", "coordinates": [ 139.776973, 35.7000528 ] } },
{ "type": "Feature", "properties": { "osm_id": "node/13192290112", "name": "ISM御茶ノ水", "ref": "A3-52", "amenity": "bicycle_rental", "capacity": "2", "facility_type": "sharing", "fee": "yes", "brand": "Docomo Bike Share", "access": null, "covered": null, "supervised": null, "note": null, "operator": null, "opening_hours": null }, "geometry": { "type": "Point", "coordinates": [ 139.768581, 35.702304 ] } },
{ "type": "Feature", "properties": { "osm_id": "node/13192290116", "name": "リパーク神田東松下町第２", "ref": "A3-53", "amenity": "bicycle_rental", "capacity": "32", "facility_type": "sharing", "fee": "yes", "brand": "Docomo Bike Share", "access": null, "covered": null, "supervised": null, "note": null, "operator": null, "opening_hours": null }, "geometry": { "type": "Point", "coordinates": [ 139.77433, 35.694623 ] } },
{ "type": "Feature", "properties": { "osm_id": "node/13192290146", "name": "VORT内神田", "ref": "A3-51", "amenity": "bicycle_rental", "capacity": "4", "facility_type": "sharing", "fee": "yes", "brand": "Docomo Bike Share", "access": null, "covered": null, "supervised": null, "note": null, "operator": null, "opening_hours": null }, "geometry": { "type": "Point", "coordinates": [ 139.76919, 35.69218 ] } },
{ "type": "Feature", "properties": { "osm_id": "node/13192291747", "name": "プルータスビル1", "ref": "A3-49", "amenity": "bicycle_rental", "capacity": "7", "facility_type": "sharing", "fee": "yes", "brand": "Docomo Bike Share", "access": null, "covered": null, "supervised": null, "note": null, "operator": null, "opening_hours": null }, "geometry": { "type": "Point", "coordinates": [ 139.776471, 35.696711 ] } },
{ "type": "Feature", "properties": { "osm_id": "node/13192291767", "name": "VORT 水道橋Ⅲ", "ref": "A2-30", "amenity": "bicycle_rental", "capacity": "2", "facility_type": "sharing", "fee": "yes", "brand": "Docomo Bike Share", "access": null, "covered": null, "supervised": null, "note": null, "operator": null, "opening_hours": null }, "geometry": { "type": "Point", "coordinates": [ 139.757391, 35.700685 ] } },
{ "type": "Feature", "properties": { "osm_id": "node/13469653933", "name": null, "ref": null, "amenity": "bicycle_parking", "capacity": "6", "facility_type": "parking", "fee": "no", "brand": null, "access": "yes", "covered": "no", "supervised": null, "note": null, "operator": null, "opening_hours": null }, "geometry": { "type": "Point", "coordinates": [ 139.7485825, 35.7016166 ] } },
{ "type": "Feature", "properties": { "osm_id": "node/13722933445", "name": "プライム東神田", "ref": null, "amenity": "bicycle_rental", "capacity": "9", "facility_type": "sharing", "fee": "yes", "brand": "HELLO CYCLING", "access": null, "covered": null, "supervised": null, "note": null, "operator": null, "opening_hours": null }, "geometry": { "type": "Point", "coordinates": [ 139.778961900000013, 35.694905 ] } },
{ "type": "Feature", "properties": { "osm_id": "node/13722933568", "name": "神田猿楽町1丁目", "ref": null, "amenity": "bicycle_rental", "capacity": "30", "facility_type": "sharing", "fee": "yes", "brand": "HELLO CYCLING", "access": null, "covered": null, "supervised": null, "note": null, "operator": null, "opening_hours": null }, "geometry": { "type": "Point", "coordinates": [ 139.759312, 35.6979048 ] } },
{ "type": "Feature", "properties": { "osm_id": "node/13722933627", "name": "和泉公園", "ref": null, "amenity": "bicycle_rental", "capacity": "5", "facility_type": "sharing", "fee": "yes", "brand": "HELLO CYCLING", "access": null, "covered": null, "supervised": null, "note": null, "operator": null, "opening_hours": null }, "geometry": { "type": "Point", "coordinates": [ 139.7793555, 35.6987914 ] } },
{ "type": "Feature", "properties": { "osm_id": "node/13726767848", "name": "ちよだプラットフォームスクウェア（道路側）", "ref": "A2-31", "amenity": "bicycle_rental", "capacity": "11", "facility_type": "sharing", "fee": "yes", "brand": "ドコモ・バイクシェア", "access": null, "covered": null, "supervised": null, "note": null, "operator": "ドコモ・バイクシェア", "opening_hours": null }, "geometry": { "type": "Point", "coordinates": [ 139.762228, 35.691456 ] } },
{ "type": "Feature", "properties": { "osm_id": "node/13726767892", "name": "シティインデックス千代田岩本町", "ref": "A3-55", "amenity": "bicycle_rental", "capacity": "7", "facility_type": "sharing", "fee": "yes", "brand": "Docomo Bike Share", "access": null, "covered": null, "supervised": null, "note": null, "operator": null, "opening_hours": null }, "geometry": { "type": "Point", "coordinates": [ 139.777253, 35.694219 ] } },
{ "type": "Feature", "properties": { "osm_id": "node/13726767893", "name": "外神田6丁目", "ref": "A3-54", "amenity": "bicycle_rental", "capacity": "60", "facility_type": "sharing", "fee": "yes", "brand": "Docomo Bike Share", "access": null, "covered": null, "supervised": null, "note": null, "operator": null, "opening_hours": null }, "geometry": { "type": "Point", "coordinates": [ 139.770117, 35.704554 ] } },
{ "type": "Feature", "properties": { "osm_id": "node/13726789705", "name": "九段坂公園", "ref": "A1-22", "amenity": "bicycle_rental", "capacity": "7", "facility_type": "sharing", "fee": "yes", "brand": "Docomo Bike Share", "access": null, "covered": null, "supervised": null, "note": null, "operator": null, "opening_hours": null }, "geometry": { "type": "Point", "coordinates": [ 139.748225, 35.694628 ] } },
{ "type": "Feature", "properties": { "osm_id": "node/13726789712", "name": "VORT麹町Ⅱ", "ref": "A6-28", "amenity": "bicycle_rental", "capacity": "5", "facility_type": "sharing", "fee": "yes", "brand": "Docomo Bike Share", "access": null, "covered": null, "supervised": null, "note": null, "operator": null, "opening_hours": null }, "geometry": { "type": "Point", "coordinates": [ 139.7389, 35.682946 ] } },
{ "type": "Feature", "properties": { "osm_id": "node/13726789715", "name": "麹町弘済ビルディング", "ref": "A6-27", "amenity": "bicycle_rental", "capacity": "13", "facility_type": "sharing", "fee": "yes", "brand": "Docomo Bike Share", "access": null, "covered": null, "supervised": null, "note": null, "operator": null, "opening_hours": null }, "geometry": { "type": "Point", "coordinates": [ 139.734759, 35.683869 ] } },
{ "type": "Feature", "properties": { "osm_id": "node/13773039145", "name": null, "ref": null, "amenity": "bicycle_parking", "capacity": null, "facility_type": "parking", "fee": null, "brand": null, "access": null, "covered": null, "supervised": null, "note": null, "operator": null, "opening_hours": null }, "geometry": { "type": "Point", "coordinates": [ 139.7727719, 35.6949318 ] } },
{ "type": "Feature", "properties": { "osm_id": "node/13823729501", "name": null, "ref": null, "amenity": "bicycle_parking", "capacity": null, "facility_type": "parking", "fee": null, "brand": null, "access": null, "covered": null, "supervised": null, "note": null, "operator": null, "opening_hours": "Mo-Su 08:30-13:00, 14:00-18:30" }, "geometry": { "type": "Point", "coordinates": [ 139.76766120000002, 35.6893634 ] } },
{ "type": "Feature", "properties": { "osm_id": "way/190424880", "name": null, "ref": null, "amenity": "bicycle_parking", "capacity": "38", "facility_type": "parking", "fee": null, "brand": null, "access": "destination", "covered": "no", "supervised": null, "note": null, "operator": "千代田区", "opening_hours": null }, "geometry": { "type": "Point", "coordinates": [ 139.77519034768639, 35.696681924818449 ] } },
{ "type": "Feature", "properties": { "osm_id": "way/327516815", "name": "神保町交差点自転車駐車場", "ref": null, "amenity": "bicycle_parking", "capacity": null, "facility_type": "parking", "fee": "yes", "brand": null, "access": "yes", "covered": "no", "supervised": null, "note": null, "operator": "千代田区", "opening_hours": null }, "geometry": { "type": "Point", "coordinates": [ 139.757453611547362, 35.695689925625771 ] } },
{ "type": "Feature", "properties": { "osm_id": "way/327521894", "name": null, "ref": null, "amenity": "bicycle_parking", "capacity": null, "facility_type": "parking", "fee": null, "brand": null, "access": "private", "covered": null, "supervised": null, "note": null, "operator": null, "opening_hours": null }, "geometry": { "type": "Point", "coordinates": [ 139.760318649847733, 35.696475935675537 ] } },
{ "type": "Feature", "properties": { "osm_id": "way/539781798", "name": "サイクルタイムズ", "ref": null, "amenity": "bicycle_parking", "capacity": "29", "facility_type": "parking", "fee": "yes", "brand": null, "access": "customers", "covered": "yes", "supervised": null, "note": null, "operator": "タイムズ", "opening_hours": "24/7" }, "geometry": { "type": "Point", "coordinates": [ 139.764855705464441, 35.675048347770158 ] } },
{ "type": "Feature", "properties": { "osm_id": "way/544911035", "name": "練成公園", "ref": null, "amenity": "bicycle_rental", "capacity": "6", "facility_type": "sharing", "fee": "yes", "brand": "ドコモ・バイクシェア", "access": null, "covered": null, "supervised": null, "note": null, "operator": "ドコモ・バイクシェア", "opening_hours": null }, "geometry": { "type": "Point", "coordinates": [ 139.770600949483736, 35.703729393647102 ] } },
{ "type": "Feature", "properties": { "osm_id": "way/587862243", "name": null, "ref": null, "amenity": "bicycle_parking", "capacity": null, "facility_type": "parking", "fee": null, "brand": null, "access": "private", "covered": "yes", "supervised": null, "note": null, "operator": null, "opening_hours": null }, "geometry": { "type": "Point", "coordinates": [ 139.758230000086996, 35.697151439692846 ] } },
{ "type": "Feature", "properties": { "osm_id": "way/587864253", "name": null, "ref": null, "amenity": "bicycle_parking", "capacity": null, "facility_type": "parking", "fee": null, "brand": null, "access": "private", "covered": "no", "supervised": null, "note": null, "operator": null, "opening_hours": null }, "geometry": { "type": "Point", "coordinates": [ 139.76013526885626, 35.69775751396881 ] } },
{ "type": "Feature", "properties": { "osm_id": "way/604248198", "name": null, "ref": null, "amenity": "bicycle_parking", "capacity": null, "facility_type": "parking", "fee": null, "brand": null, "access": "private", "covered": null, "supervised": null, "note": null, "operator": null, "opening_hours": null }, "geometry": { "type": "Point", "coordinates": [ 139.777628448899605, 35.699973377687435 ] } },
{ "type": "Feature", "properties": { "osm_id": "way/668038447", "name": null, "ref": null, "amenity": "bicycle_parking", "capacity": null, "facility_type": "parking", "fee": null, "brand": null, "access": null, "covered": null, "supervised": null, "note": null, "operator": null, "opening_hours": null }, "geometry": { "type": "Point", "coordinates": [ 139.744536787944128, 35.687246630285507 ] } },
{ "type": "Feature", "properties": { "osm_id": "way/686374721", "name": "秋葉原駅西側高架下自転車駐車場", "ref": null, "amenity": "bicycle_parking", "capacity": null, "facility_type": "parking", "fee": null, "brand": null, "access": null, "covered": "yes", "supervised": null, "note": null, "operator": null, "opening_hours": null }, "geometry": { "type": "Point", "coordinates": [ 139.773083050294161, 35.699347998945996 ] } },
{ "type": "Feature", "properties": { "osm_id": "way/793606223", "name": "二番町センタービル", "ref": null, "amenity": "bicycle_rental", "capacity": "2", "facility_type": "sharing", "fee": "yes", "brand": "Docomo Bike Share", "access": null, "covered": null, "supervised": null, "note": null, "operator": "千代田区", "opening_hours": null }, "geometry": { "type": "Point", "coordinates": [ 139.736353650181371, 35.685961853433724 ] } },
{ "type": "Feature", "properties": { "osm_id": "way/793608313", "name": "紀尾井町ビル（西側）", "ref": null, "amenity": "bicycle_rental", "capacity": "11", "facility_type": "sharing", "fee": "yes", "brand": "Docomo Bike Share", "access": null, "covered": null, "supervised": null, "note": null, "operator": "千代田区", "opening_hours": null }, "geometry": { "type": "Point", "coordinates": [ 139.736482391963477, 35.68238994079455 ] } },
{ "type": "Feature", "properties": { "osm_id": "way/816262887", "name": null, "ref": null, "amenity": "bicycle_parking", "capacity": null, "facility_type": "parking", "fee": null, "brand": null, "access": null, "covered": null, "supervised": null, "note": null, "operator": null, "opening_hours": null }, "geometry": { "type": "Point", "coordinates": [ 139.730868213197027, 35.686110331942764 ] } },
{ "type": "Feature", "properties": { "osm_id": "way/816262888", "name": null, "ref": null, "amenity": "bicycle_parking", "capacity": null, "facility_type": "parking", "fee": null, "brand": null, "access": null, "covered": null, "supervised": null, "note": null, "operator": null, "opening_hours": null }, "geometry": { "type": "Point", "coordinates": [ 139.730917899080737, 35.686244860696803 ] } },
{ "type": "Feature", "properties": { "osm_id": "way/844734316", "name": null, "ref": null, "amenity": "bicycle_parking", "capacity": null, "facility_type": "parking", "fee": null, "brand": null, "access": null, "covered": null, "supervised": null, "note": null, "operator": null, "opening_hours": null }, "geometry": { "type": "Point", "coordinates": [ 139.772876699550096, 35.694812303408163 ] } },
{ "type": "Feature", "properties": { "osm_id": "way/996057093", "name": null, "ref": null, "amenity": "bicycle_parking", "capacity": null, "facility_type": "parking", "fee": null, "brand": null, "access": "private", "covered": null, "supervised": null, "note": null, "operator": null, "opening_hours": null }, "geometry": { "type": "Point", "coordinates": [ 139.769201995613798, 35.694585556510091 ] } },
{ "type": "Feature", "properties": { "osm_id": "way/1250185506", "name": null, "ref": null, "amenity": "bicycle_parking", "capacity": null, "facility_type": "parking", "fee": null, "brand": null, "access": null, "covered": null, "supervised": null, "note": null, "operator": null, "opening_hours": null }, "geometry": { "type": "Point", "coordinates": [ 139.751659056775793, 35.701773615048751 ] } },
{ "type": "Feature", "properties": { "osm_id": "way/1257393274", "name": null, "ref": null, "amenity": "bicycle_parking", "capacity": null, "facility_type": "parking", "fee": "no", "brand": null, "access": null, "covered": null, "supervised": null, "note": null, "operator": null, "opening_hours": null }, "geometry": { "type": "Point", "coordinates": [ 139.773995107975708, 35.698118742303159 ] } },
{ "type": "Feature", "properties": { "osm_id": "way/1302967842", "name": null, "ref": null, "amenity": "bicycle_parking", "capacity": null, "facility_type": "parking", "fee": null, "brand": null, "access": null, "covered": "no", "supervised": null, "note": null, "operator": null, "opening_hours": null }, "geometry": { "type": "Point", "coordinates": [ 139.754468768452512, 35.697173948072077 ] } },
{ "type": "Feature", "properties": { "osm_id": "way/1382964881", "name": null, "ref": null, "amenity": "bicycle_parking", "capacity": null, "facility_type": "parking", "fee": "yes", "brand": null, "access": "customers", "covered": null, "supervised": null, "note": null, "operator": null, "opening_hours": null }, "geometry": { "type": "Point", "coordinates": [ 139.745894351388415, 35.702620898155899 ] } },
{ "type": "Feature", "properties": { "osm_id": "node/3789921334", "name": "Eco21", "ref": "A", "amenity": "bicycle_parking", "capacity": null, "facility_type": "parking", "fee": "yes", "brand": null, "access": null, "covered": "no", "supervised": null, "note": null, "operator": null, "opening_hours": null }, "geometry": { "type": "Point", "coordinates": [ 139.7720304, 35.6793254 ] } },
{ "type": "Feature", "properties": { "osm_id": "node/4376208997", "name": "Eco Station 21", "ref": null, "amenity": "bicycle_rental", "capacity": null, "facility_type": "sharing", "fee": null, "brand": null, "access": null, "covered": null, "supervised": null, "note": null, "operator": null, "opening_hours": null }, "geometry": { "type": "Point", "coordinates": [ 139.7713799, 35.6742506 ] } },
{ "type": "Feature", "properties": { "osm_id": "node/4605641189", "name": null, "ref": null, "amenity": "bicycle_parking", "capacity": null, "facility_type": "parking", "fee": null, "brand": null, "access": null, "covered": "yes", "supervised": null, "note": null, "operator": null, "opening_hours": null }, "geometry": { "type": "Point", "coordinates": [ 139.7668409, 35.6646765 ] } },
{ "type": "Feature", "properties": { "osm_id": "node/5415071018", "name": null, "ref": null, "amenity": "bicycle_parking", "capacity": null, "facility_type": "parking", "fee": null, "brand": null, "access": null, "covered": null, "supervised": null, "note": null, "operator": null, "opening_hours": null }, "geometry": { "type": "Point", "coordinates": [ 139.7881159, 35.6792063 ] } },
{ "type": "Feature", "properties": { "osm_id": "node/5415071019", "name": null, "ref": null, "amenity": "bicycle_parking", "capacity": null, "facility_type": "parking", "fee": null, "brand": null, "access": null, "covered": null, "supervised": null, "note": null, "operator": null, "opening_hours": null }, "geometry": { "type": "Point", "coordinates": [ 139.788058300000017, 35.6791292 ] } },
{ "type": "Feature", "properties": { "osm_id": "node/5635162578", "name": null, "ref": null, "amenity": "bicycle_parking", "capacity": null, "facility_type": "parking", "fee": null, "brand": null, "access": null, "covered": null, "supervised": null, "note": null, "operator": null, "opening_hours": null }, "geometry": { "type": "Point", "coordinates": [ 139.774327, 35.6872847 ] } },
{ "type": "Feature", "properties": { "osm_id": "node/6401560517", "name": null, "ref": null, "amenity": "bicycle_parking", "capacity": null, "facility_type": "parking", "fee": "yes", "brand": null, "access": "customers", "covered": "yes", "supervised": null, "note": null, "operator": null, "opening_hours": null }, "geometry": { "type": "Point", "coordinates": [ 139.764589, 35.6694697 ] } },
{ "type": "Feature", "properties": { "osm_id": "node/6847911257", "name": "浜町川緑道", "ref": "B1-11", "amenity": "bicycle_rental", "capacity": "45", "facility_type": "sharing", "fee": "yes", "brand": "ドコモ・バイクシェア", "access": null, "covered": null, "supervised": null, "note": null, "operator": "ドコモ・バイクシェア", "opening_hours": "24/7" }, "geometry": { "type": "Point", "coordinates": [ 139.7876434, 35.6841698 ] } },
{ "type": "Feature", "properties": { "osm_id": "node/6849115285", "name": "東京証券会館（北側）", "ref": "B2-07", "amenity": "bicycle_rental", "capacity": "5", "facility_type": "sharing", "fee": "yes", "brand": "ドコモ・バイクシェア", "access": null, "covered": null, "supervised": null, "note": null, "operator": "ドコモ・バイクシェア", "opening_hours": null }, "geometry": { "type": "Point", "coordinates": [ 139.7793579, 35.6808586 ] } },
{ "type": "Feature", "properties": { "osm_id": "node/6853167010", "name": "共同ビル（茅場町交差点前）", "ref": "B2-08", "amenity": "bicycle_rental", "capacity": "12", "facility_type": "sharing", "fee": "yes", "brand": "ドコモ・バイクシェア", "access": null, "covered": null, "supervised": null, "note": null, "operator": "ドコモ・バイクシェア", "opening_hours": null }, "geometry": { "type": "Point", "coordinates": [ 139.7785691, 35.6810112 ] } },
{ "type": "Feature", "properties": { "osm_id": "node/6853189015", "name": "日本橋二丁目街角広場", "ref": "B1-21", "amenity": "bicycle_rental", "capacity": "11", "facility_type": "sharing", "fee": "yes", "brand": "ドコモ・バイクシェア", "access": null, "covered": null, "supervised": null, "note": null, "operator": "ドコモ・バイクシェア", "opening_hours": null }, "geometry": { "type": "Point", "coordinates": [ 139.774490400000019, 35.6808624 ] } },
{ "type": "Feature", "properties": { "osm_id": "node/7038533996", "name": "銀座6丁目-SQUARE(木挽町通り)", "ref": "B3-03", "amenity": "bicycle_rental", "capacity": null, "facility_type": "sharing", "fee": null, "brand": null, "access": null, "covered": null, "supervised": null, "note": null, "operator": null, "opening_hours": null }, "geometry": { "type": "Point", "coordinates": [ 139.766052200000019, 35.6674957 ] } },
{ "type": "Feature", "properties": { "osm_id": "node/7079104291", "name": "NANAEI日本橋", "ref": "B1-23", "amenity": "bicycle_rental", "capacity": "5", "facility_type": "sharing", "fee": "yes", "brand": "ドコモ・バイクシェア", "access": null, "covered": null, "supervised": null, "note": null, "operator": "ドコモ・バイクシェア", "opening_hours": null }, "geometry": { "type": "Point", "coordinates": [ 139.7843475, 35.679615 ] } },
{ "type": "Feature", "properties": { "osm_id": "node/7079135119", "name": "男女平等センター（ブーケ21）", "ref": "B2-03", "amenity": "bicycle_rental", "capacity": "10", "facility_type": "sharing", "fee": "yes", "brand": "Docomo Bike Share", "access": null, "covered": null, "supervised": null, "note": null, "operator": null, "opening_hours": null }, "geometry": { "type": "Point", "coordinates": [ 139.778671300000013, 35.6739273 ] } },
{ "type": "Feature", "properties": { "osm_id": "node/7079144581", "name": "築地場外市場", "ref": "B3-12", "amenity": "bicycle_rental", "capacity": "19", "facility_type": "sharing", "fee": "yes", "brand": "ドコモ・バイクシェア", "access": null, "covered": null, "supervised": null, "note": null, "operator": "ドコモ・バイクシェア", "opening_hours": null }, "geometry": { "type": "Point", "coordinates": [ 139.769302400000015, 35.6652527 ] } },
{ "type": "Feature", "properties": { "osm_id": "node/9743153190", "name": "常盤公園（北側）", "ref": "B1-03", "amenity": "bicycle_rental", "capacity": "10", "facility_type": "sharing", "fee": "yes", "brand": "Docomo Bike Share", "access": null, "covered": null, "supervised": null, "note": null, "operator": null, "opening_hours": null }, "geometry": { "type": "Point", "coordinates": [ 139.770071200000018, 35.6884696 ] } },
{ "type": "Feature", "properties": { "osm_id": "node/11040587768", "name": "トヨタモビリティ東京 中央勝どき店", "ref": null, "amenity": "bicycle_rental", "capacity": "7", "facility_type": "sharing", "fee": "yes", "brand": "HELLO CYCLING", "access": null, "covered": null, "supervised": null, "note": null, "operator": null, "opening_hours": null }, "geometry": { "type": "Point", "coordinates": [ 139.777975200000014, 35.6573245 ] } },
{ "type": "Feature", "properties": { "osm_id": "node/11040588006", "name": "ガリシア日本橋水天宮Ⅱ", "ref": null, "amenity": "bicycle_rental", "capacity": "11", "facility_type": "sharing", "fee": "yes", "brand": "HELLO CYCLING", "access": null, "covered": null, "supervised": null, "note": null, "operator": "OpenStreet", "opening_hours": null }, "geometry": { "type": "Point", "coordinates": [ 139.788584, 35.681376 ] } },
{ "type": "Feature", "properties": { "osm_id": "node/11040588109", "name": "PATH日本橋人形町", "ref": null, "amenity": "bicycle_rental", "capacity": "2", "facility_type": "sharing", "fee": "yes", "brand": "HELLO CYCLING", "access": null, "covered": null, "supervised": null, "note": null, "operator": "OpenStreet", "opening_hours": null }, "geometry": { "type": "Point", "coordinates": [ 139.780461200000019, 35.6869402 ] } },
{ "type": "Feature", "properties": { "osm_id": "node/11040588483", "name": "グリーンオーク茅場町", "ref": null, "amenity": "bicycle_rental", "capacity": "7", "facility_type": "sharing", "fee": "yes", "brand": "HELLO CYCLING", "access": null, "covered": null, "supervised": null, "note": null, "operator": "OpenStreet", "opening_hours": null }, "geometry": { "type": "Point", "coordinates": [ 139.781997100000012, 35.6787122 ] } },
{ "type": "Feature", "properties": { "osm_id": "node/11182252622", "name": "エクセリア日本橋箱崎", "ref": null, "amenity": "bicycle_rental", "capacity": "9", "facility_type": "sharing", "fee": "yes", "brand": "HELLO CYCLING", "access": null, "covered": null, "supervised": null, "note": null, "operator": "OpenStreet", "opening_hours": null }, "geometry": { "type": "Point", "coordinates": [ 139.788336500000014, 35.6818376 ] } },
{ "type": "Feature", "properties": { "osm_id": "node/11436138624", "name": "銀座6丁目-SQUARE", "ref": "B3-17", "amenity": "bicycle_rental", "capacity": "14", "facility_type": "sharing", "fee": "yes", "brand": "ドコモ・バイクシェア", "access": null, "covered": null, "supervised": null, "note": null, "operator": "ドコモ・バイクシェア", "opening_hours": null }, "geometry": { "type": "Point", "coordinates": [ 139.76643, 35.66711 ] } },
{ "type": "Feature", "properties": { "osm_id": "node/11436138650", "name": "明石町区民館", "ref": "B3-16", "amenity": "bicycle_rental", "capacity": "7", "facility_type": "sharing", "fee": "yes", "brand": "Docomo Bike Share", "access": null, "covered": null, "supervised": null, "note": null, "operator": null, "opening_hours": null }, "geometry": { "type": "Point", "coordinates": [ 139.778102, 35.666001 ] } },
{ "type": "Feature", "properties": { "osm_id": "node/11436145478", "name": "月島駅前第一駐輪場", "ref": "B4-21", "amenity": "bicycle_rental", "capacity": "33", "facility_type": "sharing", "fee": "yes", "brand": "ドコモ・バイクシェア", "access": null, "covered": null, "supervised": null, "note": null, "operator": "ドコモ・バイクシェア", "opening_hours": null }, "geometry": { "type": "Point", "coordinates": [ 139.785651, 35.663681 ] } },
{ "type": "Feature", "properties": { "osm_id": "node/11436145493", "name": "豊海センタービル", "ref": "B4-18", "amenity": "bicycle_rental", "capacity": "5", "facility_type": "sharing", "fee": "yes", "brand": "Docomo Bike Share", "access": null, "covered": null, "supervised": null, "note": null, "operator": null, "opening_hours": null }, "geometry": { "type": "Point", "coordinates": [ 139.769431, 35.653531 ] } },
{ "type": "Feature", "properties": { "osm_id": "node/11436145583", "name": "Brillia ist Tower 勝どき", "ref": "B4-14", "amenity": "bicycle_rental", "capacity": "29", "facility_type": "sharing", "fee": "yes", "brand": "ドコモ・バイクシェア", "access": null, "covered": null, "supervised": null, "note": null, "operator": "ドコモ・バイクシェア", "opening_hours": null }, "geometry": { "type": "Point", "coordinates": [ 139.776816, 35.660526 ] } },
{ "type": "Feature", "properties": { "osm_id": "node/11436145675", "name": "国立がん研究センター", "ref": "B3-13", "amenity": "bicycle_rental", "capacity": "13", "facility_type": "sharing", "fee": "yes", "brand": "ドコモ・バイクシェア", "access": null, "covered": null, "supervised": null, "note": null, "operator": "ドコモ・バイクシェア", "opening_hours": null }, "geometry": { "type": "Point", "coordinates": [ 139.767188, 35.664871 ] } },
{ "type": "Feature", "properties": { "osm_id": "node/11436145681", "name": "ミュプレ月島", "ref": "B4-24", "amenity": "bicycle_rental", "capacity": "8", "facility_type": "sharing", "fee": "yes", "brand": "ドコモ・バイクシェア", "access": null, "covered": null, "supervised": null, "note": null, "operator": "ドコモ・バイクシェア", "opening_hours": null }, "geometry": { "type": "Point", "coordinates": [ 139.78329, 35.66288 ] } },
{ "type": "Feature", "properties": { "osm_id": "node/11436145733", "name": "築地永谷コーポラス", "ref": "B3-09", "amenity": "bicycle_rental", "capacity": "12", "facility_type": "sharing", "fee": "yes", "brand": "Docomo Bike Share", "access": null, "covered": null, "supervised": null, "note": null, "operator": null, "opening_hours": null }, "geometry": { "type": "Point", "coordinates": [ 139.776313, 35.66523 ] } },
{ "type": "Feature", "properties": { "osm_id": "node/11436145796", "name": "THE TOKYO TOWERS", "ref": "B4-12", "amenity": "bicycle_rental", "capacity": "48", "facility_type": "sharing", "fee": "yes", "brand": "ドコモ・バイクシェア", "access": null, "covered": null, "supervised": null, "note": null, "operator": "ドコモ・バイクシェア", "opening_hours": null }, "geometry": { "type": "Point", "coordinates": [ 139.774556, 35.655497 ] } },
{ "type": "Feature", "properties": { "osm_id": "node/11436145801", "name": "ダンスキューブ勝どき", "ref": "B4-11", "amenity": "bicycle_rental", "capacity": "13", "facility_type": "sharing", "fee": "yes", "brand": "Docomo Bike Share", "access": null, "covered": null, "supervised": null, "note": null, "operator": null, "opening_hours": null }, "geometry": { "type": "Point", "coordinates": [ 139.775073, 35.656565 ] } },
{ "type": "Feature", "properties": { "osm_id": "node/11436145818", "name": "リビオレゾン勝どきNEX", "ref": "B4-22", "amenity": "bicycle_rental", "capacity": "31", "facility_type": "sharing", "fee": "yes", "brand": "Docomo Bike Share", "access": null, "covered": null, "supervised": null, "note": null, "operator": null, "opening_hours": null }, "geometry": { "type": "Point", "coordinates": [ 139.77102, 35.65554 ] } },
{ "type": "Feature", "properties": { "osm_id": "node/11436145831", "name": "交通広場（豊海町）", "ref": "B4-23", "amenity": "bicycle_rental", "capacity": "12", "facility_type": "sharing", "fee": "yes", "brand": "Docomo Bike Share", "access": null, "covered": null, "supervised": null, "note": null, "operator": null, "opening_hours": null }, "geometry": { "type": "Point", "coordinates": [ 139.769295, 35.653771 ] } },
{ "type": "Feature", "properties": { "osm_id": "node/11436145850", "name": "朝日新聞東京本社", "ref": "B3-06", "amenity": "bicycle_rental", "capacity": "4", "facility_type": "sharing", "fee": "yes", "brand": "ドコモ・バイクシェア", "access": null, "covered": null, "supervised": null, "note": null, "operator": "ドコモ・バイクシェア", "opening_hours": null }, "geometry": { "type": "Point", "coordinates": [ 139.767214, 35.664457 ] } },
{ "type": "Feature", "properties": { "osm_id": "node/11436145853", "name": "月島駅地下駐輪場", "ref": "B4-06", "amenity": "bicycle_rental", "capacity": "21", "facility_type": "sharing", "fee": "yes", "brand": "ドコモ・バイクシェア", "access": null, "covered": null, "supervised": null, "note": null, "operator": "ドコモ・バイクシェア", "opening_hours": null }, "geometry": { "type": "Point", "coordinates": [ 139.782564, 35.66291 ] } },
{ "type": "Feature", "properties": { "osm_id": "node/11436145854", "name": "築地市場駅地下駐輪場", "ref": "B3-04", "amenity": "bicycle_rental", "capacity": "17", "facility_type": "sharing", "fee": "yes", "brand": "ドコモ・バイクシェア", "access": null, "covered": null, "supervised": null, "note": null, "operator": "ドコモ・バイクシェア", "opening_hours": null }, "geometry": { "type": "Point", "coordinates": [ 139.767426, 35.664265 ] } },
{ "type": "Feature", "properties": { "osm_id": "node/11436145855", "name": "勝どき駅地下駐輪場", "ref": "B4-07", "amenity": "bicycle_rental", "capacity": "65", "facility_type": "sharing", "fee": "yes", "brand": "ドコモ・バイクシェア", "access": null, "covered": null, "supervised": null, "note": null, "operator": "ドコモ・バイクシェア", "opening_hours": null }, "geometry": { "type": "Point", "coordinates": [ 139.776131, 35.658135 ] } },
{ "type": "Feature", "properties": { "osm_id": "node/11436145856", "name": "東京ミッドベイ勝どき（西仲通り）", "ref": "B4-08", "amenity": "bicycle_rental", "capacity": "15", "facility_type": "sharing", "fee": "yes", "brand": "Docomo Bike Share", "access": null, "covered": null, "supervised": null, "note": null, "operator": null, "opening_hours": null }, "geometry": { "type": "Point", "coordinates": [ 139.771302, 35.656449 ] } },
{ "type": "Feature", "properties": { "osm_id": "node/11436145884", "name": "ＫＤＸ晴海ビル", "ref": "B4-04", "amenity": "bicycle_rental", "capacity": "5", "facility_type": "sharing", "fee": "yes", "brand": "Docomo Bike Share", "access": null, "covered": null, "supervised": null, "note": null, "operator": null, "opening_hours": null }, "geometry": { "type": "Point", "coordinates": [ 139.778438, 35.6544278 ] } },
{ "type": "Feature", "properties": { "osm_id": "node/11436145885", "name": "ドコモ・バイクシェア晴海ポート", "ref": "B4-05", "amenity": "bicycle_rental", "capacity": "37", "facility_type": "sharing", "fee": "yes", "brand": "Docomo Bike Share", "access": null, "covered": null, "supervised": null, "note": null, "operator": null, "opening_hours": null }, "geometry": { "type": "Point", "coordinates": [ 139.781568, 35.654165 ] } },
{ "type": "Feature", "properties": { "osm_id": "node/11436145887", "name": "黎明橋公園（駐輪場）", "ref": "B4-01", "amenity": "bicycle_rental", "capacity": "10", "facility_type": "sharing", "fee": "yes", "brand": "ドコモ・バイクシェア", "access": null, "covered": null, "supervised": null, "note": null, "operator": "ドコモ・バイクシェア", "opening_hours": null }, "geometry": { "type": "Point", "coordinates": [ 139.780068, 35.656071 ] } },
{ "type": "Feature", "properties": { "osm_id": "node/11436145888", "name": "桜の散歩道（晴海トリトンスクエア前）", "ref": "B4-03", "amenity": "bicycle_rental", "capacity": "15", "facility_type": "sharing", "fee": "yes", "brand": "ドコモ・バイクシェア", "access": null, "covered": null, "supervised": null, "note": null, "operator": "ドコモ・バイクシェア", "opening_hours": null }, "geometry": { "type": "Point", "coordinates": [ 139.782553, 35.658665 ] } },
{ "type": "Feature", "properties": { "osm_id": "node/11436145905", "name": "月島特別出張所", "ref": "B4-02", "amenity": "bicycle_rental", "capacity": "28", "facility_type": "sharing", "fee": "yes", "brand": "Docomo Bike Share", "access": null, "covered": null, "supervised": null, "note": null, "operator": null, "opening_hours": null }, "geometry": { "type": "Point", "coordinates": [ 139.782719, 35.662197 ] } },
{ "type": "Feature", "properties": { "osm_id": "node/11436146074", "name": "東武ストア晴海三丁目店", "ref": "B4-26", "amenity": "bicycle_rental", "capacity": "14", "facility_type": "sharing", "fee": "yes", "brand": "ドコモ・バイクシェア", "access": null, "covered": null, "supervised": null, "note": null, "operator": "ドコモ・バイクシェア", "opening_hours": null }, "geometry": { "type": "Point", "coordinates": [ 139.779545, 35.654371 ] } },
{ "type": "Feature", "properties": { "osm_id": "node/11436151267", "name": "明治座", "ref": "B1-08", "amenity": "bicycle_rental", "capacity": "13", "facility_type": "sharing", "fee": "yes", "brand": "ドコモ・バイクシェア", "access": null, "covered": null, "supervised": null, "note": null, "operator": "ドコモ・バイクシェア", "opening_hours": null }, "geometry": { "type": "Point", "coordinates": [ 139.786561, 35.688038 ] } },
{ "type": "Feature", "properties": { "osm_id": "node/11436151268", "name": "茅場町一丁目平和ビル", "ref": "B2-09", "amenity": "bicycle_rental", "capacity": "11", "facility_type": "sharing", "fee": "yes", "brand": "ドコモ・バイクシェア", "access": null, "covered": null, "supervised": null, "note": null, "operator": "ドコモ・バイクシェア", "opening_hours": null }, "geometry": { "type": "Point", "coordinates": [ 139.778679, 35.680203 ] } },
{ "type": "Feature", "properties": { "osm_id": "node/11436156973", "name": "鉄砲洲児童公園（西側）", "ref": "B2-01", "amenity": "bicycle_rental", "capacity": "7", "facility_type": "sharing", "fee": "yes", "brand": "ドコモ・バイクシェア", "access": null, "covered": null, "supervised": null, "note": null, "operator": "ドコモ・バイクシェア", "opening_hours": null }, "geometry": { "type": "Point", "coordinates": [ 139.779348, 35.67224 ] } },
{ "type": "Feature", "properties": { "osm_id": "node/11436156976", "name": "柳通り（東京スクエアガーデン前）", "ref": "B2-02", "amenity": "bicycle_rental", "capacity": "9", "facility_type": "sharing", "fee": "yes", "brand": "Docomo Bike Share", "access": null, "covered": null, "supervised": null, "note": null, "operator": null, "opening_hours": null }, "geometry": { "type": "Point", "coordinates": [ 139.768319, 35.676393 ] } },
{ "type": "Feature", "properties": { "osm_id": "node/11436156978", "name": "清水建設本社（都営地下鉄宝町駅 Ａ８出口）", "ref": "B2-04", "amenity": "bicycle_rental", "capacity": "20", "facility_type": "sharing", "fee": "yes", "brand": "Docomo Bike Share", "access": null, "covered": null, "supervised": null, "note": null, "operator": null, "opening_hours": null }, "geometry": { "type": "Point", "coordinates": [ 139.772895, 35.676119 ] } },
{ "type": "Feature", "properties": { "osm_id": "node/11436156979", "name": "ＮＴＴ東日本築地ビル", "ref": "B2-05", "amenity": "bicycle_rental", "capacity": "4", "facility_type": "sharing", "fee": "yes", "brand": "ドコモ・バイクシェア", "access": null, "covered": null, "supervised": null, "note": null, "operator": "ドコモ・バイクシェア", "opening_hours": null }, "geometry": { "type": "Point", "coordinates": [ 139.775993, 35.670674 ] } },
{ "type": "Feature", "properties": { "osm_id": "node/11436156980", "name": "サンクンガーデン", "ref": "B3-02", "amenity": "bicycle_rental", "capacity": "6", "facility_type": "sharing", "fee": "yes", "brand": "ドコモ・バイクシェア", "access": null, "covered": null, "supervised": null, "note": null, "operator": "ドコモ・バイクシェア", "opening_hours": null }, "geometry": { "type": "Point", "coordinates": [ 139.771911, 35.670336 ] } },
{ "type": "Feature", "properties": { "osm_id": "node/11436156981", "name": "ファミリーマート堀留町二丁目店", "ref": "B1-12", "amenity": "bicycle_rental", "capacity": "5", "facility_type": "sharing", "fee": "yes", "brand": "ドコモ・バイクシェア", "access": null, "covered": null, "supervised": null, "note": null, "operator": "ドコモ・バイクシェア", "opening_hours": null }, "geometry": { "type": "Point", "coordinates": [ 139.78205, 35.687786 ] } },
{ "type": "Feature", "properties": { "osm_id": "node/11436156984", "name": "スマイルホテル日本橋三越前", "ref": "B1-09", "amenity": "bicycle_rental", "capacity": "3", "facility_type": "sharing", "fee": "yes", "brand": "ドコモ・バイクシェア", "access": null, "covered": null, "supervised": null, "note": null, "operator": "ドコモ・バイクシェア", "opening_hours": null }, "geometry": { "type": "Point", "coordinates": [ 139.776089, 35.686101 ] } },
{ "type": "Feature", "properties": { "osm_id": "node/11436156987", "name": "歌舞伎座タワー駐輪場2F", "ref": "B3-20", "amenity": "bicycle_rental", "capacity": "8", "facility_type": "sharing", "fee": "yes", "brand": "ドコモ・バイクシェア", "access": null, "covered": null, "supervised": null, "note": null, "operator": "ドコモ・バイクシェア", "opening_hours": null }, "geometry": { "type": "Point", "coordinates": [ 139.768041, 35.670106 ] } },
{ "type": "Feature", "properties": { "osm_id": "node/11436156988", "name": "歌舞伎座タワー駐輪場3F", "ref": "B3-21", "amenity": "bicycle_rental", "capacity": "6", "facility_type": "sharing", "fee": "yes", "brand": "ドコモ・バイクシェア", "access": null, "covered": null, "supervised": null, "note": null, "operator": "ドコモ・バイクシェア", "opening_hours": null }, "geometry": { "type": "Point", "coordinates": [ 139.76801, 35.6701 ] } },
{ "type": "Feature", "properties": { "osm_id": "node/11436156994", "name": "中央区役所", "ref": "B3-01", "amenity": "bicycle_rental", "capacity": "5", "facility_type": "sharing", "fee": "yes", "brand": "ドコモ・バイクシェア", "access": null, "covered": null, "supervised": null, "note": null, "operator": "ドコモ・バイクシェア", "opening_hours": null }, "geometry": { "type": "Point", "coordinates": [ 139.772052, 35.670855 ] } },
{ "type": "Feature", "properties": { "osm_id": "node/11436156995", "name": "十思公園", "ref": "B1-01", "amenity": "bicycle_rental", "capacity": "10", "facility_type": "sharing", "fee": "yes", "brand": "Docomo Bike Share", "access": null, "covered": null, "supervised": null, "note": null, "operator": null, "opening_hours": null }, "geometry": { "type": "Point", "coordinates": [ 139.777915, 35.691058 ] } },
{ "type": "Feature", "properties": { "osm_id": "node/11436156996", "name": "産業会館", "ref": "B1-04", "amenity": "bicycle_rental", "capacity": "20", "facility_type": "sharing", "fee": "yes", "brand": "Docomo Bike Share", "access": null, "covered": null, "supervised": null, "note": null, "operator": "ドコモ・バイクシェア", "opening_hours": null }, "geometry": { "type": "Point", "coordinates": [ 139.787057, 35.694164 ] } },
{ "type": "Feature", "properties": { "osm_id": "node/11436157000", "name": "伊場仙ビル", "ref": "B1-06", "amenity": "bicycle_rental", "capacity": "4", "facility_type": "sharing", "fee": "yes", "brand": "Docomo Bike Share", "access": null, "covered": null, "supervised": null, "note": null, "operator": null, "opening_hours": null }, "geometry": { "type": "Point", "coordinates": [ 139.777125, 35.687624 ] } },
{ "type": "Feature", "properties": { "osm_id": "node/11436157073", "name": "本の森ちゅうおう", "ref": "B3-19", "amenity": "bicycle_rental", "capacity": "14", "facility_type": "sharing", "fee": "yes", "brand": "Docomo Bike Share", "access": null, "covered": null, "supervised": null, "note": null, "operator": null, "opening_hours": null }, "geometry": { "type": "Point", "coordinates": [ 139.77623, 35.67363 ] } },
{ "type": "Feature", "properties": { "osm_id": "node/11436157091", "name": "コーシャタワー佃", "ref": "B4-19", "amenity": "bicycle_rental", "capacity": "17", "facility_type": "sharing", "fee": "yes", "brand": "ドコモ・バイクシェア", "access": null, "covered": null, "supervised": null, "note": null, "operator": "ドコモ・バイクシェア", "opening_hours": null }, "geometry": { "type": "Point", "coordinates": [ 139.785801, 35.668044 ] } },
{ "type": "Feature", "properties": { "osm_id": "node/11436157118", "name": "アイルイムーブル日本橋", "ref": "B1-28", "amenity": "bicycle_rental", "capacity": "8", "facility_type": "sharing", "fee": "yes", "brand": "ドコモ・バイクシェア", "access": null, "covered": null, "supervised": null, "note": null, "operator": "ドコモ・バイクシェア", "opening_hours": null }, "geometry": { "type": "Point", "coordinates": [ 139.77906, 35.684502 ] } },
{ "type": "Feature", "properties": { "osm_id": "node/11436157162", "name": "ASTILE日本橋浜町", "ref": "B1-29", "amenity": "bicycle_rental", "capacity": "8", "facility_type": "sharing", "fee": "yes", "brand": "ドコモ・バイクシェア", "access": null, "covered": null, "supervised": null, "note": null, "operator": "ドコモ・バイクシェア", "opening_hours": null }, "geometry": { "type": "Point", "coordinates": [ 139.790817, 35.685504 ] } },
{ "type": "Feature", "properties": { "osm_id": "node/11436157207", "name": "旭ビルディング", "ref": "B2-18", "amenity": "bicycle_rental", "capacity": "10", "facility_type": "sharing", "fee": "yes", "brand": "ドコモ・バイクシェア", "access": null, "covered": null, "supervised": null, "note": null, "operator": "ドコモ・バイクシェア", "opening_hours": null }, "geometry": { "type": "Point", "coordinates": [ 139.78157, 35.678291 ] } },
{ "type": "Feature", "properties": { "osm_id": "node/11436157240", "name": "リバーシティ　イーストタワーズ", "ref": "B4-15", "amenity": "bicycle_rental", "capacity": "11", "facility_type": "sharing", "fee": "yes", "brand": "ドコモ・バイクシェア", "access": null, "covered": null, "supervised": null, "note": null, "operator": "ドコモ・バイクシェア", "opening_hours": null }, "geometry": { "type": "Point", "coordinates": [ 139.785301, 35.669188 ] } },
{ "type": "Feature", "properties": { "osm_id": "node/11436157291", "name": "日本橋本町4丁目", "ref": "B1-27", "amenity": "bicycle_rental", "capacity": "30", "facility_type": "sharing", "fee": "yes", "brand": "Docomo Bike Share", "access": null, "covered": null, "supervised": null, "note": null, "operator": null, "opening_hours": null }, "geometry": { "type": "Point", "coordinates": [ 139.77598, 35.68973 ] } },
{ "type": "Feature", "properties": { "osm_id": "node/11436157317", "name": "竜閑さくら橋際街角広場", "ref": "B1-20", "amenity": "bicycle_rental", "capacity": "19", "facility_type": "sharing", "fee": "yes", "brand": "ドコモ・バイクシェア", "access": null, "covered": null, "supervised": null, "note": null, "operator": "ドコモ・バイクシェア", "opening_hours": null }, "geometry": { "type": "Point", "coordinates": [ 139.768958, 35.688301 ] } },
{ "type": "Feature", "properties": { "osm_id": "node/11436157322", "name": "東京ダイヤビルディング（東側）", "ref": "B2-12", "amenity": "bicycle_rental", "capacity": "18", "facility_type": "sharing", "fee": "yes", "brand": "ドコモ・バイクシェア", "access": null, "covered": null, "supervised": null, "note": null, "operator": "ドコモ・バイクシェア", "opening_hours": null }, "geometry": { "type": "Point", "coordinates": [ 139.785656, 35.674835 ] } },
{ "type": "Feature", "properties": { "osm_id": "node/11436157404", "name": "アーバネックス八丁堀", "ref": "B2-17", "amenity": "bicycle_rental", "capacity": "2", "facility_type": "sharing", "fee": "yes", "brand": "ドコモ・バイクシェア", "access": null, "covered": null, "supervised": null, "note": null, "operator": "ドコモ・バイクシェア", "opening_hours": null }, "geometry": { "type": "Point", "coordinates": [ 139.77364, 35.67518 ] } },
{ "type": "Feature", "properties": { "osm_id": "node/11436157426", "name": "セブン-イレブン 日本橋小網町店", "ref": "B1-18", "amenity": "bicycle_rental", "capacity": "1", "facility_type": "sharing", "fee": "yes", "brand": "ドコモ・バイクシェア", "access": null, "covered": null, "supervised": null, "note": null, "operator": "ドコモ・バイクシェア", "opening_hours": null }, "geometry": { "type": "Point", "coordinates": [ 139.781436, 35.681352 ] } },
{ "type": "Feature", "properties": { "osm_id": "node/11436157436", "name": "ACホテル・バイ・マリオット東京銀座", "ref": "B3-15", "amenity": "bicycle_rental", "capacity": "8", "facility_type": "sharing", "fee": "yes", "brand": "Docomo Bike Share", "access": null, "covered": null, "supervised": null, "note": null, "operator": null, "opening_hours": null }, "geometry": { "type": "Point", "coordinates": [ 139.765144, 35.668845 ] } },
{ "type": "Feature", "properties": { "osm_id": "node/11436157440", "name": "ホテルサードニクス東京", "ref": "B2-16", "amenity": "bicycle_rental", "capacity": "7", "facility_type": "sharing", "fee": "yes", "brand": "ドコモ・バイクシェア", "access": null, "covered": null, "supervised": null, "note": null, "operator": "ドコモ・バイクシェア", "opening_hours": null }, "geometry": { "type": "Point", "coordinates": [ 139.77876, 35.67684 ] } },
{ "type": "Feature", "properties": { "osm_id": "node/11436157446", "name": "KABUTO ONE", "ref": "B2-15", "amenity": "bicycle_rental", "capacity": "8", "facility_type": "sharing", "fee": "yes", "brand": "ドコモ・バイクシェア", "access": null, "covered": null, "supervised": null, "note": null, "operator": "ドコモ・バイクシェア", "opening_hours": null }, "geometry": { "type": "Point", "coordinates": [ 139.77825, 35.68168 ] } },
{ "type": "Feature", "properties": { "osm_id": "node/11436157452", "name": "リバーシティ", "ref": "B4-10", "amenity": "bicycle_rental", "capacity": "12", "facility_type": "sharing", "fee": "yes", "brand": "ドコモ・バイクシェア", "access": null, "covered": null, "supervised": null, "note": null, "operator": "ドコモ・バイクシェア", "opening_hours": null }, "geometry": { "type": "Point", "coordinates": [ 139.784784, 35.668795 ] } },
{ "type": "Feature", "properties": { "osm_id": "node/11436157456", "name": "小網町児童遊園", "ref": "B1-16", "amenity": "bicycle_rental", "capacity": "6", "facility_type": "sharing", "fee": "yes", "brand": "ドコモ・バイクシェア", "access": null, "covered": null, "supervised": null, "note": null, "operator": "ドコモ・バイクシェア", "opening_hours": null }, "geometry": { "type": "Point", "coordinates": [ 139.780043, 35.683695 ] } },
{ "type": "Feature", "properties": { "osm_id": "node/11436157503", "name": "リバーシティ西ブロック", "ref": "B4-27", "amenity": "bicycle_rental", "capacity": "18", "facility_type": "sharing", "fee": "yes", "brand": "ドコモ・バイクシェア", "access": null, "covered": null, "supervised": null, "note": null, "operator": "ドコモ・バイクシェア", "opening_hours": null }, "geometry": { "type": "Point", "coordinates": [ 139.784447, 35.670491 ] } },
{ "type": "Feature", "properties": { "osm_id": "node/11436157519", "name": "ロイヤルパークホテル", "ref": "B1-15", "amenity": "bicycle_rental", "capacity": "2", "facility_type": "sharing", "fee": "yes", "brand": "ドコモ・バイクシェア", "access": null, "covered": null, "supervised": null, "note": null, "operator": "ドコモ・バイクシェア", "opening_hours": null }, "geometry": { "type": "Point", "coordinates": [ 139.78722, 35.682332 ] } },
{ "type": "Feature", "properties": { "osm_id": "node/11436157530", "name": "東京ダイヤビルディング（北側）", "ref": "B2-10", "amenity": "bicycle_rental", "capacity": "0", "facility_type": "sharing", "fee": "yes", "brand": "ドコモ・バイクシェア", "access": null, "covered": null, "supervised": null, "note": null, "operator": "ドコモ・バイクシェア", "opening_hours": null }, "geometry": { "type": "Point", "coordinates": [ 139.785229, 35.675702 ] } },
{ "type": "Feature", "properties": { "osm_id": "node/11436157532", "name": "京橋エドグラン", "ref": "B2-11", "amenity": "bicycle_rental", "capacity": "13", "facility_type": "sharing", "fee": "yes", "brand": "Docomo Bike Share", "access": null, "covered": null, "supervised": null, "note": null, "operator": null, "opening_hours": null }, "geometry": { "type": "Point", "coordinates": [ 139.769822, 35.677576 ] } },
{ "type": "Feature", "properties": { "osm_id": "node/11436157534", "name": "SHビル", "ref": "B2-20", "amenity": "bicycle_rental", "capacity": "1", "facility_type": "sharing", "fee": "yes", "brand": "Docomo Bike Share", "access": null, "covered": null, "supervised": null, "note": null, "operator": null, "opening_hours": null }, "geometry": { "type": "Point", "coordinates": [ 139.779962, 35.675398 ] } },
{ "type": "Feature", "properties": { "osm_id": "node/11436157549", "name": "リエトコートアルクスタワー", "ref": "B2-19", "amenity": "bicycle_rental", "capacity": "11", "facility_type": "sharing", "fee": "yes", "brand": "Docomo Bike Share", "access": null, "covered": null, "supervised": null, "note": null, "operator": null, "opening_hours": null }, "geometry": { "type": "Point", "coordinates": [ 139.77854, 35.670506 ] } },
{ "type": "Feature", "properties": { "osm_id": "node/11436157566", "name": "箱崎川第二公園", "ref": "B1-10", "amenity": "bicycle_rental", "capacity": "8", "facility_type": "sharing", "fee": "yes", "brand": "ドコモ・バイクシェア", "access": null, "covered": null, "supervised": null, "note": null, "operator": "ドコモ・バイクシェア", "opening_hours": null }, "geometry": { "type": "Point", "coordinates": [ 139.784267, 35.680833 ] } },
{ "type": "Feature", "properties": { "osm_id": "node/11436157589", "name": "銀座松竹スクエア", "ref": "B3-18", "amenity": "bicycle_rental", "capacity": "14", "facility_type": "sharing", "fee": "yes", "brand": "ドコモ・バイクシェア", "access": null, "covered": null, "supervised": null, "note": null, "operator": "ドコモ・バイクシェア", "opening_hours": null }, "geometry": { "type": "Point", "coordinates": [ 139.769849, 35.668395 ] } },
{ "type": "Feature", "properties": { "osm_id": "node/11736626608", "name": "晴海五丁目ターミナル", "ref": "B4-53", "amenity": "bicycle_rental", "capacity": "105", "facility_type": "sharing", "fee": "yes", "brand": "Docomo Bike Share", "access": null, "covered": null, "supervised": null, "note": null, "operator": "ドコモ・バイクシェア", "opening_hours": null }, "geometry": { "type": "Point", "coordinates": [ 139.773028400000015, 35.6515508 ] } },
{ "type": "Feature", "properties": { "osm_id": "node/11840230820", "name": "晴海区民センター", "ref": "B4-54", "amenity": "bicycle_rental", "capacity": "22", "facility_type": "sharing", "fee": "yes", "brand": "Docomo Bike Share", "access": null, "covered": null, "supervised": null, "note": null, "operator": null, "opening_hours": null }, "geometry": { "type": "Point", "coordinates": [ 139.77941, 35.65189 ] } },
{ "type": "Feature", "properties": { "osm_id": "node/11840230826", "name": "ザ ロイヤルパークホテル 銀座6丁目", "ref": "B3-22", "amenity": "bicycle_rental", "capacity": "18", "facility_type": "sharing", "fee": "yes", "brand": "ドコモ・バイクシェア", "access": null, "covered": null, "supervised": null, "note": null, "operator": "ドコモ・バイクシェア", "opening_hours": null }, "geometry": { "type": "Point", "coordinates": [ 139.765892, 35.667988 ] } },
{ "type": "Feature", "properties": { "osm_id": "node/11840230836", "name": "LaLa terrace HARUMI FLAG", "ref": "B4-52", "amenity": "bicycle_rental", "capacity": "21", "facility_type": "sharing", "fee": "yes", "brand": "Docomo Bike Share", "access": null, "covered": null, "supervised": null, "note": null, "operator": null, "opening_hours": null }, "geometry": { "type": "Point", "coordinates": [ 139.77414, 35.651846 ] } },
{ "type": "Feature", "properties": { "osm_id": "node/11840230859", "name": "HARUMI FLAG SUN VILLAGE", "ref": "B4-39", "amenity": "bicycle_rental", "capacity": "12", "facility_type": "sharing", "fee": "yes", "brand": "Docomo Bike Share", "access": null, "covered": null, "supervised": null, "note": null, "operator": null, "opening_hours": null }, "geometry": { "type": "Point", "coordinates": [ 139.772549, 35.650863 ] } },
{ "type": "Feature", "properties": { "osm_id": "node/11840230860", "name": "HARUMI FLAG SUN VILLAGE", "ref": "B4-38", "amenity": "bicycle_rental", "capacity": "13", "facility_type": "sharing", "fee": "yes", "brand": "Docomo Bike Share", "access": null, "covered": null, "supervised": null, "note": null, "operator": null, "opening_hours": null }, "geometry": { "type": "Point", "coordinates": [ 139.771785, 35.650347 ] } },
{ "type": "Feature", "properties": { "osm_id": "node/11840230861", "name": "HARUMI FLAG SUN VILLAGE", "ref": "B4-37", "amenity": "bicycle_rental", "capacity": "12", "facility_type": "sharing", "fee": "yes", "brand": "Docomo Bike Share", "access": null, "covered": null, "supervised": null, "note": null, "operator": null, "opening_hours": null }, "geometry": { "type": "Point", "coordinates": [ 139.771447, 35.649419 ] } },
{ "type": "Feature", "properties": { "osm_id": "node/11840230862", "name": "HARUMI FLAG SEA VILLAGE", "ref": "B4-36", "amenity": "bicycle_rental", "capacity": "12", "facility_type": "sharing", "fee": "yes", "brand": "Docomo Bike Share", "access": null, "covered": null, "supervised": null, "note": null, "operator": null, "opening_hours": null }, "geometry": { "type": "Point", "coordinates": [ 139.778097, 35.650742 ] } },
{ "type": "Feature", "properties": { "osm_id": "node/11840230863", "name": "HARUMI FLAG SEA VILLAGE", "ref": "B4-35", "amenity": "bicycle_rental", "capacity": "11", "facility_type": "sharing", "fee": "yes", "brand": "Docomo Bike Share", "access": null, "covered": null, "supervised": null, "note": null, "operator": null, "opening_hours": null }, "geometry": { "type": "Point", "coordinates": [ 139.777908, 35.650573 ] } },
{ "type": "Feature", "properties": { "osm_id": "node/11840230864", "name": "HARUMI FLAG SEA VILLAGE", "ref": "B4-34", "amenity": "bicycle_rental", "capacity": "12", "facility_type": "sharing", "fee": "yes", "brand": "Docomo Bike Share", "access": null, "covered": null, "supervised": null, "note": null, "operator": null, "opening_hours": null }, "geometry": { "type": "Point", "coordinates": [ 139.776958, 35.649932 ] } },
{ "type": "Feature", "properties": { "osm_id": "node/11840230865", "name": "HARUMI FLAG SEA VILLAGE", "ref": "B4-33", "amenity": "bicycle_rental", "capacity": "12", "facility_type": "sharing", "fee": "yes", "brand": "Docomo Bike Share", "access": null, "covered": null, "supervised": null, "note": null, "operator": null, "opening_hours": null }, "geometry": { "type": "Point", "coordinates": [ 139.776369, 35.649552 ] } },
{ "type": "Feature", "properties": { "osm_id": "node/11840230866", "name": "HARUMI FLAG SEA VILLAGE", "ref": "B4-32", "amenity": "bicycle_rental", "capacity": "12", "facility_type": "sharing", "fee": "yes", "brand": "Docomo Bike Share", "access": null, "covered": null, "supervised": null, "note": null, "operator": null, "opening_hours": null }, "geometry": { "type": "Point", "coordinates": [ 139.774995, 35.648731 ] } },
{ "type": "Feature", "properties": { "osm_id": "node/11840230867", "name": "HARUMI FLAG PORT VILLAGE", "ref": "B4-31", "amenity": "bicycle_rental", "capacity": "12", "facility_type": "sharing", "fee": "yes", "brand": "Docomo Bike Share", "access": null, "covered": null, "supervised": null, "note": null, "operator": null, "opening_hours": null }, "geometry": { "type": "Point", "coordinates": [ 139.77724, 35.650604 ] } },
{ "type": "Feature", "properties": { "osm_id": "node/11840230868", "name": "HARUMI FLAG PORT VILLAGE", "ref": "B4-30", "amenity": "bicycle_rental", "capacity": "11", "facility_type": "sharing", "fee": "yes", "brand": "Docomo Bike Share", "access": null, "covered": null, "supervised": null, "note": null, "operator": null, "opening_hours": null }, "geometry": { "type": "Point", "coordinates": [ 139.778218, 35.651136 ] } },
{ "type": "Feature", "properties": { "osm_id": "node/11840234669", "name": "HARUMI FLAG PORT VILLAGE", "ref": "B4-29", "amenity": "bicycle_rental", "capacity": "12", "facility_type": "sharing", "fee": "yes", "brand": "Docomo Bike Share", "access": null, "covered": null, "supervised": null, "note": null, "operator": null, "opening_hours": null }, "geometry": { "type": "Point", "coordinates": [ 139.777391, 35.651907 ] } },
{ "type": "Feature", "properties": { "osm_id": "node/11840234670", "name": "HARUMI FLAG PORT VILLAGE", "ref": "B4-28", "amenity": "bicycle_rental", "capacity": "12", "facility_type": "sharing", "fee": "yes", "brand": "Docomo Bike Share", "access": null, "covered": null, "supervised": null, "note": null, "operator": null, "opening_hours": null }, "geometry": { "type": "Point", "coordinates": [ 139.776119, 35.651183 ] } },
{ "type": "Feature", "properties": { "osm_id": "node/11840234671", "name": "HARUMI FLAG PARK VILLAGE", "ref": "B4-50", "amenity": "bicycle_rental", "capacity": "8", "facility_type": "sharing", "fee": "yes", "brand": "Docomo Bike Share", "access": null, "covered": null, "supervised": null, "note": null, "operator": null, "opening_hours": null }, "geometry": { "type": "Point", "coordinates": [ 139.773973, 35.648295 ] } },
{ "type": "Feature", "properties": { "osm_id": "node/11840234672", "name": "HARUMI FLAG PARK VILLAGE", "ref": "B4-49", "amenity": "bicycle_rental", "capacity": "18", "facility_type": "sharing", "fee": "yes", "brand": "Docomo Bike Share", "access": null, "covered": null, "supervised": null, "note": null, "operator": null, "opening_hours": null }, "geometry": { "type": "Point", "coordinates": [ 139.774251, 35.648636 ] } },
{ "type": "Feature", "properties": { "osm_id": "node/11840234673", "name": "HARUMI FLAG PARK VILLAGE", "ref": "B4-48", "amenity": "bicycle_rental", "capacity": "5", "facility_type": "sharing", "fee": "yes", "brand": "Docomo Bike Share", "access": null, "covered": null, "supervised": null, "note": null, "operator": null, "opening_hours": null }, "geometry": { "type": "Point", "coordinates": [ 139.775287, 35.649513 ] } },
{ "type": "Feature", "properties": { "osm_id": "node/11840234674", "name": "HARUMI FLAG PARK VILLAGE", "ref": "B4-47", "amenity": "bicycle_rental", "capacity": "7", "facility_type": "sharing", "fee": "yes", "brand": "Docomo Bike Share", "access": null, "covered": null, "supervised": null, "note": null, "operator": null, "opening_hours": null }, "geometry": { "type": "Point", "coordinates": [ 139.775138, 35.649119 ] } },
{ "type": "Feature", "properties": { "osm_id": "node/11840234675", "name": "HARUMI FLAG PARK VILLAGE", "ref": "B4-46", "amenity": "bicycle_rental", "capacity": "16", "facility_type": "sharing", "fee": "yes", "brand": "Docomo Bike Share", "access": null, "covered": null, "supervised": null, "note": null, "operator": null, "opening_hours": null }, "geometry": { "type": "Point", "coordinates": [ 139.773761900000011, 35.6496655 ] } },
{ "type": "Feature", "properties": { "osm_id": "node/11840234676", "name": "HARUMI FLAG PARK VILLAGE", "ref": "B4-45", "amenity": "bicycle_rental", "capacity": "12", "facility_type": "sharing", "fee": "yes", "brand": "Docomo Bike Share", "access": null, "covered": null, "supervised": null, "note": null, "operator": null, "opening_hours": null }, "geometry": { "type": "Point", "coordinates": [ 139.772764, 35.649002 ] } },
{ "type": "Feature", "properties": { "osm_id": "node/11840234677", "name": "HARUMI FLAG PARK VILLAGE", "ref": "B4-44", "amenity": "bicycle_rental", "capacity": "15", "facility_type": "sharing", "fee": "yes", "brand": "Docomo Bike Share", "access": null, "covered": null, "supervised": null, "note": null, "operator": null, "opening_hours": null }, "geometry": { "type": "Point", "coordinates": [ 139.772666, 35.648221 ] } },
{ "type": "Feature", "properties": { "osm_id": "node/11840234678", "name": "HARUMI FLAG SUN VILLAGE", "ref": "B4-42", "amenity": "bicycle_rental", "capacity": "12", "facility_type": "sharing", "fee": "yes", "brand": "Docomo Bike Share", "access": null, "covered": null, "supervised": null, "note": null, "operator": null, "opening_hours": null }, "geometry": { "type": "Point", "coordinates": [ 139.772656, 35.649329 ] } },
{ "type": "Feature", "properties": { "osm_id": "node/11840234679", "name": "HARUMI FLAG SUN VILLAGE", "ref": "B4-41", "amenity": "bicycle_rental", "capacity": "10", "facility_type": "sharing", "fee": "yes", "brand": "Docomo Bike Share", "access": null, "covered": null, "supervised": null, "note": null, "operator": null, "opening_hours": null }, "geometry": { "type": "Point", "coordinates": [ 139.77334, 35.649854 ] } },
{ "type": "Feature", "properties": { "osm_id": "node/11840234680", "name": "HARUMI FLAG SUN VILLAGE", "ref": "B4-40", "amenity": "bicycle_rental", "capacity": "11", "facility_type": "sharing", "fee": "yes", "brand": "Docomo Bike Share", "access": null, "covered": null, "supervised": null, "note": null, "operator": null, "opening_hours": null }, "geometry": { "type": "Point", "coordinates": [ 139.773379, 35.651305 ] } },
{ "type": "Feature", "properties": { "osm_id": "node/12298788721", "name": "ドムス・スタイル八丁堀", "ref": null, "amenity": "bicycle_rental", "capacity": "2", "facility_type": "sharing", "fee": "yes", "brand": "HELLO CYCLING", "access": null, "covered": null, "supervised": null, "note": null, "operator": null, "opening_hours": null }, "geometry": { "type": "Point", "coordinates": [ 139.7802705, 35.6706766 ] } },
{ "type": "Feature", "properties": { "osm_id": "node/12298788771", "name": "アーバイル日本橋小伝馬町", "ref": null, "amenity": "bicycle_rental", "capacity": "3", "facility_type": "sharing", "fee": "yes", "brand": "HELLO CYCLING", "access": null, "covered": null, "supervised": null, "note": null, "operator": "OpenStreet", "opening_hours": null }, "geometry": { "type": "Point", "coordinates": [ 139.7780405, 35.6893087 ] } },
{ "type": "Feature", "properties": { "osm_id": "node/12313875501", "name": "久松歩道橋", "ref": "B1-31", "amenity": "bicycle_rental", "capacity": "7", "facility_type": "sharing", "fee": "yes", "brand": "ドコモ・バイクシェア", "access": null, "covered": null, "supervised": null, "note": null, "operator": "ドコモ・バイクシェア", "opening_hours": null }, "geometry": { "type": "Point", "coordinates": [ 139.784909, 35.690331 ] } },
{ "type": "Feature", "properties": { "osm_id": "node/12313875516", "name": "菱和パレス日本橋浜町", "ref": "B1-30", "amenity": "bicycle_rental", "capacity": "2", "facility_type": "sharing", "fee": "yes", "brand": "ドコモ・バイクシェア", "access": null, "covered": null, "supervised": null, "note": null, "operator": "ドコモ・バイクシェア", "opening_hours": null }, "geometry": { "type": "Point", "coordinates": [ 139.790221, 35.685385 ] } },
{ "type": "Feature", "properties": { "osm_id": "node/12323028658", "name": null, "ref": null, "amenity": "bicycle_parking", "capacity": null, "facility_type": "parking", "fee": "no", "brand": null, "access": "customers", "covered": "no", "supervised": null, "note": null, "operator": null, "opening_hours": null }, "geometry": { "type": "Point", "coordinates": [ 139.7633418, 35.6629452 ] } },
{ "type": "Feature", "properties": { "osm_id": "node/12477719276", "name": "NPC24H八丁堀4丁目", "ref": null, "amenity": "bicycle_rental", "capacity": "3", "facility_type": "sharing", "fee": "yes", "brand": "HELLO CYCLING", "access": null, "covered": null, "supervised": null, "note": null, "operator": null, "opening_hours": null }, "geometry": { "type": "Point", "coordinates": [ 139.777848, 35.674333 ] } },
{ "type": "Feature", "properties": { "osm_id": "node/12500042760", "name": "TODA BUILDING", "ref": "B2-22", "amenity": "bicycle_rental", "capacity": "10", "facility_type": "sharing", "fee": "yes", "brand": "Docomo Bike Share", "access": null, "covered": null, "supervised": null, "note": null, "operator": null, "opening_hours": null }, "geometry": { "type": "Point", "coordinates": [ 139.772012, 35.678475 ] } },
{ "type": "Feature", "properties": { "osm_id": "node/13190051710", "name": "リパーク銀座昭和通り", "ref": null, "amenity": "bicycle_rental", "capacity": "9", "facility_type": "sharing", "fee": "yes", "brand": "HELLO CYCLING", "access": null, "covered": null, "supervised": null, "note": null, "operator": null, "opening_hours": null }, "geometry": { "type": "Point", "coordinates": [ 139.76391, 35.66789 ] } },
{ "type": "Feature", "properties": { "osm_id": "node/13192290118", "name": "ARKMARK八丁堀ASYLCOURT", "ref": "B2-24", "amenity": "bicycle_rental", "capacity": "3", "facility_type": "sharing", "fee": "yes", "brand": "Docomo Bike Share", "access": null, "covered": null, "supervised": null, "note": null, "operator": null, "opening_hours": null }, "geometry": { "type": "Point", "coordinates": [ 139.779714, 35.67288 ] } },
{ "type": "Feature", "properties": { "osm_id": "node/13192290124", "name": "HARUMI FLAG PARK VILLAGE", "ref": "B4-51", "amenity": "bicycle_rental", "capacity": "7", "facility_type": "sharing", "fee": "yes", "brand": "Docomo Bike Share", "access": null, "covered": null, "supervised": null, "note": null, "operator": null, "opening_hours": null }, "geometry": { "type": "Point", "coordinates": [ 139.774995, 35.64981 ] } },
{ "type": "Feature", "properties": { "osm_id": "node/13192290125", "name": "HARUMI FLAG SUN VILLAGE", "ref": "B4-43", "amenity": "bicycle_rental", "capacity": "7", "facility_type": "sharing", "fee": "yes", "brand": "Docomo Bike Share", "access": null, "covered": null, "supervised": null, "note": null, "operator": null, "opening_hours": null }, "geometry": { "type": "Point", "coordinates": [ 139.773789, 35.650992 ] } },
{ "type": "Feature", "properties": { "osm_id": "node/13192290145", "name": "VORT銀座ResidenceⅡ", "ref": "B2-27", "amenity": "bicycle_rental", "capacity": "6", "facility_type": "sharing", "fee": "yes", "brand": "ドコモ・バイクシェア", "access": null, "covered": null, "supervised": null, "note": null, "operator": "ドコモ・バイクシェア", "opening_hours": null }, "geometry": { "type": "Point", "coordinates": [ 139.77793, 35.67099 ] } },
{ "type": "Feature", "properties": { "osm_id": "node/13192290154", "name": "VORT新富町", "ref": "B2-26", "amenity": "bicycle_rental", "capacity": "2", "facility_type": "sharing", "fee": "yes", "brand": "Docomo Bike Share", "access": null, "covered": null, "supervised": null, "note": null, "operator": null, "opening_hours": null }, "geometry": { "type": "Point", "coordinates": [ 139.778387, 35.669797 ] } },
{ "type": "Feature", "properties": { "osm_id": "node/13192290164", "name": "リパーク築地3丁目第2", "ref": "B3-27", "amenity": "bicycle_rental", "capacity": "24", "facility_type": "sharing", "fee": "yes", "brand": "ドコモ・バイクシェア", "access": null, "covered": null, "supervised": null, "note": null, "operator": "ドコモ・バイクシェア", "opening_hours": null }, "geometry": { "type": "Point", "coordinates": [ 139.772609, 35.667382 ] } },
{ "type": "Feature", "properties": { "osm_id": "node/13192290169", "name": "アイフェリーク八丁堀", "ref": "B2-25", "amenity": "bicycle_rental", "capacity": "1", "facility_type": "sharing", "fee": "yes", "brand": "ドコモ・バイクシェア", "access": null, "covered": null, "supervised": null, "note": null, "operator": "ドコモ・バイクシェア", "opening_hours": null }, "geometry": { "type": "Point", "coordinates": [ 139.782729, 35.675252 ] } },
{ "type": "Feature", "properties": { "osm_id": "node/13192290190", "name": "ヴィークブライト月島", "ref": "B4-55", "amenity": "bicycle_rental", "capacity": "1", "facility_type": "sharing", "fee": "yes", "brand": "Docomo Bike Share", "access": null, "covered": null, "supervised": null, "note": null, "operator": null, "opening_hours": null }, "geometry": { "type": "Point", "coordinates": [ 139.781972, 35.665256 ] } },
{ "type": "Feature", "properties": { "osm_id": "node/13192290197", "name": "エピック東日本橋レジデンス", "ref": "B1-34", "amenity": "bicycle_rental", "capacity": "1", "facility_type": "sharing", "fee": "yes", "brand": "Docomo Bike Share", "access": null, "covered": null, "supervised": null, "note": null, "operator": null, "opening_hours": null }, "geometry": { "type": "Point", "coordinates": [ 139.786238, 35.693091 ] } },
{ "type": "Feature", "properties": { "osm_id": "node/13192290198", "name": "三井のリパーク築地7丁目", "ref": "B3-26", "amenity": "bicycle_rental", "capacity": "32", "facility_type": "sharing", "fee": "yes", "brand": "Docomo Bike Share", "access": null, "covered": null, "supervised": null, "note": null, "operator": null, "opening_hours": null }, "geometry": { "type": "Point", "coordinates": [ 139.775079, 35.665093 ] } },
{ "type": "Feature", "properties": { "osm_id": "node/13192291701", "name": "八丁堀１丁目（月極駐車場裏）", "ref": "B2-23", "amenity": "bicycle_rental", "capacity": "10", "facility_type": "sharing", "fee": "yes", "brand": "ドコモ・バイクシェア", "access": null, "covered": null, "supervised": null, "note": null, "operator": "ドコモ・バイクシェア", "opening_hours": null }, "geometry": { "type": "Point", "coordinates": [ 139.776832, 35.677782 ] } },
{ "type": "Feature", "properties": { "osm_id": "node/13192291754", "name": "アイフェリーク日本橋", "ref": "B1-33", "amenity": "bicycle_rental", "capacity": "3", "facility_type": "sharing", "fee": "yes", "brand": "ドコモ・バイクシェア", "access": null, "covered": null, "supervised": null, "note": null, "operator": "ドコモ・バイクシェア", "opening_hours": null }, "geometry": { "type": "Point", "coordinates": [ 139.790844, 35.683483 ] } },
{ "type": "Feature", "properties": { "osm_id": "node/13192291762", "name": "AXAS銀座ASYLCOURT1", "ref": "B3-24", "amenity": "bicycle_rental", "capacity": "1", "facility_type": "sharing", "fee": "yes", "brand": "Docomo Bike Share", "access": null, "covered": null, "supervised": null, "note": null, "operator": null, "opening_hours": null }, "geometry": { "type": "Point", "coordinates": [ 139.77519, 35.67257 ] } },
{ "type": "Feature", "properties": { "osm_id": "node/13192291783", "name": "タカオビル", "ref": "B1-32", "amenity": "bicycle_rental", "capacity": "18", "facility_type": "sharing", "fee": "yes", "brand": "ドコモ・バイクシェア", "access": null, "covered": null, "supervised": null, "note": null, "operator": "ドコモ・バイクシェア", "opening_hours": null }, "geometry": { "type": "Point", "coordinates": [ 139.78515, 35.684304 ] } },
{ "type": "Feature", "properties": { "osm_id": "node/13463867354", "name": null, "ref": null, "amenity": "bicycle_parking", "capacity": "20", "facility_type": "parking", "fee": null, "brand": null, "access": "yes", "covered": "yes", "supervised": null, "note": null, "operator": null, "opening_hours": null }, "geometry": { "type": "Point", "coordinates": [ 139.7701041, 35.6533984 ] } },
{ "type": "Feature", "properties": { "osm_id": "node/13463867366", "name": null, "ref": null, "amenity": "bicycle_parking", "capacity": null, "facility_type": "parking", "fee": null, "brand": null, "access": "residents", "covered": null, "supervised": null, "note": null, "operator": null, "opening_hours": null }, "geometry": { "type": "Point", "coordinates": [ 139.7750179, 35.6516572 ] } },
{ "type": "Feature", "properties": { "osm_id": "node/13463867372", "name": null, "ref": null, "amenity": "bicycle_parking", "capacity": null, "facility_type": "parking", "fee": null, "brand": null, "access": "residents", "covered": "yes", "supervised": null, "note": null, "operator": null, "opening_hours": "06:30-25:30" }, "geometry": { "type": "Point", "coordinates": [ 139.774515900000011, 35.6516417 ] } },
{ "type": "Feature", "properties": { "osm_id": "node/13525312303", "name": null, "ref": null, "amenity": "bicycle_parking", "capacity": null, "facility_type": "parking", "fee": null, "brand": null, "access": null, "covered": null, "supervised": null, "note": null, "operator": null, "opening_hours": null }, "geometry": { "type": "Point", "coordinates": [ 139.7725359, 35.6882763 ] } },
{ "type": "Feature", "properties": { "osm_id": "node/13722933502", "name": "明石町薬局", "ref": null, "amenity": "bicycle_rental", "capacity": "4", "facility_type": "sharing", "fee": "yes", "brand": "HELLO CYCLING", "access": null, "covered": null, "supervised": null, "note": null, "operator": null, "opening_hours": null }, "geometry": { "type": "Point", "coordinates": [ 139.77561780000002, 35.6670444 ] } },
{ "type": "Feature", "properties": { "osm_id": "node/13722933519", "name": "アーバイル新日本橋", "ref": null, "amenity": "bicycle_rental", "capacity": "5", "facility_type": "sharing", "fee": "yes", "brand": "HELLO CYCLING", "access": null, "covered": null, "supervised": null, "note": null, "operator": null, "opening_hours": null }, "geometry": { "type": "Point", "coordinates": [ 139.776057400000013, 35.690117 ] } },
{ "type": "Feature", "properties": { "osm_id": "node/13722933589", "name": "月島マンション駐車場", "ref": null, "amenity": "bicycle_rental", "capacity": "5", "facility_type": "sharing", "fee": "yes", "brand": "HELLO CYCLING", "access": null, "covered": null, "supervised": null, "note": null, "operator": null, "opening_hours": null }, "geometry": { "type": "Point", "coordinates": [ 139.779100700000015, 35.6607439 ] } },
{ "type": "Feature", "properties": { "osm_id": "node/13722933622", "name": "人形町駅前（2）", "ref": null, "amenity": "bicycle_rental", "capacity": "20", "facility_type": "sharing", "fee": "yes", "brand": "HELLO CYCLING", "access": null, "covered": null, "supervised": null, "note": null, "operator": null, "opening_hours": null }, "geometry": { "type": "Point", "coordinates": [ 139.7813185, 35.685761 ] } },
{ "type": "Feature", "properties": { "osm_id": "node/13722933623", "name": "人形町駅前（1）", "ref": null, "amenity": "bicycle_rental", "capacity": "3", "facility_type": "sharing", "fee": "yes", "brand": "HELLO CYCLING", "access": null, "covered": null, "supervised": null, "note": null, "operator": null, "opening_hours": null }, "geometry": { "type": "Point", "coordinates": [ 139.781376200000011, 35.685788 ] } },
{ "type": "Feature", "properties": { "osm_id": "node/13722933642", "name": "リパーク日本橋人形町3丁目第7", "ref": null, "amenity": "bicycle_rental", "capacity": "22", "facility_type": "sharing", "fee": "yes", "brand": "HELLO CYCLING", "access": null, "covered": null, "supervised": null, "note": null, "operator": null, "opening_hours": null }, "geometry": { "type": "Point", "coordinates": [ 139.780968800000011, 35.6859252 ] } },
{ "type": "Feature", "properties": { "osm_id": "node/13722933686", "name": "日本橋富沢町", "ref": null, "amenity": "bicycle_rental", "capacity": "13", "facility_type": "sharing", "fee": "yes", "brand": "HELLO CYCLING", "access": null, "covered": null, "supervised": null, "note": null, "operator": null, "opening_hours": null }, "geometry": { "type": "Point", "coordinates": [ 139.78252, 35.69034 ] } },
{ "type": "Feature", "properties": { "osm_id": "node/13726767882", "name": "アパホテル〈日本橋浜町南〉", "ref": "B1-39", "amenity": "bicycle_rental", "capacity": "4", "facility_type": "sharing", "fee": "yes", "brand": "Docomo Bike Share", "access": null, "covered": null, "supervised": null, "note": null, "operator": null, "opening_hours": null }, "geometry": { "type": "Point", "coordinates": [ 139.791602, 35.686419 ] } },
{ "type": "Feature", "properties": { "osm_id": "node/13726767883", "name": "あやめ第一公園駐車場", "ref": "B1-40", "amenity": "bicycle_rental", "capacity": "5", "facility_type": "sharing", "fee": "yes", "brand": "Docomo Bike Share", "access": null, "covered": null, "supervised": null, "note": null, "operator": null, "opening_hours": null }, "geometry": { "type": "Point", "coordinates": [ 139.790814, 35.684259 ] } },
{ "type": "Feature", "properties": { "osm_id": "node/13726767885", "name": "リパーク東日本橋2丁目第3", "ref": "B1-36", "amenity": "bicycle_rental", "capacity": "38", "facility_type": "sharing", "fee": "yes", "brand": "Docomo Bike Share", "access": null, "covered": null, "supervised": null, "note": null, "operator": null, "opening_hours": null }, "geometry": { "type": "Point", "coordinates": [ 139.78532, 35.69195 ] } },
{ "type": "Feature", "properties": { "osm_id": "node/13726767886", "name": "ラヴェンナ日本橋", "ref": "B1-38", "amenity": "bicycle_rental", "capacity": "9", "facility_type": "sharing", "fee": "yes", "brand": "Docomo Bike Share", "access": null, "covered": null, "supervised": null, "note": null, "operator": null, "opening_hours": null }, "geometry": { "type": "Point", "coordinates": [ 139.785168, 35.681912 ] } },
{ "type": "Feature", "properties": { "osm_id": "node/13726767887", "name": "日本橋３", "ref": "B1-37", "amenity": "bicycle_rental", "capacity": "2", "facility_type": "sharing", "fee": "yes", "brand": "Docomo Bike Share", "access": null, "covered": null, "supervised": null, "note": null, "operator": null, "opening_hours": null }, "geometry": { "type": "Point", "coordinates": [ 139.782264, 35.690669 ] } },
{ "type": "Feature", "properties": { "osm_id": "node/13726767891", "name": "Daiwa terrace日本橋", "ref": "B1-35", "amenity": "bicycle_rental", "capacity": "2", "facility_type": "sharing", "fee": "yes", "brand": "Docomo Bike Share", "access": null, "covered": null, "supervised": null, "note": null, "operator": null, "opening_hours": null }, "geometry": { "type": "Point", "coordinates": [ 139.777825, 35.685338 ] } },
{ "type": "Feature", "properties": { "osm_id": "node/13799935805", "name": "bicycle parking rack", "ref": null, "amenity": "bicycle_parking", "capacity": null, "facility_type": "parking", "fee": null, "brand": null, "access": null, "covered": null, "supervised": null, "note": null, "operator": "Ginza Novo", "opening_hours": "Mo-Su 07:00-23:00" }, "geometry": { "type": "Point", "coordinates": [ 139.762415200000021, 35.6723828 ] } },
{ "type": "Feature", "properties": { "osm_id": "node/13823278989", "name": "Luup", "ref": null, "amenity": "bicycle_rental", "capacity": null, "facility_type": "sharing", "fee": null, "brand": null, "access": null, "covered": null, "supervised": null, "note": null, "operator": null, "opening_hours": null }, "geometry": { "type": "Point", "coordinates": [ 139.786276500000014, 35.6925422 ] } },
{ "type": "Feature", "properties": { "osm_id": "node/13823729601", "name": null, "ref": null, "amenity": "bicycle_parking", "capacity": null, "facility_type": "parking", "fee": null, "brand": null, "access": null, "covered": null, "supervised": null, "note": null, "operator": null, "opening_hours": "Mo-Su 09:30-18:00" }, "geometry": { "type": "Point", "coordinates": [ 139.7734031, 35.685002 ] } },
{ "type": "Feature", "properties": { "osm_id": "node/13824841713", "name": "Luup", "ref": null, "amenity": "bicycle_rental", "capacity": null, "facility_type": "sharing", "fee": null, "brand": null, "access": null, "covered": null, "supervised": null, "note": null, "operator": null, "opening_hours": null }, "geometry": { "type": "Point", "coordinates": [ 139.7809904, 35.6551042 ] } },
{ "type": "Feature", "properties": { "osm_id": "node/13843881301", "name": "eco21 bike park", "ref": null, "amenity": "bicycle_parking", "capacity": null, "facility_type": "parking", "fee": null, "brand": null, "access": null, "covered": null, "supervised": null, "note": null, "operator": null, "opening_hours": null }, "geometry": { "type": "Point", "coordinates": [ 139.770337400000017, 35.674597 ] } },
{ "type": "Feature", "properties": { "osm_id": "way/157214508", "name": null, "ref": null, "amenity": "bicycle_parking", "capacity": null, "facility_type": "parking", "fee": null, "brand": null, "access": null, "covered": null, "supervised": null, "note": null, "operator": null, "opening_hours": null }, "geometry": { "type": "Point", "coordinates": [ 139.787497934553784, 35.688942940057096 ] } },
{ "type": "Feature", "properties": { "osm_id": "way/187643742", "name": null, "ref": null, "amenity": "bicycle_parking", "capacity": null, "facility_type": "parking", "fee": null, "brand": null, "access": null, "covered": null, "supervised": null, "note": null, "operator": null, "opening_hours": null }, "geometry": { "type": "Point", "coordinates": [ 139.77929115864751, 35.680874423399999 ] } },
{ "type": "Feature", "properties": { "osm_id": "way/187643753", "name": null, "ref": null, "amenity": "bicycle_parking", "capacity": null, "facility_type": "parking", "fee": null, "brand": null, "access": null, "covered": null, "supervised": null, "note": null, "operator": null, "opening_hours": null }, "geometry": { "type": "Point", "coordinates": [ 139.779336539097699, 35.680832118438168 ] } },
{ "type": "Feature", "properties": { "osm_id": "way/588513833", "name": "中央区立茅場町駐輪場", "ref": null, "amenity": "bicycle_parking", "capacity": null, "facility_type": "parking", "fee": null, "brand": null, "access": null, "covered": null, "supervised": null, "note": null, "operator": null, "opening_hours": null }, "geometry": { "type": "Point", "coordinates": [ 139.78114430707825, 35.679074957009426 ] } },
{ "type": "Feature", "properties": { "osm_id": "way/693138468", "name": "日本橋二丁目地下駐輪場", "ref": null, "amenity": "bicycle_parking", "capacity": "134", "facility_type": "parking", "fee": "yes", "brand": null, "access": "yes", "covered": "yes", "supervised": null, "note": null, "operator": "中央区", "opening_hours": "05:00-01:00" }, "geometry": { "type": "Point", "coordinates": [ 139.774589294277831, 35.680905095369134 ] } },
{ "type": "Feature", "properties": { "osm_id": "way/696544655", "name": "八重洲二丁目北地区広場", "ref": null, "amenity": "bicycle_rental", "capacity": "0", "facility_type": "sharing", "fee": "yes", "brand": "Docomo Bike Share", "access": null, "covered": null, "supervised": null, "note": null, "operator": null, "opening_hours": null }, "geometry": { "type": "Point", "coordinates": [ 139.770037169001711, 35.679439389829881 ] } },
{ "type": "Feature", "properties": { "osm_id": "way/705890546", "name": "八丁堀第一駐輪場", "ref": null, "amenity": "bicycle_parking", "capacity": null, "facility_type": "parking", "fee": "yes", "brand": null, "access": null, "covered": null, "supervised": null, "note": null, "operator": null, "opening_hours": null }, "geometry": { "type": "Point", "coordinates": [ 139.776325561634394, 35.674017343103174 ] } },
{ "type": "Feature", "properties": { "osm_id": "way/1081113158", "name": null, "ref": null, "amenity": "bicycle_parking", "capacity": null, "facility_type": "parking", "fee": null, "brand": null, "access": "private", "covered": null, "supervised": null, "note": null, "operator": null, "opening_hours": null }, "geometry": { "type": "Point", "coordinates": [ 139.791401196245317, 35.68420770604807 ] } },
{ "type": "Feature", "properties": { "osm_id": "way/1082560790", "name": null, "ref": null, "amenity": "bicycle_parking", "capacity": null, "facility_type": "parking", "fee": "no", "brand": null, "access": "yes", "covered": "yes", "supervised": null, "note": null, "operator": null, "opening_hours": null }, "geometry": { "type": "Point", "coordinates": [ 139.791061722344949, 35.684495814141727 ] } },
{ "type": "Feature", "properties": { "osm_id": "way/1159081981", "name": null, "ref": null, "amenity": "bicycle_parking", "capacity": null, "facility_type": "parking", "fee": null, "brand": null, "access": null, "covered": null, "supervised": null, "note": null, "operator": null, "opening_hours": null }, "geometry": { "type": "Point", "coordinates": [ 139.76996420929666, 35.649012466104566 ] } },
{ "type": "Feature", "properties": { "osm_id": "way/1193781652", "name": null, "ref": null, "amenity": "bicycle_parking", "capacity": null, "facility_type": "parking", "fee": null, "brand": null, "access": null, "covered": null, "supervised": null, "note": null, "operator": null, "opening_hours": null }, "geometry": { "type": "Point", "coordinates": [ 139.772848923779037, 35.647637826237414 ] } },
{ "type": "Feature", "properties": { "osm_id": "way/1268123627", "name": "サイカパーク晴海五丁目ターミナル駐輪場", "ref": null, "amenity": "bicycle_parking", "capacity": null, "facility_type": "parking", "fee": null, "brand": null, "access": null, "covered": null, "supervised": null, "note": null, "operator": null, "opening_hours": null }, "geometry": { "type": "Point", "coordinates": [ 139.773046455215194, 35.651606751789892 ] } },
{ "type": "Feature", "properties": { "osm_id": "way/1340493091", "name": null, "ref": null, "amenity": "bicycle_parking", "capacity": null, "facility_type": "parking", "fee": "yes", "brand": null, "access": null, "covered": null, "supervised": null, "note": null, "operator": null, "opening_hours": null }, "geometry": { "type": "Point", "coordinates": [ 139.766281536254866, 35.675750229618707 ] } },
{ "type": "Feature", "properties": { "osm_id": "way/1425960013", "name": null, "ref": null, "amenity": "bicycle_parking", "capacity": null, "facility_type": "parking", "fee": null, "brand": null, "access": null, "covered": null, "supervised": null, "note": null, "operator": null, "opening_hours": null }, "geometry": { "type": "Point", "coordinates": [ 139.765980713080182, 35.675825073928458 ] } },
{ "type": "Feature", "properties": { "osm_id": "way/1427050729", "name": null, "ref": null, "amenity": "bicycle_parking", "capacity": null, "facility_type": "parking", "fee": null, "brand": null, "access": null, "covered": "yes", "supervised": null, "note": null, "operator": null, "opening_hours": null }, "geometry": { "type": "Point", "coordinates": [ 139.775031101590542, 35.656551751134359 ] } },
{ "type": "Feature", "properties": { "osm_id": "way/1467961955", "name": null, "ref": null, "amenity": "bicycle_parking", "capacity": "738", "facility_type": "parking", "fee": "yes", "brand": null, "access": "customers", "covered": "yes", "supervised": null, "note": null, "operator": null, "opening_hours": null }, "geometry": { "type": "Point", "coordinates": [ 139.776259015886978, 35.658370296597639 ] } },
{ "type": "Feature", "properties": { "osm_id": "node/2058045795", "name": "こうなん星の公園", "ref": "C5-01", "amenity": "bicycle_rental", "capacity": "35", "facility_type": "sharing", "fee": "yes", "brand": "ドコモ・バイクシェア", "access": null, "covered": null, "supervised": null, "note": null, "operator": "ドコモ・バイクシェア", "opening_hours": null }, "geometry": { "type": "Point", "coordinates": [ 139.7421746, 35.6296492 ] } },
{ "type": "Feature", "properties": { "osm_id": "node/2126067503", "name": "乃木坂駅暫定自転車等置場", "ref": null, "amenity": "bicycle_parking", "capacity": null, "facility_type": "parking", "fee": "no", "brand": null, "access": "yes", "covered": "yes", "supervised": null, "note": null, "operator": null, "opening_hours": null }, "geometry": { "type": "Point", "coordinates": [ 139.724953, 35.665614 ] } },
{ "type": "Feature", "properties": { "osm_id": "node/2136567231", "name": "PARK専用駐車場", "ref": null, "amenity": "bicycle_parking", "capacity": null, "facility_type": "parking", "fee": null, "brand": null, "access": "customers", "covered": null, "supervised": null, "note": null, "operator": null, "opening_hours": null }, "geometry": { "type": "Point", "coordinates": [ 139.7469083, 35.6479837 ] } },
{ "type": "Feature", "properties": { "osm_id": "node/2171062084", "name": "エコステーション21 京急品川駅前駐輪場", "ref": null, "amenity": "bicycle_parking", "capacity": "30", "facility_type": "parking", "fee": "yes", "brand": "EcoStation21", "access": "yes", "covered": "no", "supervised": null, "note": null, "operator": "日本コンピュータ・ダイナミクス", "opening_hours": "24/7" }, "geometry": { "type": "Point", "coordinates": [ 139.7351985, 35.6294657 ] } },
{ "type": "Feature", "properties": { "osm_id": "node/2176937121", "name": "赤坂見附駅前暫定自転車駐車場", "ref": null, "amenity": "bicycle_parking", "capacity": null, "facility_type": "parking", "fee": null, "brand": null, "access": null, "covered": "yes", "supervised": null, "note": null, "operator": null, "opening_hours": null }, "geometry": { "type": "Point", "coordinates": [ 139.736373, 35.677947 ] } },
{ "type": "Feature", "properties": { "osm_id": "node/2401014892", "name": "麻布十番第1暫定自転車駐車場", "ref": null, "amenity": "bicycle_parking", "capacity": null, "facility_type": "parking", "fee": null, "brand": null, "access": null, "covered": null, "supervised": null, "note": null, "operator": null, "opening_hours": null }, "geometry": { "type": "Point", "coordinates": [ 139.737341, 35.655964 ] } },
{ "type": "Feature", "properties": { "osm_id": "node/3392198178", "name": null, "ref": null, "amenity": "bicycle_parking", "capacity": null, "facility_type": "parking", "fee": null, "brand": null, "access": null, "covered": "yes", "supervised": null, "note": null, "operator": "港区", "opening_hours": null }, "geometry": { "type": "Point", "coordinates": [ 139.7584932, 35.6564518 ] } },
{ "type": "Feature", "properties": { "osm_id": "node/3392198185", "name": "田町駅東口自転車等駐車場", "ref": null, "amenity": "bicycle_parking", "capacity": null, "facility_type": "parking", "fee": null, "brand": null, "access": null, "covered": "yes", "supervised": null, "note": null, "operator": null, "opening_hours": null }, "geometry": { "type": "Point", "coordinates": [ 139.74832330000001, 35.6442252 ] } },
{ "type": "Feature", "properties": { "osm_id": "node/3392198186", "name": "田町駅西口第1暫定自転車等駐車場", "ref": null, "amenity": "bicycle_parking", "capacity": null, "facility_type": "parking", "fee": null, "brand": null, "access": null, "covered": "no", "supervised": null, "note": null, "operator": null, "opening_hours": null }, "geometry": { "type": "Point", "coordinates": [ 139.745100800000017, 35.645388 ] } },
{ "type": "Feature", "properties": { "osm_id": "node/3392198187", "name": "田町駅西口第2・第3暫定自転車駐車場", "ref": null, "amenity": "bicycle_parking", "capacity": null, "facility_type": "parking", "fee": null, "brand": null, "access": null, "covered": "no", "supervised": null, "note": null, "operator": null, "opening_hours": null }, "geometry": { "type": "Point", "coordinates": [ 139.7483972, 35.6476178 ] } },
{ "type": "Feature", "properties": { "osm_id": "node/3392198188", "name": null, "ref": null, "amenity": "bicycle_parking", "capacity": null, "facility_type": "parking", "fee": null, "brand": null, "access": null, "covered": "yes", "supervised": null, "note": null, "operator": null, "opening_hours": null }, "geometry": { "type": "Point", "coordinates": [ 139.7338531, 35.664293 ] } },
{ "type": "Feature", "properties": { "osm_id": "node/3392198189", "name": null, "ref": null, "amenity": "bicycle_parking", "capacity": null, "facility_type": "parking", "fee": null, "brand": null, "access": null, "covered": "no", "supervised": null, "note": null, "operator": null, "opening_hours": null }, "geometry": { "type": "Point", "coordinates": [ 139.735009100000013, 35.662383 ] } },
{ "type": "Feature", "properties": { "osm_id": "node/3392317753", "name": "麻布十番第1暫定自転車駐車場", "ref": null, "amenity": "bicycle_parking", "capacity": null, "facility_type": "parking", "fee": null, "brand": null, "access": null, "covered": "no", "supervised": null, "note": null, "operator": null, "opening_hours": null }, "geometry": { "type": "Point", "coordinates": [ 139.7365964, 35.6533293 ] } },
{ "type": "Feature", "properties": { "osm_id": "node/3392317754", "name": "麻布十番第1暫定自転車駐車場", "ref": null, "amenity": "bicycle_parking", "capacity": "49", "facility_type": "parking", "fee": null, "brand": null, "access": null, "covered": null, "supervised": null, "note": null, "operator": null, "opening_hours": null }, "geometry": { "type": "Point", "coordinates": [ 139.7368552, 35.6549766 ] } },
{ "type": "Feature", "properties": { "osm_id": "node/3392317755", "name": "麻布十番第1暫定自転車駐車場", "ref": null, "amenity": "bicycle_parking", "capacity": null, "facility_type": "parking", "fee": null, "brand": null, "access": null, "covered": null, "supervised": null, "note": null, "operator": null, "opening_hours": null }, "geometry": { "type": "Point", "coordinates": [ 139.736733500000014, 35.6540077 ] } },
{ "type": "Feature", "properties": { "osm_id": "node/3392317756", "name": "麻布十番第1暫定自転車駐車場", "ref": null, "amenity": "bicycle_parking", "capacity": null, "facility_type": "parking", "fee": null, "brand": null, "access": null, "covered": null, "supervised": null, "note": null, "operator": null, "opening_hours": null }, "geometry": { "type": "Point", "coordinates": [ 139.737121700000017, 35.6543945 ] } },
{ "type": "Feature", "properties": { "osm_id": "node/3392317757", "name": "麻布十番第2暫定自転車等駐車場", "ref": null, "amenity": "bicycle_parking", "capacity": null, "facility_type": "parking", "fee": null, "brand": null, "access": null, "covered": "no", "supervised": null, "note": null, "operator": null, "opening_hours": null }, "geometry": { "type": "Point", "coordinates": [ 139.733825, 35.6572084 ] } },
{ "type": "Feature", "properties": { "osm_id": "node/3392317758", "name": "青山一丁目駅前暫定自転車駐車場", "ref": null, "amenity": "bicycle_parking", "capacity": null, "facility_type": "parking", "fee": null, "brand": null, "access": null, "covered": "no", "supervised": null, "note": null, "operator": null, "opening_hours": null }, "geometry": { "type": "Point", "coordinates": [ 139.7246862, 35.6720759 ] } },
{ "type": "Feature", "properties": { "osm_id": "node/3392596627", "name": "白金高輪駅自転車駐車場", "ref": null, "amenity": "bicycle_parking", "capacity": null, "facility_type": "parking", "fee": null, "brand": null, "access": null, "covered": "yes", "supervised": null, "note": null, "operator": null, "opening_hours": null }, "geometry": { "type": "Point", "coordinates": [ 139.7345747, 35.6433523 ] } },
{ "type": "Feature", "properties": { "osm_id": "node/3392596628", "name": "松ヶ丘暫定自転車置場", "ref": null, "amenity": "bicycle_parking", "capacity": null, "facility_type": "parking", "fee": "no", "brand": null, "access": null, "covered": "no", "supervised": null, "note": null, "operator": null, "opening_hours": null }, "geometry": { "type": "Point", "coordinates": [ 139.734517400000016, 35.6421984 ] } },
{ "type": "Feature", "properties": { "osm_id": "node/3392596630", "name": "品川駅港南口自転車等駐車場", "ref": null, "amenity": "bicycle_parking", "capacity": null, "facility_type": "parking", "fee": null, "brand": null, "access": null, "covered": "yes", "supervised": null, "note": null, "operator": null, "opening_hours": null }, "geometry": { "type": "Point", "coordinates": [ 139.741890500000011, 35.6291924 ] } },
{ "type": "Feature", "properties": { "osm_id": "node/3392596631", "name": "品川駅港南口自転車等駐車場", "ref": null, "amenity": "bicycle_parking", "capacity": null, "facility_type": "parking", "fee": null, "brand": null, "access": null, "covered": "yes", "supervised": null, "note": null, "operator": null, "opening_hours": null }, "geometry": { "type": "Point", "coordinates": [ 139.741828600000019, 35.6286401 ] } },
{ "type": "Feature", "properties": { "osm_id": "node/3392596644", "name": "お台場海浜公園駅暫定自転車等置場", "ref": null, "amenity": "bicycle_parking", "capacity": null, "facility_type": "parking", "fee": "no", "brand": null, "access": null, "covered": "yes", "supervised": null, "note": null, "operator": null, "opening_hours": null }, "geometry": { "type": "Point", "coordinates": [ 139.7781721, 35.6292611 ] } },
{ "type": "Feature", "properties": { "osm_id": "node/3392596645", "name": "新橋駅第1暫定自転車駐車場", "ref": null, "amenity": "bicycle_parking", "capacity": "40", "facility_type": "parking", "fee": null, "brand": null, "access": null, "covered": "yes", "supervised": null, "note": null, "operator": null, "opening_hours": null }, "geometry": { "type": "Point", "coordinates": [ 139.7581381, 35.6673953 ] } },
{ "type": "Feature", "properties": { "osm_id": "node/3392596660", "name": "品川駅高輪口第一暫定自転車等駐車場", "ref": null, "amenity": "bicycle_parking", "capacity": null, "facility_type": "parking", "fee": "yes", "brand": null, "access": null, "covered": "yes", "supervised": null, "note": null, "operator": null, "opening_hours": null }, "geometry": { "type": "Point", "coordinates": [ 139.7381766, 35.6259188 ] } },
{ "type": "Feature", "properties": { "osm_id": "node/3392596661", "name": "品川駅高輪口第二暫定自転車等駐車場", "ref": null, "amenity": "bicycle_parking", "capacity": null, "facility_type": "parking", "fee": null, "brand": null, "access": null, "covered": "no", "supervised": null, "note": null, "operator": null, "opening_hours": null }, "geometry": { "type": "Point", "coordinates": [ 139.737223, 35.6291794 ] } },
{ "type": "Feature", "properties": { "osm_id": "node/3419370640", "name": "田町駅西口第4・第5暫定", "ref": null, "amenity": "bicycle_parking", "capacity": null, "facility_type": "parking", "fee": null, "brand": null, "access": null, "covered": null, "supervised": null, "note": null, "operator": null, "opening_hours": null }, "geometry": { "type": "Point", "coordinates": [ 139.747370400000023, 35.645959 ] } },
{ "type": "Feature", "properties": { "osm_id": "node/3429819124", "name": null, "ref": null, "amenity": "bicycle_parking", "capacity": null, "facility_type": "parking", "fee": null, "brand": null, "access": null, "covered": null, "supervised": null, "note": null, "operator": null, "opening_hours": null }, "geometry": { "type": "Point", "coordinates": [ 139.752060700000015, 35.6471616 ] } },
{ "type": "Feature", "properties": { "osm_id": "node/4875280021", "name": "アークヒルズ（アーク森ビル）", "ref": "C2-01", "amenity": "bicycle_rental", "capacity": "11", "facility_type": "sharing", "fee": "yes", "brand": "Docomo Bike Share", "access": null, "covered": null, "supervised": null, "note": null, "operator": null, "opening_hours": "24/7" }, "geometry": { "type": "Point", "coordinates": [ 139.7395023, 35.6670728 ] } },
{ "type": "Feature", "properties": { "osm_id": "node/5684126364", "name": null, "ref": null, "amenity": "bicycle_parking", "capacity": null, "facility_type": "parking", "fee": null, "brand": null, "access": "private", "covered": null, "supervised": null, "note": null, "operator": null, "opening_hours": null }, "geometry": { "type": "Point", "coordinates": [ 139.7505808, 35.6491494 ] } },
{ "type": "Feature", "properties": { "osm_id": "node/5774374188", "name": "Cycle Rest 虎ノ門", "ref": null, "amenity": "bicycle_parking", "capacity": null, "facility_type": "parking", "fee": null, "brand": null, "access": null, "covered": null, "supervised": null, "note": null, "operator": null, "opening_hours": null }, "geometry": { "type": "Point", "coordinates": [ 139.7519857, 35.669084 ] } },
{ "type": "Feature", "properties": { "osm_id": "node/5802724386", "name": "KDX西新橋ビル（北側）", "ref": "C1-37", "amenity": "bicycle_rental", "capacity": "4", "facility_type": "sharing", "fee": "yes", "brand": "Docomo Bike Share", "access": null, "covered": null, "supervised": null, "note": null, "operator": null, "opening_hours": null }, "geometry": { "type": "Point", "coordinates": [ 139.750807300000019, 35.6652221 ] } },
{ "type": "Feature", "properties": { "osm_id": "node/5982156290", "name": "グランパーク", "ref": "C5-09", "amenity": "bicycle_rental", "capacity": "21", "facility_type": "sharing", "fee": "yes", "brand": "ドコモ・バイクシェア", "access": null, "covered": null, "supervised": null, "note": null, "operator": "ドコモ・バイクシェア", "opening_hours": null }, "geometry": { "type": "Point", "coordinates": [ 139.746267900000021, 35.6431748 ] } },
{ "type": "Feature", "properties": { "osm_id": "node/6606665425", "name": null, "ref": null, "amenity": "bicycle_parking", "capacity": "30", "facility_type": "parking", "fee": "free for 2 hours", "brand": null, "access": "yes", "covered": "no", "supervised": "yes", "note": null, "operator": null, "opening_hours": null }, "geometry": { "type": "Point", "coordinates": [ 139.7454692, 35.6579459 ] } },
{ "type": "Feature", "properties": { "osm_id": "node/6878484164", "name": null, "ref": null, "amenity": "bicycle_parking", "capacity": null, "facility_type": "parking", "fee": "no", "brand": null, "access": null, "covered": "no", "supervised": null, "note": null, "operator": null, "opening_hours": null }, "geometry": { "type": "Point", "coordinates": [ 139.7243014, 35.6512973 ] } },
{ "type": "Feature", "properties": { "osm_id": "node/6878484166", "name": "麻布運動場", "ref": "C2-13", "amenity": "bicycle_rental", "capacity": "8", "facility_type": "sharing", "fee": "yes", "brand": "ドコモ・バイクシェア", "access": null, "covered": null, "supervised": null, "note": null, "operator": "ドコモ・バイクシェア", "opening_hours": null }, "geometry": { "type": "Point", "coordinates": [ 139.7281777, 35.6517708 ] } },
{ "type": "Feature", "properties": { "osm_id": "node/6878486792", "name": "アークヒルズサウスタワー", "ref": "C2-03", "amenity": "bicycle_rental", "capacity": "13", "facility_type": "sharing", "fee": "yes", "brand": "ドコモ・バイクシェア", "access": null, "covered": null, "supervised": null, "note": null, "operator": "ドコモ・バイクシェア", "opening_hours": null }, "geometry": { "type": "Point", "coordinates": [ 139.7392475, 35.6662887 ] } },
{ "type": "Feature", "properties": { "osm_id": "node/6878486799", "name": null, "ref": null, "amenity": "bicycle_parking", "capacity": null, "facility_type": "parking", "fee": "no", "brand": null, "access": "permissive", "covered": "no", "supervised": "no", "note": null, "operator": null, "opening_hours": null }, "geometry": { "type": "Point", "coordinates": [ 139.723934500000013, 35.6514952 ] } },
{ "type": "Feature", "properties": { "osm_id": "node/6878486820", "name": null, "ref": null, "amenity": "bicycle_parking", "capacity": null, "facility_type": "parking", "fee": null, "brand": null, "access": null, "covered": null, "supervised": null, "note": null, "operator": null, "opening_hours": null }, "geometry": { "type": "Point", "coordinates": [ 139.72583880000002, 35.6514429 ] } },
{ "type": "Feature", "properties": { "osm_id": "node/6878486823", "name": "六本木ヒルズ", "ref": "C2-02", "amenity": "bicycle_rental", "capacity": "26", "facility_type": "sharing", "fee": "yes", "brand": "Docomo Bike Share", "access": null, "covered": null, "supervised": null, "note": null, "operator": null, "opening_hours": null }, "geometry": { "type": "Point", "coordinates": [ 139.7285343, 35.6611582 ] } },
{ "type": "Feature", "properties": { "osm_id": "node/6929868000", "name": "六本木ヒルズ", "ref": "C2-02", "amenity": "bicycle_parking", "capacity": null, "facility_type": "parking", "fee": null, "brand": null, "access": null, "covered": null, "supervised": null, "note": null, "operator": null, "opening_hours": null }, "geometry": { "type": "Point", "coordinates": [ 139.72853090000001, 35.6611557 ] } },
{ "type": "Feature", "properties": { "osm_id": "node/7079171898", "name": "港区役所", "ref": "C1-17", "amenity": "bicycle_rental", "capacity": "5", "facility_type": "sharing", "fee": "yes", "brand": "ドコモ・バイクシェア", "access": null, "covered": null, "supervised": null, "note": null, "operator": "ドコモ・バイクシェア", "opening_hours": null }, "geometry": { "type": "Point", "coordinates": [ 139.751052900000019, 35.6578941 ] } },
{ "type": "Feature", "properties": { "osm_id": "node/7823625403", "name": null, "ref": null, "amenity": "bicycle_parking", "capacity": null, "facility_type": "parking", "fee": null, "brand": null, "access": null, "covered": null, "supervised": null, "note": null, "operator": null, "opening_hours": null }, "geometry": { "type": "Point", "coordinates": [ 139.7745466, 35.6285543 ] } },
{ "type": "Feature", "properties": { "osm_id": "node/9093654622", "name": null, "ref": null, "amenity": "bicycle_parking", "capacity": null, "facility_type": "parking", "fee": null, "brand": null, "access": "private", "covered": null, "supervised": null, "note": null, "operator": null, "opening_hours": null }, "geometry": { "type": "Point", "coordinates": [ 139.7518743, 35.6579238 ] } },
{ "type": "Feature", "properties": { "osm_id": "node/9093654626", "name": null, "ref": null, "amenity": "bicycle_parking", "capacity": null, "facility_type": "parking", "fee": null, "brand": null, "access": "private", "covered": null, "supervised": null, "note": null, "operator": null, "opening_hours": null }, "geometry": { "type": "Point", "coordinates": [ 139.7518925, 35.6580243 ] } },
{ "type": "Feature", "properties": { "osm_id": "node/9093654628", "name": "KDX浜松町プレイス", "ref": "C1-43", "amenity": "bicycle_rental", "capacity": "6", "facility_type": "sharing", "fee": "yes", "brand": "ドコモ・バイクシェア", "access": null, "covered": null, "supervised": null, "note": null, "operator": "ドコモ・バイクシェア", "opening_hours": null }, "geometry": { "type": "Point", "coordinates": [ 139.7524986, 35.6581769 ] } },
{ "type": "Feature", "properties": { "osm_id": "node/9093654629", "name": null, "ref": null, "amenity": "bicycle_parking", "capacity": null, "facility_type": "parking", "fee": null, "brand": null, "access": "customers", "covered": null, "supervised": null, "note": null, "operator": null, "opening_hours": null }, "geometry": { "type": "Point", "coordinates": [ 139.75185110000001, 35.657831 ] } },
{ "type": "Feature", "properties": { "osm_id": "node/9349270714", "name": null, "ref": null, "amenity": "bicycle_parking", "capacity": null, "facility_type": "parking", "fee": null, "brand": null, "access": null, "covered": null, "supervised": null, "note": null, "operator": null, "opening_hours": null }, "geometry": { "type": "Point", "coordinates": [ 139.7442594, 35.6441853 ] } },
{ "type": "Feature", "properties": { "osm_id": "node/9713402335", "name": "三田Avanti", "ref": "C1-44", "amenity": "bicycle_rental", "capacity": "6", "facility_type": "sharing", "fee": "yes", "brand": "ドコモ・バイクシェア", "access": null, "covered": null, "supervised": null, "note": null, "operator": "ドコモ・バイクシェア", "opening_hours": null }, "geometry": { "type": "Point", "coordinates": [ 139.74153130000002, 35.6411298 ] } },
{ "type": "Feature", "properties": { "osm_id": "node/9926470865", "name": null, "ref": null, "amenity": "bicycle_parking", "capacity": null, "facility_type": "parking", "fee": null, "brand": null, "access": null, "covered": null, "supervised": null, "note": null, "operator": null, "opening_hours": null }, "geometry": { "type": "Point", "coordinates": [ 139.7288495, 35.6612008 ] } },
{ "type": "Feature", "properties": { "osm_id": "node/11040587965", "name": "ワールド北青山ビル", "ref": null, "amenity": "bicycle_rental", "capacity": "40", "facility_type": "sharing", "fee": "yes", "brand": "HELLO CYCLING", "access": null, "covered": null, "supervised": null, "note": null, "operator": "OpenStreet", "opening_hours": null }, "geometry": { "type": "Point", "coordinates": [ 139.713569800000016, 35.6669844 ] } },
{ "type": "Feature", "properties": { "osm_id": "node/11040588217", "name": "LaSante 麻布十番(旧アパートメンツタワー麻布十番)", "ref": null, "amenity": "bicycle_rental", "capacity": "5", "facility_type": "sharing", "fee": "yes", "brand": "HELLO CYCLING", "access": null, "covered": null, "supervised": null, "note": null, "operator": "OpenStreet", "opening_hours": null }, "geometry": { "type": "Point", "coordinates": [ 139.7356412, 35.6533431 ] } },
{ "type": "Feature", "properties": { "osm_id": "node/11040588218", "name": "AXAS白金台", "ref": null, "amenity": "bicycle_rental", "capacity": "12", "facility_type": "sharing", "fee": "yes", "brand": "HELLO CYCLING", "access": null, "covered": null, "supervised": null, "note": null, "operator": "OpenStreet", "opening_hours": null }, "geometry": { "type": "Point", "coordinates": [ 139.730736, 35.6337592 ] } },
{ "type": "Feature", "properties": { "osm_id": "node/11040588236", "name": "アーバンパーク麻布十番", "ref": null, "amenity": "bicycle_rental", "capacity": "3", "facility_type": "sharing", "fee": "yes", "brand": "HELLO CYCLING", "access": null, "covered": null, "supervised": null, "note": null, "operator": null, "opening_hours": null }, "geometry": { "type": "Point", "coordinates": [ 139.7348211, 35.654347 ] } },
{ "type": "Feature", "properties": { "osm_id": "node/11040588270", "name": "seesaw", "ref": null, "amenity": "bicycle_rental", "capacity": "12", "facility_type": "sharing", "fee": "yes", "brand": "HELLO CYCLING", "access": null, "covered": null, "supervised": null, "note": null, "operator": null, "opening_hours": null }, "geometry": { "type": "Point", "coordinates": [ 139.75976540000002, 35.6546215 ] } },
{ "type": "Feature", "properties": { "osm_id": "node/11040588401", "name": "アルティザ東麻布", "ref": null, "amenity": "bicycle_rental", "capacity": "2", "facility_type": "sharing", "fee": "yes", "brand": "HELLO CYCLING", "access": null, "covered": null, "supervised": null, "note": null, "operator": "OpenStreet", "opening_hours": null }, "geometry": { "type": "Point", "coordinates": [ 139.743859500000013, 35.6561856 ] } },
{ "type": "Feature", "properties": { "osm_id": "node/11040588653", "name": "ソフトバンク本社前（OpenStreet本社）", "ref": null, "amenity": "bicycle_rental", "capacity": "13", "facility_type": "sharing", "fee": "yes", "brand": "HELLO CYCLING", "access": null, "covered": null, "supervised": null, "note": null, "operator": null, "opening_hours": null }, "geometry": { "type": "Point", "coordinates": [ 139.761478900000014, 35.6546113 ] } },
{ "type": "Feature", "properties": { "osm_id": "node/11040588978", "name": "麻布台ロイヤルプラザ", "ref": null, "amenity": "bicycle_rental", "capacity": "6", "facility_type": "sharing", "fee": "yes", "brand": "HELLO CYCLING", "access": null, "covered": null, "supervised": null, "note": null, "operator": "OpenStreet", "opening_hours": null }, "geometry": { "type": "Point", "coordinates": [ 139.739178400000014, 35.6605606 ] } },
{ "type": "Feature", "properties": { "osm_id": "node/11040589253", "name": "麻布十番BUSINESS CUBE-S (天翔オフィス 麻布十番)", "ref": null, "amenity": "bicycle_rental", "capacity": "2", "facility_type": "sharing", "fee": "yes", "brand": "HELLO CYCLING", "access": null, "covered": null, "supervised": null, "note": null, "operator": "OpenStreet", "opening_hours": null }, "geometry": { "type": "Point", "coordinates": [ 139.742059, 35.6546775 ] } },
{ "type": "Feature", "properties": { "osm_id": "node/11040589466", "name": "トヨタモビリティ東京 芝浦店", "ref": null, "amenity": "bicycle_rental", "capacity": "2", "facility_type": "sharing", "fee": "yes", "brand": "HELLO CYCLING", "access": null, "covered": null, "supervised": null, "note": null, "operator": "OpenStreet", "opening_hours": null }, "geometry": { "type": "Point", "coordinates": [ 139.745335900000015, 35.6392938 ] } },
{ "type": "Feature", "properties": { "osm_id": "node/11237596880", "name": "LUUP", "ref": null, "amenity": "bicycle_rental", "capacity": null, "facility_type": "sharing", "fee": null, "brand": null, "access": null, "covered": null, "supervised": null, "note": null, "operator": "株式会社Luup", "opening_hours": null }, "geometry": { "type": "Point", "coordinates": [ 139.752255, 35.6498596 ] } },
{ "type": "Feature", "properties": { "osm_id": "node/11237596882", "name": "LUUP", "ref": null, "amenity": "bicycle_rental", "capacity": null, "facility_type": "sharing", "fee": null, "brand": null, "access": null, "covered": null, "supervised": null, "note": null, "operator": "株式会社Luup", "opening_hours": null }, "geometry": { "type": "Point", "coordinates": [ 139.752681100000018, 35.6496967 ] } },
{ "type": "Feature", "properties": { "osm_id": "node/11237596887", "name": "LUUP", "ref": null, "amenity": "bicycle_rental", "capacity": null, "facility_type": "sharing", "fee": null, "brand": null, "access": null, "covered": null, "supervised": null, "note": null, "operator": "株式会社Luup", "opening_hours": null }, "geometry": { "type": "Point", "coordinates": [ 139.753902400000015, 35.649461 ] } },
{ "type": "Feature", "properties": { "osm_id": "node/11436138580", "name": "神応ほっとプラザ", "ref": "C4-14", "amenity": "bicycle_rental", "capacity": "9", "facility_type": "sharing", "fee": "yes", "brand": "ドコモ・バイクシェア", "access": null, "covered": null, "supervised": null, "note": null, "operator": "ドコモ・バイクシェア", "opening_hours": null }, "geometry": { "type": "Point", "coordinates": [ 139.724753, 35.643711 ] } },
{ "type": "Feature", "properties": { "osm_id": "node/11436138583", "name": "プラウドタワー芝浦", "ref": "C5-49", "amenity": "bicycle_rental", "capacity": "8", "facility_type": "sharing", "fee": "yes", "brand": "ドコモ・バイクシェア", "access": null, "covered": null, "supervised": null, "note": null, "operator": "ドコモ・バイクシェア", "opening_hours": null }, "geometry": { "type": "Point", "coordinates": [ 139.747422, 35.638912 ] } },
{ "type": "Feature", "properties": { "osm_id": "node/11436138584", "name": "ワールド北青山ビル", "ref": "C3-35", "amenity": "bicycle_rental", "capacity": "16", "facility_type": "sharing", "fee": "yes", "brand": "ドコモ・バイクシェア", "access": null, "covered": null, "supervised": null, "note": null, "operator": "ドコモ・バイクシェア", "opening_hours": null }, "geometry": { "type": "Point", "coordinates": [ 139.713423, 35.667069 ] } },
{ "type": "Feature", "properties": { "osm_id": "node/11436138585", "name": "セブンイレブン港区海岸3丁目店", "ref": "C5-48", "amenity": "bicycle_rental", "capacity": "7", "facility_type": "sharing", "fee": "yes", "brand": "Docomo Bike Share", "access": null, "covered": null, "supervised": null, "note": null, "operator": null, "opening_hours": null }, "geometry": { "type": "Point", "coordinates": [ 139.752517, 35.636808 ] } },
{ "type": "Feature", "properties": { "osm_id": "node/11436138603", "name": "クロスレジデンス白金高輪", "ref": "C4-15", "amenity": "bicycle_rental", "capacity": "10", "facility_type": "sharing", "fee": "yes", "brand": "ドコモ・バイクシェア", "access": null, "covered": null, "supervised": null, "note": null, "operator": "ドコモ・バイクシェア", "opening_hours": null }, "geometry": { "type": "Point", "coordinates": [ 139.733046, 35.642771 ] } },
{ "type": "Feature", "properties": { "osm_id": "node/11436138606", "name": "CIRCLES新橋", "ref": "C1-78", "amenity": "bicycle_rental", "capacity": "6", "facility_type": "sharing", "fee": "yes", "brand": "ドコモ・バイクシェア", "access": null, "covered": null, "supervised": null, "note": null, "operator": "ドコモ・バイクシェア", "opening_hours": null }, "geometry": { "type": "Point", "coordinates": [ 139.752138, 35.66646 ] } },
{ "type": "Feature", "properties": { "osm_id": "node/11436138611", "name": "芝公園", "ref": "C1-77", "amenity": "bicycle_rental", "capacity": "20", "facility_type": "sharing", "fee": "yes", "brand": "ドコモ・バイクシェア", "access": null, "covered": null, "supervised": null, "note": null, "operator": "ドコモ・バイクシェア", "opening_hours": null }, "geometry": { "type": "Point", "coordinates": [ 139.749645, 35.65513 ] } },
{ "type": "Feature", "properties": { "osm_id": "node/11436138621", "name": "桜田公園", "ref": "C1-68", "amenity": "bicycle_rental", "capacity": "29", "facility_type": "sharing", "fee": "yes", "brand": "ドコモ・バイクシェア", "access": null, "covered": null, "supervised": null, "note": null, "operator": "ドコモ・バイクシェア", "opening_hours": null }, "geometry": { "type": "Point", "coordinates": [ 139.757008, 35.665214 ] } },
{ "type": "Feature", "properties": { "osm_id": "node/11436138622", "name": "塩釜公園", "ref": "C1-69", "amenity": "bicycle_rental", "capacity": "5", "facility_type": "sharing", "fee": "yes", "brand": "Docomo Bike Share", "access": null, "covered": null, "supervised": null, "note": null, "operator": null, "opening_hours": null }, "geometry": { "type": "Point", "coordinates": [ 139.755014, 35.662908 ] } },
{ "type": "Feature", "properties": { "osm_id": "node/11436138647", "name": "ケーヨーデイツー三田店", "ref": "C4-09", "amenity": "bicycle_rental", "capacity": "3", "facility_type": "sharing", "fee": "yes", "brand": "ドコモ・バイクシェア", "access": null, "covered": null, "supervised": null, "note": null, "operator": "ドコモ・バイクシェア", "opening_hours": null }, "geometry": { "type": "Point", "coordinates": [ 139.740061, 35.646375 ] } },
{ "type": "Feature", "properties": { "osm_id": "node/11436138648", "name": "ウォーターズ竹芝", "ref": "C1-58", "amenity": "bicycle_rental", "capacity": "9", "facility_type": "sharing", "fee": "yes", "brand": "ドコモ・バイクシェア", "access": null, "covered": null, "supervised": null, "note": null, "operator": "ドコモ・バイクシェア", "opening_hours": null }, "geometry": { "type": "Point", "coordinates": [ 139.763251, 35.655937 ] } },
{ "type": "Feature", "properties": { "osm_id": "node/11436138655", "name": "環三浜松町駅南", "ref": "C1-61", "amenity": "bicycle_rental", "capacity": "39", "facility_type": "sharing", "fee": "yes", "brand": "ドコモ・バイクシェア", "access": null, "covered": null, "supervised": null, "note": null, "operator": "ドコモ・バイクシェア", "opening_hours": null }, "geometry": { "type": "Point", "coordinates": [ 139.75739, 35.653096 ] } },
{ "type": "Feature", "properties": { "osm_id": "node/11436138657", "name": "セレスティン芝三井ビルディング", "ref": "C1-59", "amenity": "bicycle_rental", "capacity": "11", "facility_type": "sharing", "fee": "yes", "brand": "ドコモ・バイクシェア", "access": null, "covered": null, "supervised": null, "note": null, "operator": "ドコモ・バイクシェア", "opening_hours": null }, "geometry": { "type": "Point", "coordinates": [ 139.748346, 35.650845 ] } },
{ "type": "Feature", "properties": { "osm_id": "node/11436138658", "name": "専売ビル", "ref": "C1-60", "amenity": "bicycle_rental", "capacity": "12", "facility_type": "sharing", "fee": "yes", "brand": "ドコモ・バイクシェア", "access": null, "covered": null, "supervised": null, "note": null, "operator": "ドコモ・バイクシェア", "opening_hours": null }, "geometry": { "type": "Point", "coordinates": [ 139.745055, 35.647659 ] } },
{ "type": "Feature", "properties": { "osm_id": "node/11436145474", "name": "亀塚公園", "ref": "C4-10", "amenity": "bicycle_rental", "capacity": "9", "facility_type": "sharing", "fee": "yes", "brand": "ドコモ・バイクシェア", "access": null, "covered": null, "supervised": null, "note": null, "operator": "ドコモ・バイクシェア", "opening_hours": null }, "geometry": { "type": "Point", "coordinates": [ 139.741174, 35.642764 ] } },
{ "type": "Feature", "properties": { "osm_id": "node/11436145475", "name": "アパホテル＆リゾート＜六本木駅東＞", "ref": "C2-25", "amenity": "bicycle_rental", "capacity": "42", "facility_type": "sharing", "fee": "yes", "brand": "ドコモ・バイクシェア", "access": null, "covered": null, "supervised": null, "note": null, "operator": "ドコモ・バイクシェア", "opening_hours": null }, "geometry": { "type": "Point", "coordinates": [ 139.737242, 35.661783 ] } },
{ "type": "Feature", "properties": { "osm_id": "node/11436145479", "name": "東京ポートシティ竹芝", "ref": "C1-65", "amenity": "bicycle_rental", "capacity": "13", "facility_type": "sharing", "fee": "yes", "brand": "Docomo Bike Share", "access": null, "covered": null, "supervised": null, "note": null, "operator": null, "opening_hours": null }, "geometry": { "type": "Point", "coordinates": [ 139.761516, 35.654757 ] } },
{ "type": "Feature", "properties": { "osm_id": "node/11436145483", "name": "品川駅港南口", "ref": "C5-35", "amenity": "bicycle_rental", "capacity": "1", "facility_type": "sharing", "fee": "yes", "brand": "ドコモ・バイクシェア", "access": null, "covered": null, "supervised": null, "note": null, "operator": "ドコモ・バイクシェア", "opening_hours": null }, "geometry": { "type": "Point", "coordinates": [ 139.741135, 35.62822 ] } },
{ "type": "Feature", "properties": { "osm_id": "node/11436145486", "name": "msb Tamachi", "ref": "C5-33", "amenity": "bicycle_rental", "capacity": "29", "facility_type": "sharing", "fee": "yes", "brand": "Docomo Bike Share", "access": null, "covered": null, "supervised": null, "note": null, "operator": null, "opening_hours": null }, "geometry": { "type": "Point", "coordinates": [ 139.748768, 35.645682 ] } },
{ "type": "Feature", "properties": { "osm_id": "node/11436145490", "name": "虎ノ門ツインビルディング", "ref": "C1-57", "amenity": "bicycle_rental", "capacity": "11", "facility_type": "sharing", "fee": "yes", "brand": "Docomo Bike Share", "access": null, "covered": null, "supervised": null, "note": null, "operator": null, "opening_hours": null }, "geometry": { "type": "Point", "coordinates": [ 139.745643, 35.667259 ] } },
{ "type": "Feature", "properties": { "osm_id": "node/11436145492", "name": "トレードピアお台場", "ref": "C5-32", "amenity": "bicycle_rental", "capacity": "3", "facility_type": "sharing", "fee": "yes", "brand": "ドコモ・バイクシェア", "access": null, "covered": null, "supervised": null, "note": null, "operator": "ドコモ・バイクシェア", "opening_hours": null }, "geometry": { "type": "Point", "coordinates": [ 139.776896, 35.627891 ] } },
{ "type": "Feature", "properties": { "osm_id": "node/11436145494", "name": "三井ガーデンホテル六本木プレミア", "ref": "C2-20", "amenity": "bicycle_rental", "capacity": "4", "facility_type": "sharing", "fee": "yes", "brand": "ドコモ・バイクシェア", "access": null, "covered": null, "supervised": null, "note": null, "operator": "ドコモ・バイクシェア", "opening_hours": null }, "geometry": { "type": "Point", "coordinates": [ 139.735501, 35.66206 ] } },
{ "type": "Feature", "properties": { "osm_id": "node/11436145502", "name": "ヒルトン東京お台場", "ref": "C5-31", "amenity": "bicycle_rental", "capacity": "7", "facility_type": "sharing", "fee": "yes", "brand": "Docomo Bike Share", "access": null, "covered": null, "supervised": null, "note": null, "operator": "ドコモ・バイクシェア", "opening_hours": null }, "geometry": { "type": "Point", "coordinates": [ 139.771438, 35.626267 ] } },
{ "type": "Feature", "properties": { "osm_id": "node/11436145506", "name": "フェイム芝浦インターウェーブ", "ref": "C5-30", "amenity": "bicycle_rental", "capacity": "11", "facility_type": "sharing", "fee": "yes", "brand": "ドコモ・バイクシェア", "access": null, "covered": null, "supervised": null, "note": null, "operator": "ドコモ・バイクシェア", "opening_hours": null }, "geometry": { "type": "Point", "coordinates": [ 139.75391, 35.647872 ] } },
{ "type": "Feature", "properties": { "osm_id": "node/11436145511", "name": "五色橋ビル", "ref": "C5-34", "amenity": "bicycle_rental", "capacity": "8", "facility_type": "sharing", "fee": "yes", "brand": "ドコモ・バイクシェア", "access": null, "covered": null, "supervised": null, "note": null, "operator": "ドコモ・バイクシェア", "opening_hours": null }, "geometry": { "type": "Point", "coordinates": [ 139.751798, 35.636644 ] } },
{ "type": "Feature", "properties": { "osm_id": "node/11436145522", "name": "oak港南品川", "ref": "C5-47", "amenity": "bicycle_rental", "capacity": "25", "facility_type": "sharing", "fee": "yes", "brand": "ドコモ・バイクシェア", "access": null, "covered": null, "supervised": null, "note": null, "operator": "ドコモ・バイクシェア", "opening_hours": null }, "geometry": { "type": "Point", "coordinates": [ 139.744831, 35.62413 ] } },
{ "type": "Feature", "properties": { "osm_id": "node/11436145537", "name": "広尾駅", "ref": "C2-19", "amenity": "bicycle_rental", "capacity": "6", "facility_type": "sharing", "fee": "yes", "brand": "ドコモ・バイクシェア", "access": null, "covered": null, "supervised": null, "note": null, "operator": "ドコモ・バイクシェア", "opening_hours": null }, "geometry": { "type": "Point", "coordinates": [ 139.72256, 35.650732 ] } },
{ "type": "Feature", "properties": { "osm_id": "node/11436145540", "name": "芝浦ルネサイトタワー", "ref": "C5-28", "amenity": "bicycle_rental", "capacity": "8", "facility_type": "sharing", "fee": "yes", "brand": "ドコモ・バイクシェア", "access": null, "covered": null, "supervised": null, "note": null, "operator": "ドコモ・バイクシェア", "opening_hours": null }, "geometry": { "type": "Point", "coordinates": [ 139.7506, 35.643683 ] } },
{ "type": "Feature", "properties": { "osm_id": "node/11436145547", "name": "鈴与竹芝ビル", "ref": "C1-56", "amenity": "bicycle_rental", "capacity": "3", "facility_type": "sharing", "fee": "yes", "brand": "Docomo Bike Share", "access": null, "covered": null, "supervised": null, "note": null, "operator": null, "opening_hours": null }, "geometry": { "type": "Point", "coordinates": [ 139.762103, 35.654873 ] } },
{ "type": "Feature", "properties": { "osm_id": "node/11436145555", "name": "Hi-NODE(ハイノード)", "ref": "C5-29", "amenity": "bicycle_rental", "capacity": "8", "facility_type": "sharing", "fee": "yes", "brand": "ドコモ・バイクシェア", "access": null, "covered": null, "supervised": null, "note": null, "operator": "ドコモ・バイクシェア", "opening_hours": null }, "geometry": { "type": "Point", "coordinates": [ 139.760549, 35.651672 ] } },
{ "type": "Feature", "properties": { "osm_id": "node/11436145560", "name": "白金プラチナレジデンス", "ref": "C4-06", "amenity": "bicycle_rental", "capacity": "5", "facility_type": "sharing", "fee": "yes", "brand": "ドコモ・バイクシェア", "access": null, "covered": null, "supervised": null, "note": null, "operator": "ドコモ・バイクシェア", "opening_hours": null }, "geometry": { "type": "Point", "coordinates": [ 139.723432, 35.644134 ] } },
{ "type": "Feature", "properties": { "osm_id": "node/11436145563", "name": "品川プリンスホテル", "ref": "C4-07", "amenity": "bicycle_rental", "capacity": "6", "facility_type": "sharing", "fee": "yes", "brand": "ドコモ・バイクシェア", "access": null, "covered": null, "supervised": null, "note": null, "operator": "ドコモ・バイクシェア", "opening_hours": null }, "geometry": { "type": "Point", "coordinates": [ 139.734171, 35.628266 ] } },
{ "type": "Feature", "properties": { "osm_id": "node/11436145571", "name": "ホテルリブマックス新橋", "ref": "C1-53", "amenity": "bicycle_rental", "capacity": "2", "facility_type": "sharing", "fee": "yes", "brand": "ドコモ・バイクシェア", "access": null, "covered": null, "supervised": null, "note": null, "operator": "ドコモ・バイクシェア", "opening_hours": null }, "geometry": { "type": "Point", "coordinates": [ 139.754612, 35.661149 ] } },
{ "type": "Feature", "properties": { "osm_id": "node/11436145576", "name": "浜松町駅北口交通広場(ハマサイト前)", "ref": "C1-76", "amenity": "bicycle_rental", "capacity": "15", "facility_type": "sharing", "fee": "yes", "brand": "Docomo Bike Share", "access": null, "covered": null, "supervised": null, "note": null, "operator": null, "opening_hours": null }, "geometry": { "type": "Point", "coordinates": [ 139.758301, 35.656647 ] } },
{ "type": "Feature", "properties": { "osm_id": "node/11436145580", "name": "NTT三田ビル", "ref": "C1-52", "amenity": "bicycle_rental", "capacity": "6", "facility_type": "sharing", "fee": "yes", "brand": "ドコモ・バイクシェア", "access": null, "covered": null, "supervised": null, "note": null, "operator": "ドコモ・バイクシェア", "opening_hours": null }, "geometry": { "type": "Point", "coordinates": [ 139.747789, 35.652549 ] } },
{ "type": "Feature", "properties": { "osm_id": "node/11436145581", "name": "環二新橋四丁目", "ref": "C1-51", "amenity": "bicycle_rental", "capacity": "25", "facility_type": "sharing", "fee": "yes", "brand": "ドコモ・バイクシェア", "access": null, "covered": null, "supervised": null, "note": null, "operator": "ドコモ・バイクシェア", "opening_hours": null }, "geometry": { "type": "Point", "coordinates": [ 139.757697, 35.663843 ] } },
{ "type": "Feature", "properties": { "osm_id": "node/11436145589", "name": "ブランシェ東麻布", "ref": "C2-18", "amenity": "bicycle_rental", "capacity": "3", "facility_type": "sharing", "fee": "yes", "brand": "Docomo Bike Share", "access": null, "covered": null, "supervised": null, "note": null, "operator": null, "opening_hours": null }, "geometry": { "type": "Point", "coordinates": [ 139.743224, 35.656769 ] } },
{ "type": "Feature", "properties": { "osm_id": "node/11436145601", "name": "ニッセイ虎ノ門ビル", "ref": "C1-54", "amenity": "bicycle_rental", "capacity": "9", "facility_type": "sharing", "fee": "yes", "brand": "Docomo Bike Share", "access": null, "covered": null, "supervised": null, "note": null, "operator": null, "opening_hours": null }, "geometry": { "type": "Point", "coordinates": [ 139.746662, 35.664344 ] } },
{ "type": "Feature", "properties": { "osm_id": "node/11436145622", "name": "汐留シティセンター", "ref": "C1-49", "amenity": "bicycle_rental", "capacity": "24", "facility_type": "sharing", "fee": "yes", "brand": "Docomo Bike Share", "access": null, "covered": null, "supervised": null, "note": null, "operator": null, "opening_hours": null }, "geometry": { "type": "Point", "coordinates": [ 139.760907, 35.666213 ] } },
{ "type": "Feature", "properties": { "osm_id": "node/11436145630", "name": "竹芝客船ターミナル", "ref": "C1-48", "amenity": "bicycle_rental", "capacity": "17", "facility_type": "sharing", "fee": "yes", "brand": "ドコモ・バイクシェア", "access": null, "covered": null, "supervised": null, "note": null, "operator": "ドコモ・バイクシェア", "opening_hours": null }, "geometry": { "type": "Point", "coordinates": [ 139.762812, 35.655139 ] } },
{ "type": "Feature", "properties": { "osm_id": "node/11436145638", "name": "THE LINKPILLAR 2", "ref": "C4-21", "amenity": "bicycle_rental", "capacity": "18", "facility_type": "sharing", "fee": "yes", "brand": "Docomo Bike Share", "access": null, "covered": null, "supervised": null, "note": null, "operator": "ドコモ・バイクシェア", "opening_hours": null }, "geometry": { "type": "Point", "coordinates": [ 139.740517, 35.637362 ] } },
{ "type": "Feature", "properties": { "osm_id": "node/11436145640", "name": "ウエリスアーバン品川タワー", "ref": "C5-46", "amenity": "bicycle_rental", "capacity": "10", "facility_type": "sharing", "fee": "yes", "brand": "ドコモ・バイクシェア", "access": null, "covered": null, "supervised": null, "note": null, "operator": "ドコモ・バイクシェア", "opening_hours": null }, "geometry": { "type": "Point", "coordinates": [ 139.746875, 35.630961 ] } },
{ "type": "Feature", "properties": { "osm_id": "node/11436145646", "name": "札の辻スクエア", "ref": "C1-74", "amenity": "bicycle_rental", "capacity": "8", "facility_type": "sharing", "fee": "yes", "brand": "ドコモ・バイクシェア", "access": null, "covered": null, "supervised": null, "note": null, "operator": "ドコモ・バイクシェア", "opening_hours": null }, "geometry": { "type": "Point", "coordinates": [ 139.744543, 35.645155 ] } },
{ "type": "Feature", "properties": { "osm_id": "node/11436145650", "name": "NTT虎ノ門ビル", "ref": "C1-50", "amenity": "bicycle_rental", "capacity": "37", "facility_type": "sharing", "fee": "yes", "brand": "Docomo Bike Share", "access": null, "covered": null, "supervised": null, "note": null, "operator": null, "opening_hours": null }, "geometry": { "type": "Point", "coordinates": [ 139.748008, 35.666075 ] } },
{ "type": "Feature", "properties": { "osm_id": "node/11436145655", "name": "プレミア海岸ビル", "ref": "C5-27", "amenity": "bicycle_rental", "capacity": "19", "facility_type": "sharing", "fee": "yes", "brand": "ドコモ・バイクシェア", "access": null, "covered": null, "supervised": null, "note": null, "operator": "ドコモ・バイクシェア", "opening_hours": null }, "geometry": { "type": "Point", "coordinates": [ 139.757895, 35.648948 ] } },
{ "type": "Feature", "properties": { "osm_id": "node/11436145662", "name": "NEX-TEC芝浦", "ref": "C5-25", "amenity": "bicycle_rental", "capacity": "38", "facility_type": "sharing", "fee": "yes", "brand": "ドコモ・バイクシェア", "access": null, "covered": null, "supervised": null, "note": null, "operator": "ドコモ・バイクシェア", "opening_hours": null }, "geometry": { "type": "Point", "coordinates": [ 139.755551, 35.639571 ] } },
{ "type": "Feature", "properties": { "osm_id": "node/11436145667", "name": "ピアシティ芝浦ビル", "ref": "C5-26", "amenity": "bicycle_rental", "capacity": "13", "facility_type": "sharing", "fee": "yes", "brand": "ドコモ・バイクシェア", "access": null, "covered": null, "supervised": null, "note": null, "operator": "ドコモ・バイクシェア", "opening_hours": null }, "geometry": { "type": "Point", "coordinates": [ 139.756216, 35.644155 ] } },
{ "type": "Feature", "properties": { "osm_id": "node/11436145670", "name": "Dash Living HigashiAzabu", "ref": "C2-24", "amenity": "bicycle_rental", "capacity": "5", "facility_type": "sharing", "fee": "yes", "brand": "ドコモ・バイクシェア", "access": null, "covered": null, "supervised": null, "note": null, "operator": "ドコモ・バイクシェア", "opening_hours": null }, "geometry": { "type": "Point", "coordinates": [ 139.744449, 35.655135 ] } },
{ "type": "Feature", "properties": { "osm_id": "node/11436145671", "name": "パークアクシス芝浦キャナル", "ref": "C5-45", "amenity": "bicycle_rental", "capacity": "9", "facility_type": "sharing", "fee": "yes", "brand": "ドコモ・バイクシェア", "access": null, "covered": null, "supervised": null, "note": null, "operator": "ドコモ・バイクシェア", "opening_hours": null }, "geometry": { "type": "Point", "coordinates": [ 139.755688, 35.644794 ] } },
{ "type": "Feature", "properties": { "osm_id": "node/11436145672", "name": "白金台駅自転車駐車場", "ref": "C4-05", "amenity": "bicycle_rental", "capacity": "14", "facility_type": "sharing", "fee": "yes", "brand": "ドコモ・バイクシェア", "access": null, "covered": null, "supervised": null, "note": null, "operator": "ドコモ・バイクシェア", "opening_hours": null }, "geometry": { "type": "Point", "coordinates": [ 139.727083, 35.638927 ] } },
{ "type": "Feature", "properties": { "osm_id": "node/11436145688", "name": "浜松町クレアタワー", "ref": "C1-45", "amenity": "bicycle_rental", "capacity": "13", "facility_type": "sharing", "fee": "yes", "brand": "ドコモ・バイクシェア", "access": null, "covered": null, "supervised": null, "note": null, "operator": "ドコモ・バイクシェア", "opening_hours": null }, "geometry": { "type": "Point", "coordinates": [ 139.755927, 35.656324 ] } },
{ "type": "Feature", "properties": { "osm_id": "node/11436145701", "name": "GLOBAL FRONT TOWER", "ref": "C5-24", "amenity": "bicycle_rental", "capacity": "16", "facility_type": "sharing", "fee": "yes", "brand": "ドコモ・バイクシェア", "access": null, "covered": null, "supervised": null, "note": null, "operator": "ドコモ・バイクシェア", "opening_hours": null }, "geometry": { "type": "Point", "coordinates": [ 139.755534, 35.647713 ] } },
{ "type": "Feature", "properties": { "osm_id": "node/11436145714", "name": "港区立エコプラザ", "ref": "C1-41", "amenity": "bicycle_rental", "capacity": "11", "facility_type": "sharing", "fee": "yes", "brand": "ドコモ・バイクシェア", "access": null, "covered": null, "supervised": null, "note": null, "operator": "ドコモ・バイクシェア", "opening_hours": null }, "geometry": { "type": "Point", "coordinates": [ 139.757036, 35.658709 ] } },
{ "type": "Feature", "properties": { "osm_id": "node/11436145724", "name": "オアーゼ芝浦MJビル", "ref": "C5-43", "amenity": "bicycle_rental", "capacity": "8", "facility_type": "sharing", "fee": "yes", "brand": "ドコモ・バイクシェア", "access": null, "covered": null, "supervised": null, "note": null, "operator": "ドコモ・バイクシェア", "opening_hours": null }, "geometry": { "type": "Point", "coordinates": [ 139.752697, 35.644798 ] } },
{ "type": "Feature", "properties": { "osm_id": "node/11436145749", "name": "芝浦ふ頭駅前暫定自転車駐車場", "ref": "C5-40", "amenity": "bicycle_rental", "capacity": "3", "facility_type": "sharing", "fee": "yes", "brand": "ドコモ・バイクシェア", "access": null, "covered": null, "supervised": null, "note": null, "operator": "ドコモ・バイクシェア", "opening_hours": null }, "geometry": { "type": "Point", "coordinates": [ 139.75754, 35.64096 ] } },
{ "type": "Feature", "properties": { "osm_id": "node/11436145760", "name": "トヨタモビリティ東京 芝浦店", "ref": "C5-41", "amenity": "bicycle_rental", "capacity": "4", "facility_type": "sharing", "fee": "yes", "brand": "ドコモ・バイクシェア", "access": null, "covered": null, "supervised": null, "note": null, "operator": "ドコモ・バイクシェア", "opening_hours": null }, "geometry": { "type": "Point", "coordinates": [ 139.745532, 35.639644 ] } },
{ "type": "Feature", "properties": { "osm_id": "node/11436145761", "name": "ザ・ベルグレイヴィア麻布", "ref": "C2-16", "amenity": "bicycle_rental", "capacity": "9", "facility_type": "sharing", "fee": "yes", "brand": "Docomo Bike Share", "access": null, "covered": null, "supervised": null, "note": null, "operator": null, "opening_hours": null }, "geometry": { "type": "Point", "coordinates": [ 139.743821, 35.657264 ] } },
{ "type": "Feature", "properties": { "osm_id": "node/11436145762", "name": "ショパン高輪", "ref": "C4-04", "amenity": "bicycle_rental", "capacity": "15", "facility_type": "sharing", "fee": "yes", "brand": "ドコモ・バイクシェア", "access": null, "covered": null, "supervised": null, "note": null, "operator": "ドコモ・バイクシェア", "opening_hours": null }, "geometry": { "type": "Point", "coordinates": [ 139.732097, 35.632128 ] } },
{ "type": "Feature", "properties": { "osm_id": "node/11436145764", "name": "KDX西新橋ビル（西側）", "ref": "C1-38", "amenity": "bicycle_rental", "capacity": "4", "facility_type": "sharing", "fee": "yes", "brand": "Docomo Bike Share", "access": null, "covered": null, "supervised": null, "note": null, "operator": null, "opening_hours": null }, "geometry": { "type": "Point", "coordinates": [ 139.750459, 35.66495 ] } },
{ "type": "Feature", "properties": { "osm_id": "node/11436145768", "name": "DHC芝浦2丁目ビル", "ref": "C5-42", "amenity": "bicycle_rental", "capacity": "8", "facility_type": "sharing", "fee": "yes", "brand": "ドコモ・バイクシェア", "access": null, "covered": null, "supervised": null, "note": null, "operator": "ドコモ・バイクシェア", "opening_hours": null }, "geometry": { "type": "Point", "coordinates": [ 139.753834, 35.644241 ] } },
{ "type": "Feature", "properties": { "osm_id": "node/11436145777", "name": "ローソン芝浦二丁目店", "ref": "C5-20", "amenity": "bicycle_rental", "capacity": "3", "facility_type": "sharing", "fee": "yes", "brand": "ドコモ・バイクシェア", "access": null, "covered": null, "supervised": null, "note": null, "operator": "ドコモ・バイクシェア", "opening_hours": null }, "geometry": { "type": "Point", "coordinates": [ 139.754765, 35.645254 ] } },
{ "type": "Feature", "properties": { "osm_id": "node/11436145784", "name": "パークタワー品川ベイワード", "ref": "C5-18", "amenity": "bicycle_rental", "capacity": "19", "facility_type": "sharing", "fee": "yes", "brand": "ドコモ・バイクシェア", "access": null, "covered": null, "supervised": null, "note": null, "operator": "ドコモ・バイクシェア", "opening_hours": null }, "geometry": { "type": "Point", "coordinates": [ 139.748378, 35.634529 ] } },
{ "type": "Feature", "properties": { "osm_id": "node/11436145785", "name": "グランドメゾン田町", "ref": "C5-19", "amenity": "bicycle_rental", "capacity": "7", "facility_type": "sharing", "fee": "yes", "brand": "ドコモ・バイクシェア", "access": null, "covered": null, "supervised": null, "note": null, "operator": "ドコモ・バイクシェア", "opening_hours": null }, "geometry": { "type": "Point", "coordinates": [ 139.754899, 35.645537 ] } },
{ "type": "Feature", "properties": { "osm_id": "node/11436145789", "name": "城山ガーデン", "ref": "C1-34", "amenity": "bicycle_rental", "capacity": "6", "facility_type": "sharing", "fee": "yes", "brand": "ドコモ・バイクシェア", "access": null, "covered": null, "supervised": null, "note": null, "operator": "ドコモ・バイクシェア", "opening_hours": null }, "geometry": { "type": "Point", "coordinates": [ 139.743731, 35.664479 ] } },
{ "type": "Feature", "properties": { "osm_id": "node/11436145794", "name": "鈴与浜松町ビル", "ref": "C5-17", "amenity": "bicycle_rental", "capacity": "10", "facility_type": "sharing", "fee": "yes", "brand": "Docomo Bike Share", "access": null, "covered": null, "supervised": null, "note": null, "operator": null, "opening_hours": null }, "geometry": { "type": "Point", "coordinates": [ 139.759092, 35.651103 ] } },
{ "type": "Feature", "properties": { "osm_id": "node/11436145797", "name": "セブン-イレブン 三田駅北店", "ref": "C1-35", "amenity": "bicycle_rental", "capacity": "5", "facility_type": "sharing", "fee": "yes", "brand": "ドコモ・バイクシェア", "access": null, "covered": null, "supervised": null, "note": null, "operator": "ドコモ・バイクシェア", "opening_hours": null }, "geometry": { "type": "Point", "coordinates": [ 139.750147, 35.649032 ] } },
{ "type": "Feature", "properties": { "osm_id": "node/11436145798", "name": "セブン-イレブン 芝浦3丁目店", "ref": "C5-21", "amenity": "bicycle_rental", "capacity": "6", "facility_type": "sharing", "fee": "yes", "brand": "ドコモ・バイクシェア", "access": null, "covered": null, "supervised": null, "note": null, "operator": "ドコモ・バイクシェア", "opening_hours": null }, "geometry": { "type": "Point", "coordinates": [ 139.746992, 35.642399 ] } },
{ "type": "Feature", "properties": { "osm_id": "node/11436145799", "name": "元麻布ヒルズ", "ref": "C2-14", "amenity": "bicycle_rental", "capacity": "10", "facility_type": "sharing", "fee": "yes", "brand": "Docomo Bike Share", "access": null, "covered": null, "supervised": null, "note": null, "operator": null, "opening_hours": null }, "geometry": { "type": "Point", "coordinates": [ 139.73138, 35.653608 ] } },
{ "type": "Feature", "properties": { "osm_id": "node/11436145800", "name": "住友不動産六本木グランドタワー", "ref": "C2-15", "amenity": "bicycle_rental", "capacity": "8", "facility_type": "sharing", "fee": "yes", "brand": "Docomo Bike Share", "access": null, "covered": null, "supervised": null, "note": null, "operator": null, "opening_hours": null }, "geometry": { "type": "Point", "coordinates": [ 139.737185, 35.664367 ] } },
{ "type": "Feature", "properties": { "osm_id": "node/11436145808", "name": "芝商業高校前交差点", "ref": "C1-71", "amenity": "bicycle_rental", "capacity": "3", "facility_type": "sharing", "fee": "yes", "brand": "ドコモ・バイクシェア", "access": null, "covered": "no", "supervised": null, "note": null, "operator": "ドコモ・バイクシェア", "opening_hours": null }, "geometry": { "type": "Point", "coordinates": [ 139.759896, 35.65583 ] } },
{ "type": "Feature", "properties": { "osm_id": "node/11436145809", "name": "新田町ビル", "ref": "C1-72", "amenity": "bicycle_rental", "capacity": "8", "facility_type": "sharing", "fee": "yes", "brand": "ドコモ・バイクシェア", "access": null, "covered": null, "supervised": null, "note": null, "operator": "ドコモ・バイクシェア", "opening_hours": null }, "geometry": { "type": "Point", "coordinates": [ 139.746428, 35.646307 ] } },
{ "type": "Feature", "properties": { "osm_id": "node/11436145812", "name": "飯倉公園", "ref": "C2-22", "amenity": "bicycle_rental", "capacity": "11", "facility_type": "sharing", "fee": "yes", "brand": "ドコモ・バイクシェア", "access": null, "covered": null, "supervised": null, "note": null, "operator": "ドコモ・バイクシェア", "opening_hours": null }, "geometry": { "type": "Point", "coordinates": [ 139.74427, 35.655649 ] } },
{ "type": "Feature", "properties": { "osm_id": "node/11436145814", "name": "セブン-イレブン 港区芝浦ふ頭店", "ref": "C5-15", "amenity": "bicycle_rental", "capacity": "3", "facility_type": "sharing", "fee": "yes", "brand": "ドコモ・バイクシェア", "access": null, "covered": null, "supervised": null, "note": null, "operator": "ドコモ・バイクシェア", "opening_hours": null }, "geometry": { "type": "Point", "coordinates": [ 139.755971, 35.640215 ] } },
{ "type": "Feature", "properties": { "osm_id": "node/11436145822", "name": "一の橋", "ref": "C2-11", "amenity": "bicycle_rental", "capacity": "50", "facility_type": "sharing", "fee": "yes", "brand": "Docomo Bike Share", "access": null, "covered": null, "supervised": null, "note": null, "operator": null, "opening_hours": null }, "geometry": { "type": "Point", "coordinates": [ 139.737491, 35.654726 ] } },
{ "type": "Feature", "properties": { "osm_id": "node/11436145823", "name": "セブン-イレブン 港区汐彩橋店", "ref": "C5-14", "amenity": "bicycle_rental", "capacity": "4", "facility_type": "sharing", "fee": "yes", "brand": "ドコモ・バイクシェア", "access": null, "covered": null, "supervised": null, "note": null, "operator": "ドコモ・バイクシェア", "opening_hours": null }, "geometry": { "type": "Point", "coordinates": [ 139.753659, 35.640481 ] } },
{ "type": "Feature", "properties": { "osm_id": "node/11436145843", "name": "六本木ファーストビル", "ref": "C2-12", "amenity": "bicycle_rental", "capacity": "13", "facility_type": "sharing", "fee": "yes", "brand": "ドコモ・バイクシェア", "access": null, "covered": null, "supervised": null, "note": null, "operator": "ドコモ・バイクシェア", "opening_hours": null }, "geometry": { "type": "Point", "coordinates": [ 139.741397, 35.66249 ] } },
{ "type": "Feature", "properties": { "osm_id": "node/11436145848", "name": "品川インターシティ", "ref": "C5-16", "amenity": "bicycle_rental", "capacity": "23", "facility_type": "sharing", "fee": "yes", "brand": "ドコモ・バイクシェア", "access": null, "covered": null, "supervised": null, "note": null, "operator": "ドコモ・バイクシェア", "opening_hours": null }, "geometry": { "type": "Point", "coordinates": [ 139.742174, 35.626704 ] } },
{ "type": "Feature", "properties": { "osm_id": "node/11436145849", "name": "シーバンス", "ref": "C5-10", "amenity": "bicycle_rental", "capacity": "15", "facility_type": "sharing", "fee": "yes", "brand": "ドコモ・バイクシェア", "access": null, "covered": null, "supervised": null, "note": null, "operator": "ドコモ・バイクシェア", "opening_hours": null }, "geometry": { "type": "Point", "coordinates": [ 139.756068, 35.649959 ] } },
{ "type": "Feature", "properties": { "osm_id": "node/11436145852", "name": "AQUACITY芝浦", "ref": "C5-08", "amenity": "bicycle_rental", "capacity": "12", "facility_type": "sharing", "fee": "yes", "brand": "ドコモ・バイクシェア", "access": null, "covered": null, "supervised": null, "note": null, "operator": "ドコモ・バイクシェア", "opening_hours": null }, "geometry": { "type": "Point", "coordinates": [ 139.74844, 35.637366 ] } },
{ "type": "Feature", "properties": { "osm_id": "node/11436145858", "name": "港区立港南図書館", "ref": "C5-07", "amenity": "bicycle_rental", "capacity": "21", "facility_type": "sharing", "fee": "yes", "brand": "ドコモ・バイクシェア", "access": null, "covered": null, "supervised": null, "note": null, "operator": "ドコモ・バイクシェア", "opening_hours": null }, "geometry": { "type": "Point", "coordinates": [ 139.7495, 35.632842 ] } },
{ "type": "Feature", "properties": { "osm_id": "node/11436145859", "name": "三田国際ビル", "ref": "C1-24", "amenity": "bicycle_rental", "capacity": "7", "facility_type": "sharing", "fee": "yes", "brand": "Docomo Bike Share", "access": null, "covered": null, "supervised": null, "note": null, "operator": null, "opening_hours": null }, "geometry": { "type": "Point", "coordinates": [ 139.744673, 35.653159 ] } },
{ "type": "Feature", "properties": { "osm_id": "node/11436145860", "name": "ありすいきいきプラザ", "ref": "C2-05", "amenity": "bicycle_rental", "capacity": "12", "facility_type": "sharing", "fee": "yes", "brand": "ドコモ・バイクシェア", "access": null, "covered": null, "supervised": null, "note": null, "operator": "ドコモ・バイクシェア", "opening_hours": null }, "geometry": { "type": "Point", "coordinates": [ 139.727745, 35.651046 ] } },
{ "type": "Feature", "properties": { "osm_id": "node/11436145861", "name": "品川シーズンテラス", "ref": "C5-06", "amenity": "bicycle_rental", "capacity": "19", "facility_type": "sharing", "fee": "yes", "brand": "ドコモ・バイクシェア", "access": null, "covered": null, "supervised": null, "note": null, "operator": "ドコモ・バイクシェア", "opening_hours": null }, "geometry": { "type": "Point", "coordinates": [ 139.742393, 35.632303 ] } },
{ "type": "Feature", "properties": { "osm_id": "node/11436145862", "name": "汐留ビルディング", "ref": "C1-21", "amenity": "bicycle_rental", "capacity": "8", "facility_type": "sharing", "fee": "yes", "brand": "ドコモ・バイクシェア", "access": null, "covered": null, "supervised": null, "note": null, "operator": "ドコモ・バイクシェア", "opening_hours": null }, "geometry": { "type": "Point", "coordinates": [ 139.75918, 35.657363 ] } },
{ "type": "Feature", "properties": { "osm_id": "node/11436145863", "name": "区立芝浦西運河沿緑地", "ref": "C5-13", "amenity": "bicycle_rental", "capacity": "42", "facility_type": "sharing", "fee": "yes", "brand": "ドコモ・バイクシェア", "access": null, "covered": null, "supervised": null, "note": null, "operator": "ドコモ・バイクシェア", "opening_hours": null }, "geometry": { "type": "Point", "coordinates": [ 139.749754, 35.638245 ] } },
{ "type": "Feature", "properties": { "osm_id": "node/11436145864", "name": "麻布地区総合支所", "ref": "C2-09", "amenity": "bicycle_rental", "capacity": "2", "facility_type": "sharing", "fee": "yes", "brand": "ドコモ・バイクシェア", "access": null, "covered": null, "supervised": null, "note": null, "operator": "ドコモ・バイクシェア", "opening_hours": null }, "geometry": { "type": "Point", "coordinates": [ 139.734771, 35.660614 ] } },
{ "type": "Feature", "properties": { "osm_id": "node/11436145868", "name": "高輪地区総合支所(5F)", "ref": "C4-01", "amenity": "bicycle_rental", "capacity": "10", "facility_type": "sharing", "fee": "yes", "brand": "ドコモ・バイクシェア", "access": null, "covered": null, "supervised": null, "note": null, "operator": "ドコモ・バイクシェア", "opening_hours": null }, "geometry": { "type": "Point", "coordinates": [ 139.7344084, 35.6419194 ] } },
{ "type": "Feature", "properties": { "osm_id": "node/11436145872", "name": "第2東運ビル", "ref": "C5-12", "amenity": "bicycle_rental", "capacity": "5", "facility_type": "sharing", "fee": "yes", "brand": "ドコモ・バイクシェア", "access": null, "covered": null, "supervised": null, "note": null, "operator": "ドコモ・バイクシェア", "opening_hours": null }, "geometry": { "type": "Point", "coordinates": [ 139.748281, 35.633742 ] } },
{ "type": "Feature", "properties": { "osm_id": "node/11436145874", "name": "フェイバリッチタワー品川", "ref": "C5-11", "amenity": "bicycle_rental", "capacity": "22", "facility_type": "sharing", "fee": "yes", "brand": "ドコモ・バイクシェア", "access": null, "covered": null, "supervised": null, "note": null, "operator": "ドコモ・バイクシェア", "opening_hours": null }, "geometry": { "type": "Point", "coordinates": [ 139.749767, 35.631729 ] } },
{ "type": "Feature", "properties": { "osm_id": "node/11436145875", "name": "港南公園C", "ref": "C5-03", "amenity": "bicycle_rental", "capacity": "25", "facility_type": "sharing", "fee": "yes", "brand": "Docomo Bike Share", "access": null, "covered": null, "supervised": null, "note": null, "operator": null, "opening_hours": null }, "geometry": { "type": "Point", "coordinates": [ 139.746657, 35.624966 ] } },
{ "type": "Feature", "properties": { "osm_id": "node/11436145876", "name": "みなとパーク芝浦", "ref": "C5-04", "amenity": "bicycle_rental", "capacity": "10", "facility_type": "sharing", "fee": "yes", "brand": "ドコモ・バイクシェア", "access": null, "covered": null, "supervised": null, "note": null, "operator": "ドコモ・バイクシェア", "opening_hours": null }, "geometry": { "type": "Point", "coordinates": [ 139.751208, 35.646801 ] } },
{ "type": "Feature", "properties": { "osm_id": "node/11436145877", "name": "東京タワー", "ref": "C1-15", "amenity": "bicycle_rental", "capacity": "15", "facility_type": "sharing", "fee": "yes", "brand": "ドコモ・バイクシェア", "access": null, "covered": null, "supervised": null, "note": null, "operator": "ドコモ・バイクシェア", "opening_hours": null }, "geometry": { "type": "Point", "coordinates": [ 139.744767, 35.65928 ] } },
{ "type": "Feature", "properties": { "osm_id": "node/11436145878", "name": "新橋プラザビル", "ref": "C1-14", "amenity": "bicycle_rental", "capacity": "7", "facility_type": "sharing", "fee": "yes", "brand": "ドコモ・バイクシェア", "access": null, "covered": null, "supervised": null, "note": null, "operator": "ドコモ・バイクシェア", "opening_hours": null }, "geometry": { "type": "Point", "coordinates": [ 139.756082, 35.664461 ] } },
{ "type": "Feature", "properties": { "osm_id": "node/11436145879", "name": "機械振興会館", "ref": "C1-16", "amenity": "bicycle_rental", "capacity": "5", "facility_type": "sharing", "fee": "yes", "brand": "ドコモ・バイクシェア", "access": null, "covered": null, "supervised": null, "note": null, "operator": "ドコモ・バイクシェア", "opening_hours": null }, "geometry": { "type": "Point", "coordinates": [ 139.745549, 35.659442 ] } },
{ "type": "Feature", "properties": { "osm_id": "node/11436145882", "name": "愛宕グリーンヒルズ", "ref": "C1-09", "amenity": "bicycle_rental", "capacity": "4", "facility_type": "sharing", "fee": "yes", "brand": "ドコモ・バイクシェア", "access": null, "covered": null, "supervised": null, "note": null, "operator": "ドコモ・バイクシェア", "opening_hours": null }, "geometry": { "type": "Point", "coordinates": [ 139.748132, 35.662051 ] } },
{ "type": "Feature", "properties": { "osm_id": "node/11436145883", "name": "港南緑水公園", "ref": "C5-02", "amenity": "bicycle_rental", "capacity": "46", "facility_type": "sharing", "fee": "yes", "brand": "ドコモ・バイクシェア", "access": null, "covered": null, "supervised": null, "note": null, "operator": "ドコモ・バイクシェア", "opening_hours": null }, "geometry": { "type": "Point", "coordinates": [ 139.750731, 35.628955 ] } },
{ "type": "Feature", "properties": { "osm_id": "node/11436145886", "name": "虎ノ門ヒルズ", "ref": "C1-04", "amenity": "bicycle_rental", "capacity": "26", "facility_type": "sharing", "fee": "yes", "brand": "ドコモ・バイクシェア", "access": null, "covered": null, "supervised": null, "note": null, "operator": "ドコモ・バイクシェア", "opening_hours": null }, "geometry": { "type": "Point", "coordinates": [ 139.748804, 35.666527 ] } },
{ "type": "Feature", "properties": { "osm_id": "node/11436145889", "name": "ファミリーマート西麻布霞町店", "ref": "C2-08", "amenity": "bicycle_rental", "capacity": "4", "facility_type": "sharing", "fee": "yes", "brand": "Docomo Bike Share", "access": null, "covered": null, "supervised": null, "note": null, "operator": null, "opening_hours": null }, "geometry": { "type": "Point", "coordinates": [ 139.721118, 35.661673 ] } },
{ "type": "Feature", "properties": { "osm_id": "node/11436145890", "name": "飯倉いきいきプラザ", "ref": "C2-04", "amenity": "bicycle_rental", "capacity": "6", "facility_type": "sharing", "fee": "yes", "brand": "ドコモ・バイクシェア", "access": null, "covered": null, "supervised": null, "note": null, "operator": "ドコモ・バイクシェア", "opening_hours": null }, "geometry": { "type": "Point", "coordinates": [ 139.740739, 35.656991 ] } },
{ "type": "Feature", "properties": { "osm_id": "node/11436145894", "name": "お台場海浜公園東", "ref": "C5-39", "amenity": "bicycle_rental", "capacity": "9", "facility_type": "sharing", "fee": "yes", "brand": "Docomo Bike Share", "access": null, "covered": null, "supervised": null, "note": null, "operator": "ドコモ・バイクシェア", "opening_hours": null }, "geometry": { "type": "Point", "coordinates": [ 139.778109, 35.631021 ] } },
{ "type": "Feature", "properties": { "osm_id": "node/11436145896", "name": "台場駅", "ref": "C5-37", "amenity": "bicycle_rental", "capacity": "15", "facility_type": "sharing", "fee": "yes", "brand": "Docomo Bike Share", "access": null, "covered": null, "supervised": null, "note": null, "operator": "ドコモ・バイクシェア", "opening_hours": null }, "geometry": { "type": "Point", "coordinates": [ 139.772453, 35.626388 ] } },
{ "type": "Feature", "properties": { "osm_id": "node/11436145903", "name": "お台場海浜公園駅", "ref": "C5-36", "amenity": "bicycle_rental", "capacity": "1", "facility_type": "sharing", "fee": "yes", "brand": "Docomo Bike Share", "access": null, "covered": null, "supervised": null, "note": null, "operator": "ドコモ・バイクシェア", "opening_hours": null }, "geometry": { "type": "Point", "coordinates": [ 139.778178, 35.62974 ] } },
{ "type": "Feature", "properties": { "osm_id": "node/11436145913", "name": "有栖川宮記念公園第一", "ref": "C2-27", "amenity": "bicycle_rental", "capacity": "16", "facility_type": "sharing", "fee": "yes", "brand": "ドコモ・バイクシェア", "access": null, "covered": null, "supervised": null, "note": null, "operator": "ドコモ・バイクシェア", "opening_hours": null }, "geometry": { "type": "Point", "coordinates": [ 139.724392, 35.651382 ] } },
{ "type": "Feature", "properties": { "osm_id": "node/11436145914", "name": "有栖川宮記念公園第二", "ref": "C2-28", "amenity": "bicycle_rental", "capacity": "8", "facility_type": "sharing", "fee": "yes", "brand": "ドコモ・バイクシェア", "access": null, "covered": null, "supervised": null, "note": null, "operator": "ドコモ・バイクシェア", "opening_hours": null }, "geometry": { "type": "Point", "coordinates": [ 139.726003, 35.651129 ] } },
{ "type": "Feature", "properties": { "osm_id": "node/11436145915", "name": "狸穴公園", "ref": "C2-29", "amenity": "bicycle_rental", "capacity": "4", "facility_type": "sharing", "fee": "yes", "brand": "ドコモ・バイクシェア", "access": null, "covered": null, "supervised": null, "note": null, "operator": "ドコモ・バイクシェア", "opening_hours": null }, "geometry": { "type": "Point", "coordinates": [ 139.738935, 35.658204 ] } },
{ "type": "Feature", "properties": { "osm_id": "node/11436145987", "name": "トヨタモビリティ東京 港三田店", "ref": "C1-82", "amenity": "bicycle_rental", "capacity": "5", "facility_type": "sharing", "fee": "yes", "brand": "ドコモ・バイクシェア", "access": null, "covered": null, "supervised": null, "note": null, "operator": "ドコモ・バイクシェア", "opening_hours": null }, "geometry": { "type": "Point", "coordinates": [ 139.739048, 35.647831 ] } },
{ "type": "Feature", "properties": { "osm_id": "node/11436146011", "name": "田町タワー", "ref": "C1-81", "amenity": "bicycle_rental", "capacity": "20", "facility_type": "sharing", "fee": "yes", "brand": "ドコモ・バイクシェア", "access": null, "covered": null, "supervised": null, "note": null, "operator": "ドコモ・バイクシェア", "opening_hours": null }, "geometry": { "type": "Point", "coordinates": [ 139.748913, 35.646534 ] } },
{ "type": "Feature", "properties": { "osm_id": "node/11436146039", "name": "港南四丁目第3アパート駐車場", "ref": "C5-52", "amenity": "bicycle_rental", "capacity": "10", "facility_type": "sharing", "fee": "yes", "brand": "ドコモ・バイクシェア", "access": null, "covered": null, "supervised": null, "note": null, "operator": "ドコモ・バイクシェア", "opening_hours": null }, "geometry": { "type": "Point", "coordinates": [ 139.747094, 35.630109 ] } },
{ "type": "Feature", "properties": { "osm_id": "node/11436146041", "name": "トミンタワー台場一番街", "ref": "C5-51", "amenity": "bicycle_rental", "capacity": "12", "facility_type": "sharing", "fee": "yes", "brand": "Docomo Bike Share", "access": null, "covered": null, "supervised": null, "note": null, "operator": "ドコモ・バイクシェア", "opening_hours": null }, "geometry": { "type": "Point", "coordinates": [ 139.77663, 35.634627 ] } },
{ "type": "Feature", "properties": { "osm_id": "node/11436146042", "name": "髙松コンストラクショングループ 東京本社ビル", "ref": "C1-79", "amenity": "bicycle_rental", "capacity": "4", "facility_type": "sharing", "fee": "yes", "brand": "Docomo Bike Share", "access": null, "covered": null, "supervised": null, "note": null, "operator": "ドコモ・バイクシェア", "opening_hours": null }, "geometry": { "type": "Point", "coordinates": [ 139.7533857, 35.6487556 ] } },
{ "type": "Feature", "properties": { "osm_id": "node/11436146062", "name": "一の橋公園", "ref": "C2-26", "amenity": "bicycle_rental", "capacity": "7", "facility_type": "sharing", "fee": "yes", "brand": "ドコモ・バイクシェア", "access": null, "covered": null, "supervised": null, "note": null, "operator": "ドコモ・バイクシェア", "opening_hours": null }, "geometry": { "type": "Point", "coordinates": [ 139.738075, 35.655367 ] } },
{ "type": "Feature", "properties": { "osm_id": "node/11436146071", "name": "お台場レインボー公園", "ref": "C5-50", "amenity": "bicycle_rental", "capacity": "13", "facility_type": "sharing", "fee": "yes", "brand": "Docomo Bike Share", "access": null, "covered": null, "supervised": null, "note": null, "operator": "ドコモ・バイクシェア", "opening_hours": null }, "geometry": { "type": "Point", "coordinates": [ 139.777315, 35.633133 ] } },
{ "type": "Feature", "properties": { "osm_id": "node/11436156970", "name": "西新橋1丁目（外堀通り）", "ref": "C1-02", "amenity": "bicycle_rental", "capacity": "5", "facility_type": "sharing", "fee": "yes", "brand": "ドコモ・バイクシェア", "access": null, "covered": null, "supervised": null, "note": null, "operator": "ドコモ・バイクシェア", "opening_hours": null }, "geometry": { "type": "Point", "coordinates": [ 139.753582, 35.668791 ] } },
{ "type": "Feature", "properties": { "osm_id": "node/11436156983", "name": "赤坂地区総合支所", "ref": "C3-02", "amenity": "bicycle_rental", "capacity": "4", "facility_type": "sharing", "fee": "yes", "brand": "Docomo Bike Share", "access": null, "covered": null, "supervised": null, "note": null, "operator": "ドコモ・バイクシェア", "opening_hours": null }, "geometry": { "type": "Point", "coordinates": [ 139.731423, 35.674788 ] } },
{ "type": "Feature", "properties": { "osm_id": "node/11436157026", "name": "3rd MINAMI AOYAMA", "ref": "C3-34", "amenity": "bicycle_rental", "capacity": "4", "facility_type": "sharing", "fee": "yes", "brand": "ドコモ・バイクシェア", "access": null, "covered": null, "supervised": null, "note": null, "operator": "ドコモ・バイクシェア", "opening_hours": null }, "geometry": { "type": "Point", "coordinates": [ 139.715957, 35.668622 ] } },
{ "type": "Feature", "properties": { "osm_id": "node/11436157035", "name": "PASONA SQUARE", "ref": "C3-33", "amenity": "bicycle_rental", "capacity": "14", "facility_type": "sharing", "fee": "yes", "brand": "ドコモ・バイクシェア", "access": null, "covered": null, "supervised": null, "note": null, "operator": "ドコモ・バイクシェア", "opening_hours": null }, "geometry": { "type": "Point", "coordinates": [ 139.716058, 35.667462 ] } },
{ "type": "Feature", "properties": { "osm_id": "node/11436157063", "name": "ヒューリックＪＰ赤坂ビル", "ref": "C3-28", "amenity": "bicycle_rental", "capacity": "8", "facility_type": "sharing", "fee": "yes", "brand": "Docomo Bike Share", "access": null, "covered": null, "supervised": null, "note": null, "operator": null, "opening_hours": null }, "geometry": { "type": "Point", "coordinates": [ 139.739743, 35.672477 ] } },
{ "type": "Feature", "properties": { "osm_id": "node/11436157080", "name": "乃木公園", "ref": "C3-32", "amenity": "bicycle_rental", "capacity": "3", "facility_type": "sharing", "fee": "yes", "brand": "Docomo Bike Share", "access": null, "covered": null, "supervised": null, "note": null, "operator": null, "opening_hours": null }, "geometry": { "type": "Point", "coordinates": [ 139.72745, 35.667936 ] } },
{ "type": "Feature", "properties": { "osm_id": "node/11436157085", "name": "東京虎ノ門グローバルスクエア", "ref": "C1-64", "amenity": "bicycle_rental", "capacity": "5", "facility_type": "sharing", "fee": "yes", "brand": "Docomo Bike Share", "access": null, "covered": null, "supervised": null, "note": null, "operator": null, "opening_hours": null }, "geometry": { "type": "Point", "coordinates": [ 139.749261, 35.669941 ] } },
{ "type": "Feature", "properties": { "osm_id": "node/11436157088", "name": "東京赤坂NKビル (ヴィアインプライム赤坂)", "ref": "C3-30", "amenity": "bicycle_rental", "capacity": "9", "facility_type": "sharing", "fee": "yes", "brand": "Docomo Bike Share", "access": null, "covered": null, "supervised": null, "note": null, "operator": null, "opening_hours": null }, "geometry": { "type": "Point", "coordinates": [ 139.738908, 35.672652 ] } },
{ "type": "Feature", "properties": { "osm_id": "node/11436157095", "name": "京阪神 虎ノ門ビル", "ref": "C1-67", "amenity": "bicycle_rental", "capacity": "21", "facility_type": "sharing", "fee": "yes", "brand": "ドコモ・バイクシェア", "access": null, "covered": null, "supervised": null, "note": null, "operator": "ドコモ・バイクシェア", "opening_hours": null }, "geometry": { "type": "Point", "coordinates": [ 139.751668, 35.669228 ] } },
{ "type": "Feature", "properties": { "osm_id": "node/11436157116", "name": "赤坂一丁目", "ref": "C3-31", "amenity": "bicycle_rental", "capacity": "16", "facility_type": "sharing", "fee": "yes", "brand": "ドコモ・バイクシェア", "access": null, "covered": null, "supervised": null, "note": null, "operator": "ドコモ・バイクシェア", "opening_hours": null }, "geometry": { "type": "Point", "coordinates": [ 139.744285, 35.670239 ] } },
{ "type": "Feature", "properties": { "osm_id": "node/11436157178", "name": "アーバンネット内幸町ビル", "ref": "C1-55", "amenity": "bicycle_rental", "capacity": "17", "facility_type": "sharing", "fee": "yes", "brand": "ドコモ・バイクシェア", "access": null, "covered": null, "supervised": null, "note": null, "operator": "ドコモ・バイクシェア", "opening_hours": null }, "geometry": { "type": "Point", "coordinates": [ 139.756018, 35.669267 ] } },
{ "type": "Feature", "properties": { "osm_id": "node/11436157318", "name": "OMO3東京赤坂 by 星野リゾート", "ref": "C3-22", "amenity": "bicycle_rental", "capacity": "8", "facility_type": "sharing", "fee": "yes", "brand": "ドコモ・バイクシェア", "access": null, "covered": null, "supervised": null, "note": null, "operator": "ドコモ・バイクシェア", "opening_hours": null }, "geometry": { "type": "Point", "coordinates": [ 139.736053, 35.674929 ] } },
{ "type": "Feature", "properties": { "osm_id": "node/11436157326", "name": "LIFORK 南青山 北エントランス", "ref": "C3-23", "amenity": "bicycle_rental", "capacity": "30", "facility_type": "sharing", "fee": "yes", "brand": "Docomo Bike Share", "access": null, "covered": null, "supervised": null, "note": null, "operator": null, "opening_hours": null }, "geometry": { "type": "Point", "coordinates": [ 139.725701, 35.669916 ] } },
{ "type": "Feature", "properties": { "osm_id": "node/11436157327", "name": "SHARE GREEN 南青山 西エントランス", "ref": "C3-24", "amenity": "bicycle_rental", "capacity": "7", "facility_type": "sharing", "fee": "yes", "brand": "Docomo Bike Share", "access": null, "covered": null, "supervised": null, "note": null, "operator": null, "opening_hours": null }, "geometry": { "type": "Point", "coordinates": [ 139.724676, 35.668419 ] } },
{ "type": "Feature", "properties": { "osm_id": "node/11436157402", "name": "明治記念館西", "ref": "C3-19", "amenity": "bicycle_rental", "capacity": "8", "facility_type": "sharing", "fee": "yes", "brand": "ドコモ・バイクシェア", "access": null, "covered": null, "supervised": null, "note": null, "operator": "ドコモ・バイクシェア", "opening_hours": null }, "geometry": { "type": "Point", "coordinates": [ 139.720809, 35.678179 ] } },
{ "type": "Feature", "properties": { "osm_id": "node/11436157450", "name": "日比谷フォートタワー", "ref": "C1-73", "amenity": "bicycle_rental", "capacity": "14", "facility_type": "sharing", "fee": "yes", "brand": "ドコモ・バイクシェア", "access": null, "covered": null, "supervised": null, "note": null, "operator": "ドコモ・バイクシェア", "opening_hours": null }, "geometry": { "type": "Point", "coordinates": [ 139.753147, 35.669871 ] } },
{ "type": "Feature", "properties": { "osm_id": "node/11436157455", "name": "赤坂ガーデンシティ", "ref": "C3-16", "amenity": "bicycle_rental", "capacity": "14", "facility_type": "sharing", "fee": "yes", "brand": "ドコモ・バイクシェア", "access": null, "covered": null, "supervised": null, "note": null, "operator": "ドコモ・バイクシェア", "opening_hours": null }, "geometry": { "type": "Point", "coordinates": [ 139.731525, 35.6738 ] } },
{ "type": "Feature", "properties": { "osm_id": "node/11436157479", "name": "セブン-イレブン 港区溜池山王店", "ref": "C3-17", "amenity": "bicycle_rental", "capacity": "18", "facility_type": "sharing", "fee": "yes", "brand": "ドコモ・バイクシェア", "access": null, "covered": null, "supervised": null, "note": null, "operator": "ドコモ・バイクシェア", "opening_hours": null }, "geometry": { "type": "Point", "coordinates": [ 139.743242, 35.670308 ] } },
{ "type": "Feature", "properties": { "osm_id": "node/11436157489", "name": "高橋是清翁記念公園", "ref": "C3-29", "amenity": "bicycle_rental", "capacity": "8", "facility_type": "sharing", "fee": "yes", "brand": "ドコモ・バイクシェア", "access": null, "covered": null, "supervised": null, "note": null, "operator": "ドコモ・バイクシェア", "opening_hours": null }, "geometry": { "type": "Point", "coordinates": [ 139.728895, 35.674094 ] } },
{ "type": "Feature", "properties": { "osm_id": "node/11436157561", "name": "ファミリーマート特許庁前店", "ref": "C3-10", "amenity": "bicycle_rental", "capacity": "11", "facility_type": "sharing", "fee": "yes", "brand": "ドコモ・バイクシェア", "access": null, "covered": null, "supervised": null, "note": null, "operator": "ドコモ・バイクシェア", "opening_hours": null }, "geometry": { "type": "Point", "coordinates": [ 139.744684, 35.670364 ] } },
{ "type": "Feature", "properties": { "osm_id": "node/11436157563", "name": "ホテルアジア会館", "ref": "C3-06", "amenity": "bicycle_rental", "capacity": "10", "facility_type": "sharing", "fee": "yes", "brand": "ドコモ・バイクシェア", "access": null, "covered": null, "supervised": null, "note": null, "operator": "ドコモ・バイクシェア", "opening_hours": null }, "geometry": { "type": "Point", "coordinates": [ 139.728166, 35.67064 ] } },
{ "type": "Feature", "properties": { "osm_id": "node/11436157564", "name": "新青山ビル", "ref": "C3-07", "amenity": "bicycle_rental", "capacity": "18", "facility_type": "sharing", "fee": "yes", "brand": "ドコモ・バイクシェア", "access": null, "covered": null, "supervised": null, "note": null, "operator": "ドコモ・バイクシェア", "opening_hours": null }, "geometry": { "type": "Point", "coordinates": [ 139.725644, 35.672659 ] } },
{ "type": "Feature", "properties": { "osm_id": "node/11436157565", "name": "赤坂パークビルヂング", "ref": "C3-08", "amenity": "bicycle_rental", "capacity": "5", "facility_type": "sharing", "fee": "yes", "brand": "ドコモ・バイクシェア", "access": null, "covered": null, "supervised": null, "note": null, "operator": "ドコモ・バイクシェア", "opening_hours": null }, "geometry": { "type": "Point", "coordinates": [ 139.733668, 35.671792 ] } },
{ "type": "Feature", "properties": { "osm_id": "node/11436157577", "name": "赤坂見附南", "ref": "C3-11", "amenity": "bicycle_rental", "capacity": "5", "facility_type": "sharing", "fee": "yes", "brand": "Docomo Bike Share", "access": null, "covered": null, "supervised": null, "note": null, "operator": null, "opening_hours": null }, "geometry": { "type": "Point", "coordinates": [ 139.737083, 35.676566 ] } },
{ "type": "Feature", "properties": { "osm_id": "node/11436157580", "name": "赤坂センタービルディング前（青山通り）", "ref": "C3-12", "amenity": "bicycle_rental", "capacity": "8", "facility_type": "sharing", "fee": "yes", "brand": "Docomo Bike Share", "access": null, "covered": null, "supervised": null, "note": null, "operator": null, "opening_hours": null }, "geometry": { "type": "Point", "coordinates": [ 139.733905, 35.676732 ] } },
{ "type": "Feature", "properties": { "osm_id": "node/11436157592", "name": "虎ノ門2丁目タワー", "ref": "C1-27", "amenity": "bicycle_rental", "capacity": "13", "facility_type": "sharing", "fee": "yes", "brand": "Docomo Bike Share", "access": null, "covered": null, "supervised": null, "note": null, "operator": null, "opening_hours": null }, "geometry": { "type": "Point", "coordinates": [ 139.747175, 35.668547 ] } },
{ "type": "Feature", "properties": { "osm_id": "node/11499885592", "name": "ドコモ・バイクシェア", "ref": null, "amenity": "bicycle_rental", "capacity": null, "facility_type": "sharing", "fee": "yes", "brand": "ドコモ・バイクシェア", "access": null, "covered": null, "supervised": null, "note": null, "operator": "ドコモ・バイクシェア", "opening_hours": null }, "geometry": { "type": "Point", "coordinates": [ 139.7450296, 35.6475461 ] } },
{ "type": "Feature", "properties": { "osm_id": "node/11840230802", "name": "青南いきいきプラザ", "ref": "C3-04", "amenity": "bicycle_rental", "capacity": "2", "facility_type": "sharing", "fee": "yes", "brand": "ドコモ・バイクシェア", "access": null, "covered": null, "supervised": null, "note": null, "operator": "ドコモ・バイクシェア", "opening_hours": null }, "geometry": { "type": "Point", "coordinates": [ 139.717474, 35.666461 ] } },
{ "type": "Feature", "properties": { "osm_id": "node/11840230805", "name": "セジョリ南麻布", "ref": "C2-30", "amenity": "bicycle_rental", "capacity": "3", "facility_type": "sharing", "fee": "yes", "brand": "ドコモ・バイクシェア", "access": null, "covered": null, "supervised": null, "note": null, "operator": "ドコモ・バイクシェア", "opening_hours": null }, "geometry": { "type": "Point", "coordinates": [ 139.735269, 35.649507 ] } },
{ "type": "Feature", "properties": { "osm_id": "node/11840230806", "name": "ヤマタネ芝浦オフィス", "ref": "C5-54", "amenity": "bicycle_rental", "capacity": "12", "facility_type": "sharing", "fee": "yes", "brand": "ドコモ・バイクシェア", "access": null, "covered": null, "supervised": null, "note": null, "operator": "ドコモ・バイクシェア", "opening_hours": null }, "geometry": { "type": "Point", "coordinates": [ 139.756509, 35.643909 ] } },
{ "type": "Feature", "properties": { "osm_id": "node/11840230815", "name": "suito芝浦", "ref": "C5-53", "amenity": "bicycle_rental", "capacity": "13", "facility_type": "sharing", "fee": "yes", "brand": "ドコモ・バイクシェア", "access": null, "covered": null, "supervised": null, "note": null, "operator": "ドコモ・バイクシェア", "opening_hours": null }, "geometry": { "type": "Point", "coordinates": [ 139.74671, 35.641631 ] } },
{ "type": "Feature", "properties": { "osm_id": "node/11840230830", "name": "友愛会館", "ref": "C1-83", "amenity": "bicycle_rental", "capacity": "7", "facility_type": "sharing", "fee": "yes", "brand": "ドコモ・バイクシェア", "access": null, "covered": null, "supervised": null, "note": null, "operator": "ドコモ・バイクシェア", "opening_hours": null }, "geometry": { "type": "Point", "coordinates": [ 139.749834, 35.651803 ] } },
{ "type": "Feature", "properties": { "osm_id": "node/11840230834", "name": "新虎安田ビル", "ref": "C1-84", "amenity": "bicycle_rental", "capacity": "15", "facility_type": "sharing", "fee": "yes", "brand": "ドコモ・バイクシェア", "access": null, "covered": null, "supervised": null, "note": null, "operator": "ドコモ・バイクシェア", "opening_hours": null }, "geometry": { "type": "Point", "coordinates": [ 139.754265, 35.665221 ] } },
{ "type": "Feature", "properties": { "osm_id": "node/11840230849", "name": "第35興和ビル", "ref": "C3-36", "amenity": "bicycle_rental", "capacity": "4", "facility_type": "sharing", "fee": "yes", "brand": "ドコモ・バイクシェア", "access": null, "covered": null, "supervised": null, "note": null, "operator": "ドコモ・バイクシェア", "opening_hours": null }, "geometry": { "type": "Point", "coordinates": [ 139.741781, 35.666349 ] } },
{ "type": "Feature", "properties": { "osm_id": "node/11840234689", "name": "ブランズタワー芝浦", "ref": "C5-44", "amenity": "bicycle_rental", "capacity": "8", "facility_type": "sharing", "fee": "yes", "brand": "ドコモ・バイクシェア", "access": null, "covered": null, "supervised": null, "note": null, "operator": "ドコモ・バイクシェア", "opening_hours": null }, "geometry": { "type": "Point", "coordinates": [ 139.753039, 35.643105 ] } },
{ "type": "Feature", "properties": { "osm_id": "node/11846161388", "name": "ユニマットパーキング北青山1丁目第1", "ref": null, "amenity": "bicycle_rental", "capacity": "5", "facility_type": "sharing", "fee": "yes", "brand": "HELLO CYCLING", "access": null, "covered": null, "supervised": null, "note": null, "operator": "OpenStreet", "opening_hours": null }, "geometry": { "type": "Point", "coordinates": [ 139.721600500000022, 35.6721444 ] } },
{ "type": "Feature", "properties": { "osm_id": "node/11846161390", "name": "ユニマットパーキング西麻布2丁目第1", "ref": null, "amenity": "bicycle_rental", "capacity": "3", "facility_type": "sharing", "fee": "yes", "brand": "HELLO CYCLING", "access": null, "covered": null, "supervised": null, "note": null, "operator": null, "opening_hours": null }, "geometry": { "type": "Point", "coordinates": [ 139.7207603, 35.6619825 ] } },
{ "type": "Feature", "properties": { "osm_id": "node/11846161391", "name": "ユニマットパーキング南青山4丁目第1", "ref": null, "amenity": "bicycle_rental", "capacity": "7", "facility_type": "sharing", "fee": "yes", "brand": "HELLO CYCLING", "access": null, "covered": null, "supervised": null, "note": null, "operator": null, "opening_hours": null }, "geometry": { "type": "Point", "coordinates": [ 139.7198644, 35.6648601 ] } },
{ "type": "Feature", "properties": { "osm_id": "node/11846161544", "name": "ル・サイク三田店", "ref": null, "amenity": "bicycle_rental", "capacity": "2", "facility_type": "sharing", "fee": "yes", "brand": "HELLO CYCLING", "access": null, "covered": null, "supervised": null, "note": null, "operator": null, "opening_hours": null }, "geometry": { "type": "Point", "coordinates": [ 139.744627, 35.649936 ] } },
{ "type": "Feature", "properties": { "osm_id": "node/11903880879", "name": null, "ref": null, "amenity": "bicycle_parking", "capacity": null, "facility_type": "parking", "fee": "yes", "brand": null, "access": "yes", "covered": "yes", "supervised": null, "note": null, "operator": null, "opening_hours": null }, "geometry": { "type": "Point", "coordinates": [ 139.7377567, 35.6560154 ] } },
{ "type": "Feature", "properties": { "osm_id": "node/12298788758", "name": "IsaI AkasakA", "ref": null, "amenity": "bicycle_rental", "capacity": "3", "facility_type": "sharing", "fee": "yes", "brand": "HELLO CYCLING", "access": null, "covered": null, "supervised": null, "note": null, "operator": "OpenStreet", "opening_hours": null }, "geometry": { "type": "Point", "coordinates": [ 139.732601, 35.672187 ] } },
{ "type": "Feature", "properties": { "osm_id": "node/12298788786", "name": "東洋カーマックス芝3丁目第10", "ref": null, "amenity": "bicycle_rental", "capacity": "2", "facility_type": "sharing", "fee": "yes", "brand": "HELLO CYCLING", "access": null, "covered": null, "supervised": null, "note": null, "operator": null, "opening_hours": null }, "geometry": { "type": "Point", "coordinates": [ 139.745743, 35.650752 ] } },
{ "type": "Feature", "properties": { "osm_id": "node/12313856294", "name": "ザ・パークハウス 三田ガーデン", "ref": "C4-11", "amenity": "bicycle_rental", "capacity": "13", "facility_type": "sharing", "fee": "yes", "brand": "Docomo Bike Share", "access": null, "covered": null, "supervised": null, "note": null, "operator": null, "opening_hours": null }, "geometry": { "type": "Point", "coordinates": [ 139.737991, 35.64816 ] } },
{ "type": "Feature", "properties": { "osm_id": "node/12313856295", "name": "新虎通りCORE", "ref": "C1-46", "amenity": "bicycle_rental", "capacity": "22", "facility_type": "sharing", "fee": "yes", "brand": "Docomo Bike Share", "access": null, "covered": null, "supervised": null, "note": null, "operator": null, "opening_hours": null }, "geometry": { "type": "Point", "coordinates": [ 139.754054, 35.665124 ] } },
{ "type": "Feature", "properties": { "osm_id": "node/12313875517", "name": "パークウェルステイト西麻布", "ref": "C2-33", "amenity": "bicycle_rental", "capacity": "8", "facility_type": "sharing", "fee": "yes", "brand": "Docomo Bike Share", "access": null, "covered": null, "supervised": null, "note": null, "operator": null, "opening_hours": null }, "geometry": { "type": "Point", "coordinates": [ 139.719209, 35.659177 ] } },
{ "type": "Feature", "properties": { "osm_id": "node/12313875548", "name": "麻布台ヒルズ", "ref": "C2-32", "amenity": "bicycle_rental", "capacity": "10", "facility_type": "sharing", "fee": "yes", "brand": "ドコモ・バイクシェア", "access": null, "covered": null, "supervised": null, "note": null, "operator": "ドコモ・バイクシェア", "opening_hours": null }, "geometry": { "type": "Point", "coordinates": [ 139.740036, 35.661158 ] } },
{ "type": "Feature", "properties": { "osm_id": "node/12313875558", "name": "AKASAKA GREEN CROSS", "ref": "C3-38", "amenity": "bicycle_rental", "capacity": "14", "facility_type": "sharing", "fee": "yes", "brand": "Docomo Bike Share", "access": null, "covered": null, "supervised": null, "note": null, "operator": null, "opening_hours": null }, "geometry": { "type": "Point", "coordinates": [ 139.740437, 35.672367 ] } },
{ "type": "Feature", "properties": { "osm_id": "node/12313875579", "name": "芝浦ダイヤビルディング", "ref": "C5-56", "amenity": "bicycle_rental", "capacity": "65", "facility_type": "sharing", "fee": "yes", "brand": "ドコモ・バイクシェア", "access": null, "covered": null, "supervised": null, "note": null, "operator": "ドコモ・バイクシェア", "opening_hours": null }, "geometry": { "type": "Point", "coordinates": [ 139.756688, 35.640783 ] } },
{ "type": "Feature", "properties": { "osm_id": "node/12313875584", "name": "AKASAKA MAPLE HILL", "ref": "C3-37", "amenity": "bicycle_rental", "capacity": "14", "facility_type": "sharing", "fee": "yes", "brand": "ドコモ・バイクシェア", "access": null, "covered": null, "supervised": null, "note": null, "operator": "ドコモ・バイクシェア", "opening_hours": null }, "geometry": { "type": "Point", "coordinates": [ 139.736297, 35.669512 ] } },
{ "type": "Feature", "properties": { "osm_id": "node/12313875588", "name": "お台場海浜公園北", "ref": "C5-55", "amenity": "bicycle_rental", "capacity": "13", "facility_type": "sharing", "fee": "yes", "brand": "Docomo Bike Share", "access": null, "covered": null, "supervised": null, "note": null, "operator": null, "opening_hours": null }, "geometry": { "type": "Point", "coordinates": [ 139.775809, 35.634565 ] } },
{ "type": "Feature", "properties": { "osm_id": "node/12313875604", "name": "富士ソフト汐留ビル", "ref": "C1-85", "amenity": "bicycle_rental", "capacity": "9", "facility_type": "sharing", "fee": "yes", "brand": "ドコモ・バイクシェア", "access": null, "covered": null, "supervised": null, "note": null, "operator": "ドコモ・バイクシェア", "opening_hours": null }, "geometry": { "type": "Point", "coordinates": [ 139.756358, 35.660659 ] } },
{ "type": "Feature", "properties": { "osm_id": "node/12313875606", "name": "浜松町262ビル", "ref": "C1-80", "amenity": "bicycle_rental", "capacity": "11", "facility_type": "sharing", "fee": "yes", "brand": "Docomo Bike Share", "access": null, "covered": null, "supervised": null, "note": null, "operator": null, "opening_hours": null }, "geometry": { "type": "Point", "coordinates": [ 139.75557, 35.654289 ] } },
{ "type": "Feature", "properties": { "osm_id": "node/12458905050", "name": null, "ref": null, "amenity": "bicycle_parking", "capacity": null, "facility_type": "parking", "fee": null, "brand": null, "access": "private", "covered": null, "supervised": null, "note": null, "operator": null, "opening_hours": null }, "geometry": { "type": "Point", "coordinates": [ 139.721740300000022, 35.6524803 ] } },
{ "type": "Feature", "properties": { "osm_id": "node/12477719279", "name": "高輪4丁目", "ref": null, "amenity": "bicycle_rental", "capacity": "21", "facility_type": "sharing", "fee": "yes", "brand": "HELLO CYCLING", "access": null, "covered": null, "supervised": null, "note": null, "operator": null, "opening_hours": null }, "geometry": { "type": "Point", "coordinates": [ 139.73668, 35.62604 ] } },
{ "type": "Feature", "properties": { "osm_id": "node/12500042733", "name": "ソーシャルコート三田", "ref": "C1-88", "amenity": "bicycle_rental", "capacity": "8", "facility_type": "sharing", "fee": "yes", "brand": "Docomo Bike Share", "access": null, "covered": null, "supervised": null, "note": null, "operator": null, "opening_hours": null }, "geometry": { "type": "Point", "coordinates": [ 139.74034, 35.64726 ] } },
{ "type": "Feature", "properties": { "osm_id": "node/12500042747", "name": "エステムプラザ芝公園2", "ref": "C1-87", "amenity": "bicycle_rental", "capacity": "4", "facility_type": "sharing", "fee": "yes", "brand": "Docomo Bike Share", "access": null, "covered": null, "supervised": null, "note": null, "operator": null, "opening_hours": null }, "geometry": { "type": "Point", "coordinates": [ 139.75469, 35.65072 ] } },
{ "type": "Feature", "properties": { "osm_id": "node/12500042748", "name": "エステムプラザ芝公園1", "ref": "C1-86", "amenity": "bicycle_rental", "capacity": "4", "facility_type": "sharing", "fee": "yes", "brand": "Docomo Bike Share", "access": null, "covered": null, "supervised": null, "note": null, "operator": null, "opening_hours": null }, "geometry": { "type": "Point", "coordinates": [ 139.7547, 35.65083 ] } },
{ "type": "Feature", "properties": { "osm_id": "node/12751670380", "name": "THE LINKPILLAR 1 NORTH駐輪場（平面式）", "ref": null, "amenity": "bicycle_parking", "capacity": null, "facility_type": "parking", "fee": null, "brand": null, "access": null, "covered": "yes", "supervised": null, "note": null, "operator": null, "opening_hours": "24/7" }, "geometry": { "type": "Point", "coordinates": [ 139.740661900000021, 35.6368923 ] } },
{ "type": "Feature", "properties": { "osm_id": "node/12770200731", "name": null, "ref": null, "amenity": "bicycle_parking", "capacity": null, "facility_type": "parking", "fee": null, "brand": null, "access": null, "covered": null, "supervised": null, "note": null, "operator": null, "opening_hours": null }, "geometry": { "type": "Point", "coordinates": [ 139.716964500000017, 35.6686738 ] } },
{ "type": "Feature", "properties": { "osm_id": "node/13190051906", "name": "グレンパーク⻄⿇布", "ref": null, "amenity": "bicycle_rental", "capacity": "3", "facility_type": "sharing", "fee": "yes", "brand": "HELLO CYCLING", "access": null, "covered": null, "supervised": null, "note": null, "operator": null, "opening_hours": null }, "geometry": { "type": "Point", "coordinates": [ 139.721208, 35.659021 ] } },
{ "type": "Feature", "properties": { "osm_id": "node/13192290117", "name": "AB赤坂ビル", "ref": "C3-42", "amenity": "bicycle_rental", "capacity": "13", "facility_type": "sharing", "fee": "yes", "brand": "ドコモ・バイクシェア", "access": null, "covered": null, "supervised": null, "note": null, "operator": "ドコモ・バイクシェア", "opening_hours": null }, "geometry": { "type": "Point", "coordinates": [ 139.727977, 35.673192 ] } },
{ "type": "Feature", "properties": { "osm_id": "node/13192290128", "name": "VORT浜松町Ⅰ", "ref": "C1-91", "amenity": "bicycle_rental", "capacity": "4", "facility_type": "sharing", "fee": "yes", "brand": "ドコモ・バイクシェア", "access": null, "covered": null, "supervised": null, "note": null, "operator": "ドコモ・バイクシェア", "opening_hours": null }, "geometry": { "type": "Point", "coordinates": [ 139.757334, 35.659057 ] } },
{ "type": "Feature", "properties": { "osm_id": "node/13192290137", "name": "VORT元麻布", "ref": "C2-35", "amenity": "bicycle_rental", "capacity": "3", "facility_type": "sharing", "fee": "yes", "brand": "Docomo Bike Share", "access": null, "covered": null, "supervised": null, "note": null, "operator": null, "opening_hours": null }, "geometry": { "type": "Point", "coordinates": [ 139.727484, 35.658011 ] } },
{ "type": "Feature", "properties": { "osm_id": "node/13192290142", "name": "サマセット品川東京", "ref": "C4-19", "amenity": "bicycle_rental", "capacity": "20", "facility_type": "sharing", "fee": "yes", "brand": "Docomo Bike Share", "access": null, "covered": null, "supervised": null, "note": null, "operator": null, "opening_hours": null }, "geometry": { "type": "Point", "coordinates": [ 139.73777, 35.62535 ] } },
{ "type": "Feature", "properties": { "osm_id": "node/13192290147", "name": "VORT南青山Ⅰ", "ref": "C3-40", "amenity": "bicycle_rental", "capacity": "6", "facility_type": "sharing", "fee": "yes", "brand": "ドコモ・バイクシェア", "access": null, "covered": null, "supervised": null, "note": null, "operator": "ドコモ・バイクシェア", "opening_hours": null }, "geometry": { "type": "Point", "coordinates": [ 139.71696, 35.65989 ] } },
{ "type": "Feature", "properties": { "osm_id": "node/13192290182", "name": "ジオグランデ白金台", "ref": "C4-18", "amenity": "bicycle_rental", "capacity": "5", "facility_type": "sharing", "fee": "yes", "brand": "ドコモ・バイクシェア", "access": null, "covered": null, "supervised": null, "note": null, "operator": "ドコモ・バイクシェア", "opening_hours": null }, "geometry": { "type": "Point", "coordinates": [ 139.72283, 35.636281 ] } },
{ "type": "Feature", "properties": { "osm_id": "node/13192290186", "name": "赤坂レジデンシャルホテル", "ref": "C3-39", "amenity": "bicycle_rental", "capacity": "13", "facility_type": "sharing", "fee": "yes", "brand": "ドコモ・バイクシェア", "access": null, "covered": null, "supervised": null, "note": null, "operator": "ドコモ・バイクシェア", "opening_hours": null }, "geometry": { "type": "Point", "coordinates": [ 139.732821, 35.668224 ] } },
{ "type": "Feature", "properties": { "osm_id": "node/13192290199", "name": "ロイヤルパークス品川", "ref": "C5-62", "amenity": "bicycle_rental", "capacity": "8", "facility_type": "sharing", "fee": "yes", "brand": "ドコモ・バイクシェア", "access": null, "covered": null, "supervised": null, "note": null, "operator": "ドコモ・バイクシェア", "opening_hours": null }, "geometry": { "type": "Point", "coordinates": [ 139.747388, 35.632484 ] } },
{ "type": "Feature", "properties": { "osm_id": "node/13192291712", "name": "品川東急ビル", "ref": "C5-60", "amenity": "bicycle_rental", "capacity": "2", "facility_type": "sharing", "fee": "yes", "brand": "Docomo Bike Share", "access": null, "covered": null, "supervised": null, "note": null, "operator": null, "opening_hours": null }, "geometry": { "type": "Point", "coordinates": [ 139.745663, 35.630018 ] } },
{ "type": "Feature", "properties": { "osm_id": "node/13192291715", "name": "ブルーフロント芝浦タワーS", "ref": "C5-61", "amenity": "bicycle_rental", "capacity": "20", "facility_type": "sharing", "fee": "yes", "brand": "ドコモ・バイクシェア", "access": null, "covered": null, "supervised": null, "note": null, "operator": "ドコモ・バイクシェア", "opening_hours": null }, "geometry": { "type": "Point", "coordinates": [ 139.756532, 35.65084 ] } },
{ "type": "Feature", "properties": { "osm_id": "node/13192291735", "name": "THE LINKPILLAR 1 NORTH", "ref": "C4-16", "amenity": "bicycle_rental", "capacity": "22", "facility_type": "sharing", "fee": "yes", "brand": "Docomo Bike Share", "access": null, "covered": null, "supervised": null, "note": null, "operator": null, "opening_hours": null }, "geometry": { "type": "Point", "coordinates": [ 139.740401, 35.637089 ] } },
{ "type": "Feature", "properties": { "osm_id": "node/13192291736", "name": "THE LINKPILLAR 1 SOUTH", "ref": "C4-17", "amenity": "bicycle_rental", "capacity": "12", "facility_type": "sharing", "fee": "yes", "brand": "ドコモ・バイクシェア", "access": null, "covered": null, "supervised": null, "note": null, "operator": "ドコモ・バイクシェア", "opening_hours": null }, "geometry": { "type": "Point", "coordinates": [ 139.73937810000001, 35.6339962 ] } },
{ "type": "Feature", "properties": { "osm_id": "node/13192291738", "name": "仙台坂下", "ref": "C2-34", "amenity": "bicycle_rental", "capacity": "6", "facility_type": "sharing", "fee": "yes", "brand": "ドコモ・バイクシェア", "access": null, "covered": null, "supervised": null, "note": null, "operator": "ドコモ・バイクシェア", "opening_hours": null }, "geometry": { "type": "Point", "coordinates": [ 139.734314, 35.652478 ] } },
{ "type": "Feature", "properties": { "osm_id": "node/13192291748", "name": "BIZCORE西新橋", "ref": "C1-90", "amenity": "bicycle_rental", "capacity": "11", "facility_type": "sharing", "fee": "yes", "brand": "Docomo Bike Share", "access": null, "covered": null, "supervised": null, "note": null, "operator": null, "opening_hours": null }, "geometry": { "type": "Point", "coordinates": [ 139.750969, 35.664741 ] } },
{ "type": "Feature", "properties": { "osm_id": "node/13192291749", "name": "VORT芝浦WaterFront", "ref": "C5-58", "amenity": "bicycle_rental", "capacity": "0", "facility_type": "sharing", "fee": "yes", "brand": "ドコモ・バイクシェア", "access": null, "covered": null, "supervised": null, "note": null, "operator": "ドコモ・バイクシェア", "opening_hours": null }, "geometry": { "type": "Point", "coordinates": [ 139.748939, 35.640017 ] } },
{ "type": "Feature", "properties": { "osm_id": "node/13192291763", "name": "エスリード芝浦ベイサイド", "ref": "C5-59", "amenity": "bicycle_rental", "capacity": "6", "facility_type": "sharing", "fee": "yes", "brand": "ドコモ・バイクシェア", "access": null, "covered": null, "supervised": null, "note": null, "operator": "ドコモ・バイクシェア", "opening_hours": null }, "geometry": { "type": "Point", "coordinates": [ 139.75276, 35.63725 ] } },
{ "type": "Feature", "properties": { "osm_id": "node/13192291768", "name": "VORT 新橋Ⅲ", "ref": "C1-89", "amenity": "bicycle_rental", "capacity": "3", "facility_type": "sharing", "fee": "yes", "brand": "ドコモ・バイクシェア", "access": null, "covered": null, "supervised": null, "note": null, "operator": "ドコモ・バイクシェア", "opening_hours": null }, "geometry": { "type": "Point", "coordinates": [ 139.757235, 35.663251 ] } },
{ "type": "Feature", "properties": { "osm_id": "node/13192291784", "name": "FORECAST品川LABO", "ref": "C5-57", "amenity": "bicycle_rental", "capacity": "20", "facility_type": "sharing", "fee": "yes", "brand": "Docomo Bike Share", "access": null, "covered": null, "supervised": null, "note": null, "operator": null, "opening_hours": null }, "geometry": { "type": "Point", "coordinates": [ 139.757314, 35.62926 ] } },
{ "type": "Feature", "properties": { "osm_id": "node/13411850719", "name": null, "ref": null, "amenity": "bicycle_parking", "capacity": "6", "facility_type": "parking", "fee": null, "brand": null, "access": null, "covered": null, "supervised": null, "note": null, "operator": null, "opening_hours": null }, "geometry": { "type": "Point", "coordinates": [ 139.7563298, 35.6575177 ] } },
{ "type": "Feature", "properties": { "osm_id": "node/13425532721", "name": null, "ref": null, "amenity": "bicycle_parking", "capacity": "10", "facility_type": "parking", "fee": null, "brand": null, "access": "private", "covered": "yes", "supervised": null, "note": null, "operator": null, "opening_hours": null }, "geometry": { "type": "Point", "coordinates": [ 139.761816900000014, 35.6541904 ] } },
{ "type": "Feature", "properties": { "osm_id": "node/13571489801", "name": null, "ref": null, "amenity": "bicycle_parking", "capacity": null, "facility_type": "parking", "fee": null, "brand": null, "access": null, "covered": null, "supervised": null, "note": null, "operator": null, "opening_hours": null }, "geometry": { "type": "Point", "coordinates": [ 139.7568257, 35.6278883 ] } },
{ "type": "Feature", "properties": { "osm_id": "node/13626183244", "name": null, "ref": null, "amenity": "bicycle_parking", "capacity": null, "facility_type": "parking", "fee": "no", "brand": null, "access": "customers", "covered": null, "supervised": null, "note": null, "operator": null, "opening_hours": null }, "geometry": { "type": "Point", "coordinates": [ 139.7274844, 35.6511171 ] } },
{ "type": "Feature", "properties": { "osm_id": "node/13705668184", "name": null, "ref": null, "amenity": "bicycle_parking", "capacity": null, "facility_type": "parking", "fee": null, "brand": null, "access": null, "covered": null, "supervised": null, "note": null, "operator": null, "opening_hours": null }, "geometry": { "type": "Point", "coordinates": [ 139.729665400000016, 35.6659707 ] } },
{ "type": "Feature", "properties": { "osm_id": "node/13722933414", "name": "港区海岸1丁目コインパーキング", "ref": null, "amenity": "bicycle_rental", "capacity": "5", "facility_type": "sharing", "fee": "yes", "brand": "HELLO CYCLING", "access": null, "covered": null, "supervised": null, "note": null, "operator": null, "opening_hours": null }, "geometry": { "type": "Point", "coordinates": [ 139.75966870000002, 35.6559015 ] } },
{ "type": "Feature", "properties": { "osm_id": "node/13722933460", "name": "三井のリパーク芝４丁目第４", "ref": null, "amenity": "bicycle_rental", "capacity": "27", "facility_type": "sharing", "fee": "yes", "brand": "HELLO CYCLING", "access": null, "covered": null, "supervised": null, "note": null, "operator": null, "opening_hours": null }, "geometry": { "type": "Point", "coordinates": [ 139.7531476, 35.6485403 ] } },
{ "type": "Feature", "properties": { "osm_id": "node/13722933538", "name": "三井のリパーク 高輪３丁目第７", "ref": null, "amenity": "bicycle_rental", "capacity": "37", "facility_type": "sharing", "fee": "yes", "brand": "HELLO CYCLING", "access": null, "covered": null, "supervised": null, "note": null, "operator": null, "opening_hours": null }, "geometry": { "type": "Point", "coordinates": [ 139.732106, 35.6331599 ] } },
{ "type": "Feature", "properties": { "osm_id": "node/13722933654", "name": "港区新橋６丁目第四駐車場", "ref": null, "amenity": "bicycle_rental", "capacity": "9", "facility_type": "sharing", "fee": "yes", "brand": "HELLO CYCLING", "access": null, "covered": null, "supervised": null, "note": null, "operator": null, "opening_hours": null }, "geometry": { "type": "Point", "coordinates": [ 139.752693, 35.6617916 ] } },
{ "type": "Feature", "properties": { "osm_id": "node/13722933773", "name": "コインパーク東麻布2丁目第4", "ref": null, "amenity": "bicycle_rental", "capacity": "12", "facility_type": "sharing", "fee": "yes", "brand": "HELLO CYCLING", "access": null, "covered": null, "supervised": null, "note": null, "operator": null, "opening_hours": null }, "geometry": { "type": "Point", "coordinates": [ 139.741138, 35.6566528 ] } },
{ "type": "Feature", "properties": { "osm_id": "node/13722933776", "name": "三井のリパーク 西新橋２丁目第５", "ref": null, "amenity": "bicycle_rental", "capacity": "34", "facility_type": "sharing", "fee": "yes", "brand": "HELLO CYCLING", "access": null, "covered": null, "supervised": null, "note": null, "operator": null, "opening_hours": null }, "geometry": { "type": "Point", "coordinates": [ 139.7518689, 35.6668197 ] } },
{ "type": "Feature", "properties": { "osm_id": "node/13726767896", "name": "プレールドゥーク浜松町 C", "ref": "C1-95", "amenity": "bicycle_rental", "capacity": "4", "facility_type": "sharing", "fee": "yes", "brand": "Docomo Bike Share", "access": null, "covered": null, "supervised": null, "note": null, "operator": null, "opening_hours": null }, "geometry": { "type": "Point", "coordinates": [ 139.755605, 35.653558 ] } },
{ "type": "Feature", "properties": { "osm_id": "node/13726767897", "name": "プレールドゥーク浜松町 A", "ref": "C1-93", "amenity": "bicycle_rental", "capacity": "2", "facility_type": "sharing", "fee": "yes", "brand": "Docomo Bike Share", "access": null, "covered": null, "supervised": null, "note": null, "operator": null, "opening_hours": null }, "geometry": { "type": "Point", "coordinates": [ 139.755552, 35.653433 ] } },
{ "type": "Feature", "properties": { "osm_id": "node/13726767898", "name": "プレールドゥーク浜松町 D", "ref": "C1-96", "amenity": "bicycle_rental", "capacity": "2", "facility_type": "sharing", "fee": "yes", "brand": "Docomo Bike Share", "access": null, "covered": null, "supervised": null, "note": null, "operator": null, "opening_hours": null }, "geometry": { "type": "Point", "coordinates": [ 139.755525, 35.653568 ] } },
{ "type": "Feature", "properties": { "osm_id": "node/13726767899", "name": "プレールドゥーク浜松町 B", "ref": "C1-94", "amenity": "bicycle_rental", "capacity": "2", "facility_type": "sharing", "fee": "yes", "brand": "Docomo Bike Share", "access": null, "covered": null, "supervised": null, "note": null, "operator": null, "opening_hours": null }, "geometry": { "type": "Point", "coordinates": [ 139.755446, 35.653463 ] } },
{ "type": "Feature", "properties": { "osm_id": "node/13726789702", "name": "御成門郵船ビルディング", "ref": "C1-98", "amenity": "bicycle_rental", "capacity": "8", "facility_type": "sharing", "fee": "yes", "brand": "Docomo Bike Share", "access": null, "covered": null, "supervised": null, "note": null, "operator": null, "opening_hours": null }, "geometry": { "type": "Point", "coordinates": [ 139.75125, 35.662326 ] } },
{ "type": "Feature", "properties": { "osm_id": "node/13726789703", "name": "エステムプラザ愛宕虎ノ門レジデンス", "ref": "C1-92", "amenity": "bicycle_rental", "capacity": "6", "facility_type": "sharing", "fee": "yes", "brand": "Docomo Bike Share", "access": null, "covered": null, "supervised": null, "note": null, "operator": null, "opening_hours": null }, "geometry": { "type": "Point", "coordinates": [ 139.750766, 35.665628 ] } },
{ "type": "Feature", "properties": { "osm_id": "node/13726789708", "name": "MoN Takanawa", "ref": "C1-97", "amenity": "bicycle_rental", "capacity": "15", "facility_type": "sharing", "fee": "yes", "brand": "ドコモ・バイクシェア", "access": null, "covered": null, "supervised": null, "note": null, "operator": "ドコモ・バイクシェア", "opening_hours": null }, "geometry": { "type": "Point", "coordinates": [ 139.741358, 35.639627 ] } },
{ "type": "Feature", "properties": { "osm_id": "node/13726789710", "name": "赤坂トラストタワー", "ref": "C3-41", "amenity": "bicycle_rental", "capacity": "19", "facility_type": "sharing", "fee": "yes", "brand": "Docomo Bike Share", "access": null, "covered": null, "supervised": null, "note": null, "operator": null, "opening_hours": null }, "geometry": { "type": "Point", "coordinates": [ 139.740757, 35.670386 ] } },
{ "type": "Feature", "properties": { "osm_id": "node/13726789714", "name": "アベニュー高輪", "ref": "C4-20", "amenity": "bicycle_rental", "capacity": "9", "facility_type": "sharing", "fee": "yes", "brand": "Docomo Bike Share", "access": null, "covered": null, "supervised": null, "note": null, "operator": null, "opening_hours": null }, "geometry": { "type": "Point", "coordinates": [ 139.737935, 35.631763 ] } },
{ "type": "Feature", "properties": { "osm_id": "node/13762386695", "name": null, "ref": null, "amenity": "bicycle_parking", "capacity": null, "facility_type": "parking", "fee": "no", "brand": null, "access": "yes", "covered": "no", "supervised": null, "note": null, "operator": null, "opening_hours": null }, "geometry": { "type": "Point", "coordinates": [ 139.7441858, 35.6355322 ] } },
{ "type": "Feature", "properties": { "osm_id": "node/13763072308", "name": null, "ref": null, "amenity": "bicycle_parking", "capacity": null, "facility_type": "parking", "fee": "no", "brand": null, "access": "yes", "covered": "no", "supervised": null, "note": null, "operator": null, "opening_hours": null }, "geometry": { "type": "Point", "coordinates": [ 139.742407500000013, 35.6328965 ] } },
{ "type": "Feature", "properties": { "osm_id": "node/13786144065", "name": null, "ref": null, "amenity": "bicycle_parking", "capacity": null, "facility_type": "parking", "fee": "no", "brand": null, "access": "customers", "covered": null, "supervised": null, "note": null, "operator": null, "opening_hours": null }, "geometry": { "type": "Point", "coordinates": [ 139.72967970000002, 35.6593962 ] } },
{ "type": "Feature", "properties": { "osm_id": "node/13786843847", "name": "芝公園駅第2暫定自転車駐車場", "ref": null, "amenity": "bicycle_parking", "capacity": "35", "facility_type": "parking", "fee": null, "brand": null, "access": null, "covered": "no", "supervised": null, "note": null, "operator": null, "opening_hours": null }, "geometry": { "type": "Point", "coordinates": [ 139.7496907, 35.6543102 ] } },
{ "type": "Feature", "properties": { "osm_id": "node/13805232703", "name": "temporary bike park", "ref": null, "amenity": "bicycle_parking", "capacity": null, "facility_type": "parking", "fee": null, "brand": null, "access": null, "covered": null, "supervised": null, "note": null, "operator": null, "opening_hours": null }, "geometry": { "type": "Point", "coordinates": [ 139.7374738, 35.6542691 ] } },
{ "type": "Feature", "properties": { "osm_id": "node/13810066901", "name": "Keyakizaka Complex Bicycle Parking", "ref": null, "amenity": "bicycle_parking", "capacity": null, "facility_type": "parking", "fee": null, "brand": null, "access": null, "covered": null, "supervised": null, "note": null, "operator": "Roppongi Hills", "opening_hours": "24/7" }, "geometry": { "type": "Point", "coordinates": [ 139.7301759, 35.6593199 ] } },
{ "type": "Feature", "properties": { "osm_id": "node/13820137601", "name": "Bike park", "ref": null, "amenity": "bicycle_parking", "capacity": null, "facility_type": "parking", "fee": null, "brand": null, "access": null, "covered": null, "supervised": null, "note": null, "operator": null, "opening_hours": null }, "geometry": { "type": "Point", "coordinates": [ 139.7471511, 35.6349643 ] } },
{ "type": "Feature", "properties": { "osm_id": "node/13820146301", "name": "sports park bike parking space", "ref": null, "amenity": "bicycle_parking", "capacity": null, "facility_type": "parking", "fee": null, "brand": null, "access": null, "covered": null, "supervised": null, "note": null, "operator": null, "opening_hours": null }, "geometry": { "type": "Point", "coordinates": [ 139.745769600000017, 35.6337642 ] } },
{ "type": "Feature", "properties": { "osm_id": "node/13848465001", "name": "ののあおやまショップ＆レストラン駐輪場", "ref": null, "amenity": "bicycle_parking", "capacity": null, "facility_type": "parking", "fee": null, "brand": null, "access": null, "covered": "yes", "supervised": null, "note": null, "operator": null, "opening_hours": null }, "geometry": { "type": "Point", "coordinates": [ 139.713021700000013, 35.6674225 ] } },
{ "type": "Feature", "properties": { "osm_id": "node/13848617101", "name": "Bike park", "ref": null, "amenity": "bicycle_parking", "capacity": null, "facility_type": "parking", "fee": null, "brand": null, "access": null, "covered": null, "supervised": null, "note": null, "operator": null, "opening_hours": null }, "geometry": { "type": "Point", "coordinates": [ 139.7269843, 35.6462241 ] } },
{ "type": "Feature", "properties": { "osm_id": "node/13860601801", "name": "Muryo Bicycle無料駐輪場", "ref": null, "amenity": "bicycle_parking", "capacity": null, "facility_type": "parking", "fee": null, "brand": null, "access": null, "covered": null, "supervised": null, "note": null, "operator": null, "opening_hours": null }, "geometry": { "type": "Point", "coordinates": [ 139.710759100000018, 35.6653492 ] } },
{ "type": "Feature", "properties": { "osm_id": "node/13869859701", "name": "bike park", "ref": null, "amenity": "bicycle_parking", "capacity": null, "facility_type": "parking", "fee": null, "brand": null, "access": null, "covered": null, "supervised": null, "note": null, "operator": null, "opening_hours": null }, "geometry": { "type": "Point", "coordinates": [ 139.728176900000022, 35.6527785 ] } },
{ "type": "Feature", "properties": { "osm_id": "node/13922187402", "name": "bike park", "ref": null, "amenity": "bicycle_parking", "capacity": null, "facility_type": "parking", "fee": null, "brand": null, "access": null, "covered": null, "supervised": null, "note": null, "operator": null, "opening_hours": null }, "geometry": { "type": "Point", "coordinates": [ 139.7544025, 35.6649709 ] } },
{ "type": "Feature", "properties": { "osm_id": "node/13951229601", "name": "maretsu bike park", "ref": null, "amenity": "bicycle_parking", "capacity": null, "facility_type": "parking", "fee": null, "brand": null, "access": null, "covered": null, "supervised": null, "note": null, "operator": null, "opening_hours": null }, "geometry": { "type": "Point", "coordinates": [ 139.7473702, 35.631071 ] } },
{ "type": "Feature", "properties": { "osm_id": "node/13989802201", "name": "supermarket bike park", "ref": null, "amenity": "bicycle_parking", "capacity": null, "facility_type": "parking", "fee": null, "brand": null, "access": null, "covered": null, "supervised": null, "note": null, "operator": null, "opening_hours": null }, "geometry": { "type": "Point", "coordinates": [ 139.7376729, 35.6416336 ] } },
{ "type": "Feature", "properties": { "osm_id": "node/13996970801", "name": "bike park", "ref": null, "amenity": "bicycle_parking", "capacity": null, "facility_type": "parking", "fee": null, "brand": null, "access": null, "covered": null, "supervised": null, "note": null, "operator": "", "opening_hours": null }, "geometry": { "type": "Point", "coordinates": [ 139.748209, 35.6482161 ] } },
{ "type": "Feature", "properties": { "osm_id": "node/14013706106", "name": null, "ref": null, "amenity": "bicycle_parking", "capacity": null, "facility_type": "parking", "fee": "no", "brand": null, "access": "customers", "covered": "no", "supervised": null, "note": null, "operator": null, "opening_hours": null }, "geometry": { "type": "Point", "coordinates": [ 139.742937800000021, 35.6585132 ] } },
{ "type": "Feature", "properties": { "osm_id": "way/185543732", "name": null, "ref": null, "amenity": "bicycle_parking", "capacity": null, "facility_type": "parking", "fee": null, "brand": null, "access": "private", "covered": "yes", "supervised": null, "note": null, "operator": null, "opening_hours": null }, "geometry": { "type": "Point", "coordinates": [ 139.746497536032649, 35.64941137688939 ] } },
{ "type": "Feature", "properties": { "osm_id": "way/208363571", "name": null, "ref": null, "amenity": "bicycle_parking", "capacity": null, "facility_type": "parking", "fee": null, "brand": null, "access": null, "covered": null, "supervised": null, "note": null, "operator": null, "opening_hours": null }, "geometry": { "type": "Point", "coordinates": [ 139.746827246621365, 35.628457800599072 ] } },
{ "type": "Feature", "properties": { "osm_id": "way/216626312", "name": null, "ref": null, "amenity": "bicycle_parking", "capacity": null, "facility_type": "parking", "fee": null, "brand": null, "access": "private", "covered": null, "supervised": null, "note": null, "operator": null, "opening_hours": null }, "geometry": { "type": "Point", "coordinates": [ 139.738660839806101, 35.641774695019492 ] } },
{ "type": "Feature", "properties": { "osm_id": "way/217850984", "name": null, "ref": null, "amenity": "bicycle_parking", "capacity": null, "facility_type": "parking", "fee": null, "brand": null, "access": "private", "covered": "yes", "supervised": null, "note": null, "operator": null, "opening_hours": null }, "geometry": { "type": "Point", "coordinates": [ 139.737786538857478, 35.634184160535952 ] } },
{ "type": "Feature", "properties": { "osm_id": "way/249165183", "name": null, "ref": null, "amenity": "bicycle_parking", "capacity": null, "facility_type": "parking", "fee": null, "brand": null, "access": null, "covered": "yes", "supervised": null, "note": null, "operator": null, "opening_hours": null }, "geometry": { "type": "Point", "coordinates": [ 139.744784273476967, 35.66629768883967 ] } },
{ "type": "Feature", "properties": { "osm_id": "way/252546550", "name": null, "ref": null, "amenity": "bicycle_parking", "capacity": null, "facility_type": "parking", "fee": null, "brand": null, "access": "private", "covered": "yes", "supervised": null, "note": null, "operator": null, "opening_hours": null }, "geometry": { "type": "Point", "coordinates": [ 139.746204849017175, 35.650956395502746 ] } },
{ "type": "Feature", "properties": { "osm_id": "way/298236760", "name": null, "ref": null, "amenity": "bicycle_parking", "capacity": null, "facility_type": "parking", "fee": null, "brand": null, "access": null, "covered": "yes", "supervised": null, "note": null, "operator": null, "opening_hours": null }, "geometry": { "type": "Point", "coordinates": [ 139.7379281200501, 35.634206325509616 ] } },
{ "type": "Feature", "properties": { "osm_id": "way/332141197", "name": "芝浦ふ頭駅前暫定自転車駐車場", "ref": null, "amenity": "bicycle_parking", "capacity": null, "facility_type": "parking", "fee": null, "brand": null, "access": null, "covered": "no", "supervised": null, "note": null, "operator": null, "opening_hours": null }, "geometry": { "type": "Point", "coordinates": [ 139.757547036684002, 35.64119044980481 ] } },
{ "type": "Feature", "properties": { "osm_id": "way/332141199", "name": "新橋駅第4暫定自転車駐車場", "ref": null, "amenity": "bicycle_parking", "capacity": null, "facility_type": "parking", "fee": null, "brand": null, "access": null, "covered": "no", "supervised": null, "note": null, "operator": null, "opening_hours": null }, "geometry": { "type": "Point", "coordinates": [ 139.757090187112055, 35.66666474838361 ] } },
{ "type": "Feature", "properties": { "osm_id": "way/332141200", "name": "新橋駅第4暫定自転車駐車場", "ref": null, "amenity": "bicycle_parking", "capacity": null, "facility_type": "parking", "fee": null, "brand": null, "access": null, "covered": "no", "supervised": null, "note": null, "operator": null, "opening_hours": null }, "geometry": { "type": "Point", "coordinates": [ 139.756934980534368, 35.666364464086364 ] } },
{ "type": "Feature", "properties": { "osm_id": "way/338807632", "name": "表参道駅前暫定自転車駐車場", "ref": null, "amenity": "bicycle_parking", "capacity": null, "facility_type": "parking", "fee": "free for 2 hours", "brand": null, "access": null, "covered": null, "supervised": null, "note": null, "operator": null, "opening_hours": null }, "geometry": { "type": "Point", "coordinates": [ 139.713934498259448, 35.665630712936469 ] } },
{ "type": "Feature", "properties": { "osm_id": "way/509549784", "name": null, "ref": null, "amenity": "bicycle_parking", "capacity": null, "facility_type": "parking", "fee": null, "brand": null, "access": null, "covered": null, "supervised": null, "note": null, "operator": null, "opening_hours": null }, "geometry": { "type": "Point", "coordinates": [ 139.736487623909369, 35.674043576252188 ] } },
{ "type": "Feature", "properties": { "osm_id": "way/568086170", "name": null, "ref": null, "amenity": "bicycle_parking", "capacity": null, "facility_type": "parking", "fee": null, "brand": null, "access": null, "covered": null, "supervised": null, "note": null, "operator": null, "opening_hours": null }, "geometry": { "type": "Point", "coordinates": [ 139.727203654255987, 35.657890620191857 ] } },
{ "type": "Feature", "properties": { "osm_id": "way/595717428", "name": "三田いきいきプラザ", "ref": null, "amenity": "bicycle_rental", "capacity": "9", "facility_type": "sharing", "fee": "yes", "brand": "ドコモ・バイクシェア", "access": null, "covered": null, "supervised": null, "note": null, "operator": "ドコモ・バイクシェア", "opening_hours": null }, "geometry": { "type": "Point", "coordinates": [ 139.749832077409167, 35.648645438739536 ] } },
{ "type": "Feature", "properties": { "osm_id": "way/595717429", "name": null, "ref": null, "amenity": "bicycle_parking", "capacity": null, "facility_type": "parking", "fee": null, "brand": null, "access": null, "covered": null, "supervised": null, "note": null, "operator": null, "opening_hours": null }, "geometry": { "type": "Point", "coordinates": [ 139.749826837386877, 35.64861416190579 ] } },
{ "type": "Feature", "properties": { "osm_id": "way/610161430", "name": null, "ref": null, "amenity": "bicycle_parking", "capacity": null, "facility_type": "parking", "fee": null, "brand": null, "access": null, "covered": null, "supervised": null, "note": null, "operator": null, "opening_hours": null }, "geometry": { "type": "Point", "coordinates": [ 139.747202443802507, 35.625110749793663 ] } },
{ "type": "Feature", "properties": { "osm_id": "way/610161433", "name": null, "ref": null, "amenity": "bicycle_parking", "capacity": null, "facility_type": "parking", "fee": null, "brand": null, "access": null, "covered": null, "supervised": null, "note": null, "operator": null, "opening_hours": null }, "geometry": { "type": "Point", "coordinates": [ 139.747729646245006, 35.624886288485854 ] } },
{ "type": "Feature", "properties": { "osm_id": "way/610161434", "name": null, "ref": null, "amenity": "bicycle_parking", "capacity": null, "facility_type": "parking", "fee": null, "brand": null, "access": null, "covered": null, "supervised": null, "note": null, "operator": null, "opening_hours": null }, "geometry": { "type": "Point", "coordinates": [ 139.74720560049596, 35.624855397923248 ] } },
{ "type": "Feature", "properties": { "osm_id": "way/691040870", "name": null, "ref": null, "amenity": "bicycle_parking", "capacity": null, "facility_type": "parking", "fee": null, "brand": null, "access": null, "covered": null, "supervised": null, "note": null, "operator": null, "opening_hours": null }, "geometry": { "type": "Point", "coordinates": [ 139.734570796285169, 35.638124626205553 ] } },
{ "type": "Feature", "properties": { "osm_id": "way/750332204", "name": null, "ref": null, "amenity": "bicycle_parking", "capacity": null, "facility_type": "parking", "fee": null, "brand": null, "access": null, "covered": null, "supervised": null, "note": null, "operator": null, "opening_hours": null }, "geometry": { "type": "Point", "coordinates": [ 139.728321981757318, 35.666977063467471 ] } },
{ "type": "Feature", "properties": { "osm_id": "way/838278184", "name": "お台場海浜公園乗船場", "ref": null, "amenity": "bicycle_rental", "capacity": "16", "facility_type": "sharing", "fee": "yes", "brand": "ドコモ・バイクシェア", "access": null, "covered": null, "supervised": null, "note": null, "operator": "ドコモ・バイクシェア", "opening_hours": null }, "geometry": { "type": "Point", "coordinates": [ 139.773945987552395, 35.628718662939264 ] } },
{ "type": "Feature", "properties": { "osm_id": "way/872052087", "name": null, "ref": null, "amenity": "bicycle_parking", "capacity": null, "facility_type": "parking", "fee": null, "brand": null, "access": null, "covered": null, "supervised": null, "note": null, "operator": null, "opening_hours": null }, "geometry": { "type": "Point", "coordinates": [ 139.721841579409102, 35.636189443463358 ] } },
{ "type": "Feature", "properties": { "osm_id": "way/872052088", "name": null, "ref": null, "amenity": "bicycle_parking", "capacity": null, "facility_type": "parking", "fee": null, "brand": null, "access": null, "covered": null, "supervised": null, "note": null, "operator": null, "opening_hours": null }, "geometry": { "type": "Point", "coordinates": [ 139.722423909133084, 35.636922706730758 ] } },
{ "type": "Feature", "properties": { "osm_id": "way/921932078", "name": null, "ref": null, "amenity": "bicycle_parking", "capacity": null, "facility_type": "parking", "fee": null, "brand": null, "access": null, "covered": null, "supervised": null, "note": null, "operator": null, "opening_hours": null }, "geometry": { "type": "Point", "coordinates": [ 139.727543055293438, 35.673231113008477 ] } },
{ "type": "Feature", "properties": { "osm_id": "way/1120342633", "name": null, "ref": null, "amenity": "bicycle_parking", "capacity": null, "facility_type": "parking", "fee": null, "brand": null, "access": null, "covered": "no", "supervised": null, "note": null, "operator": null, "opening_hours": null }, "geometry": { "type": "Point", "coordinates": [ 139.778055793140396, 35.630986057703744 ] } },
{ "type": "Feature", "properties": { "osm_id": "way/1302874961", "name": "高輪ゲートウェイ駅第一暫定自転車駐車場", "ref": null, "amenity": "bicycle_parking", "capacity": null, "facility_type": "parking", "fee": "yes", "brand": null, "access": "yes", "covered": null, "supervised": null, "note": null, "operator": "ビシクレット・NCD共同企業体", "opening_hours": null }, "geometry": { "type": "Point", "coordinates": [ 139.738409001774812, 35.634276576016568 ] } },
{ "type": "Feature", "properties": { "osm_id": "way/1357111417", "name": null, "ref": null, "amenity": "bicycle_parking", "capacity": null, "facility_type": "parking", "fee": null, "brand": null, "access": null, "covered": null, "supervised": null, "note": null, "operator": null, "opening_hours": null }, "geometry": { "type": "Point", "coordinates": [ 139.732528074492905, 35.644199604250915 ] } },
{ "type": "Feature", "properties": { "osm_id": "way/1357111423", "name": null, "ref": null, "amenity": "bicycle_parking", "capacity": null, "facility_type": "parking", "fee": null, "brand": null, "access": null, "covered": null, "supervised": null, "note": null, "operator": null, "opening_hours": null }, "geometry": { "type": "Point", "coordinates": [ 139.733778158936474, 35.64326609061883 ] } },
{ "type": "Feature", "properties": { "osm_id": "way/1508204427", "name": null, "ref": null, "amenity": "bicycle_parking", "capacity": null, "facility_type": "parking", "fee": "no", "brand": null, "access": "yes", "covered": "no", "supervised": null, "note": null, "operator": null, "opening_hours": null }, "geometry": { "type": "Point", "coordinates": [ 139.73355524849228, 35.640754682044971 ] } },
{ "type": "Feature", "properties": { "osm_id": "way/1537662721", "name": null, "ref": null, "amenity": "bicycle_parking", "capacity": null, "facility_type": "parking", "fee": "no", "brand": null, "access": "yes", "covered": "no", "supervised": "yes", "note": null, "operator": null, "opening_hours": null }, "geometry": { "type": "Point", "coordinates": [ 139.750516989100703, 35.654394200907795 ] } },
{ "type": "Feature", "properties": { "osm_id": "way/1537662722", "name": null, "ref": null, "amenity": "bicycle_parking", "capacity": null, "facility_type": "parking", "fee": "no", "brand": null, "access": "yes", "covered": "no", "supervised": "yes", "note": null, "operator": null, "opening_hours": null }, "geometry": { "type": "Point", "coordinates": [ 139.750495121550244, 35.654343412363424 ] } },
{ "type": "Feature", "properties": { "osm_id": "way/1541136980", "name": null, "ref": null, "amenity": "bicycle_parking", "capacity": null, "facility_type": "parking", "fee": "no", "brand": null, "access": "yes", "covered": "no", "supervised": "yes", "note": null, "operator": "港区", "opening_hours": null }, "geometry": { "type": "Point", "coordinates": [ 139.750536298637201, 35.654462325540699 ] } }
]
}
