{
"type": "FeatureCollection",
"name": "hexagons",
"crs": { "type": "name", "properties": { "name": "urn:ogc:def:crs:OGC:1.3:CRS84" } },
"features": [
{ "type": "Feature", "properties": { "hex_id": "892f5a32927ffff", "population": 3063.3627463652369, "production_score": 0.74468646619862899, "attraction_score": 0.42670537010159654, "potential_score": 0.46855673452009022, "stress_score": 2.1666666666666665, "infra_quality_score": 0.61111111111111116, "gap_score": -0.14255437659102094, "schools_nearby": 18, "stations_nearby": 5, "shops_nearby": 567, "bike_parking_nearby": 3, "bike_parking_capacity_nearby": 12.0, "bike_sharing_nearby": 5, "bike_sharing_capacity_nearby": 22.0, "flat_terrain": 0, "roi_car_trips_per_day": 2144.3539224556662, "roi_congestion_cost_yen_day": 750352.32454568672, "roi_operating_cost_yen_day": 104773.13265118384, "roi_emissions_kg_day": 557.53201983847327, "roi_shifted_trips_per_day": 428.87078449113324, "roi_congestion_savings_yen_day": 150070.46490913734, "roi_operating_savings_yen_day": 20954.626530236768, "roi_emissions_avoided_kg_day": 111.50640396769465, "roi_health_benefit_yen_day": 12866.123534733997, "roi_parking_spaces_freed": 8.577415689822665, "observed_commuters": 1310.0, "observed_bicycle": 93.0, "observed_bicycle_share": 0.0707, "observed_rail_share": 0.6155, "observed_car_share": 0.018 }, "geometry": { "type": "Polygon", "coordinates": [ [ [ 139.735944819472735, 35.705323052458048 ], [ 139.735378843144559, 35.707076529674524 ], [ 139.733393612861363, 35.707548579214048 ], [ 139.731974455553342, 35.706267170392529 ], [ 139.732540481538337, 35.7045137461877 ], [ 139.734525615177745, 35.704041677793015 ], [ 139.735944819472735, 35.705323052458048 ] ] ] } },
{ "type": "Feature", "properties": { "hex_id": "892f5a37443ffff", "population": 2461.7392311023682, "production_score": 0.59843248383950076, "attraction_score": 0.26197387518142234, "potential_score": 0.54416254360836924, "stress_score": 2.42, "infra_quality_score": 0.52666666666666662, "gap_score": 0.017495876941702626, "schools_nearby": 21, "stations_nearby": 5, "shops_nearby": 331, "bike_parking_nearby": 5, "bike_parking_capacity_nearby": 20.0, "bike_sharing_nearby": 6, "bike_sharing_capacity_nearby": 37.0, "flat_terrain": 1, "roi_car_trips_per_day": 1723.217461771658, "roi_congestion_cost_yen_day": 602988.25422313856, "roi_operating_cost_yen_day": 84196.405182163217, "roi_emissions_kg_day": 448.03654006063113, "roi_shifted_trips_per_day": 344.64349235433161, "roi_congestion_savings_yen_day": 120597.65084462773, "roi_operating_savings_yen_day": 16839.281036432643, "roi_emissions_avoided_kg_day": 89.607308012126225, "roi_health_benefit_yen_day": 10339.304770629948, "roi_parking_spaces_freed": 6.8928698470866321, "observed_commuters": 1063.0, "observed_bicycle": 79.0, "observed_bicycle_share": 0.0742, "observed_rail_share": 0.5641, "observed_car_share": 0.019 }, "geometry": { "type": "Polygon", "coordinates": [ [ [ 139.729989310208992, 35.706739163373278 ], [ 139.729423225528308, 35.70849254631446 ], [ 139.727438068487032, 35.708964463877372 ], [ 139.726019092772617, 35.707683017366712 ], [ 139.726585227093665, 35.705929687440857 ], [ 139.728570287491976, 35.705457751010591 ], [ 139.729989310208992, 35.706739163373278 ] ] ] } },
{ "type": "Feature", "properties": { "hex_id": "892f5a375afffff", "population": 186.87843392941537, "production_score": 0.045416448962880357, "attraction_score": 0.54426705370101591, "potential_score": 0.23587340106555851, "stress_score": 3.1041666666666665, "infra_quality_score": 0.29861111111111116, "gap_score": -0.062737710045552647, "schools_nearby": 27, "stations_nearby": 15, "shops_nearby": 672, "bike_parking_nearby": 5, "bike_parking_capacity_nearby": 20.0, "bike_sharing_nearby": 4, "bike_sharing_capacity_nearby": 43.0, "flat_terrain": 0, "roi_car_trips_per_day": 130.81490375059076, "roi_congestion_cost_yen_day": 45774.75112040672, "roi_operating_cost_yen_day": 6391.6161972538648, "roi_emissions_kg_day": 34.011874975153596, "roi_shifted_trips_per_day": 26.162980750118152, "roi_congestion_savings_yen_day": 9154.9502240813435, "roi_operating_savings_yen_day": 1278.3232394507729, "roi_emissions_avoided_kg_day": 6.8023749950307195, "roi_health_benefit_yen_day": 784.88942250354455, "roi_parking_spaces_freed": 0.52325961500236307, "observed_commuters": 57.0, "observed_bicycle": 6.0, "observed_bicycle_share": 0.1017, "observed_rail_share": 0.4725, "observed_car_share": 0.013 }, "geometry": { "type": "Polygon", "coordinates": [ [ [ 139.693405276923897, 35.689538966273496 ], [ 139.692838723715141, 35.691291783623775 ], [ 139.690854706338939, 35.691763192861949 ], [ 139.689437338745506, 35.690481803677187 ], [ 139.690003941458883, 35.688729039372156 ], [ 139.691987862264256, 35.688257611206929 ], [ 139.693405276923897, 35.689538966273496 ] ] ] } },
{ "type": "Feature", "properties": { "hex_id": "892f5aada6bffff", "population": 1334.6584934686255, "production_score": 0.3244404570365344, "attraction_score": 0.30624092888243831, "potential_score": 0.25227255436758911, "stress_score": 1.8484848484848484, "infra_quality_score": 0.71717171717171713, "gap_score": -0.46489916280412802, "schools_nearby": 15, "stations_nearby": 6, "shops_nearby": 407, "bike_parking_nearby": 1, "bike_parking_capacity_nearby": 4.0, "bike_sharing_nearby": 3, "bike_sharing_capacity_nearby": 33.0, "flat_terrain": 0, "roi_car_trips_per_day": 934.26094542803776, "roi_congestion_cost_yen_day": 326916.59002417896, "roi_operating_cost_yen_day": 45647.989793613924, "roi_emissions_kg_day": 242.90784581128983, "roi_shifted_trips_per_day": 186.85218908560756, "roi_congestion_savings_yen_day": 65383.318004835804, "roi_operating_savings_yen_day": 9129.5979587227848, "roi_emissions_avoided_kg_day": 48.581569162257971, "roi_health_benefit_yen_day": 5605.5656725682265, "roi_parking_spaces_freed": 3.7370437817121513, "observed_commuters": 584.0, "observed_bicycle": 33.0, "observed_bicycle_share": 0.0571, "observed_rail_share": 0.6116, "observed_car_share": 0.0685 }, "geometry": { "type": "Polygon", "coordinates": [ [ [ 139.739340203333001, 35.694801982788071 ], [ 139.738774362458258, 35.696555518949125 ], [ 139.736789348880166, 35.697027757002822 ], [ 139.735370272799003, 35.695746477738318 ], [ 139.735936163327011, 35.693992994589443 ], [ 139.737921080286043, 35.693520737693198 ], [ 139.739340203333001, 35.694801982788071 ] ] ] } },
{ "type": "Feature", "properties": { "hex_id": "892f5a3753bffff", "population": 2349.2857968018425, "production_score": 0.57109518371879919, "attraction_score": 0.77648766328011609, "potential_score": 0.73903313879956611, "stress_score": 2.263157894736842, "infra_quality_score": 0.57894736842105265, "gap_score": 0.16008577037851346, "schools_nearby": 36, "stations_nearby": 17, "shops_nearby": 959, "bike_parking_nearby": 2, "bike_parking_capacity_nearby": 8.0, "bike_sharing_nearby": 3, "bike_sharing_capacity_nearby": 40.0, "flat_terrain": 1, "roi_car_trips_per_day": 1644.50005776129, "roi_congestion_cost_yen_day": 575443.46021183068, "roi_operating_cost_yen_day": 80350.272822216633, "roi_emissions_kg_day": 427.57001501793542, "roi_shifted_trips_per_day": 328.90001155225804, "roi_congestion_savings_yen_day": 115088.69204236614, "roi_operating_savings_yen_day": 16070.054564443328, "roi_emissions_avoided_kg_day": 85.514003003587092, "roi_health_benefit_yen_day": 9867.0003465677419, "roi_parking_spaces_freed": 6.5780002310451611, "observed_commuters": 794.0, "observed_bicycle": 62.0, "observed_bicycle_share": 0.0775, "observed_rail_share": 0.5075, "observed_car_share": 0.0304 }, "geometry": { "type": "Polygon", "coordinates": [ [ [ 139.695107253077168, 35.695607415016589 ], [ 139.694540681631281, 35.697360255923968 ], [ 139.692556471087755, 35.697831627307593 ], [ 139.691138928581267, 35.69655017671144 ], [ 139.691705549545077, 35.694797388846474 ], [ 139.693689663500692, 35.694325998535518 ], [ 139.695107253077168, 35.695607415016589 ] ] ] } },
{ "type": "Feature", "properties": { "hex_id": "892f5a37083ffff", "population": 1753.115394426462, "production_score": 0.42616684681038197, "attraction_score": 0.35268505079825835, "potential_score": 0.51154075904345619, "stress_score": 2.1923076923076925, "infra_quality_score": 0.60256410256410242, "gap_score": -0.091023343520646227, "schools_nearby": 56, "stations_nearby": 7, "shops_nearby": 345, "bike_parking_nearby": 2, "bike_parking_capacity_nearby": 8.0, "bike_sharing_nearby": 0, "bike_sharing_capacity_nearby": 0.0, "flat_terrain": 1, "roi_car_trips_per_day": 1227.1807760985234, "roi_congestion_cost_yen_day": 429415.09717239533, "roi_operating_cost_yen_day": 59960.052720173851, "roi_emissions_kg_day": 319.06700178561613, "roi_shifted_trips_per_day": 245.43615521970469, "roi_congestion_savings_yen_day": 85883.019434479065, "roi_operating_savings_yen_day": 11992.010544034771, "roi_emissions_avoided_kg_day": 63.813400357123221, "roi_health_benefit_yen_day": 7363.0846565911406, "roi_parking_spaces_freed": 4.9087231043940935, "observed_commuters": 723.0, "observed_bicycle": 59.0, "observed_bicycle_share": 0.0817, "observed_rail_share": 0.5786, "observed_car_share": 0.0204 }, "geometry": { "type": "Polygon", "coordinates": [ [ [ 139.711272024000664, 35.707950507166039 ], [ 139.710705623473615, 35.709703595467396 ], [ 139.708720783031652, 35.710175136058965 ], [ 139.707302439751913, 35.708893607253152 ], [ 139.707868889863164, 35.707140571979672 ], [ 139.709853633673106, 35.706669012484383 ], [ 139.711272024000664, 35.707950507166039 ] ] ] } },
{ "type": "Feature", "properties": { "hex_id": "892f5aadb63ffff", "population": 644.51634248153994, "production_score": 0.15666769647272263, "attraction_score": 0.34325108853410741, "potential_score": 0.39996751400273206, "stress_score": 2.3888888888888888, "infra_quality_score": 0.53703703703703698, "gap_score": -0.13706952303430492, "schools_nearby": 25, "stations_nearby": 8, "shops_nearby": 422, "bike_parking_nearby": 0, "bike_parking_capacity_nearby": 0.0, "bike_sharing_nearby": 3, "bike_sharing_capacity_nearby": 24.0, "flat_terrain": 1, "roi_car_trips_per_day": 451.16143973707801, "roi_congestion_cost_yen_day": 157870.41099279834, "roi_operating_cost_yen_day": 22043.74794555363, "roi_emissions_kg_day": 117.30197433164028, "roi_shifted_trips_per_day": 90.232287947415614, "roi_congestion_savings_yen_day": 31574.082198559674, "roi_operating_savings_yen_day": 4408.7495891107264, "roi_emissions_avoided_kg_day": 23.460394866328059, "roi_health_benefit_yen_day": 2706.9686384224683, "roi_parking_spaces_freed": 1.8046457589483123, "observed_commuters": 262.0, "observed_bicycle": 23.0, "observed_bicycle_share": 0.0878, "observed_rail_share": 0.5108, "observed_car_share": 0.0341 }, "geometry": { "type": "Polygon", "coordinates": [ [ [ 139.71466452963719, 35.68610338150652 ], [ 139.714098350508038, 35.687856534727615 ], [ 139.712114028008415, 35.688328395981294 ], [ 139.710695981219203, 35.687047122898711 ], [ 139.711262209913997, 35.685294022709236 ], [ 139.7132464358356, 35.684822142571015 ], [ 139.71466452963719, 35.68610338150652 ] ] ] } },
{ "type": "Feature", "properties": { "hex_id": "892f5a329abffff", "population": 797.45031317738517, "production_score": 0.19384576828144945, "attraction_score": 0.36357039187227869, "potential_score": 0.22296646406149129, "stress_score": 2.25, "infra_quality_score": 0.58333333333333326, "gap_score": -0.36036686927184197, "schools_nearby": 11, "stations_nearby": 5, "shops_nearby": 501, "bike_parking_nearby": 9, "bike_parking_capacity_nearby": 36.0, "bike_sharing_nearby": 2, "bike_sharing_capacity_nearby": 31.0, "flat_terrain": 0, "roi_car_trips_per_day": 558.21521922416969, "roi_congestion_cost_yen_day": 195330.66951092146, "roi_operating_cost_yen_day": 27274.39561129293, "roi_emissions_kg_day": 145.13595699828412, "roi_shifted_trips_per_day": 111.64304384483394, "roi_congestion_savings_yen_day": 39066.133902184294, "roi_operating_savings_yen_day": 5454.879122258586, "roi_emissions_avoided_kg_day": 29.027191399656825, "roi_health_benefit_yen_day": 3349.2913153450181, "roi_parking_spaces_freed": 2.2328608768966789, "observed_commuters": 313.0, "observed_bicycle": 19.0, "observed_bicycle_share": 0.0601, "observed_rail_share": 0.5625, "observed_car_share": 0.0221 }, "geometry": { "type": "Polygon", "coordinates": [ [ [ 139.744451649364606, 35.701680675947102 ], [ 139.743885840113506, 35.703434288668689 ], [ 139.741900548363873, 35.703906545608611 ], [ 139.740481162509184, 35.702625208663996 ], [ 139.741047021438447, 35.700871648949168 ], [ 139.743032216547419, 35.700399373172452 ], [ 139.744451649364606, 35.701680675947102 ] ] ] } },
{ "type": "Feature", "properties": { "hex_id": "892f5a374c7ffff", "population": 2584.2410719036793, "production_score": 0.628212539985889, "attraction_score": 0.32801161103047893, "potential_score": 0.58248966040654726, "stress_score": 2.0454545454545454, "infra_quality_score": 0.6515151515151516, "gap_score": -0.069025491108604342, "schools_nearby": 30, "stations_nearby": 8, "shops_nearby": 386, "bike_parking_nearby": 0, "bike_parking_capacity_nearby": 0.0, "bike_sharing_nearby": 1, "bike_sharing_capacity_nearby": 8.0, "flat_terrain": 1, "roi_car_trips_per_day": 1808.9687503325756, "roi_congestion_cost_yen_day": 632994.3451163749, "roi_operating_cost_yen_day": 88386.213141249638, "roi_emissions_kg_day": 470.33187508646967, "roi_shifted_trips_per_day": 361.79375006651514, "roi_congestion_savings_yen_day": 126598.86902327498, "roi_operating_savings_yen_day": 17677.242628249929, "roi_emissions_avoided_kg_day": 94.066375017293936, "roi_health_benefit_yen_day": 10853.812501995455, "roi_parking_spaces_freed": 7.235875001330303, "observed_commuters": 1142.0, "observed_bicycle": 93.0, "observed_bicycle_share": 0.0814, "observed_rail_share": 0.5495, "observed_car_share": 0.035 }, "geometry": { "type": "Polygon", "coordinates": [ [ [ 139.730834454538581, 35.698444207263641 ], [ 139.73026844664426, 35.700197607942741 ], [ 139.728283494569638, 35.700669638645692 ], [ 139.726864647014651, 35.699388287530695 ], [ 139.727430704540922, 35.697634939868649 ], [ 139.729415559993413, 35.697162890304803 ], [ 139.730834454538581, 35.698444207263641 ] ] ] } },
{ "type": "Feature", "properties": { "hex_id": "892f5a3700fffff", "population": 1434.1513111543852, "production_score": 0.34862704621318119, "attraction_score": 0.23004354136429608, "potential_score": 0.23146823503099093, "stress_score": 2.0, "infra_quality_score": 0.66666666666666674, "gap_score": -0.43519843163567584, "schools_nearby": 38, "stations_nearby": 4, "shops_nearby": 239, "bike_parking_nearby": 0, "bike_parking_capacity_nearby": 0.0, "bike_sharing_nearby": 2, "bike_sharing_capacity_nearby": 11.0, "flat_terrain": 0, "roi_car_trips_per_day": 1003.9059178080697, "roi_congestion_cost_yen_day": 351286.75875939976, "roi_operating_cost_yen_day": 49050.843144102284, "roi_emissions_kg_day": 261.01553863009815, "roi_shifted_trips_per_day": 200.78118356161394, "roi_congestion_savings_yen_day": 70257.351751879949, "roi_operating_savings_yen_day": 9810.1686288204564, "roi_emissions_avoided_kg_day": 52.203107726019624, "roi_health_benefit_yen_day": 6023.4355068484183, "roi_parking_spaces_freed": 4.0156236712322793, "observed_commuters": 555.0, "observed_bicycle": 33.0, "observed_bicycle_share": 0.0594, "observed_rail_share": 0.6209, "observed_car_share": 0.0509 }, "geometry": { "type": "Polygon", "coordinates": [ [ [ 139.704469850322567, 35.717658635749011 ], [ 139.703903264653349, 35.719411611847839 ], [ 139.701918292706267, 35.719882907245157 ], [ 139.700500003083647, 35.71860124546631 ], [ 139.701066638328996, 35.716848322397368 ], [ 139.70305151362399, 35.716377008077686 ], [ 139.704469850322567, 35.717658635749011 ] ] ] } },
{ "type": "Feature", "properties": { "hex_id": "892f5a3717bffff", "population": 1471.5466505281456, "production_score": 0.3577178100652123, "attraction_score": 0.092888243831640058, "potential_score": 0.380242421558741, "stress_score": 2.1851851851851851, "infra_quality_score": 0.60493827160493829, "gap_score": -0.2246958500461973, "schools_nearby": 18, "stations_nearby": 3, "shops_nearby": 113, "bike_parking_nearby": 0, "bike_parking_capacity_nearby": 0.0, "bike_sharing_nearby": 2, "bike_sharing_capacity_nearby": 21.0, "flat_terrain": 1, "roi_car_trips_per_day": 1030.0826553697018, "roi_congestion_cost_yen_day": 360446.52276696608, "roi_operating_cost_yen_day": 50329.838541363628, "roi_emissions_kg_day": 267.8214903961225, "roi_shifted_trips_per_day": 206.01653107394037, "roi_congestion_savings_yen_day": 72089.304553393216, "roi_operating_savings_yen_day": 10065.967708272727, "roi_emissions_avoided_kg_day": 53.5642980792245, "roi_health_benefit_yen_day": 6180.4959322182112, "roi_parking_spaces_freed": 4.1203306214788071, "observed_commuters": 600.0, "observed_bicycle": 95.0, "observed_bicycle_share": 0.1592, "observed_rail_share": 0.6204, "observed_car_share": 0.0255 }, "geometry": { "type": "Polygon", "coordinates": [ [ [ 139.682353156664476, 35.71805380033706 ], [ 139.681786205906064, 35.719806428582416 ], [ 139.67980163619751, 35.720277290660455 ], [ 139.678384113886978, 35.718995543458128 ], [ 139.678951114153847, 35.717242968257708 ], [ 139.680935587225974, 35.716772087214942 ], [ 139.682353156664476, 35.71805380033706 ] ] ] } },
{ "type": "Feature", "properties": { "hex_id": "892f5a32937ffff", "population": 2448.0963372495726, "production_score": 0.59511591208614689, "attraction_score": 0.4223512336719884, "potential_score": 0.4069868583032541, "stress_score": 2.3272727272727272, "infra_quality_score": 0.55757575757575761, "gap_score": -0.15058889927250352, "schools_nearby": 16, "stations_nearby": 4, "shops_nearby": 570, "bike_parking_nearby": 4, "bike_parking_capacity_nearby": 16.0, "bike_sharing_nearby": 4, "bike_sharing_capacity_nearby": 23.0, "flat_terrain": 0, "roi_car_trips_per_day": 1713.6674360747006, "roi_congestion_cost_yen_day": 599646.50923125923, "roi_operating_cost_yen_day": 83729.790926609872, "roi_emissions_kg_day": 445.55353337942216, "roi_shifted_trips_per_day": 342.73348721494017, "roi_congestion_savings_yen_day": 119929.30184625187, "roi_operating_savings_yen_day": 16745.958185321975, "roi_emissions_avoided_kg_day": 89.110706675884444, "roi_health_benefit_yen_day": 10282.004616448205, "roi_parking_spaces_freed": 6.8546697442988034, "observed_commuters": 1073.0, "observed_bicycle": 53.0, "observed_bicycle_share": 0.0499, "observed_rail_share": 0.5924, "observed_car_share": 0.0242 }, "geometry": { "type": "Polygon", "coordinates": [ [ [ 139.738495955667503, 35.703097409032182 ], [ 139.737930038039138, 35.704850927502285 ], [ 139.735944819472735, 35.705323052458048 ], [ 139.734525615177745, 35.704041677793015 ], [ 139.73509158246776, 35.7022882123334 ], [ 139.737076704394298, 35.701816068528643 ], [ 139.738495955667503, 35.703097409032182 ] ] ] } },
{ "type": "Feature", "properties": { "hex_id": "892f5a37453ffff", "population": 2664.8322177390573, "production_score": 0.64780415454596696, "attraction_score": 0.37082728592162556, "potential_score": 0.40745257618703701, "stress_score": 2.12, "infra_quality_score": 0.62666666666666671, "gap_score": -0.2192140904796297, "schools_nearby": 24, "stations_nearby": 4, "shops_nearby": 475, "bike_parking_nearby": 4, "bike_parking_capacity_nearby": 16.0, "bike_sharing_nearby": 2, "bike_sharing_capacity_nearby": 7.0, "flat_terrain": 0, "roi_car_trips_per_day": 1865.3825524173403, "roi_congestion_cost_yen_day": 652734.66274187574, "roi_operating_cost_yen_day": 91142.591511111241, "roi_emissions_kg_day": 484.99946362850852, "roi_shifted_trips_per_day": 373.0765104834681, "roi_congestion_savings_yen_day": 130546.93254837516, "roi_operating_savings_yen_day": 18228.518302222252, "roi_emissions_avoided_kg_day": 96.999892725701713, "roi_health_benefit_yen_day": 11192.295314504043, "roi_parking_spaces_freed": 7.4615302096693625, "observed_commuters": 1120.0, "observed_bicycle": 77.0, "observed_bicycle_share": 0.0691, "observed_rail_share": 0.6089, "observed_car_share": 0.0284 }, "geometry": { "type": "Polygon", "coordinates": [ [ [ 139.732540481538337, 35.7045137461877 ], [ 139.731974455553342, 35.706267170392529 ], [ 139.729989310208992, 35.706739163373278 ], [ 139.728570287491976, 35.705457751010591 ], [ 139.729136363122137, 35.703704379819968 ], [ 139.731121411827388, 35.703232367978067 ], [ 139.732540481538337, 35.7045137461877 ] ] ] } },
{ "type": "Feature", "properties": { "hex_id": "892f5a3754bffff", "population": 2144.209360784811, "production_score": 0.52124133875663414, "attraction_score": 0.42525399129172714, "potential_score": 0.57859813201934451, "stress_score": 1.9444444444444444, "infra_quality_score": 0.68518518518518512, "gap_score": -0.10658705316584061, "schools_nearby": 56, "stations_nearby": 9, "shops_nearby": 439, "bike_parking_nearby": 3, "bike_parking_capacity_nearby": 12.0, "bike_sharing_nearby": 2, "bike_sharing_capacity_nearby": 20.0, "flat_terrain": 1, "roi_car_trips_per_day": 1500.9465525493677, "roi_congestion_cost_yen_day": 525211.21766807477, "roi_operating_cost_yen_day": 73336.248557562096, "roi_emissions_kg_day": 390.24610366283559, "roi_shifted_trips_per_day": 300.18931050987356, "roi_congestion_savings_yen_day": 105042.24353361496, "roi_operating_savings_yen_day": 14667.249711512422, "roi_emissions_avoided_kg_day": 78.049220732567136, "roi_health_benefit_yen_day": 9005.6793152962073, "roi_parking_spaces_freed": 6.0037862101974717, "observed_commuters": 714.0, "observed_bicycle": 93.0, "observed_bicycle_share": 0.1301, "observed_rail_share": 0.6019, "observed_car_share": 0.0189 }, "geometry": { "type": "Polygon", "coordinates": [ [ [ 139.707017075134416, 35.704106050287038 ], [ 139.706450634118397, 35.705859073818282 ], [ 139.70446597531398, 35.706330576809364 ], [ 139.703047854147712, 35.705049075179112 ], [ 139.703614344729658, 35.703296104679765 ], [ 139.705598906915185, 35.70282458277908 ], [ 139.707017075134416, 35.704106050287038 ] ] ] } },
{ "type": "Feature", "properties": { "hex_id": "892f5a37093ffff", "population": 629.73323219160943, "production_score": 0.15307393941917419, "attraction_score": 0.34325108853410741, "potential_score": 0.3985300111813127, "stress_score": 2.0, "infra_quality_score": 0.66666666666666674, "gap_score": -0.26813665548535404, "schools_nearby": 50, "stations_nearby": 10, "shops_nearby": 341, "bike_parking_nearby": 1, "bike_parking_capacity_nearby": 4.0, "bike_sharing_nearby": 0, "bike_sharing_capacity_nearby": 0.0, "flat_terrain": 1, "roi_car_trips_per_day": 440.81326253412658, "roi_congestion_cost_yen_day": 154249.37682594158, "roi_operating_cost_yen_day": 21538.136007417423, "roi_emissions_kg_day": 114.61144825887291, "roi_shifted_trips_per_day": 88.162652506825324, "roi_congestion_savings_yen_day": 30849.87536518832, "roi_operating_savings_yen_day": 4307.6272014834849, "roi_emissions_avoided_kg_day": 22.922289651774584, "roi_health_benefit_yen_day": 2644.8795752047599, "roi_parking_spaces_freed": 1.7632530501365065, "observed_commuters": 266.0, "observed_bicycle": 35.0, "observed_bicycle_share": 0.1308, "observed_rail_share": 0.4655, "observed_car_share": 0.029 }, "geometry": { "type": "Polygon", "coordinates": [ [ [ 139.713823194658403, 35.705725761570889 ], [ 139.713256852809025, 35.70747889115821 ], [ 139.711272024000664, 35.707950507166039 ], [ 139.709853633673106, 35.706669012484383 ], [ 139.710420025111574, 35.704915935923822 ], [ 139.71240475729175, 35.704444301018427 ], [ 139.713823194658403, 35.705725761570889 ] ] ] } },
{ "type": "Feature", "properties": { "hex_id": "892f5aadb73ffff", "population": 1241.7252836756095, "production_score": 0.30184850096961408, "attraction_score": 0.22060957910014514, "potential_score": 0.2089832320279037, "stress_score": 2.1538461538461537, "infra_quality_score": 0.61538461538461542, "gap_score": -0.40640138335671172, "schools_nearby": 22, "stations_nearby": 4, "shops_nearby": 274, "bike_parking_nearby": 0, "bike_parking_capacity_nearby": 0.0, "bike_sharing_nearby": 1, "bike_sharing_capacity_nearby": 9.0, "flat_terrain": 0, "roi_car_trips_per_day": 869.2076985729268, "roi_congestion_cost_yen_day": 304153.15788463858, "roi_operating_cost_yen_day": 42469.488152273203, "roi_emissions_kg_day": 225.99400162896097, "roi_shifted_trips_per_day": 173.84153971458537, "roi_congestion_savings_yen_day": 60830.631576927713, "roi_operating_savings_yen_day": 8493.8976304546413, "roi_emissions_avoided_kg_day": 45.198800325792199, "roi_health_benefit_yen_day": 5215.2461914375608, "roi_parking_spaces_freed": 3.4768307942917076, "observed_commuters": 520.0, "observed_bicycle": 62.0, "observed_bicycle_share": 0.1203, "observed_rail_share": 0.4995, "observed_car_share": 0.0453 }, "geometry": { "type": "Polygon", "coordinates": [ [ [ 139.717214960980726, 35.683878250437118 ], [ 139.716648840498465, 35.685631444878908 ], [ 139.71466452963719, 35.68610338150652 ], [ 139.7132464358356, 35.684822142571015 ], [ 139.713812605888421, 35.683069001159673 ], [ 139.715796820175456, 35.682597045653679 ], [ 139.717214960980726, 35.683878250437118 ] ] ] } },
{ "type": "Feature", "properties": { "hex_id": "892f5a374d7ffff", "population": 1280.6006834285349, "production_score": 0.31129906579200828, "attraction_score": 0.30116110304789551, "potential_score": 0.24498406753596152, "stress_score": 2.1904761904761907, "infra_quality_score": 0.60317460317460303, "gap_score": -0.35819053563864151, "schools_nearby": 22, "stations_nearby": 6, "shops_nearby": 379, "bike_parking_nearby": 0, "bike_parking_capacity_nearby": 0.0, "bike_sharing_nearby": 1, "bike_sharing_capacity_nearby": 7.0, "flat_terrain": 0, "roi_car_trips_per_day": 896.4204783999744, "roi_congestion_cost_yen_day": 313675.45380171906, "roi_operating_cost_yen_day": 43799.104574622746, "roi_emissions_kg_day": 233.06932438399335, "roi_shifted_trips_per_day": 179.28409567999489, "roi_congestion_savings_yen_day": 62735.090760343817, "roi_operating_savings_yen_day": 8759.8209149245504, "roi_emissions_avoided_kg_day": 46.613864876798672, "roi_health_benefit_yen_day": 5378.5228703998464, "roi_parking_spaces_freed": 3.5856819135998981, "observed_commuters": 638.0, "observed_bicycle": 46.0, "observed_bicycle_share": 0.072, "observed_rail_share": 0.5174, "observed_car_share": 0.0366 }, "geometry": { "type": "Polygon", "coordinates": [ [ [ 139.733385344126788, 35.696218659240628 ], [ 139.732819394915992, 35.697972101159081 ], [ 139.730834454538581, 35.698444207263641 ], [ 139.729415559993413, 35.697162890304803 ], [ 139.72998155884099, 35.695409501402288 ], [ 139.731966402600165, 35.694937376442979 ], [ 139.733385344126788, 35.696218659240628 ] ] ] } },
{ "type": "Feature", "properties": { "hex_id": "892f5a37463ffff", "population": 1360.2103560477099, "production_score": 0.33065208534572949, "attraction_score": 0.21407837445573294, "potential_score": 0.21789218392058496, "stress_score": 2.1212121212121211, "infra_quality_score": 0.6262626262626263, "gap_score": -0.40837044234204134, "schools_nearby": 33, "stations_nearby": 5, "shops_nearby": 229, "bike_parking_nearby": 1, "bike_parking_capacity_nearby": 4.0, "bike_sharing_nearby": 0, "bike_sharing_capacity_nearby": 0.0, "flat_terrain": 0, "roi_car_trips_per_day": 952.14724923339679, "roi_congestion_cost_yen_day": 333175.36545175023, "roi_operating_cost_yen_day": 46521.914597543764, "roi_emissions_kg_day": 247.55828480068317, "roi_shifted_trips_per_day": 190.42944984667938, "roi_congestion_savings_yen_day": 66635.073090350052, "roi_operating_savings_yen_day": 9304.3829195087546, "roi_emissions_avoided_kg_day": 49.511656960136641, "roi_health_benefit_yen_day": 5712.8834954003814, "roi_parking_spaces_freed": 3.8085889969335875, "observed_commuters": 569.0, "observed_bicycle": 35.0, "observed_bicycle_share": 0.0614, "observed_rail_share": 0.5523, "observed_car_share": 0.0296 }, "geometry": { "type": "Polygon", "coordinates": [ [ [ 139.720630192450017, 35.707345232818923 ], [ 139.72006394981355, 35.709098468452069 ], [ 139.718078951029923, 35.709570197509933 ], [ 139.716660291523453, 35.708288709820522 ], [ 139.717226583772117, 35.706535527208985 ], [ 139.719211485918265, 35.70606377926557 ], [ 139.720630192450017, 35.707345232818923 ] ] ] } },
{ "type": "Feature", "properties": { "hex_id": "892f5a375cfffff", "population": 1274.6215819878387, "production_score": 0.30984555313093992, "attraction_score": 0.88969521044992739, "potential_score": 0.67981630543234695, "stress_score": 2.1142857142857143, "infra_quality_score": 0.62857142857142856, "gap_score": 0.051244876860918387, "schools_nearby": 41, "stations_nearby": 18, "shops_nearby": 1097, "bike_parking_nearby": 3, "bike_parking_capacity_nearby": 12.0, "bike_sharing_nearby": 6, "bike_sharing_capacity_nearby": 73.0, "flat_terrain": 1, "roi_car_trips_per_day": 892.23510739148719, "roi_congestion_cost_yen_day": 312210.90877842921, "roi_operating_cost_yen_day": 43594.607347148063, "roi_emissions_kg_day": 231.98112792178668, "roi_shifted_trips_per_day": 178.44702147829744, "roi_congestion_savings_yen_day": 62442.181755685844, "roi_operating_savings_yen_day": 8718.9214694296134, "roi_emissions_avoided_kg_day": 46.396225584357339, "roi_health_benefit_yen_day": 5353.4106443489236, "roi_parking_spaces_freed": 3.568940429565949, "observed_commuters": 265.0, "observed_bicycle": 23.0, "observed_bicycle_share": 0.0874, "observed_rail_share": 0.4902, "observed_car_share": 0.0556 }, "geometry": { "type": "Polygon", "coordinates": [ [ [ 139.707864499086384, 35.695812476645543 ], [ 139.70729813491937, 35.697565517928737 ], [ 139.705313680954504, 35.698037134134395 ], [ 139.703895687757893, 35.696755727960266 ], [ 139.704462101482449, 35.695002739710674 ], [ 139.706446458849257, 35.694531104601872 ], [ 139.707864499086384, 35.695812476645543 ] ] ] } },
{ "type": "Feature", "properties": { "hex_id": "892f5a3755bffff", "population": 3340.7615997439993, "production_score": 0.81212180737004791, "attraction_score": 0.41364296081277213, "potential_score": 0.69030590727312813, "stress_score": 2.2142857142857144, "infra_quality_score": 0.59523809523809512, "gap_score": 0.095067812035033006, "schools_nearby": 49, "stations_nearby": 8, "shops_nearby": 447, "bike_parking_nearby": 3, "bike_parking_capacity_nearby": 12.0, "bike_sharing_nearby": 6, "bike_sharing_capacity_nearby": 46.0, "flat_terrain": 1, "roi_car_trips_per_day": 2338.5331198207996, "roi_congestion_cost_yen_day": 818299.50928769424, "roi_operating_cost_yen_day": 114260.72823444426, "roi_emissions_kg_day": 608.01861115340796, "roi_shifted_trips_per_day": 467.70662396415992, "roi_congestion_savings_yen_day": 163659.90185753885, "roi_operating_savings_yen_day": 22852.145646888854, "roi_emissions_avoided_kg_day": 121.60372223068158, "roi_health_benefit_yen_day": 14031.198718924798, "roi_parking_spaces_freed": 9.3541324792831979, "observed_commuters": 933.0, "observed_bicycle": 112.0, "observed_bicycle_share": 0.1199, "observed_rail_share": 0.47, "observed_car_share": 0.0145 }, "geometry": { "type": "Polygon", "coordinates": [ [ [ 139.709568104669813, 35.701881407077558 ], [ 139.709001722320835, 35.703634471888172 ], [ 139.707017075134416, 35.704106050287038 ], [ 139.705598906915185, 35.70282458277908 ], [ 139.706165338835007, 35.701071570999218 ], [ 139.708149889406428, 35.700599973696889 ], [ 139.709568104669813, 35.701881407077558 ] ] ] } },
{ "type": "Feature", "properties": { "hex_id": "892f5a370a3ffff", "population": 2144.8146453908525, "production_score": 0.52138848274593708, "attraction_score": 0.37953555878084178, "potential_score": 0.5603696166107115, "stress_score": 2.1428571428571428, "infra_quality_score": 0.61904761904761907, "gap_score": -0.058678002436907573, "schools_nearby": 59, "stations_nearby": 7, "shops_nearby": 373, "bike_parking_nearby": 0, "bike_parking_capacity_nearby": 0.0, "bike_sharing_nearby": 2, "bike_sharing_capacity_nearby": 12.0, "flat_terrain": 1, "roi_car_trips_per_day": 1501.3702517735967, "roi_congestion_cost_yen_day": 525359.47850061697, "roi_operating_cost_yen_day": 73356.950501657935, "roi_emissions_kg_day": 390.35626546113514, "roi_shifted_trips_per_day": 300.27405035471935, "roi_congestion_savings_yen_day": 105071.89570012339, "roi_operating_savings_yen_day": 14671.390100331588, "roi_emissions_avoided_kg_day": 78.071253092227039, "roi_health_benefit_yen_day": 9008.2215106415806, "roi_parking_spaces_freed": 6.0054810070943869, "observed_commuters": 724.0, "observed_bicycle": 69.0, "observed_bicycle_share": 0.0948, "observed_rail_share": 0.6202, "observed_car_share": 0.0404 }, "geometry": { "type": "Polygon", "coordinates": [ [ [ 139.701914805215779, 35.708554986631839 ], [ 139.701348246863347, 35.710307927577745 ], [ 139.699363564847005, 35.710779279741715 ], [ 139.697945537812728, 35.709497709881951 ], [ 139.698512145721281, 35.707744821970188 ], [ 139.700496731111144, 35.707273450884287 ], [ 139.701914805215779, 35.708554986631839 ] ] ] } },
{ "type": "Feature", "properties": { "hex_id": "892f5a3702fffff", "population": 2290.8284743923887, "production_score": 0.55688427609378965, "attraction_score": 0.15166908563134979, "potential_score": 0.28342134469005581, "stress_score": 2.1153846153846154, "infra_quality_score": 0.62820512820512819, "gap_score": -0.34478378351507238, "schools_nearby": 28, "stations_nearby": 4, "shops_nearby": 161, "bike_parking_nearby": 1, "bike_parking_capacity_nearby": 4.0, "bike_sharing_nearby": 3, "bike_sharing_capacity_nearby": 14.0, "flat_terrain": 0, "roi_car_trips_per_day": 1603.5799320746719, "roi_congestion_cost_yen_day": 561124.68983156921, "roi_operating_cost_yen_day": 78350.915481168471, "roi_emissions_kg_day": 416.93078233941469, "roi_shifted_trips_per_day": 320.71598641493438, "roi_congestion_savings_yen_day": 112224.93796631384, "roi_operating_savings_yen_day": 15670.183096233694, "roi_emissions_avoided_kg_day": 83.386156467882941, "roi_health_benefit_yen_day": 9621.4795924480313, "roi_parking_spaces_freed": 6.4143197282986879, "observed_commuters": 920.0, "observed_bicycle": 109.0, "observed_bicycle_share": 0.119, "observed_rail_share": 0.6301, "observed_car_share": 0.0415 }, "geometry": { "type": "Polygon", "coordinates": [ [ [ 139.695112159346962, 35.718262001489194 ], [ 139.694545415860517, 35.720014830194309 ], [ 139.692560602439443, 35.720485937148233 ], [ 139.691142629154569, 35.719204234337901 ], [ 139.691709422189064, 35.717451458668933 ], [ 139.693694138963565, 35.716980332774455 ], [ 139.695112159346962, 35.718262001489194 ] ] ] } },
{ "type": "Feature", "properties": { "hex_id": "892f5a3719bffff", "population": 2404.3156305757934, "production_score": 0.58447287281142823, "attraction_score": 0.13497822931785197, "potential_score": 0.28778044085171206, "stress_score": 1.84375, "infra_quality_score": 0.71875, "gap_score": -0.43096955914828794, "schools_nearby": 17, "stations_nearby": 1, "shops_nearby": 180, "bike_parking_nearby": 0, "bike_parking_capacity_nearby": 0.0, "bike_sharing_nearby": 2, "bike_sharing_capacity_nearby": 6.0, "flat_terrain": 0, "roi_car_trips_per_day": 1683.0209414030553, "roi_congestion_cost_yen_day": 588922.68781575712, "roi_operating_cost_yen_day": 82232.403196953281, "roi_emissions_kg_day": 437.58544476479437, "roi_shifted_trips_per_day": 336.60418828061108, "roi_congestion_savings_yen_day": 117784.53756315143, "roi_operating_savings_yen_day": 16446.480639390658, "roi_emissions_avoided_kg_day": 87.517088952958886, "roi_health_benefit_yen_day": 10098.125648418332, "roi_parking_spaces_freed": 6.7320837656122219, "observed_commuters": 845.0, "observed_bicycle": 91.0, "observed_bicycle_share": 0.1077, "observed_rail_share": 0.5653, "observed_car_share": 0.0246 }, "geometry": { "type": "Polygon", "coordinates": [ [ [ 139.690856513056474, 35.703089996672986 ], [ 139.690289815197872, 35.7048427667685 ], [ 139.688305484924598, 35.705313968423688 ], [ 139.686887949117136, 35.704032418923447 ], [ 139.687454696490505, 35.702279701871163 ], [ 139.689438930159724, 35.701808481276181 ], [ 139.690856513056474, 35.703089996672986 ] ] ] } },
{ "type": "Feature", "properties": { "hex_id": "892f5aadb0fffff", "population": 445.35345343228749, "production_score": 0.10825142795490172, "attraction_score": 0.10667634252539913, "potential_score": 0.085971108192120352, "stress_score": 2.9333333333333331, "infra_quality_score": 0.35555555555555562, "gap_score": -0.26958444736343529, "schools_nearby": 13, "stations_nearby": 4, "shops_nearby": 144, "bike_parking_nearby": 0, "bike_parking_capacity_nearby": 0.0, "bike_sharing_nearby": 2, "bike_sharing_capacity_nearby": 14.0, "flat_terrain": 0, "roi_car_trips_per_day": 311.74741740260123, "roi_congestion_cost_yen_day": 109086.65629751823, "roi_operating_cost_yen_day": 15231.978814291097, "roi_emissions_kg_day": 81.054328524676322, "roi_shifted_trips_per_day": 62.349483480520249, "roi_congestion_savings_yen_day": 21817.331259503648, "roi_operating_savings_yen_day": 3046.3957628582193, "roi_emissions_avoided_kg_day": 16.210865704935266, "roi_health_benefit_yen_day": 1870.4845044156075, "roi_parking_spaces_freed": 1.246989669610405, "observed_commuters": 208.0, "observed_bicycle": 17.0, "observed_bicycle_share": 0.0826, "observed_rail_share": 0.4395, "observed_car_share": 0.0909 }, "geometry": { "type": "Polygon", "coordinates": [ [ [ 139.716362931587042, 35.680843863029374 ], [ 139.715796820175456, 35.682597045653679 ], [ 139.713812605888421, 35.683069001159673 ], [ 139.712394599581785, 35.681787792919891 ], [ 139.712960760557195, 35.68003466332749 ], [ 139.714944878278629, 35.679562688943257 ], [ 139.716362931587042, 35.680843863029374 ] ] ] } },
{ "type": "Feature", "properties": { "hex_id": "892f5a37473ffff", "population": 1847.7899405456189, "production_score": 0.44918211972889427, "attraction_score": 0.23004354136429608, "potential_score": 0.27169026443727617, "stress_score": 2.3114754098360657, "infra_quality_score": 0.56284153005464477, "gap_score": -0.29115126561736859, "schools_nearby": 37, "stations_nearby": 5, "shops_nearby": 239, "bike_parking_nearby": 0, "bike_parking_capacity_nearby": 0.0, "bike_sharing_nearby": 5, "bike_sharing_capacity_nearby": 18.0, "flat_terrain": 0, "roi_car_trips_per_day": 1293.4529583819333, "roi_congestion_cost_yen_day": 452605.05919700611, "roi_operating_cost_yen_day": 63198.111546541259, "roi_emissions_kg_day": 336.29776917930269, "roi_shifted_trips_per_day": 258.69059167638665, "roi_congestion_savings_yen_day": 90521.011839401224, "roi_operating_savings_yen_day": 12639.622309308252, "roi_emissions_avoided_kg_day": 67.25955383586053, "roi_health_benefit_yen_day": 7760.7177502915993, "roi_parking_spaces_freed": 5.1738118335277328, "observed_commuters": 782.0, "observed_bicycle": 53.0, "observed_bicycle_share": 0.0672, "observed_rail_share": 0.588, "observed_car_share": 0.0312 }, "geometry": { "type": "Polygon", "coordinates": [ [ [ 139.723181363518108, 35.705120151436077 ], [ 139.722615179568351, 35.706873428344025 ], [ 139.720630192450017, 35.707345232818923 ], [ 139.719211485918265, 35.70606377926557 ], [ 139.719777719485194, 35.704310555378129 ], [ 139.721762609969886, 35.703838732023812 ], [ 139.723181363518108, 35.705120151436077 ] ] ] } },
{ "type": "Feature", "properties": { "hex_id": "892f5a3756bffff", "population": 2412.1446530629423, "production_score": 0.58637609914430244, "attraction_score": 0.24455732946298983, "potential_score": 0.53237337144291685, "stress_score": 2.347826086956522, "infra_quality_score": 0.55072463768115942, "gap_score": -0.01835126623824257, "schools_nearby": 38, "stations_nearby": 3, "shops_nearby": 262, "bike_parking_nearby": 1, "bike_parking_capacity_nearby": 4.0, "bike_sharing_nearby": 1, "bike_sharing_capacity_nearby": 8.0, "flat_terrain": 1, "roi_car_trips_per_day": 1688.5012571440595, "roi_congestion_cost_yen_day": 590840.3598998494, "roi_operating_cost_yen_day": 82500.171424058746, "roi_emissions_kg_day": 439.01032685745548, "roi_shifted_trips_per_day": 337.70025142881195, "roi_congestion_savings_yen_day": 118168.07197996989, "roi_operating_savings_yen_day": 16500.034284811751, "roi_emissions_avoided_kg_day": 87.802065371491111, "roi_health_benefit_yen_day": 10131.007542864358, "roi_parking_spaces_freed": 6.7540050285762394, "observed_commuters": 791.0, "observed_bicycle": 77.0, "observed_bicycle_share": 0.0972, "observed_rail_share": 0.6599, "observed_car_share": 0.0223 }, "geometry": { "type": "Polygon", "coordinates": [ [ [ 139.697660804991955, 35.704710406593748 ], [ 139.69709420619759, 35.706463282768141 ], [ 139.695109705839457, 35.706934597368807 ], [ 139.693691900892276, 35.705653054723129 ], [ 139.694258549224514, 35.7039002315869 ], [ 139.696242952969243, 35.703428898058462 ], [ 139.697660804991955, 35.704710406593748 ] ] ] } },
{ "type": "Feature", "properties": { "hex_id": "892f5aada27ffff", "population": 970.96346222044838, "production_score": 0.23602661460048494, "attraction_score": 0.15892597968069666, "potential_score": 0.35798103771247269, "stress_score": 2.2115384615384617, "infra_quality_score": 0.59615384615384603, "gap_score": -0.23817280844137334, "schools_nearby": 15, "stations_nearby": 6, "shops_nearby": 204, "bike_parking_nearby": 3, "bike_parking_capacity_nearby": 12.0, "bike_sharing_nearby": 1, "bike_sharing_capacity_nearby": 12.0, "flat_terrain": 1, "roi_car_trips_per_day": 679.67442355431388, "roi_congestion_cost_yen_day": 237831.67429012552, "roi_operating_cost_yen_day": 33208.892334863776, "roi_emissions_kg_day": 176.71535012412161, "roi_shifted_trips_per_day": 135.93488471086278, "roi_congestion_savings_yen_day": 47566.334858025104, "roi_operating_savings_yen_day": 6641.7784669727553, "roi_emissions_avoided_kg_day": 35.343070024824321, "roi_health_benefit_yen_day": 4078.0465413258835, "roi_parking_spaces_freed": 2.7186976942172554, "observed_commuters": 411.0, "observed_bicycle": 29.0, "observed_bicycle_share": 0.0704, "observed_rail_share": 0.5364, "observed_car_share": 0.0387 }, "geometry": { "type": "Polygon", "coordinates": [ [ [ 139.729973809827442, 35.684080062190155 ], [ 139.729407896786967, 35.685833456916342 ], [ 139.727423342831599, 35.686305638439016 ], [ 139.726004798504164, 35.685024444089962 ], [ 139.726570761154761, 35.683271102385426 ], [ 139.728555218525827, 35.682798902008571 ], [ 139.729973809827442, 35.684080062190155 ] ] ] } },
{ "type": "Feature", "properties": { "hex_id": "892f5a370b3ffff", "population": 1529.0023390778447, "production_score": 0.3716852216546806, "attraction_score": 0.45428156748911463, "potential_score": 0.53038671565751816, "stress_score": 1.4545454545454546, "infra_quality_score": 0.84848484848484851, "gap_score": -0.31809813282733035, "schools_nearby": 67, "stations_nearby": 7, "shops_nearby": 452, "bike_parking_nearby": 2, "bike_parking_capacity_nearby": 8.0, "bike_sharing_nearby": 2, "bike_sharing_capacity_nearby": 12.0, "flat_terrain": 1, "roi_car_trips_per_day": 1070.3016373544913, "roi_congestion_cost_yen_day": 374519.94894308358, "roi_operating_cost_yen_day": 52294.938001140443, "roi_emissions_kg_day": 278.27842571216775, "roi_shifted_trips_per_day": 214.06032747089827, "roi_congestion_savings_yen_day": 74903.989788616731, "roi_operating_savings_yen_day": 10458.987600228089, "roi_emissions_avoided_kg_day": 55.655685142433555, "roi_health_benefit_yen_day": 6421.8098241269481, "roi_parking_spaces_freed": 4.2812065494179654, "observed_commuters": 540.0, "observed_bicycle": 37.0, "observed_bicycle_share": 0.0679, "observed_rail_share": 0.6212, "observed_car_share": 0.0552 }, "geometry": { "type": "Polygon", "coordinates": [ [ [ 139.70446597531398, 35.706330576809364 ], [ 139.703899475630152, 35.708083559052376 ], [ 139.701914805215779, 35.708554986631839 ], [ 139.700496731111144, 35.707273450884287 ], [ 139.70106328035601, 35.705520521674323 ], [ 139.703047854147712, 35.705049075179112 ], [ 139.70446597531398, 35.706330576809364 ] ] ] } },
{ "type": "Feature", "properties": { "hex_id": "892f5a37483ffff", "population": 832.68686591895334, "production_score": 0.20241173359417511, "attraction_score": 0.28011611030478956, "potential_score": 0.19301113755958588, "stress_score": 2.4074074074074074, "infra_quality_score": 0.53086419753086411, "gap_score": -0.33785305997127824, "schools_nearby": 35, "stations_nearby": 8, "shops_nearby": 305, "bike_parking_nearby": 1, "bike_parking_capacity_nearby": 4.0, "bike_sharing_nearby": 1, "bike_sharing_capacity_nearby": 2.0, "flat_terrain": 0, "roi_car_trips_per_day": 582.88080614326725, "roi_congestion_cost_yen_day": 203961.65168565209, "roi_operating_cost_yen_day": 28479.556188160037, "roi_emissions_kg_day": 151.54900959724949, "roi_shifted_trips_per_day": 116.57616122865346, "roi_congestion_savings_yen_day": 40792.330337130421, "roi_operating_savings_yen_day": 5695.9112376320081, "roi_emissions_avoided_kg_day": 30.3098019194499, "roi_health_benefit_yen_day": 3497.2848368596037, "roi_parking_spaces_freed": 2.3315232245730693, "observed_commuters": 480.0, "observed_bicycle": 28.0, "observed_bicycle_share": 0.0587, "observed_rail_share": 0.3408, "observed_car_share": 0.0261 }, "geometry": { "type": "Polygon", "coordinates": [ [ [ 139.729128741664255, 35.692374837965623 ], [ 139.728562751864473, 35.694128215082372 ], [ 139.726577993025614, 35.694600283506979 ], [ 139.72515932059477, 35.693318993675724 ], [ 139.725725360013115, 35.691565669578878 ], [ 139.727710022246924, 35.691093582293654 ], [ 139.729128741664255, 35.692374837965623 ] ] ] } },
{ "type": "Feature", "properties": { "hex_id": "892f5a3740fffff", "population": 2568.6346439272884, "production_score": 0.62441863535277176, "attraction_score": 0.20246734397677793, "potential_score": 0.53075439173181982, "stress_score": 2.0666666666666669, "infra_quality_score": 0.64444444444444438, "gap_score": -0.11369005271262456, "schools_nearby": 37, "stations_nearby": 3, "shops_nearby": 207, "bike_parking_nearby": 0, "bike_parking_capacity_nearby": 0.0, "bike_sharing_nearby": 6, "bike_sharing_capacity_nearby": 20.0, "flat_terrain": 1, "roi_car_trips_per_day": 1798.044250749102, "roi_congestion_cost_yen_day": 629171.64422212576, "roi_operating_cost_yen_day": 87852.44209160113, "roi_emissions_kg_day": 467.49150519476655, "roi_shifted_trips_per_day": 359.60885014982046, "roi_congestion_savings_yen_day": 125834.32884442518, "roi_operating_savings_yen_day": 17570.488418320227, "roi_emissions_avoided_kg_day": 93.498301038953315, "roi_health_benefit_yen_day": 10788.265504494613, "roi_parking_spaces_freed": 7.1921770029964094, "observed_commuters": 1110.0, "observed_bicycle": 95.0, "observed_bicycle_share": 0.0853, "observed_rail_share": 0.5612, "observed_car_share": 0.0249 }, "geometry": { "type": "Polygon", "coordinates": [ [ [ 139.722328784855819, 35.702085466869292 ], [ 139.721762609969886, 35.703838732023812 ], [ 139.719777719485194, 35.704310555378129 ], [ 139.718359100514817, 35.703029132457431 ], [ 139.718925325011185, 35.70127592032479 ], [ 139.720910118870762, 35.700804078091259 ], [ 139.722328784855819, 35.702085466869292 ] ] ] } },
{ "type": "Feature", "properties": { "hex_id": "892f5a3757bffff", "population": 2550.3619227735794, "production_score": 0.61997655792483053, "attraction_score": 0.49201741654571846, "potential_score": 0.64479758978821966, "stress_score": 2.3529411764705883, "infra_quality_score": 0.5490196078431373, "gap_score": 0.095777981945082358, "schools_nearby": 48, "stations_nearby": 5, "shops_nearby": 567, "bike_parking_nearby": 4, "bike_parking_capacity_nearby": 16.0, "bike_sharing_nearby": 6, "bike_sharing_capacity_nearby": 85.0, "flat_terrain": 1, "roi_car_trips_per_day": 1785.2533459415058, "roi_congestion_cost_yen_day": 624695.85081185179, "roi_operating_cost_yen_day": 87227.478482701976, "roi_emissions_kg_day": 464.16586994479155, "roi_shifted_trips_per_day": 357.05066918830119, "roi_congestion_savings_yen_day": 124939.17016237036, "roi_operating_savings_yen_day": 17445.495696540394, "roi_emissions_avoided_kg_day": 92.833173988958308, "roi_health_benefit_yen_day": 10711.520075649036, "roi_parking_spaces_freed": 7.1410133837660235, "observed_commuters": 715.0, "observed_bicycle": 49.0, "observed_bicycle_share": 0.0692, "observed_rail_share": 0.5752, "observed_car_share": 0.0222 }, "geometry": { "type": "Polygon", "coordinates": [ [ [ 139.700211833900084, 35.702486099121202 ], [ 139.699645293763751, 35.704239016586087 ], [ 139.697660804991955, 35.704710406593748 ], [ 139.696242952969243, 35.703428898058462 ], [ 139.696809542648452, 35.701676033630569 ], [ 139.698793934810652, 35.701204624701276 ], [ 139.700211833900084, 35.702486099121202 ] ] ] } },
{ "type": "Feature", "properties": { "hex_id": "892f5aada37ffff", "population": 23.686340847822841, "production_score": 0.0057446394388194957, "attraction_score": 0.066763425253991288, "potential_score": 0.029003225877124315, "stress_score": 3.5, "infra_quality_score": 0.16666666666666663, "gap_score": -0.13766344078954232, "schools_nearby": 12, "stations_nearby": 4, "shops_nearby": 92, "bike_parking_nearby": 0, "bike_parking_capacity_nearby": 0.0, "bike_sharing_nearby": 1, "bike_sharing_capacity_nearby": 12.0, "flat_terrain": 0, "roi_car_trips_per_day": 16.580438593475989, "roi_congestion_cost_yen_day": 5801.8270726291184, "roi_operating_cost_yen_day": 810.12022967723681, "roi_emissions_kg_day": 4.3109140343037575, "roi_shifted_trips_per_day": 3.316087718695198, "roi_congestion_savings_yen_day": 1160.3654145258238, "roi_operating_savings_yen_day": 162.02404593544736, "roi_emissions_avoided_kg_day": 0.86218280686075155, "roi_health_benefit_yen_day": 99.482631560855936, "roi_parking_spaces_freed": 0.06632175437390396, "observed_commuters": 10.0, "observed_bicycle": 0.0, "observed_bicycle_share": 0.0106, "observed_rail_share": 0.2342, "observed_car_share": 0.0094 }, "geometry": { "type": "Polygon", "coordinates": [ [ [ 139.732524206473414, 35.681854369368679 ], [ 139.731958352093017, 35.683607805294372 ], [ 139.729973809827442, 35.684080062190155 ], [ 139.728555218525827, 35.682798902008571 ], [ 139.729121122521235, 35.681045519103336 ], [ 139.731105568206431, 35.680573243359525 ], [ 139.732524206473414, 35.681854369368679 ] ] ] } },
{ "type": "Feature", "properties": { "hex_id": "892f5a37507ffff", "population": 817.1096228896962, "production_score": 0.19862492378803015, "attraction_score": 0.93686502177068209, "potential_score": 0.65419597822348496, "stress_score": 3.1285714285714286, "infra_quality_score": 0.29047619047619044, "gap_score": 0.36371978774729452, "schools_nearby": 31, "stations_nearby": 19, "shops_nearby": 1189, "bike_parking_nearby": 4, "bike_parking_capacity_nearby": 16.0, "bike_sharing_nearby": 1, "bike_sharing_capacity_nearby": 9.0, "flat_terrain": 1, "roi_car_trips_per_day": 571.97673602278735, "roi_congestion_cost_yen_day": 200146.09946909375, "roi_operating_cost_yen_day": 27946.783322073388, "roi_emissions_kg_day": 148.71395136592471, "roi_shifted_trips_per_day": 114.39534720455748, "roi_congestion_savings_yen_day": 40029.219893818758, "roi_operating_savings_yen_day": 5589.3566644146786, "roi_emissions_avoided_kg_day": 29.742790273184948, "roi_health_benefit_yen_day": 3431.8604161367243, "roi_parking_spaces_freed": 2.2879069440911497, "observed_commuters": 309.0, "observed_bicycle": 14.0, "observed_bicycle_share": 0.0455, "observed_rail_share": 0.3612, "observed_car_share": 0.0112 }, "geometry": { "type": "Polygon", "coordinates": [ [ [ 139.697657964850777, 35.693383086069751 ], [ 139.697091452045811, 35.695135968244443 ], [ 139.695107253077168, 35.695607415016589 ], [ 139.693689663500692, 35.694325998535518 ], [ 139.694256225828497, 35.692573169402095 ], [ 139.696240328213094, 35.692101703708751 ], [ 139.697657964850777, 35.693383086069751 ] ] ] } },
{ "type": "Feature", "properties": { "hex_id": "892f5a37493ffff", "population": 1315.3483823275694, "production_score": 0.31974619129969262, "attraction_score": 0.2053701015965167, "potential_score": 0.21004651715848371, "stress_score": 2.4054054054054053, "infra_quality_score": 0.53153153153153165, "gap_score": -0.32148501437304794, "schools_nearby": 18, "stations_nearby": 7, "shops_nearby": 256, "bike_parking_nearby": 0, "bike_parking_capacity_nearby": 0.0, "bike_sharing_nearby": 3, "bike_sharing_capacity_nearby": 16.0, "flat_terrain": 0, "roi_car_trips_per_day": 920.74386762929851, "roi_congestion_cost_yen_day": 322186.69416084414, "roi_operating_cost_yen_day": 44987.545372367524, "roi_emissions_kg_day": 239.39340558361761, "roi_shifted_trips_per_day": 184.14877352585972, "roi_congestion_savings_yen_day": 64437.33883216884, "roi_operating_savings_yen_day": 8997.5090744735062, "roi_emissions_avoided_kg_day": 47.878681116723527, "roi_health_benefit_yen_day": 5524.4632057757917, "roi_parking_spaces_freed": 3.6829754705171944, "observed_commuters": 560.0, "observed_bicycle": 39.0, "observed_bicycle_share": 0.0696, "observed_rail_share": 0.5431, "observed_car_share": 0.0248 }, "geometry": { "type": "Polygon", "coordinates": [ [ [ 139.73167941994123, 35.690149275811109 ], [ 139.731113488813662, 35.691902694151729 ], [ 139.729128741664255, 35.692374837965623 ], [ 139.727710022246924, 35.691093582293654 ], [ 139.728276002997973, 35.6893402169718 ], [ 139.730260653546082, 35.688868054303455 ], [ 139.73167941994123, 35.690149275811109 ] ] ] } },
{ "type": "Feature", "properties": { "hex_id": "892f5a37147ffff", "population": 1746.123604239468, "production_score": 0.42446715068360985, "attraction_score": 0.097242380261248179, "potential_score": 0.20868381237794323, "stress_score": 2.0, "infra_quality_score": 0.66666666666666674, "gap_score": -0.45798285428872354, "schools_nearby": 18, "stations_nearby": 3, "shops_nearby": 119, "bike_parking_nearby": 0, "bike_parking_capacity_nearby": 0.0, "bike_sharing_nearby": 1, "bike_sharing_capacity_nearby": 19.0, "flat_terrain": 0, "roi_car_trips_per_day": 1222.2865229676277, "roi_congestion_cost_yen_day": 427702.50011683226, "roi_operating_cost_yen_day": 59720.919512198285, "roi_emissions_kg_day": 317.79449597158322, "roi_shifted_trips_per_day": 244.45730459352555, "roi_congestion_savings_yen_day": 85540.500023366461, "roi_operating_savings_yen_day": 11944.183902439658, "roi_emissions_avoided_kg_day": 63.558899194316645, "roi_health_benefit_yen_day": 7333.7191378057669, "roi_parking_spaces_freed": 4.8891460918705114, "observed_commuters": 683.0, "observed_bicycle": 79.0, "observed_bicycle_share": 0.1156, "observed_rail_share": 0.6746, "observed_car_share": 0.0432 }, "geometry": { "type": "Polygon", "coordinates": [ [ [ 139.684904606930445, 35.715830193239988 ], [ 139.684337714834584, 35.717582862828984 ], [ 139.682353156664476, 35.71805380033706 ], [ 139.680935587225974, 35.716772087214942 ], [ 139.681502528835125, 35.715019470669745 ], [ 139.6834869903727, 35.71454851420313 ], [ 139.684904606930445, 35.715830193239988 ] ] ] } },
{ "type": "Feature", "properties": { "hex_id": "892f5a3666bffff", "population": 1878.4765350646871, "production_score": 0.45664199544783546, "attraction_score": 0.17634252539912917, "potential_score": 0.45319380833878586, "stress_score": 2.8378378378378377, "infra_quality_score": 0.38738738738738743, "gap_score": 0.065806420951398437, "schools_nearby": 8, "stations_nearby": 4, "shops_nearby": 255, "bike_parking_nearby": 0, "bike_parking_capacity_nearby": 0.0, "bike_sharing_nearby": 2, "bike_sharing_capacity_nearby": 14.0, "flat_terrain": 1, "roi_car_trips_per_day": 1314.9335745452809, "roi_congestion_cost_yen_day": 460121.55640488467, "roi_operating_cost_yen_day": 64247.654452282419, "roi_emissions_kg_day": 341.88272938177306, "roi_shifted_trips_per_day": 262.98671490905616, "roi_congestion_savings_yen_day": 92024.311280976937, "roi_operating_savings_yen_day": 12849.530890456484, "roi_emissions_avoided_kg_day": 68.376545876354598, "roi_health_benefit_yen_day": 7889.6014472716852, "roi_parking_spaces_freed": 5.2597342981811233, "observed_commuters": 665.0, "observed_bicycle": 66.0, "observed_bicycle_share": 0.0989, "observed_rail_share": 0.4194, "observed_car_share": 0.0361 }, "geometry": { "type": "Polygon", "coordinates": [ [ [ 139.691703614105137, 35.683470687546482 ], [ 139.691137079137405, 35.685223481303076 ], [ 139.689153254894421, 35.685694928395236 ], [ 139.687736062176242, 35.684413600657827 ], [ 139.688302646635236, 35.682660859949351 ], [ 139.69028637432433, 35.682189393930415 ], [ 139.691703614105137, 35.683470687546482 ] ] ] } },
{ "type": "Feature", "properties": { "hex_id": "892f5a3758bffff", "population": 110.30391619566765, "production_score": 0.026801272059602328, "attraction_score": 0.88751814223512338, "potential_score": 0.5657277657178903, "stress_score": 3.1153846153846154, "infra_quality_score": 0.29487179487179482, "gap_score": 0.27085597084609547, "schools_nearby": 31, "stations_nearby": 19, "shops_nearby": 1121, "bike_parking_nearby": 9, "bike_parking_capacity_nearby": 119.0, "bike_sharing_nearby": 3, "bike_sharing_capacity_nearby": 81.0, "flat_terrain": 1, "roi_car_trips_per_day": 77.212741336967355, "roi_congestion_cost_yen_day": 27018.282448631617, "roi_operating_cost_yen_day": 3772.6145417242251, "roi_emissions_kg_day": 20.075312747611513, "roi_shifted_trips_per_day": 15.442548267393471, "roi_congestion_savings_yen_day": 5403.6564897263233, "roi_operating_savings_yen_day": 754.52290834484495, "roi_emissions_avoided_kg_day": 4.0150625495223027, "roi_health_benefit_yen_day": 463.27644802180413, "roi_parking_spaces_freed": 0.30885096534786943, "observed_commuters": 37.0, "observed_bicycle": 1.0, "observed_bicycle_share": 0.034, "observed_rail_share": 0.4498, "observed_car_share": 0.0189 }, "geometry": { "type": "Polygon", "coordinates": [ [ [ 139.706161207166787, 35.689743716015236 ], [ 139.705594861185659, 35.691496733734439 ], [ 139.703610600408354, 35.691968387746265 ], [ 139.70219278219642, 35.690687042942059 ], [ 139.702759177721759, 35.688934078259308 ], [ 139.704743341918032, 35.68846240534463 ], [ 139.706161207166787, 35.689743716015236 ] ] ] } },
{ "type": "Feature", "properties": { "hex_id": "892f5a37517ffff", "population": 21.17159188447739, "production_score": 0.0051333068675484712, "attraction_score": 0.92235123367198835, "potential_score": 0.5709938162158148, "stress_score": 2.8840579710144927, "infra_quality_score": 0.3719806763285024, "gap_score": 0.1990131398873124, "schools_nearby": 29, "stations_nearby": 19, "shops_nearby": 1175, "bike_parking_nearby": 9, "bike_parking_capacity_nearby": 96.0, "bike_sharing_nearby": 1, "bike_sharing_capacity_nearby": 19.0, "flat_terrain": 1, "roi_car_trips_per_day": 14.820114319134175, "roi_congestion_cost_yen_day": 5185.8544025514311, "roi_operating_cost_yen_day": 724.11078563289584, "roi_emissions_kg_day": 3.8532297229748855, "roi_shifted_trips_per_day": 2.9640228638268353, "roi_congestion_savings_yen_day": 1037.1708805102862, "roi_operating_savings_yen_day": 144.82215712657919, "roi_emissions_avoided_kg_day": 0.77064594459497726, "roi_health_benefit_yen_day": 88.920685914805063, "roi_parking_spaces_freed": 0.059280457276536705, "observed_commuters": 10.0, "observed_bicycle": 0.0, "observed_bicycle_share": 0.0245, "observed_rail_share": 0.1969, "observed_car_share": 0.0101 }, "geometry": { "type": "Polygon", "coordinates": [ [ [ 139.700208606401389, 35.691158640479756 ], [ 139.699642152236578, 35.692911563912908 ], [ 139.697657964850777, 35.693383086069751 ], [ 139.696240328213094, 35.692101703708751 ], [ 139.696806831905661, 35.690348833315753 ], [ 139.698790922711282, 35.689877292243857 ], [ 139.700208606401389, 35.691158640479756 ] ] ] } },
{ "type": "Feature", "properties": { "hex_id": "892f5a371cbffff", "population": 2104.2386519331108, "production_score": 0.5115245055561829, "attraction_score": 0.13425253991291727, "potential_score": 0.45831081818764008, "stress_score": 2.0857142857142859, "infra_quality_score": 0.63809523809523805, "gap_score": -0.17978441990759797, "schools_nearby": 28, "stations_nearby": 3, "shops_nearby": 140, "bike_parking_nearby": 0, "bike_parking_capacity_nearby": 0.0, "bike_sharing_nearby": 1, "bike_sharing_capacity_nearby": 8.0, "flat_terrain": 1, "roi_car_trips_per_day": 1472.9670563531774, "roi_congestion_cost_yen_day": 515420.63235910388, "roi_operating_cost_yen_day": 71969.170373416244, "roi_emissions_kg_day": 382.97143465182614, "roi_shifted_trips_per_day": 294.5934112706355, "roi_congestion_savings_yen_day": 103084.12647182078, "roi_operating_savings_yen_day": 14393.834074683251, "roi_emissions_avoided_kg_day": 76.594286930365229, "roi_health_benefit_yen_day": 8837.8023381190651, "roi_parking_spaces_freed": 5.8918682254127104, "observed_commuters": 870.0, "observed_bicycle": 73.0, "observed_bicycle_share": 0.0836, "observed_rail_share": 0.6725, "observed_car_share": 0.0262 }, "geometry": { "type": "Polygon", "coordinates": [ [ [ 139.693409665697516, 35.712193072415054 ], [ 139.692842940459315, 35.713945877703793 ], [ 139.690858320322832, 35.714417022538662 ], [ 139.689440522057367, 35.713135381025346 ], [ 139.690007296830316, 35.711382628775596 ], [ 139.691991820337194, 35.710911465000457 ], [ 139.693409665697516, 35.712193072415054 ] ] ] } },
{ "type": "Feature", "properties": { "hex_id": "892f5a37337ffff", "population": 1673.7194188780079, "production_score": 0.40686577676797225, "attraction_score": 0.0, "potential_score": 0.36274631070718893, "stress_score": 2.4117647058823528, "infra_quality_score": 0.52941176470588247, "gap_score": -0.16666545399869354, "schools_nearby": 3, "stations_nearby": 1, "shops_nearby": 36, "bike_parking_nearby": 0, "bike_parking_capacity_nearby": 0.0, "bike_sharing_nearby": 0, "bike_sharing_capacity_nearby": 0.0, "flat_terrain": 1, "roi_car_trips_per_day": 1171.6035932146056, "roi_congestion_cost_yen_day": 409967.52933765482, "roi_operating_cost_yen_day": 57244.551564465626, "roi_emissions_kg_day": 304.61693423579743, "roi_shifted_trips_per_day": 234.32071864292112, "roi_congestion_savings_yen_day": 81993.505867530956, "roi_operating_savings_yen_day": 11448.910312893126, "roi_emissions_avoided_kg_day": 60.923386847159492, "roi_health_benefit_yen_day": 7029.6215592876333, "roi_parking_spaces_freed": 4.6864143728584224, "observed_commuters": 733.0, "observed_bicycle": 113.0, "observed_bicycle_share": 0.1539, "observed_rail_share": 0.6166, "observed_car_share": 0.0475 }, "geometry": { "type": "Polygon", "coordinates": [ [ [ 139.678951113020872, 35.728569421444632 ], [ 139.678384026616584, 35.730321990318117 ], [ 139.676399240541485, 35.730792663570135 ], [ 139.674981637535012, 35.729510786926269 ], [ 139.675548773451197, 35.72775827109713 ], [ 139.677533462865199, 35.727287578867781 ], [ 139.678951113020872, 35.728569421444632 ] ] ] } },
{ "type": "Feature", "properties": { "hex_id": "892f5a374a3ffff", "population": 2574.0557287058114, "production_score": 0.62573649480714999, "attraction_score": 0.32075471698113206, "potential_score": 0.57859648471531289, "stress_score": 2.0952380952380953, "infra_quality_score": 0.63492063492063489, "gap_score": -0.056324150205321999, "schools_nearby": 34, "stations_nearby": 7, "shops_nearby": 367, "bike_parking_nearby": 0, "bike_parking_capacity_nearby": 0.0, "bike_sharing_nearby": 1, "bike_sharing_capacity_nearby": 6.0, "flat_terrain": 1, "roi_car_trips_per_day": 1801.8390100940678, "roi_congestion_cost_yen_day": 630499.50641211623, "roi_operating_cost_yen_day": 88037.854033196156, "roi_emissions_kg_day": 468.47814262445763, "roi_shifted_trips_per_day": 360.36780201881356, "roi_congestion_savings_yen_day": 126099.90128242325, "roi_operating_savings_yen_day": 17607.570806639229, "roi_emissions_avoided_kg_day": 93.695628524891532, "roi_health_benefit_yen_day": 10811.034060564407, "roi_parking_spaces_freed": 7.2073560403762711, "observed_commuters": 1000.0, "observed_bicycle": 129.0, "observed_bicycle_share": 0.1287, "observed_rail_share": 0.5183, "observed_car_share": 0.0307 }, "geometry": { "type": "Polygon", "coordinates": [ [ [ 139.719771519817016, 35.692981667622384 ], [ 139.719205372128499, 35.694734897461721 ], [ 139.717220771493771, 35.695206777453329 ], [ 139.715802415150421, 35.69392544648467 ], [ 139.716368612429449, 35.692172269671516 ], [ 139.718353116464499, 35.691700370801087 ], [ 139.719771519817016, 35.692981667622384 ] ] ] } },
{ "type": "Feature", "properties": { "hex_id": "892f5a37157ffff", "population": 2234.8068226370524, "production_score": 0.54326547719432472, "attraction_score": 0.1081277213352685, "potential_score": 0.26055727941183732, "stress_score": 2.0789473684210527, "infra_quality_score": 0.64035087719298245, "gap_score": -0.37979359778114513, "schools_nearby": 21, "stations_nearby": 4, "shops_nearby": 122, "bike_parking_nearby": 1, "bike_parking_capacity_nearby": 4.0, "bike_sharing_nearby": 1, "bike_sharing_capacity_nearby": 50.0, "flat_terrain": 0, "roi_car_trips_per_day": 1564.3647758459365, "roi_congestion_cost_yen_day": 547402.5223640101, "roi_operating_cost_yen_day": 76434.862947832458, "roi_emissions_kg_day": 406.73484171994352, "roi_shifted_trips_per_day": 312.87295516918732, "roi_congestion_savings_yen_day": 109480.50447280203, "roi_operating_savings_yen_day": 15286.972589566492, "roi_emissions_avoided_kg_day": 81.346968343988706, "roi_health_benefit_yen_day": 9386.188655075619, "roi_parking_spaces_freed": 6.2574591033837468, "observed_commuters": 881.0, "observed_bicycle": 62.0, "observed_bicycle_share": 0.0699, "observed_rail_share": 0.6988, "observed_car_share": 0.03 }, "geometry": { "type": "Polygon", "coordinates": [ [ [ 139.687455986988112, 35.713606469381922 ], [ 139.686889153554091, 35.715359180305732 ], [ 139.684904606930445, 35.715830193239988 ], [ 139.6834869903727, 35.71454851420313 ], [ 139.684053873324928, 35.712795856321996 ], [ 139.686038323319906, 35.712324824435342 ], [ 139.687455986988112, 35.713606469381922 ] ] ] } },
{ "type": "Feature", "properties": { "hex_id": "892f5a3742fffff", "population": 2462.6967076324772, "production_score": 0.59866524527915732, "attraction_score": 0.30478955007256892, "potential_score": 0.36138191814069054, "stress_score": 2.0, "infra_quality_score": 0.66666666666666674, "gap_score": -0.3052847485259762, "schools_nearby": 41, "stations_nearby": 6, "shops_nearby": 327, "bike_parking_nearby": 3, "bike_parking_capacity_nearby": 12.0, "bike_sharing_nearby": 3, "bike_sharing_capacity_nearby": 19.0, "flat_terrain": 0, "roi_car_trips_per_day": 1723.8876953427339, "roi_congestion_cost_yen_day": 603222.78235432948, "roi_operating_cost_yen_day": 84229.152794445981, "roi_emissions_kg_day": 448.21080078911081, "roi_shifted_trips_per_day": 344.77753906854679, "roi_congestion_savings_yen_day": 120644.55647086589, "roi_operating_savings_yen_day": 16845.830558889196, "roi_emissions_avoided_kg_day": 89.642160157822161, "roi_health_benefit_yen_day": 10343.326172056404, "roi_parking_spaces_freed": 6.895550781370936, "observed_commuters": 749.0, "observed_bicycle": 140.0, "observed_bicycle_share": 0.1872, "observed_rail_share": 0.4626, "observed_car_share": 0.0181 }, "geometry": { "type": "Polygon", "coordinates": [ [ [ 139.712971090058261, 35.702691183179631 ], [ 139.71240475729175, 35.704444301018427 ], [ 139.710420025111574, 35.704915935923822 ], [ 139.709001722320835, 35.703634471888172 ], [ 139.709568104669813, 35.701881407077558 ], [ 139.711552740230275, 35.701409753274724 ], [ 139.712971090058261, 35.702691183179631 ] ] ] } },
{ "type": "Feature", "properties": { "hex_id": "892f5a3759bffff", "population": 380.43781216248539, "production_score": 0.092470510467065781, "attraction_score": 0.66908563134978227, "potential_score": 0.50462245672673922, "stress_score": 3.2352941176470589, "infra_quality_score": 0.25490196078431371, "gap_score": 0.24972049594242551, "schools_nearby": 21, "stations_nearby": 15, "shops_nearby": 862, "bike_parking_nearby": 4, "bike_parking_capacity_nearby": 16.0, "bike_sharing_nearby": 1, "bike_sharing_capacity_nearby": 37.0, "flat_terrain": 1, "roi_car_trips_per_day": 266.30646851373979, "roi_congestion_cost_yen_day": 93185.959462327824, "roi_operating_cost_yen_day": 13011.734051581327, "roi_emissions_kg_day": 69.239681813572346, "roi_shifted_trips_per_day": 53.261293702747963, "roi_congestion_savings_yen_day": 18637.191892465569, "roi_operating_savings_yen_day": 2602.3468103162654, "roi_emissions_avoided_kg_day": 13.847936362714471, "roi_health_benefit_yen_day": 1597.838811082439, "roi_parking_spaces_freed": 1.0652258740549594, "observed_commuters": 126.0, "observed_bicycle": 4.0, "observed_bicycle_share": 0.0338, "observed_rail_share": 0.4488, "observed_car_share": 0.0055 }, "geometry": { "type": "Polygon", "coordinates": [ [ [ 139.708711743671074, 35.687518927665323 ], [ 139.708145456333483, 35.689271986624128 ], [ 139.706161207166787, 35.689743716015236 ], [ 139.704743341918032, 35.68846240534463 ], [ 139.705309678804781, 35.686709399421161 ], [ 139.707293831394281, 35.686237651133304 ], [ 139.708711743671074, 35.687518927665323 ] ] ] } },
{ "type": "Feature", "properties": { "hex_id": "892f5a37527ffff", "population": 2892.1321874899977, "production_score": 0.70306051491555666, "attraction_score": 0.18650217706821481, "potential_score": 0.55582507679350868, "stress_score": 2.12, "infra_quality_score": 0.62666666666666671, "gap_score": -0.070841589873158028, "schools_nearby": 18, "stations_nearby": 3, "shops_nearby": 242, "bike_parking_nearby": 1, "bike_parking_capacity_nearby": 4.0, "bike_sharing_nearby": 2, "bike_sharing_capacity_nearby": 21.0, "flat_terrain": 1, "roi_car_trips_per_day": 2024.4925312429987, "roi_congestion_cost_yen_day": 708410.42653255013, "roi_operating_cost_yen_day": 98916.705076532919, "roi_emissions_kg_day": 526.36805812317971, "roi_shifted_trips_per_day": 404.89850624859974, "roi_congestion_savings_yen_day": 141682.08530651004, "roi_operating_savings_yen_day": 19783.341015306582, "roi_emissions_avoided_kg_day": 105.27361162463593, "roi_health_benefit_yen_day": 12146.955187457992, "roi_parking_spaces_freed": 8.0979701249719955, "observed_commuters": 1034.0, "observed_bicycle": 78.0, "observed_bicycle_share": 0.0752, "observed_rail_share": 0.5507, "observed_car_share": 0.0373 }, "geometry": { "type": "Polygon", "coordinates": [ [ [ 139.688304065564409, 35.693987302809617 ], [ 139.687737395094217, 35.695740037629619 ], [ 139.685753354607556, 35.696211296103819 ], [ 139.684336081172859, 35.694929838697682 ], [ 139.684902801137866, 35.693177156925259 ], [ 139.686886745045996, 35.692705879511664 ], [ 139.688304065564409, 35.693987302809617 ] ] ] } },
{ "type": "Feature", "properties": { "hex_id": "892f5a371dbffff", "population": 2558.5374765528491, "production_score": 0.62196402561496389, "attraction_score": 0.23730043541364296, "potential_score": 0.34370578441144273, "stress_score": 2.425, "infra_quality_score": 0.525, "gap_score": -0.18129421558855741, "schools_nearby": 40, "stations_nearby": 6, "shops_nearby": 237, "bike_parking_nearby": 0, "bike_parking_capacity_nearby": 0.0, "bike_sharing_nearby": 2, "bike_sharing_capacity_nearby": 8.0, "flat_terrain": 0, "roi_car_trips_per_day": 1790.9762335869943, "roi_congestion_cost_yen_day": 626698.40365676105, "roi_operating_cost_yen_day": 87507.098773060541, "roi_emissions_kg_day": 465.65382073261856, "roi_shifted_trips_per_day": 358.1952467173989, "roi_congestion_savings_yen_day": 125339.68073135223, "roi_operating_savings_yen_day": 17501.41975461211, "roi_emissions_avoided_kg_day": 93.130764146523717, "roi_health_benefit_yen_day": 10745.857401521967, "roi_parking_spaces_freed": 7.1639049343479781, "observed_commuters": 1001.0, "observed_bicycle": 100.0, "observed_bicycle_share": 0.1001, "observed_rail_share": 0.5983, "observed_car_share": 0.0328 }, "geometry": { "type": "Polygon", "coordinates": [ [ [ 139.69596094083272, 35.709969005554662 ], [ 139.695394274259712, 35.711721852159343 ], [ 139.693409665697516, 35.712193072415054 ], [ 139.691991820337194, 35.710911465000457 ], [ 139.692558536449837, 35.709158671433634 ], [ 139.69454304838635, 35.708687432243842 ], [ 139.69596094083272, 35.709969005554662 ] ] ] } },
{ "type": "Feature", "properties": { "hex_id": "892f5aadb4fffff", "population": 2199.5930579276242, "production_score": 0.53470505162591764, "attraction_score": 0.29825834542815677, "potential_score": 0.53318535882162976, "stress_score": 2.0526315789473686, "infra_quality_score": 0.64912280701754388, "gap_score": -0.11593744819591412, "schools_nearby": 34, "stations_nearby": 5, "shops_nearby": 342, "bike_parking_nearby": 4, "bike_parking_capacity_nearby": 16.0, "bike_sharing_nearby": 2, "bike_sharing_capacity_nearby": 36.0, "flat_terrain": 1, "roi_car_trips_per_day": 1539.7151405493369, "roi_congestion_cost_yen_day": 538777.12198102393, "roi_operating_cost_yen_day": 75230.481767240592, "roi_emissions_kg_day": 400.32593654282761, "roi_shifted_trips_per_day": 307.94302810986738, "roi_congestion_savings_yen_day": 107755.42439620481, "roi_operating_savings_yen_day": 15046.09635344812, "roi_emissions_avoided_kg_day": 80.065187308565527, "roi_health_benefit_yen_day": 9238.2908432960212, "roi_parking_spaces_freed": 6.158860562197348, "observed_commuters": 854.0, "observed_bicycle": 55.0, "observed_bicycle_share": 0.0645, "observed_rail_share": 0.5807, "observed_car_share": 0.0346 }, "geometry": { "type": "Polygon", "coordinates": [ [ [ 139.72146982742953, 35.687721919222369 ], [ 139.720903747466252, 35.689475178498959 ], [ 139.718919255085268, 35.689947152751778 ], [ 139.717500939257945, 35.688665886600774 ], [ 139.718067068809972, 35.68691268035063 ], [ 139.720051464603671, 35.686440687225314 ], [ 139.72146982742953, 35.687721919222369 ] ] ] } },
{ "type": "Feature", "properties": { "hex_id": "892f5a374b3ffff", "population": 2265.0832436213827, "production_score": 0.55062564020026217, "attraction_score": 0.31640058055152392, "potential_score": 0.34681048830071448, "stress_score": 2.4754098360655736, "infra_quality_score": 0.50819672131147553, "gap_score": -0.16138623301076105, "schools_nearby": 38, "stations_nearby": 6, "shops_nearby": 352, "bike_parking_nearby": 0, "bike_parking_capacity_nearby": 0.0, "bike_sharing_nearby": 1, "bike_sharing_capacity_nearby": 6.0, "flat_terrain": 0, "roi_car_trips_per_day": 1585.5582705349677, "roi_congestion_cost_yen_day": 554818.55002559593, "roi_operating_cost_yen_day": 77470.377098338518, "roi_emissions_kg_day": 412.24515033909165, "roi_shifted_trips_per_day": 317.11165410699357, "roi_congestion_savings_yen_day": 110963.7100051192, "roi_operating_savings_yen_day": 15494.075419667706, "roi_emissions_avoided_kg_day": 82.449030067818327, "roi_health_benefit_yen_day": 9513.3496232098078, "roi_parking_spaces_freed": 6.3422330821398711, "observed_commuters": 931.0, "observed_bicycle": 79.0, "observed_bicycle_share": 0.0845, "observed_rail_share": 0.562, "observed_car_share": 0.0285 }, "geometry": { "type": "Polygon", "coordinates": [ [ [ 139.722322197819182, 35.690756441167835 ], [ 139.721756108793841, 35.692509712242227 ], [ 139.719771519817016, 35.692981667622384 ], [ 139.718353116464499, 35.691700370801087 ], [ 139.718919255085268, 35.689947152751778 ], [ 139.720903747466252, 35.689475178498959 ], [ 139.722322197819182, 35.690756441167835 ] ] ] } },
{ "type": "Feature", "properties": { "hex_id": "892f5a32923ffff", "population": 3046.8115154891025, "production_score": 0.74066288107077316, "attraction_score": 0.40275761973875179, "potential_score": 0.65736820032380994, "stress_score": 2.0512820512820511, "infra_quality_score": 0.64957264957264971, "gap_score": 0.0077955507511602296, "schools_nearby": 12, "stations_nearby": 4, "shops_nearby": 555, "bike_parking_nearby": 2, "bike_parking_capacity_nearby": 8.0, "bike_sharing_nearby": 3, "bike_sharing_capacity_nearby": 11.0, "flat_terrain": 1, "roi_car_trips_per_day": 2132.7680608423716, "roi_congestion_cost_yen_day": 746298.19984996272, "roi_operating_cost_yen_day": 104207.04745275827, "roi_emissions_kg_day": 554.51969581901665, "roi_shifted_trips_per_day": 426.55361216847433, "roi_congestion_savings_yen_day": 149259.63996999254, "roi_operating_savings_yen_day": 20841.409490551654, "roi_emissions_avoided_kg_day": 110.90393916380333, "roi_health_benefit_yen_day": 12796.60836505423, "roi_parking_spaces_freed": 8.5310722433694863, "observed_commuters": 1335.0, "observed_bicycle": 91.0, "observed_bicycle_share": 0.0684, "observed_rail_share": 0.6193, "observed_car_share": 0.0306 }, "geometry": { "type": "Polygon", "coordinates": [ [ [ 139.739349376922604, 35.706132298611813 ], [ 139.738783450262787, 35.707885828837334 ], [ 139.736798135047991, 35.708357934943983 ], [ 139.735378843144559, 35.707076529674524 ], [ 139.735944819472735, 35.705323052458048 ], [ 139.737930038039138, 35.704850927502285 ], [ 139.739349376922604, 35.706132298611813 ] ] ] } },
{ "type": "Feature", "properties": { "hex_id": "892f5a375abffff", "population": 35.867476672528738, "production_score": 0.0087058595022378449, "attraction_score": 0.81640058055152398, "potential_score": 0.53004257602150473, "stress_score": 3.0517241379310347, "infra_quality_score": 0.3160919540229884, "gap_score": 0.21395062199851633, "schools_nearby": 29, "stations_nearby": 18, "shops_nearby": 1032, "bike_parking_nearby": 4, "bike_parking_capacity_nearby": 16.0, "bike_sharing_nearby": 3, "bike_sharing_capacity_nearby": 26.0, "flat_terrain": 1, "roi_car_trips_per_day": 25.107233670770114, "roi_congestion_cost_yen_day": 8785.523206075879, "roi_operating_cost_yen_day": 1226.7394371538278, "roi_emissions_kg_day": 6.52788075440023, "roi_shifted_trips_per_day": 5.021446734154023, "roi_congestion_savings_yen_day": 1757.1046412151759, "roi_operating_savings_yen_day": 245.34788743076555, "roi_emissions_avoided_kg_day": 1.3055761508800461, "roi_health_benefit_yen_day": 150.64340202462068, "roi_parking_spaces_freed": 0.10042893468308046, "observed_commuters": 22.0, "observed_bicycle": 0.0, "observed_bicycle_share": 0.0031, "observed_rail_share": 0.0635, "observed_car_share": 0.0018 }, "geometry": { "type": "Polygon", "coordinates": [ [ [ 139.696806831905661, 35.690348833315753 ], [ 139.696240328213094, 35.692101703708751 ], [ 139.694256225828497, 35.692573169402095 ], [ 139.692838723715141, 35.691291783623775 ], [ 139.693405276923897, 35.689538966273496 ], [ 139.695389282732947, 35.689067481659102 ], [ 139.696806831905661, 35.690348833315753 ] ] ] } },
{ "type": "Feature", "properties": { "hex_id": "892f5aada67ffff", "population": 552.22560361803562, "production_score": 0.13423192434743225, "attraction_score": 0.15021770682148042, "potential_score": 0.11377985246756508, "stress_score": 2.9473684210526314, "infra_quality_score": 0.35087719298245623, "gap_score": -0.23709734051489115, "schools_nearby": 19, "stations_nearby": 6, "shops_nearby": 180, "bike_parking_nearby": 0, "bike_parking_capacity_nearby": 0.0, "bike_sharing_nearby": 2, "bike_sharing_capacity_nearby": 14.0, "flat_terrain": 0, "roi_car_trips_per_day": 386.5579225326249, "roi_congestion_cost_yen_day": 135264.34825261612, "roi_operating_cost_yen_day": 18887.220094944052, "roi_emissions_kg_day": 100.50505985848248, "roi_shifted_trips_per_day": 77.31158450652498, "roi_congestion_savings_yen_day": 27052.869650523222, "roi_operating_savings_yen_day": 3777.4440189888105, "roi_emissions_avoided_kg_day": 20.101011971696497, "roi_health_benefit_yen_day": 2319.3475351957495, "roi_parking_spaces_freed": 1.5462316901304995, "observed_commuters": 255.0, "observed_bicycle": 16.0, "observed_bicycle_share": 0.0627, "observed_rail_share": 0.642, "observed_car_share": 0.0393 }, "geometry": { "type": "Polygon", "coordinates": [ [ [ 139.735083056320207, 35.690958274601172 ], [ 139.73451717482763, 35.692711745957972 ], [ 139.732532342769815, 35.693183946308878 ], [ 139.731113488813662, 35.691902694151729 ], [ 139.73167941994123, 35.690149275811109 ], [ 139.733664155393171, 35.68967705661175 ], [ 139.735083056320207, 35.690958274601172 ] ] ] } },
{ "type": "Feature", "properties": { "hex_id": "892f5a362cbffff", "population": 3582.0109442464377, "production_score": 0.87076924464582384, "attraction_score": 0.16400580551523947, "potential_score": 0.61391002006442541, "stress_score": 2.2807017543859649, "infra_quality_score": 0.57309941520467844, "gap_score": 0.040810604859746968, "schools_nearby": 13, "stations_nearby": 3, "shops_nearby": 226, "bike_parking_nearby": 2, "bike_parking_capacity_nearby": 8.0, "bike_sharing_nearby": 5, "bike_sharing_capacity_nearby": 45.0, "flat_terrain": 1, "roi_car_trips_per_day": 2507.4076609725062, "roi_congestion_cost_yen_day": 877392.08872749936, "roi_operating_cost_yen_day": 122511.93831511665, "roi_emissions_kg_day": 651.92599185285167, "roi_shifted_trips_per_day": 501.48153219450126, "roi_congestion_savings_yen_day": 175478.4177454999, "roi_operating_savings_yen_day": 24502.387663023332, "roi_emissions_avoided_kg_day": 130.38519837057032, "roi_health_benefit_yen_day": 15044.445965835037, "roi_parking_spaces_freed": 10.029630643890025, "observed_commuters": 1236.0, "observed_bicycle": 100.0, "observed_bicycle_share": 0.0812, "observed_rail_share": 0.5166, "observed_car_share": 0.035 }, "geometry": { "type": "Polygon", "coordinates": [ [ [ 139.687453406384776, 35.690953156468503 ], [ 139.686886745045996, 35.692705879511664 ], [ 139.684902801137866, 35.693177156925259 ], [ 139.683485615141791, 35.691895730235181 ], [ 139.684052325968793, 35.690143060240963 ], [ 139.686036173306832, 35.689671763888157 ], [ 139.687453406384776, 35.690953156468503 ] ] ] } },
{ "type": "Feature", "properties": { "hex_id": "892f5a37537ffff", "population": 1926.2795122290959, "production_score": 0.4682628440376092, "attraction_score": 0.45428156748911463, "potential_score": 0.36901776461068958, "stress_score": 2.7826086956521738, "infra_quality_score": 0.40579710144927539, "gap_score": -0.036779336838585808, "schools_nearby": 27, "stations_nearby": 9, "shops_nearby": 566, "bike_parking_nearby": 3, "bike_parking_capacity_nearby": 12.0, "bike_sharing_nearby": 4, "bike_sharing_capacity_nearby": 35.0, "flat_terrain": 0, "roi_car_trips_per_day": 1348.3956585603671, "roi_congestion_cost_yen_day": 471830.60884344368, "roi_operating_cost_yen_day": 65882.611877259536, "roi_emissions_kg_day": 350.58287122569544, "roi_shifted_trips_per_day": 269.67913171207346, "roi_congestion_savings_yen_day": 94366.121768688754, "roi_operating_savings_yen_day": 13176.522375451908, "roi_emissions_avoided_kg_day": 70.116574245139105, "roi_health_benefit_yen_day": 8090.373951362204, "roi_parking_spaces_freed": 5.3935826342414694, "observed_commuters": 595.0, "observed_bicycle": 33.0, "observed_bicycle_share": 0.0551, "observed_rail_share": 0.4572, "observed_car_share": 0.0748 }, "geometry": { "type": "Polygon", "coordinates": [ [ [ 139.690854706338939, 35.691763192861949 ], [ 139.690288094499863, 35.693515968951502 ], [ 139.688304065564409, 35.693987302809617 ], [ 139.686886745045996, 35.692705879511664 ], [ 139.687453406384776, 35.690953156468503 ], [ 139.689437338745506, 35.690481803677187 ], [ 139.690854706338939, 35.691763192861949 ] ] ] } },
{ "type": "Feature", "properties": { "hex_id": "892f5a329a7ffff", "population": 1812.6129425128559, "production_score": 0.44063063209716014, "attraction_score": 0.38098693759071117, "potential_score": 0.32864702787514855, "stress_score": 1.962962962962963, "infra_quality_score": 0.67901234567901225, "gap_score": -0.35036531780386371, "schools_nearby": 18, "stations_nearby": 6, "shops_nearby": 501, "bike_parking_nearby": 1, "bike_parking_capacity_nearby": 4.0, "bike_sharing_nearby": 0, "bike_sharing_capacity_nearby": 0.0, "flat_terrain": 0, "roi_car_trips_per_day": 1268.8290597589989, "roi_congestion_cost_yen_day": 443988.66459086892, "roi_operating_cost_yen_day": 61994.987859824687, "roi_emissions_kg_day": 329.89555553733976, "roi_shifted_trips_per_day": 253.7658119517998, "roi_congestion_savings_yen_day": 88797.732918173788, "roi_operating_savings_yen_day": 12398.997571964939, "roi_emissions_avoided_kg_day": 65.979111107467958, "roi_health_benefit_yen_day": 7612.9743585539945, "roi_parking_spaces_freed": 5.0753162390359963, "observed_commuters": 790.0, "observed_bicycle": 53.0, "observed_bicycle_share": 0.0676, "observed_rail_share": 0.62, "observed_car_share": 0.0594 }, "geometry": { "type": "Polygon", "coordinates": [ [ [ 139.740193573098281, 35.697836794669598 ], [ 139.739627723195809, 35.699590342612126 ], [ 139.737642612990157, 35.700062561823117 ], [ 139.73622344931772, 35.698781251934577 ], [ 139.736789348880166, 35.697027757002822 ], [ 139.738774362458258, 35.696555518949125 ], [ 139.740193573098281, 35.697836794669598 ] ] ] } },
{ "type": "Feature", "properties": { "hex_id": "892f5a374c3ffff", "population": 2667.8440057935954, "production_score": 0.64853631674678347, "attraction_score": 0.42670537010159654, "potential_score": 0.63009667473935205, "stress_score": 1.875, "infra_quality_score": 0.70833333333333326, "gap_score": -0.078236658593981212, "schools_nearby": 28, "stations_nearby": 7, "shops_nearby": 531, "bike_parking_nearby": 2, "bike_parking_capacity_nearby": 8.0, "bike_sharing_nearby": 1, "bike_sharing_capacity_nearby": 4.0, "flat_terrain": 1, "roi_car_trips_per_day": 1867.4908040555167, "roi_congestion_cost_yen_day": 653472.3821551064, "roi_operating_cost_yen_day": 91245.600686152553, "roi_emissions_kg_day": 485.54760905443436, "roi_shifted_trips_per_day": 373.49816081110339, "roi_congestion_savings_yen_day": 130694.47643102131, "roi_operating_savings_yen_day": 18249.120137230511, "roi_emissions_avoided_kg_day": 97.109521810886889, "roi_health_benefit_yen_day": 11204.944824333103, "roi_parking_spaces_freed": 7.4699632162220677, "observed_commuters": 1164.0, "observed_bicycle": 94.0, "observed_bicycle_share": 0.0803, "observed_rail_share": 0.5967, "observed_car_share": 0.0253 }, "geometry": { "type": "Polygon", "coordinates": [ [ [ 139.734238424022607, 35.699253414588227 ], [ 139.733672465771718, 35.701006868281802 ], [ 139.731687428767572, 35.701478955531485 ], [ 139.73026844664426, 35.700197607942741 ], [ 139.730834454538581, 35.698444207263641 ], [ 139.732819394915992, 35.697972101159081 ], [ 139.734238424022607, 35.699253414588227 ] ] ] } },
{ "type": "Feature", "properties": { "hex_id": "892f5a32933ffff", "population": 2790.8927731468166, "production_score": 0.67844933010685349, "attraction_score": 0.39550072568940492, "potential_score": 0.4295800223185034, "stress_score": 2.12, "infra_quality_score": 0.62666666666666671, "gap_score": -0.19708664434816331, "schools_nearby": 12, "stations_nearby": 4, "shops_nearby": 545, "bike_parking_nearby": 6, "bike_parking_capacity_nearby": 32.0, "bike_sharing_nearby": 5, "bike_sharing_capacity_nearby": 58.0, "flat_terrain": 0, "roi_car_trips_per_day": 1953.6249412027719, "roi_congestion_cost_yen_day": 683612.43942567392, "roi_operating_cost_yen_day": 95454.114627167437, "roi_emissions_kg_day": 507.94248471272073, "roi_shifted_trips_per_day": 390.72498824055441, "roi_congestion_savings_yen_day": 136722.48788513482, "roi_operating_savings_yen_day": 19090.822925433487, "roi_emissions_avoided_kg_day": 101.58849694254415, "roi_health_benefit_yen_day": 11721.749647216633, "roi_parking_spaces_freed": 7.8144997648110888, "observed_commuters": 1268.0, "observed_bicycle": 71.0, "observed_bicycle_share": 0.0558, "observed_rail_share": 0.6065, "observed_car_share": 0.0243 }, "geometry": { "type": "Polygon", "coordinates": [ [ [ 139.741900548363873, 35.703906545608611 ], [ 139.741334680408812, 35.705660117086616 ], [ 139.739349376922604, 35.706132298611813 ], [ 139.737930038039138, 35.704850927502285 ], [ 139.738495955667503, 35.703097409032182 ], [ 139.740481162509184, 35.702625208663996 ], [ 139.741900548363873, 35.703906545608611 ] ] ] } },
{ "type": "Feature", "properties": { "hex_id": "892f5a375bbffff", "population": 123.00792335358365, "production_score": 0.029889601540793335, "attraction_score": 0.81132075471698117, "potential_score": 0.53648414250310983, "stress_score": 3.161290322580645, "infra_quality_score": 0.27956989247311836, "gap_score": 0.25691425002999146, "schools_nearby": 22, "stations_nearby": 17, "shops_nearby": 1049, "bike_parking_nearby": 6, "bike_parking_capacity_nearby": 39.0, "bike_sharing_nearby": 4, "bike_sharing_capacity_nearby": 45.0, "flat_terrain": 1, "roi_car_trips_per_day": 86.10554634750855, "roi_congestion_cost_yen_day": 30130.052777920195, "roi_operating_cost_yen_day": 4207.1169945392676, "roi_emissions_kg_day": 22.387442050352224, "roi_shifted_trips_per_day": 17.22110926950171, "roi_congestion_savings_yen_day": 6026.0105555840382, "roi_operating_savings_yen_day": 841.42339890785354, "roi_emissions_avoided_kg_day": 4.4774884100704444, "roi_health_benefit_yen_day": 516.6332780850513, "roi_parking_spaces_freed": 0.34442218539003422, "observed_commuters": 54.0, "observed_bicycle": 2.0, "observed_bicycle_share": 0.04, "observed_rail_share": 0.3782, "observed_car_share": 0.0209 }, "geometry": { "type": "Polygon", "coordinates": [ [ [ 139.699357367769323, 35.688124380600136 ], [ 139.698790922711282, 35.689877292243857 ], [ 139.696806831905661, 35.690348833315753 ], [ 139.695389282732947, 35.689067481659102 ], [ 139.695955777312122, 35.687314623056935 ], [ 139.697939771546004, 35.68684306307015 ], [ 139.699357367769323, 35.688124380600136 ] ] ] } },
{ "type": "Feature", "properties": { "hex_id": "892f5a362dbffff", "population": 1775.1633367896682, "production_score": 0.43152667615820012, "attraction_score": 0.29172714078374457, "potential_score": 0.2893015267767779, "stress_score": 2.2093023255813953, "infra_quality_score": 0.5968992248062015, "gap_score": -0.30759769802942361, "schools_nearby": 20, "stations_nearby": 5, "shops_nearby": 375, "bike_parking_nearby": 1, "bike_parking_capacity_nearby": 4.0, "bike_sharing_nearby": 6, "bike_sharing_capacity_nearby": 44.0, "flat_terrain": 0, "roi_car_trips_per_day": 1242.6143357527676, "roi_congestion_cost_yen_day": 434815.60836660845, "roi_operating_cost_yen_day": 60714.136444880227, "roi_emissions_kg_day": 323.07972729571958, "roi_shifted_trips_per_day": 248.52286715055354, "roi_congestion_savings_yen_day": 86963.121673321701, "roi_operating_savings_yen_day": 12142.827288976046, "roi_emissions_avoided_kg_day": 64.615945459143916, "roi_health_benefit_yen_day": 7455.6860145166065, "roi_parking_spaces_freed": 4.9704573430110708, "observed_commuters": 589.0, "observed_bicycle": 56.0, "observed_bicycle_share": 0.0953, "observed_rail_share": 0.4884, "observed_car_share": 0.0275 }, "geometry": { "type": "Polygon", "coordinates": [ [ [ 139.690003941458883, 35.688729039372156 ], [ 139.689437338745506, 35.690481803677187 ], [ 139.687453406384776, 35.690953156468503 ], [ 139.686036173306832, 35.689671763888157 ], [ 139.68660282551329, 35.68791905263096 ], [ 139.688586661307767, 35.687447680906573 ], [ 139.690003941458883, 35.688729039372156 ] ] ] } },
{ "type": "Feature", "properties": { "hex_id": "892f5a37547ffff", "population": 1583.3155186074512, "production_score": 0.38488869292744232, "attraction_score": 0.6973875181422351, "potential_score": 0.63291048442787101, "stress_score": 2.5, "infra_quality_score": 0.5, "gap_score": 0.13291048442787101, "schools_nearby": 40, "stations_nearby": 11, "shops_nearby": 856, "bike_parking_nearby": 2, "bike_parking_capacity_nearby": 8.0, "bike_sharing_nearby": 5, "bike_sharing_capacity_nearby": 42.0, "flat_terrain": 1, "roi_car_trips_per_day": 1108.3208630252157, "roi_congestion_cost_yen_day": 387823.63638978347, "roi_operating_cost_yen_day": 54152.557367412039, "roi_emissions_kg_day": 288.16342438655607, "roi_shifted_trips_per_day": 221.66417260504315, "roi_congestion_savings_yen_day": 77564.727277956699, "roi_operating_savings_yen_day": 10830.511473482407, "roi_emissions_avoided_kg_day": 57.63268487731122, "roi_health_benefit_yen_day": 6649.9251781512949, "roi_parking_spaces_freed": 4.4332834521008628, "observed_commuters": 371.0, "observed_bicycle": 31.0, "observed_bicycle_share": 0.0829, "observed_rail_share": 0.4654, "observed_car_share": 0.0071 }, "geometry": { "type": "Polygon", "coordinates": [ [ [ 139.702762792556683, 35.700261674963834 ], [ 139.702196311077586, 35.70201463371037 ], [ 139.700211833900084, 35.702486099121202 ], [ 139.698793934810652, 35.701204624701276 ], [ 139.699360465837543, 35.699451718990616 ], [ 139.701344846409313, 35.698980234664305 ], [ 139.702762792556683, 35.700261674963834 ] ] ] } },
{ "type": "Feature", "properties": { "hex_id": "892f5a3708fffff", "population": 1859.3481642868257, "production_score": 0.45199191058357968, "attraction_score": 0.32583454281567487, "potential_score": 0.31113058135970184, "stress_score": 2.0545454545454547, "infra_quality_score": 0.64848484848484844, "gap_score": -0.3373542671251466, "schools_nearby": 60, "stations_nearby": 6, "shops_nearby": 299, "bike_parking_nearby": 1, "bike_parking_capacity_nearby": 4.0, "bike_sharing_nearby": 1, "bike_sharing_capacity_nearby": 3.0, "flat_terrain": 0, "roi_car_trips_per_day": 1301.5437150007779, "roi_congestion_cost_yen_day": 455436.17675307218, "roi_operating_cost_yen_day": 63593.425914938009, "roi_emissions_kg_day": 338.40136590020228, "roi_shifted_trips_per_day": 260.30874300015557, "roi_congestion_savings_yen_day": 91087.235350614443, "roi_operating_savings_yen_day": 12718.685182987601, "roi_emissions_avoided_kg_day": 67.680273180040444, "roi_health_benefit_yen_day": 7809.2622900046672, "roi_parking_spaces_freed": 5.2061748600031112, "observed_commuters": 713.0, "observed_bicycle": 50.0, "observed_bicycle_share": 0.0707, "observed_rail_share": 0.5913, "observed_car_share": 0.021 }, "geometry": { "type": "Polygon", "coordinates": [ [ [ 139.708720783031652, 35.710175136058965 ], [ 139.708154323826221, 35.71192818306551 ], [ 139.706169471758557, 35.712399648236975 ], [ 139.704751175535421, 35.711118085312009 ], [ 139.705317684320164, 35.70936509133449 ], [ 139.707302439751913, 35.708893607253152 ], [ 139.708720783031652, 35.710175136058965 ] ] ] } },
{ "type": "Feature", "properties": { "hex_id": "892f5aadb6fffff", "population": 1373.3506709487542, "production_score": 0.33384648073582829, "attraction_score": 0.54354136429608124, "potential_score": 0.55095513801276375, "stress_score": 2.6923076923076925, "infra_quality_score": 0.43589743589743579, "gap_score": 0.11505770211532795, "schools_nearby": 23, "stations_nearby": 15, "shops_nearby": 683, "bike_parking_nearby": 1, "bike_parking_capacity_nearby": 4.0, "bike_sharing_nearby": 1, "bike_sharing_capacity_nearby": 3.0, "flat_terrain": 1, "roi_car_trips_per_day": 961.3454696641279, "roi_congestion_cost_yen_day": 336394.00674487167, "roi_operating_cost_yen_day": 46971.339647789289, "roi_emissions_kg_day": 249.94982211267327, "roi_shifted_trips_per_day": 192.2690939328256, "roi_congestion_savings_yen_day": 67278.801348974332, "roi_operating_savings_yen_day": 9394.2679295578582, "roi_emissions_avoided_kg_day": 49.989964422534655, "roi_health_benefit_yen_day": 5768.0728179847683, "roi_parking_spaces_freed": 3.8453818786565122, "observed_commuters": 464.0, "observed_bicycle": 19.0, "observed_bicycle_share": 0.0412, "observed_rail_share": 0.505, "observed_car_share": 0.0096 }, "geometry": { "type": "Polygon", "coordinates": [ [ [ 139.712114028008415, 35.688328395981294 ], [ 139.711547790231549, 35.69008150797282 ], [ 139.709563456101563, 35.690553293848737 ], [ 139.708145456333483, 35.689271986624128 ], [ 139.708711743671074, 35.687518927665323 ], [ 139.710695981219203, 35.687047122898711 ], [ 139.712114028008415, 35.688328395981294 ] ] ] } },
{ "type": "Feature", "properties": { "hex_id": "892f5a374d3ffff", "population": 2188.3832689849164, "production_score": 0.53197996486869548, "attraction_score": 0.3788098693759071, "potential_score": 0.56431593369784105, "stress_score": 2.024390243902439, "infra_quality_score": 0.65853658536585358, "gap_score": -0.094220651668012523, "schools_nearby": 17, "stations_nearby": 7, "shops_nearby": 498, "bike_parking_nearby": 0, "bike_parking_capacity_nearby": 0.0, "bike_sharing_nearby": 3, "bike_sharing_capacity_nearby": 33.0, "flat_terrain": 1, "roi_car_trips_per_day": 1531.8682882894414, "roi_congestion_cost_yen_day": 536031.35143824131, "roi_operating_cost_yen_day": 74847.084565822108, "roi_emissions_kg_day": 398.28575495525479, "roi_shifted_trips_per_day": 306.37365765788826, "roi_congestion_savings_yen_day": 107206.27028764827, "roi_operating_savings_yen_day": 14969.416913164419, "roi_emissions_avoided_kg_day": 79.657150991050955, "roi_health_benefit_yen_day": 9191.2097297366472, "roi_parking_spaces_freed": 6.1274731531577658, "observed_commuters": 937.0, "observed_bicycle": 69.0, "observed_bicycle_share": 0.0734, "observed_rail_share": 0.5984, "observed_car_share": 0.0476 }, "geometry": { "type": "Polygon", "coordinates": [ [ [ 139.736789348880166, 35.697027757002822 ], [ 139.73622344931772, 35.698781251934577 ], [ 139.734238424022607, 35.699253414588227 ], [ 139.732819394915992, 35.697972101159081 ], [ 139.733385344126788, 35.696218659240628 ], [ 139.735370272799003, 35.695746477738318 ], [ 139.736789348880166, 35.697027757002822 ] ] ] } },
{ "type": "Feature", "properties": { "hex_id": "892f5a375cbffff", "population": 2251.420351853596, "production_score": 0.54730420697684923, "attraction_score": 0.69811320754716977, "potential_score": 0.69816696580960769, "stress_score": 2.3448275862068964, "infra_quality_score": 0.55172413793103448, "gap_score": 0.14644282787857321, "schools_nearby": 33, "stations_nearby": 11, "shops_nearby": 878, "bike_parking_nearby": 3, "bike_parking_capacity_nearby": 12.0, "bike_sharing_nearby": 3, "bike_sharing_capacity_nearby": 17.0, "flat_terrain": 1, "roi_car_trips_per_day": 1575.9942462975171, "roi_congestion_cost_yen_day": 551471.90666442725, "roi_operating_cost_yen_day": 77003.078874096682, "roi_emissions_kg_day": 409.75850403735444, "roi_shifted_trips_per_day": 315.19884925950345, "roi_congestion_savings_yen_day": 110294.38133288544, "roi_operating_savings_yen_day": 15400.615774819338, "roi_emissions_avoided_kg_day": 81.9517008074709, "roi_health_benefit_yen_day": 9455.9654777851028, "roi_parking_spaces_freed": 6.3039769851900687, "observed_commuters": 654.0, "observed_bicycle": 64.0, "observed_bicycle_share": 0.0978, "observed_rail_share": 0.5025, "observed_car_share": 0.0428 }, "geometry": { "type": "Polygon", "coordinates": [ [ [ 139.711267116212042, 35.69662215363104 ], [ 139.710700801614195, 35.698375247945286 ], [ 139.708716262664893, 35.698846920645423 ], [ 139.70729813491937, 35.697565517928737 ], [ 139.707864499086384, 35.695812476645543 ], [ 139.709848941432966, 35.695340785048266 ], [ 139.711267116212042, 35.69662215363104 ] ] ] } },
{ "type": "Feature", "properties": { "hex_id": "892f5a37557ffff", "population": 1352.3873850643174, "production_score": 0.32875033012643567, "attraction_score": 0.86865021770682149, "potential_score": 0.67896021913330284, "stress_score": 2.4516129032258065, "infra_quality_score": 0.5161290322580645, "gap_score": 0.16283118687523834, "schools_nearby": 46, "stations_nearby": 17, "shops_nearby": 1056, "bike_parking_nearby": 0, "bike_parking_capacity_nearby": 0.0, "bike_sharing_nearby": 3, "bike_sharing_capacity_nearby": 43.0, "flat_terrain": 1, "roi_car_trips_per_day": 946.67116954502228, "roi_congestion_cost_yen_day": 331259.17564719421, "roi_operating_cost_yen_day": 46254.353343969786, "roi_emissions_kg_day": 246.13450408170581, "roi_shifted_trips_per_day": 189.33423390900447, "roi_congestion_savings_yen_day": 66251.835129438841, "roi_operating_savings_yen_day": 9250.8706687939575, "roi_emissions_avoided_kg_day": 49.226900816341164, "roi_health_benefit_yen_day": 5680.0270172701339, "roi_parking_spaces_freed": 3.7866846781800896, "observed_commuters": 250.0, "observed_bicycle": 29.0, "observed_bicycle_share": 0.1159, "observed_rail_share": 0.3811, "observed_car_share": 0.0204 }, "geometry": { "type": "Polygon", "coordinates": [ [ [ 139.705313680954504, 35.698037134134395 ], [ 139.704747258131874, 35.699790134153666 ], [ 139.702762792556683, 35.700261674963834 ], [ 139.701344846409313, 35.698980234664305 ], [ 139.701911318784624, 35.697227287679752 ], [ 139.703895687757893, 35.696755727960266 ], [ 139.705313680954504, 35.698037134134395 ] ] ] } },
{ "type": "Feature", "properties": { "hex_id": "892f5a3702bffff", "population": 1817.4814339407665, "production_score": 0.44181415674563085, "attraction_score": 0.15312046444121916, "potential_score": 0.43797384847474002, "stress_score": 2.0196078431372548, "infra_quality_score": 0.66013071895424846, "gap_score": -0.22215687047950844, "schools_nearby": 26, "stations_nearby": 4, "shops_nearby": 169, "bike_parking_nearby": 1, "bike_parking_capacity_nearby": 4.0, "bike_sharing_nearby": 0, "bike_sharing_capacity_nearby": 0.0, "flat_terrain": 1, "roi_car_trips_per_day": 1272.2370037585365, "roi_congestion_cost_yen_day": 445181.17235518713, "roi_operating_cost_yen_day": 62161.50000364209, "roi_emissions_kg_day": 330.78162097721952, "roi_shifted_trips_per_day": 254.44740075170731, "roi_congestion_savings_yen_day": 89036.234471037431, "roi_operating_savings_yen_day": 12432.300000728419, "roi_emissions_avoided_kg_day": 66.156324195443901, "roi_health_benefit_yen_day": 7633.422022551219, "roi_parking_spaces_freed": 5.0889480150341466, "observed_commuters": 683.0, "observed_bicycle": 80.0, "observed_bicycle_share": 0.1176, "observed_rail_share": 0.5746, "observed_car_share": 0.0691 }, "geometry": { "type": "Polygon", "coordinates": [ [ [ 139.69851511618694, 35.719072484354356 ], [ 139.697948422260112, 35.720825366093045 ], [ 139.695963523769677, 35.721296529545612 ], [ 139.694545415860517, 35.720014830194309 ], [ 139.695112159346962, 35.718262001489194 ], [ 139.697096961186162, 35.717790819102092 ], [ 139.69851511618694, 35.719072484354356 ] ] ] } },
{ "type": "Feature", "properties": { "hex_id": "892f5aadb0bffff", "population": 682.29283637414062, "production_score": 0.16585111854847728, "attraction_score": 0.14441219158200291, "potential_score": 0.32410532405219211, "stress_score": 2.0425531914893615, "infra_quality_score": 0.65248226950354615, "gap_score": -0.32837694545135404, "schools_nearby": 18, "stations_nearby": 4, "shops_nearby": 181, "bike_parking_nearby": 0, "bike_parking_capacity_nearby": 0.0, "bike_sharing_nearby": 2, "bike_sharing_capacity_nearby": 16.0, "flat_terrain": 1, "roi_car_trips_per_day": 477.60498546189848, "roi_congestion_cost_yen_day": 167123.53651282753, "roi_operating_cost_yen_day": 23335.77958966836, "roi_emissions_kg_day": 124.17729622009361, "roi_shifted_trips_per_day": 95.520997092379702, "roi_congestion_savings_yen_day": 33424.707302565505, "roi_operating_savings_yen_day": 4667.1559179336718, "roi_emissions_avoided_kg_day": 24.835459244018722, "roi_health_benefit_yen_day": 2865.629912771391, "roi_parking_spaces_freed": 1.910419941847594, "observed_commuters": 306.0, "observed_bicycle": 31.0, "observed_bicycle_share": 0.1011, "observed_rail_share": 0.3902, "observed_car_share": 0.0514 }, "geometry": { "type": "Polygon", "coordinates": [ [ [ 139.719765322031748, 35.681653002785822 ], [ 139.719199260195637, 35.683406238439439 ], [ 139.717214960980726, 35.683878250437118 ], [ 139.715796820175456, 35.682597045653679 ], [ 139.716362931587042, 35.680843863029374 ], [ 139.718347134231635, 35.680371832159473 ], [ 139.719765322031748, 35.681653002785822 ] ] ] } },
{ "type": "Feature", "properties": { "hex_id": "892f5a3746fffff", "population": 2325.0444984313758, "production_score": 0.5652021520564855, "attraction_score": 0.24310595065312046, "potential_score": 0.52332324108384243, "stress_score": 2.3260869565217392, "infra_quality_score": 0.55797101449275366, "gap_score": -0.034647773408911231, "schools_nearby": 39, "stations_nearby": 5, "shops_nearby": 251, "bike_parking_nearby": 3, "bike_parking_capacity_nearby": 12.0, "bike_sharing_nearby": 1, "bike_sharing_capacity_nearby": 4.0, "flat_terrain": 1, "roi_car_trips_per_day": 1627.531148901963, "roi_congestion_cost_yen_day": 569505.69962377485, "roi_operating_cost_yen_day": 79521.171935349907, "roi_emissions_kg_day": 423.1580987145104, "roi_shifted_trips_per_day": 325.50622978039263, "roi_congestion_savings_yen_day": 113901.139924755, "roi_operating_savings_yen_day": 15904.234387069984, "roi_emissions_avoided_kg_day": 84.631619742902089, "roi_health_benefit_yen_day": 9765.1868934117792, "roi_parking_spaces_freed": 6.5101245956078531, "observed_commuters": 995.0, "observed_bicycle": 82.0, "observed_bicycle_share": 0.0826, "observed_rail_share": 0.537, "observed_car_share": 0.027 }, "geometry": { "type": "Polygon", "coordinates": [ [ [ 139.718078951029923, 35.709570197509933 ], [ 139.717512649706009, 35.711323391859416 ], [ 139.715527639265076, 35.71179504549643 ], [ 139.714109026792613, 35.710513523675893 ], [ 139.714675377723836, 35.70876038234919 ], [ 139.716660291523453, 35.708288709820522 ], [ 139.718078951029923, 35.709570197509933 ] ] ] } },
{ "type": "Feature", "properties": { "hex_id": "892f5a375dbffff", "population": 1785.7978339168435, "production_score": 0.43411191013888406, "attraction_score": 0.61611030478955009, "potential_score": 0.62008888597137368, "stress_score": 2.0, "infra_quality_score": 0.66666666666666674, "gap_score": -0.046577780695293058, "schools_nearby": 31, "stations_nearby": 10, "shops_nearby": 774, "bike_parking_nearby": 3, "bike_parking_capacity_nearby": 12.0, "bike_sharing_nearby": 4, "bike_sharing_capacity_nearby": 19.0, "flat_terrain": 1, "roi_car_trips_per_day": 1250.0584837417905, "roi_congestion_cost_yen_day": 437420.46463092737, "roi_operating_cost_yen_day": 61077.85751562388, "roi_emissions_kg_day": 325.01520577286556, "roi_shifted_trips_per_day": 250.0116967483581, "roi_congestion_savings_yen_day": 87484.092926185476, "roi_operating_savings_yen_day": 12215.571503124776, "roi_emissions_avoided_kg_day": 65.003041154573111, "roi_health_benefit_yen_day": 7500.350902450743, "roi_parking_spaces_freed": 5.0002339349671621, "observed_commuters": 667.0, "observed_bicycle": 101.0, "observed_bicycle_share": 0.151, "observed_rail_share": 0.4481, "observed_car_share": 0.0336 }, "geometry": { "type": "Polygon", "coordinates": [ [ [ 139.713817899469291, 35.694397269968839 ], [ 139.713251643531237, 35.696150405536969 ], [ 139.711267116212042, 35.69662215363104 ], [ 139.709848941432966, 35.695340785048266 ], [ 139.710415246945047, 35.69358770251003 ], [ 139.712399677665388, 35.693115935524965 ], [ 139.713817899469291, 35.694397269968839 ] ] ] } },
{ "type": "Feature", "properties": { "hex_id": "892f5a37567ffff", "population": 3109.1564698000034, "production_score": 0.75581886752516414, "attraction_score": 0.3316400580551524, "potential_score": 0.6349835702321267, "stress_score": 1.9772727272727273, "infra_quality_score": 0.67424242424242431, "gap_score": -0.039258854010297606, "schools_nearby": 35, "stations_nearby": 4, "shops_nearby": 388, "bike_parking_nearby": 2, "bike_parking_capacity_nearby": 8.0, "bike_sharing_nearby": 2, "bike_sharing_capacity_nearby": 17.0, "flat_terrain": 1, "roi_car_trips_per_day": 2176.4095288600024, "roi_congestion_cost_yen_day": 761569.22233869205, "roi_operating_cost_yen_day": 106339.36958009972, "roi_emissions_kg_day": 565.86647750360066, "roi_shifted_trips_per_day": 435.28190577200053, "roi_congestion_savings_yen_day": 152313.84446773844, "roi_operating_savings_yen_day": 21267.873916019944, "roi_emissions_avoided_kg_day": 113.17329550072014, "roi_health_benefit_yen_day": 13058.457173160015, "roi_parking_spaces_freed": 8.70563811544001, "observed_commuters": 1084.0, "observed_bicycle": 131.0, "observed_bicycle_share": 0.1204, "observed_rail_share": 0.5563, "observed_car_share": 0.0256 }, "geometry": { "type": "Polygon", "coordinates": [ [ [ 139.693407470977434, 35.700865908227094 ], [ 139.692840831767029, 35.702618719615394 ], [ 139.690856513056474, 35.703089996672986 ], [ 139.689438930159724, 35.701808481276181 ], [ 139.690005618889813, 35.700055722929996 ], [ 139.691989841000151, 35.699584426938799 ], [ 139.693407470977434, 35.700865908227094 ] ] ] } },
{ "type": "Feature", "properties": { "hex_id": "892f5a370afffff", "population": 2225.3052198137075, "production_score": 0.54095564851167799, "attraction_score": 0.27576197387518142, "potential_score": 0.52668704895474372, "stress_score": 2.096774193548387, "infra_quality_score": 0.63440860215053774, "gap_score": -0.10772155319579402, "schools_nearby": 55, "stations_nearby": 4, "shops_nearby": 251, "bike_parking_nearby": 0, "bike_parking_capacity_nearby": 0.0, "bike_sharing_nearby": 2, "bike_sharing_capacity_nearby": 8.0, "flat_terrain": 1, "roi_car_trips_per_day": 1557.7136538695954, "roi_congestion_cost_yen_day": 545075.16176204884, "roi_operating_cost_yen_day": 76109.889128068433, "roi_emissions_kg_day": 405.00555000609484, "roi_shifted_trips_per_day": 311.54273077391912, "roi_congestion_savings_yen_day": 109015.03235240978, "roi_operating_savings_yen_day": 15221.977825613689, "roi_emissions_avoided_kg_day": 81.001110001218976, "roi_health_benefit_yen_day": 9346.2819232175734, "roi_parking_spaces_freed": 6.2308546154783828, "observed_commuters": 832.0, "observed_bicycle": 70.0, "observed_bicycle_share": 0.0841, "observed_rail_share": 0.5981, "observed_car_share": 0.0243 }, "geometry": { "type": "Polygon", "coordinates": [ [ [ 139.699363564847005, 35.710779279741715 ], [ 139.698796947825173, 35.712532179381682 ], [ 139.696812254214763, 35.713003456126309 ], [ 139.695394274259712, 35.711721852159343 ], [ 139.69596094083272, 35.709969005554662 ], [ 139.697945537812728, 35.709497709881951 ], [ 139.699363564847005, 35.710779279741715 ] ] ] } },
{ "type": "Feature", "properties": { "hex_id": "892f5a3703bffff", "population": 1629.5351066255696, "production_score": 0.39612462144279381, "attraction_score": 0.23512336719883889, "potential_score": 0.25249919545665311, "stress_score": 2.0217391304347827, "infra_quality_score": 0.65942028985507251, "gap_score": -0.40692109439841939, "schools_nearby": 40, "stations_nearby": 4, "shops_nearby": 240, "bike_parking_nearby": 0, "bike_parking_capacity_nearby": 0.0, "bike_sharing_nearby": 2, "bike_sharing_capacity_nearby": 19.0, "flat_terrain": 0, "roi_car_trips_per_day": 1140.6745746378988, "roi_congestion_cost_yen_day": 399144.84715729358, "roi_operating_cost_yen_day": 55733.359716807732, "roi_emissions_kg_day": 296.57538940585368, "roi_shifted_trips_per_day": 228.13491492757976, "roi_congestion_savings_yen_day": 79828.96943145871, "roi_operating_savings_yen_day": 11146.671943361547, "roi_emissions_avoided_kg_day": 59.315077881170737, "roi_health_benefit_yen_day": 6844.0474478273927, "roi_parking_spaces_freed": 4.5626982985515951, "observed_commuters": 636.0, "observed_bicycle": 48.0, "observed_bicycle_share": 0.0754, "observed_rail_share": 0.6679, "observed_car_share": 0.0439 }, "geometry": { "type": "Polygon", "coordinates": [ [ [ 139.701066638328996, 35.716848322397368 ], [ 139.700500003083647, 35.71860124546631 ], [ 139.69851511618694, 35.719072484354356 ], [ 139.697096961186162, 35.717790819102092 ], [ 139.697663645996016, 35.716037949065608 ], [ 139.699648436245326, 35.715566691249201 ], [ 139.701066638328996, 35.716848322397368 ] ] ] } },
{ "type": "Feature", "properties": { "hex_id": "892f5aadb1bffff", "population": 299.08793059864882, "production_score": 0.072694448126889438, "attraction_score": 0.09579100145137881, "potential_score": 0.067394179831307299, "stress_score": 2.4375, "infra_quality_score": 0.52083333333333326, "gap_score": -0.45343915350202596, "schools_nearby": 14, "stations_nearby": 4, "shops_nearby": 126, "bike_parking_nearby": 1, "bike_parking_capacity_nearby": 4.0, "bike_sharing_nearby": 2, "bike_sharing_capacity_nearby": 12.0, "flat_terrain": 0, "roi_car_trips_per_day": 209.36155141905417, "roi_congestion_cost_yen_day": 73259.794072555436, "roi_operating_cost_yen_day": 10229.405402334987, "roi_emissions_kg_day": 54.434003368954087, "roi_shifted_trips_per_day": 41.872310283810833, "roi_congestion_savings_yen_day": 14651.958814511087, "roi_operating_savings_yen_day": 2045.8810804669972, "roi_emissions_avoided_kg_day": 10.886800673790818, "roi_health_benefit_yen_day": 1256.1693085143249, "roi_parking_spaces_freed": 0.83744620567621664, "observed_commuters": 113.0, "observed_bicycle": 8.0, "observed_bicycle_share": 0.0711, "observed_rail_share": 0.4967, "observed_car_share": 0.0213 }, "geometry": { "type": "Polygon", "coordinates": [ [ [ 139.722315612783149, 35.679427638565336 ], [ 139.721749609592337, 35.681180915421912 ], [ 139.719765322031748, 35.681653002785822 ], [ 139.718347134231635, 35.680371832159473 ], [ 139.718913187002755, 35.678618608331071 ], [ 139.720897377996863, 35.678146502101121 ], [ 139.722315612783149, 35.679427638565336 ] ] ] } },
{ "type": "Feature", "properties": { "hex_id": "892f5a3740bffff", "population": 2220.2543612299519, "production_score": 0.53972779061805121, "attraction_score": 0.24528301886792453, "potential_score": 0.31400432379439031, "stress_score": 2.0227272727272729, "infra_quality_score": 0.65909090909090895, "gap_score": -0.34508658529651864, "schools_nearby": 33, "stations_nearby": 4, "shops_nearby": 275, "bike_parking_nearby": 0, "bike_parking_capacity_nearby": 0.0, "bike_sharing_nearby": 3, "bike_sharing_capacity_nearby": 15.0, "flat_terrain": 0, "roi_car_trips_per_day": 1554.1780528609663, "roi_congestion_cost_yen_day": 543837.98425710935, "roi_operating_cost_yen_day": 75937.139662786809, "roi_emissions_kg_day": 404.08629374385123, "roi_shifted_trips_per_day": 310.83561057219327, "roi_congestion_savings_yen_day": 108767.59685142187, "roi_operating_savings_yen_day": 15187.427932557363, "roi_emissions_avoided_kg_day": 80.817258748770257, "roi_health_benefit_yen_day": 9325.0683171657984, "roi_parking_spaces_freed": 6.2167122114438653, "observed_commuters": 945.0, "observed_bicycle": 97.0, "observed_bicycle_share": 0.1028, "observed_rail_share": 0.5975, "observed_car_share": 0.0258 }, "geometry": { "type": "Polygon", "coordinates": [ [ [ 139.725732464227093, 35.702894953374084 ], [ 139.72516633896322, 35.70464827154796 ], [ 139.723181363518108, 35.705120151436077 ], [ 139.721762609969886, 35.703838732023812 ], [ 139.722328784855819, 35.702085466869292 ], [ 139.724313663671097, 35.701613568107952 ], [ 139.725732464227093, 35.702894953374084 ] ] ] } },
{ "type": "Feature", "properties": { "hex_id": "892f5a37577ffff", "population": 2475.4425000449369, "production_score": 0.60176373270751271, "attraction_score": 0.60885341074020316, "potential_score": 0.6842468573790863, "stress_score": 2.1538461538461537, "infra_quality_score": 0.61538461538461542, "gap_score": 0.068862241994470885, "schools_nearby": 41, "stations_nearby": 10, "shops_nearby": 734, "bike_parking_nearby": 2, "bike_parking_capacity_nearby": 8.0, "bike_sharing_nearby": 3, "bike_sharing_capacity_nearby": 16.0, "flat_terrain": 1, "roi_car_trips_per_day": 1732.8097500314561, "roi_congestion_cost_yen_day": 606344.78773100721, "roi_operating_cost_yen_day": 84665.084386536939, "roi_emissions_kg_day": 450.53053500817862, "roi_shifted_trips_per_day": 346.56195000629123, "roi_congestion_savings_yen_day": 121268.95754620143, "roi_operating_savings_yen_day": 16933.016877307389, "roi_emissions_avoided_kg_day": 90.106107001635721, "roi_health_benefit_yen_day": 10396.858500188737, "roi_parking_spaces_freed": 6.9312390001258244, "observed_commuters": 826.0, "observed_bicycle": 97.0, "observed_bicycle_share": 0.1172, "observed_rail_share": 0.5047, "observed_car_share": 0.025 }, "geometry": { "type": "Polygon", "coordinates": [ [ [ 139.695958358680315, 35.698641703098808 ], [ 139.695391778117283, 35.700394555771005 ], [ 139.693407470977434, 35.700865908227094 ], [ 139.691989841000151, 35.699584426938799 ], [ 139.692556471087755, 35.697831627307593 ], [ 139.694540681631281, 35.697360255923968 ], [ 139.695958358680315, 35.698641703098808 ] ] ] } },
{ "type": "Feature", "properties": { "hex_id": "892f5a37397ffff", "population": 2385.2860889151534, "production_score": 0.57984681319153208, "attraction_score": 0.097242380261248179, "potential_score": 0.47083567738111215, "stress_score": 2.02, "infra_quality_score": 0.66, "gap_score": -0.18916432261888777, "schools_nearby": 23, "stations_nearby": 4, "shops_nearby": 101, "bike_parking_nearby": 0, "bike_parking_capacity_nearby": 0.0, "bike_sharing_nearby": 4, "bike_sharing_capacity_nearby": 40.0, "flat_terrain": 1, "roi_car_trips_per_day": 1669.7002622406073, "roi_congestion_cost_yen_day": 584261.5157632333, "roi_operating_cost_yen_day": 81581.554813076073, "roi_emissions_kg_day": 434.12206818255794, "roi_shifted_trips_per_day": 333.94005244812149, "roi_congestion_savings_yen_day": 116852.30315264668, "roi_operating_savings_yen_day": 16316.310962615216, "roi_emissions_avoided_kg_day": 86.824413636511593, "roi_health_benefit_yen_day": 10018.201573443645, "roi_parking_spaces_freed": 6.6788010489624297, "observed_commuters": 1012.0, "observed_bicycle": 153.0, "observed_bicycle_share": 0.1516, "observed_rail_share": 0.6326, "observed_car_share": 0.0338 }, "geometry": { "type": "Polygon", "coordinates": [ [ [ 139.692560602439443, 35.720485937148233 ], [ 139.69199380027564, 35.722238724513083 ], [ 139.690008975280648, 35.722709756030056 ], [ 139.688591049103081, 35.721428019129128 ], [ 139.689157900810017, 35.719675284801554 ], [ 139.691142629154569, 35.719204234337901 ], [ 139.692560602439443, 35.720485937148233 ] ] ] } },
{ "type": "Feature", "properties": { "hex_id": "892f5a37503ffff", "population": 163.76887918181683, "production_score": 0.039798542869389622, "attraction_score": 0.99927431059506533, "potential_score": 0.415629141385782, "stress_score": 3.2884615384615383, "infra_quality_score": 0.23717948717948723, "gap_score": 0.17844965420629477, "schools_nearby": 35, "stations_nearby": 21, "shops_nearby": 1257, "bike_parking_nearby": 7, "bike_parking_capacity_nearby": 163.0, "bike_sharing_nearby": 2, "bike_sharing_capacity_nearby": 17.0, "flat_terrain": 0, "roi_car_trips_per_day": 114.63821542727177, "roi_congestion_cost_yen_day": 40114.204342310943, "roi_operating_cost_yen_day": 5601.2232057764986, "roi_emissions_kg_day": 29.805936011090662, "roi_shifted_trips_per_day": 22.927643085454356, "roi_congestion_savings_yen_day": 8022.8408684621891, "roi_operating_savings_yen_day": 1120.2446411552999, "roi_emissions_avoided_kg_day": 5.9611872022181327, "roi_health_benefit_yen_day": 687.8292925636307, "roi_parking_spaces_freed": 0.45855286170908716, "observed_commuters": 54.0, "observed_bicycle": 2.0, "observed_bicycle_share": 0.0428, "observed_rail_share": 0.3971, "observed_car_share": 0.0078 }, "geometry": { "type": "Polygon", "coordinates": [ [ [ 139.701059923402994, 35.694192942845682 ], [ 139.700493460132463, 35.695945878059099 ], [ 139.698509176157927, 35.696417381300748 ], [ 139.697091452045811, 35.695135968244443 ], [ 139.697657964850777, 35.693383086069751 ], [ 139.699642152236578, 35.692911563912908 ], [ 139.701059923402994, 35.694192942845682 ] ] ] } },
{ "type": "Feature", "properties": { "hex_id": "892f5a3748fffff", "population": 2691.9793946840441, "production_score": 0.65440360193671165, "attraction_score": 0.25326560232220607, "potential_score": 0.56306768170356714, "stress_score": 2.5789473684210527, "infra_quality_score": 0.47368421052631582, "gap_score": 0.089383471177251317, "schools_nearby": 34, "stations_nearby": 4, "shops_nearby": 283, "bike_parking_nearby": 1, "bike_parking_capacity_nearby": 4.0, "bike_sharing_nearby": 2, "bike_sharing_capacity_nearby": 10.0, "flat_terrain": 1, "roi_car_trips_per_day": 1884.3855762788307, "roi_congestion_cost_yen_day": 659384.20085148851, "roi_operating_cost_yen_day": 92071.079256983663, "roi_emissions_kg_day": 489.94024983249602, "roi_shifted_trips_per_day": 376.87711525576617, "roi_congestion_savings_yen_day": 131876.84017029771, "roi_operating_savings_yen_day": 18414.215851396733, "roi_emissions_avoided_kg_day": 97.988049966499204, "roi_health_benefit_yen_day": 11306.313457672984, "roi_parking_spaces_freed": 7.5375423051153234, "observed_commuters": 1411.0, "observed_bicycle": 84.0, "observed_bicycle_share": 0.0594, "observed_rail_share": 0.409, "observed_car_share": 0.0323 }, "geometry": { "type": "Polygon", "coordinates": [ [ [ 139.726577993025614, 35.694600283506979 ], [ 139.726011944552766, 35.696353619391004 ], [ 139.724027174032358, 35.696825612422451 ], [ 139.722608548596867, 35.695544288436928 ], [ 139.723174646683304, 35.693791005573935 ], [ 139.72515932059477, 35.693318993675724 ], [ 139.726577993025614, 35.694600283506979 ] ] ] } },
{ "type": "Feature", "properties": { "hex_id": "892f5a37143ffff", "population": 1770.7048212569989, "production_score": 0.43044281617679964, "attraction_score": 0.11248185776487664, "potential_score": 0.21716986957667053, "stress_score": 2.0806451612903225, "infra_quality_score": 0.63978494623655924, "gap_score": -0.42261507665988873, "schools_nearby": 20, "stations_nearby": 4, "shops_nearby": 131, "bike_parking_nearby": 0, "bike_parking_capacity_nearby": 0.0, "bike_sharing_nearby": 2, "bike_sharing_capacity_nearby": 59.0, "flat_terrain": 0, "roi_car_trips_per_day": 1239.4933748798992, "roi_congestion_cost_yen_day": 433723.52173797437, "roi_operating_cost_yen_day": 60561.646296631872, "roi_emissions_kg_day": 322.26827746877382, "roi_shifted_trips_per_day": 247.89867497597984, "roi_congestion_savings_yen_day": 86744.704347594874, "roi_operating_savings_yen_day": 12112.329259326376, "roi_emissions_avoided_kg_day": 64.453655493754766, "roi_health_benefit_yen_day": 7436.9602492793956, "roi_parking_spaces_freed": 4.9579734995195972, "observed_commuters": 703.0, "observed_bicycle": 61.0, "observed_bicycle_share": 0.0866, "observed_rail_share": 0.6735, "observed_car_share": 0.0577 }, "geometry": { "type": "Polygon", "coordinates": [ [ [ 139.688306904716001, 35.716640855912793 ], [ 139.687740062145025, 35.718393578543058 ], [ 139.685755418884128, 35.71886457252473 ], [ 139.684337714834584, 35.717582862828984 ], [ 139.684904606930445, 35.715830193239988 ], [ 139.686889153554091, 35.715359180305732 ], [ 139.688306904716001, 35.716640855912793 ] ] ] } },
{ "type": "Feature", "properties": { "hex_id": "892f5a3741bffff", "population": 2806.4380067695765, "production_score": 0.68222835846321395, "attraction_score": 0.29898403483309144, "potential_score": 0.39248495731852218, "stress_score": 2.275, "infra_quality_score": 0.575, "gap_score": -0.18251504268147778, "schools_nearby": 32, "stations_nearby": 5, "shops_nearby": 349, "bike_parking_nearby": 1, "bike_parking_capacity_nearby": 4.0, "bike_sharing_nearby": 1, "bike_sharing_capacity_nearby": 8.0, "flat_terrain": 0, "roi_car_trips_per_day": 1964.5066047387033, "roi_congestion_cost_yen_day": 687420.15113016707, "roi_operating_cost_yen_day": 95985.792707533037, "roi_emissions_kg_day": 510.77171723206288, "roi_shifted_trips_per_day": 392.90132094774071, "roi_congestion_savings_yen_day": 137484.03022603344, "roi_operating_savings_yen_day": 19197.158541506611, "roi_emissions_avoided_kg_day": 102.15434344641258, "roi_health_benefit_yen_day": 11787.039628432221, "roi_parking_spaces_freed": 7.8580264189548146, "observed_commuters": 1187.0, "observed_bicycle": 120.0, "observed_bicycle_share": 0.1009, "observed_rail_share": 0.5725, "observed_car_share": 0.037 }, "geometry": { "type": "Polygon", "coordinates": [ [ [ 139.728283494569638, 35.700669638645692 ], [ 139.727717427990939, 35.702422998076621 ], [ 139.725732464227093, 35.702894953374084 ], [ 139.724313663671097, 35.701613568107952 ], [ 139.724879779876773, 35.699860261695221 ], [ 139.726864647014651, 35.699388287530695 ], [ 139.728283494569638, 35.700669638645692 ] ] ] } },
{ "type": "Feature", "properties": { "hex_id": "892f5a373a7ffff", "population": 1909.319508754035, "production_score": 0.46413988676262885, "attraction_score": 0.032656023222060959, "potential_score": 0.39871836399387595, "stress_score": 2.1818181818181817, "infra_quality_score": 0.60606060606060619, "gap_score": -0.20734224206673024, "schools_nearby": 14, "stations_nearby": 1, "shops_nearby": 48, "bike_parking_nearby": 2, "bike_parking_capacity_nearby": 8.0, "bike_sharing_nearby": 6, "bike_sharing_capacity_nearby": 30.0, "flat_terrain": 1, "roi_car_trips_per_day": 1336.5236561278246, "roi_congestion_cost_yen_day": 467676.35775224841, "roi_operating_cost_yen_day": 65302.545838405509, "roi_emissions_kg_day": 347.4961505932344, "roi_shifted_trips_per_day": 267.30473122556492, "roi_congestion_savings_yen_day": 93535.271550449688, "roi_operating_savings_yen_day": 13060.509167681103, "roi_emissions_avoided_kg_day": 69.499230118646878, "roi_health_benefit_yen_day": 8019.1419367669478, "roi_parking_spaces_freed": 5.3460946245112986, "observed_commuters": 824.0, "observed_bicycle": 106.0, "observed_bicycle_share": 0.1291, "observed_rail_share": 0.6073, "observed_car_share": 0.0541 }, "geometry": { "type": "Polygon", "coordinates": [ [ [ 139.680652236574304, 35.723311655411365 ], [ 139.680085217998482, 35.725064253987533 ], [ 139.678100540110819, 35.725535021660711 ], [ 139.67668297745081, 35.724253209729021 ], [ 139.677250045536738, 35.722500664197526 ], [ 139.679234626775724, 35.722029877553304 ], [ 139.680652236574304, 35.723311655411365 ] ] ] } },
{ "type": "Feature", "properties": { "hex_id": "892f5a37513ffff", "population": 59.97679014639305, "production_score": 0.014566805788482299, "attraction_score": 0.95573294629898409, "potential_score": 0.58811990083498666, "stress_score": 2.9220779220779223, "infra_quality_score": 0.35930735930735924, "gap_score": 0.22881254152762742, "schools_nearby": 34, "stations_nearby": 22, "shops_nearby": 1197, "bike_parking_nearby": 18, "bike_parking_capacity_nearby": 667.0, "bike_sharing_nearby": 2, "bike_sharing_capacity_nearby": 80.0, "flat_terrain": 1, "roi_car_trips_per_day": 41.983753102475134, "roi_congestion_cost_yen_day": 14690.954885618099, "roi_operating_cost_yen_day": 2051.3261765869352, "roi_emissions_kg_day": 10.915775806643536, "roi_shifted_trips_per_day": 8.3967506204950269, "roi_congestion_savings_yen_day": 2938.1909771236201, "roi_operating_savings_yen_day": 410.26523531738701, "roi_emissions_avoided_kg_day": 2.183155161328707, "roi_health_benefit_yen_day": 251.90251861485081, "roi_parking_spaces_freed": 0.16793501240990055, "observed_commuters": 23.0, "observed_bicycle": 1.0, "observed_bicycle_share": 0.0306, "observed_rail_share": 0.07, "observed_car_share": 0.0001 }, "geometry": { "type": "Polygon", "coordinates": [ [ [ 139.703610600408354, 35.691968387746265 ], [ 139.703044195782894, 35.693721364217005 ], [ 139.701059923402994, 35.694192942845682 ], [ 139.699642152236578, 35.692911563912908 ], [ 139.700208606401389, 35.691158640479756 ], [ 139.70219278219642, 35.690687042942059 ], [ 139.703610600408354, 35.691968387746265 ] ] ] } },
{ "type": "Feature", "properties": { "hex_id": "892f5a37153ffff", "population": 2473.1385414864612, "production_score": 0.60120364304043872, "attraction_score": 0.13207547169811321, "potential_score": 0.49331164589542081, "stress_score": 2.2, "infra_quality_score": 0.6, "gap_score": -0.10668835410457905, "schools_nearby": 26, "stations_nearby": 4, "shops_nearby": 140, "bike_parking_nearby": 1, "bike_parking_capacity_nearby": 4.0, "bike_sharing_nearby": 4, "bike_sharing_capacity_nearby": 77.0, "flat_terrain": 1, "roi_car_trips_per_day": 1731.196979040523, "roi_congestion_cost_yen_day": 605780.44690585986, "roi_operating_cost_yen_day": 84586.284395919953, "roi_emissions_kg_day": 450.11121455053603, "roi_shifted_trips_per_day": 346.23939580810463, "roi_congestion_savings_yen_day": 121156.08938117197, "roi_operating_savings_yen_day": 16917.256879183991, "roi_emissions_avoided_kg_day": 90.022242910107209, "roi_health_benefit_yen_day": 10387.181874243139, "roi_parking_spaces_freed": 6.9247879161620931, "observed_commuters": 904.0, "observed_bicycle": 76.0, "observed_bicycle_share": 0.0844, "observed_rail_share": 0.6731, "observed_car_share": 0.0268 }, "geometry": { "type": "Polygon", "coordinates": [ [ [ 139.690858320322832, 35.714417022538662 ], [ 139.690291536418641, 35.716169786502583 ], [ 139.688306904716001, 35.716640855912793 ], [ 139.686889153554091, 35.715359180305732 ], [ 139.687455986988112, 35.713606469381922 ], [ 139.689440522057367, 35.713135381025346 ], [ 139.690858320322832, 35.714417022538662 ] ] ] } },
{ "type": "Feature", "properties": { "hex_id": "892f5a3742bffff", "population": 1022.1187582007088, "production_score": 0.24846240802621899, "attraction_score": 0.27358490566037735, "potential_score": 0.20881892547463854, "stress_score": 2.0476190476190474, "infra_quality_score": 0.65079365079365092, "gap_score": -0.44197472531901238, "schools_nearby": 42, "stations_nearby": 7, "shops_nearby": 278, "bike_parking_nearby": 0, "bike_parking_capacity_nearby": 0.0, "bike_sharing_nearby": 0, "bike_sharing_capacity_nearby": 0.0, "flat_terrain": 0, "roi_car_trips_per_day": 715.48313074049622, "roi_congestion_cost_yen_day": 250361.85710871444, "roi_operating_cost_yen_day": 34958.505767980641, "roi_emissions_kg_day": 186.02561399252903, "roi_shifted_trips_per_day": 143.09662614809926, "roi_congestion_savings_yen_day": 50072.371421742893, "roi_operating_savings_yen_day": 6991.7011535961301, "roi_emissions_avoided_kg_day": 37.205122798505812, "roi_health_benefit_yen_day": 4292.8987844429776, "roi_parking_spaces_freed": 2.8619325229619852, "observed_commuters": 301.0, "observed_bicycle": 56.0, "observed_bicycle_share": 0.1869, "observed_rail_share": 0.3948, "observed_car_share": 0.0062 }, "geometry": { "type": "Polygon", "coordinates": [ [ [ 139.716374294997649, 35.703500899286233 ], [ 139.715808011825146, 35.705254070150644 ], [ 139.713823194658403, 35.705725761570889 ], [ 139.71240475729175, 35.704444301018427 ], [ 139.712971090058261, 35.702691183179631 ], [ 139.714955810600657, 35.702219472867974 ], [ 139.716374294997649, 35.703500899286233 ] ] ] } },
{ "type": "Feature", "properties": { "hex_id": "892f5a373b7ffff", "population": 2447.5464507806487, "production_score": 0.59498223532005445, "attraction_score": 0.077648766328011612, "potential_score": 0.46905240065922643, "stress_score": 2.152173913043478, "infra_quality_score": 0.61594202898550732, "gap_score": -0.14688962832628089, "schools_nearby": 18, "stations_nearby": 3, "shops_nearby": 92, "bike_parking_nearby": 1, "bike_parking_capacity_nearby": 4.0, "bike_sharing_nearby": 3, "bike_sharing_capacity_nearby": 16.0, "flat_terrain": 1, "roi_car_trips_per_day": 1713.2825155464541, "roi_congestion_cost_yen_day": 599511.81784001528, "roi_operating_cost_yen_day": 83710.98370959975, "roi_emissions_kg_day": 445.45345404207808, "roi_shifted_trips_per_day": 342.65650310929084, "roi_congestion_savings_yen_day": 119902.36356800306, "roi_operating_savings_yen_day": 16742.19674191995, "roi_emissions_avoided_kg_day": 89.090690808415616, "roi_health_benefit_yen_day": 10279.695093278726, "roi_parking_spaces_freed": 6.8531300621858167, "observed_commuters": 1055.0, "observed_bicycle": 127.0, "observed_bicycle_share": 0.1201, "observed_rail_share": 0.6063, "observed_car_share": 0.0401 }, "geometry": { "type": "Polygon", "coordinates": [ [ [ 139.683203862834489, 35.721088172361839 ], [ 139.682636902927726, 35.722840812298216 ], [ 139.680652236574304, 35.723311655411365 ], [ 139.679234626775724, 35.722029877553304 ], [ 139.67980163619751, 35.720277290660455 ], [ 139.681786205906064, 35.719806428582416 ], [ 139.683203862834489, 35.721088172361839 ] ] ] } },
{ "type": "Feature", "properties": { "hex_id": "892f5a37523ffff", "population": 1730.1890864223792, "production_score": 0.42059348778879518, "attraction_score": 0.47750362844702465, "potential_score": 0.55923884649432787, "stress_score": 2.75, "infra_quality_score": 0.41666666666666663, "gap_score": 0.14257217982766124, "schools_nearby": 31, "stations_nearby": 8, "shops_nearby": 589, "bike_parking_nearby": 0, "bike_parking_capacity_nearby": 0.0, "bike_sharing_nearby": 1, "bike_sharing_capacity_nearby": 11.0, "flat_terrain": 1, "roi_car_trips_per_day": 1211.1323604956654, "roi_congestion_cost_yen_day": 423799.43558464322, "roi_operating_cost_yen_day": 59175.927133818208, "roi_emissions_kg_day": 314.89441372887302, "roi_shifted_trips_per_day": 242.22647209913308, "roi_congestion_savings_yen_day": 84759.887116928643, "roi_operating_savings_yen_day": 11835.185426763643, "roi_emissions_avoided_kg_day": 62.978882745774605, "roi_health_benefit_yen_day": 7266.7941629739926, "roi_parking_spaces_freed": 4.8445294419826617, "observed_commuters": 596.0, "observed_bicycle": 52.0, "observed_bicycle_share": 0.0864, "observed_rail_share": 0.5228, "observed_car_share": 0.0408 }, "geometry": { "type": "Polygon", "coordinates": [ [ [ 139.691705549545077, 35.694797388846474 ], [ 139.691138928581267, 35.69655017671144 ], [ 139.689154803062593, 35.697021491636185 ], [ 139.687737395094217, 35.695740037629619 ], [ 139.688304065564409, 35.693987302809617 ], [ 139.690288094499863, 35.693515968951502 ], [ 139.691705549545077, 35.694797388846474 ] ] ] } },
{ "type": "Feature", "properties": { "hex_id": "892f5a346dbffff", "population": 1546.2323537092022, "production_score": 0.37587381833019623, "attraction_score": 0.022496371552975326, "potential_score": 0.35934807595326868, "stress_score": 2.2, "infra_quality_score": 0.6, "gap_score": -0.24065192404673119, "schools_nearby": 11, "stations_nearby": 1, "shops_nearby": 43, "bike_parking_nearby": 0, "bike_parking_capacity_nearby": 0.0, "bike_sharing_nearby": 4, "bike_sharing_capacity_nearby": 20.0, "flat_terrain": 1, "roi_car_trips_per_day": 1082.3626475964415, "roi_congestion_cost_yen_day": 378740.33764694683, "roi_operating_cost_yen_day": 52884.238961562136, "roi_emissions_kg_day": 281.41428837507482, "roi_shifted_trips_per_day": 216.47252951928832, "roi_congestion_savings_yen_day": 75748.067529389373, "roi_operating_savings_yen_day": 10576.847792312426, "roi_emissions_avoided_kg_day": 56.282857675014967, "roi_health_benefit_yen_day": 6494.1758855786493, "roi_parking_spaces_freed": 4.3294505903857665, "observed_commuters": 644.0, "observed_bicycle": 115.0, "observed_bicycle_share": 0.1789, "observed_rail_share": 0.5854, "observed_car_share": 0.0405 }, "geometry": { "type": "Polygon", "coordinates": [ [ [ 139.678100540110819, 35.725535021660711 ], [ 139.677533462865199, 35.727287578867781 ], [ 139.675548773451197, 35.72775827109713 ], [ 139.674131257938541, 35.726476425096862 ], [ 139.674698384689378, 35.724723920935539 ], [ 139.67668297745081, 35.724253209729021 ], [ 139.678100540110819, 35.725535021660711 ] ] ] } },
{ "type": "Feature", "properties": { "hex_id": "892f5a371d7ffff", "population": 2632.4010834702485, "production_score": 0.63992018322685307, "attraction_score": 0.1269956458635704, "potential_score": 0.3067663316361694, "stress_score": 2.0769230769230771, "infra_quality_score": 0.64102564102564097, "gap_score": -0.33425930938947157, "schools_nearby": 20, "stations_nearby": 3, "shops_nearby": 154, "bike_parking_nearby": 0, "bike_parking_capacity_nearby": 0.0, "bike_sharing_nearby": 3, "bike_sharing_capacity_nearby": 13.0, "flat_terrain": 0, "roi_car_trips_per_day": 1842.6807584291741, "roi_congestion_cost_yen_day": 644790.85098953662, "roi_operating_cost_yen_day": 90033.381856849446, "roi_emissions_kg_day": 479.09699719158527, "roi_shifted_trips_per_day": 368.53615168583485, "roi_congestion_savings_yen_day": 128958.17019790734, "roi_operating_savings_yen_day": 18006.676371369889, "roi_emissions_avoided_kg_day": 95.819399438317063, "roi_health_benefit_yen_day": 11056.084550575046, "roi_parking_spaces_freed": 7.3707230337166969, "observed_commuters": 992.0, "observed_bicycle": 82.0, "observed_bicycle_share": 0.083, "observed_rail_share": 0.6344, "observed_car_share": 0.0285 }, "geometry": { "type": "Polygon", "coordinates": [ [ [ 139.691707485572977, 35.706124312846889 ], [ 139.691140778586885, 35.707877094682665 ], [ 139.689156351701058, 35.708348277397889 ], [ 139.687738728417088, 35.707066697217606 ], [ 139.688305484924598, 35.705313968423688 ], [ 139.690289815197872, 35.7048427667685 ], [ 139.691707485572977, 35.706124312846889 ] ] ] } },
{ "type": "Feature", "properties": { "hex_id": "892f5aadb4bffff", "population": 2270.6532428833643, "production_score": 0.5519797005937398, "attraction_score": 0.26923076923076922, "potential_score": 0.32848418792980361, "stress_score": 2.0961538461538463, "infra_quality_score": 0.63461538461538458, "gap_score": -0.30613119668558098, "schools_nearby": 32, "stations_nearby": 5, "shops_nearby": 308, "bike_parking_nearby": 2, "bike_parking_capacity_nearby": 8.0, "bike_sharing_nearby": 2, "bike_sharing_capacity_nearby": 12.0, "flat_terrain": 0, "roi_car_trips_per_day": 1589.4572700183548, "roi_congestion_cost_yen_day": 556182.88792482275, "roi_operating_cost_yen_day": 77660.882213096818, "roi_emissions_kg_day": 413.25889020477229, "roi_shifted_trips_per_day": 317.89145400367102, "roi_congestion_savings_yen_day": 111236.57758496457, "roi_operating_savings_yen_day": 15532.176442619366, "roi_emissions_avoided_kg_day": 82.651778040954468, "roi_health_benefit_yen_day": 9536.74362011013, "roi_parking_spaces_freed": 6.3578290800734205, "observed_commuters": 902.0, "observed_bicycle": 60.0, "observed_bicycle_share": 0.0662, "observed_rail_share": 0.5613, "observed_car_share": 0.0336 }, "geometry": { "type": "Polygon", "coordinates": [ [ [ 139.724872805493135, 35.688531098102473 ], [ 139.724306775130202, 35.690284410403009 ], [ 139.722322197819182, 35.690756441167835 ], [ 139.720903747466252, 35.689475178498959 ], [ 139.72146982742953, 35.687721919222369 ], [ 139.723454308148547, 35.687249869591021 ], [ 139.724872805493135, 35.688531098102473 ] ] ] } },
{ "type": "Feature", "properties": { "hex_id": "892f5a374afffff", "population": 2646.4207715919679, "production_score": 0.64332835323220694, "attraction_score": 0.409288824383164, "potential_score": 0.62104687104614831, "stress_score": 2.0701754385964914, "infra_quality_score": 0.64327485380116944, "gap_score": -0.022227982755021136, "schools_nearby": 34, "stations_nearby": 9, "shops_nearby": 483, "bike_parking_nearby": 0, "bike_parking_capacity_nearby": 0.0, "bike_sharing_nearby": 1, "bike_sharing_capacity_nearby": 6.0, "flat_terrain": 1, "roi_car_trips_per_day": 1852.4945401143773, "roi_congestion_cost_yen_day": 648224.88947682292, "roi_operating_cost_yen_day": 90512.883229988467, "roi_emissions_kg_day": 481.6485804297381, "roi_shifted_trips_per_day": 370.49890802287547, "roi_congestion_savings_yen_day": 129644.97789536459, "roi_operating_savings_yen_day": 18102.576645997695, "roi_emissions_avoided_kg_day": 96.329716085947624, "roi_health_benefit_yen_day": 11114.967240686265, "roi_parking_spaces_freed": 7.4099781604575092, "observed_commuters": 1061.0, "observed_bicycle": 170.0, "observed_bicycle_share": 0.1602, "observed_rail_share": 0.484, "observed_car_share": 0.0323 }, "geometry": { "type": "Polygon", "coordinates": [ [ [ 139.717220771493771, 35.695206777453329 ], [ 139.71665456514134, 35.696959966048809 ], [ 139.714669952856696, 35.697431770647995 ], [ 139.713251643531237, 35.696150405536969 ], [ 139.713817899469291, 35.694397269968839 ], [ 139.715802415150421, 35.69392544648467 ], [ 139.717220771493771, 35.695206777453329 ] ] ] } },
{ "type": "Feature", "properties": { "hex_id": "892f5a3743bffff", "population": 1899.2658810521712, "production_score": 0.46169586146898456, "attraction_score": 0.22931785195936139, "potential_score": 0.27640548537133836, "stress_score": 2.1428571428571428, "infra_quality_score": 0.61904761904761907, "gap_score": -0.34264213367628071, "schools_nearby": 39, "stations_nearby": 6, "shops_nearby": 229, "bike_parking_nearby": 0, "bike_parking_capacity_nearby": 0.0, "bike_sharing_nearby": 3, "bike_sharing_capacity_nearby": 9.0, "flat_terrain": 0, "roi_car_trips_per_day": 1329.48611673652, "roi_congestion_cost_yen_day": 465213.78196844307, "roi_operating_cost_yen_day": 64958.691663746366, "roi_emissions_kg_day": 345.66639035149518, "roi_shifted_trips_per_day": 265.89722334730402, "roi_congestion_savings_yen_day": 93042.756393688629, "roi_operating_savings_yen_day": 12991.738332749273, "roi_emissions_avoided_kg_day": 69.133278070299042, "roi_health_benefit_yen_day": 7976.9167004191204, "roi_parking_spaces_freed": 5.3179444669460807, "observed_commuters": 806.0, "observed_bicycle": 66.0, "observed_bicycle_share": 0.0817, "observed_rail_share": 0.5047, "observed_car_share": 0.0262 }, "geometry": { "type": "Polygon", "coordinates": [ [ [ 139.718925325011185, 35.70127592032479 ], [ 139.718359100514817, 35.703029132457431 ], [ 139.716374294997649, 35.703500899286233 ], [ 139.714955810600657, 35.702219472867974 ], [ 139.715522084695976, 35.700466313759847 ], [ 139.717506793592605, 35.699994528045771 ], [ 139.718925325011185, 35.70127592032479 ] ] ] } },
{ "type": "Feature", "properties": { "hex_id": "892f5a375a7ffff", "population": 1077.8456867674468, "production_score": 0.26200956005861081, "attraction_score": 0.30841799709724238, "potential_score": 0.22817102286234131, "stress_score": 2.6071428571428572, "infra_quality_score": 0.4642857142857143, "gap_score": -0.23611469142337299, "schools_nearby": 19, "stations_nearby": 12, "shops_nearby": 380, "bike_parking_nearby": 3, "bike_parking_capacity_nearby": 12.0, "bike_sharing_nearby": 6, "bike_sharing_capacity_nearby": 56.0, "flat_terrain": 0, "roi_car_trips_per_day": 754.49198073721266, "roi_congestion_cost_yen_day": 264011.83389956545, "roi_operating_cost_yen_day": 36864.478178820209, "roi_emissions_kg_day": 196.1679149916753, "roi_shifted_trips_per_day": 150.89839614744253, "roi_congestion_savings_yen_day": 52802.366779913093, "roi_operating_savings_yen_day": 7372.8956357640418, "roi_emissions_avoided_kg_day": 39.233582998335059, "roi_health_benefit_yen_day": 4526.9518844232762, "roi_parking_spaces_freed": 3.0179679229488507, "observed_commuters": 390.0, "observed_bicycle": 49.0, "observed_bicycle_share": 0.1248, "observed_rail_share": 0.3866, "observed_car_share": 0.0237 }, "geometry": { "type": "Polygon", "coordinates": [ [ [ 139.692554406352912, 35.686504805648902 ], [ 139.691987862264256, 35.688257611206929 ], [ 139.690003941458883, 35.688729039372156 ], [ 139.688586661307767, 35.687447680906573 ], [ 139.689153254894421, 35.685694928395236 ], [ 139.691137079137405, 35.685223481303076 ], [ 139.692554406352912, 35.686504805648902 ] ] ] } },
{ "type": "Feature", "properties": { "hex_id": "892f5aadbcfffff", "population": 1681.8057910924365, "production_score": 0.40883156452259756, "attraction_score": 0.14078374455732948, "potential_score": 0.21984612363197084, "stress_score": 1.9, "infra_quality_score": 0.7, "gap_score": -0.48015387636802909, "schools_nearby": 15, "stations_nearby": 6, "shops_nearby": 179, "bike_parking_nearby": 1, "bike_parking_capacity_nearby": 4.0, "bike_sharing_nearby": 0, "bike_sharing_capacity_nearby": 0.0, "flat_terrain": 0, "roi_car_trips_per_day": 1177.2640537647055, "roi_congestion_cost_yen_day": 411948.23769334576, "roi_operating_cost_yen_day": 57521.121666943509, "roi_emissions_kg_day": 306.08865397882346, "roi_shifted_trips_per_day": 235.4528107529411, "roi_congestion_savings_yen_day": 82389.64753866916, "roi_operating_savings_yen_day": 11504.224333388702, "roi_emissions_avoided_kg_day": 61.217730795764687, "roi_health_benefit_yen_day": 7063.5843225882327, "roi_parking_spaces_freed": 4.7090562150588218, "observed_commuters": 662.0, "observed_bicycle": 83.0, "observed_bicycle_share": 0.1257, "observed_rail_share": 0.5435, "observed_car_share": 0.0451 }, "geometry": { "type": "Polygon", "coordinates": [ [ [ 139.725718257956913, 35.680236608829169 ], [ 139.725152304358033, 35.681989938711332 ], [ 139.723167931888554, 35.682462082577558 ], [ 139.721749609592337, 35.681180915421912 ], [ 139.722315612783149, 35.679427638565336 ], [ 139.724299888681458, 35.678955475839075 ], [ 139.725718257956913, 35.680236608829169 ] ] ] } },
{ "type": "Feature", "properties": { "hex_id": "892f5a37533ffff", "population": 380.3736894759225, "production_score": 0.092454922315952218, "attraction_score": 0.70754716981132071, "potential_score": 0.52000083685090925, "stress_score": 2.6904761904761907, "infra_quality_score": 0.4365079365079364, "gap_score": 0.083492900342972853, "schools_nearby": 35, "stations_nearby": 16, "shops_nearby": 870, "bike_parking_nearby": 6, "bike_parking_capacity_nearby": 24.0, "bike_sharing_nearby": 1, "bike_sharing_capacity_nearby": 10.0, "flat_terrain": 1, "roi_car_trips_per_day": 266.26158263314574, "roi_congestion_cost_yen_day": 93170.252994990355, "roi_operating_cost_yen_day": 13009.5409274555, "roi_emissions_kg_day": 69.228011484617895, "roi_shifted_trips_per_day": 53.252316526629151, "roi_congestion_savings_yen_day": 18634.050598998074, "roi_operating_savings_yen_day": 2601.9081854911001, "roi_emissions_avoided_kg_day": 13.84560229692358, "roi_health_benefit_yen_day": 1597.5694957988746, "roi_parking_spaces_freed": 1.065046330532583, "observed_commuters": 134.0, "observed_bicycle": 9.0, "observed_bicycle_share": 0.069, "observed_rail_share": 0.4411, "observed_car_share": 0.0321 }, "geometry": { "type": "Polygon", "coordinates": [ [ [ 139.694256225828497, 35.692573169402095 ], [ 139.693689663500692, 35.694325998535518 ], [ 139.691705549545077, 35.694797388846474 ], [ 139.690288094499863, 35.693515968951502 ], [ 139.690854706338939, 35.691763192861949 ], [ 139.692838723715141, 35.691291783623775 ], [ 139.694256225828497, 35.692573169402095 ] ] ] } },
{ "type": "Feature", "properties": { "hex_id": "892f5aadb5bffff", "population": 1499.7465551846294, "production_score": 0.36457317434790065, "attraction_score": 0.21552975326560231, "potential_score": 0.43204117104540118, "stress_score": 1.9722222222222223, "infra_quality_score": 0.67592592592592582, "gap_score": -0.24388475488052463, "schools_nearby": 20, "stations_nearby": 6, "shops_nearby": 267, "bike_parking_nearby": 0, "bike_parking_capacity_nearby": 0.0, "bike_sharing_nearby": 0, "bike_sharing_capacity_nearby": 0.0, "flat_terrain": 1, "roi_car_trips_per_day": 1049.8225886292405, "roi_congestion_cost_yen_day": 367353.92021314387, "roi_operating_cost_yen_day": 51294.331680424693, "roi_emissions_kg_day": 272.95387304360253, "roi_shifted_trips_per_day": 209.96451772584811, "roi_congestion_savings_yen_day": 73470.784042628773, "roi_operating_savings_yen_day": 10258.866336084939, "roi_emissions_avoided_kg_day": 54.590774608720508, "roi_health_benefit_yen_day": 6298.9355317754435, "roi_parking_spaces_freed": 4.199290354516962, "observed_commuters": 612.0, "observed_bicycle": 51.0, "observed_bicycle_share": 0.0835, "observed_rail_share": 0.5194, "observed_car_share": 0.0359 }, "geometry": { "type": "Polygon", "coordinates": [ [ [ 139.727423342831599, 35.686305638439016 ], [ 139.726857371130308, 35.688058991956815 ], [ 139.724872805493135, 35.688531098102473 ], [ 139.723454308148547, 35.687249869591021 ], [ 139.724020329455072, 35.685496569095996 ], [ 139.726004798504164, 35.685024444089962 ], [ 139.727423342831599, 35.686305638439016 ] ] ] } },
{ "type": "Feature", "properties": { "hex_id": "892f5a329a3ffff", "population": 1348.945245352224, "production_score": 0.32791354993424154, "attraction_score": 0.35994194484760522, "potential_score": 0.27514219791273875, "stress_score": 2.1428571428571428, "infra_quality_score": 0.61904761904761907, "gap_score": -0.34390542113488032, "schools_nearby": 14, "stations_nearby": 6, "shops_nearby": 484, "bike_parking_nearby": 4, "bike_parking_capacity_nearby": 16.0, "bike_sharing_nearby": 1, "bike_sharing_capacity_nearby": 15.0, "flat_terrain": 0, "roi_car_trips_per_day": 944.26167174655689, "roi_congestion_cost_yen_day": 330416.04417755519, "roi_operating_cost_yen_day": 46136.62528153677, "roi_emissions_kg_day": 245.50803465410479, "roi_shifted_trips_per_day": 188.85233434931138, "roi_congestion_savings_yen_day": 66083.208835511046, "roi_operating_savings_yen_day": 9227.3250563073543, "roi_emissions_avoided_kg_day": 49.101606930820957, "roi_health_benefit_yen_day": 5665.5700304793409, "roi_parking_spaces_freed": 3.7770466869862278, "observed_commuters": 590.0, "observed_bicycle": 30.0, "observed_bicycle_share": 0.051, "observed_rail_share": 0.5856, "observed_car_share": 0.0772 }, "geometry": { "type": "Polygon", "coordinates": [ [ [ 139.743598016778378, 35.698645772221745 ], [ 139.743032216547419, 35.700399373172452 ], [ 139.741047021438447, 35.700871648949168 ], [ 139.739627723195809, 35.699590342612126 ], [ 139.740193573098281, 35.697836794669598 ], [ 139.74217867157509, 35.697364500056217 ], [ 139.743598016778378, 35.698645772221745 ] ] ] } },
{ "type": "Feature", "properties": { "hex_id": "892f5a37007ffff", "population": 1681.7729669803125, "production_score": 0.40882358501881533, "attraction_score": 0.28882438316400583, "potential_score": 0.47905918727312852, "stress_score": 2.2340425531914891, "infra_quality_score": 0.58865248226950362, "gap_score": -0.1095932949963751, "schools_nearby": 48, "stations_nearby": 5, "shops_nearby": 287, "bike_parking_nearby": 3, "bike_parking_capacity_nearby": 12.0, "bike_sharing_nearby": 13, "bike_sharing_capacity_nearby": 124.0, "flat_terrain": 1, "roi_car_trips_per_day": 1177.2410768862187, "roi_congestion_cost_yen_day": 411940.19762402569, "roi_operating_cost_yen_day": 57519.999016660644, "roi_emissions_kg_day": 306.08267999041686, "roi_shifted_trips_per_day": 235.44821537724374, "roi_congestion_savings_yen_day": 82388.039524805135, "roi_operating_savings_yen_day": 11503.99980333213, "roi_emissions_avoided_kg_day": 61.216535998083373, "roi_health_benefit_yen_day": 7063.4464613173122, "roi_parking_spaces_freed": 4.7089643075448748, "observed_commuters": 604.0, "observed_bicycle": 38.0, "observed_bicycle_share": 0.0629, "observed_rail_share": 0.62, "observed_car_share": 0.011 }, "geometry": { "type": "Polygon", "coordinates": [ [ [ 139.703618090188598, 35.714624043687323 ], [ 139.70305151362399, 35.716377008077686 ], [ 139.701066638328996, 35.716848322397368 ], [ 139.699648436245326, 35.715566691249201 ], [ 139.700215062379385, 35.713813779890145 ], [ 139.70219984103079, 35.713342446648269 ], [ 139.703618090188598, 35.714624043687323 ] ] ] } },
{ "type": "Feature", "properties": { "hex_id": "892f5a37173ffff", "population": 1197.8440233384849, "production_score": 0.29118101721536288, "attraction_score": 0.083454281567489116, "potential_score": 0.14985411951314082, "stress_score": 2.0666666666666669, "infra_quality_score": 0.64444444444444438, "gap_score": -0.49459032493130356, "schools_nearby": 16, "stations_nearby": 3, "shops_nearby": 106, "bike_parking_nearby": 0, "bike_parking_capacity_nearby": 0.0, "bike_sharing_nearby": 1, "bike_sharing_capacity_nearby": 19.0, "flat_terrain": 0, "roi_car_trips_per_day": 838.49081633693936, "roi_congestion_cost_yen_day": 293404.70645262185, "roi_operating_cost_yen_day": 40968.661286222858, "roi_emissions_kg_day": 218.00761224760424, "roi_shifted_trips_per_day": 167.69816326738788, "roi_congestion_savings_yen_day": 58680.941290524373, "roi_operating_savings_yen_day": 8193.7322572445719, "roi_emissions_avoided_kg_day": 43.60152244952085, "roi_health_benefit_yen_day": 5030.9448980216366, "roi_parking_spaces_freed": 3.3539632653477578, "observed_commuters": 494.0, "observed_bicycle": 78.0, "observed_bicycle_share": 0.1576, "observed_rail_share": 0.6548, "observed_car_share": 0.0321 }, "geometry": { "type": "Polygon", "coordinates": [ [ [ 139.681502528835125, 35.715019470669745 ], [ 139.680935587225974, 35.716772087214942 ], [ 139.678951114153847, 35.717242968257708 ], [ 139.677533679321897, 35.715961251720138 ], [ 139.678100670432769, 35.714208688221305 ], [ 139.680085046877082, 35.713737788213962 ], [ 139.681502528835125, 35.715019470669745 ] ] ] } },
{ "type": "Feature", "properties": { "hex_id": "892f5a37543ffff", "population": 2674.5018194019749, "production_score": 0.6501548235526633, "attraction_score": 0.62336719883889691, "potential_score": 0.70940880895662417, "stress_score": 2.0810810810810811, "infra_quality_score": 0.63963963963963955, "gap_score": 0.069769169316984625, "schools_nearby": 48, "stations_nearby": 8, "shops_nearby": 739, "bike_parking_nearby": 0, "bike_parking_capacity_nearby": 0.0, "bike_sharing_nearby": 3, "bike_sharing_capacity_nearby": 43.0, "flat_terrain": 1, "roi_car_trips_per_day": 1872.1512735813826, "roi_congestion_cost_yen_day": 655103.17365159746, "roi_operating_cost_yen_day": 91473.31122718635, "roi_emissions_kg_day": 486.75933113115951, "roi_shifted_trips_per_day": 374.43025471627652, "roi_congestion_savings_yen_day": 131020.63473031949, "roi_operating_savings_yen_day": 18294.66224543727, "roi_emissions_avoided_kg_day": 97.351866226231905, "roi_health_benefit_yen_day": 11232.907641488295, "roi_parking_spaces_freed": 7.4886050943255302, "observed_commuters": 682.0, "observed_bicycle": 82.0, "observed_bicycle_share": 0.1199, "observed_rail_share": 0.4886, "observed_car_share": 0.0249 }, "geometry": { "type": "Polygon", "coordinates": [ [ [ 139.706165338835007, 35.701071570999218 ], [ 139.705598906915185, 35.70282458277908 ], [ 139.703614344729658, 35.703296104679765 ], [ 139.702196311077586, 35.70201463371037 ], [ 139.702762792556683, 35.700261674963834 ], [ 139.704747258131874, 35.699790134153666 ], [ 139.706165338835007, 35.701071570999218 ] ] ] } },
{ "type": "Feature", "properties": { "hex_id": "892f5a3708bffff", "population": 2716.3639924453705, "production_score": 0.66033146951559318, "attraction_score": 0.30624092888243831, "potential_score": 0.3866289593592126, "stress_score": 2.4054054054054053, "infra_quality_score": 0.53153153153153165, "gap_score": -0.14490257217231906, "schools_nearby": 46, "stations_nearby": 6, "shops_nearby": 314, "bike_parking_nearby": 0, "bike_parking_capacity_nearby": 0.0, "bike_sharing_nearby": 2, "bike_sharing_capacity_nearby": 16.0, "flat_terrain": 0, "roi_car_trips_per_day": 1901.4547947117596, "roi_congestion_cost_yen_day": 665357.06176553899, "roi_operating_cost_yen_day": 92905.081269616581, "roi_emissions_kg_day": 494.3782466250575, "roi_shifted_trips_per_day": 380.29095894235195, "roi_congestion_savings_yen_day": 133071.41235310779, "roi_operating_savings_yen_day": 18581.016253923317, "roi_emissions_avoided_kg_day": 98.875649325011508, "roi_health_benefit_yen_day": 11408.728768270559, "roi_parking_spaces_freed": 7.6058191788470388, "observed_commuters": 1088.0, "observed_bicycle": 64.0, "observed_bicycle_share": 0.0584, "observed_rail_share": 0.593, "observed_car_share": 0.0228 }, "geometry": { "type": "Polygon", "coordinates": [ [ [ 139.712124101347541, 35.710985120785999 ], [ 139.711557691732963, 35.712738220819055 ], [ 139.709572754650424, 35.71320974250672 ], [ 139.708154323826221, 35.71192818306551 ], [ 139.708720783031652, 35.710175136058965 ], [ 139.710705623473615, 35.709703595467396 ], [ 139.712124101347541, 35.710985120785999 ] ] ] } },
{ "type": "Feature", "properties": { "hex_id": "892f5aadb6bffff", "population": 2496.4477953250835, "production_score": 0.60687009575252859, "attraction_score": 0.44992743105950656, "potential_score": 0.62271901072481417, "stress_score": 2.5476190476190474, "infra_quality_score": 0.48412698412698418, "gap_score": 0.13859202659782999, "schools_nearby": 27, "stations_nearby": 6, "shops_nearby": 569, "bike_parking_nearby": 0, "bike_parking_capacity_nearby": 0.0, "bike_sharing_nearby": 8, "bike_sharing_capacity_nearby": 54.0, "flat_terrain": 1, "roi_car_trips_per_day": 1747.5134567275584, "roi_congestion_cost_yen_day": 611489.90877810726, "roi_operating_cost_yen_day": 85383.507495708502, "roi_emissions_kg_day": 454.35349874916517, "roi_shifted_trips_per_day": 349.50269134551172, "roi_congestion_savings_yen_day": 122297.98175562147, "roi_operating_savings_yen_day": 17076.701499141702, "roi_emissions_avoided_kg_day": 90.870699749833051, "roi_health_benefit_yen_day": 10485.080740365353, "roi_parking_spaces_freed": 6.9900538269102341, "observed_commuters": 905.0, "observed_bicycle": 85.0, "observed_bicycle_share": 0.0935, "observed_rail_share": 0.5251, "observed_car_share": 0.0197 }, "geometry": { "type": "Polygon", "coordinates": [ [ [ 139.715516531814046, 35.689137804349855 ], [ 139.714950343609445, 35.690890969371566 ], [ 139.71296592452336, 35.691362811740554 ], [ 139.711547790231549, 35.69008150797282 ], [ 139.712114028008415, 35.688328395981294 ], [ 139.714098350508038, 35.687856534727615 ], [ 139.715516531814046, 35.689137804349855 ] ] ] } },
{ "type": "Feature", "properties": { "hex_id": "892f5a374cfffff", "population": 2097.5947638548951, "production_score": 0.50990938403061747, "attraction_score": 0.36139332365747462, "potential_score": 0.54852108307523695, "stress_score": 1.9803921568627452, "infra_quality_score": 0.67320261437908502, "gap_score": -0.12468153130384807, "schools_nearby": 28, "stations_nearby": 4, "shops_nearby": 450, "bike_parking_nearby": 1, "bike_parking_capacity_nearby": 4.0, "bike_sharing_nearby": 0, "bike_sharing_capacity_nearby": 0.0, "flat_terrain": 1, "roi_car_trips_per_day": 1468.3163346984265, "roi_congestion_cost_yen_day": 513793.25183767342, "roi_operating_cost_yen_day": 71741.936113365125, "roi_emissions_kg_day": 381.76224702159089, "roi_shifted_trips_per_day": 293.66326693968534, "roi_congestion_savings_yen_day": 102758.6503675347, "roi_operating_savings_yen_day": 14348.387222673025, "roi_emissions_avoided_kg_day": 76.352449404318193, "roi_health_benefit_yen_day": 8809.8980081905611, "roi_parking_spaces_freed": 5.8732653387937068, "observed_commuters": 887.0, "observed_bicycle": 87.0, "observed_bicycle_share": 0.0985, "observed_rail_share": 0.5754, "observed_car_share": 0.045 }, "geometry": { "type": "Polygon", "coordinates": [ [ [ 139.731687428767572, 35.701478955531485 ], [ 139.731121411827388, 35.703232367978067 ], [ 139.729136363122137, 35.703704379819968 ], [ 139.727717427990939, 35.702422998076621 ], [ 139.728283494569638, 35.700669638645692 ], [ 139.73026844664426, 35.700197607942741 ], [ 139.731687428767572, 35.701478955531485 ] ] ] } },
{ "type": "Feature", "properties": { "hex_id": "892f5a37017ffff", "population": 951.69223788149532, "production_score": 0.23134180220036366, "attraction_score": 0.30624092888243831, "potential_score": 0.2150330924331208, "stress_score": 2.7872340425531914, "infra_quality_score": 0.4042553191489362, "gap_score": -0.1892222267158154, "schools_nearby": 56, "stations_nearby": 6, "shops_nearby": 284, "bike_parking_nearby": 5, "bike_parking_capacity_nearby": 20.0, "bike_sharing_nearby": 9, "bike_sharing_capacity_nearby": 94.0, "flat_terrain": 0, "roi_car_trips_per_day": 666.18456651704673, "roi_congestion_cost_yen_day": 233111.30351564501, "roi_operating_cost_yen_day": 32549.777920022902, "roi_emissions_kg_day": 173.20798729443214, "roi_shifted_trips_per_day": 133.23691330340935, "roi_congestion_savings_yen_day": 46622.260703129003, "roi_operating_savings_yen_day": 6509.9555840045805, "roi_emissions_avoided_kg_day": 34.64159745888643, "roi_health_benefit_yen_day": 3997.1073991022804, "roi_parking_spaces_freed": 2.6647382660681873, "observed_commuters": 343.0, "observed_bicycle": 15.0, "observed_bicycle_share": 0.0427, "observed_rail_share": 0.5835, "observed_car_share": 0.0107 }, "geometry": { "type": "Polygon", "coordinates": [ [ [ 139.706169471758557, 35.712399648236975 ], [ 139.705602953873921, 35.714152653939848 ], [ 139.703618090188598, 35.714624043687323 ], [ 139.70219984103079, 35.713342446648269 ], [ 139.702766408489822, 35.711589493975538 ], [ 139.704751175535421, 35.711118085312009 ], [ 139.706169471758557, 35.712399648236975 ] ] ] } },
{ "type": "Feature", "properties": { "hex_id": "892f5a3745bffff", "population": 3134.0854409410863, "production_score": 0.76187907164452295, "attraction_score": 0.27140783744557329, "potential_score": 0.61331476363603854, "stress_score": 2.42, "infra_quality_score": 0.52666666666666662, "gap_score": 0.086648096969371924, "schools_nearby": 20, "stations_nearby": 3, "shops_nearby": 353, "bike_parking_nearby": 3, "bike_parking_capacity_nearby": 12.0, "bike_sharing_nearby": 5, "bike_sharing_capacity_nearby": 33.0, "flat_terrain": 1, "roi_car_trips_per_day": 2193.8598086587604, "roi_congestion_cost_yen_day": 767675.42424587347, "roi_operating_cost_yen_day": 107191.99025106704, "roi_emissions_kg_day": 570.40355025127769, "roi_shifted_trips_per_day": 438.77196173175207, "roi_congestion_savings_yen_day": 153535.08484917469, "roi_operating_savings_yen_day": 21438.398050213407, "roi_emissions_avoided_kg_day": 114.08071005025555, "roi_health_benefit_yen_day": 13163.158851952561, "roi_parking_spaces_freed": 8.7754392346350425, "observed_commuters": 1400.0, "observed_bicycle": 92.0, "observed_bicycle_share": 0.0655, "observed_rail_share": 0.612, "observed_car_share": 0.02 }, "geometry": { "type": "Polygon", "coordinates": [ [ [ 139.733393612861363, 35.707548579214048 ], [ 139.732827577832552, 35.709302015167999 ], [ 139.730842335840634, 35.70977398928742 ], [ 139.729423225528308, 35.70849254631446 ], [ 139.729989310208992, 35.706739163373278 ], [ 139.731974455553342, 35.706267170392529 ], [ 139.733393612861363, 35.707548579214048 ] ] ] } },
{ "type": "Feature", "properties": { "hex_id": "892f5a375c7ffff", "population": 464.22383684710707, "production_score": 0.11283879638888844, "attraction_score": 0.96734397677793904, "potential_score": 0.63207310926673099, "stress_score": 2.4827586206896552, "infra_quality_score": 0.50574712643678166, "gap_score": 0.12632598282994933, "schools_nearby": 39, "stations_nearby": 20, "shops_nearby": 1204, "bike_parking_nearby": 15, "bike_parking_capacity_nearby": 507.0, "bike_sharing_nearby": 4, "bike_sharing_capacity_nearby": 103.0, "flat_terrain": 1, "roi_car_trips_per_day": 324.95668579297495, "roi_congestion_cost_yen_day": 113708.8434926778, "roi_operating_cost_yen_day": 15877.383667844755, "roi_emissions_kg_day": 84.488738306173488, "roi_shifted_trips_per_day": 64.991337158594987, "roi_congestion_savings_yen_day": 22741.768698535558, "roi_operating_savings_yen_day": 3175.4767335689512, "roi_emissions_avoided_kg_day": 16.897747661234696, "roi_health_benefit_yen_day": 1949.7401147578496, "roi_parking_spaces_freed": 1.2998267431718997, "observed_commuters": 109.0, "observed_bicycle": 5.0, "observed_bicycle_share": 0.0457, "observed_rail_share": 0.3585, "observed_car_share": 0.0076 }, "geometry": { "type": "Polygon", "coordinates": [ [ [ 139.707012813923825, 35.692778075096101 ], [ 139.706446458849257, 35.694531104601872 ], [ 139.704462101482449, 35.695002739710674 ], [ 139.703044195782894, 35.693721364217005 ], [ 139.703610600408354, 35.691968387746265 ], [ 139.705594861185659, 35.691496733734439 ], [ 139.707012813923825, 35.692778075096101 ] ] ] } },
{ "type": "Feature", "properties": { "hex_id": "892f5a37553ffff", "population": 2834.6755556351454, "production_score": 0.68909287400969399, "attraction_score": 0.73512336719883886, "potential_score": 0.76968649648341314, "stress_score": 2.2121212121212119, "infra_quality_score": 0.59595959595959602, "gap_score": 0.17372690052381712, "schools_nearby": 41, "stations_nearby": 12, "shops_nearby": 902, "bike_parking_nearby": 3, "bike_parking_capacity_nearby": 12.0, "bike_sharing_nearby": 4, "bike_sharing_capacity_nearby": 19.0, "flat_terrain": 1, "roi_car_trips_per_day": 1984.2728889446016, "roi_congestion_cost_yen_day": 694336.76929949503, "roi_operating_cost_yen_day": 96951.573353833228, "roi_emissions_kg_day": 515.9109511255964, "roi_shifted_trips_per_day": 396.85457778892032, "roi_congestion_savings_yen_day": 138867.35385989901, "roi_operating_savings_yen_day": 19390.314670766646, "roi_emissions_avoided_kg_day": 103.18219022511929, "roi_health_benefit_yen_day": 11905.63733366761, "roi_parking_spaces_freed": 7.937091555778407, "observed_commuters": 736.0, "observed_bicycle": 72.0, "observed_bicycle_share": 0.0982, "observed_rail_share": 0.5084, "observed_car_share": 0.0242 }, "geometry": { "type": "Polygon", "coordinates": [ [ [ 139.708716262664893, 35.698846920645423 ], [ 139.708149889406428, 35.700599973696889 ], [ 139.706165338835007, 35.701071570999218 ], [ 139.704747258131874, 35.699790134153666 ], [ 139.705313680954504, 35.698037134134395 ], [ 139.70729813491937, 35.697565517928737 ], [ 139.708716262664893, 35.698846920645423 ] ] ] } },
{ "type": "Feature", "properties": { "hex_id": "892f5a3709bffff", "population": 2523.558804824213, "production_score": 0.61346075087891827, "attraction_score": 0.31712626995645865, "potential_score": 0.57223480833415086, "stress_score": 2.2702702702702702, "infra_quality_score": 0.57657657657657668, "gap_score": -0.0043417682424258253, "schools_nearby": 44, "stations_nearby": 8, "shops_nearby": 329, "bike_parking_nearby": 2, "bike_parking_capacity_nearby": 8.0, "bike_sharing_nearby": 1, "bike_sharing_capacity_nearby": 13.0, "flat_terrain": 1, "roi_car_trips_per_day": 1766.4911633769493, "roi_congestion_cost_yen_day": 618130.58788886212, "roi_operating_cost_yen_day": 86310.758242597745, "roi_emissions_kg_day": 459.28770247800685, "roi_shifted_trips_per_day": 353.2982326753899, "roi_congestion_savings_yen_day": 123626.11757777244, "roi_operating_savings_yen_day": 17262.15164851955, "roi_emissions_avoided_kg_day": 91.85754049560137, "roi_health_benefit_yen_day": 10598.946980261697, "roi_parking_spaces_freed": 7.0659646535077982, "observed_commuters": 1086.0, "observed_bicycle": 81.0, "observed_bicycle_share": 0.0742, "observed_rail_share": 0.5381, "observed_car_share": 0.0193 }, "geometry": { "type": "Polygon", "coordinates": [ [ [ 139.714675377723836, 35.70876038234919 ], [ 139.714109026792613, 35.710513523675893 ], [ 139.712124101347541, 35.710985120785999 ], [ 139.710705623473615, 35.709703595467396 ], [ 139.711272024000664, 35.707950507166039 ], [ 139.713256852809025, 35.70747889115821 ], [ 139.714675377723836, 35.70876038234919 ] ] ] } },
{ "type": "Feature", "properties": { "hex_id": "892f5aadb7bffff", "population": 2104.1099857030995, "production_score": 0.51149322694413257, "attraction_score": 0.30841799709724238, "potential_score": 0.52796448961655007, "stress_score": 2.5396825396825395, "infra_quality_score": 0.48677248677248686, "gap_score": 0.041192002844063214, "schools_nearby": 27, "stations_nearby": 6, "shops_nearby": 374, "bike_parking_nearby": 1, "bike_parking_capacity_nearby": 4.0, "bike_sharing_nearby": 6, "bike_sharing_capacity_nearby": 69.0, "flat_terrain": 1, "roi_car_trips_per_day": 1472.8769899921699, "roi_congestion_cost_yen_day": 515389.11633806012, "roi_operating_cost_yen_day": 71964.769731017426, "roi_emissions_kg_day": 382.94801739796418, "roi_shifted_trips_per_day": 294.57539799843397, "roi_congestion_savings_yen_day": 103077.82326761202, "roi_operating_savings_yen_day": 14392.953946203485, "roi_emissions_avoided_kg_day": 76.589603479592839, "roi_health_benefit_yen_day": 8837.2619399530195, "roi_parking_spaces_freed": 5.8915079599686795, "observed_commuters": 830.0, "observed_bicycle": 80.0, "observed_bicycle_share": 0.0957, "observed_rail_share": 0.5407, "observed_car_share": 0.0299 }, "geometry": { "type": "Polygon", "coordinates": [ [ [ 139.718067068809972, 35.68691268035063 ], [ 139.717500939257945, 35.688665886600774 ], [ 139.715516531814046, 35.689137804349855 ], [ 139.714098350508038, 35.687856534727615 ], [ 139.71466452963719, 35.68610338150652 ], [ 139.716648840498465, 35.685631444878908 ], [ 139.718067068809972, 35.68691268035063 ] ] ] } },
{ "type": "Feature", "properties": { "hex_id": "892f5a37027ffff", "population": 3153.413239083874, "production_score": 0.76657763707107707, "attraction_score": 0.16981132075471697, "potential_score": 0.57455558313031763, "stress_score": 2.1632653061224492, "infra_quality_score": 0.61224489795918369, "gap_score": -0.037689314828866061, "schools_nearby": 29, "stations_nearby": 3, "shops_nearby": 186, "bike_parking_nearby": 1, "bike_parking_capacity_nearby": 4.0, "bike_sharing_nearby": 4, "bike_sharing_capacity_nearby": 25.0, "flat_terrain": 1, "roi_car_trips_per_day": 2207.389267358712, "roi_congestion_cost_yen_day": 772409.65243416058, "roi_operating_cost_yen_day": 107853.03960314667, "roi_emissions_kg_day": 573.92120951326513, "roi_shifted_trips_per_day": 441.47785347174243, "roi_congestion_savings_yen_day": 154481.93048683213, "roi_operating_savings_yen_day": 21570.607920629336, "roi_emissions_avoided_kg_day": 114.78424190265304, "roi_health_benefit_yen_day": 13244.335604152273, "roi_parking_spaces_freed": 8.8295570694348484, "observed_commuters": 1184.0, "observed_bicycle": 117.0, "observed_bicycle_share": 0.0987, "observed_rail_share": 0.6922, "observed_car_share": 0.0227 }, "geometry": { "type": "Polygon", "coordinates": [ [ [ 139.694260873326385, 35.715227515772952 ], [ 139.693694138963565, 35.716980332774455 ], [ 139.691709422189064, 35.717451458668933 ], [ 139.690291536418641, 35.716169786502583 ], [ 139.690858320322832, 35.714417022538662 ], [ 139.692842940459315, 35.713945877703793 ], [ 139.694260873326385, 35.715227515772952 ] ] ] } },
{ "type": "Feature", "properties": { "hex_id": "892f5aadb07ffff", "population": 226.08381514479083, "production_score": 0.054947231898037199, "attraction_score": 0.011611030478955007, "potential_score": 0.22662330495079691, "stress_score": 3.0, "infra_quality_score": 0.33333333333333337, "gap_score": -0.10671002838253646, "schools_nearby": 6, "stations_nearby": 2, "shops_nearby": 40, "bike_parking_nearby": 0, "bike_parking_capacity_nearby": 0.0, "bike_sharing_nearby": 1, "bike_sharing_capacity_nearby": 5.0, "flat_terrain": 1, "roi_car_trips_per_day": 158.25867060135357, "roi_congestion_cost_yen_day": 55377.874016825641, "roi_operating_cost_yen_day": 7732.5186455821358, "roi_emissions_kg_day": 41.14725435635193, "roi_shifted_trips_per_day": 31.651734120270717, "roi_congestion_savings_yen_day": 11075.574803365131, "roi_operating_savings_yen_day": 1546.5037291164272, "roi_emissions_avoided_kg_day": 8.2294508712703873, "roi_health_benefit_yen_day": 949.55202360812154, "roi_parking_spaces_freed": 0.63303468240541438, "observed_commuters": 102.0, "observed_bicycle": 10.0, "observed_bicycle_share": 0.0959, "observed_rail_share": 0.5118, "observed_car_share": 0.0748 }, "geometry": { "type": "Polygon", "coordinates": [ [ [ 139.715510980618518, 35.677809518145594 ], [ 139.714944878278629, 35.679562688943257 ], [ 139.712960760557195, 35.68003466332749 ], [ 139.711542841736076, 35.678753485792434 ], [ 139.712108993633166, 35.677000368028082 ], [ 139.714093014797413, 35.676528374765773 ], [ 139.715510980618518, 35.677809518145594 ] ] ] } },
{ "type": "Feature", "properties": { "hex_id": "892f5a3746bffff", "population": 2678.2550256675995, "production_score": 0.6510672236650874, "attraction_score": 0.17706821480406387, "potential_score": 0.33125417538766055, "stress_score": 2.25, "infra_quality_score": 0.58333333333333326, "gap_score": -0.2520791579456727, "schools_nearby": 28, "stations_nearby": 4, "shops_nearby": 196, "bike_parking_nearby": 0, "bike_parking_capacity_nearby": 0.0, "bike_sharing_nearby": 1, "bike_sharing_capacity_nearby": 9.0, "flat_terrain": 0, "roi_car_trips_per_day": 1874.7785179673199, "roi_congestion_cost_yen_day": 656022.49900712457, "roi_operating_cost_yen_day": 91601.67838788325, "roi_emissions_kg_day": 487.44241467150317, "roi_shifted_trips_per_day": 374.95570359346402, "roi_congestion_savings_yen_day": 131204.49980142494, "roi_operating_savings_yen_day": 18320.335677576652, "roi_emissions_avoided_kg_day": 97.488482934300649, "roi_health_benefit_yen_day": 11248.671107803921, "roi_parking_spaces_freed": 7.4991140718692808, "observed_commuters": 1022.0, "observed_bicycle": 92.0, "observed_bicycle_share": 0.0896, "observed_rail_share": 0.4941, "observed_car_share": 0.0201 }, "geometry": { "type": "Polygon", "coordinates": [ [ [ 139.721482743916084, 35.710379952629076 ], [ 139.720916492211103, 35.71213319999876 ], [ 139.718931396781443, 35.71260491017096 ], [ 139.717512649706009, 35.711323391859416 ], [ 139.718078951029923, 35.709570197509933 ], [ 139.72006394981355, 35.709098468452069 ], [ 139.721482743916084, 35.710379952629076 ] ] ] } },
{ "type": "Feature", "properties": { "hex_id": "892f5a375d7ffff", "population": 798.90985556247745, "production_score": 0.19420058135112878, "attraction_score": 0.81277213352685052, "potential_score": 0.60278908595119174, "stress_score": 2.8780487804878048, "infra_quality_score": 0.37398373983739841, "gap_score": 0.22880534611379333, "schools_nearby": 32, "stations_nearby": 18, "shops_nearby": 1018, "bike_parking_nearby": 7, "bike_parking_capacity_nearby": 28.0, "bike_sharing_nearby": 1, "bike_sharing_capacity_nearby": 37.0, "flat_terrain": 1, "roi_car_trips_per_day": 559.23689889373418, "roi_congestion_cost_yen_day": 195688.17566089547, "roi_operating_cost_yen_day": 27324.314879947851, "roi_emissions_kg_day": 145.4015937123709, "roi_shifted_trips_per_day": 111.84737977874684, "roi_congestion_savings_yen_day": 39137.635132179093, "roi_operating_savings_yen_day": 5464.8629759895703, "roi_emissions_avoided_kg_day": 29.08031874247418, "roi_health_benefit_yen_day": 3355.4213933624051, "roi_parking_spaces_freed": 2.2369475955749367, "observed_commuters": 203.0, "observed_bicycle": 12.0, "observed_bicycle_share": 0.0601, "observed_rail_share": 0.3689, "observed_car_share": 0.0103 }, "geometry": { "type": "Polygon", "coordinates": [ [ [ 139.709563456101563, 35.690553293848737 ], [ 139.708997159676244, 35.692306364601805 ], [ 139.707012813923825, 35.692778075096101 ], [ 139.705594861185659, 35.691496733734439 ], [ 139.706161207166787, 35.689743716015236 ], [ 139.708145456333483, 35.689271986624128 ], [ 139.709563456101563, 35.690553293848737 ] ] ] } },
{ "type": "Feature", "properties": { "hex_id": "892f5a37563ffff", "population": 2514.6270717618218, "production_score": 0.61128945687759817, "attraction_score": 0.42743105950653121, "potential_score": 0.61548820655365177, "stress_score": 2.2127659574468086, "infra_quality_score": 0.5957446808510638, "gap_score": 0.019743525702587972, "schools_nearby": 40, "stations_nearby": 5, "shops_nearby": 502, "bike_parking_nearby": 2, "bike_parking_capacity_nearby": 8.0, "bike_sharing_nearby": 4, "bike_sharing_capacity_nearby": 60.0, "flat_terrain": 1, "roi_car_trips_per_day": 1760.2389502332751, "roi_congestion_cost_yen_day": 615942.81346562761, "roi_operating_cost_yen_day": 86005.275108397822, "roi_emissions_kg_day": 457.66212706065153, "roi_shifted_trips_per_day": 352.04779004665505, "roi_congestion_savings_yen_day": 123188.56269312554, "roi_operating_savings_yen_day": 17201.055021679567, "roi_emissions_avoided_kg_day": 91.532425412130323, "roi_health_benefit_yen_day": 10561.433701399652, "roi_parking_spaces_freed": 7.0409558009331015, "observed_commuters": 689.0, "observed_bicycle": 68.0, "observed_bicycle_share": 0.0986, "observed_rail_share": 0.5554, "observed_car_share": 0.0272 }, "geometry": { "type": "Polygon", "coordinates": [ [ [ 139.696809542648452, 35.701676033630569 ], [ 139.696242952969243, 35.703428898058462 ], [ 139.694258549224514, 35.7039002315869 ], [ 139.692840831767029, 35.702618719615394 ], [ 139.693407470977434, 35.700865908227094 ], [ 139.695391778117283, 35.700394555771005 ], [ 139.696809542648452, 35.701676033630569 ] ] ] } },
{ "type": "Feature", "properties": { "hex_id": "892f5a370abffff", "population": 2313.6430763816629, "production_score": 0.56243047951207181, "attraction_score": 0.29317851959361391, "potential_score": 0.54224359964227431, "stress_score": 2.3030303030303032, "infra_quality_score": 0.56565656565656552, "gap_score": -0.023412966014291214, "schools_nearby": 56, "stations_nearby": 5, "shops_nearby": 269, "bike_parking_nearby": 2, "bike_parking_capacity_nearby": 8.0, "bike_sharing_nearby": 6, "bike_sharing_capacity_nearby": 62.0, "flat_terrain": 1, "roi_car_trips_per_day": 1619.5501534671639, "roi_congestion_cost_yen_day": 566712.98970123008, "roi_operating_cost_yen_day": 79131.22049840563, "roi_emissions_kg_day": 421.08303990146266, "roi_shifted_trips_per_day": 323.91003069343282, "roi_congestion_savings_yen_day": 113342.59794024602, "roi_operating_savings_yen_day": 15826.244099681127, "roi_emissions_avoided_kg_day": 84.216607980292537, "roi_health_benefit_yen_day": 9717.3009208029853, "roi_parking_spaces_freed": 6.4782006138686565, "observed_commuters": 861.0, "observed_bicycle": 50.0, "observed_bicycle_share": 0.0578, "observed_rail_share": 0.6215, "observed_car_share": 0.0148 }, "geometry": { "type": "Polygon", "coordinates": [ [ [ 139.702766408489822, 35.711589493975538 ], [ 139.70219984103079, 35.713342446648269 ], [ 139.700215062379385, 35.713813779890145 ], [ 139.698796947825173, 35.712532179381682 ], [ 139.699363564847005, 35.710779279741715 ], [ 139.701348246863347, 35.710307927577745 ], [ 139.702766408489822, 35.711589493975538 ] ] ] } },
{ "type": "Feature", "properties": { "hex_id": "892f5a37037ffff", "population": 1589.1157227093638, "production_score": 0.38629871585187847, "attraction_score": 0.24165457184325109, "potential_score": 0.25118131507805186, "stress_score": 2.0357142857142856, "infra_quality_score": 0.65476190476190488, "gap_score": -0.40358058968385302, "schools_nearby": 41, "stations_nearby": 6, "shops_nearby": 240, "bike_parking_nearby": 0, "bike_parking_capacity_nearby": 0.0, "bike_sharing_nearby": 2, "bike_sharing_capacity_nearby": 14.0, "flat_terrain": 0, "roi_car_trips_per_day": 1112.3810058965546, "roi_congestion_cost_yen_day": 389244.3615833224, "roi_operating_cost_yen_day": 54350.93594810566, "roi_emissions_kg_day": 289.2190615331042, "roi_shifted_trips_per_day": 222.47620117931092, "roi_congestion_savings_yen_day": 77848.872316664478, "roi_operating_savings_yen_day": 10870.187189621131, "roi_emissions_avoided_kg_day": 57.843812306620841, "roi_health_benefit_yen_day": 6674.2860353793276, "roi_parking_spaces_freed": 4.4495240235862186, "observed_commuters": 569.0, "observed_bicycle": 60.0, "observed_bicycle_share": 0.106, "observed_rail_share": 0.6244, "observed_car_share": 0.0176 }, "geometry": { "type": "Polygon", "coordinates": [ [ [ 139.696812254214763, 35.713003456126309 ], [ 139.696245578522849, 35.714756314451492 ], [ 139.694260873326385, 35.715227515772952 ], [ 139.692842940459315, 35.713945877703793 ], [ 139.693409665697516, 35.712193072415054 ], [ 139.695394274259712, 35.711721852159343 ], [ 139.696812254214763, 35.713003456126309 ] ] ] } },
{ "type": "Feature", "properties": { "hex_id": "892f5aadb17ffff", "population": 48.186182577834046, "production_score": 0.011700522693510559, "attraction_score": 0.0072568940493468797, "potential_score": 0.20758296669714299, "stress_score": 2.5833333333333335, "infra_quality_score": 0.47222222222222221, "gap_score": -0.26463925552507922, "schools_nearby": 6, "stations_nearby": 2, "shops_nearby": 34, "bike_parking_nearby": 0, "bike_parking_capacity_nearby": 0.0, "bike_sharing_nearby": 0, "bike_sharing_capacity_nearby": 0.0, "flat_terrain": 1, "roi_car_trips_per_day": 33.730327804483828, "roi_congestion_cost_yen_day": 11802.916305344981, "roi_operating_cost_yen_day": 1648.0638165270798, "roi_emissions_kg_day": 8.769885229165796, "roi_shifted_trips_per_day": 6.7460655608967661, "roi_congestion_savings_yen_day": 2360.5832610689963, "roi_operating_savings_yen_day": 329.61276330541597, "roi_emissions_avoided_kg_day": 1.7539770458331592, "roi_health_benefit_yen_day": 202.38196682690298, "roi_parking_spaces_freed": 0.13492131121793532, "observed_commuters": 16.0, "observed_bicycle": 2.0, "observed_bicycle_share": 0.1051, "observed_rail_share": 0.4799, "observed_car_share": 0.0884 }, "geometry": { "type": "Polygon", "coordinates": [ [ [ 139.71806113040634, 35.675584256409586 ], [ 139.717495086701263, 35.677337468403607 ], [ 139.715510980618518, 35.677809518145594 ], [ 139.714093014797413, 35.676528374765773 ], [ 139.714659108064637, 35.674775215803905 ], [ 139.716643117594032, 35.674303147190003 ], [ 139.71806113040634, 35.675584256409586 ] ] ] } },
{ "type": "Feature", "properties": { "hex_id": "892f5a3747bffff", "population": 1681.8741452745974, "production_score": 0.40884818134540835, "attraction_score": 0.18142235123367198, "potential_score": 0.43610821303163216, "stress_score": 2.3958333333333335, "infra_quality_score": 0.5347222222222221, "gap_score": -0.098614009190589935, "schools_nearby": 21, "stations_nearby": 3, "shops_nearby": 226, "bike_parking_nearby": 2, "bike_parking_capacity_nearby": 18.0, "bike_sharing_nearby": 3, "bike_sharing_capacity_nearby": 19.0, "flat_terrain": 1, "roi_car_trips_per_day": 1177.311901692218, "roi_congestion_cost_yen_day": 411964.98064014094, "roi_operating_cost_yen_day": 57523.459516681774, "roi_emissions_kg_day": 306.10109443997669, "roi_shifted_trips_per_day": 235.46238033844361, "roi_congestion_savings_yen_day": 82392.996128028186, "roi_operating_savings_yen_day": 11504.691903336354, "roi_emissions_avoided_kg_day": 61.220218887995337, "roi_health_benefit_yen_day": 7063.8714101533078, "roi_parking_spaces_freed": 4.709247606768872, "observed_commuters": 725.0, "observed_bicycle": 64.0, "observed_bicycle_share": 0.0885, "observed_rail_share": 0.5336, "observed_car_share": 0.0155 }, "geometry": { "type": "Polygon", "coordinates": [ [ [ 139.72403402068926, 35.708154878381464 ], [ 139.723467827676615, 35.709908167033667 ], [ 139.721482743916084, 35.710379952629076 ], [ 139.72006394981355, 35.709098468452069 ], [ 139.720630192450017, 35.707345232818923 ], [ 139.722615179568351, 35.706873428344025 ], [ 139.72403402068926, 35.708154878381464 ] ] ] } },
{ "type": "Feature", "properties": { "hex_id": "892f5a37407ffff", "population": 2514.4312335142754, "production_score": 0.6112418488255934, "attraction_score": 0.20682148040638607, "potential_score": 0.52722533169279173, "stress_score": 2.225, "infra_quality_score": 0.59166666666666656, "gap_score": -0.064441334973874831, "schools_nearby": 38, "stations_nearby": 4, "shops_nearby": 207, "bike_parking_nearby": 3, "bike_parking_capacity_nearby": 12.0, "bike_sharing_nearby": 6, "bike_sharing_capacity_nearby": 28.0, "flat_terrain": 1, "roi_car_trips_per_day": 1760.1018634599927, "roi_congestion_cost_yen_day": 615894.84406192065, "roi_operating_cost_yen_day": 85998.57704865525, "roi_emissions_kg_day": 457.62648449959812, "roi_shifted_trips_per_day": 352.02037269199855, "roi_congestion_savings_yen_day": 123178.96881238413, "roi_operating_savings_yen_day": 17199.715409731049, "roi_emissions_avoided_kg_day": 91.525296899919624, "roi_health_benefit_yen_day": 10560.611180759955, "roi_parking_spaces_freed": 7.040407453839971, "observed_commuters": 1021.0, "observed_bicycle": 85.0, "observed_bicycle_share": 0.0837, "observed_rail_share": 0.5832, "observed_car_share": 0.0268 }, "geometry": { "type": "Polygon", "coordinates": [ [ [ 139.721476284691846, 35.699050824699306 ], [ 139.720910118870762, 35.700804078091259 ], [ 139.718925325011185, 35.70127592032479 ], [ 139.717506793592605, 35.699994528045771 ], [ 139.71807300901753, 35.698241327677152 ], [ 139.720057706260405, 35.697769466564509 ], [ 139.721476284691846, 35.699050824699306 ] ] ] } },
{ "type": "Feature", "properties": { "hex_id": "892f5a37573ffff", "population": 1647.032894210759, "production_score": 0.40037831341440816, "attraction_score": 0.71552975326560231, "potential_score": 0.64636322667200419, "stress_score": 2.3, "infra_quality_score": 0.56666666666666665, "gap_score": 0.079696560005337536, "schools_nearby": 49, "stations_nearby": 11, "shops_nearby": 854, "bike_parking_nearby": 1, "bike_parking_capacity_nearby": 4.0, "bike_sharing_nearby": 6, "bike_sharing_capacity_nearby": 68.0, "flat_terrain": 1, "roi_car_trips_per_day": 1152.9230259475312, "roi_congestion_cost_yen_day": 403430.82523956016, "roi_operating_cost_yen_day": 56331.819047796373, "roi_emissions_kg_day": 299.75998674635809, "roi_shifted_trips_per_day": 230.58460518950625, "roi_congestion_savings_yen_day": 80686.165047912029, "roi_operating_savings_yen_day": 11266.363809559276, "roi_emissions_avoided_kg_day": 59.951997349271629, "roi_health_benefit_yen_day": 6917.5381556851871, "roi_parking_spaces_freed": 4.6116921037901255, "observed_commuters": 433.0, "observed_bicycle": 33.0, "observed_bicycle_share": 0.0774, "observed_rail_share": 0.4995, "observed_car_share": 0.0157 }, "geometry": { "type": "Polygon", "coordinates": [ [ [ 139.699360465837543, 35.699451718990616 ], [ 139.698793934810652, 35.701204624701276 ], [ 139.696809542648452, 35.701676033630569 ], [ 139.695391778117283, 35.700394555771005 ], [ 139.695958358680315, 35.698641703098808 ], [ 139.697942654241501, 35.698170275247996 ], [ 139.699360465837543, 35.699451718990616 ] ] ] } },
{ "type": "Feature", "properties": { "hex_id": "892f5a370bbffff", "population": 2068.4358186992481, "production_score": 0.50282087810920018, "attraction_score": 0.35486211901306242, "potential_score": 0.34307319884890508, "stress_score": 1.8372093023255813, "infra_quality_score": 0.72093023255813948, "gap_score": -0.3778570337092344, "schools_nearby": 59, "stations_nearby": 7, "shops_nearby": 339, "bike_parking_nearby": 1, "bike_parking_capacity_nearby": 4.0, "bike_sharing_nearby": 1, "bike_sharing_capacity_nearby": 3.0, "flat_terrain": 0, "roi_car_trips_per_day": 1447.9050730894735, "roi_congestion_cost_yen_day": 506650.94317546859, "roi_operating_cost_yen_day": 70744.641871151674, "roi_emissions_kg_day": 376.45531900326313, "roi_shifted_trips_per_day": 289.58101461789471, "roi_congestion_savings_yen_day": 101330.18863509373, "roi_operating_savings_yen_day": 14148.928374230336, "roi_emissions_avoided_kg_day": 75.291063800652623, "roi_health_benefit_yen_day": 8687.4304385368414, "roi_parking_spaces_freed": 5.7916202923578943, "observed_commuters": 757.0, "observed_bicycle": 58.0, "observed_bicycle_share": 0.076, "observed_rail_share": 0.6189, "observed_car_share": 0.0225 }, "geometry": { "type": "Polygon", "coordinates": [ [ [ 139.705317684320164, 35.70936509133449 ], [ 139.704751175535421, 35.711118085312009 ], [ 139.702766408489822, 35.711589493975538 ], [ 139.701348246863347, 35.710307927577745 ], [ 139.701914805215779, 35.708554986631839 ], [ 139.703899475630152, 35.708083559052376 ], [ 139.705317684320164, 35.70936509133449 ] ] ] } },
{ "type": "Feature", "properties": { "hex_id": "892f5aada2fffff", "population": 672.78435285765443, "production_score": 0.16353961717726739, "attraction_score": 0.19158200290275762, "potential_score": 0.34204864803201002, "stress_score": 2.3783783783783785, "infra_quality_score": 0.54054054054054057, "gap_score": -0.19849189250853055, "schools_nearby": 18, "stations_nearby": 7, "shops_nearby": 237, "bike_parking_nearby": 3, "bike_parking_capacity_nearby": 12.0, "bike_sharing_nearby": 0, "bike_sharing_capacity_nearby": 0.0, "flat_terrain": 1, "roi_car_trips_per_day": 470.94904700035812, "roi_congestion_cost_yen_day": 164794.49052636532, "roi_operating_cost_yen_day": 23010.570436437498, "roi_emissions_kg_day": 122.44675222009312, "roi_shifted_trips_per_day": 94.189809400071624, "roi_congestion_savings_yen_day": 32958.898105273067, "roi_operating_savings_yen_day": 4602.1140872874994, "roi_emissions_avoided_kg_day": 24.489350444018623, "roi_health_benefit_yen_day": 2825.6942820021486, "roi_parking_spaces_freed": 1.8837961880014324, "observed_commuters": 275.0, "observed_bicycle": 26.0, "observed_bicycle_share": 0.0952, "observed_rail_share": 0.5372, "observed_car_share": 0.0317 }, "geometry": { "type": "Polygon", "coordinates": [ [ [ 139.730826575630601, 35.687114647765469 ], [ 139.730260653546082, 35.688868054303455 ], [ 139.728276002997973, 35.6893402169718 ], [ 139.726857371130308, 35.688058991956815 ], [ 139.727423342831599, 35.686305638439016 ], [ 139.729407896786967, 35.685833456916342 ], [ 139.730826575630601, 35.687114647765469 ] ] ] } },
{ "type": "Feature", "properties": { "hex_id": "892f5a37393ffff", "population": 2583.081829626432, "production_score": 0.62793072952591644, "attraction_score": 0.082002902757619733, "potential_score": 0.48397345291341448, "stress_score": 2.0, "infra_quality_score": 0.66666666666666674, "gap_score": -0.18269321375325226, "schools_nearby": 18, "stations_nearby": 3, "shops_nearby": 98, "bike_parking_nearby": 1, "bike_parking_capacity_nearby": 4.0, "bike_sharing_nearby": 2, "bike_sharing_capacity_nearby": 30.0, "flat_terrain": 1, "roi_car_trips_per_day": 1808.1572807385023, "roi_congestion_cost_yen_day": 632710.39567601681, "roi_operating_cost_yen_day": 88346.564736883229, "roi_emissions_kg_day": 470.12089299201062, "roi_shifted_trips_per_day": 361.63145614770048, "roi_congestion_savings_yen_day": 126542.07913520336, "roi_operating_savings_yen_day": 17669.312947376646, "roi_emissions_avoided_kg_day": 94.024178598402131, "roi_health_benefit_yen_day": 10848.943684431015, "roi_parking_spaces_freed": 7.2326291229540098, "observed_commuters": 1070.0, "observed_bicycle": 142.0, "observed_bicycle_share": 0.1331, "observed_rail_share": 0.5954, "observed_car_share": 0.046 }, "geometry": { "type": "Polygon", "coordinates": [ [ [ 139.695963523769677, 35.721296529545612 ], [ 139.695396771160574, 35.723049369945173 ], [ 139.6934118610844, 35.723520457958422 ], [ 139.69199380027564, 35.722238724513083 ], [ 139.692560602439443, 35.720485937148233 ], [ 139.694545415860517, 35.720014830194309 ], [ 139.695963523769677, 35.721296529545612 ] ] ] } },
{ "type": "Feature", "properties": { "hex_id": "892f5a3748bffff", "population": 2254.3603843243022, "production_score": 0.54801892547803366, "attraction_score": 0.22496371552975328, "potential_score": 0.50919305640311485, "stress_score": 2.0588235294117645, "infra_quality_score": 0.64705882352941191, "gap_score": -0.13786576712629706, "schools_nearby": 28, "stations_nearby": 7, "shops_nearby": 253, "bike_parking_nearby": 0, "bike_parking_capacity_nearby": 0.0, "bike_sharing_nearby": 1, "bike_sharing_capacity_nearby": 5.0, "flat_terrain": 1, "roi_car_trips_per_day": 1578.0522690270116, "roi_congestion_cost_yen_day": 552192.04997793189, "roi_operating_cost_yen_day": 77103.633864659787, "roi_emissions_kg_day": 410.29358994702301, "roi_shifted_trips_per_day": 315.61045380540236, "roi_congestion_savings_yen_day": 110438.40999558639, "roi_operating_savings_yen_day": 15420.726772931959, "roi_emissions_avoided_kg_day": 82.058717989404613, "roi_health_benefit_yen_day": 9468.3136141620707, "roi_parking_spaces_freed": 6.3122090761080472, "observed_commuters": 1260.0, "observed_bicycle": 90.0, "observed_bicycle_share": 0.0713, "observed_rail_share": 0.394, "observed_car_share": 0.0309 }, "geometry": { "type": "Polygon", "coordinates": [ [ [ 139.72998155884099, 35.695409501402288 ], [ 139.729415559993413, 35.697162890304803 ], [ 139.727430704540922, 35.697634939868649 ], [ 139.726011944552766, 35.696353619391004 ], [ 139.726577993025614, 35.694600283506979 ], [ 139.728562751864473, 35.694128215082372 ], [ 139.72998155884099, 35.695409501402288 ] ] ] } },
{ "type": "Feature", "properties": { "hex_id": "892f5a37417ffff", "population": 1924.4384966799, "production_score": 0.46781529528191051, "attraction_score": 0.19448476052249636, "potential_score": 0.46492002232176277, "stress_score": 2.0416666666666665, "infra_quality_score": 0.6527777777777779, "gap_score": -0.18785775545601513, "schools_nearby": 33, "stations_nearby": 4, "shops_nearby": 205, "bike_parking_nearby": 0, "bike_parking_capacity_nearby": 0.0, "bike_sharing_nearby": 4, "bike_sharing_capacity_nearby": 22.0, "flat_terrain": 1, "roi_car_trips_per_day": 1347.1069476759299, "roi_congestion_cost_yen_day": 471379.66313076142, "roi_operating_cost_yen_day": 65819.645463445937, "roi_emissions_kg_day": 350.24780639574175, "roi_shifted_trips_per_day": 269.42138953518599, "roi_congestion_savings_yen_day": 94275.932626152295, "roi_operating_savings_yen_day": 13163.929092689188, "roi_emissions_avoided_kg_day": 70.049561279148364, "roi_health_benefit_yen_day": 8082.6416860555801, "roi_parking_spaces_freed": 5.3884277907037204, "observed_commuters": 728.0, "observed_bicycle": 60.0, "observed_bicycle_share": 0.082, "observed_rail_share": 0.5618, "observed_car_share": 0.036 }, "geometry": { "type": "Polygon", "coordinates": [ [ [ 139.724027174032358, 35.696825612422451 ], [ 139.723461066885818, 35.698578907064885 ], [ 139.721476284691846, 35.699050824699306 ], [ 139.720057706260405, 35.697769466564509 ], [ 139.720623863015732, 35.696016224944273 ], [ 139.722608548596867, 35.695544288436928 ], [ 139.724027174032358, 35.696825612422451 ] ] ] } },
{ "type": "Feature", "properties": { "hex_id": "892f5a373a3ffff", "population": 1822.0558380185785, "production_score": 0.44292618909863407, "attraction_score": 0.03991291727140784, "potential_score": 0.39313564254801681, "stress_score": 2.2272727272727271, "infra_quality_score": 0.59090909090909105, "gap_score": -0.19777344836107424, "schools_nearby": 15, "stations_nearby": 1, "shops_nearby": 55, "bike_parking_nearby": 1, "bike_parking_capacity_nearby": 4.0, "bike_sharing_nearby": 0, "bike_sharing_capacity_nearby": 0.0, "flat_terrain": 1, "roi_car_trips_per_day": 1275.439086613005, "roi_congestion_cost_yen_day": 446301.64518762269, "roi_operating_cost_yen_day": 62317.953771911423, "roi_emissions_kg_day": 331.6141625193813, "roi_shifted_trips_per_day": 255.08781732260101, "roi_congestion_savings_yen_day": 89260.329037524556, "roi_operating_savings_yen_day": 12463.590754382285, "roi_emissions_avoided_kg_day": 66.32283250387627, "roi_health_benefit_yen_day": 7652.6345196780303, "roi_parking_spaces_freed": 5.1017563464520199, "observed_commuters": 832.0, "observed_bicycle": 70.0, "observed_bicycle_share": 0.0843, "observed_rail_share": 0.691, "observed_car_share": 0.0392 }, "geometry": { "type": "Polygon", "coordinates": [ [ [ 139.684054647355595, 35.724122586725926 ], [ 139.683487678301475, 35.725875238344166 ], [ 139.681502915294658, 35.726346062492311 ], [ 139.680085217998482, 35.725064253987533 ], [ 139.680652236574304, 35.723311655411365 ], [ 139.682636902927726, 35.722840812298216 ], [ 139.684054647355595, 35.724122586725926 ] ] ] } },
{ "type": "Feature", "properties": { "hex_id": "892f5a3750fffff", "population": 1811.0541525220422, "production_score": 0.44025169204904974, "attraction_score": 0.91799709724238021, "potential_score": 0.74329951571657205, "stress_score": 2.6285714285714286, "infra_quality_score": 0.45714285714285718, "gap_score": 0.28615665857371486, "schools_nearby": 43, "stations_nearby": 20, "shops_nearby": 1124, "bike_parking_nearby": 0, "bike_parking_capacity_nearby": 0.0, "bike_sharing_nearby": 2, "bike_sharing_capacity_nearby": 18.0, "flat_terrain": 1, "roi_car_trips_per_day": 1267.7379067654297, "roi_congestion_cost_yen_day": 443606.84833535919, "roi_operating_cost_yen_day": 61941.674124558893, "roi_emissions_kg_day": 329.61185575901175, "roi_shifted_trips_per_day": 253.54758135308595, "roi_congestion_savings_yen_day": 88721.369667071835, "roi_operating_savings_yen_day": 12388.334824911779, "roi_emissions_avoided_kg_day": 65.922371151802352, "roi_health_benefit_yen_day": 7606.427440592578, "roi_parking_spaces_freed": 5.070951627061719, "observed_commuters": 544.0, "observed_bicycle": 34.0, "observed_bicycle_share": 0.0623, "observed_rail_share": 0.5211, "observed_car_share": 0.0262 }, "geometry": { "type": "Polygon", "coordinates": [ [ [ 139.698509176157927, 35.696417381300748 ], [ 139.697942654241501, 35.698170275247996 ], [ 139.695958358680315, 35.698641703098808 ], [ 139.694540681631281, 35.697360255923968 ], [ 139.695107253077168, 35.695607415016589 ], [ 139.697091452045811, 35.695135968244443 ], [ 139.698509176157927, 35.696417381300748 ] ] ] } },
{ "type": "Feature", "properties": { "hex_id": "892f5a3749bffff", "population": 152.59857211089877, "production_score": 0.037083054109642126, "attraction_score": 0.23149492017416545, "potential_score": 0.10743118971352304, "stress_score": 2.0454545454545454, "infra_quality_score": 0.6515151515151516, "gap_score": -0.54408396180162855, "schools_nearby": 26, "stations_nearby": 8, "shops_nearby": 265, "bike_parking_nearby": 0, "bike_parking_capacity_nearby": 0.0, "bike_sharing_nearby": 1, "bike_sharing_capacity_nearby": 7.0, "flat_terrain": 0, "roi_car_trips_per_day": 106.81900047762913, "roi_congestion_cost_yen_day": 37378.104647131986, "roi_operating_cost_yen_day": 5219.1763633369592, "roi_emissions_kg_day": 27.772940124183574, "roi_shifted_trips_per_day": 21.363800095525828, "roi_congestion_savings_yen_day": 7475.6209294263981, "roi_operating_savings_yen_day": 1043.835272667392, "roi_emissions_avoided_kg_day": 5.5545880248367157, "roi_health_benefit_yen_day": 640.91400286577482, "roi_parking_spaces_freed": 0.42727600191051657, "observed_commuters": 79.0, "observed_bicycle": 8.0, "observed_bicycle_share": 0.1043, "observed_rail_share": 0.5275, "observed_car_share": 0.062 }, "geometry": { "type": "Polygon", "coordinates": [ [ [ 139.732532342769815, 35.693183946308878 ], [ 139.731966402600165, 35.694937376442979 ], [ 139.72998155884099, 35.695409501402288 ], [ 139.728562751864473, 35.694128215082372 ], [ 139.729128741664255, 35.692374837965623 ], [ 139.731113488813662, 35.691902694151729 ], [ 139.732532342769815, 35.693183946308878 ] ] ] } },
{ "type": "Feature", "properties": { "hex_id": "892f5a3714fffff", "population": 1798.3168074753962, "production_score": 0.43715525816557643, "attraction_score": 0.1081277213352685, "potential_score": 0.41811319180033801, "stress_score": 2.0169491525423728, "infra_quality_score": 0.66101694915254239, "gap_score": -0.24290375735220437, "schools_nearby": 21, "stations_nearby": 3, "shops_nearby": 125, "bike_parking_nearby": 0, "bike_parking_capacity_nearby": 0.0, "bike_sharing_nearby": 0, "bike_sharing_capacity_nearby": 0.0, "flat_terrain": 1, "roi_car_trips_per_day": 1258.8217652327774, "roi_congestion_cost_yen_day": 440486.91209025349, "roi_operating_cost_yen_day": 61506.031449273498, "roi_emissions_kg_day": 327.29365896052212, "roi_shifted_trips_per_day": 251.76435304655547, "roi_congestion_savings_yen_day": 88097.382418050693, "roi_operating_savings_yen_day": 12301.206289854701, "roi_emissions_avoided_kg_day": 65.45873179210443, "roi_health_benefit_yen_day": 7552.9305913966637, "roi_parking_spaces_freed": 5.0352870609311093, "observed_commuters": 734.0, "observed_bicycle": 91.0, "observed_bicycle_share": 0.1234, "observed_rail_share": 0.6245, "observed_car_share": 0.051 }, "geometry": { "type": "Polygon", "coordinates": [ [ [ 139.685755418884128, 35.71886457252473 ], [ 139.685188517645656, 35.720617253812499 ], [ 139.683203862834489, 35.721088172361839 ], [ 139.681786205906064, 35.719806428582416 ], [ 139.682353156664476, 35.71805380033706 ], [ 139.684337714834584, 35.717582862828984 ], [ 139.685755418884128, 35.71886457252473 ] ] ] } },
{ "type": "Feature", "properties": { "hex_id": "892f5a37427ffff", "population": 2807.1216778248659, "production_score": 0.68239455810788052, "attraction_score": 0.43033381712626995, "potential_score": 0.44509135009366019, "stress_score": 2.2051282051282053, "infra_quality_score": 0.59829059829059816, "gap_score": -0.15319924819693798, "schools_nearby": 41, "stations_nearby": 7, "shops_nearby": 497, "bike_parking_nearby": 4, "bike_parking_capacity_nearby": 16.0, "bike_sharing_nearby": 3, "bike_sharing_capacity_nearby": 7.0, "flat_terrain": 0, "roi_car_trips_per_day": 1964.985174477406, "roi_congestion_cost_yen_day": 687587.61225313391, "roi_operating_cost_yen_day": 96009.175624966054, "roi_emissions_kg_day": 510.89614536412557, "roi_shifted_trips_per_day": 392.99703489548119, "roi_congestion_savings_yen_day": 137517.5224506268, "roi_operating_savings_yen_day": 19201.835124993209, "roi_emissions_avoided_kg_day": 102.17922907282511, "roi_health_benefit_yen_day": 11789.911046864436, "roi_parking_spaces_freed": 7.8599406979096242, "observed_commuters": 850.0, "observed_bicycle": 110.0, "observed_bicycle_share": 0.1297, "observed_rail_share": 0.4727, "observed_car_share": 0.029 }, "geometry": { "type": "Polygon", "coordinates": [ [ [ 139.712119063912951, 35.699656647193649 ], [ 139.711552740230275, 35.701409753274724 ], [ 139.709568104669813, 35.701881407077558 ], [ 139.708149889406428, 35.700599973696889 ], [ 139.708716262664893, 35.698846920645423 ], [ 139.710700801614195, 35.698375247945286 ], [ 139.712119063912951, 35.699656647193649 ] ] ] } },
{ "type": "Feature", "properties": { "hex_id": "892f5a373b3ffff", "population": 2136.7526373637438, "production_score": 0.5194286178971359, "attraction_score": 0.09071117561683599, "potential_score": 0.44405591740558881, "stress_score": 2.375, "infra_quality_score": 0.54166666666666674, "gap_score": -0.097610749261077934, "schools_nearby": 20, "stations_nearby": 3, "shops_nearby": 104, "bike_parking_nearby": 0, "bike_parking_capacity_nearby": 0.0, "bike_sharing_nearby": 0, "bike_sharing_capacity_nearby": 0.0, "flat_terrain": 1, "roi_car_trips_per_day": 1495.7268461546209, "roi_congestion_cost_yen_day": 523384.73800642497, "roi_operating_cost_yen_day": 73081.213703114772, "roi_emissions_kg_day": 388.88898000020146, "roi_shifted_trips_per_day": 299.14536923092419, "roi_congestion_savings_yen_day": 104676.94760128499, "roi_operating_savings_yen_day": 14616.242740622956, "roi_emissions_avoided_kg_day": 77.777796000040297, "roi_health_benefit_yen_day": 8974.3610769277257, "roi_parking_spaces_freed": 5.9829073846184837, "observed_commuters": 902.0, "observed_bicycle": 105.0, "observed_bicycle_share": 0.1164, "observed_rail_share": 0.6484, "observed_car_share": 0.045 }, "geometry": { "type": "Polygon", "coordinates": [ [ [ 139.686606309196435, 35.721898994158103 ], [ 139.68603939881632, 35.723651687135444 ], [ 139.684054647355595, 35.724122586725926 ], [ 139.682636902927726, 35.722840812298216 ], [ 139.683203862834489, 35.721088172361839 ], [ 139.685188517645656, 35.720617253812499 ], [ 139.686606309196435, 35.721898994158103 ] ] ] } },
{ "type": "Feature", "properties": { "hex_id": "892f5a371d3ffff", "population": 3156.1830260541687, "production_score": 0.7672509690875543, "attraction_score": 0.19593613933236576, "potential_score": 0.58527484336796809, "stress_score": 2.2, "infra_quality_score": 0.6, "gap_score": -0.014725156632031777, "schools_nearby": 31, "stations_nearby": 4, "shops_nearby": 213, "bike_parking_nearby": 0, "bike_parking_capacity_nearby": 0.0, "bike_sharing_nearby": 1, "bike_sharing_capacity_nearby": 7.0, "flat_terrain": 1, "roi_car_trips_per_day": 2209.3281182379178, "roi_congestion_cost_yen_day": 773088.09513381228, "roi_operating_cost_yen_day": 107947.77185710466, "roi_emissions_kg_day": 574.42531074185865, "roi_shifted_trips_per_day": 441.86562364758356, "roi_congestion_savings_yen_day": 154617.61902676243, "roi_operating_savings_yen_day": 21589.554371420934, "roi_emissions_avoided_kg_day": 114.88506214837173, "roi_health_benefit_yen_day": 13255.968709427507, "roi_parking_spaces_freed": 8.8373124729516714, "observed_commuters": 1110.0, "observed_bicycle": 135.0, "observed_bicycle_share": 0.1217, "observed_rail_share": 0.5614, "observed_car_share": 0.0232 }, "geometry": { "type": "Polygon", "coordinates": [ [ [ 139.695109705839457, 35.706934597368807 ], [ 139.69454304838635, 35.708687432243842 ], [ 139.692558536449837, 35.709158671433634 ], [ 139.691140778586885, 35.707877094682665 ], [ 139.691707485572977, 35.706124312846889 ], [ 139.693691900892276, 35.705653054723129 ], [ 139.695109705839457, 35.706934597368807 ] ] ] } },
{ "type": "Feature", "properties": { "hex_id": "892f5aadb47ffff", "population": 2463.055233205881, "production_score": 0.59875240243235628, "attraction_score": 0.26632801161103048, "potential_score": 0.54603216561735479, "stress_score": 2.0454545454545454, "infra_quality_score": 0.6515151515151516, "gap_score": -0.10548298589779681, "schools_nearby": 28, "stations_nearby": 6, "shops_nearby": 313, "bike_parking_nearby": 0, "bike_parking_capacity_nearby": 0.0, "bike_sharing_nearby": 3, "bike_sharing_capacity_nearby": 40.0, "flat_terrain": 1, "roi_car_trips_per_day": 1724.138663244117, "roi_congestion_cost_yen_day": 603310.60104238149, "roi_operating_cost_yen_day": 84241.415086107561, "roi_emissions_kg_day": 448.27605244347041, "roi_shifted_trips_per_day": 344.82773264882343, "roi_congestion_savings_yen_day": 120662.12020847631, "roi_operating_savings_yen_day": 16848.283017221511, "roi_emissions_avoided_kg_day": 89.655210488694095, "roi_health_benefit_yen_day": 10344.831979464703, "roi_parking_spaces_freed": 6.8965546529764685, "observed_commuters": 1034.0, "observed_bicycle": 103.0, "observed_bicycle_share": 0.0996, "observed_rail_share": 0.5355, "observed_car_share": 0.03 }, "geometry": { "type": "Polygon", "coordinates": [ [ [ 139.720617535503862, 35.684687439755621 ], [ 139.720051464603671, 35.686440687225314 ], [ 139.718067068809972, 35.68691268035063 ], [ 139.716648840498465, 35.685631444878908 ], [ 139.717214960980726, 35.683878250437118 ], [ 139.719199260195637, 35.683406238439439 ], [ 139.720617535503862, 35.684687439755621 ] ] ] } },
{ "type": "Feature", "properties": { "hex_id": "892f5a374abffff", "population": 2141.9889086975372, "production_score": 0.52070154941635294, "attraction_score": 0.2467343976777939, "potential_score": 0.30697437883765877, "stress_score": 2.0857142857142859, "infra_quality_score": 0.63809523809523805, "gap_score": -0.33112085925757928, "schools_nearby": 38, "stations_nearby": 5, "shops_nearby": 259, "bike_parking_nearby": 2, "bike_parking_capacity_nearby": 8.0, "bike_sharing_nearby": 3, "bike_sharing_capacity_nearby": 17.0, "flat_terrain": 0, "roi_car_trips_per_day": 1499.3922360882764, "roi_congestion_cost_yen_day": 524667.33125200972, "roi_operating_cost_yen_day": 73260.304655273183, "roi_emissions_kg_day": 389.84198138295187, "roi_shifted_trips_per_day": 299.87844721765526, "roi_congestion_savings_yen_day": 104933.46625040194, "roi_operating_savings_yen_day": 14652.060931054635, "roi_emissions_avoided_kg_day": 77.968396276590369, "roi_health_benefit_yen_day": 8996.3534165296587, "roi_parking_spaces_freed": 5.9975689443531053, "observed_commuters": 840.0, "observed_bicycle": 92.0, "observed_bicycle_share": 0.109, "observed_rail_share": 0.532, "observed_car_share": 0.0352 }, "geometry": { "type": "Polygon", "coordinates": [ [ [ 139.720623863015732, 35.696016224944273 ], [ 139.720057706260405, 35.697769466564509 ], [ 139.71807300901753, 35.698241327677152 ], [ 139.71665456514134, 35.696959966048809 ], [ 139.717220771493771, 35.695206777453329 ], [ 139.719205372128499, 35.694734897461721 ], [ 139.720623863015732, 35.696016224944273 ] ] ] } },
{ "type": "Feature", "properties": { "hex_id": "892f5a37437ffff", "population": 2570.5261244497219, "production_score": 0.62487845208523396, "attraction_score": 0.42307692307692307, "potential_score": 0.41918215006486281, "stress_score": 2.25, "infra_quality_score": 0.58333333333333326, "gap_score": -0.16415118326847045, "schools_nearby": 33, "stations_nearby": 5, "shops_nearby": 517, "bike_parking_nearby": 0, "bike_parking_capacity_nearby": 0.0, "bike_sharing_nearby": 2, "bike_sharing_capacity_nearby": 10.0, "flat_terrain": 0, "roi_car_trips_per_day": 1799.3682871148053, "roi_congestion_cost_yen_day": 629634.95102721266, "roi_operating_cost_yen_day": 87917.134508429386, "roi_emissions_kg_day": 467.83575464984938, "roi_shifted_trips_per_day": 359.87365742296106, "roi_congestion_savings_yen_day": 125926.99020544253, "roi_operating_savings_yen_day": 17583.426901685878, "roi_emissions_avoided_kg_day": 93.567150929969884, "roi_health_benefit_yen_day": 10796.209722688833, "roi_parking_spaces_freed": 7.1974731484592214, "observed_commuters": 930.0, "observed_bicycle": 129.0, "observed_bicycle_share": 0.1387, "observed_rail_share": 0.4633, "observed_car_share": 0.0284 }, "geometry": { "type": "Polygon", "coordinates": [ [ [ 139.714669952856696, 35.697431770647995 ], [ 139.714103687839525, 35.699184917990706 ], [ 139.712119063912951, 35.699656647193649 ], [ 139.710700801614195, 35.698375247945286 ], [ 139.711267116212042, 35.69662215363104 ], [ 139.713251643531237, 35.696150405536969 ], [ 139.714669952856696, 35.697431770647995 ] ] ] } },
{ "type": "Feature", "properties": { "hex_id": "892f5a375a3ffff", "population": 301.09663315831051, "production_score": 0.073182761401341709, "attraction_score": 0.58127721335268501, "potential_score": 0.46178398990161068, "stress_score": 3.0153846153846153, "infra_quality_score": 0.32820512820512826, "gap_score": 0.13357886169648242, "schools_nearby": 24, "stations_nearby": 17, "shops_nearby": 726, "bike_parking_nearby": 2, "bike_parking_capacity_nearby": 8.0, "bike_sharing_nearby": 6, "bike_sharing_capacity_nearby": 61.0, "flat_terrain": 1, "roi_car_trips_per_day": 210.76764321081734, "roi_congestion_cost_yen_day": 73751.813712329211, "roi_operating_cost_yen_day": 10298.107047280535, "roi_emissions_kg_day": 54.799587234812513, "roi_shifted_trips_per_day": 42.153528642163472, "roi_congestion_savings_yen_day": 14750.362742465843, "roi_operating_savings_yen_day": 2059.6214094561074, "roi_emissions_avoided_kg_day": 10.959917446962503, "roi_health_benefit_yen_day": 1264.6058592649042, "roi_parking_spaces_freed": 0.84307057284326947, "observed_commuters": 106.0, "observed_bicycle": 7.0, "observed_bicycle_share": 0.0628, "observed_rail_share": 0.5372, "observed_car_share": 0.0242 }, "geometry": { "type": "Polygon", "coordinates": [ [ [ 139.695955777312122, 35.687314623056935 ], [ 139.695389282732947, 35.689067481659102 ], [ 139.693405276923897, 35.689538966273496 ], [ 139.691987862264256, 35.688257611206929 ], [ 139.692554406352912, 35.686504805648902 ], [ 139.69453831559494, 35.686033302113593 ], [ 139.695955777312122, 35.687314623056935 ] ] ] } },
{ "type": "Feature", "properties": { "hex_id": "892f5aadbcbffff", "population": 778.78168717351218, "production_score": 0.18930744684126002, "attraction_score": 0.11248185776487664, "potential_score": 0.12071572184245469, "stress_score": 2.125, "infra_quality_score": 0.625, "gap_score": -0.50428427815754528, "schools_nearby": 13, "stations_nearby": 5, "shops_nearby": 149, "bike_parking_nearby": 1, "bike_parking_capacity_nearby": 4.0, "bike_sharing_nearby": 1, "bike_sharing_capacity_nearby": 12.0, "flat_terrain": 0, "roi_car_trips_per_day": 545.14718102145844, "roi_congestion_cost_yen_day": 190757.90158302875, "roi_operating_cost_yen_day": 26635.891264708458, "roi_emissions_kg_day": 141.73826706557921, "roi_shifted_trips_per_day": 109.0294362042917, "roi_congestion_savings_yen_day": 38151.580316605752, "roi_operating_savings_yen_day": 5327.1782529416923, "roi_emissions_avoided_kg_day": 28.347653413115843, "roi_health_benefit_yen_day": 3270.8830861287511, "roi_parking_spaces_freed": 2.1805887240858342, "observed_commuters": 319.0, "observed_bicycle": 28.0, "observed_bicycle_share": 0.0874, "observed_rail_share": 0.516, "observed_car_share": 0.0809 }, "geometry": { "type": "Polygon", "coordinates": [ [ [ 139.729121122521235, 35.681045519103336 ], [ 139.728555218525827, 35.682798902008571 ], [ 139.726570761154761, 35.683271102385426 ], [ 139.725152304358033, 35.681989938711332 ], [ 139.725718257956913, 35.680236608829169 ], [ 139.727702618752232, 35.679764389598297 ], [ 139.729121122521235, 35.681045519103336 ] ] ] } },
{ "type": "Feature", "properties": { "hex_id": "892f5a362c3ffff", "population": 3009.190734539548, "production_score": 0.73151731263179898, "attraction_score": 0.11828737300435414, "potential_score": 0.3399218742544613, "stress_score": 2.0689655172413794, "infra_quality_score": 0.64367816091954011, "gap_score": -0.30375628666507881, "schools_nearby": 8, "stations_nearby": 3, "shops_nearby": 178, "bike_parking_nearby": 1, "bike_parking_capacity_nearby": 4.0, "bike_sharing_nearby": 3, "bike_sharing_capacity_nearby": 24.0, "flat_terrain": 0, "roi_car_trips_per_day": 2106.4335141776837, "roi_congestion_cost_yen_day": 737083.21528105508, "roi_operating_cost_yen_day": 102920.34150272163, "roi_emissions_kg_day": 547.67271368619777, "roi_shifted_trips_per_day": 421.28670283553674, "roi_congestion_savings_yen_day": 147416.64305621103, "roi_operating_savings_yen_day": 20584.068300544324, "roi_emissions_avoided_kg_day": 109.53454273723956, "roi_health_benefit_yen_day": 12638.601085066102, "roi_parking_spaces_freed": 8.4257340567107342, "observed_commuters": 1062.0, "observed_bicycle": 109.0, "observed_bicycle_share": 0.1025, "observed_rail_share": 0.5287, "observed_car_share": 0.0304 }, "geometry": { "type": "Polygon", "coordinates": [ [ [ 139.68660282551329, 35.68791905263096 ], [ 139.686036173306832, 35.689671763888157 ], [ 139.684052325968793, 35.690143060240963 ], [ 139.682635227401875, 35.688861664275947 ], [ 139.683201929089819, 35.687109006069122 ], [ 139.68518567986635, 35.686637690777239 ], [ 139.68660282551329, 35.68791905263096 ] ] ] } },
{ "type": "Feature", "properties": { "hex_id": "892f5a37077ffff", "population": 1900.5913460764859, "production_score": 0.46201808048696807, "attraction_score": 0.14949201741654572, "potential_score": 0.44460403916140556, "stress_score": 1.9523809523809523, "infra_quality_score": 0.68253968253968256, "gap_score": -0.237935643378277, "schools_nearby": 25, "stations_nearby": 4, "shops_nearby": 167, "bike_parking_nearby": 0, "bike_parking_capacity_nearby": 0.0, "bike_sharing_nearby": 0, "bike_sharing_capacity_nearby": 0.0, "flat_terrain": 1, "roi_car_trips_per_day": 1330.41394225354, "roi_congestion_cost_yen_day": 465538.44667335873, "roi_operating_cost_yen_day": 65004.025218507959, "roi_emissions_kg_day": 345.90762498592039, "roi_shifted_trips_per_day": 266.08278845070799, "roi_congestion_savings_yen_day": 93107.689334671741, "roi_operating_savings_yen_day": 13000.805043701592, "roi_emissions_avoided_kg_day": 69.181524997184084, "roi_health_benefit_yen_day": 7982.4836535212398, "roi_parking_spaces_freed": 5.3216557690141597, "observed_commuters": 765.0, "observed_bicycle": 70.0, "observed_bicycle_share": 0.0917, "observed_rail_share": 0.5703, "observed_car_share": 0.0762 }, "geometry": { "type": "Polygon", "coordinates": [ [ [ 139.701918292706267, 35.719882907245157 ], [ 139.701351648350624, 35.721635842014862 ], [ 139.699366664797992, 35.722107061974398 ], [ 139.697948422260112, 35.720825366093045 ], [ 139.69851511618694, 35.719072484354356 ], [ 139.700500003083647, 35.71860124546631 ], [ 139.701918292706267, 35.719882907245157 ] ] ] } },
{ "type": "Feature", "properties": { "hex_id": "892f5aadb57ffff", "population": 1392.9383675094082, "production_score": 0.33860822716787409, "attraction_score": 0.17924528301886791, "potential_score": 0.20714140407469683, "stress_score": 1.9423076923076923, "infra_quality_score": 0.6858974358974359, "gap_score": -0.47875603182273907, "schools_nearby": 20, "stations_nearby": 6, "shops_nearby": 217, "bike_parking_nearby": 0, "bike_parking_capacity_nearby": 0.0, "bike_sharing_nearby": 2, "bike_sharing_capacity_nearby": 11.0, "flat_terrain": 0, "roi_car_trips_per_day": 975.05685725658577, "roi_congestion_cost_yen_day": 341191.89549122448, "roi_operating_cost_yen_day": 47641.278045556777, "roi_emissions_kg_day": 253.51478288671231, "roi_shifted_trips_per_day": 195.01137145131716, "roi_congestion_savings_yen_day": 68238.379098244899, "roi_operating_savings_yen_day": 9528.2556091113565, "roi_emissions_avoided_kg_day": 50.702956577342462, "roi_health_benefit_yen_day": 5850.3411435395146, "roi_parking_spaces_freed": 3.9002274290263435, "observed_commuters": 585.0, "observed_bicycle": 54.0, "observed_bicycle_share": 0.093, "observed_rail_share": 0.5769, "observed_car_share": 0.0295 }, "geometry": { "type": "Polygon", "coordinates": [ [ [ 139.723167931888554, 35.682462082577558 ], [ 139.72260191963943, 35.684215371257928 ], [ 139.720617535503862, 35.684687439755621 ], [ 139.719199260195637, 35.683406238439439 ], [ 139.719765322031748, 35.681653002785822 ], [ 139.721749609592337, 35.681180915421912 ], [ 139.723167931888554, 35.682462082577558 ] ] ] } },
{ "type": "Feature", "properties": { "hex_id": "892f5a374bbffff", "population": 3398.383737544134, "production_score": 0.82612968258023467, "attraction_score": 0.26632801161103048, "potential_score": 0.43698307767650607, "stress_score": 2.3823529411764706, "infra_quality_score": 0.53921568627450989, "gap_score": -0.10223260859800382, "schools_nearby": 39, "stations_nearby": 4, "shops_nearby": 286, "bike_parking_nearby": 0, "bike_parking_capacity_nearby": 0.0, "bike_sharing_nearby": 2, "bike_sharing_capacity_nearby": 10.0, "flat_terrain": 0, "roi_car_trips_per_day": 2378.868616280894, "roi_congestion_cost_yen_day": 832413.70620901044, "roi_operating_cost_yen_day": 116231.52059148448, "roi_emissions_kg_day": 618.50584023303247, "roi_shifted_trips_per_day": 475.77372325617881, "roi_congestion_savings_yen_day": 166482.74124180208, "roi_operating_savings_yen_day": 23246.304118296895, "roi_emissions_avoided_kg_day": 123.7011680466065, "roi_health_benefit_yen_day": 14273.211697685365, "roi_parking_spaces_freed": 9.5154744651235763, "observed_commuters": 1326.0, "observed_bicycle": 105.0, "observed_bicycle_share": 0.079, "observed_rail_share": 0.5384, "observed_car_share": 0.0372 }, "geometry": { "type": "Polygon", "coordinates": [ [ [ 139.723174646683304, 35.693791005573935 ], [ 139.722608548596867, 35.695544288436928 ], [ 139.720623863015732, 35.696016224944273 ], [ 139.719205372128499, 35.694734897461721 ], [ 139.719771519817016, 35.692981667622384 ], [ 139.721756108793841, 35.692509712242227 ], [ 139.723174646683304, 35.693791005573935 ] ] ] } },
{ "type": "Feature", "properties": { "hex_id": "892f5a3716fffff", "population": 1914.5844895599296, "production_score": 0.46541979752138635, "attraction_score": 0.026850507982583455, "potential_score": 0.19690812220158793, "stress_score": 2.1627906976744184, "infra_quality_score": 0.61240310077519378, "gap_score": -0.41549497857360584, "schools_nearby": 12, "stations_nearby": 1, "shops_nearby": 46, "bike_parking_nearby": 0, "bike_parking_capacity_nearby": 0.0, "bike_sharing_nearby": 1, "bike_sharing_capacity_nearby": 5.0, "flat_terrain": 0, "roi_car_trips_per_day": 1340.2091426919508, "roi_congestion_cost_yen_day": 468965.98321076744, "roi_operating_cost_yen_day": 65482.618711928713, "roi_emissions_kg_day": 348.45437709990722, "roi_shifted_trips_per_day": 268.04182853839018, "roi_congestion_savings_yen_day": 93793.196642153489, "roi_operating_savings_yen_day": 13096.523742385743, "roi_emissions_avoided_kg_day": 69.690875419981452, "roi_health_benefit_yen_day": 8041.2548561517051, "roi_parking_spaces_freed": 5.3608365707678036, "observed_commuters": 781.0, "observed_bicycle": 113.0, "observed_bicycle_share": 0.145, "observed_rail_share": 0.6102, "observed_car_share": 0.0358 }, "geometry": { "type": "Polygon", "coordinates": [ [ [ 139.676399629288198, 35.719466349073208 ], [ 139.675832570362957, 35.72121888292002 ], [ 139.673848074245541, 35.721689613103557 ], [ 139.672430733692153, 35.7204078284175 ], [ 139.672997842109311, 35.71865534761934 ], [ 139.674982241591181, 35.71818459845889 ], [ 139.676399629288198, 35.719466349073208 ] ] ] } },
{ "type": "Feature", "properties": { "hex_id": "892f5a37447ffff", "population": 2370.7429973939775, "production_score": 0.57631140442371498, "attraction_score": 0.22423802612481858, "potential_score": 0.52021977221941351, "stress_score": 2.2291666666666665, "infra_quality_score": 0.5902777777777779, "gap_score": -0.070058005558364389, "schools_nearby": 24, "stations_nearby": 5, "shops_nearby": 270, "bike_parking_nearby": 1, "bike_parking_capacity_nearby": 4.0, "bike_sharing_nearby": 5, "bike_sharing_capacity_nearby": 27.0, "flat_terrain": 1, "roi_car_trips_per_day": 1659.5200981757841, "roi_congestion_cost_yen_day": 580699.27275367046, "roi_operating_cost_yen_day": 81084.151996868808, "roi_emissions_kg_day": 431.47522552570388, "roi_shifted_trips_per_day": 331.90401963515683, "roi_congestion_savings_yen_day": 116139.85455073409, "roi_operating_savings_yen_day": 16216.830399373763, "roi_emissions_avoided_kg_day": 86.295045105140773, "roi_health_benefit_yen_day": 9957.1205890547044, "roi_parking_spaces_freed": 6.6380803927031371, "observed_commuters": 1042.0, "observed_bicycle": 84.0, "observed_bicycle_share": 0.0803, "observed_rail_share": 0.5625, "observed_car_share": 0.0162 }, "geometry": { "type": "Polygon", "coordinates": [ [ [ 139.726585227093665, 35.705929687440857 ], [ 139.726019092772617, 35.707683017366712 ], [ 139.72403402068926, 35.708154878381464 ], [ 139.722615179568351, 35.706873428344025 ], [ 139.723181363518108, 35.705120151436077 ], [ 139.72516633896322, 35.70464827154796 ], [ 139.726585227093665, 35.705929687440857 ] ] ] } },
{ "type": "Feature", "properties": { "hex_id": "892f5aada6fffff", "population": 763.46538642567361, "production_score": 0.18558407180263189, "attraction_score": 0.22423802612481858, "potential_score": 0.1639288391709802, "stress_score": 2.0571428571428569, "infra_quality_score": 0.64761904761904776, "gap_score": -0.48369020844806754, "schools_nearby": 17, "stations_nearby": 7, "shops_nearby": 285, "bike_parking_nearby": 1, "bike_parking_capacity_nearby": 4.0, "bike_sharing_nearby": 4, "bike_sharing_capacity_nearby": 40.0, "flat_terrain": 0, "roi_car_trips_per_day": 534.42577049797148, "roi_congestion_cost_yen_day": 187006.2656126502, "roi_operating_cost_yen_day": 26112.043146530887, "roi_emissions_kg_day": 138.9507003294726, "roi_shifted_trips_per_day": 106.8851540995943, "roi_congestion_savings_yen_day": 37401.253122530041, "roi_operating_savings_yen_day": 5222.4086293061773, "roi_emissions_avoided_kg_day": 27.790140065894519, "roi_health_benefit_yen_day": 3206.5546229878291, "roi_parking_spaces_freed": 2.1377030819918863, "observed_commuters": 343.0, "observed_bicycle": 19.0, "observed_bicycle_share": 0.0555, "observed_rail_share": 0.6021, "observed_car_share": 0.0901 }, "geometry": { "type": "Polygon", "coordinates": [ [ [ 139.735936163327011, 35.693992994589443 ], [ 139.735370272799003, 35.695746477738318 ], [ 139.733385344126788, 35.696218659240628 ], [ 139.731966402600165, 35.694937376442979 ], [ 139.732532342769815, 35.693183946308878 ], [ 139.73451717482763, 35.692711745957972 ], [ 139.735936163327011, 35.693992994589443 ] ] ] } },
{ "type": "Feature", "properties": { "hex_id": "892f5a362d3ffff", "population": 2056.6825409591306, "production_score": 0.49996366985244839, "attraction_score": 0.16618287373004353, "potential_score": 0.46645861743299682, "stress_score": 2.1282051282051282, "infra_quality_score": 0.62393162393162394, "gap_score": -0.15747300649862711, "schools_nearby": 10, "stations_nearby": 4, "shops_nearby": 235, "bike_parking_nearby": 1, "bike_parking_capacity_nearby": 4.0, "bike_sharing_nearby": 4, "bike_sharing_capacity_nearby": 34.0, "flat_terrain": 1, "roi_car_trips_per_day": 1439.6777786713913, "roi_congestion_cost_yen_day": 503772.04831269325, "roi_operating_cost_yen_day": 70342.656265884172, "roi_emissions_kg_day": 374.31622245456174, "roi_shifted_trips_per_day": 287.93555573427824, "roi_congestion_savings_yen_day": 100754.40966253864, "roi_operating_savings_yen_day": 14068.531253176834, "roi_emissions_avoided_kg_day": 74.863244490912351, "roi_health_benefit_yen_day": 8638.066672028348, "roi_parking_spaces_freed": 5.758711114685565, "observed_commuters": 821.0, "observed_bicycle": 112.0, "observed_bicycle_share": 0.1362, "observed_rail_share": 0.4723, "observed_car_share": 0.0288 }, "geometry": { "type": "Polygon", "coordinates": [ [ [ 139.689153254894421, 35.685694928395236 ], [ 139.688586661307767, 35.687447680906573 ], [ 139.68660282551329, 35.68791905263096 ], [ 139.68518567986635, 35.686637690777239 ], [ 139.685752322939436, 35.684884991315144 ], [ 139.687736062176242, 35.684413600657827 ], [ 139.689153254894421, 35.685694928395236 ] ] ] } },
{ "type": "Feature", "properties": { "hex_id": "892f5a37087ffff", "population": 1438.3078698050545, "production_score": 0.34963750082498946, "attraction_score": 0.38896952104499272, "potential_score": 0.4954428087479929, "stress_score": 1.5925925925925926, "infra_quality_score": 0.80246913580246915, "gap_score": -0.30702632705447624, "schools_nearby": 61, "stations_nearby": 7, "shops_nearby": 380, "bike_parking_nearby": 3, "bike_parking_capacity_nearby": 12.0, "bike_sharing_nearby": 0, "bike_sharing_capacity_nearby": 0.0, "flat_terrain": 1, "roi_car_trips_per_day": 1006.8155088635381, "roi_congestion_cost_yen_day": 352304.88286152924, "roi_operating_cost_yen_day": 49193.00576307247, "roi_emissions_kg_day": 261.77203230451988, "roi_shifted_trips_per_day": 201.36310177270764, "roi_congestion_savings_yen_day": 70460.976572305866, "roi_operating_savings_yen_day": 9838.6011526144957, "roi_emissions_avoided_kg_day": 52.354406460903988, "roi_health_benefit_yen_day": 6040.8930531812293, "roi_parking_spaces_freed": 4.0272620354541528, "observed_commuters": 510.0, "observed_bicycle": 46.0, "observed_bicycle_share": 0.0904, "observed_rail_share": 0.5931, "observed_car_share": 0.0297 }, "geometry": { "type": "Polygon", "coordinates": [ [ [ 139.707868889863164, 35.707140571979672 ], [ 139.707302439751913, 35.708893607253152 ], [ 139.705317684320164, 35.70936509133449 ], [ 139.703899475630152, 35.708083559052376 ], [ 139.70446597531398, 35.706330576809364 ], [ 139.706450634118397, 35.705859073818282 ], [ 139.707868889863164, 35.707140571979672 ] ] ] } },
{ "type": "Feature", "properties": { "hex_id": "892f5aadb67ffff", "population": 0.055461760962958594, "production_score": 0.0, "attraction_score": 0.36647314949201742, "potential_score": 0.34658925979680699, "stress_score": 2.0, "infra_quality_score": 0.66666666666666674, "gap_score": -0.32007740686985975, "schools_nearby": 17, "stations_nearby": 14, "shops_nearby": 460, "bike_parking_nearby": 0, "bike_parking_capacity_nearby": 0.0, "bike_sharing_nearby": 0, "bike_sharing_capacity_nearby": 0.0, "flat_terrain": 1, "roi_car_trips_per_day": 0.03882323267407102, "roi_congestion_cost_yen_day": 13.585025577310931, "roi_operating_cost_yen_day": 1.89690314845511, "roi_emissions_kg_day": 0.010094040495258466, "roi_shifted_trips_per_day": 0.0077646465348142043, "roi_congestion_savings_yen_day": 2.7170051154621864, "roi_operating_savings_yen_day": 0.37938062969102204, "roi_emissions_avoided_kg_day": 0.002018808099051693, "roi_health_benefit_yen_day": 0.23293939604442612, "roi_parking_spaces_freed": 0.00015529293069628408, "observed_commuters": 0.0, "observed_bicycle": 0.0, "observed_bicycle_share": 0.032, "observed_rail_share": 0.432, "observed_car_share": 0.0 }, "geometry": { "type": "Polygon", "coordinates": [ [ [ 139.711262209913997, 35.685294022709236 ], [ 139.710695981219203, 35.687047122898711 ], [ 139.708711743671074, 35.687518927665323 ], [ 139.707293831394281, 35.686237651133304 ], [ 139.707860109643121, 35.684484603977971 ], [ 139.70984425061792, 35.68401278032082 ], [ 139.711262209913997, 35.685294022709236 ] ] ] } },
{ "type": "Feature", "properties": { "hex_id": "892f5a329afffff", "population": 1921.6946590259322, "production_score": 0.46714827151429006, "attraction_score": 0.40783744557329465, "potential_score": 0.34999428683503392, "stress_score": 2.1875, "infra_quality_score": 0.60416666666666674, "gap_score": -0.25417237983163282, "schools_nearby": 18, "stations_nearby": 6, "shops_nearby": 538, "bike_parking_nearby": 3, "bike_parking_capacity_nearby": 12.0, "bike_sharing_nearby": 3, "bike_sharing_capacity_nearby": 28.0, "flat_terrain": 0, "roi_car_trips_per_day": 1345.1862613181524, "roi_congestion_cost_yen_day": 470707.57656044792, "roi_operating_cost_yen_day": 65725.800728004921, "roi_emissions_kg_day": 349.74842794271967, "roi_shifted_trips_per_day": 269.03725226363048, "roi_congestion_savings_yen_day": 94141.515312089585, "roi_operating_savings_yen_day": 13145.160145600985, "roi_emissions_avoided_kg_day": 69.949685588543929, "roi_health_benefit_yen_day": 8071.1175679089147, "roi_parking_spaces_freed": 5.3807450452726098, "observed_commuters": 833.0, "observed_bicycle": 45.0, "observed_bicycle_share": 0.0541, "observed_rail_share": 0.5833, "observed_car_share": 0.0309 }, "geometry": { "type": "Polygon", "coordinates": [ [ [ 139.741047021438447, 35.700871648949168 ], [ 139.740481162509184, 35.702625208663996 ], [ 139.738495955667503, 35.703097409032182 ], [ 139.737076704394298, 35.701816068528643 ], [ 139.737642612990157, 35.700062561823117 ], [ 139.739627723195809, 35.699590342612126 ], [ 139.741047021438447, 35.700871648949168 ] ] ] } },
{ "type": "Feature", "properties": { "hex_id": "892f5a374cbffff", "population": 2246.2462215517862, "production_score": 0.54604638187080423, "attraction_score": 0.46008708272859217, "potential_score": 0.60245338583975849, "stress_score": 2.0222222222222221, "infra_quality_score": 0.65925925925925921, "gap_score": -0.056805873419500719, "schools_nearby": 23, "stations_nearby": 6, "shops_nearby": 595, "bike_parking_nearby": 5, "bike_parking_capacity_nearby": 20.0, "bike_sharing_nearby": 4, "bike_sharing_capacity_nearby": 18.0, "flat_terrain": 1, "roi_car_trips_per_day": 1572.3723550862503, "roi_congestion_cost_yen_day": 550204.53449178068, "roi_operating_cost_yen_day": 76826.113269514186, "roi_emissions_kg_day": 408.81681232242511, "roi_shifted_trips_per_day": 314.4744710172501, "roi_congestion_savings_yen_day": 110040.90689835616, "roi_operating_savings_yen_day": 15365.22265390284, "roi_emissions_avoided_kg_day": 81.763362464485027, "roi_health_benefit_yen_day": 9434.2341305175032, "roi_parking_spaces_freed": 6.289489420345002, "observed_commuters": 931.0, "observed_bicycle": 57.0, "observed_bicycle_share": 0.0612, "observed_rail_share": 0.6208, "observed_car_share": 0.0304 }, "geometry": { "type": "Polygon", "coordinates": [ [ [ 139.73509158246776, 35.7022882123334 ], [ 139.734525615177745, 35.704041677793015 ], [ 139.732540481538337, 35.7045137461877 ], [ 139.731121411827388, 35.703232367978067 ], [ 139.731687428767572, 35.701478955531485 ], [ 139.733672465771718, 35.701006868281802 ], [ 139.73509158246776, 35.7022882123334 ] ] ] } },
{ "type": "Feature", "properties": { "hex_id": "892f5a37013ffff", "population": 1860.6156775861696, "production_score": 0.4523000416040921, "attraction_score": 0.28882438316400583, "potential_score": 0.29644976990723915, "stress_score": 2.3333333333333335, "infra_quality_score": 0.55555555555555558, "gap_score": -0.25910578564831643, "schools_nearby": 52, "stations_nearby": 5, "shops_nearby": 275, "bike_parking_nearby": 1, "bike_parking_capacity_nearby": 4.0, "bike_sharing_nearby": 2, "bike_sharing_capacity_nearby": 8.0, "flat_terrain": 0, "roi_car_trips_per_day": 1302.4309743103186, "roi_congestion_cost_yen_day": 455746.64653066668, "roi_operating_cost_yen_day": 63636.777404802167, "roi_emissions_kg_day": 338.63205332068281, "roi_shifted_trips_per_day": 260.48619486206371, "roi_congestion_savings_yen_day": 91149.329306133339, "roi_operating_savings_yen_day": 12727.355480960432, "roi_emissions_avoided_kg_day": 67.726410664136566, "roi_health_benefit_yen_day": 7814.5858458619114, "roi_parking_spaces_freed": 5.2097238972412745, "observed_commuters": 797.0, "observed_bicycle": 40.0, "observed_bicycle_share": 0.0496, "observed_rail_share": 0.5758, "observed_car_share": 0.0144 }, "geometry": { "type": "Polygon", "coordinates": [ [ [ 139.709572754650424, 35.71320974250672 ], [ 139.709006286351723, 35.714962801237213 ], [ 139.707021337639674, 35.715434247498614 ], [ 139.705602953873921, 35.714152653939848 ], [ 139.706169471758557, 35.712399648236975 ], [ 139.708154323826221, 35.71192818306551 ], [ 139.709572754650424, 35.71320974250672 ] ] ] } },
{ "type": "Feature", "properties": { "hex_id": "892f5a3293bffff", "population": 3010.747033325616, "production_score": 0.73189564707091026, "attraction_score": 0.35703918722786648, "potential_score": 0.63557393371951076, "stress_score": 2.236842105263158, "infra_quality_score": 0.58771929824561409, "gap_score": 0.047854635473896678, "schools_nearby": 7, "stations_nearby": 4, "shops_nearby": 507, "bike_parking_nearby": 2, "bike_parking_capacity_nearby": 16.0, "bike_sharing_nearby": 4, "bike_sharing_capacity_nearby": 41.0, "flat_terrain": 1, "roi_car_trips_per_day": 2107.5229233279315, "roi_congestion_cost_yen_day": 737464.42133090983, "roi_operating_cost_yen_day": 102973.57003380274, "roi_emissions_kg_day": 547.95596006526216, "roi_shifted_trips_per_day": 421.50458466558632, "roi_congestion_savings_yen_day": 147492.88426618197, "roi_operating_savings_yen_day": 20594.714006760547, "roi_emissions_avoided_kg_day": 109.59119201305245, "roi_health_benefit_yen_day": 12645.137539967589, "roi_parking_spaces_freed": 8.4300916933117271, "observed_commuters": 1247.0, "observed_bicycle": 117.0, "observed_bicycle_share": 0.0936, "observed_rail_share": 0.6065, "observed_car_share": 0.0303 }, "geometry": { "type": "Polygon", "coordinates": [ [ [ 139.742754153885102, 35.706941484629738 ], [ 139.742188276905267, 35.70869506786174 ], [ 139.740202876765949, 35.709167230543834 ], [ 139.738783450262787, 35.707885828837334 ], [ 139.739349376922604, 35.706132298611813 ], [ 139.741334680408812, 35.705660117086616 ], [ 139.742754153885102, 35.706941484629738 ] ] ] } },
{ "type": "Feature", "properties": { "hex_id": "892f5a37457ffff", "population": 2344.4005993686051, "production_score": 0.56990759785971024, "attraction_score": 0.31567489114658925, "potential_score": 0.35423299560251981, "stress_score": 2.0681818181818183, "infra_quality_score": 0.64393939393939381, "gap_score": -0.289706398336874, "schools_nearby": 32, "stations_nearby": 5, "shops_nearby": 372, "bike_parking_nearby": 1, "bike_parking_capacity_nearby": 4.0, "bike_sharing_nearby": 2, "bike_sharing_capacity_nearby": 13.0, "flat_terrain": 0, "roi_car_trips_per_day": 1641.0804195580236, "roi_congestion_cost_yen_day": 574246.86041174363, "roi_operating_cost_yen_day": 80183.18929960503, "roi_emissions_kg_day": 426.68090908508611, "roi_shifted_trips_per_day": 328.21608391160476, "roi_congestion_savings_yen_day": 114849.37208234874, "roi_operating_savings_yen_day": 16036.637859921007, "roi_emissions_avoided_kg_day": 85.336181817017234, "roi_health_benefit_yen_day": 9846.4825173481422, "roi_parking_spaces_freed": 6.564321678232095, "observed_commuters": 1018.0, "observed_bicycle": 97.0, "observed_bicycle_share": 0.0949, "observed_rail_share": 0.5972, "observed_car_share": 0.0253 }, "geometry": { "type": "Polygon", "coordinates": [ [ [ 139.729136363122137, 35.703704379819968 ], [ 139.728570287491976, 35.705457751010591 ], [ 139.726585227093665, 35.705929687440857 ], [ 139.72516633896322, 35.70464827154796 ], [ 139.725732464227093, 35.702894953374084 ], [ 139.727717427990939, 35.702422998076621 ], [ 139.729136363122137, 35.703704379819968 ] ] ] } },
{ "type": "Feature", "properties": { "hex_id": "892f5a375c3ffff", "population": 1840.9478308900486, "production_score": 0.44751881076659783, "attraction_score": 0.78447024673439769, "potential_score": 0.69279562300039821, "stress_score": 2.0, "infra_quality_score": 0.66666666666666674, "gap_score": 0.026128956333731468, "schools_nearby": 35, "stations_nearby": 17, "shops_nearby": 973, "bike_parking_nearby": 0, "bike_parking_capacity_nearby": 0.0, "bike_sharing_nearby": 5, "bike_sharing_capacity_nearby": 57.0, "flat_terrain": 1, "roi_car_trips_per_day": 1288.6634816230339, "roi_congestion_cost_yen_day": 450929.12548953207, "roi_operating_cost_yen_day": 62964.097712101437, "roi_emissions_kg_day": 335.05250522198884, "roi_shifted_trips_per_day": 257.73269632460682, "roi_congestion_savings_yen_day": 90185.825097906418, "roi_operating_savings_yen_day": 12592.81954242029, "roi_emissions_avoided_kg_day": 67.01050104439777, "roi_health_benefit_yen_day": 7731.9808897382045, "roi_parking_spaces_freed": 5.1546539264921369, "observed_commuters": 519.0, "observed_bicycle": 47.0, "observed_bicycle_share": 0.0906, "observed_rail_share": 0.4674, "observed_car_share": 0.0249 }, "geometry": { "type": "Polygon", "coordinates": [ [ [ 139.710415246945047, 35.69358770251003 ], [ 139.709848941432966, 35.695340785048266 ], [ 139.707864499086384, 35.695812476645543 ], [ 139.706446458849257, 35.694531104601872 ], [ 139.707012813923825, 35.692778075096101 ], [ 139.708997159676244, 35.692306364601805 ], [ 139.710415246945047, 35.69358770251003 ] ] ] } },
{ "type": "Feature", "properties": { "hex_id": "892f5a3710bffff", "population": 2586.4326564534135, "production_score": 0.62874531166110403, "attraction_score": 0.07474600870827286, "potential_score": 0.28139652814775074, "stress_score": 2.0178571428571428, "infra_quality_score": 0.66071428571428581, "gap_score": -0.37931775756653507, "schools_nearby": 16, "stations_nearby": 2, "shops_nearby": 97, "bike_parking_nearby": 0, "bike_parking_capacity_nearby": 0.0, "bike_sharing_nearby": 2, "bike_sharing_capacity_nearby": 33.0, "flat_terrain": 0, "roi_car_trips_per_day": 1810.5028595173894, "roi_congestion_cost_yen_day": 633531.16060232499, "roi_operating_cost_yen_day": 88461.169716019649, "roi_emissions_kg_day": 470.73074347452126, "roi_shifted_trips_per_day": 362.10057190347788, "roi_congestion_savings_yen_day": 126706.23212046499, "roi_operating_savings_yen_day": 17692.23394320393, "roi_emissions_avoided_kg_day": 94.146148694904255, "roi_health_benefit_yen_day": 10863.017157104336, "roi_parking_spaces_freed": 7.2420114380695582, "observed_commuters": 1040.0, "observed_bicycle": 122.0, "observed_bicycle_share": 0.1177, "observed_rail_share": 0.6742, "observed_car_share": 0.0272 }, "geometry": { "type": "Polygon", "coordinates": [ [ [ 139.684053873324928, 35.712795856321996 ], [ 139.6834869903727, 35.71454851420313 ], [ 139.681502528835125, 35.715019470669745 ], [ 139.680085046877082, 35.713737788213962 ], [ 139.680651979335948, 35.711985183378083 ], [ 139.68263634424946, 35.711514207953023 ], [ 139.684053873324928, 35.712795856321996 ] ] ] } },
{ "type": "Feature", "properties": { "hex_id": "892f5a3754fffff", "population": 1620.5402460405705, "production_score": 0.39393798121356932, "attraction_score": 0.45573294629898403, "potential_score": 0.53986837100502139, "stress_score": 1.9347826086956521, "infra_quality_score": 0.68840579710144922, "gap_score": -0.14853742609642784, "schools_nearby": 52, "stations_nearby": 8, "shops_nearby": 496, "bike_parking_nearby": 2, "bike_parking_capacity_nearby": 8.0, "bike_sharing_nearby": 3, "bike_sharing_capacity_nearby": 30.0, "flat_terrain": 1, "roi_car_trips_per_day": 1134.3781722283993, "roi_congestion_cost_yen_day": 396941.61002616148, "roi_operating_cost_yen_day": 55425.717495079589, "roi_emissions_kg_day": 294.93832477938383, "roi_shifted_trips_per_day": 226.87563444567988, "roi_congestion_savings_yen_day": 79388.322005232301, "roi_operating_savings_yen_day": 11085.14349901592, "roi_emissions_avoided_kg_day": 58.987664955876774, "roi_health_benefit_yen_day": 6806.2690333703968, "roi_parking_spaces_freed": 4.5375126889135977, "observed_commuters": 565.0, "observed_bicycle": 50.0, "observed_bicycle_share": 0.089, "observed_rail_share": 0.5301, "observed_car_share": 0.0247 }, "geometry": { "type": "Polygon", "coordinates": [ [ [ 139.703614344729658, 35.703296104679765 ], [ 139.703047854147712, 35.705049075179112 ], [ 139.70106328035601, 35.705520521674323 ], [ 139.699645293763751, 35.704239016586087 ], [ 139.700211833900084, 35.702486099121202 ], [ 139.702196311077586, 35.70201463371037 ], [ 139.703614344729658, 35.703296104679765 ] ] ] } },
{ "type": "Feature", "properties": { "hex_id": "892f5a37097ffff", "population": 1491.9857573674551, "production_score": 0.36268653335357409, "attraction_score": 0.38243831640058057, "potential_score": 0.49804993990166191, "stress_score": 2.03125, "infra_quality_score": 0.65625, "gap_score": -0.15820006009833809, "schools_nearby": 55, "stations_nearby": 8, "shops_nearby": 386, "bike_parking_nearby": 2, "bike_parking_capacity_nearby": 8.0, "bike_sharing_nearby": 5, "bike_sharing_capacity_nearby": 40.0, "flat_terrain": 1, "roi_car_trips_per_day": 1044.3900301572187, "roi_congestion_cost_yen_day": 365452.95935261401, "roi_operating_cost_yen_day": 51028.896873481703, "roi_emissions_kg_day": 271.54140784087684, "roi_shifted_trips_per_day": 208.87800603144376, "roi_congestion_savings_yen_day": 73090.59187052281, "roi_operating_savings_yen_day": 10205.779374696342, "roi_emissions_avoided_kg_day": 54.308281568175381, "roi_health_benefit_yen_day": 6266.3401809433126, "roi_parking_spaces_freed": 4.1775601206288755, "observed_commuters": 575.0, "observed_bicycle": 69.0, "observed_bicycle_share": 0.1204, "observed_rail_share": 0.5858, "observed_car_share": 0.0273 }, "geometry": { "type": "Polygon", "coordinates": [ [ [ 139.710420025111574, 35.704915935923822 ], [ 139.709853633673106, 35.706669012484383 ], [ 139.707868889863164, 35.707140571979672 ], [ 139.706450634118397, 35.705859073818282 ], [ 139.707017075134416, 35.704106050287038 ], [ 139.709001722320835, 35.703634471888172 ], [ 139.710420025111574, 35.704915935923822 ] ] ] } },
{ "type": "Feature", "properties": { "hex_id": "892f5aadb77ffff", "population": 137.15990178190276, "production_score": 0.033329931167034407, "attraction_score": 0.19303338171262699, "potential_score": 0.2905453251518646, "stress_score": 4.0, "infra_quality_score": 0.0, "gap_score": 0.2905453251518646, "schools_nearby": 12, "stations_nearby": 6, "shops_nearby": 260, "bike_parking_nearby": 0, "bike_parking_capacity_nearby": 0.0, "bike_sharing_nearby": 0, "bike_sharing_capacity_nearby": 0.0, "flat_terrain": 1, "roi_car_trips_per_day": 96.011931247331944, "roi_congestion_cost_yen_day": 33596.494982066397, "roi_operating_cost_yen_day": 4691.1429607446389, "roi_emissions_kg_day": 24.963102124306307, "roi_shifted_trips_per_day": 19.20238624946639, "roi_congestion_savings_yen_day": 6719.2989964132794, "roi_operating_savings_yen_day": 938.22859214892776, "roi_emissions_avoided_kg_day": 4.9926204248612613, "roi_health_benefit_yen_day": 576.07158748399172, "roi_parking_spaces_freed": 0.38404772498932782, "observed_commuters": 62.0, "observed_bicycle": 6.0, "observed_bicycle_share": 0.101, "observed_rail_share": 0.4876, "observed_car_share": 0.095 }, "geometry": { "type": "Polygon", "coordinates": [ [ [ 139.713812605888421, 35.683069001159673 ], [ 139.7132464358356, 35.684822142571015 ], [ 139.711262209913997, 35.685294022709236 ], [ 139.70984425061792, 35.68401278032082 ], [ 139.710410470229704, 35.682259691942512 ], [ 139.712394599581785, 35.681787792919891 ], [ 139.713812605888421, 35.683069001159673 ] ] ] } },
{ "type": "Feature", "properties": { "hex_id": "892f5a374dbffff", "population": 2479.4704104901493, "production_score": 0.60274291308901895, "attraction_score": 0.44484760522496369, "potential_score": 0.4190362073255931, "stress_score": 1.9142857142857144, "infra_quality_score": 0.69523809523809521, "gap_score": -0.27620188791250211, "schools_nearby": 19, "stations_nearby": 7, "shops_nearby": 583, "bike_parking_nearby": 2, "bike_parking_capacity_nearby": 8.0, "bike_sharing_nearby": 1, "bike_sharing_capacity_nearby": 4.0, "flat_terrain": 0, "roi_car_trips_per_day": 1735.6292873431048, "roi_congestion_cost_yen_day": 607331.40022709931, "roi_operating_cost_yen_day": 84802.846979584094, "roi_emissions_kg_day": 451.26361470920727, "roi_shifted_trips_per_day": 347.12585746862101, "roi_congestion_savings_yen_day": 121466.28004541987, "roi_operating_savings_yen_day": 16960.569395916824, "roi_emissions_avoided_kg_day": 90.252722941841469, "roi_health_benefit_yen_day": 10413.775724058631, "roi_parking_spaces_freed": 6.9425171493724207, "observed_commuters": 1096.0, "observed_bicycle": 74.0, "observed_bicycle_share": 0.0679, "observed_rail_share": 0.6131, "observed_car_share": 0.0332 }, "geometry": { "type": "Polygon", "coordinates": [ [ [ 139.737642612990157, 35.700062561823117 ], [ 139.737076704394298, 35.701816068528643 ], [ 139.73509158246776, 35.7022882123334 ], [ 139.733672465771718, 35.701006868281802 ], [ 139.734238424022607, 35.699253414588227 ], [ 139.73622344931772, 35.698781251934577 ], [ 139.737642612990157, 35.700062561823117 ] ] ] } },
{ "type": "Feature", "properties": { "hex_id": "892f5a37023ffff", "population": 2443.8335679492793, "production_score": 0.59407963778796946, "attraction_score": 0.22931785195936139, "potential_score": 0.32935899589893236, "stress_score": 2.1774193548387095, "infra_quality_score": 0.60752688172043023, "gap_score": -0.27816788582149787, "schools_nearby": 37, "stations_nearby": 6, "shops_nearby": 235, "bike_parking_nearby": 1, "bike_parking_capacity_nearby": 4.0, "bike_sharing_nearby": 4, "bike_sharing_capacity_nearby": 26.0, "flat_terrain": 0, "roi_car_trips_per_day": 1710.6834975644954, "roi_congestion_cost_yen_day": 598602.36946776824, "roi_operating_cost_yen_day": 83583.995691001241, "roi_emissions_kg_day": 444.77770936676882, "roi_shifted_trips_per_day": 342.1366995128991, "roi_congestion_savings_yen_day": 119720.47389355366, "roi_operating_savings_yen_day": 16716.799138200251, "roi_emissions_avoided_kg_day": 88.955541873353766, "roi_health_benefit_yen_day": 10264.100985386973, "roi_parking_spaces_freed": 6.8427339902579822, "observed_commuters": 862.0, "observed_bicycle": 91.0, "observed_bicycle_share": 0.1059, "observed_rail_share": 0.6671, "observed_car_share": 0.0218 }, "geometry": { "type": "Polygon", "coordinates": [ [ [ 139.697663645996016, 35.716037949065608 ], [ 139.697096961186162, 35.717790819102092 ], [ 139.695112159346962, 35.718262001489194 ], [ 139.693694138963565, 35.716980332774455 ], [ 139.694260873326385, 35.715227515772952 ], [ 139.696245578522849, 35.714756314451492 ], [ 139.697663645996016, 35.716037949065608 ] ] ] } },
{ "type": "Feature", "properties": { "hex_id": "892f5aadb03ffff", "population": 9.4303822066715188, "production_score": 0.0022790323428195864, "attraction_score": 0.049346879535558781, "potential_score": 0.020650364751351347, "stress_score": 2.0, "infra_quality_score": 0.66666666666666674, "gap_score": -0.64601630191531534, "schools_nearby": 9, "stations_nearby": 3, "shops_nearby": 80, "bike_parking_nearby": 1, "bike_parking_capacity_nearby": 4.0, "bike_sharing_nearby": 2, "bike_sharing_capacity_nearby": 10.0, "flat_terrain": 0, "roi_car_trips_per_day": 6.6012675446700628, "roi_congestion_cost_yen_day": 2309.9155392309485, "roi_operating_cost_yen_day": 322.53793223257929, "roi_emissions_kg_day": 1.7163295616142165, "roi_shifted_trips_per_day": 1.3202535089340126, "roi_congestion_savings_yen_day": 461.98310784618974, "roi_operating_savings_yen_day": 64.507586446515859, "roi_emissions_avoided_kg_day": 0.34326591232284331, "roi_health_benefit_yen_day": 39.607605268020379, "roi_parking_spaces_freed": 0.026405070178680254, "observed_commuters": 4.0, "observed_bicycle": 0.0, "observed_bicycle_share": 0.094, "observed_rail_share": 0.448, "observed_car_share": 0.0336 }, "geometry": { "type": "Polygon", "coordinates": [ [ [ 139.718913187002755, 35.678618608331071 ], [ 139.718347134231635, 35.680371832159473 ], [ 139.716362931587042, 35.680843863029374 ], [ 139.714944878278629, 35.679562688943257 ], [ 139.715510980618518, 35.677809518145594 ], [ 139.717495086701263, 35.677337468403607 ], [ 139.718913187002755, 35.678618608331071 ] ] ] } },
{ "type": "Feature", "properties": { "hex_id": "892f5a37467ffff", "population": 1019.925338159773, "production_score": 0.24792919014521075, "attraction_score": 0.26632801161103048, "potential_score": 0.20570288070249648, "stress_score": 1.95, "infra_quality_score": 0.68333333333333335, "gap_score": -0.47763045263083687, "schools_nearby": 40, "stations_nearby": 6, "shops_nearby": 277, "bike_parking_nearby": 2, "bike_parking_capacity_nearby": 8.0, "bike_sharing_nearby": 0, "bike_sharing_capacity_nearby": 0.0, "flat_terrain": 0, "roi_car_trips_per_day": 713.947736711841, "roi_congestion_cost_yen_day": 249824.59203020742, "roi_operating_cost_yen_day": 34883.486415740554, "roi_emissions_kg_day": 185.62641154507867, "roi_shifted_trips_per_day": 142.78954734236819, "roi_congestion_savings_yen_day": 49964.918406041485, "roi_operating_savings_yen_day": 6976.6972831481098, "roi_emissions_avoided_kg_day": 37.125282309015731, "roi_health_benefit_yen_day": 4283.6864202710458, "roi_parking_spaces_freed": 2.8557909468473639, "observed_commuters": 433.0, "observed_bicycle": 36.0, "observed_bicycle_share": 0.0829, "observed_rail_share": 0.5202, "observed_car_share": 0.021 }, "geometry": { "type": "Polygon", "coordinates": [ [ [ 139.717226583772117, 35.706535527208985 ], [ 139.716660291523453, 35.708288709820522 ], [ 139.714675377723836, 35.70876038234919 ], [ 139.713256852809025, 35.70747889115821 ], [ 139.713823194658403, 35.705725761570889 ], [ 139.715808011825146, 35.705254070150644 ], [ 139.717226583772117, 35.706535527208985 ] ] ] } },
{ "type": "Feature", "properties": { "hex_id": "892f5a375d3ffff", "population": 2276.2678085910993, "production_score": 0.55334459503875566, "attraction_score": 0.64876632801161105, "potential_score": 0.68084436922014668, "stress_score": 2.4333333333333331, "infra_quality_score": 0.52222222222222237, "gap_score": 0.15862214699792432, "schools_nearby": 27, "stations_nearby": 15, "shops_nearby": 816, "bike_parking_nearby": 3, "bike_parking_capacity_nearby": 12.0, "bike_sharing_nearby": 6, "bike_sharing_capacity_nearby": 30.0, "flat_terrain": 1, "roi_car_trips_per_day": 1593.3874660137694, "roi_congestion_cost_yen_day": 557558.14210753818, "roi_operating_cost_yen_day": 77852.91158943277, "roi_emissions_kg_day": 414.28074116358005, "roi_shifted_trips_per_day": 318.67749320275391, "roi_congestion_savings_yen_day": 111511.62842150766, "roi_operating_savings_yen_day": 15570.582317886556, "roi_emissions_avoided_kg_day": 82.856148232716023, "roi_health_benefit_yen_day": 9560.3247960826175, "roi_parking_spaces_freed": 6.3735498640550787, "observed_commuters": 791.0, "observed_bicycle": 63.0, "observed_bicycle_share": 0.0791, "observed_rail_share": 0.4916, "observed_car_share": 0.0154 }, "geometry": { "type": "Polygon", "coordinates": [ [ [ 139.71296592452336, 35.691362811740554 ], [ 139.712399677665388, 35.693115935524965 ], [ 139.710415246945047, 35.69358770251003 ], [ 139.708997159676244, 35.692306364601805 ], [ 139.709563456101563, 35.690553293848737 ], [ 139.711547790231549, 35.69008150797282 ], [ 139.71296592452336, 35.691362811740554 ] ] ] } },
{ "type": "Feature", "properties": { "hex_id": "892f5a3711bffff", "population": 2908.0413189292381, "production_score": 0.70692800641120912, "attraction_score": 0.072568940493468792, "potential_score": 0.51179877876187119, "stress_score": 2.1315789473684212, "infra_quality_score": 0.62280701754385959, "gap_score": -0.1110082387819884, "schools_nearby": 15, "stations_nearby": 2, "shops_nearby": 97, "bike_parking_nearby": 6, "bike_parking_capacity_nearby": 45.0, "bike_sharing_nearby": 1, "bike_sharing_capacity_nearby": 14.0, "flat_terrain": 1, "roi_car_trips_per_day": 2035.6289232504664, "roi_congestion_cost_yen_day": 712307.27282380324, "roi_operating_cost_yen_day": 99460.829190017786, "roi_emissions_kg_day": 529.26352004512125, "roi_shifted_trips_per_day": 407.12578465009329, "roi_congestion_savings_yen_day": 142461.45456476064, "roi_operating_savings_yen_day": 19892.165838003559, "roi_emissions_avoided_kg_day": 105.85270400902427, "roi_health_benefit_yen_day": 12213.773539502799, "roi_parking_spaces_freed": 8.1425156930018652, "observed_commuters": 1227.0, "observed_bicycle": 73.0, "observed_bicycle_share": 0.0592, "observed_rail_share": 0.7336, "observed_car_share": 0.0185 }, "geometry": { "type": "Polygon", "coordinates": [ [ [ 139.686605147615978, 35.710572125227138 ], [ 139.686038323319906, 35.712324824435342 ], [ 139.684053873324928, 35.712795856321996 ], [ 139.68263634424946, 35.711514207953023 ], [ 139.683203218057145, 35.709761561788937 ], [ 139.685187571431868, 35.709290510949998 ], [ 139.686605147615978, 35.710572125227138 ] ] ] } },
{ "type": "Feature", "properties": { "hex_id": "892f5a370a7ffff", "population": 2630.4148782528837, "production_score": 0.63943733903035394, "attraction_score": 0.29825834542815677, "potential_score": 0.57507827378340437, "stress_score": 2.1666666666666665, "infra_quality_score": 0.61111111111111116, "gap_score": -0.03603283732770679, "schools_nearby": 48, "stations_nearby": 6, "shops_nearby": 297, "bike_parking_nearby": 0, "bike_parking_capacity_nearby": 0.0, "bike_sharing_nearby": 2, "bike_sharing_capacity_nearby": 7.0, "flat_terrain": 1, "roi_car_trips_per_day": 1841.2904147770184, "roi_congestion_cost_yen_day": 644304.34193877433, "roi_operating_cost_yen_day": 89965.449666005123, "roi_emissions_kg_day": 478.73550784202479, "roi_shifted_trips_per_day": 368.25808295540372, "roi_congestion_savings_yen_day": 128860.86838775488, "roi_operating_savings_yen_day": 17993.089933201027, "roi_emissions_avoided_kg_day": 95.747101568404972, "roi_health_benefit_yen_day": 11047.742488662112, "roi_parking_spaces_freed": 7.3651616591080744, "observed_commuters": 850.0, "observed_bicycle": 110.0, "observed_bicycle_share": 0.1288, "observed_rail_share": 0.5497, "observed_car_share": 0.0375 }, "geometry": { "type": "Polygon", "coordinates": [ [ [ 139.698512145721281, 35.707744821970188 ], [ 139.697945537812728, 35.709497709881951 ], [ 139.69596094083272, 35.709969005554662 ], [ 139.69454304838635, 35.708687432243842 ], [ 139.695109705839457, 35.706934597368807 ], [ 139.69709420619759, 35.706463282768141 ], [ 139.698512145721281, 35.707744821970188 ] ] ] } },
{ "type": "Feature", "properties": { "hex_id": "892f5a37033ffff", "population": 2391.1552515475173, "production_score": 0.58127359985515092, "attraction_score": 0.27503628447024675, "potential_score": 0.34252395373015909, "stress_score": 2.0208333333333335, "infra_quality_score": 0.6597222222222221, "gap_score": -0.31719826849206301, "schools_nearby": 49, "stations_nearby": 5, "shops_nearby": 265, "bike_parking_nearby": 0, "bike_parking_capacity_nearby": 0.0, "bike_sharing_nearby": 7, "bike_sharing_capacity_nearby": 75.0, "flat_terrain": 0, "roi_car_trips_per_day": 1673.8086760832621, "roi_congestion_cost_yen_day": 585699.13193505513, "roi_operating_cost_yen_day": 81782.291913428184, "roi_emissions_kg_day": 435.19025578164815, "roi_shifted_trips_per_day": 334.76173521665243, "roi_congestion_savings_yen_day": 117139.82638701102, "roi_operating_savings_yen_day": 16356.458382685638, "roi_emissions_avoided_kg_day": 87.03805115632963, "roi_health_benefit_yen_day": 10042.852056499572, "roi_parking_spaces_freed": 6.6952347043330489, "observed_commuters": 873.0, "observed_bicycle": 73.0, "observed_bicycle_share": 0.0831, "observed_rail_share": 0.6322, "observed_car_share": 0.0216 }, "geometry": { "type": "Polygon", "coordinates": [ [ [ 139.700215062379385, 35.713813779890145 ], [ 139.699648436245326, 35.715566691249201 ], [ 139.697663645996016, 35.716037949065608 ], [ 139.696245578522849, 35.714756314451492 ], [ 139.696812254214763, 35.713003456126309 ], [ 139.698796947825173, 35.712532179381682 ], [ 139.700215062379385, 35.713813779890145 ] ] ] } },
{ "type": "Feature", "properties": { "hex_id": "892f5aadb13ffff", "population": 122.9208379395743, "production_score": 0.02986843117713377, "attraction_score": 0.012336719883889695, "potential_score": 0.21688206042440938, "stress_score": 2.5, "infra_quality_score": 0.5, "gap_score": -0.28311793957559062, "schools_nearby": 7, "stations_nearby": 2, "shops_nearby": 38, "bike_parking_nearby": 0, "bike_parking_capacity_nearby": 0.0, "bike_sharing_nearby": 0, "bike_sharing_capacity_nearby": 0.0, "flat_terrain": 1, "roi_car_trips_per_day": 86.044586557702004, "roi_congestion_cost_yen_day": 30108.721728271088, "roi_operating_cost_yen_day": 4204.1384992093199, "roi_emissions_kg_day": 22.371592505002521, "roi_shifted_trips_per_day": 17.2089173115404, "roi_congestion_savings_yen_day": 6021.7443456542169, "roi_operating_savings_yen_day": 840.82769984186393, "roi_emissions_avoided_kg_day": 4.4743185010005044, "roi_health_benefit_yen_day": 516.267519346212, "roi_parking_spaces_freed": 0.34417834623080801, "observed_commuters": 45.0, "observed_bicycle": 6.0, "observed_bicycle_share": 0.1369, "observed_rail_share": 0.6572, "observed_car_share": 0.0 }, "geometry": { "type": "Polygon", "coordinates": [ [ [ 139.721463372128255, 35.676393237077512 ], [ 139.720897377996863, 35.678146502101121 ], [ 139.718913187002755, 35.678618608331071 ], [ 139.717495086701263, 35.677337468403607 ], [ 139.71806113040634, 35.675584256409586 ], [ 139.720045224842494, 35.675112131313732 ], [ 139.721463372128255, 35.676393237077512 ] ] ] } },
{ "type": "Feature", "properties": { "hex_id": "892f5a37477ffff", "population": 919.10886358477603, "production_score": 0.22342082150613152, "attraction_score": 0.2474600870827286, "potential_score": 0.18835236343554407, "stress_score": 2.064516129032258, "infra_quality_score": 0.64516129032258074, "gap_score": -0.45680892688703667, "schools_nearby": 40, "stations_nearby": 7, "shops_nearby": 248, "bike_parking_nearby": 0, "bike_parking_capacity_nearby": 0.0, "bike_sharing_nearby": 1, "bike_sharing_capacity_nearby": 2.0, "flat_terrain": 0, "roi_car_trips_per_day": 643.37620450934321, "roi_congestion_cost_yen_day": 225130.20148190937, "roi_operating_cost_yen_day": 31435.361352326508, "roi_emissions_kg_day": 167.27781317242923, "roi_shifted_trips_per_day": 128.67524090186865, "roi_congestion_savings_yen_day": 45026.040296381878, "roi_operating_savings_yen_day": 6287.0722704653017, "roi_emissions_avoided_kg_day": 33.455562634485851, "roi_health_benefit_yen_day": 3860.2572270560595, "roi_parking_spaces_freed": 2.5735048180373732, "observed_commuters": 433.0, "observed_bicycle": 21.0, "observed_bicycle_share": 0.0486, "observed_rail_share": 0.3806, "observed_car_share": 0.0212 }, "geometry": { "type": "Polygon", "coordinates": [ [ [ 139.719777719485194, 35.704310555378129 ], [ 139.719211485918265, 35.70606377926557 ], [ 139.717226583772117, 35.706535527208985 ], [ 139.715808011825146, 35.705254070150644 ], [ 139.716374294997649, 35.703500899286233 ], [ 139.718359100514817, 35.703029132457431 ], [ 139.719777719485194, 35.704310555378129 ] ] ] } },
{ "type": "Feature", "properties": { "hex_id": "892f5a37403ffff", "population": 2963.3348106231529, "production_score": 0.72036979043995175, "attraction_score": 0.23875181422351233, "potential_score": 0.58364864186538568, "stress_score": 2.1282051282051282, "infra_quality_score": 0.62393162393162394, "gap_score": -0.04028298206623826, "schools_nearby": 34, "stations_nearby": 4, "shops_nearby": 263, "bike_parking_nearby": 1, "bike_parking_capacity_nearby": 4.0, "bike_sharing_nearby": 1, "bike_sharing_capacity_nearby": 7.0, "flat_terrain": 1, "roi_car_trips_per_day": 2074.3343674362072, "roi_congestion_cost_yen_day": 725851.08185327763, "roi_operating_cost_yen_day": 101351.97719293309, "roi_emissions_kg_day": 539.32693553341392, "roi_shifted_trips_per_day": 414.86687348724149, "roi_congestion_savings_yen_day": 145170.21637065554, "roi_operating_savings_yen_day": 20270.39543858662, "roi_emissions_avoided_kg_day": 107.86538710668279, "roi_health_benefit_yen_day": 12446.006204617244, "roi_parking_spaces_freed": 8.2973374697448303, "observed_commuters": 1125.0, "observed_bicycle": 109.0, "observed_bicycle_share": 0.097, "observed_rail_share": 0.5632, "observed_car_share": 0.03 }, "geometry": { "type": "Polygon", "coordinates": [ [ [ 139.724879779876773, 35.699860261695221 ], [ 139.724313663671097, 35.701613568107952 ], [ 139.722328784855819, 35.702085466869292 ], [ 139.720910118870762, 35.700804078091259 ], [ 139.721476284691846, 35.699050824699306 ], [ 139.723461066885818, 35.698578907064885 ], [ 139.724879779876773, 35.699860261695221 ] ] ] } },
{ "type": "Feature", "properties": { "hex_id": "892f5a3756fffff", "population": 2147.5152949449957, "production_score": 0.5220450075363241, "attraction_score": 0.19593613933236576, "potential_score": 0.28719245874747595, "stress_score": 2.0192307692307692, "infra_quality_score": 0.66025641025641035, "gap_score": -0.3730639515089344, "schools_nearby": 32, "stations_nearby": 2, "shops_nearby": 216, "bike_parking_nearby": 0, "bike_parking_capacity_nearby": 0.0, "bike_sharing_nearby": 3, "bike_sharing_capacity_nearby": 22.0, "flat_terrain": 0, "roi_car_trips_per_day": 1503.260706461497, "roi_congestion_cost_yen_day": 526020.98640500708, "roi_operating_cost_yen_day": 73449.318117708739, "roi_emissions_kg_day": 390.84778367998922, "roi_shifted_trips_per_day": 300.6521412922994, "roi_congestion_savings_yen_day": 105204.19728100141, "roi_operating_savings_yen_day": 14689.863623541749, "roi_emissions_avoided_kg_day": 78.169556735997844, "roi_health_benefit_yen_day": 9019.5642387689822, "roi_parking_spaces_freed": 6.0130428258459885, "observed_commuters": 707.0, "observed_bicycle": 80.0, "observed_bicycle_share": 0.113, "observed_rail_share": 0.5723, "observed_car_share": 0.0233 }, "geometry": { "type": "Polygon", "coordinates": [ [ [ 139.694258549224514, 35.7039002315869 ], [ 139.693691900892276, 35.705653054723129 ], [ 139.691707485572977, 35.706124312846889 ], [ 139.690289815197872, 35.7048427667685 ], [ 139.690856513056474, 35.703089996672986 ], [ 139.692840831767029, 35.702618719615394 ], [ 139.694258549224514, 35.7039002315869 ] ] ] } },
{ "type": "Feature", "properties": { "hex_id": "892f5a370b7ffff", "population": 1742.1435657490381, "production_score": 0.42349960791907271, "attraction_score": 0.36502177068214803, "potential_score": 0.51540855144048825, "stress_score": 1.96, "infra_quality_score": 0.68, "gap_score": -0.16459144855951169, "schools_nearby": 54, "stations_nearby": 8, "shops_nearby": 365, "bike_parking_nearby": 0, "bike_parking_capacity_nearby": 0.0, "bike_sharing_nearby": 3, "bike_sharing_capacity_nearby": 20.0, "flat_terrain": 1, "roi_car_trips_per_day": 1219.5004960243266, "roi_congestion_cost_yen_day": 426727.6135688324, "roi_operating_cost_yen_day": 59584.794235748595, "roi_emissions_kg_day": 317.07012896632494, "roi_shifted_trips_per_day": 243.90009920486534, "roi_congestion_savings_yen_day": 85345.522713766477, "roi_operating_savings_yen_day": 11916.958847149721, "roi_emissions_avoided_kg_day": 63.41402579326499, "roi_health_benefit_yen_day": 7317.00297614596, "roi_parking_spaces_freed": 4.878001984097307, "observed_commuters": 673.0, "observed_bicycle": 55.0, "observed_bicycle_share": 0.0817, "observed_rail_share": 0.697, "observed_car_share": 0.0274 }, "geometry": { "type": "Polygon", "coordinates": [ [ [ 139.70106328035601, 35.705520521674323 ], [ 139.700496731111144, 35.707273450884287 ], [ 139.698512145721281, 35.707744821970188 ], [ 139.69709420619759, 35.706463282768141 ], [ 139.697660804991955, 35.704710406593748 ], [ 139.699645293763751, 35.704239016586087 ], [ 139.70106328035601, 35.705520521674323 ] ] ] } },
{ "type": "Feature", "properties": { "hex_id": "892f5a37487ffff", "population": 2188.3452243534953, "production_score": 0.53197071626269588, "attraction_score": 0.28156748911465895, "potential_score": 0.32541528215094195, "stress_score": 2.6081081081081079, "infra_quality_score": 0.463963963963964, "gap_score": -0.13854868181302205, "schools_nearby": 34, "stations_nearby": 7, "shops_nearby": 313, "bike_parking_nearby": 1, "bike_parking_capacity_nearby": 4.0, "bike_sharing_nearby": 2, "bike_sharing_capacity_nearby": 12.0, "flat_terrain": 0, "roi_car_trips_per_day": 1531.8416570474467, "roi_congestion_cost_yen_day": 536022.03263404255, "roi_operating_cost_yen_day": 74845.78336333824, "roi_emissions_kg_day": 398.27883083233615, "roi_shifted_trips_per_day": 306.36833140948937, "roi_congestion_savings_yen_day": 107204.40652680853, "roi_operating_savings_yen_day": 14969.15667266765, "roi_emissions_avoided_kg_day": 79.655766166467245, "roi_health_benefit_yen_day": 9191.0499422846806, "roi_parking_spaces_freed": 6.1273666281897876, "observed_commuters": 856.0, "observed_bicycle": 71.0, "observed_bicycle_share": 0.0827, "observed_rail_share": 0.5655, "observed_car_share": 0.0311 }, "geometry": { "type": "Polygon", "coordinates": [ [ [ 139.725725360013115, 35.691565669578878 ], [ 139.72515932059477, 35.693318993675724 ], [ 139.723174646683304, 35.693791005573935 ], [ 139.721756108793841, 35.692509712242227 ], [ 139.722322197819182, 35.690756441167835 ], [ 139.724306775130202, 35.690284410403009 ], [ 139.725725360013115, 35.691565669578878 ] ] ] } },
{ "type": "Feature", "properties": { "hex_id": "892f5a37413ffff", "population": 3272.4592225965675, "production_score": 0.79551757829824665, "attraction_score": 0.21190130624092887, "potential_score": 0.40296755381567023, "stress_score": 2.25, "infra_quality_score": 0.58333333333333326, "gap_score": -0.18036577951766303, "schools_nearby": 28, "stations_nearby": 6, "shops_nearby": 238, "bike_parking_nearby": 1, "bike_parking_capacity_nearby": 4.0, "bike_sharing_nearby": 1, "bike_sharing_capacity_nearby": 8.0, "flat_terrain": 0, "roi_car_trips_per_day": 2290.7214558175974, "roi_congestion_cost_yen_day": 801569.25181969372, "roi_operating_cost_yen_day": 111924.6503312478, "roi_emissions_kg_day": 595.58757851257531, "roi_shifted_trips_per_day": 458.14429116351948, "roi_congestion_savings_yen_day": 160313.85036393875, "roi_operating_savings_yen_day": 22384.930066249563, "roi_emissions_avoided_kg_day": 119.11751570251506, "roi_health_benefit_yen_day": 13744.328734905584, "roi_parking_spaces_freed": 9.1628858232703898, "observed_commuters": 1318.0, "observed_bicycle": 123.0, "observed_bicycle_share": 0.0936, "observed_rail_share": 0.5642, "observed_car_share": 0.03 }, "geometry": { "type": "Polygon", "coordinates": [ [ [ 139.727430704540922, 35.697634939868649 ], [ 139.726864647014651, 35.699388287530695 ], [ 139.724879779876773, 35.699860261695221 ], [ 139.723461066885818, 35.698578907064885 ], [ 139.724027174032358, 35.696825612422451 ], [ 139.726011944552766, 35.696353619391004 ], [ 139.727430704540922, 35.697634939868649 ] ] ] } },
{ "type": "Feature", "properties": { "hex_id": "892f5a3750bffff", "population": 959.88235863079171, "production_score": 0.23333281110410198, "attraction_score": 0.94775036284470249, "potential_score": 0.47243326957952181, "stress_score": 2.2666666666666666, "infra_quality_score": 0.57777777777777772, "gap_score": -0.10534450819825592, "schools_nearby": 40, "stations_nearby": 21, "shops_nearby": 1171, "bike_parking_nearby": 0, "bike_parking_capacity_nearby": 0.0, "bike_sharing_nearby": 3, "bike_sharing_capacity_nearby": 35.0, "flat_terrain": 0, "roi_car_trips_per_day": 671.91765104155411, "roi_congestion_cost_yen_day": 235117.42445246063, "roi_operating_cost_yen_day": 32829.89642989033, "roi_emissions_kg_day": 174.69858927080406, "roi_shifted_trips_per_day": 134.38353020831082, "roi_congestion_savings_yen_day": 47023.484890492124, "roi_operating_savings_yen_day": 6565.9792859780664, "roi_emissions_avoided_kg_day": 34.939717854160811, "roi_health_benefit_yen_day": 4031.5059062493247, "roi_parking_spaces_freed": 2.6876706041662164, "observed_commuters": 242.0, "observed_bicycle": 14.0, "observed_bicycle_share": 0.0572, "observed_rail_share": 0.44, "observed_car_share": 0.0212 }, "geometry": { "type": "Polygon", "coordinates": [ [ [ 139.701911318784624, 35.697227287679752 ], [ 139.701344846409313, 35.698980234664305 ], [ 139.699360465837543, 35.699451718990616 ], [ 139.697942654241501, 35.698170275247996 ], [ 139.698509176157927, 35.696417381300748 ], [ 139.700493460132463, 35.695945878059099 ], [ 139.701911318784624, 35.697227287679752 ] ] ] } },
{ "type": "Feature", "properties": { "hex_id": "892f5a37497ffff", "population": 2479.1066936247062, "production_score": 0.6026544939387154, "attraction_score": 0.2467343976777939, "potential_score": 0.33975555664660373, "stress_score": 1.962962962962963, "infra_quality_score": 0.67901234567901225, "gap_score": -0.33925678903240852, "schools_nearby": 30, "stations_nearby": 7, "shops_nearby": 277, "bike_parking_nearby": 0, "bike_parking_capacity_nearby": 0.0, "bike_sharing_nearby": 3, "bike_sharing_capacity_nearby": 14.0, "flat_terrain": 0, "roi_car_trips_per_day": 1735.3746855372942, "roi_congestion_cost_yen_day": 607242.30996321002, "roi_operating_cost_yen_day": 84790.407135352201, "roi_emissions_kg_day": 451.1974182396965, "roi_shifted_trips_per_day": 347.07493710745888, "roi_congestion_savings_yen_day": 121448.46199264201, "roi_operating_savings_yen_day": 16958.08142707044, "roi_emissions_avoided_kg_day": 90.239483647939309, "roi_health_benefit_yen_day": 10412.248113223766, "roi_parking_spaces_freed": 6.9414987421491778, "observed_commuters": 1024.0, "observed_bicycle": 119.0, "observed_bicycle_share": 0.1165, "observed_rail_share": 0.565, "observed_car_share": 0.0282 }, "geometry": { "type": "Polygon", "coordinates": [ [ [ 139.728276002997973, 35.6893402169718 ], [ 139.727710022246924, 35.691093582293654 ], [ 139.725725360013115, 35.691565669578878 ], [ 139.724306775130202, 35.690284410403009 ], [ 139.724872805493135, 35.688531098102473 ], [ 139.726857371130308, 35.688058991956815 ], [ 139.728276002997973, 35.6893402169718 ] ] ] } },
{ "type": "Feature", "properties": { "hex_id": "892f5a3714bffff", "population": 1820.626030196999, "production_score": 0.44257860446703462, "attraction_score": 0.10304789550072568, "potential_score": 0.41825059998710412, "stress_score": 2.0416666666666665, "infra_quality_score": 0.6527777777777779, "gap_score": -0.23452717779067378, "schools_nearby": 20, "stations_nearby": 4, "shops_nearby": 118, "bike_parking_nearby": 0, "bike_parking_capacity_nearby": 0.0, "bike_sharing_nearby": 2, "bike_sharing_capacity_nearby": 10.0, "flat_terrain": 1, "roi_car_trips_per_day": 1274.4382211378993, "roi_congestion_cost_yen_day": 445951.42234057374, "roi_operating_cost_yen_day": 62269.051484797761, "roi_emissions_kg_day": 331.35393749585381, "roi_shifted_trips_per_day": 254.88764422757987, "roi_congestion_savings_yen_day": 89190.284468114754, "roi_operating_savings_yen_day": 12453.810296959553, "roi_emissions_avoided_kg_day": 66.270787499170765, "roi_health_benefit_yen_day": 7646.6293268273957, "roi_parking_spaces_freed": 5.0977528845515971, "observed_commuters": 736.0, "observed_bicycle": 97.0, "observed_bicycle_share": 0.1325, "observed_rail_share": 0.6499, "observed_car_share": 0.045 }, "geometry": { "type": "Polygon", "coordinates": [ [ [ 139.689157900810017, 35.719675284801554 ], [ 139.688591049103081, 35.721428019129128 ], [ 139.686606309196435, 35.721898994158103 ], [ 139.685188517645656, 35.720617253812499 ], [ 139.685755418884128, 35.71886457252473 ], [ 139.687740062145025, 35.718393578543058 ], [ 139.689157900810017, 35.719675284801554 ] ] ] } },
{ "type": "Feature", "properties": { "hex_id": "892f5a3666fffff", "population": 1475.6067056598524, "production_score": 0.35870480478291422, "attraction_score": 0.063134978229317851, "potential_score": 0.36873591320489285, "stress_score": 2.1538461538461537, "infra_quality_score": 0.61538461538461542, "gap_score": -0.24664870217972257, "schools_nearby": 6, "stations_nearby": 2, "shops_nearby": 111, "bike_parking_nearby": 0, "bike_parking_capacity_nearby": 0.0, "bike_sharing_nearby": 1, "bike_sharing_capacity_nearby": 11.0, "flat_terrain": 1, "roi_car_trips_per_day": 1032.9246939618965, "roi_congestion_cost_yen_day": 361441.00891114684, "roi_operating_cost_yen_day": 50468.700546978267, "roi_emissions_kg_day": 268.56042043009313, "roi_shifted_trips_per_day": 206.58493879237932, "roi_congestion_savings_yen_day": 72288.201782229371, "roi_operating_savings_yen_day": 10093.740109395654, "roi_emissions_avoided_kg_day": 53.712084086018628, "roi_health_benefit_yen_day": 6197.5481637713792, "roi_parking_spaces_freed": 4.1316987758475863, "observed_commuters": 570.0, "observed_bicycle": 58.0, "observed_bicycle_share": 0.1016, "observed_rail_share": 0.5347, "observed_car_share": 0.0265 }, "geometry": { "type": "Polygon", "coordinates": [ [ [ 139.688302646635236, 35.682660859949351 ], [ 139.687736062176242, 35.684413600657827 ], [ 139.685752322939436, 35.684884991315144 ], [ 139.684335264714065, 35.683603660197036 ], [ 139.684901898652839, 35.681850972539216 ], [ 139.686885541340445, 35.681379562949125 ], [ 139.688302646635236, 35.682660859949351 ] ] ] } },
{ "type": "Feature", "properties": { "hex_id": "892f5a32907ffff", "population": 1789.833027014369, "production_score": 0.43509286092476435, "attraction_score": 0.31712626995645865, "potential_score": 0.50088765235248922, "stress_score": 2.6326530612244898, "infra_quality_score": 0.45578231292517002, "gap_score": 0.045105339427319202, "schools_nearby": 8, "stations_nearby": 4, "shops_nearby": 449, "bike_parking_nearby": 7, "bike_parking_capacity_nearby": 36.0, "bike_sharing_nearby": 3, "bike_sharing_capacity_nearby": 37.0, "flat_terrain": 1, "roi_car_trips_per_day": 1252.8831189100583, "roi_congestion_cost_yen_day": 438408.86096900766, "roi_operating_cost_yen_day": 61215.86918994545, "roi_emissions_kg_day": 325.74961091661515, "roi_shifted_trips_per_day": 250.57662378201167, "roi_congestion_savings_yen_day": 87681.772193801531, "roi_operating_savings_yen_day": 12243.17383798909, "roi_emissions_avoided_kg_day": 65.149922183323042, "roi_health_benefit_yen_day": 7517.29871346035, "roi_parking_spaces_freed": 5.0115324756402337, "observed_commuters": 731.0, "observed_bicycle": 51.0, "observed_bicycle_share": 0.0693, "observed_rail_share": 0.5661, "observed_car_share": 0.0286 }, "geometry": { "type": "Polygon", "coordinates": [ [ [ 139.745305360554141, 35.704715622043459 ], [ 139.744739542283952, 35.706469246526765 ], [ 139.742754153885102, 35.706941484629738 ], [ 139.741334680408812, 35.705660117086616 ], [ 139.741900548363873, 35.703906545608611 ], [ 139.743885840113506, 35.703434288668689 ], [ 139.745305360554141, 35.704715622043459 ] ] ] } },
{ "type": "Feature", "properties": { "hex_id": "892f5a37423ffff", "population": 1955.1390613269239, "production_score": 0.47527856712283789, "attraction_score": 0.25761973875181421, "potential_score": 0.29315932234986086, "stress_score": 2.1304347826086958, "infra_quality_score": 0.62318840579710133, "gap_score": -0.33002908344724047, "schools_nearby": 42, "stations_nearby": 7, "shops_nearby": 256, "bike_parking_nearby": 0, "bike_parking_capacity_nearby": 0.0, "bike_sharing_nearby": 1, "bike_sharing_capacity_nearby": 5.0, "flat_terrain": 0, "roi_car_trips_per_day": 1368.5973429288467, "roi_congestion_cost_yen_day": 478899.58223766205, "roi_operating_cost_yen_day": 66869.666175503444, "roi_emissions_kg_day": 355.83530916150016, "roi_shifted_trips_per_day": 273.71946858576933, "roi_congestion_savings_yen_day": 95779.916447532407, "roi_operating_savings_yen_day": 13373.933235100689, "roi_emissions_avoided_kg_day": 71.167061832300035, "roi_health_benefit_yen_day": 8211.5840575730799, "roi_parking_spaces_freed": 5.4743893717153869, "observed_commuters": 684.0, "observed_bicycle": 113.0, "observed_bicycle_share": 0.1655, "observed_rail_share": 0.4515, "observed_car_share": 0.0279 }, "geometry": { "type": "Polygon", "coordinates": [ [ [ 139.715522084695976, 35.700466313759847 ], [ 139.714955810600657, 35.702219472867974 ], [ 139.712971090058261, 35.702691183179631 ], [ 139.711552740230275, 35.701409753274724 ], [ 139.712119063912951, 35.699656647193649 ], [ 139.714103687839525, 35.699184917990706 ], [ 139.715522084695976, 35.700466313759847 ] ] ] } },
{ "type": "Feature", "properties": { "hex_id": "892f5a3758fffff", "population": 31.869844310762129, "production_score": 0.0077340396878799672, "attraction_score": 0.83599419448476053, "potential_score": 0.53749129366905624, "stress_score": 2.903225806451613, "infra_quality_score": 0.36559139784946237, "gap_score": 0.17189989581959386, "schools_nearby": 21, "stations_nearby": 18, "shops_nearby": 1083, "bike_parking_nearby": 7, "bike_parking_capacity_nearby": 126.0, "bike_sharing_nearby": 2, "bike_sharing_capacity_nearby": 49.0, "flat_terrain": 1, "roi_car_trips_per_day": 22.30889101753349, "roi_congestion_cost_yen_day": 7806.3271448553196, "roi_operating_cost_yen_day": 1090.0124151166863, "roi_emissions_kg_day": 5.8003116645587074, "roi_shifted_trips_per_day": 4.4617782035066984, "roi_congestion_savings_yen_day": 1561.265428971064, "roi_operating_savings_yen_day": 218.00248302333728, "roi_emissions_avoided_kg_day": 1.1600623329117417, "roi_health_benefit_yen_day": 133.85334610520096, "roi_parking_spaces_freed": 0.089235564070133971, "observed_commuters": 12.0, "observed_bicycle": 1.0, "observed_bicycle_share": 0.0567, "observed_rail_share": 0.2011, "observed_car_share": 0.0156 }, "geometry": { "type": "Polygon", "coordinates": [ [ [ 139.702759177721759, 35.688934078259308 ], [ 139.70219278219642, 35.690687042942059 ], [ 139.700208606401389, 35.691158640479756 ], [ 139.698790922711282, 35.689877292243857 ], [ 139.699357367769323, 35.688124380600136 ], [ 139.701341446987982, 35.687652764153562 ], [ 139.702759177721759, 35.688934078259308 ] ] ] } },
{ "type": "Feature", "properties": { "hex_id": "892f5a370d7ffff", "population": 2713.1641745786746, "production_score": 0.6595535974844049, "attraction_score": 0.2960812772133527, "potential_score": 0.38225394987910305, "stress_score": 2.1463414634146343, "infra_quality_score": 0.61788617886178865, "gap_score": -0.2356322289826856, "schools_nearby": 42, "stations_nearby": 7, "shops_nearby": 309, "bike_parking_nearby": 1, "bike_parking_capacity_nearby": 4.0, "bike_sharing_nearby": 4, "bike_sharing_capacity_nearby": 39.0, "flat_terrain": 0, "roi_car_trips_per_day": 1899.2149222050721, "roi_congestion_cost_yen_day": 664573.28557799885, "roi_operating_cost_yen_day": 92795.641098939814, "roi_emissions_kg_day": 493.79587977331875, "roi_shifted_trips_per_day": 379.84298444101444, "roi_congestion_savings_yen_day": 132914.65711559978, "roi_operating_savings_yen_day": 18559.128219787966, "roi_emissions_avoided_kg_day": 98.75917595466376, "roi_health_benefit_yen_day": 11395.289533230432, "roi_parking_spaces_freed": 7.5968596888202891, "observed_commuters": 1141.0, "observed_bicycle": 121.0, "observed_bicycle_share": 0.1061, "observed_rail_share": 0.5698, "observed_car_share": 0.0269 }, "geometry": { "type": "Polygon", "coordinates": [ [ [ 139.715527639265076, 35.71179504549643 ], [ 139.714961279252918, 35.713548198553347 ], [ 139.712976257162666, 35.714019776765603 ], [ 139.711557691732963, 35.712738220819055 ], [ 139.712124101347541, 35.710985120785999 ], [ 139.714109026792613, 35.710513523675893 ], [ 139.715527639265076, 35.71179504549643 ] ] ] } },
{ "type": "Feature", "properties": { "hex_id": "892f5a373afffff", "population": 1371.7123505125817, "production_score": 0.33344820692821975, "attraction_score": 0.025399129172714079, "potential_score": 0.34353893444037353, "stress_score": 2.1538461538461537, "infra_quality_score": 0.61538461538461542, "gap_score": -0.27184568094424189, "schools_nearby": 11, "stations_nearby": 1, "shops_nearby": 47, "bike_parking_nearby": 0, "bike_parking_capacity_nearby": 0.0, "bike_sharing_nearby": 1, "bike_sharing_capacity_nearby": 7.0, "flat_terrain": 1, "roi_car_trips_per_day": 960.19864535880731, "roi_congestion_cost_yen_day": 335992.70998395386, "roi_operating_cost_yen_day": 46915.305812231323, "roi_emissions_kg_day": 249.6516477932899, "roi_shifted_trips_per_day": 192.03972907176149, "roi_congestion_savings_yen_day": 67198.54199679078, "roi_operating_savings_yen_day": 9383.0611624462654, "roi_emissions_avoided_kg_day": 49.930329558657988, "roi_health_benefit_yen_day": 5761.1918721528446, "roi_parking_spaces_freed": 3.84079458143523, "observed_commuters": 661.0, "observed_bicycle": 60.0, "observed_bicycle_share": 0.0902, "observed_rail_share": 0.6104, "observed_car_share": 0.0567 }, "geometry": { "type": "Polygon", "coordinates": [ [ [ 139.681502915294658, 35.726346062492311 ], [ 139.680935887565795, 35.728098672742625 ], [ 139.678951113020872, 35.728569421444632 ], [ 139.677533462865199, 35.727287578867781 ], [ 139.678100540110819, 35.725535021660711 ], [ 139.680085217998482, 35.725064253987533 ], [ 139.681502915294658, 35.726346062492311 ] ] ] } },
{ "type": "Feature", "properties": { "hex_id": "892f5a3751bffff", "population": 308.22666006279582, "production_score": 0.074916062714627432, "attraction_score": 1.0, "potential_score": 0.62996642508585099, "stress_score": 2.6470588235294117, "infra_quality_score": 0.45098039215686281, "gap_score": 0.17898603292898818, "schools_nearby": 39, "stations_nearby": 21, "shops_nearby": 1246, "bike_parking_nearby": 14, "bike_parking_capacity_nearby": 519.0, "bike_sharing_nearby": 4, "bike_sharing_capacity_nearby": 88.0, "flat_terrain": 1, "roi_car_trips_per_day": 215.75866204395709, "roi_congestion_cost_yen_day": 75498.271022421468, "roi_operating_cost_yen_day": 10541.968227467743, "roi_emissions_kg_day": 56.097252131428846, "roi_shifted_trips_per_day": 43.151732408791418, "roi_congestion_savings_yen_day": 15099.654204484294, "roi_operating_savings_yen_day": 2108.3936454935488, "roi_emissions_avoided_kg_day": 11.219450426285769, "roi_health_benefit_yen_day": 1294.5519722637425, "roi_parking_spaces_freed": 0.86303464817582842, "observed_commuters": 51.0, "observed_bicycle": 3.0, "observed_bicycle_share": 0.0609, "observed_rail_share": 0.2654, "observed_car_share": 0.0316 }, "geometry": { "type": "Polygon", "coordinates": [ [ [ 139.704462101482449, 35.695002739710674 ], [ 139.703895687757893, 35.696755727960266 ], [ 139.701911318784624, 35.697227287679752 ], [ 139.700493460132463, 35.695945878059099 ], [ 139.701059923402994, 35.694192942845682 ], [ 139.703044195782894, 35.693721364217005 ], [ 139.704462101482449, 35.695002739710674 ] ] ] } },
{ "type": "Feature", "properties": { "hex_id": "892f5a37063ffff", "population": 1733.7153293384085, "production_score": 0.42145071337282114, "attraction_score": 0.055152394775036286, "potential_score": 0.39064124325914301, "stress_score": 1.8, "infra_quality_score": 0.73333333333333339, "gap_score": -0.34269209007419038, "schools_nearby": 17, "stations_nearby": 1, "shops_nearby": 70, "bike_parking_nearby": 0, "bike_parking_capacity_nearby": 0.0, "bike_sharing_nearby": 1, "bike_sharing_capacity_nearby": 4.0, "flat_terrain": 1, "roi_car_trips_per_day": 1213.600730536886, "roi_congestion_cost_yen_day": 424663.16762946715, "roi_operating_cost_yen_day": 59296.531694032245, "roi_emissions_kg_day": 315.53618993959037, "roi_shifted_trips_per_day": 242.72014610737722, "roi_congestion_savings_yen_day": 84932.633525893441, "roi_operating_savings_yen_day": 11859.306338806451, "roi_emissions_avoided_kg_day": 63.107237987918076, "roi_health_benefit_yen_day": 7281.6043832213163, "roi_parking_spaces_freed": 4.8544029221475444, "observed_commuters": 734.0, "observed_bicycle": 60.0, "observed_bicycle_share": 0.0819, "observed_rail_share": 0.6306, "observed_car_share": 0.0596 }, "geometry": { "type": "Polygon", "coordinates": [ [ [ 139.702770025521659, 35.722917534415387 ], [ 139.702203372056687, 35.724670480876689 ], [ 139.700218291839604, 35.725141681907594 ], [ 139.698799961755185, 35.723859955406127 ], [ 139.699366664797992, 35.722107061974398 ], [ 139.701351648350624, 35.721635842014862 ], [ 139.702770025521659, 35.722917534415387 ] ] ] } },
{ "type": "Feature", "properties": { "hex_id": "892f5a371cfffff", "population": 2984.4834773820976, "production_score": 0.72551100692602999, "attraction_score": 0.10740203193033382, "potential_score": 0.53316521554254548, "stress_score": 2.0256410256410255, "infra_quality_score": 0.65811965811965822, "gap_score": -0.12495444257711275, "schools_nearby": 24, "stations_nearby": 3, "shops_nearby": 115, "bike_parking_nearby": 1, "bike_parking_capacity_nearby": 4.0, "bike_sharing_nearby": 0, "bike_sharing_capacity_nearby": 0.0, "flat_terrain": 1, "roi_car_trips_per_day": 2089.1384341674684, "roi_congestion_cost_yen_day": 731031.3208838806, "roi_operating_cost_yen_day": 102075.3038934225, "roi_emissions_kg_day": 543.17599288354177, "roi_shifted_trips_per_day": 417.82768683349371, "roi_congestion_savings_yen_day": 146206.26417677614, "roi_operating_savings_yen_day": 20415.060778684503, "roi_emissions_avoided_kg_day": 108.63519857670838, "roi_health_benefit_yen_day": 12534.830605004812, "roi_parking_spaces_freed": 8.3565537366698752, "observed_commuters": 1253.0, "observed_bicycle": 79.0, "observed_bicycle_share": 0.0631, "observed_rail_share": 0.7225, "observed_car_share": 0.0274 }, "geometry": { "type": "Polygon", "coordinates": [ [ [ 139.690007296830316, 35.711382628775596 ], [ 139.689440522057367, 35.713135381025346 ], [ 139.687455986988112, 35.713606469381922 ], [ 139.686038323319906, 35.712324824435342 ], [ 139.686605147615978, 35.710572125227138 ], [ 139.688589586060345, 35.710101017924288 ], [ 139.690007296830316, 35.711382628775596 ] ] ] } },
{ "type": "Feature", "properties": { "hex_id": "892f5aadb43ffff", "population": 1849.8914623152587, "production_score": 0.44969299724618994, "attraction_score": 0.26269956458635702, "potential_score": 0.28495702473301876, "stress_score": 1.9268292682926829, "infra_quality_score": 0.69105691056910579, "gap_score": -0.40609988583608703, "schools_nearby": 28, "stations_nearby": 8, "shops_nearby": 302, "bike_parking_nearby": 3, "bike_parking_capacity_nearby": 12.0, "bike_sharing_nearby": 1, "bike_sharing_capacity_nearby": 4.0, "flat_terrain": 0, "roi_car_trips_per_day": 1294.9240236206811, "roi_congestion_cost_yen_day": 453119.81434534874, "roi_operating_cost_yen_day": 63269.987794106477, "roi_emissions_kg_day": 336.6802461413771, "roi_shifted_trips_per_day": 258.98480472413621, "roi_congestion_savings_yen_day": 90623.962869069743, "roi_operating_savings_yen_day": 12653.997558821295, "roi_emissions_avoided_kg_day": 67.336049228275414, "roi_health_benefit_yen_day": 7769.5441417240863, "roi_parking_spaces_freed": 5.1796960944827246, "observed_commuters": 761.0, "observed_bicycle": 67.0, "observed_bicycle_share": 0.0887, "observed_rail_share": 0.5562, "observed_car_share": 0.0296 }, "geometry": { "type": "Polygon", "coordinates": [ [ [ 139.724020329455072, 35.685496569095996 ], [ 139.723454308148547, 35.687249869591021 ], [ 139.72146982742953, 35.687721919222369 ], [ 139.720051464603671, 35.686440687225314 ], [ 139.720617535503862, 35.684687439755621 ], [ 139.72260191963943, 35.684215371257928 ], [ 139.724020329455072, 35.685496569095996 ] ] ] } },
{ "type": "Feature", "properties": { "hex_id": "892f5a374a7ffff", "population": 4113.6085121358619, "production_score": 1.0, "attraction_score": 0.46226415094339623, "potential_score": 0.78490566037735854, "stress_score": 2.5405405405405403, "infra_quality_score": 0.48648648648648651, "gap_score": 0.29841917389087202, "schools_nearby": 32, "stations_nearby": 9, "shops_nearby": 562, "bike_parking_nearby": 3, "bike_parking_capacity_nearby": 12.0, "bike_sharing_nearby": 4, "bike_sharing_capacity_nearby": 21.0, "flat_terrain": 1, "roi_car_trips_per_day": 2879.5259584951032, "roi_congestion_cost_yen_day": 1007603.7233966065, "roi_operating_cost_yen_day": 140693.63833207075, "roi_emissions_kg_day": 748.67674920872685, "roi_shifted_trips_per_day": 575.90519169902063, "roi_congestion_savings_yen_day": 201520.7446793213, "roi_operating_savings_yen_day": 28138.727666414146, "roi_emissions_avoided_kg_day": 149.73534984174537, "roi_health_benefit_yen_day": 17277.155750970618, "roi_parking_spaces_freed": 11.518103833980414, "observed_commuters": 1511.0, "observed_bicycle": 144.0, "observed_bicycle_share": 0.0956, "observed_rail_share": 0.5858, "observed_car_share": 0.0355 }, "geometry": { "type": "Polygon", "coordinates": [ [ [ 139.716368612429449, 35.692172269671516 ], [ 139.715802415150421, 35.69392544648467 ], [ 139.713817899469291, 35.694397269968839 ], [ 139.712399677665388, 35.693115935524965 ], [ 139.71296592452336, 35.691362811740554 ], [ 139.714950343609445, 35.690890969371566 ], [ 139.716368612429449, 35.692172269671516 ] ] ] } },
{ "type": "Feature", "properties": { "hex_id": "892f5a3715bffff", "population": 2118.9142996192809, "production_score": 0.51509213857475611, "attraction_score": 0.13134978229317851, "potential_score": 0.25857676834717386, "stress_score": 2.0454545454545454, "infra_quality_score": 0.6515151515151516, "gap_score": -0.39293838316797775, "schools_nearby": 26, "stations_nearby": 4, "shops_nearby": 139, "bike_parking_nearby": 0, "bike_parking_capacity_nearby": 0.0, "bike_sharing_nearby": 3, "bike_sharing_capacity_nearby": 19.0, "flat_terrain": 0, "roi_car_trips_per_day": 1483.2400097334964, "roi_congestion_cost_yen_day": 519015.34420594509, "roi_operating_cost_yen_day": 72471.10687557864, "roi_emissions_kg_day": 385.64240253070909, "roi_shifted_trips_per_day": 296.64800194669931, "roi_congestion_savings_yen_day": 103803.06884118903, "roi_operating_savings_yen_day": 14494.221375115729, "roi_emissions_avoided_kg_day": 77.128480506141827, "roi_health_benefit_yen_day": 8899.44005840098, "roi_parking_spaces_freed": 5.9329600389339863, "observed_commuters": 858.0, "observed_bicycle": 92.0, "observed_bicycle_share": 0.1076, "observed_rail_share": 0.6623, "observed_car_share": 0.0499 }, "geometry": { "type": "Polygon", "coordinates": [ [ [ 139.691709422189064, 35.717451458668933 ], [ 139.691142629154569, 35.719204234337901 ], [ 139.689157900810017, 35.719675284801554 ], [ 139.687740062145025, 35.718393578543058 ], [ 139.688306904716001, 35.716640855912793 ], [ 139.690291536418641, 35.716169786502583 ], [ 139.691709422189064, 35.717451458668933 ] ] ] } },
{ "type": "Feature", "properties": { "hex_id": "892f5a37433ffff", "population": 2052.7536546126685, "production_score": 0.49900856211508637, "attraction_score": 0.26632801161103048, "potential_score": 0.50613462949044674, "stress_score": 2.1, "infra_quality_score": 0.6333333333333333, "gap_score": -0.12719870384288656, "schools_nearby": 40, "stations_nearby": 6, "shops_nearby": 277, "bike_parking_nearby": 3, "bike_parking_capacity_nearby": 12.0, "bike_sharing_nearby": 2, "bike_sharing_capacity_nearby": 12.0, "flat_terrain": 1, "roi_car_trips_per_day": 1436.9275582288678, "roi_congestion_cost_yen_day": 502809.69117544545, "roi_operating_cost_yen_day": 70208.280495062485, "roi_emissions_kg_day": 373.60116513950567, "roi_shifted_trips_per_day": 287.38551164577359, "roi_congestion_savings_yen_day": 100561.9382350891, "roi_operating_savings_yen_day": 14041.656099012498, "roi_emissions_avoided_kg_day": 74.720233027901131, "roi_health_benefit_yen_day": 8621.5653493732079, "roi_parking_spaces_freed": 5.7477102329154723, "observed_commuters": 840.0, "observed_bicycle": 94.0, "observed_bicycle_share": 0.1122, "observed_rail_share": 0.5172, "observed_car_share": 0.0235 }, "geometry": { "type": "Polygon", "coordinates": [ [ [ 139.71807300901753, 35.698241327677152 ], [ 139.717506793592605, 35.699994528045771 ], [ 139.715522084695976, 35.700466313759847 ], [ 139.714103687839525, 35.699184917990706 ], [ 139.714669952856696, 35.697431770647995 ], [ 139.71665456514134, 35.696959966048809 ], [ 139.71807300901753, 35.698241327677152 ] ] ] } },
{ "type": "Feature", "properties": { "hex_id": "892f5a3752bffff", "population": 2806.9160488204084, "production_score": 0.68234456993416814, "attraction_score": 0.43831640058055155, "potential_score": 0.64826438820588783, "stress_score": 2.0161290322580645, "infra_quality_score": 0.66129032258064524, "gap_score": -0.013025934374757409, "schools_nearby": 34, "stations_nearby": 6, "shops_nearby": 532, "bike_parking_nearby": 2, "bike_parking_capacity_nearby": 8.0, "bike_sharing_nearby": 1, "bike_sharing_capacity_nearby": 11.0, "flat_terrain": 1, "roi_car_trips_per_day": 1964.841234174286, "roi_congestion_cost_yen_day": 687537.24466226622, "roi_operating_cost_yen_day": 96002.142701755613, "roi_emissions_kg_day": 510.85872088531437, "roi_shifted_trips_per_day": 392.96824683485721, "roi_congestion_savings_yen_day": 137507.44893245323, "roi_operating_savings_yen_day": 19200.428540351124, "roi_emissions_avoided_kg_day": 102.17174417706288, "roi_health_benefit_yen_day": 11789.047405045716, "roi_parking_spaces_freed": 7.8593649366971441, "observed_commuters": 1047.0, "observed_bicycle": 135.0, "observed_bicycle_share": 0.1292, "observed_rail_share": 0.5231, "observed_car_share": 0.0342 }, "geometry": { "type": "Polygon", "coordinates": [ [ [ 139.692556471087755, 35.697831627307593 ], [ 139.691989841000151, 35.699584426938799 ], [ 139.690005618889813, 35.700055722929996 ], [ 139.688588123461983, 35.698774238223827 ], [ 139.689154803062593, 35.697021491636185 ], [ 139.691138928581267, 35.69655017671144 ], [ 139.692556471087755, 35.697831627307593 ] ] ] } },
{ "type": "Feature", "properties": { "hex_id": "892f5a37073ffff", "population": 1844.3219855505445, "production_score": 0.44833906387119515, "attraction_score": 0.13570391872278664, "potential_score": 0.43361719303759272, "stress_score": 2.0256410256410255, "infra_quality_score": 0.65811965811965822, "gap_score": -0.22450246508206551, "schools_nearby": 23, "stations_nearby": 4, "shops_nearby": 154, "bike_parking_nearby": 0, "bike_parking_capacity_nearby": 0.0, "bike_sharing_nearby": 2, "bike_sharing_capacity_nearby": 28.0, "flat_terrain": 1, "roi_car_trips_per_day": 1291.0253898853812, "roi_congestion_cost_yen_day": 451755.6044286926, "roi_operating_cost_yen_day": 63079.500549799726, "roi_emissions_kg_day": 335.66660137019909, "roi_shifted_trips_per_day": 258.20507797707626, "roi_congestion_savings_yen_day": 90351.120885738521, "roi_operating_savings_yen_day": 12615.900109959946, "roi_emissions_avoided_kg_day": 67.133320274039832, "roi_health_benefit_yen_day": 7746.1523393122879, "roi_parking_spaces_freed": 5.1641015595415256, "observed_commuters": 762.0, "observed_bicycle": 38.0, "observed_bicycle_share": 0.0496, "observed_rail_share": 0.6085, "observed_car_share": 0.0541 }, "geometry": { "type": "Polygon", "coordinates": [ [ [ 139.705321688902188, 35.720693270142412 ], [ 139.704755094129297, 35.722446257940561 ], [ 139.702770025521659, 35.722917534415387 ], [ 139.701351648350624, 35.721635842014862 ], [ 139.701918292706267, 35.719882907245157 ], [ 139.703903264653349, 35.719411611847839 ], [ 139.705321688902188, 35.720693270142412 ] ] ] } },
{ "type": "Feature", "properties": { "hex_id": "892f5aadb53ffff", "population": 2065.19625390591, "production_score": 0.50203334364600827, "attraction_score": 0.18722786647314948, "potential_score": 0.27570448404766312, "stress_score": 1.8444444444444446, "infra_quality_score": 0.71851851851851856, "gap_score": -0.44281403447085543, "schools_nearby": 19, "stations_nearby": 7, "shops_nearby": 228, "bike_parking_nearby": 0, "bike_parking_capacity_nearby": 0.0, "bike_sharing_nearby": 0, "bike_sharing_capacity_nearby": 0.0, "flat_terrain": 0, "roi_car_trips_per_day": 1445.6373777341369, "roi_congestion_cost_yen_day": 505857.43121672922, "roi_operating_cost_yen_day": 70633.842276089927, "roi_emissions_kg_day": 375.86571821087557, "roi_shifted_trips_per_day": 289.12747554682738, "roi_congestion_savings_yen_day": 101171.48624334585, "roi_operating_savings_yen_day": 14126.768455217985, "roi_emissions_avoided_kg_day": 75.17314364217512, "roi_health_benefit_yen_day": 8673.8242664048212, "roi_parking_spaces_freed": 5.7825495109365477, "observed_commuters": 860.0, "observed_bicycle": 94.0, "observed_bicycle_share": 0.1088, "observed_rail_share": 0.5844, "observed_car_share": 0.0274 }, "geometry": { "type": "Polygon", "coordinates": [ [ [ 139.726570761154761, 35.683271102385426 ], [ 139.726004798504164, 35.685024444089962 ], [ 139.724020329455072, 35.685496569095996 ], [ 139.72260191963943, 35.684215371257928 ], [ 139.723167931888554, 35.682462082577558 ], [ 139.725152304358033, 35.681989938711332 ], [ 139.726570761154761, 35.683271102385426 ] ] ] } },
{ "type": "Feature", "properties": { "hex_id": "892f5a374b7ffff", "population": 2601.1272542234074, "production_score": 0.63231755142318868, "attraction_score": 0.34107402031930334, "potential_score": 0.38935662869699683, "stress_score": 2.2325581395348837, "infra_quality_score": 0.58914728682170536, "gap_score": -0.19979065812470853, "schools_nearby": 34, "stations_nearby": 5, "shops_nearby": 401, "bike_parking_nearby": 0, "bike_parking_capacity_nearby": 0.0, "bike_sharing_nearby": 3, "bike_sharing_capacity_nearby": 20.0, "flat_terrain": 0, "roi_car_trips_per_day": 1820.789077956385, "roi_congestion_cost_yen_day": 637130.51415849826, "roi_operating_cost_yen_day": 88963.754348948962, "roi_emissions_kg_day": 473.4051602686601, "roi_shifted_trips_per_day": 364.15781559127703, "roi_congestion_savings_yen_day": 127426.10283169967, "roi_operating_savings_yen_day": 17792.750869789794, "roi_emissions_avoided_kg_day": 94.681032053732025, "roi_health_benefit_yen_day": 10924.734467738312, "roi_parking_spaces_freed": 7.2831563118255405, "observed_commuters": 1040.0, "observed_bicycle": 92.0, "observed_bicycle_share": 0.0881, "observed_rail_share": 0.5434, "observed_car_share": 0.0253 }, "geometry": { "type": "Polygon", "coordinates": [ [ [ 139.718919255085268, 35.689947152751778 ], [ 139.718353116464499, 35.691700370801087 ], [ 139.716368612429449, 35.692172269671516 ], [ 139.714950343609445, 35.690890969371566 ], [ 139.715516531814046, 35.689137804349855 ], [ 139.717500939257945, 35.688665886600774 ], [ 139.718919255085268, 35.689947152751778 ] ] ] } },
{ "type": "Feature", "properties": { "hex_id": "892f5a3716bffff", "population": 2113.4955984329972, "production_score": 0.51377485856890093, "attraction_score": 0.045718432510885344, "potential_score": 0.42379731643191454, "stress_score": 2.2121212121212119, "infra_quality_score": 0.59595959595959602, "gap_score": -0.17216227952768148, "schools_nearby": 15, "stations_nearby": 2, "shops_nearby": 60, "bike_parking_nearby": 0, "bike_parking_capacity_nearby": 0.0, "bike_sharing_nearby": 5, "bike_sharing_capacity_nearby": 36.0, "flat_terrain": 1, "roi_car_trips_per_day": 1479.4469189030979, "roi_congestion_cost_yen_day": 517688.06586257205, "roi_operating_cost_yen_day": 72285.77645760536, "roi_emissions_kg_day": 384.65619891480549, "roi_shifted_trips_per_day": 295.8893837806196, "roi_congestion_savings_yen_day": 103537.61317251441, "roi_operating_savings_yen_day": 14457.155291521074, "roi_emissions_avoided_kg_day": 76.9312397829611, "roi_health_benefit_yen_day": 8876.6815134185872, "roi_parking_spaces_freed": 5.9177876756123924, "observed_commuters": 904.0, "observed_bicycle": 127.0, "observed_bicycle_share": 0.1404, "observed_rail_share": 0.6227, "observed_car_share": 0.0388 }, "geometry": { "type": "Polygon", "coordinates": [ [ [ 139.67980163619751, 35.720277290660455 ], [ 139.679234626775724, 35.722029877553304 ], [ 139.677250045536738, 35.722500664197526 ], [ 139.675832570362957, 35.72121888292002 ], [ 139.676399629288198, 35.719466349073208 ], [ 139.678384113886978, 35.718995543458128 ], [ 139.67980163619751, 35.720277290660455 ] ] ] } }
]
}
