{
"type": "FeatureCollection",
"name": "population_mesh",
"crs": { "type": "name", "properties": { "name": "urn:ogc:def:crs:OGC:1.3:CRS84" } },
"features": [
{ "type": "Feature", "properties": { "mesh_code": "5339450733", "population": 927.0, "population_child": 73.0, "population_elderly": 212.0 }, "geometry": { "type": "Polygon", "coordinates": [ [ [ 139.7125, 35.6729175 ], [ 139.715625, 35.6729175 ], [ 139.715625, 35.675 ], [ 139.7125, 35.675 ], [ 139.7125, 35.6729175 ] ] ] } },
{ "type": "Feature", "properties": { "mesh_code": "5339450743", "population": 1113.0, "population_child": 120.0, "population_elderly": 456.0 }, "geometry": { "type": "Polygon", "coordinates": [ [ [ 139.71875, 35.6729175 ], [ 139.721875, 35.6729175 ], [ 139.721875, 35.675 ], [ 139.71875, 35.675 ], [ 139.71875, 35.6729175 ] ] ] } },
{ "type": "Feature", "properties": { "mesh_code": "5339451721", "population": 154.0, "population_child": 16.0, "population_elderly": 53.0 }, "geometry": { "type": "Polygon", "coordinates": [ [ [ 139.71875, 35.675 ], [ 139.721875, 35.675 ], [ 139.721875, 35.6770825 ], [ 139.71875, 35.6770825 ], [ 139.71875, 35.675 ] ] ] } },
{ "type": "Feature", "properties": { "mesh_code": "5339451444", "population": 695.0, "population_child": 52.0, "population_elderly": 84.0 }, "geometry": { "type": "Polygon", "coordinates": [ [ [ 139.684375, 35.6812475 ], [ 139.6875, 35.6812475 ], [ 139.6875, 35.68333 ], [ 139.684375, 35.68333 ], [ 139.684375, 35.6812475 ] ] ] } },
{ "type": "Feature", "properties": { "mesh_code": "5339451533", "population": 1034.0, "population_child": 127.0, "population_elderly": 164.0 }, "geometry": { "type": "Polygon", "coordinates": [ [ [ 139.6875, 35.6812475 ], [ 139.690625, 35.6812475 ], [ 139.690625, 35.68333 ], [ 139.6875, 35.68333 ], [ 139.6875, 35.6812475 ] ] ] } },
{ "type": "Feature", "properties": { "mesh_code": "5339451723", "population": 53.0, "population_child": 5.0, "population_elderly": 7.0 }, "geometry": { "type": "Polygon", "coordinates": [ [ [ 139.71875, 35.6770825 ], [ 139.721875, 35.6770825 ], [ 139.721875, 35.679165 ], [ 139.71875, 35.679165 ], [ 139.71875, 35.6770825 ] ] ] } },
{ "type": "Feature", "properties": { "mesh_code": "5339451724", "population": 82.0, "population_child": 11.0, "population_elderly": 17.0 }, "geometry": { "type": "Polygon", "coordinates": [ [ [ 139.721875, 35.6770825 ], [ 139.725, 35.6770825 ], [ 139.725, 35.679165 ], [ 139.721875, 35.679165 ], [ 139.721875, 35.6770825 ] ] ] } },
{ "type": "Feature", "properties": { "mesh_code": "5339451733", "population": 477.0, "population_child": 31.0, "population_elderly": 70.0 }, "geometry": { "type": "Polygon", "coordinates": [ [ [ 139.7125, 35.6812475 ], [ 139.715625, 35.6812475 ], [ 139.715625, 35.68333 ], [ 139.7125, 35.68333 ], [ 139.7125, 35.6812475 ] ] ] } },
{ "type": "Feature", "properties": { "mesh_code": "5339451734", "population": 457.0, "population_child": 55.0, "population_elderly": 71.0 }, "geometry": { "type": "Polygon", "coordinates": [ [ [ 139.715625, 35.6812475 ], [ 139.71875, 35.6812475 ], [ 139.71875, 35.68333 ], [ 139.715625, 35.68333 ], [ 139.715625, 35.6812475 ] ] ] } },
{ "type": "Feature", "properties": { "mesh_code": "5339451741", "population": 216.0, "population_child": 8.0, "population_elderly": 16.0 }, "geometry": { "type": "Polygon", "coordinates": [ [ [ 139.71875, 35.679165 ], [ 139.721875, 35.679165 ], [ 139.721875, 35.6812475 ], [ 139.71875, 35.6812475 ], [ 139.71875, 35.679165 ] ] ] } },
{ "type": "Feature", "properties": { "mesh_code": "5339451742", "population": 970.0, "population_child": 145.0, "population_elderly": 169.0 }, "geometry": { "type": "Polygon", "coordinates": [ [ [ 139.721875, 35.679165 ], [ 139.725, 35.679165 ], [ 139.725, 35.6812475 ], [ 139.721875, 35.6812475 ], [ 139.721875, 35.679165 ] ] ] } },
{ "type": "Feature", "properties": { "mesh_code": "5339451743", "population": 226.0, "population_child": 21.0, "population_elderly": 45.0 }, "geometry": { "type": "Polygon", "coordinates": [ [ [ 139.71875, 35.6812475 ], [ 139.721875, 35.6812475 ], [ 139.721875, 35.68333 ], [ 139.71875, 35.68333 ], [ 139.71875, 35.6812475 ] ] ] } },
{ "type": "Feature", "properties": { "mesh_code": "5339451744", "population": 1802.0, "population_child": 189.0, "population_elderly": 353.0 }, "geometry": { "type": "Polygon", "coordinates": [ [ [ 139.721875, 35.6812475 ], [ 139.725, 35.6812475 ], [ 139.725, 35.68333 ], [ 139.721875, 35.68333 ], [ 139.721875, 35.6812475 ] ] ] } },
{ "type": "Feature", "properties": { "mesh_code": "5339451831", "population": 423.0, "population_child": 60.0, "population_elderly": 35.0 }, "geometry": { "type": "Polygon", "coordinates": [ [ [ 139.725, 35.679165 ], [ 139.728125, 35.679165 ], [ 139.728125, 35.6812475 ], [ 139.725, 35.6812475 ], [ 139.725, 35.679165 ] ] ] } },
{ "type": "Feature", "properties": { "mesh_code": "5339451731", "population": 124.0, "population_child": 4.0, "population_elderly": 3.0 }, "geometry": { "type": "Polygon", "coordinates": [ [ [ 139.7125, 35.679165 ], [ 139.715625, 35.679165 ], [ 139.715625, 35.6812475 ], [ 139.7125, 35.6812475 ], [ 139.7125, 35.679165 ] ] ] } },
{ "type": "Feature", "properties": { "mesh_code": "5339451833", "population": 786.0, "population_child": 106.0, "population_elderly": 143.0 }, "geometry": { "type": "Polygon", "coordinates": [ [ [ 139.725, 35.6812475 ], [ 139.728125, 35.6812475 ], [ 139.728125, 35.68333 ], [ 139.725, 35.68333 ], [ 139.725, 35.6812475 ] ] ] } },
{ "type": "Feature", "properties": { "mesh_code": "5339451832", "population": 4.0, "population_child": 0.0, "population_elderly": 0.0 }, "geometry": { "type": "Polygon", "coordinates": [ [ [ 139.728125, 35.679165 ], [ 139.73125, 35.679165 ], [ 139.73125, 35.6812475 ], [ 139.728125, 35.6812475 ], [ 139.728125, 35.679165 ] ] ] } },
{ "type": "Feature", "properties": { "mesh_code": "5339452422", "population": 1326.0, "population_child": 109.0, "population_elderly": 209.0 }, "geometry": { "type": "Polygon", "coordinates": [ [ [ 139.684375, 35.68333 ], [ 139.6875, 35.68333 ], [ 139.6875, 35.685415 ], [ 139.684375, 35.685415 ], [ 139.684375, 35.68333 ] ] ] } },
{ "type": "Feature", "properties": { "mesh_code": "5339452424", "population": 1628.0, "population_child": 117.0, "population_elderly": 178.0 }, "geometry": { "type": "Polygon", "coordinates": [ [ [ 139.684375, 35.685415 ], [ 139.6875, 35.685415 ], [ 139.6875, 35.6875 ], [ 139.684375, 35.6875 ], [ 139.684375, 35.685415 ] ] ] } },
{ "type": "Feature", "properties": { "mesh_code": "5339452441", "population": 2095.0, "population_child": 143.0, "population_elderly": 334.0 }, "geometry": { "type": "Polygon", "coordinates": [ [ [ 139.68125, 35.6875 ], [ 139.684375, 35.6875 ], [ 139.684375, 35.689585 ], [ 139.68125, 35.689585 ], [ 139.68125, 35.6875 ] ] ] } },
{ "type": "Feature", "properties": { "mesh_code": "5339452442", "population": 2071.0, "population_child": 114.0, "population_elderly": 327.0 }, "geometry": { "type": "Polygon", "coordinates": [ [ [ 139.684375, 35.6875 ], [ 139.6875, 35.6875 ], [ 139.6875, 35.689585 ], [ 139.684375, 35.689585 ], [ 139.684375, 35.6875 ] ] ] } },
{ "type": "Feature", "properties": { "mesh_code": "5339452443", "population": 1848.0, "population_child": 119.0, "population_elderly": 337.0 }, "geometry": { "type": "Polygon", "coordinates": [ [ [ 139.68125, 35.689585 ], [ 139.684375, 35.689585 ], [ 139.684375, 35.69167 ], [ 139.68125, 35.69167 ], [ 139.68125, 35.689585 ] ] ] } },
{ "type": "Feature", "properties": { "mesh_code": "5339452444", "population": 2453.0, "population_child": 147.0, "population_elderly": 350.0 }, "geometry": { "type": "Polygon", "coordinates": [ [ [ 139.684375, 35.689585 ], [ 139.6875, 35.689585 ], [ 139.6875, 35.69167 ], [ 139.684375, 35.69167 ], [ 139.684375, 35.689585 ] ] ] } },
{ "type": "Feature", "properties": { "mesh_code": "5339452511", "population": 1498.0, "population_child": 89.0, "population_elderly": 168.0 }, "geometry": { "type": "Polygon", "coordinates": [ [ [ 139.6875, 35.68333 ], [ 139.690625, 35.68333 ], [ 139.690625, 35.685415 ], [ 139.6875, 35.685415 ], [ 139.6875, 35.68333 ] ] ] } },
{ "type": "Feature", "properties": { "mesh_code": "5339452512", "population": 673.0, "population_child": 66.0, "population_elderly": 98.0 }, "geometry": { "type": "Polygon", "coordinates": [ [ [ 139.690625, 35.68333 ], [ 139.69375, 35.68333 ], [ 139.69375, 35.685415 ], [ 139.690625, 35.685415 ], [ 139.690625, 35.68333 ] ] ] } },
{ "type": "Feature", "properties": { "mesh_code": "5339452513", "population": 973.0, "population_child": 49.0, "population_elderly": 129.0 }, "geometry": { "type": "Polygon", "coordinates": [ [ [ 139.6875, 35.685415 ], [ 139.690625, 35.685415 ], [ 139.690625, 35.6875 ], [ 139.6875, 35.6875 ], [ 139.6875, 35.685415 ] ] ] } },
{ "type": "Feature", "properties": { "mesh_code": "5339452514", "population": 631.0, "population_child": 21.0, "population_elderly": 96.0 }, "geometry": { "type": "Polygon", "coordinates": [ [ [ 139.690625, 35.685415 ], [ 139.69375, 35.685415 ], [ 139.69375, 35.6875 ], [ 139.690625, 35.6875 ], [ 139.690625, 35.685415 ] ] ] } },
{ "type": "Feature", "properties": { "mesh_code": "5339452523", "population": 381.0, "population_child": 19.0, "population_elderly": 36.0 }, "geometry": { "type": "Polygon", "coordinates": [ [ [ 139.69375, 35.685415 ], [ 139.696875, 35.685415 ], [ 139.696875, 35.6875 ], [ 139.69375, 35.6875 ], [ 139.69375, 35.685415 ] ] ] } },
{ "type": "Feature", "properties": { "mesh_code": "5339452533", "population": 246.0, "population_child": 18.0, "population_elderly": 40.0 }, "geometry": { "type": "Polygon", "coordinates": [ [ [ 139.6875, 35.689585 ], [ 139.690625, 35.689585 ], [ 139.690625, 35.69167 ], [ 139.6875, 35.69167 ], [ 139.6875, 35.689585 ] ] ] } },
{ "type": "Feature", "properties": { "mesh_code": "5339452631", "population": 20.0, "population_child": 0.0, "population_elderly": 2.0 }, "geometry": { "type": "Polygon", "coordinates": [ [ [ 139.7, 35.6875 ], [ 139.703125, 35.6875 ], [ 139.703125, 35.689585 ], [ 139.7, 35.689585 ], [ 139.7, 35.6875 ] ] ] } },
{ "type": "Feature", "properties": { "mesh_code": "5339452641", "population": 380.0, "population_child": 14.0, "population_elderly": 83.0 }, "geometry": { "type": "Polygon", "coordinates": [ [ [ 139.70625, 35.6875 ], [ 139.709375, 35.6875 ], [ 139.709375, 35.689585 ], [ 139.70625, 35.689585 ], [ 139.70625, 35.6875 ] ] ] } },
{ "type": "Feature", "properties": { "mesh_code": "5339452642", "population": 1008.0, "population_child": 36.0, "population_elderly": 161.0 }, "geometry": { "type": "Polygon", "coordinates": [ [ [ 139.709375, 35.6875 ], [ 139.7125, 35.6875 ], [ 139.7125, 35.689585 ], [ 139.709375, 35.689585 ], [ 139.709375, 35.6875 ] ] ] } },
{ "type": "Feature", "properties": { "mesh_code": "5339452711", "population": 219.0, "population_child": 30.0, "population_elderly": 35.0 }, "geometry": { "type": "Polygon", "coordinates": [ [ [ 139.7125, 35.68333 ], [ 139.715625, 35.68333 ], [ 139.715625, 35.685415 ], [ 139.7125, 35.685415 ], [ 139.7125, 35.68333 ] ] ] } },
{ "type": "Feature", "properties": { "mesh_code": "5339452712", "population": 1964.0, "population_child": 199.0, "population_elderly": 389.0 }, "geometry": { "type": "Polygon", "coordinates": [ [ [ 139.715625, 35.68333 ], [ 139.71875, 35.68333 ], [ 139.71875, 35.685415 ], [ 139.715625, 35.685415 ], [ 139.715625, 35.68333 ] ] ] } },
{ "type": "Feature", "properties": { "mesh_code": "5339452713", "population": 553.0, "population_child": 56.0, "population_elderly": 82.0 }, "geometry": { "type": "Polygon", "coordinates": [ [ [ 139.7125, 35.685415 ], [ 139.715625, 35.685415 ], [ 139.715625, 35.6875 ], [ 139.7125, 35.6875 ], [ 139.7125, 35.685415 ] ] ] } },
{ "type": "Feature", "properties": { "mesh_code": "5339452714", "population": 1783.0, "population_child": 148.0, "population_elderly": 297.0 }, "geometry": { "type": "Polygon", "coordinates": [ [ [ 139.715625, 35.685415 ], [ 139.71875, 35.685415 ], [ 139.71875, 35.6875 ], [ 139.715625, 35.6875 ], [ 139.715625, 35.685415 ] ] ] } },
{ "type": "Feature", "properties": { "mesh_code": "5339452721", "population": 1463.0, "population_child": 117.0, "population_elderly": 256.0 }, "geometry": { "type": "Polygon", "coordinates": [ [ [ 139.71875, 35.68333 ], [ 139.721875, 35.68333 ], [ 139.721875, 35.685415 ], [ 139.71875, 35.685415 ], [ 139.71875, 35.68333 ] ] ] } },
{ "type": "Feature", "properties": { "mesh_code": "5339452722", "population": 1416.0, "population_child": 164.0, "population_elderly": 289.0 }, "geometry": { "type": "Polygon", "coordinates": [ [ [ 139.721875, 35.68333 ], [ 139.725, 35.68333 ], [ 139.725, 35.685415 ], [ 139.721875, 35.685415 ], [ 139.721875, 35.68333 ] ] ] } },
{ "type": "Feature", "properties": { "mesh_code": "5339452723", "population": 1312.0, "population_child": 72.0, "population_elderly": 293.0 }, "geometry": { "type": "Polygon", "coordinates": [ [ [ 139.71875, 35.685415 ], [ 139.721875, 35.685415 ], [ 139.721875, 35.6875 ], [ 139.71875, 35.6875 ], [ 139.71875, 35.685415 ] ] ] } },
{ "type": "Feature", "properties": { "mesh_code": "5339452724", "population": 1053.0, "population_child": 90.0, "population_elderly": 247.0 }, "geometry": { "type": "Polygon", "coordinates": [ [ [ 139.721875, 35.685415 ], [ 139.725, 35.685415 ], [ 139.725, 35.6875 ], [ 139.721875, 35.6875 ], [ 139.721875, 35.685415 ] ] ] } },
{ "type": "Feature", "properties": { "mesh_code": "5339452731", "population": 1354.0, "population_child": 64.0, "population_elderly": 268.0 }, "geometry": { "type": "Polygon", "coordinates": [ [ [ 139.7125, 35.6875 ], [ 139.715625, 35.6875 ], [ 139.715625, 35.689585 ], [ 139.7125, 35.689585 ], [ 139.7125, 35.6875 ] ] ] } },
{ "type": "Feature", "properties": { "mesh_code": "5339452732", "population": 1562.0, "population_child": 175.0, "population_elderly": 211.0 }, "geometry": { "type": "Polygon", "coordinates": [ [ [ 139.715625, 35.6875 ], [ 139.71875, 35.6875 ], [ 139.71875, 35.689585 ], [ 139.715625, 35.689585 ], [ 139.715625, 35.6875 ] ] ] } },
{ "type": "Feature", "properties": { "mesh_code": "5339452741", "population": 1507.0, "population_child": 99.0, "population_elderly": 256.0 }, "geometry": { "type": "Polygon", "coordinates": [ [ [ 139.71875, 35.6875 ], [ 139.721875, 35.6875 ], [ 139.721875, 35.689585 ], [ 139.71875, 35.689585 ], [ 139.71875, 35.6875 ] ] ] } },
{ "type": "Feature", "properties": { "mesh_code": "5339452742", "population": 1415.0, "population_child": 121.0, "population_elderly": 177.0 }, "geometry": { "type": "Polygon", "coordinates": [ [ [ 139.721875, 35.6875 ], [ 139.725, 35.6875 ], [ 139.725, 35.689585 ], [ 139.721875, 35.689585 ], [ 139.721875, 35.6875 ] ] ] } },
{ "type": "Feature", "properties": { "mesh_code": "5339452811", "population": 1306.0, "population_child": 108.0, "population_elderly": 288.0 }, "geometry": { "type": "Polygon", "coordinates": [ [ [ 139.725, 35.68333 ], [ 139.728125, 35.68333 ], [ 139.728125, 35.685415 ], [ 139.725, 35.685415 ], [ 139.725, 35.68333 ] ] ] } },
{ "type": "Feature", "properties": { "mesh_code": "5339452812", "population": 29.0, "population_child": 3.0, "population_elderly": 10.0 }, "geometry": { "type": "Polygon", "coordinates": [ [ [ 139.728125, 35.68333 ], [ 139.73125, 35.68333 ], [ 139.73125, 35.685415 ], [ 139.728125, 35.685415 ], [ 139.728125, 35.68333 ] ] ] } },
{ "type": "Feature", "properties": { "mesh_code": "5339452813", "population": 789.0, "population_child": 69.0, "population_elderly": 208.0 }, "geometry": { "type": "Polygon", "coordinates": [ [ [ 139.725, 35.685415 ], [ 139.728125, 35.685415 ], [ 139.728125, 35.6875 ], [ 139.725, 35.6875 ], [ 139.725, 35.685415 ] ] ] } },
{ "type": "Feature", "properties": { "mesh_code": "5339452814", "population": 108.0, "population_child": 3.0, "population_elderly": 29.0 }, "geometry": { "type": "Polygon", "coordinates": [ [ [ 139.728125, 35.685415 ], [ 139.73125, 35.685415 ], [ 139.73125, 35.6875 ], [ 139.728125, 35.6875 ], [ 139.728125, 35.685415 ] ] ] } },
{ "type": "Feature", "properties": { "mesh_code": "5339452831", "population": 1329.0, "population_child": 143.0, "population_elderly": 285.0 }, "geometry": { "type": "Polygon", "coordinates": [ [ [ 139.725, 35.6875 ], [ 139.728125, 35.6875 ], [ 139.728125, 35.689585 ], [ 139.725, 35.689585 ], [ 139.725, 35.6875 ] ] ] } },
{ "type": "Feature", "properties": { "mesh_code": "5339452832", "population": 344.0, "population_child": 26.0, "population_elderly": 83.0 }, "geometry": { "type": "Polygon", "coordinates": [ [ [ 139.728125, 35.6875 ], [ 139.73125, 35.6875 ], [ 139.73125, 35.689585 ], [ 139.728125, 35.689585 ], [ 139.728125, 35.6875 ] ] ] } },
{ "type": "Feature", "properties": { "mesh_code": "5339452531", "population": 978.0, "population_child": 73.0, "population_elderly": 209.0 }, "geometry": { "type": "Polygon", "coordinates": [ [ [ 139.6875, 35.6875 ], [ 139.690625, 35.6875 ], [ 139.690625, 35.689585 ], [ 139.6875, 35.689585 ], [ 139.6875, 35.6875 ] ] ] } },
{ "type": "Feature", "properties": { "mesh_code": "5339452542", "population": 52.0, "population_child": 1.0, "population_elderly": 18.0 }, "geometry": { "type": "Polygon", "coordinates": [ [ [ 139.696875, 35.6875 ], [ 139.7, 35.6875 ], [ 139.7, 35.689585 ], [ 139.696875, 35.689585 ], [ 139.696875, 35.6875 ] ] ] } },
{ "type": "Feature", "properties": { "mesh_code": "5339452632", "population": 283.0, "population_child": 5.0, "population_elderly": 80.0 }, "geometry": { "type": "Polygon", "coordinates": [ [ [ 139.703125, 35.6875 ], [ 139.70625, 35.6875 ], [ 139.70625, 35.689585 ], [ 139.703125, 35.689585 ], [ 139.703125, 35.6875 ] ] ] } },
{ "type": "Feature", "properties": { "mesh_code": "5339452532", "population": 53.0, "population_child": 0.0, "population_elderly": 0.0 }, "geometry": { "type": "Polygon", "coordinates": [ [ [ 139.690625, 35.6875 ], [ 139.69375, 35.6875 ], [ 139.69375, 35.689585 ], [ 139.690625, 35.689585 ], [ 139.690625, 35.6875 ] ] ] } },
{ "type": "Feature", "properties": { "mesh_code": "5339452534", "population": 3.0, "population_child": 0.0, "population_elderly": 0.0 }, "geometry": { "type": "Polygon", "coordinates": [ [ [ 139.690625, 35.689585 ], [ 139.69375, 35.689585 ], [ 139.69375, 35.69167 ], [ 139.690625, 35.69167 ], [ 139.690625, 35.689585 ] ] ] } },
{ "type": "Feature", "properties": { "mesh_code": "5339452541", "population": 3.0, "population_child": 0.0, "population_elderly": 0.0 }, "geometry": { "type": "Polygon", "coordinates": [ [ [ 139.69375, 35.6875 ], [ 139.696875, 35.6875 ], [ 139.696875, 35.689585 ], [ 139.69375, 35.689585 ], [ 139.69375, 35.6875 ] ] ] } },
{ "type": "Feature", "properties": { "mesh_code": "5339452633", "population": 16.0, "population_child": 0.0, "population_elderly": 5.0 }, "geometry": { "type": "Polygon", "coordinates": [ [ [ 139.7, 35.689585 ], [ 139.703125, 35.689585 ], [ 139.703125, 35.69167 ], [ 139.7, 35.69167 ], [ 139.7, 35.689585 ] ] ] } },
{ "type": "Feature", "properties": { "mesh_code": "5339452643", "population": 440.0, "population_child": 8.0, "population_elderly": 73.0 }, "geometry": { "type": "Polygon", "coordinates": [ [ [ 139.70625, 35.689585 ], [ 139.709375, 35.689585 ], [ 139.709375, 35.69167 ], [ 139.70625, 35.69167 ], [ 139.70625, 35.689585 ] ] ] } },
{ "type": "Feature", "properties": { "mesh_code": "5339452644", "population": 1757.0, "population_child": 68.0, "population_elderly": 278.0 }, "geometry": { "type": "Polygon", "coordinates": [ [ [ 139.709375, 35.689585 ], [ 139.7125, 35.689585 ], [ 139.7125, 35.69167 ], [ 139.709375, 35.69167 ], [ 139.709375, 35.689585 ] ] ] } },
{ "type": "Feature", "properties": { "mesh_code": "5339452733", "population": 2127.0, "population_child": 116.0, "population_elderly": 296.0 }, "geometry": { "type": "Polygon", "coordinates": [ [ [ 139.7125, 35.689585 ], [ 139.715625, 35.689585 ], [ 139.715625, 35.69167 ], [ 139.7125, 35.69167 ], [ 139.7125, 35.689585 ] ] ] } },
{ "type": "Feature", "properties": { "mesh_code": "5339452734", "population": 1815.0, "population_child": 122.0, "population_elderly": 322.0 }, "geometry": { "type": "Polygon", "coordinates": [ [ [ 139.715625, 35.689585 ], [ 139.71875, 35.689585 ], [ 139.71875, 35.69167 ], [ 139.715625, 35.69167 ], [ 139.715625, 35.689585 ] ] ] } },
{ "type": "Feature", "properties": { "mesh_code": "5339452743", "population": 1219.0, "population_child": 129.0, "population_elderly": 277.0 }, "geometry": { "type": "Polygon", "coordinates": [ [ [ 139.71875, 35.689585 ], [ 139.721875, 35.689585 ], [ 139.721875, 35.69167 ], [ 139.71875, 35.69167 ], [ 139.71875, 35.689585 ] ] ] } },
{ "type": "Feature", "properties": { "mesh_code": "5339452744", "population": 1905.0, "population_child": 166.0, "population_elderly": 337.0 }, "geometry": { "type": "Polygon", "coordinates": [ [ [ 139.721875, 35.689585 ], [ 139.725, 35.689585 ], [ 139.725, 35.69167 ], [ 139.721875, 35.69167 ], [ 139.721875, 35.689585 ] ] ] } },
{ "type": "Feature", "properties": { "mesh_code": "5339452833", "population": 1926.0, "population_child": 184.0, "population_elderly": 320.0 }, "geometry": { "type": "Polygon", "coordinates": [ [ [ 139.725, 35.689585 ], [ 139.728125, 35.689585 ], [ 139.728125, 35.69167 ], [ 139.725, 35.69167 ], [ 139.725, 35.689585 ] ] ] } },
{ "type": "Feature", "properties": { "mesh_code": "5339452834", "population": 1128.0, "population_child": 81.0, "population_elderly": 137.0 }, "geometry": { "type": "Polygon", "coordinates": [ [ [ 139.728125, 35.689585 ], [ 139.73125, 35.689585 ], [ 139.73125, 35.69167 ], [ 139.728125, 35.69167 ], [ 139.728125, 35.689585 ] ] ] } },
{ "type": "Feature", "properties": { "mesh_code": "5339452843", "population": 510.0, "population_child": 53.0, "population_elderly": 58.0 }, "geometry": { "type": "Polygon", "coordinates": [ [ [ 139.73125, 35.689585 ], [ 139.734375, 35.689585 ], [ 139.734375, 35.69167 ], [ 139.73125, 35.69167 ], [ 139.73125, 35.689585 ] ] ] } },
{ "type": "Feature", "properties": { "mesh_code": "5339452844", "population": 1024.0, "population_child": 161.0, "population_elderly": 189.0 }, "geometry": { "type": "Polygon", "coordinates": [ [ [ 139.734375, 35.689585 ], [ 139.7375, 35.689585 ], [ 139.7375, 35.69167 ], [ 139.734375, 35.69167 ], [ 139.734375, 35.689585 ] ] ] } },
{ "type": "Feature", "properties": { "mesh_code": "5339453421", "population": 1735.0, "population_child": 148.0, "population_elderly": 338.0 }, "geometry": { "type": "Polygon", "coordinates": [ [ [ 139.68125, 35.69167 ], [ 139.684375, 35.69167 ], [ 139.684375, 35.6937525 ], [ 139.68125, 35.6937525 ], [ 139.68125, 35.69167 ] ] ] } },
{ "type": "Feature", "properties": { "mesh_code": "5339453422", "population": 2641.0, "population_child": 147.0, "population_elderly": 363.0 }, "geometry": { "type": "Polygon", "coordinates": [ [ [ 139.684375, 35.69167 ], [ 139.6875, 35.69167 ], [ 139.6875, 35.6937525 ], [ 139.684375, 35.6937525 ], [ 139.684375, 35.69167 ] ] ] } },
{ "type": "Feature", "properties": { "mesh_code": "5339453424", "population": 1904.0, "population_child": 225.0, "population_elderly": 227.0 }, "geometry": { "type": "Polygon", "coordinates": [ [ [ 139.684375, 35.6937525 ], [ 139.6875, 35.6937525 ], [ 139.6875, 35.695835 ], [ 139.684375, 35.695835 ], [ 139.684375, 35.6937525 ] ] ] } },
{ "type": "Feature", "properties": { "mesh_code": "5339453442", "population": 1802.0, "population_child": 138.0, "population_elderly": 206.0 }, "geometry": { "type": "Polygon", "coordinates": [ [ [ 139.684375, 35.695835 ], [ 139.6875, 35.695835 ], [ 139.6875, 35.6979175 ], [ 139.684375, 35.6979175 ], [ 139.684375, 35.695835 ] ] ] } },
{ "type": "Feature", "properties": { "mesh_code": "5339453511", "population": 1632.0, "population_child": 171.0, "population_elderly": 185.0 }, "geometry": { "type": "Polygon", "coordinates": [ [ [ 139.6875, 35.69167 ], [ 139.690625, 35.69167 ], [ 139.690625, 35.6937525 ], [ 139.6875, 35.6937525 ], [ 139.6875, 35.69167 ] ] ] } },
{ "type": "Feature", "properties": { "mesh_code": "5339453513", "population": 964.0, "population_child": 82.0, "population_elderly": 122.0 }, "geometry": { "type": "Polygon", "coordinates": [ [ [ 139.6875, 35.6937525 ], [ 139.690625, 35.6937525 ], [ 139.690625, 35.695835 ], [ 139.6875, 35.695835 ], [ 139.6875, 35.6937525 ] ] ] } },
{ "type": "Feature", "properties": { "mesh_code": "5339453521", "population": 126.0, "population_child": 1.0, "population_elderly": 21.0 }, "geometry": { "type": "Polygon", "coordinates": [ [ [ 139.69375, 35.69167 ], [ 139.696875, 35.69167 ], [ 139.696875, 35.6937525 ], [ 139.69375, 35.6937525 ], [ 139.69375, 35.69167 ] ] ] } },
{ "type": "Feature", "properties": { "mesh_code": "5339453524", "population": 77.0, "population_child": 3.0, "population_elderly": 29.0 }, "geometry": { "type": "Polygon", "coordinates": [ [ [ 139.696875, 35.6937525 ], [ 139.7, 35.6937525 ], [ 139.7, 35.695835 ], [ 139.696875, 35.695835 ], [ 139.696875, 35.6937525 ] ] ] } },
{ "type": "Feature", "properties": { "mesh_code": "5339453531", "population": 1582.0, "population_child": 166.0, "population_elderly": 227.0 }, "geometry": { "type": "Polygon", "coordinates": [ [ [ 139.6875, 35.695835 ], [ 139.690625, 35.695835 ], [ 139.690625, 35.6979175 ], [ 139.6875, 35.6979175 ], [ 139.6875, 35.695835 ] ] ] } },
{ "type": "Feature", "properties": { "mesh_code": "5339453532", "population": 2180.0, "population_child": 163.0, "population_elderly": 209.0 }, "geometry": { "type": "Polygon", "coordinates": [ [ [ 139.690625, 35.695835 ], [ 139.69375, 35.695835 ], [ 139.69375, 35.6979175 ], [ 139.690625, 35.6979175 ], [ 139.690625, 35.695835 ] ] ] } },
{ "type": "Feature", "properties": { "mesh_code": "5339453541", "population": 1685.0, "population_child": 69.0, "population_elderly": 238.0 }, "geometry": { "type": "Polygon", "coordinates": [ [ [ 139.69375, 35.695835 ], [ 139.696875, 35.695835 ], [ 139.696875, 35.6979175 ], [ 139.69375, 35.6979175 ], [ 139.69375, 35.695835 ] ] ] } },
{ "type": "Feature", "properties": { "mesh_code": "5339453542", "population": 723.0, "population_child": 22.0, "population_elderly": 67.0 }, "geometry": { "type": "Polygon", "coordinates": [ [ [ 139.696875, 35.695835 ], [ 139.7, 35.695835 ], [ 139.7, 35.6979175 ], [ 139.696875, 35.6979175 ], [ 139.696875, 35.695835 ] ] ] } },
{ "type": "Feature", "properties": { "mesh_code": "5339453614", "population": 503.0, "population_child": 6.0, "population_elderly": 39.0 }, "geometry": { "type": "Polygon", "coordinates": [ [ [ 139.703125, 35.6937525 ], [ 139.70625, 35.6937525 ], [ 139.70625, 35.695835 ], [ 139.703125, 35.695835 ], [ 139.703125, 35.6937525 ] ] ] } },
{ "type": "Feature", "properties": { "mesh_code": "5339453621", "population": 963.0, "population_child": 21.0, "population_elderly": 97.0 }, "geometry": { "type": "Polygon", "coordinates": [ [ [ 139.70625, 35.69167 ], [ 139.709375, 35.69167 ], [ 139.709375, 35.6937525 ], [ 139.70625, 35.6937525 ], [ 139.70625, 35.69167 ] ] ] } },
{ "type": "Feature", "properties": { "mesh_code": "5339453622", "population": 1300.0, "population_child": 49.0, "population_elderly": 147.0 }, "geometry": { "type": "Polygon", "coordinates": [ [ [ 139.709375, 35.69167 ], [ 139.7125, 35.69167 ], [ 139.7125, 35.6937525 ], [ 139.709375, 35.6937525 ], [ 139.709375, 35.69167 ] ] ] } },
{ "type": "Feature", "properties": { "mesh_code": "5339453623", "population": 1507.0, "population_child": 61.0, "population_elderly": 329.0 }, "geometry": { "type": "Polygon", "coordinates": [ [ [ 139.70625, 35.6937525 ], [ 139.709375, 35.6937525 ], [ 139.709375, 35.695835 ], [ 139.70625, 35.695835 ], [ 139.70625, 35.6937525 ] ] ] } },
{ "type": "Feature", "properties": { "mesh_code": "5339453624", "population": 874.0, "population_child": 41.0, "population_elderly": 123.0 }, "geometry": { "type": "Polygon", "coordinates": [ [ [ 139.709375, 35.6937525 ], [ 139.7125, 35.6937525 ], [ 139.7125, 35.695835 ], [ 139.709375, 35.695835 ], [ 139.709375, 35.6937525 ] ] ] } },
{ "type": "Feature", "properties": { "mesh_code": "5339453631", "population": 239.0, "population_child": 2.0, "population_elderly": 29.0 }, "geometry": { "type": "Polygon", "coordinates": [ [ [ 139.7, 35.695835 ], [ 139.703125, 35.695835 ], [ 139.703125, 35.6979175 ], [ 139.7, 35.6979175 ], [ 139.7, 35.695835 ] ] ] } },
{ "type": "Feature", "properties": { "mesh_code": "5339453632", "population": 457.0, "population_child": 13.0, "population_elderly": 38.0 }, "geometry": { "type": "Polygon", "coordinates": [ [ [ 139.703125, 35.695835 ], [ 139.70625, 35.695835 ], [ 139.70625, 35.6979175 ], [ 139.703125, 35.6979175 ], [ 139.703125, 35.695835 ] ] ] } },
{ "type": "Feature", "properties": { "mesh_code": "5339453641", "population": 1494.0, "population_child": 93.0, "population_elderly": 114.0 }, "geometry": { "type": "Polygon", "coordinates": [ [ [ 139.70625, 35.695835 ], [ 139.709375, 35.695835 ], [ 139.709375, 35.6979175 ], [ 139.70625, 35.6979175 ], [ 139.70625, 35.695835 ] ] ] } },
{ "type": "Feature", "properties": { "mesh_code": "5339453642", "population": 1281.0, "population_child": 70.0, "population_elderly": 186.0 }, "geometry": { "type": "Polygon", "coordinates": [ [ [ 139.709375, 35.695835 ], [ 139.7125, 35.695835 ], [ 139.7125, 35.6979175 ], [ 139.709375, 35.6979175 ], [ 139.709375, 35.695835 ] ] ] } },
{ "type": "Feature", "properties": { "mesh_code": "5339453711", "population": 3359.0, "population_child": 515.0, "population_elderly": 427.0 }, "geometry": { "type": "Polygon", "coordinates": [ [ [ 139.7125, 35.69167 ], [ 139.715625, 35.69167 ], [ 139.715625, 35.6937525 ], [ 139.7125, 35.6937525 ], [ 139.7125, 35.69167 ] ] ] } },
{ "type": "Feature", "properties": { "mesh_code": "5339453712", "population": 1404.0, "population_child": 133.0, "population_elderly": 248.0 }, "geometry": { "type": "Polygon", "coordinates": [ [ [ 139.715625, 35.69167 ], [ 139.71875, 35.69167 ], [ 139.71875, 35.6937525 ], [ 139.715625, 35.6937525 ], [ 139.715625, 35.69167 ] ] ] } },
{ "type": "Feature", "properties": { "mesh_code": "5339453713", "population": 1609.0, "population_child": 123.0, "population_elderly": 436.0 }, "geometry": { "type": "Polygon", "coordinates": [ [ [ 139.7125, 35.6937525 ], [ 139.715625, 35.6937525 ], [ 139.715625, 35.695835 ], [ 139.7125, 35.695835 ], [ 139.7125, 35.6937525 ] ] ] } },
{ "type": "Feature", "properties": { "mesh_code": "5339453714", "population": 1910.0, "population_child": 144.0, "population_elderly": 448.0 }, "geometry": { "type": "Polygon", "coordinates": [ [ [ 139.715625, 35.6937525 ], [ 139.71875, 35.6937525 ], [ 139.71875, 35.695835 ], [ 139.715625, 35.695835 ], [ 139.715625, 35.6937525 ] ] ] } },
{ "type": "Feature", "properties": { "mesh_code": "5339453721", "population": 2058.0, "population_child": 156.0, "population_elderly": 349.0 }, "geometry": { "type": "Polygon", "coordinates": [ [ [ 139.71875, 35.69167 ], [ 139.721875, 35.69167 ], [ 139.721875, 35.6937525 ], [ 139.71875, 35.6937525 ], [ 139.71875, 35.69167 ] ] ] } },
{ "type": "Feature", "properties": { "mesh_code": "5339453722", "population": 1378.0, "population_child": 104.0, "population_elderly": 207.0 }, "geometry": { "type": "Polygon", "coordinates": [ [ [ 139.721875, 35.69167 ], [ 139.725, 35.69167 ], [ 139.725, 35.6937525 ], [ 139.721875, 35.6937525 ], [ 139.721875, 35.69167 ] ] ] } },
{ "type": "Feature", "properties": { "mesh_code": "5339453723", "population": 2830.0, "population_child": 410.0, "population_elderly": 311.0 }, "geometry": { "type": "Polygon", "coordinates": [ [ [ 139.71875, 35.6937525 ], [ 139.721875, 35.6937525 ], [ 139.721875, 35.695835 ], [ 139.71875, 35.695835 ], [ 139.71875, 35.6937525 ] ] ] } },
{ "type": "Feature", "properties": { "mesh_code": "5339453724", "population": 1669.0, "population_child": 192.0, "population_elderly": 143.0 }, "geometry": { "type": "Polygon", "coordinates": [ [ [ 139.721875, 35.6937525 ], [ 139.725, 35.6937525 ], [ 139.725, 35.695835 ], [ 139.721875, 35.695835 ], [ 139.721875, 35.6937525 ] ] ] } },
{ "type": "Feature", "properties": { "mesh_code": "5339453731", "population": 2000.0, "population_child": 165.0, "population_elderly": 363.0 }, "geometry": { "type": "Polygon", "coordinates": [ [ [ 139.7125, 35.695835 ], [ 139.715625, 35.695835 ], [ 139.715625, 35.6979175 ], [ 139.7125, 35.6979175 ], [ 139.7125, 35.695835 ] ] ] } },
{ "type": "Feature", "properties": { "mesh_code": "5339453732", "population": 1620.0, "population_child": 202.0, "population_elderly": 264.0 }, "geometry": { "type": "Polygon", "coordinates": [ [ [ 139.715625, 35.695835 ], [ 139.71875, 35.695835 ], [ 139.71875, 35.6979175 ], [ 139.715625, 35.6979175 ], [ 139.715625, 35.695835 ] ] ] } },
{ "type": "Feature", "properties": { "mesh_code": "5339453741", "population": 600.0, "population_child": 38.0, "population_elderly": 106.0 }, "geometry": { "type": "Polygon", "coordinates": [ [ [ 139.71875, 35.695835 ], [ 139.721875, 35.695835 ], [ 139.721875, 35.6979175 ], [ 139.71875, 35.6979175 ], [ 139.71875, 35.695835 ] ] ] } },
{ "type": "Feature", "properties": { "mesh_code": "5339453742", "population": 1634.0, "population_child": 215.0, "population_elderly": 291.0 }, "geometry": { "type": "Polygon", "coordinates": [ [ [ 139.721875, 35.695835 ], [ 139.725, 35.695835 ], [ 139.725, 35.6979175 ], [ 139.721875, 35.6979175 ], [ 139.721875, 35.695835 ] ] ] } },
{ "type": "Feature", "properties": { "mesh_code": "5339453811", "population": 119.0, "population_child": 8.0, "population_elderly": 21.0 }, "geometry": { "type": "Polygon", "coordinates": [ [ [ 139.725, 35.69167 ], [ 139.728125, 35.69167 ], [ 139.728125, 35.6937525 ], [ 139.725, 35.6937525 ], [ 139.725, 35.69167 ] ] ] } },
{ "type": "Feature", "properties": { "mesh_code": "5339453813", "population": 2163.0, "population_child": 184.0, "population_elderly": 159.0 }, "geometry": { "type": "Polygon", "coordinates": [ [ [ 139.725, 35.6937525 ], [ 139.728125, 35.6937525 ], [ 139.728125, 35.695835 ], [ 139.725, 35.695835 ], [ 139.725, 35.6937525 ] ] ] } },
{ "type": "Feature", "properties": { "mesh_code": "5339453814", "population": 133.0, "population_child": 11.0, "population_elderly": 10.0 }, "geometry": { "type": "Polygon", "coordinates": [ [ [ 139.728125, 35.6937525 ], [ 139.73125, 35.6937525 ], [ 139.73125, 35.695835 ], [ 139.728125, 35.695835 ], [ 139.728125, 35.6937525 ] ] ] } },
{ "type": "Feature", "properties": { "mesh_code": "5339453821", "population": 81.0, "population_child": 2.0, "population_elderly": 20.0 }, "geometry": { "type": "Polygon", "coordinates": [ [ [ 139.73125, 35.69167 ], [ 139.734375, 35.69167 ], [ 139.734375, 35.6937525 ], [ 139.73125, 35.6937525 ], [ 139.73125, 35.69167 ] ] ] } },
{ "type": "Feature", "properties": { "mesh_code": "5339453822", "population": 199.0, "population_child": 12.0, "population_elderly": 42.0 }, "geometry": { "type": "Polygon", "coordinates": [ [ [ 139.734375, 35.69167 ], [ 139.7375, 35.69167 ], [ 139.7375, 35.6937525 ], [ 139.734375, 35.6937525 ], [ 139.734375, 35.69167 ] ] ] } },
{ "type": "Feature", "properties": { "mesh_code": "5339453823", "population": 383.0, "population_child": 31.0, "population_elderly": 117.0 }, "geometry": { "type": "Polygon", "coordinates": [ [ [ 139.73125, 35.6937525 ], [ 139.734375, 35.6937525 ], [ 139.734375, 35.695835 ], [ 139.73125, 35.695835 ], [ 139.73125, 35.6937525 ] ] ] } },
{ "type": "Feature", "properties": { "mesh_code": "5339453824", "population": 1009.0, "population_child": 95.0, "population_elderly": 215.0 }, "geometry": { "type": "Polygon", "coordinates": [ [ [ 139.734375, 35.6937525 ], [ 139.7375, 35.6937525 ], [ 139.7375, 35.695835 ], [ 139.734375, 35.695835 ], [ 139.734375, 35.6937525 ] ] ] } },
{ "type": "Feature", "properties": { "mesh_code": "5339453913", "population": 496.0, "population_child": 80.0, "population_elderly": 64.0 }, "geometry": { "type": "Polygon", "coordinates": [ [ [ 139.7375, 35.6937525 ], [ 139.740625, 35.6937525 ], [ 139.740625, 35.695835 ], [ 139.7375, 35.695835 ], [ 139.7375, 35.6937525 ] ] ] } },
{ "type": "Feature", "properties": { "mesh_code": "5339453514", "population": 889.0, "population_child": 40.0, "population_elderly": 145.0 }, "geometry": { "type": "Polygon", "coordinates": [ [ [ 139.690625, 35.6937525 ], [ 139.69375, 35.6937525 ], [ 139.69375, 35.695835 ], [ 139.690625, 35.695835 ], [ 139.690625, 35.6937525 ] ] ] } },
{ "type": "Feature", "properties": { "mesh_code": "5339453523", "population": 1043.0, "population_child": 46.0, "population_elderly": 154.0 }, "geometry": { "type": "Polygon", "coordinates": [ [ [ 139.69375, 35.6937525 ], [ 139.696875, 35.6937525 ], [ 139.696875, 35.695835 ], [ 139.69375, 35.695835 ], [ 139.69375, 35.6937525 ] ] ] } },
{ "type": "Feature", "properties": { "mesh_code": "5339453612", "population": 78.0, "population_child": 2.0, "population_elderly": 37.0 }, "geometry": { "type": "Polygon", "coordinates": [ [ [ 139.703125, 35.69167 ], [ 139.70625, 35.69167 ], [ 139.70625, 35.6937525 ], [ 139.703125, 35.6937525 ], [ 139.703125, 35.69167 ] ] ] } },
{ "type": "Feature", "properties": { "mesh_code": "5339452543", "population": 2.0, "population_child": 0.0, "population_elderly": 0.0 }, "geometry": { "type": "Polygon", "coordinates": [ [ [ 139.69375, 35.689585 ], [ 139.696875, 35.689585 ], [ 139.696875, 35.69167 ], [ 139.69375, 35.69167 ], [ 139.69375, 35.689585 ] ] ] } },
{ "type": "Feature", "properties": { "mesh_code": "5339452544", "population": 5.0, "population_child": 0.0, "population_elderly": 0.0 }, "geometry": { "type": "Polygon", "coordinates": [ [ [ 139.696875, 35.689585 ], [ 139.7, 35.689585 ], [ 139.7, 35.69167 ], [ 139.696875, 35.69167 ], [ 139.696875, 35.689585 ] ] ] } },
{ "type": "Feature", "properties": { "mesh_code": "5339452634", "population": 9.0, "population_child": 0.0, "population_elderly": 0.0 }, "geometry": { "type": "Polygon", "coordinates": [ [ [ 139.703125, 35.689585 ], [ 139.70625, 35.689585 ], [ 139.70625, 35.69167 ], [ 139.703125, 35.69167 ], [ 139.703125, 35.689585 ] ] ] } },
{ "type": "Feature", "properties": { "mesh_code": "5339453512", "population": 5.0, "population_child": 0.0, "population_elderly": 0.0 }, "geometry": { "type": "Polygon", "coordinates": [ [ [ 139.690625, 35.69167 ], [ 139.69375, 35.69167 ], [ 139.69375, 35.6937525 ], [ 139.690625, 35.6937525 ], [ 139.690625, 35.69167 ] ] ] } },
{ "type": "Feature", "properties": { "mesh_code": "5339453522", "population": 14.0, "population_child": 0.0, "population_elderly": 0.0 }, "geometry": { "type": "Polygon", "coordinates": [ [ [ 139.696875, 35.69167 ], [ 139.7, 35.69167 ], [ 139.7, 35.6937525 ], [ 139.696875, 35.6937525 ], [ 139.696875, 35.69167 ] ] ] } },
{ "type": "Feature", "properties": { "mesh_code": "5339453611", "population": 49.0, "population_child": 0.0, "population_elderly": 0.0 }, "geometry": { "type": "Polygon", "coordinates": [ [ [ 139.7, 35.69167 ], [ 139.703125, 35.69167 ], [ 139.703125, 35.6937525 ], [ 139.7, 35.6937525 ], [ 139.7, 35.69167 ] ] ] } },
{ "type": "Feature", "properties": { "mesh_code": "5339453613", "population": 14.0, "population_child": 0.0, "population_elderly": 0.0 }, "geometry": { "type": "Polygon", "coordinates": [ [ [ 139.7, 35.6937525 ], [ 139.703125, 35.6937525 ], [ 139.703125, 35.695835 ], [ 139.7, 35.695835 ], [ 139.7, 35.6937525 ] ] ] } },
{ "type": "Feature", "properties": { "mesh_code": "5339453533", "population": 1987.0, "population_child": 179.0, "population_elderly": 306.0 }, "geometry": { "type": "Polygon", "coordinates": [ [ [ 139.6875, 35.6979175 ], [ 139.690625, 35.6979175 ], [ 139.690625, 35.7 ], [ 139.6875, 35.7 ], [ 139.6875, 35.6979175 ] ] ] } },
{ "type": "Feature", "properties": { "mesh_code": "5339453534", "population": 1813.0, "population_child": 130.0, "population_elderly": 239.0 }, "geometry": { "type": "Polygon", "coordinates": [ [ [ 139.690625, 35.6979175 ], [ 139.69375, 35.6979175 ], [ 139.69375, 35.7 ], [ 139.690625, 35.7 ], [ 139.690625, 35.6979175 ] ] ] } },
{ "type": "Feature", "properties": { "mesh_code": "5339453543", "population": 1464.0, "population_child": 84.0, "population_elderly": 201.0 }, "geometry": { "type": "Polygon", "coordinates": [ [ [ 139.69375, 35.6979175 ], [ 139.696875, 35.6979175 ], [ 139.696875, 35.7 ], [ 139.69375, 35.7 ], [ 139.69375, 35.6979175 ] ] ] } },
{ "type": "Feature", "properties": { "mesh_code": "5339453544", "population": 861.0, "population_child": 25.0, "population_elderly": 152.0 }, "geometry": { "type": "Polygon", "coordinates": [ [ [ 139.696875, 35.6979175 ], [ 139.7, 35.6979175 ], [ 139.7, 35.7 ], [ 139.696875, 35.7 ], [ 139.696875, 35.6979175 ] ] ] } },
{ "type": "Feature", "properties": { "mesh_code": "5339453633", "population": 894.0, "population_child": 28.0, "population_elderly": 162.0 }, "geometry": { "type": "Polygon", "coordinates": [ [ [ 139.7, 35.6979175 ], [ 139.703125, 35.6979175 ], [ 139.703125, 35.7 ], [ 139.7, 35.7 ], [ 139.7, 35.6979175 ] ] ] } },
{ "type": "Feature", "properties": { "mesh_code": "5339453634", "population": 1282.0, "population_child": 43.0, "population_elderly": 160.0 }, "geometry": { "type": "Polygon", "coordinates": [ [ [ 139.703125, 35.6979175 ], [ 139.70625, 35.6979175 ], [ 139.70625, 35.7 ], [ 139.703125, 35.7 ], [ 139.703125, 35.6979175 ] ] ] } },
{ "type": "Feature", "properties": { "mesh_code": "5339453643", "population": 2169.0, "population_child": 152.0, "population_elderly": 354.0 }, "geometry": { "type": "Polygon", "coordinates": [ [ [ 139.70625, 35.6979175 ], [ 139.709375, 35.6979175 ], [ 139.709375, 35.7 ], [ 139.70625, 35.7 ], [ 139.70625, 35.6979175 ] ] ] } },
{ "type": "Feature", "properties": { "mesh_code": "5339453644", "population": 2050.0, "population_child": 136.0, "population_elderly": 415.0 }, "geometry": { "type": "Polygon", "coordinates": [ [ [ 139.709375, 35.6979175 ], [ 139.7125, 35.6979175 ], [ 139.7125, 35.7 ], [ 139.709375, 35.7 ], [ 139.709375, 35.6979175 ] ] ] } },
{ "type": "Feature", "properties": { "mesh_code": "5339453733", "population": 1546.0, "population_child": 153.0, "population_elderly": 248.0 }, "geometry": { "type": "Polygon", "coordinates": [ [ [ 139.7125, 35.6979175 ], [ 139.715625, 35.6979175 ], [ 139.715625, 35.7 ], [ 139.7125, 35.7 ], [ 139.7125, 35.6979175 ] ] ] } },
{ "type": "Feature", "properties": { "mesh_code": "5339453734", "population": 1125.0, "population_child": 150.0, "population_elderly": 178.0 }, "geometry": { "type": "Polygon", "coordinates": [ [ [ 139.715625, 35.6979175 ], [ 139.71875, 35.6979175 ], [ 139.71875, 35.7 ], [ 139.715625, 35.7 ], [ 139.715625, 35.6979175 ] ] ] } },
{ "type": "Feature", "properties": { "mesh_code": "5339453743", "population": 1556.0, "population_child": 204.0, "population_elderly": 211.0 }, "geometry": { "type": "Polygon", "coordinates": [ [ [ 139.71875, 35.6979175 ], [ 139.721875, 35.6979175 ], [ 139.721875, 35.7 ], [ 139.71875, 35.7 ], [ 139.71875, 35.6979175 ] ] ] } },
{ "type": "Feature", "properties": { "mesh_code": "5339453744", "population": 1658.0, "population_child": 183.0, "population_elderly": 466.0 }, "geometry": { "type": "Polygon", "coordinates": [ [ [ 139.721875, 35.6979175 ], [ 139.725, 35.6979175 ], [ 139.725, 35.7 ], [ 139.721875, 35.7 ], [ 139.721875, 35.6979175 ] ] ] } },
{ "type": "Feature", "properties": { "mesh_code": "5339453831", "population": 2446.0, "population_child": 253.0, "population_elderly": 321.0 }, "geometry": { "type": "Polygon", "coordinates": [ [ [ 139.725, 35.695835 ], [ 139.728125, 35.695835 ], [ 139.728125, 35.6979175 ], [ 139.725, 35.6979175 ], [ 139.725, 35.695835 ] ] ] } },
{ "type": "Feature", "properties": { "mesh_code": "5339453832", "population": 1031.0, "population_child": 130.0, "population_elderly": 103.0 }, "geometry": { "type": "Polygon", "coordinates": [ [ [ 139.728125, 35.695835 ], [ 139.73125, 35.695835 ], [ 139.73125, 35.6979175 ], [ 139.728125, 35.6979175 ], [ 139.728125, 35.695835 ] ] ] } },
{ "type": "Feature", "properties": { "mesh_code": "5339453833", "population": 2564.0, "population_child": 248.0, "population_elderly": 420.0 }, "geometry": { "type": "Polygon", "coordinates": [ [ [ 139.725, 35.6979175 ], [ 139.728125, 35.6979175 ], [ 139.728125, 35.7 ], [ 139.725, 35.7 ], [ 139.725, 35.6979175 ] ] ] } },
{ "type": "Feature", "properties": { "mesh_code": "5339453834", "population": 1615.0, "population_child": 154.0, "population_elderly": 253.0 }, "geometry": { "type": "Polygon", "coordinates": [ [ [ 139.728125, 35.6979175 ], [ 139.73125, 35.6979175 ], [ 139.73125, 35.7 ], [ 139.728125, 35.7 ], [ 139.728125, 35.6979175 ] ] ] } },
{ "type": "Feature", "properties": { "mesh_code": "5339453841", "population": 816.0, "population_child": 141.0, "population_elderly": 116.0 }, "geometry": { "type": "Polygon", "coordinates": [ [ [ 139.73125, 35.695835 ], [ 139.734375, 35.695835 ], [ 139.734375, 35.6979175 ], [ 139.73125, 35.6979175 ], [ 139.73125, 35.695835 ] ] ] } },
{ "type": "Feature", "properties": { "mesh_code": "5339453842", "population": 1588.0, "population_child": 193.0, "population_elderly": 220.0 }, "geometry": { "type": "Polygon", "coordinates": [ [ [ 139.734375, 35.695835 ], [ 139.7375, 35.695835 ], [ 139.7375, 35.6979175 ], [ 139.734375, 35.6979175 ], [ 139.734375, 35.695835 ] ] ] } },
{ "type": "Feature", "properties": { "mesh_code": "5339453843", "population": 2027.0, "population_child": 202.0, "population_elderly": 410.0 }, "geometry": { "type": "Polygon", "coordinates": [ [ [ 139.73125, 35.6979175 ], [ 139.734375, 35.6979175 ], [ 139.734375, 35.7 ], [ 139.73125, 35.7 ], [ 139.73125, 35.6979175 ] ] ] } },
{ "type": "Feature", "properties": { "mesh_code": "5339453844", "population": 1673.0, "population_child": 261.0, "population_elderly": 264.0 }, "geometry": { "type": "Polygon", "coordinates": [ [ [ 139.734375, 35.6979175 ], [ 139.7375, 35.6979175 ], [ 139.7375, 35.7 ], [ 139.734375, 35.7 ], [ 139.734375, 35.6979175 ] ] ] } },
{ "type": "Feature", "properties": { "mesh_code": "5339453931", "population": 747.0, "population_child": 111.0, "population_elderly": 104.0 }, "geometry": { "type": "Polygon", "coordinates": [ [ [ 139.7375, 35.695835 ], [ 139.740625, 35.695835 ], [ 139.740625, 35.6979175 ], [ 139.7375, 35.6979175 ], [ 139.7375, 35.695835 ] ] ] } },
{ "type": "Feature", "properties": { "mesh_code": "5339453933", "population": 1257.0, "population_child": 151.0, "population_elderly": 233.0 }, "geometry": { "type": "Polygon", "coordinates": [ [ [ 139.7375, 35.6979175 ], [ 139.740625, 35.6979175 ], [ 139.740625, 35.7 ], [ 139.7375, 35.7 ], [ 139.7375, 35.6979175 ] ] ] } },
{ "type": "Feature", "properties": { "mesh_code": "5339453934", "population": 1007.0, "population_child": 212.0, "population_elderly": 132.0 }, "geometry": { "type": "Polygon", "coordinates": [ [ [ 139.740625, 35.6979175 ], [ 139.74375, 35.6979175 ], [ 139.74375, 35.7 ], [ 139.740625, 35.7 ], [ 139.740625, 35.6979175 ] ] ] } },
{ "type": "Feature", "properties": { "mesh_code": "5339454424", "population": 1738.0, "population_child": 115.0, "population_elderly": 271.0 }, "geometry": { "type": "Polygon", "coordinates": [ [ [ 139.684375, 35.7020825 ], [ 139.6875, 35.7020825 ], [ 139.6875, 35.704165 ], [ 139.684375, 35.704165 ], [ 139.684375, 35.7020825 ] ] ] } },
{ "type": "Feature", "properties": { "mesh_code": "5339454511", "population": 2243.0, "population_child": 187.0, "population_elderly": 534.0 }, "geometry": { "type": "Polygon", "coordinates": [ [ [ 139.6875, 35.7 ], [ 139.690625, 35.7 ], [ 139.690625, 35.7020825 ], [ 139.6875, 35.7020825 ], [ 139.6875, 35.7 ] ] ] } },
{ "type": "Feature", "properties": { "mesh_code": "5339454512", "population": 2207.0, "population_child": 140.0, "population_elderly": 378.0 }, "geometry": { "type": "Polygon", "coordinates": [ [ [ 139.690625, 35.7 ], [ 139.69375, 35.7 ], [ 139.69375, 35.7020825 ], [ 139.690625, 35.7020825 ], [ 139.690625, 35.7 ] ] ] } },
{ "type": "Feature", "properties": { "mesh_code": "5339454513", "population": 1590.0, "population_child": 102.0, "population_elderly": 401.0 }, "geometry": { "type": "Polygon", "coordinates": [ [ [ 139.6875, 35.7020825 ], [ 139.690625, 35.7020825 ], [ 139.690625, 35.704165 ], [ 139.6875, 35.704165 ], [ 139.6875, 35.7020825 ] ] ] } },
{ "type": "Feature", "properties": { "mesh_code": "5339454514", "population": 1816.0, "population_child": 92.0, "population_elderly": 340.0 }, "geometry": { "type": "Polygon", "coordinates": [ [ [ 139.690625, 35.7020825 ], [ 139.69375, 35.7020825 ], [ 139.69375, 35.704165 ], [ 139.690625, 35.704165 ], [ 139.690625, 35.7020825 ] ] ] } },
{ "type": "Feature", "properties": { "mesh_code": "5339454521", "population": 1550.0, "population_child": 61.0, "population_elderly": 200.0 }, "geometry": { "type": "Polygon", "coordinates": [ [ [ 139.69375, 35.7 ], [ 139.696875, 35.7 ], [ 139.696875, 35.7020825 ], [ 139.69375, 35.7020825 ], [ 139.69375, 35.7 ] ] ] } },
{ "type": "Feature", "properties": { "mesh_code": "5339454522", "population": 983.0, "population_child": 31.0, "population_elderly": 195.0 }, "geometry": { "type": "Polygon", "coordinates": [ [ [ 139.696875, 35.7 ], [ 139.7, 35.7 ], [ 139.7, 35.7020825 ], [ 139.696875, 35.7020825 ], [ 139.696875, 35.7 ] ] ] } },
{ "type": "Feature", "properties": { "mesh_code": "5339454523", "population": 1733.0, "population_child": 124.0, "population_elderly": 205.0 }, "geometry": { "type": "Polygon", "coordinates": [ [ [ 139.69375, 35.7020825 ], [ 139.696875, 35.7020825 ], [ 139.696875, 35.704165 ], [ 139.69375, 35.704165 ], [ 139.69375, 35.7020825 ] ] ] } },
{ "type": "Feature", "properties": { "mesh_code": "5339454524", "population": 1987.0, "population_child": 113.0, "population_elderly": 294.0 }, "geometry": { "type": "Polygon", "coordinates": [ [ [ 139.696875, 35.7020825 ], [ 139.7, 35.7020825 ], [ 139.7, 35.704165 ], [ 139.696875, 35.704165 ], [ 139.696875, 35.7020825 ] ] ] } },
{ "type": "Feature", "properties": { "mesh_code": "5339454611", "population": 1183.0, "population_child": 56.0, "population_elderly": 201.0 }, "geometry": { "type": "Polygon", "coordinates": [ [ [ 139.7, 35.7 ], [ 139.703125, 35.7 ], [ 139.703125, 35.7020825 ], [ 139.7, 35.7020825 ], [ 139.7, 35.7 ] ] ] } },
{ "type": "Feature", "properties": { "mesh_code": "5339454612", "population": 1877.0, "population_child": 114.0, "population_elderly": 370.0 }, "geometry": { "type": "Polygon", "coordinates": [ [ [ 139.703125, 35.7 ], [ 139.70625, 35.7 ], [ 139.70625, 35.7020825 ], [ 139.703125, 35.7020825 ], [ 139.703125, 35.7 ] ] ] } },
{ "type": "Feature", "properties": { "mesh_code": "5339454613", "population": 941.0, "population_child": 39.0, "population_elderly": 137.0 }, "geometry": { "type": "Polygon", "coordinates": [ [ [ 139.7, 35.7020825 ], [ 139.703125, 35.7020825 ], [ 139.703125, 35.704165 ], [ 139.7, 35.704165 ], [ 139.7, 35.7020825 ] ] ] } },
{ "type": "Feature", "properties": { "mesh_code": "5339454614", "population": 2090.0, "population_child": 137.0, "population_elderly": 365.0 }, "geometry": { "type": "Polygon", "coordinates": [ [ [ 139.703125, 35.7020825 ], [ 139.70625, 35.7020825 ], [ 139.70625, 35.704165 ], [ 139.703125, 35.704165 ], [ 139.703125, 35.7020825 ] ] ] } },
{ "type": "Feature", "properties": { "mesh_code": "5339454621", "population": 2312.0, "population_child": 127.0, "population_elderly": 588.0 }, "geometry": { "type": "Polygon", "coordinates": [ [ [ 139.70625, 35.7 ], [ 139.709375, 35.7 ], [ 139.709375, 35.7020825 ], [ 139.70625, 35.7020825 ], [ 139.70625, 35.7 ] ] ] } },
{ "type": "Feature", "properties": { "mesh_code": "5339454622", "population": 1551.0, "population_child": 100.0, "population_elderly": 494.0 }, "geometry": { "type": "Polygon", "coordinates": [ [ [ 139.709375, 35.7 ], [ 139.7125, 35.7 ], [ 139.7125, 35.7020825 ], [ 139.709375, 35.7020825 ], [ 139.709375, 35.7 ] ] ] } },
{ "type": "Feature", "properties": { "mesh_code": "5339454623", "population": 2264.0, "population_child": 148.0, "population_elderly": 555.0 }, "geometry": { "type": "Polygon", "coordinates": [ [ [ 139.70625, 35.7020825 ], [ 139.709375, 35.7020825 ], [ 139.709375, 35.704165 ], [ 139.70625, 35.704165 ], [ 139.70625, 35.7020825 ] ] ] } },
{ "type": "Feature", "properties": { "mesh_code": "5339454624", "population": 1888.0, "population_child": 97.0, "population_elderly": 980.0 }, "geometry": { "type": "Polygon", "coordinates": [ [ [ 139.709375, 35.7020825 ], [ 139.7125, 35.7020825 ], [ 139.7125, 35.704165 ], [ 139.709375, 35.704165 ], [ 139.709375, 35.7020825 ] ] ] } },
{ "type": "Feature", "properties": { "mesh_code": "5339454711", "population": 1217.0, "population_child": 81.0, "population_elderly": 508.0 }, "geometry": { "type": "Polygon", "coordinates": [ [ [ 139.7125, 35.7 ], [ 139.715625, 35.7 ], [ 139.715625, 35.7020825 ], [ 139.7125, 35.7020825 ], [ 139.7125, 35.7 ] ] ] } },
{ "type": "Feature", "properties": { "mesh_code": "5339454712", "population": 1664.0, "population_child": 186.0, "population_elderly": 294.0 }, "geometry": { "type": "Polygon", "coordinates": [ [ [ 139.715625, 35.7 ], [ 139.71875, 35.7 ], [ 139.71875, 35.7020825 ], [ 139.715625, 35.7020825 ], [ 139.715625, 35.7 ] ] ] } },
{ "type": "Feature", "properties": { "mesh_code": "5339454713", "population": 1137.0, "population_child": 41.0, "population_elderly": 638.0 }, "geometry": { "type": "Polygon", "coordinates": [ [ [ 139.7125, 35.7020825 ], [ 139.715625, 35.7020825 ], [ 139.715625, 35.704165 ], [ 139.7125, 35.704165 ], [ 139.7125, 35.7020825 ] ] ] } },
{ "type": "Feature", "properties": { "mesh_code": "5339454714", "population": 662.0, "population_child": 48.0, "population_elderly": 85.0 }, "geometry": { "type": "Polygon", "coordinates": [ [ [ 139.715625, 35.7020825 ], [ 139.71875, 35.7020825 ], [ 139.71875, 35.704165 ], [ 139.715625, 35.704165 ], [ 139.715625, 35.7020825 ] ] ] } },
{ "type": "Feature", "properties": { "mesh_code": "5339454721", "population": 2439.0, "population_child": 241.0, "population_elderly": 350.0 }, "geometry": { "type": "Polygon", "coordinates": [ [ [ 139.71875, 35.7 ], [ 139.721875, 35.7 ], [ 139.721875, 35.7020825 ], [ 139.71875, 35.7020825 ], [ 139.71875, 35.7 ] ] ] } },
{ "type": "Feature", "properties": { "mesh_code": "5339454722", "population": 2165.0, "population_child": 239.0, "population_elderly": 386.0 }, "geometry": { "type": "Polygon", "coordinates": [ [ [ 139.721875, 35.7 ], [ 139.725, 35.7 ], [ 139.725, 35.7020825 ], [ 139.721875, 35.7020825 ], [ 139.721875, 35.7 ] ] ] } },
{ "type": "Feature", "properties": { "mesh_code": "5339454723", "population": 1439.0, "population_child": 125.0, "population_elderly": 239.0 }, "geometry": { "type": "Polygon", "coordinates": [ [ [ 139.71875, 35.7020825 ], [ 139.721875, 35.7020825 ], [ 139.721875, 35.704165 ], [ 139.71875, 35.704165 ], [ 139.71875, 35.7020825 ] ] ] } },
{ "type": "Feature", "properties": { "mesh_code": "5339454724", "population": 1540.0, "population_child": 192.0, "population_elderly": 274.0 }, "geometry": { "type": "Polygon", "coordinates": [ [ [ 139.721875, 35.7020825 ], [ 139.725, 35.7020825 ], [ 139.725, 35.704165 ], [ 139.721875, 35.704165 ], [ 139.721875, 35.7020825 ] ] ] } },
{ "type": "Feature", "properties": { "mesh_code": "5339454811", "population": 1888.0, "population_child": 175.0, "population_elderly": 384.0 }, "geometry": { "type": "Polygon", "coordinates": [ [ [ 139.725, 35.7 ], [ 139.728125, 35.7 ], [ 139.728125, 35.7020825 ], [ 139.725, 35.7020825 ], [ 139.725, 35.7 ] ] ] } },
{ "type": "Feature", "properties": { "mesh_code": "5339454812", "population": 1263.0, "population_child": 150.0, "population_elderly": 319.0 }, "geometry": { "type": "Polygon", "coordinates": [ [ [ 139.728125, 35.7 ], [ 139.73125, 35.7 ], [ 139.73125, 35.7020825 ], [ 139.728125, 35.7020825 ], [ 139.728125, 35.7 ] ] ] } },
{ "type": "Feature", "properties": { "mesh_code": "5339454813", "population": 1379.0, "population_child": 135.0, "population_elderly": 260.0 }, "geometry": { "type": "Polygon", "coordinates": [ [ [ 139.725, 35.7020825 ], [ 139.728125, 35.7020825 ], [ 139.728125, 35.704165 ], [ 139.725, 35.704165 ], [ 139.725, 35.7020825 ] ] ] } },
{ "type": "Feature", "properties": { "mesh_code": "5339454814", "population": 1570.0, "population_child": 152.0, "population_elderly": 322.0 }, "geometry": { "type": "Polygon", "coordinates": [ [ [ 139.728125, 35.7020825 ], [ 139.73125, 35.7020825 ], [ 139.73125, 35.704165 ], [ 139.728125, 35.704165 ], [ 139.728125, 35.7020825 ] ] ] } },
{ "type": "Feature", "properties": { "mesh_code": "5339454821", "population": 1630.0, "population_child": 290.0, "population_elderly": 193.0 }, "geometry": { "type": "Polygon", "coordinates": [ [ [ 139.73125, 35.7 ], [ 139.734375, 35.7 ], [ 139.734375, 35.7020825 ], [ 139.73125, 35.7020825 ], [ 139.73125, 35.7 ] ] ] } },
{ "type": "Feature", "properties": { "mesh_code": "5339454822", "population": 1674.0, "population_child": 107.0, "population_elderly": 278.0 }, "geometry": { "type": "Polygon", "coordinates": [ [ [ 139.734375, 35.7 ], [ 139.7375, 35.7 ], [ 139.7375, 35.7020825 ], [ 139.734375, 35.7020825 ], [ 139.734375, 35.7 ] ] ] } },
{ "type": "Feature", "properties": { "mesh_code": "5339454823", "population": 1442.0, "population_child": 104.0, "population_elderly": 375.0 }, "geometry": { "type": "Polygon", "coordinates": [ [ [ 139.73125, 35.7020825 ], [ 139.734375, 35.7020825 ], [ 139.734375, 35.704165 ], [ 139.73125, 35.704165 ], [ 139.73125, 35.7020825 ] ] ] } },
{ "type": "Feature", "properties": { "mesh_code": "5339454824", "population": 1525.0, "population_child": 89.0, "population_elderly": 396.0 }, "geometry": { "type": "Polygon", "coordinates": [ [ [ 139.734375, 35.7020825 ], [ 139.7375, 35.7020825 ], [ 139.7375, 35.704165 ], [ 139.734375, 35.704165 ], [ 139.734375, 35.7020825 ] ] ] } },
{ "type": "Feature", "properties": { "mesh_code": "5339454911", "population": 1229.0, "population_child": 83.0, "population_elderly": 218.0 }, "geometry": { "type": "Polygon", "coordinates": [ [ [ 139.7375, 35.7 ], [ 139.740625, 35.7 ], [ 139.740625, 35.7020825 ], [ 139.7375, 35.7020825 ], [ 139.7375, 35.7 ] ] ] } },
{ "type": "Feature", "properties": { "mesh_code": "5339454912", "population": 457.0, "population_child": 9.0, "population_elderly": 101.0 }, "geometry": { "type": "Polygon", "coordinates": [ [ [ 139.740625, 35.7 ], [ 139.74375, 35.7 ], [ 139.74375, 35.7020825 ], [ 139.740625, 35.7020825 ], [ 139.740625, 35.7 ] ] ] } },
{ "type": "Feature", "properties": { "mesh_code": "5339454913", "population": 1582.0, "population_child": 147.0, "population_elderly": 284.0 }, "geometry": { "type": "Polygon", "coordinates": [ [ [ 139.7375, 35.7020825 ], [ 139.740625, 35.7020825 ], [ 139.740625, 35.704165 ], [ 139.7375, 35.704165 ], [ 139.7375, 35.7020825 ] ] ] } },
{ "type": "Feature", "properties": { "mesh_code": "5339454914", "population": 515.0, "population_child": 33.0, "population_elderly": 118.0 }, "geometry": { "type": "Polygon", "coordinates": [ [ [ 139.740625, 35.7020825 ], [ 139.74375, 35.7020825 ], [ 139.74375, 35.704165 ], [ 139.740625, 35.704165 ], [ 139.740625, 35.7020825 ] ] ] } },
{ "type": "Feature", "properties": { "mesh_code": "5339454923", "population": 235.0, "population_child": 33.0, "population_elderly": 45.0 }, "geometry": { "type": "Polygon", "coordinates": [ [ [ 139.74375, 35.7020825 ], [ 139.746875, 35.7020825 ], [ 139.746875, 35.704165 ], [ 139.74375, 35.704165 ], [ 139.74375, 35.7020825 ] ] ] } },
{ "type": "Feature", "properties": { "mesh_code": "5339454531", "population": 1599.0, "population_child": 150.0, "population_elderly": 295.0 }, "geometry": { "type": "Polygon", "coordinates": [ [ [ 139.6875, 35.704165 ], [ 139.690625, 35.704165 ], [ 139.690625, 35.7062475 ], [ 139.6875, 35.7062475 ], [ 139.6875, 35.704165 ] ] ] } },
{ "type": "Feature", "properties": { "mesh_code": "5339454532", "population": 1150.0, "population_child": 91.0, "population_elderly": 214.0 }, "geometry": { "type": "Polygon", "coordinates": [ [ [ 139.690625, 35.704165 ], [ 139.69375, 35.704165 ], [ 139.69375, 35.7062475 ], [ 139.690625, 35.7062475 ], [ 139.690625, 35.704165 ] ] ] } },
{ "type": "Feature", "properties": { "mesh_code": "5339454533", "population": 1845.0, "population_child": 143.0, "population_elderly": 311.0 }, "geometry": { "type": "Polygon", "coordinates": [ [ [ 139.6875, 35.7062475 ], [ 139.690625, 35.7062475 ], [ 139.690625, 35.70833 ], [ 139.6875, 35.70833 ], [ 139.6875, 35.7062475 ] ] ] } },
{ "type": "Feature", "properties": { "mesh_code": "5339454534", "population": 2249.0, "population_child": 126.0, "population_elderly": 320.0 }, "geometry": { "type": "Polygon", "coordinates": [ [ [ 139.690625, 35.7062475 ], [ 139.69375, 35.7062475 ], [ 139.69375, 35.70833 ], [ 139.690625, 35.70833 ], [ 139.690625, 35.7062475 ] ] ] } },
{ "type": "Feature", "properties": { "mesh_code": "5339454541", "population": 1607.0, "population_child": 205.0, "population_elderly": 379.0 }, "geometry": { "type": "Polygon", "coordinates": [ [ [ 139.69375, 35.704165 ], [ 139.696875, 35.704165 ], [ 139.696875, 35.7062475 ], [ 139.69375, 35.7062475 ], [ 139.69375, 35.704165 ] ] ] } },
{ "type": "Feature", "properties": { "mesh_code": "5339454542", "population": 1268.0, "population_child": 281.0, "population_elderly": 63.0 }, "geometry": { "type": "Polygon", "coordinates": [ [ [ 139.696875, 35.704165 ], [ 139.7, 35.704165 ], [ 139.7, 35.7062475 ], [ 139.696875, 35.7062475 ], [ 139.696875, 35.704165 ] ] ] } },
{ "type": "Feature", "properties": { "mesh_code": "5339454543", "population": 2019.0, "population_child": 189.0, "population_elderly": 700.0 }, "geometry": { "type": "Polygon", "coordinates": [ [ [ 139.69375, 35.7062475 ], [ 139.696875, 35.7062475 ], [ 139.696875, 35.70833 ], [ 139.69375, 35.70833 ], [ 139.69375, 35.7062475 ] ] ] } },
{ "type": "Feature", "properties": { "mesh_code": "5339454544", "population": 1034.0, "population_child": 74.0, "population_elderly": 474.0 }, "geometry": { "type": "Polygon", "coordinates": [ [ [ 139.696875, 35.7062475 ], [ 139.7, 35.7062475 ], [ 139.7, 35.70833 ], [ 139.696875, 35.70833 ], [ 139.696875, 35.7062475 ] ] ] } },
{ "type": "Feature", "properties": { "mesh_code": "5339454631", "population": 1186.0, "population_child": 93.0, "population_elderly": 286.0 }, "geometry": { "type": "Polygon", "coordinates": [ [ [ 139.7, 35.704165 ], [ 139.703125, 35.704165 ], [ 139.703125, 35.7062475 ], [ 139.7, 35.7062475 ], [ 139.7, 35.704165 ] ] ] } },
{ "type": "Feature", "properties": { "mesh_code": "5339454632", "population": 1136.0, "population_child": 139.0, "population_elderly": 121.0 }, "geometry": { "type": "Polygon", "coordinates": [ [ [ 139.703125, 35.704165 ], [ 139.70625, 35.704165 ], [ 139.70625, 35.7062475 ], [ 139.703125, 35.7062475 ], [ 139.703125, 35.704165 ] ] ] } },
{ "type": "Feature", "properties": { "mesh_code": "5339454633", "population": 1213.0, "population_child": 181.0, "population_elderly": 230.0 }, "geometry": { "type": "Polygon", "coordinates": [ [ [ 139.7, 35.7062475 ], [ 139.703125, 35.7062475 ], [ 139.703125, 35.70833 ], [ 139.7, 35.70833 ], [ 139.7, 35.7062475 ] ] ] } },
{ "type": "Feature", "properties": { "mesh_code": "5339454634", "population": 424.0, "population_child": 50.0, "population_elderly": 12.0 }, "geometry": { "type": "Polygon", "coordinates": [ [ [ 139.703125, 35.7062475 ], [ 139.70625, 35.7062475 ], [ 139.70625, 35.70833 ], [ 139.703125, 35.70833 ], [ 139.703125, 35.7062475 ] ] ] } },
{ "type": "Feature", "properties": { "mesh_code": "5339454641", "population": 904.0, "population_child": 138.0, "population_elderly": 71.0 }, "geometry": { "type": "Polygon", "coordinates": [ [ [ 139.70625, 35.704165 ], [ 139.709375, 35.704165 ], [ 139.709375, 35.7062475 ], [ 139.70625, 35.7062475 ], [ 139.70625, 35.704165 ] ] ] } },
{ "type": "Feature", "properties": { "mesh_code": "5339454642", "population": 730.0, "population_child": 45.0, "population_elderly": 194.0 }, "geometry": { "type": "Polygon", "coordinates": [ [ [ 139.709375, 35.704165 ], [ 139.7125, 35.704165 ], [ 139.7125, 35.7062475 ], [ 139.709375, 35.7062475 ], [ 139.709375, 35.704165 ] ] ] } },
{ "type": "Feature", "properties": { "mesh_code": "5339454643", "population": 1206.0, "population_child": 162.0, "population_elderly": 300.0 }, "geometry": { "type": "Polygon", "coordinates": [ [ [ 139.70625, 35.7062475 ], [ 139.709375, 35.7062475 ], [ 139.709375, 35.70833 ], [ 139.70625, 35.70833 ], [ 139.70625, 35.7062475 ] ] ] } },
{ "type": "Feature", "properties": { "mesh_code": "5339454644", "population": 183.0, "population_child": 9.0, "population_elderly": 45.0 }, "geometry": { "type": "Polygon", "coordinates": [ [ [ 139.709375, 35.7062475 ], [ 139.7125, 35.7062475 ], [ 139.7125, 35.70833 ], [ 139.709375, 35.70833 ], [ 139.709375, 35.7062475 ] ] ] } },
{ "type": "Feature", "properties": { "mesh_code": "5339454731", "population": 150.0, "population_child": 3.0, "population_elderly": 44.0 }, "geometry": { "type": "Polygon", "coordinates": [ [ [ 139.7125, 35.704165 ], [ 139.715625, 35.704165 ], [ 139.715625, 35.7062475 ], [ 139.7125, 35.7062475 ], [ 139.7125, 35.704165 ] ] ] } },
{ "type": "Feature", "properties": { "mesh_code": "5339454732", "population": 319.0, "population_child": 18.0, "population_elderly": 36.0 }, "geometry": { "type": "Polygon", "coordinates": [ [ [ 139.715625, 35.704165 ], [ 139.71875, 35.704165 ], [ 139.71875, 35.7062475 ], [ 139.715625, 35.7062475 ], [ 139.715625, 35.704165 ] ] ] } },
{ "type": "Feature", "properties": { "mesh_code": "5339454733", "population": 530.0, "population_child": 41.0, "population_elderly": 92.0 }, "geometry": { "type": "Polygon", "coordinates": [ [ [ 139.7125, 35.7062475 ], [ 139.715625, 35.7062475 ], [ 139.715625, 35.70833 ], [ 139.7125, 35.70833 ], [ 139.7125, 35.7062475 ] ] ] } },
{ "type": "Feature", "properties": { "mesh_code": "5339454734", "population": 1080.0, "population_child": 90.0, "population_elderly": 163.0 }, "geometry": { "type": "Polygon", "coordinates": [ [ [ 139.715625, 35.7062475 ], [ 139.71875, 35.7062475 ], [ 139.71875, 35.70833 ], [ 139.715625, 35.70833 ], [ 139.715625, 35.7062475 ] ] ] } },
{ "type": "Feature", "properties": { "mesh_code": "5339454741", "population": 1404.0, "population_child": 121.0, "population_elderly": 228.0 }, "geometry": { "type": "Polygon", "coordinates": [ [ [ 139.71875, 35.704165 ], [ 139.721875, 35.704165 ], [ 139.721875, 35.7062475 ], [ 139.71875, 35.7062475 ], [ 139.71875, 35.704165 ] ] ] } },
{ "type": "Feature", "properties": { "mesh_code": "5339454742", "population": 1197.0, "population_child": 85.0, "population_elderly": 230.0 }, "geometry": { "type": "Polygon", "coordinates": [ [ [ 139.721875, 35.704165 ], [ 139.725, 35.704165 ], [ 139.725, 35.7062475 ], [ 139.721875, 35.7062475 ], [ 139.721875, 35.704165 ] ] ] } },
{ "type": "Feature", "properties": { "mesh_code": "5339454743", "population": 674.0, "population_child": 24.0, "population_elderly": 107.0 }, "geometry": { "type": "Polygon", "coordinates": [ [ [ 139.71875, 35.7062475 ], [ 139.721875, 35.7062475 ], [ 139.721875, 35.70833 ], [ 139.71875, 35.70833 ], [ 139.71875, 35.7062475 ] ] ] } },
{ "type": "Feature", "properties": { "mesh_code": "5339454744", "population": 1819.0, "population_child": 93.0, "population_elderly": 275.0 }, "geometry": { "type": "Polygon", "coordinates": [ [ [ 139.721875, 35.7062475 ], [ 139.725, 35.7062475 ], [ 139.725, 35.70833 ], [ 139.721875, 35.70833 ], [ 139.721875, 35.7062475 ] ] ] } },
{ "type": "Feature", "properties": { "mesh_code": "5339454831", "population": 1733.0, "population_child": 124.0, "population_elderly": 288.0 }, "geometry": { "type": "Polygon", "coordinates": [ [ [ 139.725, 35.704165 ], [ 139.728125, 35.704165 ], [ 139.728125, 35.7062475 ], [ 139.725, 35.7062475 ], [ 139.725, 35.704165 ] ] ] } },
{ "type": "Feature", "properties": { "mesh_code": "5339454832", "population": 1816.0, "population_child": 120.0, "population_elderly": 287.0 }, "geometry": { "type": "Polygon", "coordinates": [ [ [ 139.728125, 35.704165 ], [ 139.73125, 35.704165 ], [ 139.73125, 35.7062475 ], [ 139.728125, 35.7062475 ], [ 139.728125, 35.704165 ] ] ] } },
{ "type": "Feature", "properties": { "mesh_code": "5339454833", "population": 1652.0, "population_child": 109.0, "population_elderly": 299.0 }, "geometry": { "type": "Polygon", "coordinates": [ [ [ 139.725, 35.7062475 ], [ 139.728125, 35.7062475 ], [ 139.728125, 35.70833 ], [ 139.725, 35.70833 ], [ 139.725, 35.7062475 ] ] ] } },
{ "type": "Feature", "properties": { "mesh_code": "5339454834", "population": 1553.0, "population_child": 75.0, "population_elderly": 173.0 }, "geometry": { "type": "Polygon", "coordinates": [ [ [ 139.728125, 35.7062475 ], [ 139.73125, 35.7062475 ], [ 139.73125, 35.70833 ], [ 139.728125, 35.70833 ], [ 139.728125, 35.7062475 ] ] ] } },
{ "type": "Feature", "properties": { "mesh_code": "5339454841", "population": 2027.0, "population_child": 129.0, "population_elderly": 419.0 }, "geometry": { "type": "Polygon", "coordinates": [ [ [ 139.73125, 35.704165 ], [ 139.734375, 35.704165 ], [ 139.734375, 35.7062475 ], [ 139.73125, 35.7062475 ], [ 139.73125, 35.704165 ] ] ] } },
{ "type": "Feature", "properties": { "mesh_code": "5339454842", "population": 1842.0, "population_child": 180.0, "population_elderly": 246.0 }, "geometry": { "type": "Polygon", "coordinates": [ [ [ 139.734375, 35.704165 ], [ 139.7375, 35.704165 ], [ 139.7375, 35.7062475 ], [ 139.734375, 35.7062475 ], [ 139.734375, 35.704165 ] ] ] } },
{ "type": "Feature", "properties": { "mesh_code": "5339454843", "population": 2436.0, "population_child": 258.0, "population_elderly": 336.0 }, "geometry": { "type": "Polygon", "coordinates": [ [ [ 139.73125, 35.7062475 ], [ 139.734375, 35.7062475 ], [ 139.734375, 35.70833 ], [ 139.73125, 35.70833 ], [ 139.73125, 35.7062475 ] ] ] } },
{ "type": "Feature", "properties": { "mesh_code": "5339454844", "population": 2025.0, "population_child": 174.0, "population_elderly": 284.0 }, "geometry": { "type": "Polygon", "coordinates": [ [ [ 139.734375, 35.7062475 ], [ 139.7375, 35.7062475 ], [ 139.7375, 35.70833 ], [ 139.734375, 35.70833 ], [ 139.734375, 35.7062475 ] ] ] } },
{ "type": "Feature", "properties": { "mesh_code": "5339454931", "population": 2568.0, "population_child": 303.0, "population_elderly": 378.0 }, "geometry": { "type": "Polygon", "coordinates": [ [ [ 139.7375, 35.704165 ], [ 139.740625, 35.704165 ], [ 139.740625, 35.7062475 ], [ 139.7375, 35.7062475 ], [ 139.7375, 35.704165 ] ] ] } },
{ "type": "Feature", "properties": { "mesh_code": "5339454932", "population": 1560.0, "population_child": 130.0, "population_elderly": 178.0 }, "geometry": { "type": "Polygon", "coordinates": [ [ [ 139.740625, 35.704165 ], [ 139.74375, 35.704165 ], [ 139.74375, 35.7062475 ], [ 139.740625, 35.7062475 ], [ 139.740625, 35.704165 ] ] ] } },
{ "type": "Feature", "properties": { "mesh_code": "5339454933", "population": 1933.0, "population_child": 215.0, "population_elderly": 336.0 }, "geometry": { "type": "Polygon", "coordinates": [ [ [ 139.7375, 35.7062475 ], [ 139.740625, 35.7062475 ], [ 139.740625, 35.70833 ], [ 139.7375, 35.70833 ], [ 139.7375, 35.7062475 ] ] ] } },
{ "type": "Feature", "properties": { "mesh_code": "5339454934", "population": 2044.0, "population_child": 217.0, "population_elderly": 393.0 }, "geometry": { "type": "Polygon", "coordinates": [ [ [ 139.740625, 35.7062475 ], [ 139.74375, 35.7062475 ], [ 139.74375, 35.70833 ], [ 139.740625, 35.70833 ], [ 139.740625, 35.7062475 ] ] ] } },
{ "type": "Feature", "properties": { "mesh_code": "5339454941", "population": 692.0, "population_child": 72.0, "population_elderly": 110.0 }, "geometry": { "type": "Polygon", "coordinates": [ [ [ 139.74375, 35.704165 ], [ 139.746875, 35.704165 ], [ 139.746875, 35.7062475 ], [ 139.74375, 35.7062475 ], [ 139.74375, 35.704165 ] ] ] } },
{ "type": "Feature", "properties": { "mesh_code": "5339455414", "population": 1088.0, "population_child": 77.0, "population_elderly": 162.0 }, "geometry": { "type": "Polygon", "coordinates": [ [ [ 139.678125, 35.710415 ], [ 139.68125, 35.710415 ], [ 139.68125, 35.7125 ], [ 139.678125, 35.7125 ], [ 139.678125, 35.710415 ] ] ] } },
{ "type": "Feature", "properties": { "mesh_code": "5339455421", "population": 1751.0, "population_child": 100.0, "population_elderly": 290.0 }, "geometry": { "type": "Polygon", "coordinates": [ [ [ 139.68125, 35.70833 ], [ 139.684375, 35.70833 ], [ 139.684375, 35.710415 ], [ 139.68125, 35.710415 ], [ 139.68125, 35.70833 ] ] ] } },
{ "type": "Feature", "properties": { "mesh_code": "5339455422", "population": 1776.0, "population_child": 128.0, "population_elderly": 298.0 }, "geometry": { "type": "Polygon", "coordinates": [ [ [ 139.684375, 35.70833 ], [ 139.6875, 35.70833 ], [ 139.6875, 35.710415 ], [ 139.684375, 35.710415 ], [ 139.684375, 35.70833 ] ] ] } },
{ "type": "Feature", "properties": { "mesh_code": "5339455423", "population": 2018.0, "population_child": 123.0, "population_elderly": 347.0 }, "geometry": { "type": "Polygon", "coordinates": [ [ [ 139.68125, 35.710415 ], [ 139.684375, 35.710415 ], [ 139.684375, 35.7125 ], [ 139.68125, 35.7125 ], [ 139.68125, 35.710415 ] ] ] } },
{ "type": "Feature", "properties": { "mesh_code": "5339455424", "population": 2072.0, "population_child": 119.0, "population_elderly": 288.0 }, "geometry": { "type": "Polygon", "coordinates": [ [ [ 139.684375, 35.710415 ], [ 139.6875, 35.710415 ], [ 139.6875, 35.7125 ], [ 139.684375, 35.7125 ], [ 139.684375, 35.710415 ] ] ] } },
{ "type": "Feature", "properties": { "mesh_code": "5339455512", "population": 2624.0, "population_child": 289.0, "population_elderly": 530.0 }, "geometry": { "type": "Polygon", "coordinates": [ [ [ 139.690625, 35.70833 ], [ 139.69375, 35.70833 ], [ 139.69375, 35.710415 ], [ 139.690625, 35.710415 ], [ 139.690625, 35.70833 ] ] ] } },
{ "type": "Feature", "properties": { "mesh_code": "5339455513", "population": 2221.0, "population_child": 177.0, "population_elderly": 323.0 }, "geometry": { "type": "Polygon", "coordinates": [ [ [ 139.6875, 35.710415 ], [ 139.690625, 35.710415 ], [ 139.690625, 35.7125 ], [ 139.6875, 35.7125 ], [ 139.6875, 35.710415 ] ] ] } },
{ "type": "Feature", "properties": { "mesh_code": "5339455514", "population": 1481.0, "population_child": 144.0, "population_elderly": 215.0 }, "geometry": { "type": "Polygon", "coordinates": [ [ [ 139.690625, 35.710415 ], [ 139.69375, 35.710415 ], [ 139.69375, 35.7125 ], [ 139.690625, 35.7125 ], [ 139.690625, 35.710415 ] ] ] } },
{ "type": "Feature", "properties": { "mesh_code": "5339455521", "population": 1913.0, "population_child": 213.0, "population_elderly": 484.0 }, "geometry": { "type": "Polygon", "coordinates": [ [ [ 139.69375, 35.70833 ], [ 139.696875, 35.70833 ], [ 139.696875, 35.710415 ], [ 139.69375, 35.710415 ], [ 139.69375, 35.70833 ] ] ] } },
{ "type": "Feature", "properties": { "mesh_code": "5339455522", "population": 2036.0, "population_child": 197.0, "population_elderly": 424.0 }, "geometry": { "type": "Polygon", "coordinates": [ [ [ 139.696875, 35.70833 ], [ 139.7, 35.70833 ], [ 139.7, 35.710415 ], [ 139.696875, 35.710415 ], [ 139.696875, 35.70833 ] ] ] } },
{ "type": "Feature", "properties": { "mesh_code": "5339455611", "population": 1044.0, "population_child": 150.0, "population_elderly": 237.0 }, "geometry": { "type": "Polygon", "coordinates": [ [ [ 139.7, 35.70833 ], [ 139.703125, 35.70833 ], [ 139.703125, 35.710415 ], [ 139.7, 35.710415 ], [ 139.7, 35.70833 ] ] ] } },
{ "type": "Feature", "properties": { "mesh_code": "5339455612", "population": 1935.0, "population_child": 168.0, "population_elderly": 576.0 }, "geometry": { "type": "Polygon", "coordinates": [ [ [ 139.703125, 35.70833 ], [ 139.70625, 35.70833 ], [ 139.70625, 35.710415 ], [ 139.703125, 35.710415 ], [ 139.703125, 35.70833 ] ] ] } },
{ "type": "Feature", "properties": { "mesh_code": "5339455621", "population": 1351.0, "population_child": 105.0, "population_elderly": 220.0 }, "geometry": { "type": "Polygon", "coordinates": [ [ [ 139.70625, 35.70833 ], [ 139.709375, 35.70833 ], [ 139.709375, 35.710415 ], [ 139.70625, 35.710415 ], [ 139.70625, 35.70833 ] ] ] } },
{ "type": "Feature", "properties": { "mesh_code": "5339455622", "population": 1902.0, "population_child": 128.0, "population_elderly": 265.0 }, "geometry": { "type": "Polygon", "coordinates": [ [ [ 139.709375, 35.70833 ], [ 139.7125, 35.70833 ], [ 139.7125, 35.710415 ], [ 139.709375, 35.710415 ], [ 139.709375, 35.70833 ] ] ] } },
{ "type": "Feature", "properties": { "mesh_code": "5339455711", "population": 2056.0, "population_child": 132.0, "population_elderly": 354.0 }, "geometry": { "type": "Polygon", "coordinates": [ [ [ 139.7125, 35.70833 ], [ 139.715625, 35.70833 ], [ 139.715625, 35.710415 ], [ 139.7125, 35.710415 ], [ 139.7125, 35.70833 ] ] ] } },
{ "type": "Feature", "properties": { "mesh_code": "5339455712", "population": 1277.0, "population_child": 90.0, "population_elderly": 232.0 }, "geometry": { "type": "Polygon", "coordinates": [ [ [ 139.715625, 35.70833 ], [ 139.71875, 35.70833 ], [ 139.71875, 35.710415 ], [ 139.715625, 35.710415 ], [ 139.715625, 35.70833 ] ] ] } },
{ "type": "Feature", "properties": { "mesh_code": "5339455721", "population": 594.0, "population_child": 23.0, "population_elderly": 142.0 }, "geometry": { "type": "Polygon", "coordinates": [ [ [ 139.71875, 35.70833 ], [ 139.721875, 35.70833 ], [ 139.721875, 35.710415 ], [ 139.71875, 35.710415 ], [ 139.71875, 35.70833 ] ] ] } },
{ "type": "Feature", "properties": { "mesh_code": "5339455722", "population": 1355.0, "population_child": 88.0, "population_elderly": 242.0 }, "geometry": { "type": "Polygon", "coordinates": [ [ [ 139.721875, 35.70833 ], [ 139.725, 35.70833 ], [ 139.725, 35.710415 ], [ 139.721875, 35.710415 ], [ 139.721875, 35.70833 ] ] ] } },
{ "type": "Feature", "properties": { "mesh_code": "5339455811", "population": 1654.0, "population_child": 87.0, "population_elderly": 264.0 }, "geometry": { "type": "Polygon", "coordinates": [ [ [ 139.725, 35.70833 ], [ 139.728125, 35.70833 ], [ 139.728125, 35.710415 ], [ 139.725, 35.710415 ], [ 139.725, 35.70833 ] ] ] } },
{ "type": "Feature", "properties": { "mesh_code": "5339455812", "population": 2259.0, "population_child": 179.0, "population_elderly": 411.0 }, "geometry": { "type": "Polygon", "coordinates": [ [ [ 139.728125, 35.70833 ], [ 139.73125, 35.70833 ], [ 139.73125, 35.710415 ], [ 139.728125, 35.710415 ], [ 139.728125, 35.70833 ] ] ] } },
{ "type": "Feature", "properties": { "mesh_code": "5339455821", "population": 2194.0, "population_child": 223.0, "population_elderly": 382.0 }, "geometry": { "type": "Polygon", "coordinates": [ [ [ 139.73125, 35.70833 ], [ 139.734375, 35.70833 ], [ 139.734375, 35.710415 ], [ 139.73125, 35.710415 ], [ 139.73125, 35.70833 ] ] ] } },
{ "type": "Feature", "properties": { "mesh_code": "5339455822", "population": 1973.0, "population_child": 209.0, "population_elderly": 236.0 }, "geometry": { "type": "Polygon", "coordinates": [ [ [ 139.734375, 35.70833 ], [ 139.7375, 35.70833 ], [ 139.7375, 35.710415 ], [ 139.734375, 35.710415 ], [ 139.734375, 35.70833 ] ] ] } },
{ "type": "Feature", "properties": { "mesh_code": "5339455911", "population": 2401.0, "population_child": 287.0, "population_elderly": 258.0 }, "geometry": { "type": "Polygon", "coordinates": [ [ [ 139.7375, 35.70833 ], [ 139.740625, 35.70833 ], [ 139.740625, 35.710415 ], [ 139.7375, 35.710415 ], [ 139.7375, 35.70833 ] ] ] } },
{ "type": "Feature", "properties": { "mesh_code": "5339455912", "population": 2137.0, "population_child": 295.0, "population_elderly": 304.0 }, "geometry": { "type": "Polygon", "coordinates": [ [ [ 139.740625, 35.70833 ], [ 139.74375, 35.70833 ], [ 139.74375, 35.710415 ], [ 139.740625, 35.710415 ], [ 139.740625, 35.70833 ] ] ] } },
{ "type": "Feature", "properties": { "mesh_code": "5339455432", "population": 1452.0, "population_child": 157.0, "population_elderly": 357.0 }, "geometry": { "type": "Polygon", "coordinates": [ [ [ 139.678125, 35.7125 ], [ 139.68125, 35.7125 ], [ 139.68125, 35.714585 ], [ 139.678125, 35.714585 ], [ 139.678125, 35.7125 ] ] ] } },
{ "type": "Feature", "properties": { "mesh_code": "5339455434", "population": 653.0, "population_child": 54.0, "population_elderly": 125.0 }, "geometry": { "type": "Polygon", "coordinates": [ [ [ 139.678125, 35.714585 ], [ 139.68125, 35.714585 ], [ 139.68125, 35.71667 ], [ 139.678125, 35.71667 ], [ 139.678125, 35.714585 ] ] ] } },
{ "type": "Feature", "properties": { "mesh_code": "5339455441", "population": 1868.0, "population_child": 105.0, "population_elderly": 392.0 }, "geometry": { "type": "Polygon", "coordinates": [ [ [ 139.68125, 35.7125 ], [ 139.684375, 35.7125 ], [ 139.684375, 35.714585 ], [ 139.68125, 35.714585 ], [ 139.68125, 35.7125 ] ] ] } },
{ "type": "Feature", "properties": { "mesh_code": "5339455442", "population": 1537.0, "population_child": 93.0, "population_elderly": 347.0 }, "geometry": { "type": "Polygon", "coordinates": [ [ [ 139.684375, 35.7125 ], [ 139.6875, 35.7125 ], [ 139.6875, 35.714585 ], [ 139.684375, 35.714585 ], [ 139.684375, 35.7125 ] ] ] } },
{ "type": "Feature", "properties": { "mesh_code": "5339455443", "population": 1208.0, "population_child": 83.0, "population_elderly": 282.0 }, "geometry": { "type": "Polygon", "coordinates": [ [ [ 139.68125, 35.714585 ], [ 139.684375, 35.714585 ], [ 139.684375, 35.71667 ], [ 139.68125, 35.71667 ], [ 139.68125, 35.714585 ] ] ] } },
{ "type": "Feature", "properties": { "mesh_code": "5339455444", "population": 1329.0, "population_child": 99.0, "population_elderly": 264.0 }, "geometry": { "type": "Polygon", "coordinates": [ [ [ 139.684375, 35.714585 ], [ 139.6875, 35.714585 ], [ 139.6875, 35.71667 ], [ 139.684375, 35.71667 ], [ 139.684375, 35.714585 ] ] ] } },
{ "type": "Feature", "properties": { "mesh_code": "5339455523", "population": 1115.0, "population_child": 65.0, "population_elderly": 196.0 }, "geometry": { "type": "Polygon", "coordinates": [ [ [ 139.69375, 35.710415 ], [ 139.696875, 35.710415 ], [ 139.696875, 35.7125 ], [ 139.69375, 35.7125 ], [ 139.69375, 35.710415 ] ] ] } },
{ "type": "Feature", "properties": { "mesh_code": "5339455524", "population": 1504.0, "population_child": 76.0, "population_elderly": 282.0 }, "geometry": { "type": "Polygon", "coordinates": [ [ [ 139.696875, 35.710415 ], [ 139.7, 35.710415 ], [ 139.7, 35.7125 ], [ 139.696875, 35.7125 ], [ 139.696875, 35.710415 ] ] ] } },
{ "type": "Feature", "properties": { "mesh_code": "5339455531", "population": 1681.0, "population_child": 93.0, "population_elderly": 384.0 }, "geometry": { "type": "Polygon", "coordinates": [ [ [ 139.6875, 35.7125 ], [ 139.690625, 35.7125 ], [ 139.690625, 35.714585 ], [ 139.6875, 35.714585 ], [ 139.6875, 35.7125 ] ] ] } },
{ "type": "Feature", "properties": { "mesh_code": "5339455532", "population": 1111.0, "population_child": 83.0, "population_elderly": 157.0 }, "geometry": { "type": "Polygon", "coordinates": [ [ [ 139.690625, 35.7125 ], [ 139.69375, 35.7125 ], [ 139.69375, 35.714585 ], [ 139.690625, 35.714585 ], [ 139.690625, 35.7125 ] ] ] } },
{ "type": "Feature", "properties": { "mesh_code": "5339455533", "population": 1707.0, "population_child": 100.0, "population_elderly": 346.0 }, "geometry": { "type": "Polygon", "coordinates": [ [ [ 139.6875, 35.714585 ], [ 139.690625, 35.714585 ], [ 139.690625, 35.71667 ], [ 139.6875, 35.71667 ], [ 139.6875, 35.714585 ] ] ] } },
{ "type": "Feature", "properties": { "mesh_code": "5339455534", "population": 2369.0, "population_child": 185.0, "population_elderly": 416.0 }, "geometry": { "type": "Polygon", "coordinates": [ [ [ 139.690625, 35.714585 ], [ 139.69375, 35.714585 ], [ 139.69375, 35.71667 ], [ 139.690625, 35.71667 ], [ 139.690625, 35.714585 ] ] ] } },
{ "type": "Feature", "properties": { "mesh_code": "5339455541", "population": 898.0, "population_child": 43.0, "population_elderly": 216.0 }, "geometry": { "type": "Polygon", "coordinates": [ [ [ 139.69375, 35.7125 ], [ 139.696875, 35.7125 ], [ 139.696875, 35.714585 ], [ 139.69375, 35.714585 ], [ 139.69375, 35.7125 ] ] ] } },
{ "type": "Feature", "properties": { "mesh_code": "5339455542", "population": 1817.0, "population_child": 92.0, "population_elderly": 328.0 }, "geometry": { "type": "Polygon", "coordinates": [ [ [ 139.696875, 35.7125 ], [ 139.7, 35.7125 ], [ 139.7, 35.714585 ], [ 139.696875, 35.714585 ], [ 139.696875, 35.7125 ] ] ] } },
{ "type": "Feature", "properties": { "mesh_code": "5339455543", "population": 1909.0, "population_child": 126.0, "population_elderly": 491.0 }, "geometry": { "type": "Polygon", "coordinates": [ [ [ 139.69375, 35.714585 ], [ 139.696875, 35.714585 ], [ 139.696875, 35.71667 ], [ 139.69375, 35.71667 ], [ 139.69375, 35.714585 ] ] ] } },
{ "type": "Feature", "properties": { "mesh_code": "5339455544", "population": 1390.0, "population_child": 55.0, "population_elderly": 265.0 }, "geometry": { "type": "Polygon", "coordinates": [ [ [ 139.696875, 35.714585 ], [ 139.7, 35.714585 ], [ 139.7, 35.71667 ], [ 139.696875, 35.71667 ], [ 139.696875, 35.714585 ] ] ] } },
{ "type": "Feature", "properties": { "mesh_code": "5339455613", "population": 1555.0, "population_child": 120.0, "population_elderly": 299.0 }, "geometry": { "type": "Polygon", "coordinates": [ [ [ 139.7, 35.710415 ], [ 139.703125, 35.710415 ], [ 139.703125, 35.7125 ], [ 139.7, 35.7125 ], [ 139.7, 35.710415 ] ] ] } },
{ "type": "Feature", "properties": { "mesh_code": "5339455614", "population": 736.0, "population_child": 64.0, "population_elderly": 119.0 }, "geometry": { "type": "Polygon", "coordinates": [ [ [ 139.703125, 35.710415 ], [ 139.70625, 35.710415 ], [ 139.70625, 35.7125 ], [ 139.703125, 35.7125 ], [ 139.703125, 35.710415 ] ] ] } },
{ "type": "Feature", "properties": { "mesh_code": "5339455623", "population": 1237.0, "population_child": 82.0, "population_elderly": 220.0 }, "geometry": { "type": "Polygon", "coordinates": [ [ [ 139.70625, 35.710415 ], [ 139.709375, 35.710415 ], [ 139.709375, 35.7125 ], [ 139.70625, 35.7125 ], [ 139.70625, 35.710415 ] ] ] } },
{ "type": "Feature", "properties": { "mesh_code": "5339455624", "population": 2026.0, "population_child": 184.0, "population_elderly": 312.0 }, "geometry": { "type": "Polygon", "coordinates": [ [ [ 139.709375, 35.710415 ], [ 139.7125, 35.710415 ], [ 139.7125, 35.7125 ], [ 139.709375, 35.7125 ], [ 139.709375, 35.710415 ] ] ] } },
{ "type": "Feature", "properties": { "mesh_code": "5339455631", "population": 1558.0, "population_child": 102.0, "population_elderly": 234.0 }, "geometry": { "type": "Polygon", "coordinates": [ [ [ 139.7, 35.7125 ], [ 139.703125, 35.7125 ], [ 139.703125, 35.714585 ], [ 139.7, 35.714585 ], [ 139.7, 35.7125 ] ] ] } },
{ "type": "Feature", "properties": { "mesh_code": "5339455632", "population": 317.0, "population_child": 10.0, "population_elderly": 67.0 }, "geometry": { "type": "Polygon", "coordinates": [ [ [ 139.703125, 35.7125 ], [ 139.70625, 35.7125 ], [ 139.70625, 35.714585 ], [ 139.703125, 35.714585 ], [ 139.703125, 35.7125 ] ] ] } },
{ "type": "Feature", "properties": { "mesh_code": "5339455633", "population": 957.0, "population_child": 92.0, "population_elderly": 80.0 }, "geometry": { "type": "Polygon", "coordinates": [ [ [ 139.7, 35.714585 ], [ 139.703125, 35.714585 ], [ 139.703125, 35.71667 ], [ 139.7, 35.71667 ], [ 139.7, 35.714585 ] ] ] } },
{ "type": "Feature", "properties": { "mesh_code": "5339455634", "population": 923.0, "population_child": 56.0, "population_elderly": 199.0 }, "geometry": { "type": "Polygon", "coordinates": [ [ [ 139.703125, 35.714585 ], [ 139.70625, 35.714585 ], [ 139.70625, 35.71667 ], [ 139.703125, 35.71667 ], [ 139.703125, 35.714585 ] ] ] } },
{ "type": "Feature", "properties": { "mesh_code": "5339455641", "population": 1480.0, "population_child": 66.0, "population_elderly": 238.0 }, "geometry": { "type": "Polygon", "coordinates": [ [ [ 139.70625, 35.7125 ], [ 139.709375, 35.7125 ], [ 139.709375, 35.714585 ], [ 139.70625, 35.714585 ], [ 139.70625, 35.7125 ] ] ] } },
{ "type": "Feature", "properties": { "mesh_code": "5339455642", "population": 2123.0, "population_child": 143.0, "population_elderly": 290.0 }, "geometry": { "type": "Polygon", "coordinates": [ [ [ 139.709375, 35.7125 ], [ 139.7125, 35.7125 ], [ 139.7125, 35.714585 ], [ 139.709375, 35.714585 ], [ 139.709375, 35.7125 ] ] ] } },
{ "type": "Feature", "properties": { "mesh_code": "5339455644", "population": 1460.0, "population_child": 172.0, "population_elderly": 266.0 }, "geometry": { "type": "Polygon", "coordinates": [ [ [ 139.709375, 35.714585 ], [ 139.7125, 35.714585 ], [ 139.7125, 35.71667 ], [ 139.709375, 35.71667 ], [ 139.709375, 35.714585 ] ] ] } },
{ "type": "Feature", "properties": { "mesh_code": "5339455713", "population": 1771.0, "population_child": 166.0, "population_elderly": 318.0 }, "geometry": { "type": "Polygon", "coordinates": [ [ [ 139.7125, 35.710415 ], [ 139.715625, 35.710415 ], [ 139.715625, 35.7125 ], [ 139.7125, 35.7125 ], [ 139.7125, 35.710415 ] ] ] } },
{ "type": "Feature", "properties": { "mesh_code": "5339455714", "population": 1544.0, "population_child": 193.0, "population_elderly": 251.0 }, "geometry": { "type": "Polygon", "coordinates": [ [ [ 139.715625, 35.710415 ], [ 139.71875, 35.710415 ], [ 139.71875, 35.7125 ], [ 139.715625, 35.7125 ], [ 139.715625, 35.710415 ] ] ] } },
{ "type": "Feature", "properties": { "mesh_code": "5339455723", "population": 2631.0, "population_child": 186.0, "population_elderly": 614.0 }, "geometry": { "type": "Polygon", "coordinates": [ [ [ 139.71875, 35.710415 ], [ 139.721875, 35.710415 ], [ 139.721875, 35.7125 ], [ 139.71875, 35.7125 ], [ 139.71875, 35.710415 ] ] ] } },
{ "type": "Feature", "properties": { "mesh_code": "5339455724", "population": 1318.0, "population_child": 97.0, "population_elderly": 164.0 }, "geometry": { "type": "Polygon", "coordinates": [ [ [ 139.721875, 35.710415 ], [ 139.725, 35.710415 ], [ 139.725, 35.7125 ], [ 139.721875, 35.7125 ], [ 139.721875, 35.710415 ] ] ] } },
{ "type": "Feature", "properties": { "mesh_code": "5339455731", "population": 1815.0, "population_child": 184.0, "population_elderly": 298.0 }, "geometry": { "type": "Polygon", "coordinates": [ [ [ 139.7125, 35.7125 ], [ 139.715625, 35.7125 ], [ 139.715625, 35.714585 ], [ 139.7125, 35.714585 ], [ 139.7125, 35.7125 ] ] ] } },
{ "type": "Feature", "properties": { "mesh_code": "5339455732", "population": 2082.0, "population_child": 126.0, "population_elderly": 352.0 }, "geometry": { "type": "Polygon", "coordinates": [ [ [ 139.715625, 35.7125 ], [ 139.71875, 35.7125 ], [ 139.71875, 35.714585 ], [ 139.715625, 35.714585 ], [ 139.715625, 35.7125 ] ] ] } },
{ "type": "Feature", "properties": { "mesh_code": "5339455741", "population": 1697.0, "population_child": 159.0, "population_elderly": 334.0 }, "geometry": { "type": "Polygon", "coordinates": [ [ [ 139.71875, 35.7125 ], [ 139.721875, 35.7125 ], [ 139.721875, 35.714585 ], [ 139.71875, 35.714585 ], [ 139.71875, 35.7125 ] ] ] } },
{ "type": "Feature", "properties": { "mesh_code": "5339456322", "population": 1456.0, "population_child": 70.0, "population_elderly": 305.0 }, "geometry": { "type": "Polygon", "coordinates": [ [ [ 139.671875, 35.71667 ], [ 139.675, 35.71667 ], [ 139.675, 35.7187525 ], [ 139.671875, 35.7187525 ], [ 139.671875, 35.71667 ] ] ] } },
{ "type": "Feature", "properties": { "mesh_code": "5339456412", "population": 347.0, "population_child": 34.0, "population_elderly": 55.0 }, "geometry": { "type": "Polygon", "coordinates": [ [ [ 139.678125, 35.71667 ], [ 139.68125, 35.71667 ], [ 139.68125, 35.7187525 ], [ 139.678125, 35.7187525 ], [ 139.678125, 35.71667 ] ] ] } },
{ "type": "Feature", "properties": { "mesh_code": "5339456421", "population": 1154.0, "population_child": 151.0, "population_elderly": 201.0 }, "geometry": { "type": "Polygon", "coordinates": [ [ [ 139.68125, 35.71667 ], [ 139.684375, 35.71667 ], [ 139.684375, 35.7187525 ], [ 139.68125, 35.7187525 ], [ 139.68125, 35.71667 ] ] ] } },
{ "type": "Feature", "properties": { "mesh_code": "5339456422", "population": 1087.0, "population_child": 122.0, "population_elderly": 219.0 }, "geometry": { "type": "Polygon", "coordinates": [ [ [ 139.684375, 35.71667 ], [ 139.6875, 35.71667 ], [ 139.6875, 35.7187525 ], [ 139.684375, 35.7187525 ], [ 139.684375, 35.71667 ] ] ] } },
{ "type": "Feature", "properties": { "mesh_code": "5339456511", "population": 1271.0, "population_child": 151.0, "population_elderly": 227.0 }, "geometry": { "type": "Polygon", "coordinates": [ [ [ 139.6875, 35.71667 ], [ 139.690625, 35.71667 ], [ 139.690625, 35.7187525 ], [ 139.6875, 35.7187525 ], [ 139.6875, 35.71667 ] ] ] } },
{ "type": "Feature", "properties": { "mesh_code": "5339456512", "population": 1953.0, "population_child": 343.0, "population_elderly": 239.0 }, "geometry": { "type": "Polygon", "coordinates": [ [ [ 139.690625, 35.71667 ], [ 139.69375, 35.71667 ], [ 139.69375, 35.7187525 ], [ 139.690625, 35.7187525 ], [ 139.690625, 35.71667 ] ] ] } },
{ "type": "Feature", "properties": { "mesh_code": "5339456521", "population": 1448.0, "population_child": 106.0, "population_elderly": 264.0 }, "geometry": { "type": "Polygon", "coordinates": [ [ [ 139.69375, 35.71667 ], [ 139.696875, 35.71667 ], [ 139.696875, 35.7187525 ], [ 139.69375, 35.7187525 ], [ 139.69375, 35.71667 ] ] ] } },
{ "type": "Feature", "properties": { "mesh_code": "5339456522", "population": 1095.0, "population_child": 112.0, "population_elderly": 196.0 }, "geometry": { "type": "Polygon", "coordinates": [ [ [ 139.696875, 35.71667 ], [ 139.7, 35.71667 ], [ 139.7, 35.7187525 ], [ 139.696875, 35.7187525 ], [ 139.696875, 35.71667 ] ] ] } },
{ "type": "Feature", "properties": { "mesh_code": "5339456611", "population": 761.0, "population_child": 45.0, "population_elderly": 104.0 }, "geometry": { "type": "Polygon", "coordinates": [ [ [ 139.7, 35.71667 ], [ 139.703125, 35.71667 ], [ 139.703125, 35.7187525 ], [ 139.7, 35.7187525 ], [ 139.7, 35.71667 ] ] ] } },
{ "type": "Feature", "properties": { "mesh_code": "5339456612", "population": 1091.0, "population_child": 80.0, "population_elderly": 210.0 }, "geometry": { "type": "Polygon", "coordinates": [ [ [ 139.703125, 35.71667 ], [ 139.70625, 35.71667 ], [ 139.70625, 35.7187525 ], [ 139.703125, 35.7187525 ], [ 139.703125, 35.71667 ] ] ] } },
{ "type": "Feature", "properties": { "mesh_code": "5339456324", "population": 1714.0, "population_child": 124.0, "population_elderly": 393.0 }, "geometry": { "type": "Polygon", "coordinates": [ [ [ 139.671875, 35.7187525 ], [ 139.675, 35.7187525 ], [ 139.675, 35.720835 ], [ 139.671875, 35.720835 ], [ 139.671875, 35.7187525 ] ] ] } },
{ "type": "Feature", "properties": { "mesh_code": "5339456342", "population": 269.0, "population_child": 24.0, "population_elderly": 46.0 }, "geometry": { "type": "Polygon", "coordinates": [ [ [ 139.671875, 35.720835 ], [ 139.675, 35.720835 ], [ 139.675, 35.7229175 ], [ 139.671875, 35.7229175 ], [ 139.671875, 35.720835 ] ] ] } },
{ "type": "Feature", "properties": { "mesh_code": "5339456413", "population": 940.0, "population_child": 96.0, "population_elderly": 194.0 }, "geometry": { "type": "Polygon", "coordinates": [ [ [ 139.675, 35.7187525 ], [ 139.678125, 35.7187525 ], [ 139.678125, 35.720835 ], [ 139.675, 35.720835 ], [ 139.675, 35.7187525 ] ] ] } },
{ "type": "Feature", "properties": { "mesh_code": "5339456414", "population": 1733.0, "population_child": 205.0, "population_elderly": 295.0 }, "geometry": { "type": "Polygon", "coordinates": [ [ [ 139.678125, 35.7187525 ], [ 139.68125, 35.7187525 ], [ 139.68125, 35.720835 ], [ 139.678125, 35.720835 ], [ 139.678125, 35.7187525 ] ] ] } },
{ "type": "Feature", "properties": { "mesh_code": "5339456423", "population": 1364.0, "population_child": 111.0, "population_elderly": 231.0 }, "geometry": { "type": "Polygon", "coordinates": [ [ [ 139.68125, 35.7187525 ], [ 139.684375, 35.7187525 ], [ 139.684375, 35.720835 ], [ 139.68125, 35.720835 ], [ 139.68125, 35.7187525 ] ] ] } },
{ "type": "Feature", "properties": { "mesh_code": "5339456424", "population": 979.0, "population_child": 90.0, "population_elderly": 193.0 }, "geometry": { "type": "Polygon", "coordinates": [ [ [ 139.684375, 35.7187525 ], [ 139.6875, 35.7187525 ], [ 139.6875, 35.720835 ], [ 139.684375, 35.720835 ], [ 139.684375, 35.7187525 ] ] ] } },
{ "type": "Feature", "properties": { "mesh_code": "5339456431", "population": 1346.0, "population_child": 141.0, "population_elderly": 217.0 }, "geometry": { "type": "Polygon", "coordinates": [ [ [ 139.675, 35.720835 ], [ 139.678125, 35.720835 ], [ 139.678125, 35.7229175 ], [ 139.675, 35.7229175 ], [ 139.675, 35.720835 ] ] ] } },
{ "type": "Feature", "properties": { "mesh_code": "5339456432", "population": 2047.0, "population_child": 192.0, "population_elderly": 365.0 }, "geometry": { "type": "Polygon", "coordinates": [ [ [ 139.678125, 35.720835 ], [ 139.68125, 35.720835 ], [ 139.68125, 35.7229175 ], [ 139.678125, 35.7229175 ], [ 139.678125, 35.720835 ] ] ] } },
{ "type": "Feature", "properties": { "mesh_code": "5339456433", "population": 1236.0, "population_child": 110.0, "population_elderly": 299.0 }, "geometry": { "type": "Polygon", "coordinates": [ [ [ 139.675, 35.7229175 ], [ 139.678125, 35.7229175 ], [ 139.678125, 35.725 ], [ 139.675, 35.725 ], [ 139.675, 35.7229175 ] ] ] } },
{ "type": "Feature", "properties": { "mesh_code": "5339456434", "population": 1178.0, "population_child": 82.0, "population_elderly": 250.0 }, "geometry": { "type": "Polygon", "coordinates": [ [ [ 139.678125, 35.7229175 ], [ 139.68125, 35.7229175 ], [ 139.68125, 35.725 ], [ 139.678125, 35.725 ], [ 139.678125, 35.7229175 ] ] ] } },
{ "type": "Feature", "properties": { "mesh_code": "5339456441", "population": 1377.0, "population_child": 106.0, "population_elderly": 275.0 }, "geometry": { "type": "Polygon", "coordinates": [ [ [ 139.68125, 35.720835 ], [ 139.684375, 35.720835 ], [ 139.684375, 35.7229175 ], [ 139.68125, 35.7229175 ], [ 139.68125, 35.720835 ] ] ] } },
{ "type": "Feature", "properties": { "mesh_code": "5339456442", "population": 1457.0, "population_child": 119.0, "population_elderly": 313.0 }, "geometry": { "type": "Polygon", "coordinates": [ [ [ 139.684375, 35.720835 ], [ 139.6875, 35.720835 ], [ 139.6875, 35.7229175 ], [ 139.684375, 35.7229175 ], [ 139.684375, 35.720835 ] ] ] } },
{ "type": "Feature", "properties": { "mesh_code": "5339456443", "population": 1174.0, "population_child": 141.0, "population_elderly": 95.0 }, "geometry": { "type": "Polygon", "coordinates": [ [ [ 139.68125, 35.7229175 ], [ 139.684375, 35.7229175 ], [ 139.684375, 35.725 ], [ 139.68125, 35.725 ], [ 139.68125, 35.7229175 ] ] ] } },
{ "type": "Feature", "properties": { "mesh_code": "5339456444", "population": 1755.0, "population_child": 172.0, "population_elderly": 303.0 }, "geometry": { "type": "Polygon", "coordinates": [ [ [ 139.684375, 35.7229175 ], [ 139.6875, 35.7229175 ], [ 139.6875, 35.725 ], [ 139.684375, 35.725 ], [ 139.684375, 35.7229175 ] ] ] } },
{ "type": "Feature", "properties": { "mesh_code": "5339456513", "population": 1336.0, "population_child": 140.0, "population_elderly": 214.0 }, "geometry": { "type": "Polygon", "coordinates": [ [ [ 139.6875, 35.7187525 ], [ 139.690625, 35.7187525 ], [ 139.690625, 35.720835 ], [ 139.6875, 35.720835 ], [ 139.6875, 35.7187525 ] ] ] } },
{ "type": "Feature", "properties": { "mesh_code": "5339456514", "population": 1324.0, "population_child": 125.0, "population_elderly": 272.0 }, "geometry": { "type": "Polygon", "coordinates": [ [ [ 139.690625, 35.7187525 ], [ 139.69375, 35.7187525 ], [ 139.69375, 35.720835 ], [ 139.690625, 35.720835 ], [ 139.690625, 35.7187525 ] ] ] } },
{ "type": "Feature", "properties": { "mesh_code": "5339456523", "population": 1187.0, "population_child": 102.0, "population_elderly": 391.0 }, "geometry": { "type": "Polygon", "coordinates": [ [ [ 139.69375, 35.7187525 ], [ 139.696875, 35.7187525 ], [ 139.696875, 35.720835 ], [ 139.69375, 35.720835 ], [ 139.69375, 35.7187525 ] ] ] } },
{ "type": "Feature", "properties": { "mesh_code": "5339456524", "population": 1113.0, "population_child": 129.0, "population_elderly": 307.0 }, "geometry": { "type": "Polygon", "coordinates": [ [ [ 139.696875, 35.7187525 ], [ 139.7, 35.7187525 ], [ 139.7, 35.720835 ], [ 139.696875, 35.720835 ], [ 139.696875, 35.7187525 ] ] ] } },
{ "type": "Feature", "properties": { "mesh_code": "5339456531", "population": 1755.0, "population_child": 178.0, "population_elderly": 324.0 }, "geometry": { "type": "Polygon", "coordinates": [ [ [ 139.6875, 35.720835 ], [ 139.690625, 35.720835 ], [ 139.690625, 35.7229175 ], [ 139.6875, 35.7229175 ], [ 139.6875, 35.720835 ] ] ] } },
{ "type": "Feature", "properties": { "mesh_code": "5339456532", "population": 1946.0, "population_child": 190.0, "population_elderly": 303.0 }, "geometry": { "type": "Polygon", "coordinates": [ [ [ 139.690625, 35.720835 ], [ 139.69375, 35.720835 ], [ 139.69375, 35.7229175 ], [ 139.690625, 35.7229175 ], [ 139.690625, 35.720835 ] ] ] } },
{ "type": "Feature", "properties": { "mesh_code": "5339456533", "population": 1925.0, "population_child": 188.0, "population_elderly": 402.0 }, "geometry": { "type": "Polygon", "coordinates": [ [ [ 139.6875, 35.7229175 ], [ 139.690625, 35.7229175 ], [ 139.690625, 35.725 ], [ 139.6875, 35.725 ], [ 139.6875, 35.7229175 ] ] ] } },
{ "type": "Feature", "properties": { "mesh_code": "5339456541", "population": 1794.0, "population_child": 159.0, "population_elderly": 313.0 }, "geometry": { "type": "Polygon", "coordinates": [ [ [ 139.69375, 35.720835 ], [ 139.696875, 35.720835 ], [ 139.696875, 35.7229175 ], [ 139.69375, 35.7229175 ], [ 139.69375, 35.720835 ] ] ] } },
{ "type": "Feature", "properties": { "mesh_code": "5339456542", "population": 1723.0, "population_child": 161.0, "population_elderly": 339.0 }, "geometry": { "type": "Polygon", "coordinates": [ [ [ 139.696875, 35.720835 ], [ 139.7, 35.720835 ], [ 139.7, 35.7229175 ], [ 139.696875, 35.7229175 ], [ 139.696875, 35.720835 ] ] ] } },
{ "type": "Feature", "properties": { "mesh_code": "5339456613", "population": 1304.0, "population_child": 139.0, "population_elderly": 248.0 }, "geometry": { "type": "Polygon", "coordinates": [ [ [ 139.7, 35.7187525 ], [ 139.703125, 35.7187525 ], [ 139.703125, 35.720835 ], [ 139.7, 35.720835 ], [ 139.7, 35.7187525 ] ] ] } },
{ "type": "Feature", "properties": { "mesh_code": "5339456614", "population": 1132.0, "population_child": 150.0, "population_elderly": 227.0 }, "geometry": { "type": "Polygon", "coordinates": [ [ [ 139.703125, 35.7187525 ], [ 139.70625, 35.7187525 ], [ 139.70625, 35.720835 ], [ 139.703125, 35.720835 ], [ 139.703125, 35.7187525 ] ] ] } },
{ "type": "Feature", "properties": { "mesh_code": "5339456631", "population": 1152.0, "population_child": 91.0, "population_elderly": 249.0 }, "geometry": { "type": "Polygon", "coordinates": [ [ [ 139.7, 35.720835 ], [ 139.703125, 35.720835 ], [ 139.703125, 35.7229175 ], [ 139.7, 35.7229175 ], [ 139.7, 35.720835 ] ] ] } },
{ "type": "Feature", "properties": { "mesh_code": "5339456632", "population": 1366.0, "population_child": 96.0, "population_elderly": 279.0 }, "geometry": { "type": "Polygon", "coordinates": [ [ [ 139.703125, 35.720835 ], [ 139.70625, 35.720835 ], [ 139.70625, 35.7229175 ], [ 139.703125, 35.7229175 ], [ 139.703125, 35.720835 ] ] ] } },
{ "type": "Feature", "properties": { "mesh_code": "5339456633", "population": 1095.0, "population_child": 106.0, "population_elderly": 198.0 }, "geometry": { "type": "Polygon", "coordinates": [ [ [ 139.7, 35.7229175 ], [ 139.703125, 35.7229175 ], [ 139.703125, 35.725 ], [ 139.7, 35.725 ], [ 139.7, 35.7229175 ] ] ] } },
{ "type": "Feature", "properties": { "mesh_code": "5339456634", "population": 997.0, "population_child": 126.0, "population_elderly": 192.0 }, "geometry": { "type": "Polygon", "coordinates": [ [ [ 139.703125, 35.7229175 ], [ 139.70625, 35.7229175 ], [ 139.70625, 35.725 ], [ 139.703125, 35.725 ], [ 139.703125, 35.7229175 ] ] ] } },
{ "type": "Feature", "properties": { "mesh_code": "5339457411", "population": 995.0, "population_child": 114.0, "population_elderly": 216.0 }, "geometry": { "type": "Polygon", "coordinates": [ [ [ 139.675, 35.725 ], [ 139.678125, 35.725 ], [ 139.678125, 35.7270825 ], [ 139.675, 35.7270825 ], [ 139.675, 35.725 ] ] ] } },
{ "type": "Feature", "properties": { "mesh_code": "5339457412", "population": 800.0, "population_child": 85.0, "population_elderly": 174.0 }, "geometry": { "type": "Polygon", "coordinates": [ [ [ 139.678125, 35.725 ], [ 139.68125, 35.725 ], [ 139.68125, 35.7270825 ], [ 139.678125, 35.7270825 ], [ 139.678125, 35.725 ] ] ] } },
{ "type": "Feature", "properties": { "mesh_code": "5339457413", "population": 958.0, "population_child": 145.0, "population_elderly": 191.0 }, "geometry": { "type": "Polygon", "coordinates": [ [ [ 139.675, 35.7270825 ], [ 139.678125, 35.7270825 ], [ 139.678125, 35.729165 ], [ 139.675, 35.729165 ], [ 139.675, 35.7270825 ] ] ] } },
{ "type": "Feature", "properties": { "mesh_code": "5339457414", "population": 1082.0, "population_child": 68.0, "population_elderly": 162.0 }, "geometry": { "type": "Polygon", "coordinates": [ [ [ 139.678125, 35.7270825 ], [ 139.68125, 35.7270825 ], [ 139.68125, 35.729165 ], [ 139.678125, 35.729165 ], [ 139.678125, 35.7270825 ] ] ] } },
{ "type": "Feature", "properties": { "mesh_code": "5339457421", "population": 1475.0, "population_child": 116.0, "population_elderly": 267.0 }, "geometry": { "type": "Polygon", "coordinates": [ [ [ 139.68125, 35.725 ], [ 139.684375, 35.725 ], [ 139.684375, 35.7270825 ], [ 139.68125, 35.7270825 ], [ 139.68125, 35.725 ] ] ] } },
{ "type": "Feature", "properties": { "mesh_code": "5339457431", "population": 1234.0, "population_child": 93.0, "population_elderly": 289.0 }, "geometry": { "type": "Polygon", "coordinates": [ [ [ 139.675, 35.729165 ], [ 139.678125, 35.729165 ], [ 139.678125, 35.7312475 ], [ 139.675, 35.7312475 ], [ 139.675, 35.729165 ] ] ] } }
]
}
