{
"type": "FeatureCollection",
"name": "traffic_signals",
"crs": { "type": "name", "properties": { "name": "urn:ogc:def:crs:OGC:1.3:CRS84" } },
"features": [
{ "type": "Feature", "properties": { "osm_id": "191499365", "highway": "traffic_signals" }, "geometry": { "type": "Point", "coordinates": [ 139.688428500000015, 35.6958598 ] } },
{ "type": "Feature", "properties": { "osm_id": "191500702", "highway": "traffic_signals" }, "geometry": { "type": "Point", "coordinates": [ 139.6965518, 35.6877417 ] } },
{ "type": "Feature", "properties": { "osm_id": "191504252", "highway": "traffic_signals" }, "geometry": { "type": "Point", "coordinates": [ 139.7034817, 35.6931411 ] } },
{ "type": "Feature", "properties": { "osm_id": "191504263", "highway": "traffic_signals" }, "geometry": { "type": "Point", "coordinates": [ 139.7305197, 35.6910147 ] } },
{ "type": "Feature", "properties": { "osm_id": "251329052", "highway": "traffic_signals" }, "geometry": { "type": "Point", "coordinates": [ 139.6860356, 35.7135224 ] } },
{ "type": "Feature", "properties": { "osm_id": "252052891", "highway": "traffic_signals" }, "geometry": { "type": "Point", "coordinates": [ 139.7113669, 35.7142907 ] } },
{ "type": "Feature", "properties": { "osm_id": "252052944", "highway": "traffic_signals" }, "geometry": { "type": "Point", "coordinates": [ 139.709961100000015, 35.7114704 ] } },
{ "type": "Feature", "properties": { "osm_id": "252053559", "highway": "traffic_signals" }, "geometry": { "type": "Point", "coordinates": [ 139.719933, 35.6841605 ] } },
{ "type": "Feature", "properties": { "osm_id": "252673591", "highway": "traffic_signals" }, "geometry": { "type": "Point", "coordinates": [ 139.715207, 35.6755243 ] } },
{ "type": "Feature", "properties": { "osm_id": "253716314", "highway": "traffic_signals" }, "geometry": { "type": "Point", "coordinates": [ 139.719528700000012, 35.7116113 ] } },
{ "type": "Feature", "properties": { "osm_id": "253716395", "highway": "traffic_signals" }, "geometry": { "type": "Point", "coordinates": [ 139.7430027, 35.7077028 ] } },
{ "type": "Feature", "properties": { "osm_id": "253885516", "highway": "traffic_signals" }, "geometry": { "type": "Point", "coordinates": [ 139.711421600000023, 35.7143918 ] } },
{ "type": "Feature", "properties": { "osm_id": "253889481", "highway": "traffic_signals" }, "geometry": { "type": "Point", "coordinates": [ 139.7331556, 35.6998986 ] } },
{ "type": "Feature", "properties": { "osm_id": "253889488", "highway": "traffic_signals" }, "geometry": { "type": "Point", "coordinates": [ 139.7426618, 35.7004435 ] } },
{ "type": "Feature", "properties": { "osm_id": "253889541", "highway": "traffic_signals" }, "geometry": { "type": "Point", "coordinates": [ 139.743235, 35.7013089 ] } },
{ "type": "Feature", "properties": { "osm_id": "253889549", "highway": "traffic_signals" }, "geometry": { "type": "Point", "coordinates": [ 139.737702500000012, 35.6942874 ] } },
{ "type": "Feature", "properties": { "osm_id": "254258530", "highway": "traffic_signals" }, "geometry": { "type": "Point", "coordinates": [ 139.738671300000021, 35.6954856 ] } },
{ "type": "Feature", "properties": { "osm_id": "256203410", "highway": "traffic_signals" }, "geometry": { "type": "Point", "coordinates": [ 139.7173895, 35.67622 ] } },
{ "type": "Feature", "properties": { "osm_id": "256203529", "highway": "traffic_signals" }, "geometry": { "type": "Point", "coordinates": [ 139.7182204, 35.6797286 ] } },
{ "type": "Feature", "properties": { "osm_id": "256203548", "highway": "traffic_signals" }, "geometry": { "type": "Point", "coordinates": [ 139.7193995, 35.6751355 ] } },
{ "type": "Feature", "properties": { "osm_id": "256389155", "highway": "traffic_signals" }, "geometry": { "type": "Point", "coordinates": [ 139.6848195, 35.6862135 ] } },
{ "type": "Feature", "properties": { "osm_id": "260557718", "highway": "traffic_signals" }, "geometry": { "type": "Point", "coordinates": [ 139.6774542, 35.7237908 ] } },
{ "type": "Feature", "properties": { "osm_id": "260557723", "highway": "traffic_signals" }, "geometry": { "type": "Point", "coordinates": [ 139.6794055, 35.7232533 ] } },
{ "type": "Feature", "properties": { "osm_id": "260557726", "highway": "traffic_signals" }, "geometry": { "type": "Point", "coordinates": [ 139.681290600000011, 35.7226285 ] } },
{ "type": "Feature", "properties": { "osm_id": "260563389", "highway": "traffic_signals" }, "geometry": { "type": "Point", "coordinates": [ 139.7312349, 35.7073778 ] } },
{ "type": "Feature", "properties": { "osm_id": "260563443", "highway": "traffic_signals" }, "geometry": { "type": "Point", "coordinates": [ 139.726883, 35.7074922 ] } },
{ "type": "Feature", "properties": { "osm_id": "260563447", "highway": "traffic_signals" }, "geometry": { "type": "Point", "coordinates": [ 139.728806600000013, 35.7074052 ] } },
{ "type": "Feature", "properties": { "osm_id": "260565264", "highway": "traffic_signals" }, "geometry": { "type": "Point", "coordinates": [ 139.7269776, 35.7096099 ] } },
{ "type": "Feature", "properties": { "osm_id": "260565372", "highway": "traffic_signals" }, "geometry": { "type": "Point", "coordinates": [ 139.726610600000015, 35.7014508 ] } },
{ "type": "Feature", "properties": { "osm_id": "260566147", "highway": "traffic_signals" }, "geometry": { "type": "Point", "coordinates": [ 139.6754158, 35.7236372 ] } },
{ "type": "Feature", "properties": { "osm_id": "263085936", "highway": "traffic_signals" }, "geometry": { "type": "Point", "coordinates": [ 139.6969832, 35.6932262 ] } },
{ "type": "Feature", "properties": { "osm_id": "267805373", "highway": "traffic_signals" }, "geometry": { "type": "Point", "coordinates": [ 139.7263596, 35.6812654 ] } },
{ "type": "Feature", "properties": { "osm_id": "286524920", "highway": "traffic_signals" }, "geometry": { "type": "Point", "coordinates": [ 139.684526200000022, 35.7103307 ] } },
{ "type": "Feature", "properties": { "osm_id": "295394508", "highway": "traffic_signals" }, "geometry": { "type": "Point", "coordinates": [ 139.7182522, 35.6798172 ] } },
{ "type": "Feature", "properties": { "osm_id": "295395923", "highway": "traffic_signals" }, "geometry": { "type": "Point", "coordinates": [ 139.728072700000013, 35.6827481 ] } },
{ "type": "Feature", "properties": { "osm_id": "295396012", "highway": "traffic_signals" }, "geometry": { "type": "Point", "coordinates": [ 139.7264844, 35.6799014 ] } },
{ "type": "Feature", "properties": { "osm_id": "295396119", "highway": "traffic_signals" }, "geometry": { "type": "Point", "coordinates": [ 139.730027800000016, 35.6825689 ] } },
{ "type": "Feature", "properties": { "osm_id": "295396125", "highway": "traffic_signals" }, "geometry": { "type": "Point", "coordinates": [ 139.730132200000014, 35.6825593 ] } },
{ "type": "Feature", "properties": { "osm_id": "295405274", "highway": "traffic_signals" }, "geometry": { "type": "Point", "coordinates": [ 139.6957286, 35.6873865 ] } },
{ "type": "Feature", "properties": { "osm_id": "295405292", "highway": "traffic_signals" }, "geometry": { "type": "Point", "coordinates": [ 139.6911824, 35.6842813 ] } },
{ "type": "Feature", "properties": { "osm_id": "295416366", "highway": "traffic_signals" }, "geometry": { "type": "Point", "coordinates": [ 139.6964399, 35.6893398 ] } },
{ "type": "Feature", "properties": { "osm_id": "295416369", "highway": "traffic_signals" }, "geometry": { "type": "Point", "coordinates": [ 139.6963859, 35.6900239 ] } },
{ "type": "Feature", "properties": { "osm_id": "295416420", "highway": "traffic_signals" }, "geometry": { "type": "Point", "coordinates": [ 139.6943522, 35.6926501 ] } },
{ "type": "Feature", "properties": { "osm_id": "295416458", "highway": "traffic_signals" }, "geometry": { "type": "Point", "coordinates": [ 139.694478700000019, 35.6926242 ] } },
{ "type": "Feature", "properties": { "osm_id": "295416486", "highway": "traffic_signals" }, "geometry": { "type": "Point", "coordinates": [ 139.694847300000021, 35.6910062 ] } },
{ "type": "Feature", "properties": { "osm_id": "295416628", "highway": "traffic_signals" }, "geometry": { "type": "Point", "coordinates": [ 139.694231800000011, 35.6874253 ] } },
{ "type": "Feature", "properties": { "osm_id": "295416719", "highway": "traffic_signals" }, "geometry": { "type": "Point", "coordinates": [ 139.6930892, 35.6924485 ] } },
{ "type": "Feature", "properties": { "osm_id": "295422511", "highway": "traffic_signals" }, "geometry": { "type": "Point", "coordinates": [ 139.691033, 35.6886335 ] } },
{ "type": "Feature", "properties": { "osm_id": "295422678", "highway": "traffic_signals" }, "geometry": { "type": "Point", "coordinates": [ 139.6907984, 35.6903264 ] } },
{ "type": "Feature", "properties": { "osm_id": "295422692", "highway": "traffic_signals" }, "geometry": { "type": "Point", "coordinates": [ 139.691203300000012, 35.6886609 ] } },
{ "type": "Feature", "properties": { "osm_id": "295422762", "highway": "traffic_signals" }, "geometry": { "type": "Point", "coordinates": [ 139.690817900000013, 35.690246 ] } },
{ "type": "Feature", "properties": { "osm_id": "295422790", "highway": "traffic_signals" }, "geometry": { "type": "Point", "coordinates": [ 139.6877298, 35.694805 ] } },
{ "type": "Feature", "properties": { "osm_id": "295422807", "highway": "traffic_signals" }, "geometry": { "type": "Point", "coordinates": [ 139.687144500000016, 35.6937783 ] } },
{ "type": "Feature", "properties": { "osm_id": "295422824", "highway": "traffic_signals" }, "geometry": { "type": "Point", "coordinates": [ 139.687044, 35.6919643 ] } },
{ "type": "Feature", "properties": { "osm_id": "295422914", "highway": "traffic_signals" }, "geometry": { "type": "Point", "coordinates": [ 139.688972700000022, 35.6883013 ] } },
{ "type": "Feature", "properties": { "osm_id": "295422943", "highway": "traffic_signals" }, "geometry": { "type": "Point", "coordinates": [ 139.689420900000016, 35.6861907 ] } },
{ "type": "Feature", "properties": { "osm_id": "295422949", "highway": "traffic_signals" }, "geometry": { "type": "Point", "coordinates": [ 139.687474800000018, 35.6906839 ] } },
{ "type": "Feature", "properties": { "osm_id": "295422991", "highway": "traffic_signals" }, "geometry": { "type": "Point", "coordinates": [ 139.695145, 35.6892833 ] } },
{ "type": "Feature", "properties": { "osm_id": "295422996", "highway": "traffic_signals" }, "geometry": { "type": "Point", "coordinates": [ 139.6910593, 35.6885248 ] } },
{ "type": "Feature", "properties": { "osm_id": "295423004", "highway": "traffic_signals" }, "geometry": { "type": "Point", "coordinates": [ 139.6912297, 35.6885523 ] } },
{ "type": "Feature", "properties": { "osm_id": "295423016", "highway": "traffic_signals" }, "geometry": { "type": "Point", "coordinates": [ 139.6951751, 35.6891814 ] } },
{ "type": "Feature", "properties": { "osm_id": "295425295", "highway": "traffic_signals" }, "geometry": { "type": "Point", "coordinates": [ 139.720027400000021, 35.6841472 ] } },
{ "type": "Feature", "properties": { "osm_id": "297164258", "highway": "traffic_signals" }, "geometry": { "type": "Point", "coordinates": [ 139.6981333, 35.6962875 ] } },
{ "type": "Feature", "properties": { "osm_id": "297164908", "highway": "traffic_signals" }, "geometry": { "type": "Point", "coordinates": [ 139.691758, 35.7109626 ] } },
{ "type": "Feature", "properties": { "osm_id": "297164912", "highway": "traffic_signals" }, "geometry": { "type": "Point", "coordinates": [ 139.693970800000017, 35.7096087 ] } },
{ "type": "Feature", "properties": { "osm_id": "297211889", "highway": "traffic_signals" }, "geometry": { "type": "Point", "coordinates": [ 139.694264200000021, 35.7223247 ] } },
{ "type": "Feature", "properties": { "osm_id": "299229729", "highway": "traffic_signals" }, "geometry": { "type": "Point", "coordinates": [ 139.677512400000012, 35.7295248 ] } },
{ "type": "Feature", "properties": { "osm_id": "304610256", "highway": "traffic_signals" }, "geometry": { "type": "Point", "coordinates": [ 139.698386700000015, 35.6922211 ] } },
{ "type": "Feature", "properties": { "osm_id": "304613508", "highway": "traffic_signals" }, "geometry": { "type": "Point", "coordinates": [ 139.726949900000022, 35.7046664 ] } },
{ "type": "Feature", "properties": { "osm_id": "304614583", "highway": "traffic_signals" }, "geometry": { "type": "Point", "coordinates": [ 139.7356681, 35.7036518 ] } },
{ "type": "Feature", "properties": { "osm_id": "317859955", "highway": "traffic_signals" }, "geometry": { "type": "Point", "coordinates": [ 139.686240600000019, 35.6843982 ] } },
{ "type": "Feature", "properties": { "osm_id": "318826625", "highway": "traffic_signals" }, "geometry": { "type": "Point", "coordinates": [ 139.686400500000019, 35.6844909 ] } },
{ "type": "Feature", "properties": { "osm_id": "366906332", "highway": "traffic_signals" }, "geometry": { "type": "Point", "coordinates": [ 139.7098554, 35.6960378 ] } },
{ "type": "Feature", "properties": { "osm_id": "366924640", "highway": "traffic_signals" }, "geometry": { "type": "Point", "coordinates": [ 139.714022600000021, 35.7014085 ] } },
{ "type": "Feature", "properties": { "osm_id": "393131768", "highway": "traffic_signals" }, "geometry": { "type": "Point", "coordinates": [ 139.6946388, 35.7168688 ] } },
{ "type": "Feature", "properties": { "osm_id": "393131800", "highway": "traffic_signals" }, "geometry": { "type": "Point", "coordinates": [ 139.694627200000014, 35.7167725 ] } },
{ "type": "Feature", "properties": { "osm_id": "428007054", "highway": "traffic_signals" }, "geometry": { "type": "Point", "coordinates": [ 139.724259100000012, 35.7079624 ] } },
{ "type": "Feature", "properties": { "osm_id": "428007087", "highway": "traffic_signals" }, "geometry": { "type": "Point", "coordinates": [ 139.722503400000022, 35.7083931 ] } },
{ "type": "Feature", "properties": { "osm_id": "430170101", "highway": "traffic_signals" }, "geometry": { "type": "Point", "coordinates": [ 139.691647500000016, 35.6922184 ] } },
{ "type": "Feature", "properties": { "osm_id": "444328980", "highway": "traffic_signals" }, "geometry": { "type": "Point", "coordinates": [ 139.7216157, 35.7111178 ] } },
{ "type": "Feature", "properties": { "osm_id": "471978654", "highway": "traffic_signals" }, "geometry": { "type": "Point", "coordinates": [ 139.684946700000012, 35.6863367 ] } },
{ "type": "Feature", "properties": { "osm_id": "472359998", "highway": "traffic_signals" }, "geometry": { "type": "Point", "coordinates": [ 139.7048359, 35.6908841 ] } },
{ "type": "Feature", "properties": { "osm_id": "472360112", "highway": "traffic_signals" }, "geometry": { "type": "Point", "coordinates": [ 139.697526900000014, 35.6979118 ] } },
{ "type": "Feature", "properties": { "osm_id": "472360127", "highway": "traffic_signals" }, "geometry": { "type": "Point", "coordinates": [ 139.690493300000014, 35.6968641 ] } },
{ "type": "Feature", "properties": { "osm_id": "472360303", "highway": "traffic_signals" }, "geometry": { "type": "Point", "coordinates": [ 139.6928188, 35.6971509 ] } },
{ "type": "Feature", "properties": { "osm_id": "472360347", "highway": "traffic_signals" }, "geometry": { "type": "Point", "coordinates": [ 139.6974865, 35.6980035 ] } },
{ "type": "Feature", "properties": { "osm_id": "472360354", "highway": "traffic_signals" }, "geometry": { "type": "Point", "coordinates": [ 139.710128, 35.6976677 ] } },
{ "type": "Feature", "properties": { "osm_id": "472360408", "highway": "traffic_signals" }, "geometry": { "type": "Point", "coordinates": [ 139.6905174, 35.6969804 ] } },
{ "type": "Feature", "properties": { "osm_id": "472360484", "highway": "traffic_signals" }, "geometry": { "type": "Point", "coordinates": [ 139.69599070000001, 35.6976493 ] } },
{ "type": "Feature", "properties": { "osm_id": "472360489", "highway": "traffic_signals" }, "geometry": { "type": "Point", "coordinates": [ 139.6933712, 35.7019421 ] } },
{ "type": "Feature", "properties": { "osm_id": "472360495", "highway": "traffic_signals" }, "geometry": { "type": "Point", "coordinates": [ 139.695728300000013, 35.7008089 ] } },
{ "type": "Feature", "properties": { "osm_id": "472382614", "highway": "traffic_signals" }, "geometry": { "type": "Point", "coordinates": [ 139.699269900000019, 35.6926885 ] } },
{ "type": "Feature", "properties": { "osm_id": "472382625", "highway": "traffic_signals" }, "geometry": { "type": "Point", "coordinates": [ 139.6964826, 35.7017492 ] } },
{ "type": "Feature", "properties": { "osm_id": "472382646", "highway": "traffic_signals" }, "geometry": { "type": "Point", "coordinates": [ 139.69637, 35.6997862 ] } },
{ "type": "Feature", "properties": { "osm_id": "472382653", "highway": "traffic_signals" }, "geometry": { "type": "Point", "coordinates": [ 139.6952695, 35.6893011 ] } },
{ "type": "Feature", "properties": { "osm_id": "472382716", "highway": "traffic_signals" }, "geometry": { "type": "Point", "coordinates": [ 139.7026477, 35.6981191 ] } },
{ "type": "Feature", "properties": { "osm_id": "472382731", "highway": "traffic_signals" }, "geometry": { "type": "Point", "coordinates": [ 139.705085200000013, 35.6982094 ] } },
{ "type": "Feature", "properties": { "osm_id": "472382793", "highway": "traffic_signals" }, "geometry": { "type": "Point", "coordinates": [ 139.7043103, 35.6949726 ] } },
{ "type": "Feature", "properties": { "osm_id": "472382795", "highway": "traffic_signals" }, "geometry": { "type": "Point", "coordinates": [ 139.7055191, 35.694914 ] } },
{ "type": "Feature", "properties": { "osm_id": "472382802", "highway": "traffic_signals" }, "geometry": { "type": "Point", "coordinates": [ 139.704070800000011, 35.6982544 ] } },
{ "type": "Feature", "properties": { "osm_id": "472382806", "highway": "traffic_signals" }, "geometry": { "type": "Point", "coordinates": [ 139.7048019, 35.6970558 ] } },
{ "type": "Feature", "properties": { "osm_id": "472382820", "highway": "traffic_signals" }, "geometry": { "type": "Point", "coordinates": [ 139.7022976, 35.6934469 ] } },
{ "type": "Feature", "properties": { "osm_id": "472382852", "highway": "traffic_signals" }, "geometry": { "type": "Point", "coordinates": [ 139.7014891, 35.6936241 ] } },
{ "type": "Feature", "properties": { "osm_id": "472382857", "highway": "traffic_signals" }, "geometry": { "type": "Point", "coordinates": [ 139.706795200000016, 35.6948913 ] } },
{ "type": "Feature", "properties": { "osm_id": "472382900", "highway": "traffic_signals" }, "geometry": { "type": "Point", "coordinates": [ 139.705682200000012, 35.7010817 ] } },
{ "type": "Feature", "properties": { "osm_id": "472382928", "highway": "traffic_signals" }, "geometry": { "type": "Point", "coordinates": [ 139.707750800000014, 35.697865 ] } },
{ "type": "Feature", "properties": { "osm_id": "472382938", "highway": "traffic_signals" }, "geometry": { "type": "Point", "coordinates": [ 139.706756500000012, 35.6936861 ] } },
{ "type": "Feature", "properties": { "osm_id": "472382995", "highway": "traffic_signals" }, "geometry": { "type": "Point", "coordinates": [ 139.701770900000014, 35.6922507 ] } },
{ "type": "Feature", "properties": { "osm_id": "472383007", "highway": "traffic_signals" }, "geometry": { "type": "Point", "coordinates": [ 139.702653, 35.6918657 ] } },
{ "type": "Feature", "properties": { "osm_id": "472383017", "highway": "traffic_signals" }, "geometry": { "type": "Point", "coordinates": [ 139.702686700000015, 35.6879707 ] } },
{ "type": "Feature", "properties": { "osm_id": "472383095", "highway": "traffic_signals" }, "geometry": { "type": "Point", "coordinates": [ 139.7069725, 35.6908903 ] } },
{ "type": "Feature", "properties": { "osm_id": "472383135", "highway": "traffic_signals" }, "geometry": { "type": "Point", "coordinates": [ 139.703742700000021, 35.6913762 ] } },
{ "type": "Feature", "properties": { "osm_id": "472383137", "highway": "traffic_signals" }, "geometry": { "type": "Point", "coordinates": [ 139.703624500000018, 35.6914293 ] } },
{ "type": "Feature", "properties": { "osm_id": "472446987", "highway": "traffic_signals" }, "geometry": { "type": "Point", "coordinates": [ 139.711456700000014, 35.6973871 ] } },
{ "type": "Feature", "properties": { "osm_id": "472447032", "highway": "traffic_signals" }, "geometry": { "type": "Point", "coordinates": [ 139.7098943, 35.6880926 ] } },
{ "type": "Feature", "properties": { "osm_id": "472447038", "highway": "traffic_signals" }, "geometry": { "type": "Point", "coordinates": [ 139.7100093, 35.6902883 ] } },
{ "type": "Feature", "properties": { "osm_id": "472447076", "highway": "traffic_signals" }, "geometry": { "type": "Point", "coordinates": [ 139.715343, 35.6901169 ] } },
{ "type": "Feature", "properties": { "osm_id": "473169388", "highway": "traffic_signals" }, "geometry": { "type": "Point", "coordinates": [ 139.716921500000012, 35.6807081 ] } },
{ "type": "Feature", "properties": { "osm_id": "473169400", "highway": "traffic_signals" }, "geometry": { "type": "Point", "coordinates": [ 139.719534, 35.6805269 ] } },
{ "type": "Feature", "properties": { "osm_id": "473169520", "highway": "traffic_signals" }, "geometry": { "type": "Point", "coordinates": [ 139.7279293, 35.6873988 ] } },
{ "type": "Feature", "properties": { "osm_id": "473169521", "highway": "traffic_signals" }, "geometry": { "type": "Point", "coordinates": [ 139.729777800000022, 35.6866273 ] } },
{ "type": "Feature", "properties": { "osm_id": "475110184", "highway": "traffic_signals" }, "geometry": { "type": "Point", "coordinates": [ 139.7301789, 35.6880208 ] } },
{ "type": "Feature", "properties": { "osm_id": "475110332", "highway": "traffic_signals" }, "geometry": { "type": "Point", "coordinates": [ 139.7246232, 35.6946668 ] } },
{ "type": "Feature", "properties": { "osm_id": "475110333", "highway": "traffic_signals" }, "geometry": { "type": "Point", "coordinates": [ 139.724858500000011, 35.6954444 ] } },
{ "type": "Feature", "properties": { "osm_id": "475368514", "highway": "traffic_signals" }, "geometry": { "type": "Point", "coordinates": [ 139.7174769, 35.699009 ] } },
{ "type": "Feature", "properties": { "osm_id": "475368517", "highway": "traffic_signals" }, "geometry": { "type": "Point", "coordinates": [ 139.718522300000018, 35.6993385 ] } },
{ "type": "Feature", "properties": { "osm_id": "475368633", "highway": "traffic_signals" }, "geometry": { "type": "Point", "coordinates": [ 139.733474300000012, 35.6991763 ] } },
{ "type": "Feature", "properties": { "osm_id": "475368664", "highway": "traffic_signals" }, "geometry": { "type": "Point", "coordinates": [ 139.7341046, 35.6977764 ] } },
{ "type": "Feature", "properties": { "osm_id": "475368666", "highway": "traffic_signals" }, "geometry": { "type": "Point", "coordinates": [ 139.732108400000016, 35.6967203 ] } },
{ "type": "Feature", "properties": { "osm_id": "475368677", "highway": "traffic_signals" }, "geometry": { "type": "Point", "coordinates": [ 139.7252554, 35.6965237 ] } },
{ "type": "Feature", "properties": { "osm_id": "475368720", "highway": "traffic_signals" }, "geometry": { "type": "Point", "coordinates": [ 139.717406400000016, 35.7012579 ] } },
{ "type": "Feature", "properties": { "osm_id": "475368723", "highway": "traffic_signals" }, "geometry": { "type": "Point", "coordinates": [ 139.7220805, 35.6998392 ] } },
{ "type": "Feature", "properties": { "osm_id": "475368726", "highway": "traffic_signals" }, "geometry": { "type": "Point", "coordinates": [ 139.726099300000016, 35.6994063 ] } },
{ "type": "Feature", "properties": { "osm_id": "475368737", "highway": "traffic_signals" }, "geometry": { "type": "Point", "coordinates": [ 139.7292481, 35.6992449 ] } },
{ "type": "Feature", "properties": { "osm_id": "475368742", "highway": "traffic_signals" }, "geometry": { "type": "Point", "coordinates": [ 139.7381939, 35.702236 ] } },
{ "type": "Feature", "properties": { "osm_id": "475368743", "highway": "traffic_signals" }, "geometry": { "type": "Point", "coordinates": [ 139.739343500000018, 35.703287 ] } },
{ "type": "Feature", "properties": { "osm_id": "475368745", "highway": "traffic_signals" }, "geometry": { "type": "Point", "coordinates": [ 139.7423891, 35.7029803 ] } },
{ "type": "Feature", "properties": { "osm_id": "475368753", "highway": "traffic_signals" }, "geometry": { "type": "Point", "coordinates": [ 139.7191841, 35.7008238 ] } },
{ "type": "Feature", "properties": { "osm_id": "475368769", "highway": "traffic_signals" }, "geometry": { "type": "Point", "coordinates": [ 139.735872300000011, 35.7008717 ] } },
{ "type": "Feature", "properties": { "osm_id": "475369144", "highway": "traffic_signals" }, "geometry": { "type": "Point", "coordinates": [ 139.723494100000011, 35.6996738 ] } },
{ "type": "Feature", "properties": { "osm_id": "475369364", "highway": "traffic_signals" }, "geometry": { "type": "Point", "coordinates": [ 139.72086520000002, 35.7042176 ] } },
{ "type": "Feature", "properties": { "osm_id": "475369369", "highway": "traffic_signals" }, "geometry": { "type": "Point", "coordinates": [ 139.7216372, 35.7034685 ] } },
{ "type": "Feature", "properties": { "osm_id": "475369371", "highway": "traffic_signals" }, "geometry": { "type": "Point", "coordinates": [ 139.72083360000002, 35.7002 ] } },
{ "type": "Feature", "properties": { "osm_id": "475369502", "highway": "traffic_signals" }, "geometry": { "type": "Point", "coordinates": [ 139.73221860000001, 35.6995613 ] } },
{ "type": "Feature", "properties": { "osm_id": "475369511", "highway": "traffic_signals" }, "geometry": { "type": "Point", "coordinates": [ 139.730019700000014, 35.6991203 ] } },
{ "type": "Feature", "properties": { "osm_id": "475369544", "highway": "traffic_signals" }, "geometry": { "type": "Point", "coordinates": [ 139.735307, 35.6965318 ] } },
{ "type": "Feature", "properties": { "osm_id": "517548740", "highway": "traffic_signals" }, "geometry": { "type": "Point", "coordinates": [ 139.714333400000015, 35.6800025 ] } },
{ "type": "Feature", "properties": { "osm_id": "581855994", "highway": "traffic_signals" }, "geometry": { "type": "Point", "coordinates": [ 139.690596700000015, 35.7017222 ] } },
{ "type": "Feature", "properties": { "osm_id": "582802728", "highway": "traffic_signals" }, "geometry": { "type": "Point", "coordinates": [ 139.694879900000018, 35.6908738 ] } },
{ "type": "Feature", "properties": { "osm_id": "665213051", "highway": "traffic_signals" }, "geometry": { "type": "Point", "coordinates": [ 139.699568700000015, 35.7165371 ] } },
{ "type": "Feature", "properties": { "osm_id": "665269843", "highway": "traffic_signals" }, "geometry": { "type": "Point", "coordinates": [ 139.681500100000022, 35.7202574 ] } },
{ "type": "Feature", "properties": { "osm_id": "665269887", "highway": "traffic_signals" }, "geometry": { "type": "Point", "coordinates": [ 139.6861561, 35.7211335 ] } },
{ "type": "Feature", "properties": { "osm_id": "665270089", "highway": "traffic_signals" }, "geometry": { "type": "Point", "coordinates": [ 139.6813282, 35.7220698 ] } },
{ "type": "Feature", "properties": { "osm_id": "665270226", "highway": "traffic_signals" }, "geometry": { "type": "Point", "coordinates": [ 139.6782891, 35.7236188 ] } },
{ "type": "Feature", "properties": { "osm_id": "671602421", "highway": "traffic_signals" }, "geometry": { "type": "Point", "coordinates": [ 139.699566200000021, 35.7164831 ] } },
{ "type": "Feature", "properties": { "osm_id": "722189110", "highway": "traffic_signals" }, "geometry": { "type": "Point", "coordinates": [ 139.6861455, 35.7134786 ] } },
{ "type": "Feature", "properties": { "osm_id": "722190264", "highway": "traffic_signals" }, "geometry": { "type": "Point", "coordinates": [ 139.685807, 35.7127282 ] } },
{ "type": "Feature", "properties": { "osm_id": "735990749", "highway": "traffic_signals" }, "geometry": { "type": "Point", "coordinates": [ 139.7057696, 35.6904548 ] } },
{ "type": "Feature", "properties": { "osm_id": "735990791", "highway": "traffic_signals" }, "geometry": { "type": "Point", "coordinates": [ 139.711823, 35.6883523 ] } },
{ "type": "Feature", "properties": { "osm_id": "735990793", "highway": "traffic_signals" }, "geometry": { "type": "Point", "coordinates": [ 139.714064700000023, 35.6878799 ] } },
{ "type": "Feature", "properties": { "osm_id": "755804498", "highway": "traffic_signals" }, "geometry": { "type": "Point", "coordinates": [ 139.7062272, 35.6895652 ] } },
{ "type": "Feature", "properties": { "osm_id": "790757600", "highway": "traffic_signals" }, "geometry": { "type": "Point", "coordinates": [ 139.685624, 35.7126934 ] } },
{ "type": "Feature", "properties": { "osm_id": "823729789", "highway": "traffic_signals" }, "geometry": { "type": "Point", "coordinates": [ 139.7232602, 35.7105364 ] } },
{ "type": "Feature", "properties": { "osm_id": "823729851", "highway": "traffic_signals" }, "geometry": { "type": "Point", "coordinates": [ 139.72451460000002, 35.7054146 ] } },
{ "type": "Feature", "properties": { "osm_id": "823729878", "highway": "traffic_signals" }, "geometry": { "type": "Point", "coordinates": [ 139.7218738, 35.7057001 ] } },
{ "type": "Feature", "properties": { "osm_id": "823729907", "highway": "traffic_signals" }, "geometry": { "type": "Point", "coordinates": [ 139.7257832, 35.7075686 ] } },
{ "type": "Feature", "properties": { "osm_id": "832285994", "highway": "traffic_signals" }, "geometry": { "type": "Point", "coordinates": [ 139.7085563, 35.7043376 ] } },
{ "type": "Feature", "properties": { "osm_id": "832286004", "highway": "traffic_signals" }, "geometry": { "type": "Point", "coordinates": [ 139.716094100000021, 35.7046654 ] } },
{ "type": "Feature", "properties": { "osm_id": "832286008", "highway": "traffic_signals" }, "geometry": { "type": "Point", "coordinates": [ 139.716304800000017, 35.7067217 ] } },
{ "type": "Feature", "properties": { "osm_id": "832286011", "highway": "traffic_signals" }, "geometry": { "type": "Point", "coordinates": [ 139.7149909, 35.7013536 ] } },
{ "type": "Feature", "properties": { "osm_id": "1045564195", "highway": "traffic_signals" }, "geometry": { "type": "Point", "coordinates": [ 139.687297300000012, 35.691087 ] } },
{ "type": "Feature", "properties": { "osm_id": "1074739615", "highway": "traffic_signals" }, "geometry": { "type": "Point", "coordinates": [ 139.7416129, 35.705765 ] } },
{ "type": "Feature", "properties": { "osm_id": "1074739657", "highway": "traffic_signals" }, "geometry": { "type": "Point", "coordinates": [ 139.7410112, 35.7043709 ] } },
{ "type": "Feature", "properties": { "osm_id": "1093469806", "highway": "traffic_signals" }, "geometry": { "type": "Point", "coordinates": [ 139.7245207, 35.705486 ] } },
{ "type": "Feature", "properties": { "osm_id": "1093469819", "highway": "traffic_signals" }, "geometry": { "type": "Point", "coordinates": [ 139.721883500000018, 35.7057629 ] } },
{ "type": "Feature", "properties": { "osm_id": "1093469842", "highway": "traffic_signals" }, "geometry": { "type": "Point", "coordinates": [ 139.709982700000012, 35.711532 ] } },
{ "type": "Feature", "properties": { "osm_id": "1093469844", "highway": "traffic_signals" }, "geometry": { "type": "Point", "coordinates": [ 139.7231606, 35.705627 ] } },
{ "type": "Feature", "properties": { "osm_id": "1093469880", "highway": "traffic_signals" }, "geometry": { "type": "Point", "coordinates": [ 139.726981600000016, 35.7047538 ] } },
{ "type": "Feature", "properties": { "osm_id": "1093469944", "highway": "traffic_signals" }, "geometry": { "type": "Point", "coordinates": [ 139.7231514, 35.7055604 ] } },
{ "type": "Feature", "properties": { "osm_id": "1093469963", "highway": "traffic_signals" }, "geometry": { "type": "Point", "coordinates": [ 139.718819200000013, 35.7067104 ] } },
{ "type": "Feature", "properties": { "osm_id": "1093469981", "highway": "traffic_signals" }, "geometry": { "type": "Point", "coordinates": [ 139.7164406, 35.7094249 ] } },
{ "type": "Feature", "properties": { "osm_id": "1093489453", "highway": "traffic_signals" }, "geometry": { "type": "Point", "coordinates": [ 139.713125500000018, 35.6977513 ] } },
{ "type": "Feature", "properties": { "osm_id": "1093626336", "highway": "traffic_signals" }, "geometry": { "type": "Point", "coordinates": [ 139.7173335, 35.7122534 ] } },
{ "type": "Feature", "properties": { "osm_id": "1093626382", "highway": "traffic_signals" }, "geometry": { "type": "Point", "coordinates": [ 139.7165248, 35.7093863 ] } },
{ "type": "Feature", "properties": { "osm_id": "1093626410", "highway": "traffic_signals" }, "geometry": { "type": "Point", "coordinates": [ 139.705053, 35.713358 ] } },
{ "type": "Feature", "properties": { "osm_id": "1093626427", "highway": "traffic_signals" }, "geometry": { "type": "Point", "coordinates": [ 139.7169528, 35.7107999 ] } },
{ "type": "Feature", "properties": { "osm_id": "1093626546", "highway": "traffic_signals" }, "geometry": { "type": "Point", "coordinates": [ 139.716861, 35.7108177 ] } },
{ "type": "Feature", "properties": { "osm_id": "1093626655", "highway": "traffic_signals" }, "geometry": { "type": "Point", "coordinates": [ 139.720425200000022, 35.7114582 ] } },
{ "type": "Feature", "properties": { "osm_id": "1093626660", "highway": "traffic_signals" }, "geometry": { "type": "Point", "coordinates": [ 139.720302300000014, 35.7113811 ] } },
{ "type": "Feature", "properties": { "osm_id": "1093626801", "highway": "traffic_signals" }, "geometry": { "type": "Point", "coordinates": [ 139.717232100000018, 35.712277 ] } },
{ "type": "Feature", "properties": { "osm_id": "1093626810", "highway": "traffic_signals" }, "geometry": { "type": "Point", "coordinates": [ 139.7194785, 35.7117489 ] } },
{ "type": "Feature", "properties": { "osm_id": "1093685697", "highway": "traffic_signals" }, "geometry": { "type": "Point", "coordinates": [ 139.71008040000001, 35.7115162 ] } },
{ "type": "Feature", "properties": { "osm_id": "1093685732", "highway": "traffic_signals" }, "geometry": { "type": "Point", "coordinates": [ 139.7069568, 35.6949116 ] } },
{ "type": "Feature", "properties": { "osm_id": "1093685736", "highway": "traffic_signals" }, "geometry": { "type": "Point", "coordinates": [ 139.71006060000002, 35.7114544 ] } },
{ "type": "Feature", "properties": { "osm_id": "1093685738", "highway": "traffic_signals" }, "geometry": { "type": "Point", "coordinates": [ 139.7072852, 35.6965655 ] } },
{ "type": "Feature", "properties": { "osm_id": "1093685806", "highway": "traffic_signals" }, "geometry": { "type": "Point", "coordinates": [ 139.7091823, 35.7084215 ] } },
{ "type": "Feature", "properties": { "osm_id": "1093725456", "highway": "traffic_signals" }, "geometry": { "type": "Point", "coordinates": [ 139.714241, 35.7129345 ] } },
{ "type": "Feature", "properties": { "osm_id": "1093725480", "highway": "traffic_signals" }, "geometry": { "type": "Point", "coordinates": [ 139.71294690000002, 35.7135472 ] } },
{ "type": "Feature", "properties": { "osm_id": "1093856375", "highway": "traffic_signals" }, "geometry": { "type": "Point", "coordinates": [ 139.721563, 35.7110251 ] } },
{ "type": "Feature", "properties": { "osm_id": "1093856398", "highway": "traffic_signals" }, "geometry": { "type": "Point", "coordinates": [ 139.7197516, 35.7110261 ] } },
{ "type": "Feature", "properties": { "osm_id": "1093946762", "highway": "traffic_signals" }, "geometry": { "type": "Point", "coordinates": [ 139.7288081, 35.7073206 ] } },
{ "type": "Feature", "properties": { "osm_id": "1093946806", "highway": "traffic_signals" }, "geometry": { "type": "Point", "coordinates": [ 139.7268827, 35.7073997 ] } },
{ "type": "Feature", "properties": { "osm_id": "1093946813", "highway": "traffic_signals" }, "geometry": { "type": "Point", "coordinates": [ 139.7242468, 35.7078558 ] } },
{ "type": "Feature", "properties": { "osm_id": "1093946904", "highway": "traffic_signals" }, "geometry": { "type": "Point", "coordinates": [ 139.725731200000013, 35.7074805 ] } },
{ "type": "Feature", "properties": { "osm_id": "1093946912", "highway": "traffic_signals" }, "geometry": { "type": "Point", "coordinates": [ 139.722379500000017, 35.708326 ] } },
{ "type": "Feature", "properties": { "osm_id": "1094016265", "highway": "traffic_signals" }, "geometry": { "type": "Point", "coordinates": [ 139.7270331, 35.7097453 ] } },
{ "type": "Feature", "properties": { "osm_id": "1094104330", "highway": "traffic_signals" }, "geometry": { "type": "Point", "coordinates": [ 139.727203800000012, 35.709726 ] } },
{ "type": "Feature", "properties": { "osm_id": "1094262572", "highway": "traffic_signals" }, "geometry": { "type": "Point", "coordinates": [ 139.708709, 35.7047904 ] } },
{ "type": "Feature", "properties": { "osm_id": "1094262850", "highway": "traffic_signals" }, "geometry": { "type": "Point", "coordinates": [ 139.7123106, 35.7013684 ] } },
{ "type": "Feature", "properties": { "osm_id": "1094351465", "highway": "traffic_signals" }, "geometry": { "type": "Point", "coordinates": [ 139.7097618, 35.7008122 ] } },
{ "type": "Feature", "properties": { "osm_id": "1094547207", "highway": "traffic_signals" }, "geometry": { "type": "Point", "coordinates": [ 139.695249900000022, 35.7018425 ] } },
{ "type": "Feature", "properties": { "osm_id": "1094547283", "highway": "traffic_signals" }, "geometry": { "type": "Point", "coordinates": [ 139.6999322, 35.7014948 ] } },
{ "type": "Feature", "properties": { "osm_id": "1094547286", "highway": "traffic_signals" }, "geometry": { "type": "Point", "coordinates": [ 139.709760400000022, 35.7008669 ] } },
{ "type": "Feature", "properties": { "osm_id": "1094547356", "highway": "traffic_signals" }, "geometry": { "type": "Point", "coordinates": [ 139.7024116, 35.7013241 ] } },
{ "type": "Feature", "properties": { "osm_id": "1094547449", "highway": "traffic_signals" }, "geometry": { "type": "Point", "coordinates": [ 139.691665300000011, 35.7018041 ] } },
{ "type": "Feature", "properties": { "osm_id": "1094547572", "highway": "traffic_signals" }, "geometry": { "type": "Point", "coordinates": [ 139.6883388, 35.701653 ] } },
{ "type": "Feature", "properties": { "osm_id": "1094607075", "highway": "traffic_signals" }, "geometry": { "type": "Point", "coordinates": [ 139.704411, 35.7011823 ] } },
{ "type": "Feature", "properties": { "osm_id": "1096527668", "highway": "traffic_signals" }, "geometry": { "type": "Point", "coordinates": [ 139.704721800000016, 35.7128193 ] } },
{ "type": "Feature", "properties": { "osm_id": "1097906548", "highway": "traffic_signals" }, "geometry": { "type": "Point", "coordinates": [ 139.7075039, 35.7084144 ] } },
{ "type": "Feature", "properties": { "osm_id": "1097906635", "highway": "traffic_signals" }, "geometry": { "type": "Point", "coordinates": [ 139.704317700000018, 35.7089635 ] } },
{ "type": "Feature", "properties": { "osm_id": "1097906695", "highway": "traffic_signals" }, "geometry": { "type": "Point", "coordinates": [ 139.709003, 35.7070684 ] } },
{ "type": "Feature", "properties": { "osm_id": "1097935079", "highway": "traffic_signals" }, "geometry": { "type": "Point", "coordinates": [ 139.703716500000013, 35.7102503 ] } },
{ "type": "Feature", "properties": { "osm_id": "1097993395", "highway": "traffic_signals" }, "geometry": { "type": "Point", "coordinates": [ 139.707507100000015, 35.7084787 ] } },
{ "type": "Feature", "properties": { "osm_id": "1104760097", "highway": "traffic_signals" }, "geometry": { "type": "Point", "coordinates": [ 139.7396794, 35.7084269 ] } },
{ "type": "Feature", "properties": { "osm_id": "1104760378", "highway": "traffic_signals" }, "geometry": { "type": "Point", "coordinates": [ 139.7396584, 35.7083414 ] } },
{ "type": "Feature", "properties": { "osm_id": "1104776813", "highway": "traffic_signals" }, "geometry": { "type": "Point", "coordinates": [ 139.736010100000016, 35.70899 ] } },
{ "type": "Feature", "properties": { "osm_id": "1104776826", "highway": "traffic_signals" }, "geometry": { "type": "Point", "coordinates": [ 139.7359887, 35.7088914 ] } },
{ "type": "Feature", "properties": { "osm_id": "1104776880", "highway": "traffic_signals" }, "geometry": { "type": "Point", "coordinates": [ 139.735758200000021, 35.7077674 ] } },
{ "type": "Feature", "properties": { "osm_id": "1111613987", "highway": "traffic_signals" }, "geometry": { "type": "Point", "coordinates": [ 139.690220400000015, 35.6919906 ] } },
{ "type": "Feature", "properties": { "osm_id": "1111613997", "highway": "traffic_signals" }, "geometry": { "type": "Point", "coordinates": [ 139.690752800000013, 35.6868543 ] } },
{ "type": "Feature", "properties": { "osm_id": "1111613998", "highway": "traffic_signals" }, "geometry": { "type": "Point", "coordinates": [ 139.6903873, 35.6920172 ] } },
{ "type": "Feature", "properties": { "osm_id": "1114945003", "highway": "traffic_signals" }, "geometry": { "type": "Point", "coordinates": [ 139.708772300000021, 35.706057 ] } },
{ "type": "Feature", "properties": { "osm_id": "1114945009", "highway": "traffic_signals" }, "geometry": { "type": "Point", "coordinates": [ 139.7088678, 35.7060496 ] } },
{ "type": "Feature", "properties": { "osm_id": "1114992523", "highway": "traffic_signals" }, "geometry": { "type": "Point", "coordinates": [ 139.708615800000018, 35.7047979 ] } },
{ "type": "Feature", "properties": { "osm_id": "1115329145", "highway": "traffic_signals" }, "geometry": { "type": "Point", "coordinates": [ 139.7089104, 35.7070786 ] } },
{ "type": "Feature", "properties": { "osm_id": "1116417297", "highway": "traffic_signals" }, "geometry": { "type": "Point", "coordinates": [ 139.7082852, 35.7118391 ] } },
{ "type": "Feature", "properties": { "osm_id": "1116417301", "highway": "traffic_signals" }, "geometry": { "type": "Point", "coordinates": [ 139.708269200000018, 35.7117795 ] } },
{ "type": "Feature", "properties": { "osm_id": "1125926448", "highway": "traffic_signals" }, "geometry": { "type": "Point", "coordinates": [ 139.7167425, 35.6795806 ] } },
{ "type": "Feature", "properties": { "osm_id": "1125929202", "highway": "traffic_signals" }, "geometry": { "type": "Point", "coordinates": [ 139.716789200000022, 35.6774844 ] } },
{ "type": "Feature", "properties": { "osm_id": "1127764620", "highway": "traffic_signals" }, "geometry": { "type": "Point", "coordinates": [ 139.675646700000016, 35.7253107 ] } },
{ "type": "Feature", "properties": { "osm_id": "1127764754", "highway": "traffic_signals" }, "geometry": { "type": "Point", "coordinates": [ 139.684137, 35.7226675 ] } },
{ "type": "Feature", "properties": { "osm_id": "1127764759", "highway": "traffic_signals" }, "geometry": { "type": "Point", "coordinates": [ 139.683997200000022, 35.7226506 ] } },
{ "type": "Feature", "properties": { "osm_id": "1135820966", "highway": "traffic_signals" }, "geometry": { "type": "Point", "coordinates": [ 139.6943666, 35.7078607 ] } },
{ "type": "Feature", "properties": { "osm_id": "1135821062", "highway": "traffic_signals" }, "geometry": { "type": "Point", "coordinates": [ 139.6977262, 35.7086738 ] } },
{ "type": "Feature", "properties": { "osm_id": "1135821065", "highway": "traffic_signals" }, "geometry": { "type": "Point", "coordinates": [ 139.7021176, 35.7088169 ] } },
{ "type": "Feature", "properties": { "osm_id": "1139149660", "highway": "traffic_signals" }, "geometry": { "type": "Point", "coordinates": [ 139.6928279, 35.6972487 ] } },
{ "type": "Feature", "properties": { "osm_id": "1141096960", "highway": "traffic_signals" }, "geometry": { "type": "Point", "coordinates": [ 139.7086486, 35.7043298 ] } },
{ "type": "Feature", "properties": { "osm_id": "1142142924", "highway": "traffic_signals" }, "geometry": { "type": "Point", "coordinates": [ 139.6958946, 35.6977314 ] } },
{ "type": "Feature", "properties": { "osm_id": "1177043045", "highway": "traffic_signals" }, "geometry": { "type": "Point", "coordinates": [ 139.72436620000002, 35.7055008 ] } },
{ "type": "Feature", "properties": { "osm_id": "1177043046", "highway": "traffic_signals" }, "geometry": { "type": "Point", "coordinates": [ 139.7243257, 35.705438 ] } },
{ "type": "Feature", "properties": { "osm_id": "1177424740", "highway": "traffic_signals" }, "geometry": { "type": "Point", "coordinates": [ 139.713043200000016, 35.7136545 ] } },
{ "type": "Feature", "properties": { "osm_id": "1177424794", "highway": "traffic_signals" }, "geometry": { "type": "Point", "coordinates": [ 139.7142206, 35.7130892 ] } },
{ "type": "Feature", "properties": { "osm_id": "1179085828", "highway": "traffic_signals" }, "geometry": { "type": "Point", "coordinates": [ 139.7070377, 35.7122186 ] } },
{ "type": "Feature", "properties": { "osm_id": "1179085868", "highway": "traffic_signals" }, "geometry": { "type": "Point", "coordinates": [ 139.707082500000013, 35.7122698 ] } },
{ "type": "Feature", "properties": { "osm_id": "1179085881", "highway": "traffic_signals" }, "geometry": { "type": "Point", "coordinates": [ 139.71098120000002, 35.7135967 ] } },
{ "type": "Feature", "properties": { "osm_id": "1188553824", "highway": "traffic_signals" }, "geometry": { "type": "Point", "coordinates": [ 139.7014584, 35.7013904 ] } },
{ "type": "Feature", "properties": { "osm_id": "1188964657", "highway": "traffic_signals" }, "geometry": { "type": "Point", "coordinates": [ 139.680435400000022, 35.7229166 ] } },
{ "type": "Feature", "properties": { "osm_id": "1188964772", "highway": "traffic_signals" }, "geometry": { "type": "Point", "coordinates": [ 139.6766086, 35.7273081 ] } },
{ "type": "Feature", "properties": { "osm_id": "1188998565", "highway": "traffic_signals" }, "geometry": { "type": "Point", "coordinates": [ 139.6812837, 35.7272742 ] } },
{ "type": "Feature", "properties": { "osm_id": "1189983771", "highway": "traffic_signals" }, "geometry": { "type": "Point", "coordinates": [ 139.700831600000015, 35.6924611 ] } },
{ "type": "Feature", "properties": { "osm_id": "1199791802", "highway": "traffic_signals" }, "geometry": { "type": "Point", "coordinates": [ 139.736921700000011, 35.7076002 ] } },
{ "type": "Feature", "properties": { "osm_id": "1212052667", "highway": "traffic_signals" }, "geometry": { "type": "Point", "coordinates": [ 139.6918564, 35.7173277 ] } },
{ "type": "Feature", "properties": { "osm_id": "1212052668", "highway": "traffic_signals" }, "geometry": { "type": "Point", "coordinates": [ 139.691891600000019, 35.7174077 ] } },
{ "type": "Feature", "properties": { "osm_id": "1306914518", "highway": "traffic_signals" }, "geometry": { "type": "Point", "coordinates": [ 139.7384154, 35.7086202 ] } },
{ "type": "Feature", "properties": { "osm_id": "1312512671", "highway": "traffic_signals" }, "geometry": { "type": "Point", "coordinates": [ 139.6792293, 35.7285516 ] } },
{ "type": "Feature", "properties": { "osm_id": "1312602192", "highway": "traffic_signals" }, "geometry": { "type": "Point", "coordinates": [ 139.686190900000014, 35.7211782 ] } },
{ "type": "Feature", "properties": { "osm_id": "1312602365", "highway": "traffic_signals" }, "geometry": { "type": "Point", "coordinates": [ 139.685321500000015, 35.7159408 ] } },
{ "type": "Feature", "properties": { "osm_id": "1482464169", "highway": "traffic_signals" }, "geometry": { "type": "Point", "coordinates": [ 139.730684, 35.6894684 ] } },
{ "type": "Feature", "properties": { "osm_id": "1482464183", "highway": "traffic_signals" }, "geometry": { "type": "Point", "coordinates": [ 139.7300051, 35.6880426 ] } },
{ "type": "Feature", "properties": { "osm_id": "1482464204", "highway": "traffic_signals" }, "geometry": { "type": "Point", "coordinates": [ 139.7296149, 35.686737 ] } },
{ "type": "Feature", "properties": { "osm_id": "1502259625", "highway": "traffic_signals" }, "geometry": { "type": "Point", "coordinates": [ 139.698947800000013, 35.6888835 ] } },
{ "type": "Feature", "properties": { "osm_id": "1502259734", "highway": "traffic_signals" }, "geometry": { "type": "Point", "coordinates": [ 139.7039234, 35.689802 ] } },
{ "type": "Feature", "properties": { "osm_id": "1543871752", "highway": "traffic_signals" }, "geometry": { "type": "Point", "coordinates": [ 139.6953001, 35.6892001 ] } },
{ "type": "Feature", "properties": { "osm_id": "1543871753", "highway": "traffic_signals" }, "geometry": { "type": "Point", "coordinates": [ 139.69644790000001, 35.6892385 ] } },
{ "type": "Feature", "properties": { "osm_id": "1566720001", "highway": "traffic_signals" }, "geometry": { "type": "Point", "coordinates": [ 139.73545230000002, 35.6922773 ] } },
{ "type": "Feature", "properties": { "osm_id": "1566722347", "highway": "traffic_signals" }, "geometry": { "type": "Point", "coordinates": [ 139.7433379, 35.7012608 ] } },
{ "type": "Feature", "properties": { "osm_id": "1566722650", "highway": "traffic_signals" }, "geometry": { "type": "Point", "coordinates": [ 139.7427657, 35.7004079 ] } },
{ "type": "Feature", "properties": { "osm_id": "1570802126", "highway": "traffic_signals" }, "geometry": { "type": "Point", "coordinates": [ 139.733783100000011, 35.6984582 ] } },
{ "type": "Feature", "properties": { "osm_id": "1573960946", "highway": "traffic_signals" }, "geometry": { "type": "Point", "coordinates": [ 139.738752, 35.6954473 ] } },
{ "type": "Feature", "properties": { "osm_id": "1582703020", "highway": "traffic_signals" }, "geometry": { "type": "Point", "coordinates": [ 139.691668600000014, 35.6921311 ] } },
{ "type": "Feature", "properties": { "osm_id": "1582703025", "highway": "traffic_signals" }, "geometry": { "type": "Point", "coordinates": [ 139.694496, 35.6925494 ] } },
{ "type": "Feature", "properties": { "osm_id": "1582703026", "highway": "traffic_signals" }, "geometry": { "type": "Point", "coordinates": [ 139.694366800000012, 35.6925626 ] } },
{ "type": "Feature", "properties": { "osm_id": "1582703036", "highway": "traffic_signals" }, "geometry": { "type": "Point", "coordinates": [ 139.7022464, 35.6933262 ] } },
{ "type": "Feature", "properties": { "osm_id": "1582703042", "highway": "traffic_signals" }, "geometry": { "type": "Point", "coordinates": [ 139.7013791, 35.6935177 ] } },
{ "type": "Feature", "properties": { "osm_id": "1625445413", "highway": "traffic_signals" }, "geometry": { "type": "Point", "coordinates": [ 139.708337700000016, 35.6906307 ] } },
{ "type": "Feature", "properties": { "osm_id": "1625445416", "highway": "traffic_signals" }, "geometry": { "type": "Point", "coordinates": [ 139.7049077, 35.6908512 ] } },
{ "type": "Feature", "properties": { "osm_id": "1626142105", "highway": "traffic_signals" }, "geometry": { "type": "Point", "coordinates": [ 139.7071033, 35.6909326 ] } },
{ "type": "Feature", "properties": { "osm_id": "1626142115", "highway": "traffic_signals" }, "geometry": { "type": "Point", "coordinates": [ 139.706769800000018, 35.6935872 ] } },
{ "type": "Feature", "properties": { "osm_id": "1664033612", "highway": "traffic_signals" }, "geometry": { "type": "Point", "coordinates": [ 139.730518, 35.6911051 ] } },
{ "type": "Feature", "properties": { "osm_id": "1664033725", "highway": "traffic_signals" }, "geometry": { "type": "Point", "coordinates": [ 139.708924, 35.6915323 ] } },
{ "type": "Feature", "properties": { "osm_id": "1665929965", "highway": "traffic_signals" }, "geometry": { "type": "Point", "coordinates": [ 139.716701600000022, 35.6987351 ] } },
{ "type": "Feature", "properties": { "osm_id": "1666084424", "highway": "traffic_signals" }, "geometry": { "type": "Point", "coordinates": [ 139.7101649, 35.697753 ] } },
{ "type": "Feature", "properties": { "osm_id": "1666084494", "highway": "traffic_signals" }, "geometry": { "type": "Point", "coordinates": [ 139.700227400000017, 35.6981749 ] } },
{ "type": "Feature", "properties": { "osm_id": "1666084495", "highway": "traffic_signals" }, "geometry": { "type": "Point", "coordinates": [ 139.7026554, 35.6981996 ] } },
{ "type": "Feature", "properties": { "osm_id": "1666084499", "highway": "traffic_signals" }, "geometry": { "type": "Point", "coordinates": [ 139.7051156, 35.698289 ] } },
{ "type": "Feature", "properties": { "osm_id": "1666084502", "highway": "traffic_signals" }, "geometry": { "type": "Point", "coordinates": [ 139.7040833, 35.6983262 ] } },
{ "type": "Feature", "properties": { "osm_id": "1679213318", "highway": "traffic_signals" }, "geometry": { "type": "Point", "coordinates": [ 139.7377793, 35.6942446 ] } },
{ "type": "Feature", "properties": { "osm_id": "1681472716", "highway": "traffic_signals" }, "geometry": { "type": "Point", "coordinates": [ 139.7154811, 35.6874544 ] } },
{ "type": "Feature", "properties": { "osm_id": "1681472921", "highway": "traffic_signals" }, "geometry": { "type": "Point", "coordinates": [ 139.7051782, 35.6897413 ] } },
{ "type": "Feature", "properties": { "osm_id": "1685221267", "highway": "traffic_signals" }, "geometry": { "type": "Point", "coordinates": [ 139.7112889, 35.7143252 ] } },
{ "type": "Feature", "properties": { "osm_id": "1685221269", "highway": "traffic_signals" }, "geometry": { "type": "Point", "coordinates": [ 139.7113421, 35.7144325 ] } },
{ "type": "Feature", "properties": { "osm_id": "1701041432", "highway": "traffic_signals" }, "geometry": { "type": "Point", "coordinates": [ 139.6906491, 35.6902196 ] } },
{ "type": "Feature", "properties": { "osm_id": "1701041435", "highway": "traffic_signals" }, "geometry": { "type": "Point", "coordinates": [ 139.690629800000011, 35.6902993 ] } },
{ "type": "Feature", "properties": { "osm_id": "1715874865", "highway": "traffic_signals" }, "geometry": { "type": "Point", "coordinates": [ 139.6917551, 35.6922356 ] } },
{ "type": "Feature", "properties": { "osm_id": "1715874869", "highway": "traffic_signals" }, "geometry": { "type": "Point", "coordinates": [ 139.6929768, 35.6872236 ] } },
{ "type": "Feature", "properties": { "osm_id": "1715877597", "highway": "traffic_signals" }, "geometry": { "type": "Point", "coordinates": [ 139.692979, 35.6924309 ] } },
{ "type": "Feature", "properties": { "osm_id": "1715877598", "highway": "traffic_signals" }, "geometry": { "type": "Point", "coordinates": [ 139.6931103, 35.6923617 ] } },
{ "type": "Feature", "properties": { "osm_id": "1715877599", "highway": "traffic_signals" }, "geometry": { "type": "Point", "coordinates": [ 139.693000300000023, 35.6923441 ] } },
{ "type": "Feature", "properties": { "osm_id": "1715900545", "highway": "traffic_signals" }, "geometry": { "type": "Point", "coordinates": [ 139.6943367, 35.6874465 ] } },
{ "type": "Feature", "properties": { "osm_id": "1716064635", "highway": "traffic_signals" }, "geometry": { "type": "Point", "coordinates": [ 139.6947369, 35.6909274 ] } },
{ "type": "Feature", "properties": { "osm_id": "1731350139", "highway": "traffic_signals" }, "geometry": { "type": "Point", "coordinates": [ 139.7270139, 35.7074834 ] } },
{ "type": "Feature", "properties": { "osm_id": "1731350141", "highway": "traffic_signals" }, "geometry": { "type": "Point", "coordinates": [ 139.727111, 35.7095932 ] } },
{ "type": "Feature", "properties": { "osm_id": "1731350148", "highway": "traffic_signals" }, "geometry": { "type": "Point", "coordinates": [ 139.72701840000002, 35.7073939 ] } },
{ "type": "Feature", "properties": { "osm_id": "1784214087", "highway": "traffic_signals" }, "geometry": { "type": "Point", "coordinates": [ 139.7448817, 35.7026681 ] } },
{ "type": "Feature", "properties": { "osm_id": "1805702531", "highway": "traffic_signals" }, "geometry": { "type": "Point", "coordinates": [ 139.7058226, 35.6923712 ] } },
{ "type": "Feature", "properties": { "osm_id": "1805702532", "highway": "traffic_signals" }, "geometry": { "type": "Point", "coordinates": [ 139.7057469, 35.6923881 ] } },
{ "type": "Feature", "properties": { "osm_id": "1805702534", "highway": "traffic_signals" }, "geometry": { "type": "Point", "coordinates": [ 139.705892200000022, 35.6924904 ] } },
{ "type": "Feature", "properties": { "osm_id": "1805702535", "highway": "traffic_signals" }, "geometry": { "type": "Point", "coordinates": [ 139.7058178, 35.6925102 ] } },
{ "type": "Feature", "properties": { "osm_id": "1806870844", "highway": "traffic_signals" }, "geometry": { "type": "Point", "coordinates": [ 139.724203400000022, 35.6930502 ] } },
{ "type": "Feature", "properties": { "osm_id": "1806870859", "highway": "traffic_signals" }, "geometry": { "type": "Point", "coordinates": [ 139.724741500000022, 35.6946391 ] } },
{ "type": "Feature", "properties": { "osm_id": "1806870871", "highway": "traffic_signals" }, "geometry": { "type": "Point", "coordinates": [ 139.7249697, 35.6954156 ] } },
{ "type": "Feature", "properties": { "osm_id": "1808422391", "highway": "traffic_signals" }, "geometry": { "type": "Point", "coordinates": [ 139.71896, 35.679085 ] } },
{ "type": "Feature", "properties": { "osm_id": "1808422545", "highway": "traffic_signals" }, "geometry": { "type": "Point", "coordinates": [ 139.7289145, 35.6837723 ] } },
{ "type": "Feature", "properties": { "osm_id": "1808422623", "highway": "traffic_signals" }, "geometry": { "type": "Point", "coordinates": [ 139.715875300000022, 35.6833339 ] } },
{ "type": "Feature", "properties": { "osm_id": "1813858088", "highway": "traffic_signals" }, "geometry": { "type": "Point", "coordinates": [ 139.6964872, 35.6875519 ] } },
{ "type": "Feature", "properties": { "osm_id": "1813858682", "highway": "traffic_signals" }, "geometry": { "type": "Point", "coordinates": [ 139.69812, 35.692182 ] } },
{ "type": "Feature", "properties": { "osm_id": "1813863737", "highway": "traffic_signals" }, "geometry": { "type": "Point", "coordinates": [ 139.6883761, 35.695751 ] } },
{ "type": "Feature", "properties": { "osm_id": "1813863762", "highway": "traffic_signals" }, "geometry": { "type": "Point", "coordinates": [ 139.69314780000002, 35.6942425 ] } },
{ "type": "Feature", "properties": { "osm_id": "1813863763", "highway": "traffic_signals" }, "geometry": { "type": "Point", "coordinates": [ 139.693087500000019, 35.6943718 ] } },
{ "type": "Feature", "properties": { "osm_id": "1813863775", "highway": "traffic_signals" }, "geometry": { "type": "Point", "coordinates": [ 139.6958117, 35.687258 ] } },
{ "type": "Feature", "properties": { "osm_id": "1813863777", "highway": "traffic_signals" }, "geometry": { "type": "Point", "coordinates": [ 139.695848300000023, 35.6874382 ] } },
{ "type": "Feature", "properties": { "osm_id": "1822721082", "highway": "traffic_signals" }, "geometry": { "type": "Point", "coordinates": [ 139.7306072, 35.6895925 ] } },
{ "type": "Feature", "properties": { "osm_id": "1919930130", "highway": "traffic_signals" }, "geometry": { "type": "Point", "coordinates": [ 139.7446806, 35.7028912 ] } },
{ "type": "Feature", "properties": { "osm_id": "1919930610", "highway": "traffic_signals" }, "geometry": { "type": "Point", "coordinates": [ 139.7441747, 35.7041526 ] } },
{ "type": "Feature", "properties": { "osm_id": "1919930701", "highway": "traffic_signals" }, "geometry": { "type": "Point", "coordinates": [ 139.7440058, 35.7051331 ] } },
{ "type": "Feature", "properties": { "osm_id": "1928487278", "highway": "traffic_signals" }, "geometry": { "type": "Point", "coordinates": [ 139.690528200000017, 35.6840763 ] } },
{ "type": "Feature", "properties": { "osm_id": "1942852805", "highway": "traffic_signals" }, "geometry": { "type": "Point", "coordinates": [ 139.6996838, 35.7222227 ] } },
{ "type": "Feature", "properties": { "osm_id": "1943752504", "highway": "traffic_signals" }, "geometry": { "type": "Point", "coordinates": [ 139.71453120000001, 35.6894793 ] } },
{ "type": "Feature", "properties": { "osm_id": "1986326951", "highway": "traffic_signals" }, "geometry": { "type": "Point", "coordinates": [ 139.7151538, 35.6822393 ] } },
{ "type": "Feature", "properties": { "osm_id": "2012583693", "highway": "traffic_signals" }, "geometry": { "type": "Point", "coordinates": [ 139.6883238, 35.7179437 ] } },
{ "type": "Feature", "properties": { "osm_id": "2012583706", "highway": "traffic_signals" }, "geometry": { "type": "Point", "coordinates": [ 139.6892268, 35.7189057 ] } },
{ "type": "Feature", "properties": { "osm_id": "2012583714", "highway": "traffic_signals" }, "geometry": { "type": "Point", "coordinates": [ 139.689107400000012, 35.7189869 ] } },
{ "type": "Feature", "properties": { "osm_id": "2012583725", "highway": "traffic_signals" }, "geometry": { "type": "Point", "coordinates": [ 139.689382100000017, 35.7190569 ] } },
{ "type": "Feature", "properties": { "osm_id": "2012583733", "highway": "traffic_signals" }, "geometry": { "type": "Point", "coordinates": [ 139.689252900000014, 35.7191422 ] } },
{ "type": "Feature", "properties": { "osm_id": "2019513136", "highway": "traffic_signals" }, "geometry": { "type": "Point", "coordinates": [ 139.683307, 35.7201291 ] } },
{ "type": "Feature", "properties": { "osm_id": "2019513226", "highway": "traffic_signals" }, "geometry": { "type": "Point", "coordinates": [ 139.6828347, 35.7224771 ] } },
{ "type": "Feature", "properties": { "osm_id": "2019571358", "highway": "traffic_signals" }, "geometry": { "type": "Point", "coordinates": [ 139.678835500000019, 35.720446 ] } },
{ "type": "Feature", "properties": { "osm_id": "2019571363", "highway": "traffic_signals" }, "geometry": { "type": "Point", "coordinates": [ 139.675577300000015, 35.720639 ] } },
{ "type": "Feature", "properties": { "osm_id": "2019635569", "highway": "traffic_signals" }, "geometry": { "type": "Point", "coordinates": [ 139.676337900000021, 35.7237069 ] } },
{ "type": "Feature", "properties": { "osm_id": "2029600828", "highway": "traffic_signals" }, "geometry": { "type": "Point", "coordinates": [ 139.675288, 35.7203317 ] } },
{ "type": "Feature", "properties": { "osm_id": "2029713281", "highway": "traffic_signals" }, "geometry": { "type": "Point", "coordinates": [ 139.688212100000015, 35.7180069 ] } },
{ "type": "Feature", "properties": { "osm_id": "2029813030", "highway": "traffic_signals" }, "geometry": { "type": "Point", "coordinates": [ 139.696130900000014, 35.7219265 ] } },
{ "type": "Feature", "properties": { "osm_id": "2036411524", "highway": "traffic_signals" }, "geometry": { "type": "Point", "coordinates": [ 139.704320600000017, 35.7161539 ] } },
{ "type": "Feature", "properties": { "osm_id": "2036411525", "highway": "traffic_signals" }, "geometry": { "type": "Point", "coordinates": [ 139.7043185, 35.7162515 ] } },
{ "type": "Feature", "properties": { "osm_id": "2036411526", "highway": "traffic_signals" }, "geometry": { "type": "Point", "coordinates": [ 139.703278300000022, 35.7162652 ] } },
{ "type": "Feature", "properties": { "osm_id": "2036411528", "highway": "traffic_signals" }, "geometry": { "type": "Point", "coordinates": [ 139.703310500000015, 35.71635 ] } },
{ "type": "Feature", "properties": { "osm_id": "2036411529", "highway": "traffic_signals" }, "geometry": { "type": "Point", "coordinates": [ 139.702519, 35.7163525 ] } },
{ "type": "Feature", "properties": { "osm_id": "2038480938", "highway": "traffic_signals" }, "geometry": { "type": "Point", "coordinates": [ 139.6947222, 35.7046129 ] } },
{ "type": "Feature", "properties": { "osm_id": "2153714705", "highway": "traffic_signals" }, "geometry": { "type": "Point", "coordinates": [ 139.73299830000002, 35.7041248 ] } },
{ "type": "Feature", "properties": { "osm_id": "2153714732", "highway": "traffic_signals" }, "geometry": { "type": "Point", "coordinates": [ 139.73057080000001, 35.7048628 ] } },
{ "type": "Feature", "properties": { "osm_id": "2153714770", "highway": "traffic_signals" }, "geometry": { "type": "Point", "coordinates": [ 139.704367900000022, 35.7091055 ] } },
{ "type": "Feature", "properties": { "osm_id": "2203128324", "highway": "traffic_signals" }, "geometry": { "type": "Point", "coordinates": [ 139.741361, 35.7080924 ] } },
{ "type": "Feature", "properties": { "osm_id": "2203128325", "highway": "traffic_signals" }, "geometry": { "type": "Point", "coordinates": [ 139.741367700000012, 35.7081839 ] } },
{ "type": "Feature", "properties": { "osm_id": "2209369901", "highway": "traffic_signals" }, "geometry": { "type": "Point", "coordinates": [ 139.738376, 35.7085273 ] } },
{ "type": "Feature", "properties": { "osm_id": "2234986299", "highway": "traffic_signals" }, "geometry": { "type": "Point", "coordinates": [ 139.716401, 35.7093531 ] } },
{ "type": "Feature", "properties": { "osm_id": "2234986316", "highway": "traffic_signals" }, "geometry": { "type": "Point", "coordinates": [ 139.7164859, 35.7093116 ] } },
{ "type": "Feature", "properties": { "osm_id": "2234986326", "highway": "traffic_signals" }, "geometry": { "type": "Point", "coordinates": [ 139.7173435, 35.712412 ] } },
{ "type": "Feature", "properties": { "osm_id": "2235081807", "highway": "traffic_signals" }, "geometry": { "type": "Point", "coordinates": [ 139.704714, 35.7135411 ] } },
{ "type": "Feature", "properties": { "osm_id": "2238497066", "highway": "traffic_signals" }, "geometry": { "type": "Point", "coordinates": [ 139.7090796, 35.7084266 ] } },
{ "type": "Feature", "properties": { "osm_id": "2239360597", "highway": "traffic_signals" }, "geometry": { "type": "Point", "coordinates": [ 139.6916841, 35.6848029 ] } },
{ "type": "Feature", "properties": { "osm_id": "2255060413", "highway": "traffic_signals" }, "geometry": { "type": "Point", "coordinates": [ 139.688997700000016, 35.6881924 ] } },
{ "type": "Feature", "properties": { "osm_id": "2350168090", "highway": "traffic_signals" }, "geometry": { "type": "Point", "coordinates": [ 139.7027449, 35.7137108 ] } },
{ "type": "Feature", "properties": { "osm_id": "2385950497", "highway": "traffic_signals" }, "geometry": { "type": "Point", "coordinates": [ 139.714197800000022, 35.6815667 ] } },
{ "type": "Feature", "properties": { "osm_id": "2396885540", "highway": "traffic_signals" }, "geometry": { "type": "Point", "coordinates": [ 139.71589560000001, 35.6845352 ] } },
{ "type": "Feature", "properties": { "osm_id": "2397996023", "highway": "traffic_signals" }, "geometry": { "type": "Point", "coordinates": [ 139.725585700000011, 35.6975107 ] } },
{ "type": "Feature", "properties": { "osm_id": "2397996050", "highway": "traffic_signals" }, "geometry": { "type": "Point", "coordinates": [ 139.725765500000023, 35.6981935 ] } },
{ "type": "Feature", "properties": { "osm_id": "2398005878", "highway": "traffic_signals" }, "geometry": { "type": "Point", "coordinates": [ 139.720176800000019, 35.6866386 ] } },
{ "type": "Feature", "properties": { "osm_id": "2398005883", "highway": "traffic_signals" }, "geometry": { "type": "Point", "coordinates": [ 139.7200717, 35.6845263 ] } },
{ "type": "Feature", "properties": { "osm_id": "2398005889", "highway": "traffic_signals" }, "geometry": { "type": "Point", "coordinates": [ 139.7202943, 35.6866269 ] } },
{ "type": "Feature", "properties": { "osm_id": "2398005890", "highway": "traffic_signals" }, "geometry": { "type": "Point", "coordinates": [ 139.719652700000012, 35.6827782 ] } },
{ "type": "Feature", "properties": { "osm_id": "2398005894", "highway": "traffic_signals" }, "geometry": { "type": "Point", "coordinates": [ 139.721759100000014, 35.69027 ] } },
{ "type": "Feature", "properties": { "osm_id": "2398005903", "highway": "traffic_signals" }, "geometry": { "type": "Point", "coordinates": [ 139.719565500000016, 35.6816873 ] } },
{ "type": "Feature", "properties": { "osm_id": "2398005912", "highway": "traffic_signals" }, "geometry": { "type": "Point", "coordinates": [ 139.7199745, 35.6845302 ] } },
{ "type": "Feature", "properties": { "osm_id": "2398005913", "highway": "traffic_signals" }, "geometry": { "type": "Point", "coordinates": [ 139.719432300000022, 35.6817053 ] } },
{ "type": "Feature", "properties": { "osm_id": "2398005917", "highway": "traffic_signals" }, "geometry": { "type": "Point", "coordinates": [ 139.720559300000019, 35.6890573 ] } },
{ "type": "Feature", "properties": { "osm_id": "2398005921", "highway": "traffic_signals" }, "geometry": { "type": "Point", "coordinates": [ 139.7231922, 35.6914502 ] } },
{ "type": "Feature", "properties": { "osm_id": "2398005922", "highway": "traffic_signals" }, "geometry": { "type": "Point", "coordinates": [ 139.7204662, 35.6890935 ] } },
{ "type": "Feature", "properties": { "osm_id": "2398005925", "highway": "traffic_signals" }, "geometry": { "type": "Point", "coordinates": [ 139.7231242, 35.6914961 ] } },
{ "type": "Feature", "properties": { "osm_id": "2398005926", "highway": "traffic_signals" }, "geometry": { "type": "Point", "coordinates": [ 139.721828, 35.690214 ] } },
{ "type": "Feature", "properties": { "osm_id": "2401040284", "highway": "traffic_signals" }, "geometry": { "type": "Point", "coordinates": [ 139.708845700000012, 35.6883941 ] } },
{ "type": "Feature", "properties": { "osm_id": "2401069423", "highway": "traffic_signals" }, "geometry": { "type": "Point", "coordinates": [ 139.7143256, 35.6966987 ] } },
{ "type": "Feature", "properties": { "osm_id": "2401069487", "highway": "traffic_signals" }, "geometry": { "type": "Point", "coordinates": [ 139.7143744, 35.6967512 ] } },
{ "type": "Feature", "properties": { "osm_id": "2449182775", "highway": "traffic_signals" }, "geometry": { "type": "Point", "coordinates": [ 139.6933296, 35.6907216 ] } },
{ "type": "Feature", "properties": { "osm_id": "2449182776", "highway": "traffic_signals" }, "geometry": { "type": "Point", "coordinates": [ 139.693346600000012, 35.6906472 ] } },
{ "type": "Feature", "properties": { "osm_id": "2503429962", "highway": "traffic_signals" }, "geometry": { "type": "Point", "coordinates": [ 139.6902416, 35.691903 ] } },
{ "type": "Feature", "properties": { "osm_id": "2503429963", "highway": "traffic_signals" }, "geometry": { "type": "Point", "coordinates": [ 139.690408600000012, 35.6919297 ] } },
{ "type": "Feature", "properties": { "osm_id": "2503429968", "highway": "traffic_signals" }, "geometry": { "type": "Point", "coordinates": [ 139.691776800000014, 35.6921484 ] } },
{ "type": "Feature", "properties": { "osm_id": "2606035810", "highway": "traffic_signals" }, "geometry": { "type": "Point", "coordinates": [ 139.7071708, 35.6965799 ] } },
{ "type": "Feature", "properties": { "osm_id": "2606035889", "highway": "traffic_signals" }, "geometry": { "type": "Point", "coordinates": [ 139.7130506, 35.6977056 ] } },
{ "type": "Feature", "properties": { "osm_id": "2621323828", "highway": "traffic_signals" }, "geometry": { "type": "Point", "coordinates": [ 139.716819500000014, 35.6911768 ] } },
{ "type": "Feature", "properties": { "osm_id": "2708841953", "highway": "traffic_signals" }, "geometry": { "type": "Point", "coordinates": [ 139.702704800000021, 35.7226109 ] } },
{ "type": "Feature", "properties": { "osm_id": "2848912108", "highway": "traffic_signals" }, "geometry": { "type": "Point", "coordinates": [ 139.718757400000015, 35.7066644 ] } },
{ "type": "Feature", "properties": { "osm_id": "2857742941", "highway": "traffic_signals" }, "geometry": { "type": "Point", "coordinates": [ 139.7051644, 35.6896639 ] } },
{ "type": "Feature", "properties": { "osm_id": "2954694888", "highway": "traffic_signals" }, "geometry": { "type": "Point", "coordinates": [ 139.743107800000018, 35.7077266 ] } },
{ "type": "Feature", "properties": { "osm_id": "3546552494", "highway": "traffic_signals" }, "geometry": { "type": "Point", "coordinates": [ 139.71090190000001, 35.7136358 ] } },
{ "type": "Feature", "properties": { "osm_id": "3645609902", "highway": "traffic_signals" }, "geometry": { "type": "Point", "coordinates": [ 139.7197582, 35.6827628 ] } },
{ "type": "Feature", "properties": { "osm_id": "3775724997", "highway": "traffic_signals" }, "geometry": { "type": "Point", "coordinates": [ 139.74392850000001, 35.7048985 ] } },
{ "type": "Feature", "properties": { "osm_id": "3775724998", "highway": "traffic_signals" }, "geometry": { "type": "Point", "coordinates": [ 139.7438869, 35.7053565 ] } },
{ "type": "Feature", "properties": { "osm_id": "3775725007", "highway": "traffic_signals" }, "geometry": { "type": "Point", "coordinates": [ 139.743631600000015, 35.7050411 ] } },
{ "type": "Feature", "properties": { "osm_id": "3790158118", "highway": "traffic_signals" }, "geometry": { "type": "Point", "coordinates": [ 139.744803600000012, 35.7024878 ] } },
{ "type": "Feature", "properties": { "osm_id": "3790158141", "highway": "traffic_signals" }, "geometry": { "type": "Point", "coordinates": [ 139.744152900000017, 35.7026939 ] } },
{ "type": "Feature", "properties": { "osm_id": "3790158150", "highway": "traffic_signals" }, "geometry": { "type": "Point", "coordinates": [ 139.7442073, 35.702338 ] } },
{ "type": "Feature", "properties": { "osm_id": "3800364571", "highway": "traffic_signals" }, "geometry": { "type": "Point", "coordinates": [ 139.7077429, 35.6995139 ] } },
{ "type": "Feature", "properties": { "osm_id": "3800364586", "highway": "traffic_signals" }, "geometry": { "type": "Point", "coordinates": [ 139.7078636, 35.699499 ] } },
{ "type": "Feature", "properties": { "osm_id": "3817861008", "highway": "traffic_signals" }, "geometry": { "type": "Point", "coordinates": [ 139.6999409, 35.7124425 ] } },
{ "type": "Feature", "properties": { "osm_id": "3970068743", "highway": "traffic_signals" }, "geometry": { "type": "Point", "coordinates": [ 139.70342740000001, 35.693021 ] } },
{ "type": "Feature", "properties": { "osm_id": "4058182473", "highway": "traffic_signals" }, "geometry": { "type": "Point", "coordinates": [ 139.74111910000002, 35.7035125 ] } },
{ "type": "Feature", "properties": { "osm_id": "4074574690", "highway": "traffic_signals" }, "geometry": { "type": "Point", "coordinates": [ 139.7232404, 35.7106603 ] } },
{ "type": "Feature", "properties": { "osm_id": "4350874921", "highway": "traffic_signals" }, "geometry": { "type": "Point", "coordinates": [ 139.7447554, 35.7028612 ] } },
{ "type": "Feature", "properties": { "osm_id": "4555530704", "highway": "traffic_signals" }, "geometry": { "type": "Point", "coordinates": [ 139.7445319, 35.7027963 ] } },
{ "type": "Feature", "properties": { "osm_id": "4566599241", "highway": "traffic_signals" }, "geometry": { "type": "Point", "coordinates": [ 139.742681300000015, 35.7043217 ] } },
{ "type": "Feature", "properties": { "osm_id": "4566599242", "highway": "traffic_signals" }, "geometry": { "type": "Point", "coordinates": [ 139.742609400000021, 35.7044007 ] } },
{ "type": "Feature", "properties": { "osm_id": "4963579553", "highway": "traffic_signals" }, "geometry": { "type": "Point", "coordinates": [ 139.716695500000014, 35.701163 ] } },
{ "type": "Feature", "properties": { "osm_id": "4999004874", "highway": "traffic_signals" }, "geometry": { "type": "Point", "coordinates": [ 139.6892042, 35.6967838 ] } },
{ "type": "Feature", "properties": { "osm_id": "4999004875", "highway": "traffic_signals" }, "geometry": { "type": "Point", "coordinates": [ 139.6892329, 35.6966703 ] } },
{ "type": "Feature", "properties": { "osm_id": "5091969135", "highway": "traffic_signals" }, "geometry": { "type": "Point", "coordinates": [ 139.703234900000012, 35.7092235 ] } },
{ "type": "Feature", "properties": { "osm_id": "5326353756", "highway": "traffic_signals" }, "geometry": { "type": "Point", "coordinates": [ 139.700283, 35.6890915 ] } },
{ "type": "Feature", "properties": { "osm_id": "5326353757", "highway": "traffic_signals" }, "geometry": { "type": "Point", "coordinates": [ 139.7004882, 35.6890208 ] } },
{ "type": "Feature", "properties": { "osm_id": "5500579961", "highway": "traffic_signals" }, "geometry": { "type": "Point", "coordinates": [ 139.6928594, 35.6872047 ] } },
{ "type": "Feature", "properties": { "osm_id": "5923786363", "highway": "traffic_signals" }, "geometry": { "type": "Point", "coordinates": [ 139.70870530000002, 35.700891 ] } },
{ "type": "Feature", "properties": { "osm_id": "5923786364", "highway": "traffic_signals" }, "geometry": { "type": "Point", "coordinates": [ 139.709010800000016, 35.700832 ] } },
{ "type": "Feature", "properties": { "osm_id": "5923786365", "highway": "traffic_signals" }, "geometry": { "type": "Point", "coordinates": [ 139.7088565, 35.7009955 ] } },
{ "type": "Feature", "properties": { "osm_id": "5923786373", "highway": "traffic_signals" }, "geometry": { "type": "Point", "coordinates": [ 139.708272100000016, 35.7008646 ] } },
{ "type": "Feature", "properties": { "osm_id": "5923786374", "highway": "traffic_signals" }, "geometry": { "type": "Point", "coordinates": [ 139.707975300000015, 35.7007144 ] } },
{ "type": "Feature", "properties": { "osm_id": "5923786375", "highway": "traffic_signals" }, "geometry": { "type": "Point", "coordinates": [ 139.7077807, 35.700909 ] } },
{ "type": "Feature", "properties": { "osm_id": "5923786376", "highway": "traffic_signals" }, "geometry": { "type": "Point", "coordinates": [ 139.7081507, 35.7010546 ] } },
{ "type": "Feature", "properties": { "osm_id": "5980850849", "highway": "traffic_signals" }, "geometry": { "type": "Point", "coordinates": [ 139.7387244, 35.7027399 ] } },
{ "type": "Feature", "properties": { "osm_id": "6170418383", "highway": "traffic_signals" }, "geometry": { "type": "Point", "coordinates": [ 139.7032323, 35.701267 ] } },
{ "type": "Feature", "properties": { "osm_id": "6440946270", "highway": "traffic_signals" }, "geometry": { "type": "Point", "coordinates": [ 139.6993233, 35.6922413 ] } },
{ "type": "Feature", "properties": { "osm_id": "6470216520", "highway": "traffic_signals" }, "geometry": { "type": "Point", "coordinates": [ 139.7172989, 35.7029336 ] } },
{ "type": "Feature", "properties": { "osm_id": "6490292450", "highway": "traffic_signals" }, "geometry": { "type": "Point", "coordinates": [ 139.706457300000011, 35.708704 ] } },
{ "type": "Feature", "properties": { "osm_id": "6490292459", "highway": "traffic_signals" }, "geometry": { "type": "Point", "coordinates": [ 139.706428500000015, 35.7086345 ] } },
{ "type": "Feature", "properties": { "osm_id": "6491150354", "highway": "traffic_signals" }, "geometry": { "type": "Point", "coordinates": [ 139.6906691, 35.6843758 ] } },
{ "type": "Feature", "properties": { "osm_id": "6495134807", "highway": "traffic_signals" }, "geometry": { "type": "Point", "coordinates": [ 139.6884968, 35.6824387 ] } },
{ "type": "Feature", "properties": { "osm_id": "6495134808", "highway": "traffic_signals" }, "geometry": { "type": "Point", "coordinates": [ 139.6880439, 35.6827045 ] } },
{ "type": "Feature", "properties": { "osm_id": "6495134856", "highway": "traffic_signals" }, "geometry": { "type": "Point", "coordinates": [ 139.6877504, 35.682303 ] } },
{ "type": "Feature", "properties": { "osm_id": "6501421524", "highway": "traffic_signals" }, "geometry": { "type": "Point", "coordinates": [ 139.7228613, 35.688028 ] } },
{ "type": "Feature", "properties": { "osm_id": "6501421525", "highway": "traffic_signals" }, "geometry": { "type": "Point", "coordinates": [ 139.7229591, 35.6877125 ] } },
{ "type": "Feature", "properties": { "osm_id": "6501421526", "highway": "traffic_signals" }, "geometry": { "type": "Point", "coordinates": [ 139.7234694, 35.6877437 ] } },
{ "type": "Feature", "properties": { "osm_id": "6501421527", "highway": "traffic_signals" }, "geometry": { "type": "Point", "coordinates": [ 139.7233516, 35.6880979 ] } },
{ "type": "Feature", "properties": { "osm_id": "6501421529", "highway": "traffic_signals" }, "geometry": { "type": "Point", "coordinates": [ 139.723768700000022, 35.6889509 ] } },
{ "type": "Feature", "properties": { "osm_id": "6501421530", "highway": "traffic_signals" }, "geometry": { "type": "Point", "coordinates": [ 139.7239146, 35.6892353 ] } },
{ "type": "Feature", "properties": { "osm_id": "6501421531", "highway": "traffic_signals" }, "geometry": { "type": "Point", "coordinates": [ 139.7240047, 35.6890525 ] } },
{ "type": "Feature", "properties": { "osm_id": "6501421543", "highway": "traffic_signals" }, "geometry": { "type": "Point", "coordinates": [ 139.726200700000021, 35.6880815 ] } },
{ "type": "Feature", "properties": { "osm_id": "6592988190", "highway": "traffic_signals" }, "geometry": { "type": "Point", "coordinates": [ 139.6932213, 35.7147267 ] } },
{ "type": "Feature", "properties": { "osm_id": "7933069538", "highway": "traffic_signals" }, "geometry": { "type": "Point", "coordinates": [ 139.700814800000018, 35.7014338 ] } },
{ "type": "Feature", "properties": { "osm_id": "7933069550", "highway": "traffic_signals" }, "geometry": { "type": "Point", "coordinates": [ 139.700543400000015, 35.6996632 ] } },
{ "type": "Feature", "properties": { "osm_id": "7987251103", "highway": "traffic_signals" }, "geometry": { "type": "Point", "coordinates": [ 139.722209100000015, 35.6925427 ] } },
{ "type": "Feature", "properties": { "osm_id": "7987251104", "highway": "traffic_signals" }, "geometry": { "type": "Point", "coordinates": [ 139.722489600000017, 35.6926082 ] } },
{ "type": "Feature", "properties": { "osm_id": "7987251105", "highway": "traffic_signals" }, "geometry": { "type": "Point", "coordinates": [ 139.7221442, 35.6924233 ] } },
{ "type": "Feature", "properties": { "osm_id": "7987251106", "highway": "traffic_signals" }, "geometry": { "type": "Point", "coordinates": [ 139.722541400000011, 35.692351 ] } },
{ "type": "Feature", "properties": { "osm_id": "8244653617", "highway": "traffic_signals" }, "geometry": { "type": "Point", "coordinates": [ 139.696366400000016, 35.6920932 ] } },
{ "type": "Feature", "properties": { "osm_id": "8244653618", "highway": "traffic_signals" }, "geometry": { "type": "Point", "coordinates": [ 139.6966553, 35.6921742 ] } },
{ "type": "Feature", "properties": { "osm_id": "8244653619", "highway": "traffic_signals" }, "geometry": { "type": "Point", "coordinates": [ 139.696504800000014, 35.6917633 ] } },
{ "type": "Feature", "properties": { "osm_id": "8252333529", "highway": "traffic_signals" }, "geometry": { "type": "Point", "coordinates": [ 139.6972969, 35.6932264 ] } },
{ "type": "Feature", "properties": { "osm_id": "8252333531", "highway": "traffic_signals" }, "geometry": { "type": "Point", "coordinates": [ 139.697156300000017, 35.6930546 ] } },
{ "type": "Feature", "properties": { "osm_id": "8303217739", "highway": "traffic_signals" }, "geometry": { "type": "Point", "coordinates": [ 139.702172, 35.6893929 ] } },
{ "type": "Feature", "properties": { "osm_id": "8594202129", "highway": "traffic_signals" }, "geometry": { "type": "Point", "coordinates": [ 139.7065551, 35.6891668 ] } },
{ "type": "Feature", "properties": { "osm_id": "8594202132", "highway": "traffic_signals" }, "geometry": { "type": "Point", "coordinates": [ 139.7066134, 35.6894982 ] } },
{ "type": "Feature", "properties": { "osm_id": "8668485451", "highway": "traffic_signals" }, "geometry": { "type": "Point", "coordinates": [ 139.70336260000002, 35.7093481 ] } },
{ "type": "Feature", "properties": { "osm_id": "8738546597", "highway": "traffic_signals" }, "geometry": { "type": "Point", "coordinates": [ 139.72932320000001, 35.6843938 ] } },
{ "type": "Feature", "properties": { "osm_id": "8738546598", "highway": "traffic_signals" }, "geometry": { "type": "Point", "coordinates": [ 139.7294364, 35.6836924 ] } },
{ "type": "Feature", "properties": { "osm_id": "8908587547", "highway": "traffic_signals" }, "geometry": { "type": "Point", "coordinates": [ 139.695571700000016, 35.7091338 ] } },
{ "type": "Feature", "properties": { "osm_id": "8908676206", "highway": "traffic_signals" }, "geometry": { "type": "Point", "coordinates": [ 139.714264900000018, 35.6977967 ] } },
{ "type": "Feature", "properties": { "osm_id": "8908676207", "highway": "traffic_signals" }, "geometry": { "type": "Point", "coordinates": [ 139.715789700000016, 35.6983256 ] } },
{ "type": "Feature", "properties": { "osm_id": "9228817075", "highway": "traffic_signals" }, "geometry": { "type": "Point", "coordinates": [ 139.7156994, 35.695931 ] } },
{ "type": "Feature", "properties": { "osm_id": "9228817076", "highway": "traffic_signals" }, "geometry": { "type": "Point", "coordinates": [ 139.715784, 35.6958814 ] } },
{ "type": "Feature", "properties": { "osm_id": "9470366996", "highway": "traffic_signals" }, "geometry": { "type": "Point", "coordinates": [ 139.7132617, 35.6898213 ] } },
{ "type": "Feature", "properties": { "osm_id": "9603332297", "highway": "traffic_signals" }, "geometry": { "type": "Point", "coordinates": [ 139.7253599, 35.6965056 ] } },
{ "type": "Feature", "properties": { "osm_id": "9603359591", "highway": "traffic_signals" }, "geometry": { "type": "Point", "coordinates": [ 139.726207400000021, 35.6994046 ] } },
{ "type": "Feature", "properties": { "osm_id": "9605851370", "highway": "traffic_signals" }, "geometry": { "type": "Point", "coordinates": [ 139.699963700000012, 35.7092654 ] } },
{ "type": "Feature", "properties": { "osm_id": "9605851371", "highway": "traffic_signals" }, "geometry": { "type": "Point", "coordinates": [ 139.7000276, 35.7091658 ] } },
{ "type": "Feature", "properties": { "osm_id": "9605852508", "highway": "traffic_signals" }, "geometry": { "type": "Point", "coordinates": [ 139.713741, 35.7077371 ] } },
{ "type": "Feature", "properties": { "osm_id": "9605882523", "highway": "traffic_signals" }, "geometry": { "type": "Point", "coordinates": [ 139.710915300000011, 35.7082898 ] } },
{ "type": "Feature", "properties": { "osm_id": "9607704068", "highway": "traffic_signals" }, "geometry": { "type": "Point", "coordinates": [ 139.716413500000016, 35.6975872 ] } },
{ "type": "Feature", "properties": { "osm_id": "9607704069", "highway": "traffic_signals" }, "geometry": { "type": "Point", "coordinates": [ 139.716507800000016, 35.6975595 ] } },
{ "type": "Feature", "properties": { "osm_id": "9607777889", "highway": "traffic_signals" }, "geometry": { "type": "Point", "coordinates": [ 139.72674, 35.7039681 ] } },
{ "type": "Feature", "properties": { "osm_id": "9607813165", "highway": "traffic_signals" }, "geometry": { "type": "Point", "coordinates": [ 139.69478860000001, 35.7185508 ] } },
{ "type": "Feature", "properties": { "osm_id": "9607813167", "highway": "traffic_signals" }, "geometry": { "type": "Point", "coordinates": [ 139.6945546, 35.720633 ] } },
{ "type": "Feature", "properties": { "osm_id": "9737161866", "highway": "traffic_signals" }, "geometry": { "type": "Point", "coordinates": [ 139.7198328, 35.6976443 ] } },
{ "type": "Feature", "properties": { "osm_id": "9764704032", "highway": "traffic_signals" }, "geometry": { "type": "Point", "coordinates": [ 139.729652900000019, 35.6861619 ] } },
{ "type": "Feature", "properties": { "osm_id": "9764704033", "highway": "traffic_signals" }, "geometry": { "type": "Point", "coordinates": [ 139.729784, 35.6857489 ] } },
{ "type": "Feature", "properties": { "osm_id": "9764704034", "highway": "traffic_signals" }, "geometry": { "type": "Point", "coordinates": [ 139.7293239, 35.6856011 ] } },
{ "type": "Feature", "properties": { "osm_id": "9764704035", "highway": "traffic_signals" }, "geometry": { "type": "Point", "coordinates": [ 139.729167600000011, 35.6860223 ] } },
{ "type": "Feature", "properties": { "osm_id": "9771146711", "highway": "traffic_signals" }, "geometry": { "type": "Point", "coordinates": [ 139.715714500000018, 35.6958449 ] } },
{ "type": "Feature", "properties": { "osm_id": "9772734271", "highway": "traffic_signals" }, "geometry": { "type": "Point", "coordinates": [ 139.7197964, 35.7060657 ] } },
{ "type": "Feature", "properties": { "osm_id": "9772734272", "highway": "traffic_signals" }, "geometry": { "type": "Point", "coordinates": [ 139.720075300000019, 35.7061758 ] } },
{ "type": "Feature", "properties": { "osm_id": "9772734273", "highway": "traffic_signals" }, "geometry": { "type": "Point", "coordinates": [ 139.720442500000019, 35.7058482 ] } },
{ "type": "Feature", "properties": { "osm_id": "9772734274", "highway": "traffic_signals" }, "geometry": { "type": "Point", "coordinates": [ 139.720229900000021, 35.7057149 ] } },
{ "type": "Feature", "properties": { "osm_id": "9905811215", "highway": "traffic_signals" }, "geometry": { "type": "Point", "coordinates": [ 139.6871399, 35.6963144 ] } },
{ "type": "Feature", "properties": { "osm_id": "9905815518", "highway": "traffic_signals" }, "geometry": { "type": "Point", "coordinates": [ 139.687219100000021, 35.6964834 ] } },
{ "type": "Feature", "properties": { "osm_id": "9905815520", "highway": "traffic_signals" }, "geometry": { "type": "Point", "coordinates": [ 139.687561500000015, 35.696366 ] } },
{ "type": "Feature", "properties": { "osm_id": "9905815525", "highway": "traffic_signals" }, "geometry": { "type": "Point", "coordinates": [ 139.687544300000013, 35.6960394 ] } },
{ "type": "Feature", "properties": { "osm_id": "9905815560", "highway": "traffic_signals" }, "geometry": { "type": "Point", "coordinates": [ 139.694237500000014, 35.6974439 ] } },
{ "type": "Feature", "properties": { "osm_id": "9905815561", "highway": "traffic_signals" }, "geometry": { "type": "Point", "coordinates": [ 139.694406500000014, 35.6973743 ] } },
{ "type": "Feature", "properties": { "osm_id": "9905815577", "highway": "traffic_signals" }, "geometry": { "type": "Point", "coordinates": [ 139.6950936, 35.6975922 ] } },
{ "type": "Feature", "properties": { "osm_id": "9905815578", "highway": "traffic_signals" }, "geometry": { "type": "Point", "coordinates": [ 139.695366300000018, 35.697541 ] } },
{ "type": "Feature", "properties": { "osm_id": "9934063555", "highway": "traffic_signals" }, "geometry": { "type": "Point", "coordinates": [ 139.7271316, 35.7097327 ] } },
{ "type": "Feature", "properties": { "osm_id": "9993884230", "highway": "traffic_signals" }, "geometry": { "type": "Point", "coordinates": [ 139.7256959, 35.6974945 ] } },
{ "type": "Feature", "properties": { "osm_id": "9993884235", "highway": "traffic_signals" }, "geometry": { "type": "Point", "coordinates": [ 139.7258822, 35.6981747 ] } },
{ "type": "Feature", "properties": { "osm_id": "10036669671", "highway": "traffic_signals" }, "geometry": { "type": "Point", "coordinates": [ 139.700571, 35.716423 ] } },
{ "type": "Feature", "properties": { "osm_id": "10074080376", "highway": "traffic_signals" }, "geometry": { "type": "Point", "coordinates": [ 139.694755, 35.6938569 ] } },
{ "type": "Feature", "properties": { "osm_id": "10074080377", "highway": "traffic_signals" }, "geometry": { "type": "Point", "coordinates": [ 139.6952866, 35.6936255 ] } },
{ "type": "Feature", "properties": { "osm_id": "10074080378", "highway": "traffic_signals" }, "geometry": { "type": "Point", "coordinates": [ 139.6950366, 35.6939381 ] } },
{ "type": "Feature", "properties": { "osm_id": "10074080379", "highway": "traffic_signals" }, "geometry": { "type": "Point", "coordinates": [ 139.694886600000018, 35.6935613 ] } },
{ "type": "Feature", "properties": { "osm_id": "10106695410", "highway": "traffic_signals" }, "geometry": { "type": "Point", "coordinates": [ 139.7355254, 35.6924136 ] } },
{ "type": "Feature", "properties": { "osm_id": "10106695411", "highway": "traffic_signals" }, "geometry": { "type": "Point", "coordinates": [ 139.734837700000014, 35.6920427 ] } },
{ "type": "Feature", "properties": { "osm_id": "10106695412", "highway": "traffic_signals" }, "geometry": { "type": "Point", "coordinates": [ 139.7353057, 35.6919151 ] } },
{ "type": "Feature", "properties": { "osm_id": "10106695413", "highway": "traffic_signals" }, "geometry": { "type": "Point", "coordinates": [ 139.7354957, 35.6925316 ] } },
{ "type": "Feature", "properties": { "osm_id": "10216984422", "highway": "traffic_signals" }, "geometry": { "type": "Point", "coordinates": [ 139.7177048, 35.6877853 ] } },
{ "type": "Feature", "properties": { "osm_id": "10216984423", "highway": "traffic_signals" }, "geometry": { "type": "Point", "coordinates": [ 139.7181052, 35.6876752 ] } },
{ "type": "Feature", "properties": { "osm_id": "10250918547", "highway": "traffic_signals" }, "geometry": { "type": "Point", "coordinates": [ 139.706116300000019, 35.6891246 ] } },
{ "type": "Feature", "properties": { "osm_id": "10251046685", "highway": "traffic_signals" }, "geometry": { "type": "Point", "coordinates": [ 139.7069253, 35.6936027 ] } },
{ "type": "Feature", "properties": { "osm_id": "10273792624", "highway": "traffic_signals" }, "geometry": { "type": "Point", "coordinates": [ 139.7029982, 35.6880289 ] } },
{ "type": "Feature", "properties": { "osm_id": "10537281258", "highway": "traffic_signals" }, "geometry": { "type": "Point", "coordinates": [ 139.704397700000015, 35.6900952 ] } },
{ "type": "Feature", "properties": { "osm_id": "10537281259", "highway": "traffic_signals" }, "geometry": { "type": "Point", "coordinates": [ 139.704399100000018, 35.6897333 ] } },
{ "type": "Feature", "properties": { "osm_id": "10537281260", "highway": "traffic_signals" }, "geometry": { "type": "Point", "coordinates": [ 139.70393660000002, 35.6895455 ] } },
{ "type": "Feature", "properties": { "osm_id": "10605411005", "highway": "traffic_signals" }, "geometry": { "type": "Point", "coordinates": [ 139.734144, 35.6916981 ] } },
{ "type": "Feature", "properties": { "osm_id": "10605411006", "highway": "traffic_signals" }, "geometry": { "type": "Point", "coordinates": [ 139.7334846, 35.6916425 ] } },
{ "type": "Feature", "properties": { "osm_id": "10605411007", "highway": "traffic_signals" }, "geometry": { "type": "Point", "coordinates": [ 139.7337287, 35.6913746 ] } },
{ "type": "Feature", "properties": { "osm_id": "10605411011", "highway": "traffic_signals" }, "geometry": { "type": "Point", "coordinates": [ 139.7339498, 35.6914442 ] } },
{ "type": "Feature", "properties": { "osm_id": "10605411012", "highway": "traffic_signals" }, "geometry": { "type": "Point", "coordinates": [ 139.730741500000022, 35.6910255 ] } },
{ "type": "Feature", "properties": { "osm_id": "10605411013", "highway": "traffic_signals" }, "geometry": { "type": "Point", "coordinates": [ 139.73027780000001, 35.691117 ] } },
{ "type": "Feature", "properties": { "osm_id": "10605411014", "highway": "traffic_signals" }, "geometry": { "type": "Point", "coordinates": [ 139.7305212, 35.6908507 ] } },
{ "type": "Feature", "properties": { "osm_id": "10605411015", "highway": "traffic_signals" }, "geometry": { "type": "Point", "coordinates": [ 139.725674200000014, 35.6921207 ] } },
{ "type": "Feature", "properties": { "osm_id": "10605411016", "highway": "traffic_signals" }, "geometry": { "type": "Point", "coordinates": [ 139.7253925, 35.6919172 ] } },
{ "type": "Feature", "properties": { "osm_id": "10605411017", "highway": "traffic_signals" }, "geometry": { "type": "Point", "coordinates": [ 139.7251187, 35.6924274 ] } },
{ "type": "Feature", "properties": { "osm_id": "10605417926", "highway": "traffic_signals" }, "geometry": { "type": "Point", "coordinates": [ 139.7164693, 35.6914717 ] } },
{ "type": "Feature", "properties": { "osm_id": "10605417927", "highway": "traffic_signals" }, "geometry": { "type": "Point", "coordinates": [ 139.7164275, 35.6913111 ] } },
{ "type": "Feature", "properties": { "osm_id": "10605417928", "highway": "traffic_signals" }, "geometry": { "type": "Point", "coordinates": [ 139.7165881, 35.6910804 ] } },
{ "type": "Feature", "properties": { "osm_id": "10605430180", "highway": "traffic_signals" }, "geometry": { "type": "Point", "coordinates": [ 139.725040400000012, 35.6922587 ] } },
{ "type": "Feature", "properties": { "osm_id": "10605447496", "highway": "traffic_signals" }, "geometry": { "type": "Point", "coordinates": [ 139.708818800000017, 35.6917863 ] } },
{ "type": "Feature", "properties": { "osm_id": "10605447497", "highway": "traffic_signals" }, "geometry": { "type": "Point", "coordinates": [ 139.7090839, 35.6916515 ] } },
{ "type": "Feature", "properties": { "osm_id": "10605447503", "highway": "traffic_signals" }, "geometry": { "type": "Point", "coordinates": [ 139.710112900000013, 35.6912623 ] } },
{ "type": "Feature", "properties": { "osm_id": "10605447504", "highway": "traffic_signals" }, "geometry": { "type": "Point", "coordinates": [ 139.7099432, 35.6916502 ] } },
{ "type": "Feature", "properties": { "osm_id": "10605462454", "highway": "traffic_signals" }, "geometry": { "type": "Point", "coordinates": [ 139.7145898, 35.6915012 ] } },
{ "type": "Feature", "properties": { "osm_id": "10605462455", "highway": "traffic_signals" }, "geometry": { "type": "Point", "coordinates": [ 139.7147014, 35.6910957 ] } },
{ "type": "Feature", "properties": { "osm_id": "10605462456", "highway": "traffic_signals" }, "geometry": { "type": "Point", "coordinates": [ 139.714323900000011, 35.6913088 ] } },
{ "type": "Feature", "properties": { "osm_id": "10605462457", "highway": "traffic_signals" }, "geometry": { "type": "Point", "coordinates": [ 139.714881600000012, 35.6913403 ] } },
{ "type": "Feature", "properties": { "osm_id": "10605469622", "highway": "traffic_signals" }, "geometry": { "type": "Point", "coordinates": [ 139.72136260000002, 35.692484 ] } },
{ "type": "Feature", "properties": { "osm_id": "10605469623", "highway": "traffic_signals" }, "geometry": { "type": "Point", "coordinates": [ 139.72113520000002, 35.6922688 ] } },
{ "type": "Feature", "properties": { "osm_id": "10605469624", "highway": "traffic_signals" }, "geometry": { "type": "Point", "coordinates": [ 139.721629900000011, 35.6923131 ] } },
{ "type": "Feature", "properties": { "osm_id": "10605469625", "highway": "traffic_signals" }, "geometry": { "type": "Point", "coordinates": [ 139.7243144, 35.6928221 ] } },
{ "type": "Feature", "properties": { "osm_id": "10605469626", "highway": "traffic_signals" }, "geometry": { "type": "Point", "coordinates": [ 139.72372630000001, 35.6928691 ] } },
{ "type": "Feature", "properties": { "osm_id": "10605469631", "highway": "traffic_signals" }, "geometry": { "type": "Point", "coordinates": [ 139.7189175, 35.6917025 ] } },
{ "type": "Feature", "properties": { "osm_id": "10605469632", "highway": "traffic_signals" }, "geometry": { "type": "Point", "coordinates": [ 139.7192531, 35.6917007 ] } },
{ "type": "Feature", "properties": { "osm_id": "10605474991", "highway": "traffic_signals" }, "geometry": { "type": "Point", "coordinates": [ 139.7122387, 35.6913817 ] } },
{ "type": "Feature", "properties": { "osm_id": "10605474992", "highway": "traffic_signals" }, "geometry": { "type": "Point", "coordinates": [ 139.7126723, 35.691236 ] } },
{ "type": "Feature", "properties": { "osm_id": "10605479601", "highway": "traffic_signals" }, "geometry": { "type": "Point", "coordinates": [ 139.706978, 35.6918029 ] } },
{ "type": "Feature", "properties": { "osm_id": "10605479602", "highway": "traffic_signals" }, "geometry": { "type": "Point", "coordinates": [ 139.7066212, 35.6922892 ] } },
{ "type": "Feature", "properties": { "osm_id": "10605479603", "highway": "traffic_signals" }, "geometry": { "type": "Point", "coordinates": [ 139.707349600000015, 35.6919616 ] } },
{ "type": "Feature", "properties": { "osm_id": "10605479604", "highway": "traffic_signals" }, "geometry": { "type": "Point", "coordinates": [ 139.707069100000012, 35.6923334 ] } },
{ "type": "Feature", "properties": { "osm_id": "10605487405", "highway": "traffic_signals" }, "geometry": { "type": "Point", "coordinates": [ 139.710341200000016, 35.6915143 ] } },
{ "type": "Feature", "properties": { "osm_id": "10605511486", "highway": "traffic_signals" }, "geometry": { "type": "Point", "coordinates": [ 139.6991638, 35.6933654 ] } },
{ "type": "Feature", "properties": { "osm_id": "10605511487", "highway": "traffic_signals" }, "geometry": { "type": "Point", "coordinates": [ 139.6995048, 35.693513 ] } },
{ "type": "Feature", "properties": { "osm_id": "10605511488", "highway": "traffic_signals" }, "geometry": { "type": "Point", "coordinates": [ 139.699515900000023, 35.693591 ] } },
{ "type": "Feature", "properties": { "osm_id": "10605511489", "highway": "traffic_signals" }, "geometry": { "type": "Point", "coordinates": [ 139.6988581, 35.693683 ] } },
{ "type": "Feature", "properties": { "osm_id": "10605511490", "highway": "traffic_signals" }, "geometry": { "type": "Point", "coordinates": [ 139.6990398, 35.6938773 ] } },
{ "type": "Feature", "properties": { "osm_id": "10605511491", "highway": "traffic_signals" }, "geometry": { "type": "Point", "coordinates": [ 139.700524800000011, 35.6941054 ] } },
{ "type": "Feature", "properties": { "osm_id": "10605590952", "highway": "traffic_signals" }, "geometry": { "type": "Point", "coordinates": [ 139.698141600000014, 35.6923736 ] } },
{ "type": "Feature", "properties": { "osm_id": "10605594253", "highway": "traffic_signals" }, "geometry": { "type": "Point", "coordinates": [ 139.698771100000016, 35.6900935 ] } },
{ "type": "Feature", "properties": { "osm_id": "10605594254", "highway": "traffic_signals" }, "geometry": { "type": "Point", "coordinates": [ 139.698658, 35.6899413 ] } },
{ "type": "Feature", "properties": { "osm_id": "10605594255", "highway": "traffic_signals" }, "geometry": { "type": "Point", "coordinates": [ 139.698116200000015, 35.6911235 ] } },
{ "type": "Feature", "properties": { "osm_id": "10605594256", "highway": "traffic_signals" }, "geometry": { "type": "Point", "coordinates": [ 139.6979719, 35.6912629 ] } },
{ "type": "Feature", "properties": { "osm_id": "10605594257", "highway": "traffic_signals" }, "geometry": { "type": "Point", "coordinates": [ 139.696372, 35.6913614 ] } },
{ "type": "Feature", "properties": { "osm_id": "10605594258", "highway": "traffic_signals" }, "geometry": { "type": "Point", "coordinates": [ 139.696030400000012, 35.691136 ] } },
{ "type": "Feature", "properties": { "osm_id": "10605594259", "highway": "traffic_signals" }, "geometry": { "type": "Point", "coordinates": [ 139.6963225, 35.6908216 ] } },
{ "type": "Feature", "properties": { "osm_id": "10605594260", "highway": "traffic_signals" }, "geometry": { "type": "Point", "coordinates": [ 139.696706300000017, 35.6910537 ] } },
{ "type": "Feature", "properties": { "osm_id": "10605608266", "highway": "traffic_signals" }, "geometry": { "type": "Point", "coordinates": [ 139.698699, 35.6885573 ] } },
{ "type": "Feature", "properties": { "osm_id": "10605608267", "highway": "traffic_signals" }, "geometry": { "type": "Point", "coordinates": [ 139.6992969, 35.6886648 ] } },
{ "type": "Feature", "properties": { "osm_id": "10605608280", "highway": "traffic_signals" }, "geometry": { "type": "Point", "coordinates": [ 139.701767600000011, 35.6893917 ] } },
{ "type": "Feature", "properties": { "osm_id": "10605620519", "highway": "traffic_signals" }, "geometry": { "type": "Point", "coordinates": [ 139.7159076, 35.687793 ] } },
{ "type": "Feature", "properties": { "osm_id": "10605620520", "highway": "traffic_signals" }, "geometry": { "type": "Point", "coordinates": [ 139.7159545, 35.6872479 ] } },
{ "type": "Feature", "properties": { "osm_id": "10605620521", "highway": "traffic_signals" }, "geometry": { "type": "Point", "coordinates": [ 139.716187, 35.687474 ] } },
{ "type": "Feature", "properties": { "osm_id": "10605620522", "highway": "traffic_signals" }, "geometry": { "type": "Point", "coordinates": [ 139.710138, 35.6887158 ] } },
{ "type": "Feature", "properties": { "osm_id": "10605620523", "highway": "traffic_signals" }, "geometry": { "type": "Point", "coordinates": [ 139.70992080000002, 35.6885649 ] } },
{ "type": "Feature", "properties": { "osm_id": "10605620524", "highway": "traffic_signals" }, "geometry": { "type": "Point", "coordinates": [ 139.709940100000011, 35.6889509 ] } },
{ "type": "Feature", "properties": { "osm_id": "10605620525", "highway": "traffic_signals" }, "geometry": { "type": "Point", "coordinates": [ 139.7097114, 35.6888071 ] } },
{ "type": "Feature", "properties": { "osm_id": "10605620526", "highway": "traffic_signals" }, "geometry": { "type": "Point", "coordinates": [ 139.7075816, 35.6894785 ] } },
{ "type": "Feature", "properties": { "osm_id": "10605620527", "highway": "traffic_signals" }, "geometry": { "type": "Point", "coordinates": [ 139.7075151, 35.689666 ] } },
{ "type": "Feature", "properties": { "osm_id": "10605620528", "highway": "traffic_signals" }, "geometry": { "type": "Point", "coordinates": [ 139.7078052, 35.6895292 ] } },
{ "type": "Feature", "properties": { "osm_id": "10605620529", "highway": "traffic_signals" }, "geometry": { "type": "Point", "coordinates": [ 139.707041700000019, 35.6898809 ] } },
{ "type": "Feature", "properties": { "osm_id": "10605620530", "highway": "traffic_signals" }, "geometry": { "type": "Point", "coordinates": [ 139.7066035, 35.6898204 ] } },
{ "type": "Feature", "properties": { "osm_id": "10605620531", "highway": "traffic_signals" }, "geometry": { "type": "Point", "coordinates": [ 139.70691260000001, 35.6901666 ] } },
{ "type": "Feature", "properties": { "osm_id": "10605620532", "highway": "traffic_signals" }, "geometry": { "type": "Point", "coordinates": [ 139.706497500000012, 35.6901242 ] } },
{ "type": "Feature", "properties": { "osm_id": "10769056762", "highway": "traffic_signals" }, "geometry": { "type": "Point", "coordinates": [ 139.7077303, 35.6897088 ] } },
{ "type": "Feature", "properties": { "osm_id": "11006985241", "highway": "traffic_signals" }, "geometry": { "type": "Point", "coordinates": [ 139.700259400000022, 35.6981166 ] } },
{ "type": "Feature", "properties": { "osm_id": "11006985242", "highway": "traffic_signals" }, "geometry": { "type": "Point", "coordinates": [ 139.700386900000012, 35.6983228 ] } },
{ "type": "Feature", "properties": { "osm_id": "11006985244", "highway": "traffic_signals" }, "geometry": { "type": "Point", "coordinates": [ 139.7003828, 35.6978556 ] } },
{ "type": "Feature", "properties": { "osm_id": "11049569002", "highway": "traffic_signals" }, "geometry": { "type": "Point", "coordinates": [ 139.700282, 35.6950076 ] } },
{ "type": "Feature", "properties": { "osm_id": "11049569003", "highway": "traffic_signals" }, "geometry": { "type": "Point", "coordinates": [ 139.7003516, 35.6947472 ] } },
{ "type": "Feature", "properties": { "osm_id": "11061280301", "highway": "traffic_signals" }, "geometry": { "type": "Point", "coordinates": [ 139.7144299, 35.6896414 ] } },
{ "type": "Feature", "properties": { "osm_id": "11061280302", "highway": "traffic_signals" }, "geometry": { "type": "Point", "coordinates": [ 139.714589400000023, 35.6897538 ] } },
{ "type": "Feature", "properties": { "osm_id": "11061280303", "highway": "traffic_signals" }, "geometry": { "type": "Point", "coordinates": [ 139.714739300000019, 35.6896449 ] } },
{ "type": "Feature", "properties": { "osm_id": "11258119898", "highway": "traffic_signals" }, "geometry": { "type": "Point", "coordinates": [ 139.702542500000021, 35.6919156 ] } },
{ "type": "Feature", "properties": { "osm_id": "11261202709", "highway": "traffic_signals" }, "geometry": { "type": "Point", "coordinates": [ 139.7032652, 35.6930664 ] } },
{ "type": "Feature", "properties": { "osm_id": "11363227366", "highway": "traffic_signals" }, "geometry": { "type": "Point", "coordinates": [ 139.700009, 35.709196 ] } },
{ "type": "Feature", "properties": { "osm_id": "11878615214", "highway": "traffic_signals" }, "geometry": { "type": "Point", "coordinates": [ 139.73083410000001, 35.7044433 ] } },
{ "type": "Feature", "properties": { "osm_id": "11878615216", "highway": "traffic_signals" }, "geometry": { "type": "Point", "coordinates": [ 139.7330575, 35.703951 ] } },
{ "type": "Feature", "properties": { "osm_id": "11878615218", "highway": "traffic_signals" }, "geometry": { "type": "Point", "coordinates": [ 139.733289500000012, 35.7040737 ] } },
{ "type": "Feature", "properties": { "osm_id": "12000709888", "highway": "traffic_signals" }, "geometry": { "type": "Point", "coordinates": [ 139.732740800000016, 35.7024113 ] } },
{ "type": "Feature", "properties": { "osm_id": "12000709889", "highway": "traffic_signals" }, "geometry": { "type": "Point", "coordinates": [ 139.732729, 35.7021873 ] } },
{ "type": "Feature", "properties": { "osm_id": "12000709891", "highway": "traffic_signals" }, "geometry": { "type": "Point", "coordinates": [ 139.732957200000016, 35.7006683 ] } },
{ "type": "Feature", "properties": { "osm_id": "12000709892", "highway": "traffic_signals" }, "geometry": { "type": "Point", "coordinates": [ 139.73286920000001, 35.7005595 ] } },
{ "type": "Feature", "properties": { "osm_id": "12000709893", "highway": "traffic_signals" }, "geometry": { "type": "Point", "coordinates": [ 139.732786200000021, 35.7006078 ] } },
{ "type": "Feature", "properties": { "osm_id": "12000709894", "highway": "traffic_signals" }, "geometry": { "type": "Point", "coordinates": [ 139.732830700000022, 35.7007643 ] } },
{ "type": "Feature", "properties": { "osm_id": "12644659407", "highway": "traffic_signals" }, "geometry": { "type": "Point", "coordinates": [ 139.723935900000015, 35.692751 ] } },
{ "type": "Feature", "properties": { "osm_id": "12644659431", "highway": "traffic_signals" }, "geometry": { "type": "Point", "coordinates": [ 139.7266363, 35.7021111 ] } },
{ "type": "Feature", "properties": { "osm_id": "12645336983", "highway": "traffic_signals" }, "geometry": { "type": "Point", "coordinates": [ 139.681445100000019, 35.722577 ] } },
{ "type": "Feature", "properties": { "osm_id": "12669269572", "highway": "traffic_signals" }, "geometry": { "type": "Point", "coordinates": [ 139.715966, 35.6833323 ] } },
{ "type": "Feature", "properties": { "osm_id": "12669269581", "highway": "traffic_signals" }, "geometry": { "type": "Point", "coordinates": [ 139.715209900000019, 35.6821857 ] } },
{ "type": "Feature", "properties": { "osm_id": "12669269583", "highway": "traffic_signals" }, "geometry": { "type": "Point", "coordinates": [ 139.714261500000021, 35.6815251 ] } },
{ "type": "Feature", "properties": { "osm_id": "12842609880", "highway": "traffic_signals" }, "geometry": { "type": "Point", "coordinates": [ 139.690157200000016, 35.6953358 ] } },
{ "type": "Feature", "properties": { "osm_id": "12842609881", "highway": "traffic_signals" }, "geometry": { "type": "Point", "coordinates": [ 139.6903227, 35.695 ] } },
{ "type": "Feature", "properties": { "osm_id": "12842609882", "highway": "traffic_signals" }, "geometry": { "type": "Point", "coordinates": [ 139.6907338, 35.695047 ] } },
{ "type": "Feature", "properties": { "osm_id": "12953195363", "highway": "traffic_signals" }, "geometry": { "type": "Point", "coordinates": [ 139.735727700000012, 35.6924593 ] } },
{ "type": "Feature", "properties": { "osm_id": "12958794219", "highway": "traffic_signals" }, "geometry": { "type": "Point", "coordinates": [ 139.7191334, 35.6802609 ] } },
{ "type": "Feature", "properties": { "osm_id": "12958794220", "highway": "traffic_signals" }, "geometry": { "type": "Point", "coordinates": [ 139.7193072, 35.680225 ] } },
{ "type": "Feature", "properties": { "osm_id": "12958794221", "highway": "traffic_signals" }, "geometry": { "type": "Point", "coordinates": [ 139.7189323, 35.6804422 ] } },
{ "type": "Feature", "properties": { "osm_id": "12958794223", "highway": "traffic_signals" }, "geometry": { "type": "Point", "coordinates": [ 139.719375, 35.6806522 ] } },
{ "type": "Feature", "properties": { "osm_id": "12958794224", "highway": "traffic_signals" }, "geometry": { "type": "Point", "coordinates": [ 139.720077800000013, 35.6789799 ] } },
{ "type": "Feature", "properties": { "osm_id": "12996573082", "highway": "traffic_signals" }, "geometry": { "type": "Point", "coordinates": [ 139.7002832, 35.7125902 ] } },
{ "type": "Feature", "properties": { "osm_id": "12996573083", "highway": "traffic_signals" }, "geometry": { "type": "Point", "coordinates": [ 139.70002310000001, 35.7125773 ] } },
{ "type": "Feature", "properties": { "osm_id": "12996612002", "highway": "traffic_signals" }, "geometry": { "type": "Point", "coordinates": [ 139.700446700000015, 35.7163443 ] } },
{ "type": "Feature", "properties": { "osm_id": "12996612003", "highway": "traffic_signals" }, "geometry": { "type": "Point", "coordinates": [ 139.7002368, 35.7164992 ] } },
{ "type": "Feature", "properties": { "osm_id": "12996612007", "highway": "traffic_signals" }, "geometry": { "type": "Point", "coordinates": [ 139.702772900000014, 35.7162757 ] } },
{ "type": "Feature", "properties": { "osm_id": "12997540647", "highway": "traffic_signals" }, "geometry": { "type": "Point", "coordinates": [ 139.692491600000011, 35.7144208 ] } },
{ "type": "Feature", "properties": { "osm_id": "12997540648", "highway": "traffic_signals" }, "geometry": { "type": "Point", "coordinates": [ 139.6921041, 35.7142604 ] } },
{ "type": "Feature", "properties": { "osm_id": "12997540649", "highway": "traffic_signals" }, "geometry": { "type": "Point", "coordinates": [ 139.69227170000002, 35.714145 ] } },
{ "type": "Feature", "properties": { "osm_id": "13030744623", "highway": "traffic_signals" }, "geometry": { "type": "Point", "coordinates": [ 139.720276400000017, 35.6876891 ] } },
{ "type": "Feature", "properties": { "osm_id": "13030744624", "highway": "traffic_signals" }, "geometry": { "type": "Point", "coordinates": [ 139.720082600000012, 35.6879967 ] } },
{ "type": "Feature", "properties": { "osm_id": "13030744625", "highway": "traffic_signals" }, "geometry": { "type": "Point", "coordinates": [ 139.7206213, 35.6879101 ] } },
{ "type": "Feature", "properties": { "osm_id": "13030744626", "highway": "traffic_signals" }, "geometry": { "type": "Point", "coordinates": [ 139.7204183, 35.6882273 ] } },
{ "type": "Feature", "properties": { "osm_id": "13030750956", "highway": "traffic_signals" }, "geometry": { "type": "Point", "coordinates": [ 139.7259563, 35.6870213 ] } },
{ "type": "Feature", "properties": { "osm_id": "13030750957", "highway": "traffic_signals" }, "geometry": { "type": "Point", "coordinates": [ 139.7257803, 35.6872258 ] } },
{ "type": "Feature", "properties": { "osm_id": "13030751464", "highway": "traffic_signals" }, "geometry": { "type": "Point", "coordinates": [ 139.725115400000021, 35.6873159 ] } },
{ "type": "Feature", "properties": { "osm_id": "13030751465", "highway": "traffic_signals" }, "geometry": { "type": "Point", "coordinates": [ 139.72480920000001, 35.6875571 ] } },
{ "type": "Feature", "properties": { "osm_id": "13030751466", "highway": "traffic_signals" }, "geometry": { "type": "Point", "coordinates": [ 139.7248496, 35.687264 ] } },
{ "type": "Feature", "properties": { "osm_id": "13030762006", "highway": "traffic_signals" }, "geometry": { "type": "Point", "coordinates": [ 139.727385100000021, 35.6866206 ] } },
{ "type": "Feature", "properties": { "osm_id": "13030762007", "highway": "traffic_signals" }, "geometry": { "type": "Point", "coordinates": [ 139.7277277, 35.6863693 ] } },
{ "type": "Feature", "properties": { "osm_id": "13030762008", "highway": "traffic_signals" }, "geometry": { "type": "Point", "coordinates": [ 139.727661500000011, 35.686715 ] } },
{ "type": "Feature", "properties": { "osm_id": "13043289547", "highway": "traffic_signals" }, "geometry": { "type": "Point", "coordinates": [ 139.715041400000018, 35.6805843 ] } },
{ "type": "Feature", "properties": { "osm_id": "13083831515", "highway": "traffic_signals" }, "geometry": { "type": "Point", "coordinates": [ 139.692405400000013, 35.6851285 ] } },
{ "type": "Feature", "properties": { "osm_id": "13083831516", "highway": "traffic_signals" }, "geometry": { "type": "Point", "coordinates": [ 139.6920652, 35.6852783 ] } },
{ "type": "Feature", "properties": { "osm_id": "13091841093", "highway": "traffic_signals" }, "geometry": { "type": "Point", "coordinates": [ 139.7072259, 35.6980261 ] } },
{ "type": "Feature", "properties": { "osm_id": "13091841094", "highway": "traffic_signals" }, "geometry": { "type": "Point", "coordinates": [ 139.7076026, 35.6981513 ] } },
{ "type": "Feature", "properties": { "osm_id": "13091841095", "highway": "traffic_signals" }, "geometry": { "type": "Point", "coordinates": [ 139.707408900000019, 35.6977506 ] } },
{ "type": "Feature", "properties": { "osm_id": "13174672837", "highway": "traffic_signals" }, "geometry": { "type": "Point", "coordinates": [ 139.6981637, 35.6921815 ] } },
{ "type": "Feature", "properties": { "osm_id": "13179698738", "highway": "traffic_signals" }, "geometry": { "type": "Point", "coordinates": [ 139.6969568, 35.6930776 ] } },
{ "type": "Feature", "properties": { "osm_id": "13285124580", "highway": "traffic_signals" }, "geometry": { "type": "Point", "coordinates": [ 139.700285, 35.6964174 ] } },
{ "type": "Feature", "properties": { "osm_id": "13285124581", "highway": "traffic_signals" }, "geometry": { "type": "Point", "coordinates": [ 139.700432300000017, 35.696288 ] } },
{ "type": "Feature", "properties": { "osm_id": "13584470516", "highway": "traffic_signals" }, "geometry": { "type": "Point", "coordinates": [ 139.700639200000012, 35.6980376 ] } },
{ "type": "Feature", "properties": { "osm_id": "13819648489", "highway": "traffic_signals" }, "geometry": { "type": "Point", "coordinates": [ 139.694832100000013, 35.6868321 ] } },
{ "type": "Feature", "properties": { "osm_id": "13819648490", "highway": "traffic_signals" }, "geometry": { "type": "Point", "coordinates": [ 139.694441500000011, 35.686791 ] } },
{ "type": "Feature", "properties": { "osm_id": "13819648491", "highway": "traffic_signals" }, "geometry": { "type": "Point", "coordinates": [ 139.694594500000022, 35.6871062 ] } }
]
}
