{
"type": "FeatureCollection",
"name": "population_mesh",
"crs": { "type": "name", "properties": { "name": "urn:ogc:def:crs:OGC:1.3:CRS84" } },
"features": [
{ "type": "Feature", "properties": { "mesh_code": "5339043824", "population": 394.0, "population_child": 38.0, "population_elderly": 156.0 }, "geometry": { "type": "Polygon", "coordinates": [ [ [ 139.609375, 35.360415 ], [ 139.6125, 35.360415 ], [ 139.6125, 35.3625 ], [ 139.609375, 35.3625 ], [ 139.609375, 35.360415 ] ] ] } },
{ "type": "Feature", "properties": { "mesh_code": "5339043842", "population": 127.0, "population_child": 14.0, "population_elderly": 40.0 }, "geometry": { "type": "Polygon", "coordinates": [ [ [ 139.609375, 35.3625 ], [ 139.6125, 35.3625 ], [ 139.6125, 35.364585 ], [ 139.609375, 35.364585 ], [ 139.609375, 35.3625 ] ] ] } },
{ "type": "Feature", "properties": { "mesh_code": "5339043844", "population": 490.0, "population_child": 32.0, "population_elderly": 303.0 }, "geometry": { "type": "Polygon", "coordinates": [ [ [ 139.609375, 35.364585 ], [ 139.6125, 35.364585 ], [ 139.6125, 35.36667 ], [ 139.609375, 35.36667 ], [ 139.609375, 35.364585 ] ] ] } },
{ "type": "Feature", "properties": { "mesh_code": "5339043931", "population": 389.0, "population_child": 29.0, "population_elderly": 178.0 }, "geometry": { "type": "Polygon", "coordinates": [ [ [ 139.6125, 35.3625 ], [ 139.615625, 35.3625 ], [ 139.615625, 35.364585 ], [ 139.6125, 35.364585 ], [ 139.6125, 35.3625 ] ] ] } },
{ "type": "Feature", "properties": { "mesh_code": "5339043933", "population": 499.0, "population_child": 89.0, "population_elderly": 128.0 }, "geometry": { "type": "Polygon", "coordinates": [ [ [ 139.6125, 35.364585 ], [ 139.615625, 35.364585 ], [ 139.615625, 35.36667 ], [ 139.6125, 35.36667 ], [ 139.6125, 35.364585 ] ] ] } },
{ "type": "Feature", "properties": { "mesh_code": "5339044822", "population": 876.0, "population_child": 45.0, "population_elderly": 433.0 }, "geometry": { "type": "Polygon", "coordinates": [ [ [ 139.609375, 35.36667 ], [ 139.6125, 35.36667 ], [ 139.6125, 35.3687525 ], [ 139.609375, 35.3687525 ], [ 139.609375, 35.36667 ] ] ] } },
{ "type": "Feature", "properties": { "mesh_code": "5339044824", "population": 629.0, "population_child": 72.0, "population_elderly": 241.0 }, "geometry": { "type": "Polygon", "coordinates": [ [ [ 139.609375, 35.3687525 ], [ 139.6125, 35.3687525 ], [ 139.6125, 35.370835 ], [ 139.609375, 35.370835 ], [ 139.609375, 35.3687525 ] ] ] } },
{ "type": "Feature", "properties": { "mesh_code": "5339044911", "population": 543.0, "population_child": 86.0, "population_elderly": 142.0 }, "geometry": { "type": "Polygon", "coordinates": [ [ [ 139.6125, 35.36667 ], [ 139.615625, 35.36667 ], [ 139.615625, 35.3687525 ], [ 139.6125, 35.3687525 ], [ 139.6125, 35.36667 ] ] ] } },
{ "type": "Feature", "properties": { "mesh_code": "5339044912", "population": 686.0, "population_child": 103.0, "population_elderly": 162.0 }, "geometry": { "type": "Polygon", "coordinates": [ [ [ 139.615625, 35.36667 ], [ 139.61875, 35.36667 ], [ 139.61875, 35.3687525 ], [ 139.615625, 35.3687525 ], [ 139.615625, 35.36667 ] ] ] } },
{ "type": "Feature", "properties": { "mesh_code": "5339044913", "population": 586.0, "population_child": 144.0, "population_elderly": 66.0 }, "geometry": { "type": "Polygon", "coordinates": [ [ [ 139.6125, 35.3687525 ], [ 139.615625, 35.3687525 ], [ 139.615625, 35.370835 ], [ 139.6125, 35.370835 ], [ 139.6125, 35.3687525 ] ] ] } },
{ "type": "Feature", "properties": { "mesh_code": "5339044914", "population": 682.0, "population_child": 115.0, "population_elderly": 177.0 }, "geometry": { "type": "Polygon", "coordinates": [ [ [ 139.615625, 35.3687525 ], [ 139.61875, 35.3687525 ], [ 139.61875, 35.370835 ], [ 139.615625, 35.370835 ], [ 139.615625, 35.3687525 ] ] ] } },
{ "type": "Feature", "properties": { "mesh_code": "5339044842", "population": 439.0, "population_child": 55.0, "population_elderly": 131.0 }, "geometry": { "type": "Polygon", "coordinates": [ [ [ 139.609375, 35.370835 ], [ 139.6125, 35.370835 ], [ 139.6125, 35.3729175 ], [ 139.609375, 35.3729175 ], [ 139.609375, 35.370835 ] ] ] } },
{ "type": "Feature", "properties": { "mesh_code": "5339044844", "population": 495.0, "population_child": 36.0, "population_elderly": 148.0 }, "geometry": { "type": "Polygon", "coordinates": [ [ [ 139.609375, 35.3729175 ], [ 139.6125, 35.3729175 ], [ 139.6125, 35.375 ], [ 139.609375, 35.375 ], [ 139.609375, 35.3729175 ] ] ] } },
{ "type": "Feature", "properties": { "mesh_code": "5339044931", "population": 773.0, "population_child": 93.0, "population_elderly": 257.0 }, "geometry": { "type": "Polygon", "coordinates": [ [ [ 139.6125, 35.370835 ], [ 139.615625, 35.370835 ], [ 139.615625, 35.3729175 ], [ 139.6125, 35.3729175 ], [ 139.6125, 35.370835 ] ] ] } },
{ "type": "Feature", "properties": { "mesh_code": "5339044932", "population": 736.0, "population_child": 70.0, "population_elderly": 245.0 }, "geometry": { "type": "Polygon", "coordinates": [ [ [ 139.615625, 35.370835 ], [ 139.61875, 35.370835 ], [ 139.61875, 35.3729175 ], [ 139.615625, 35.3729175 ], [ 139.615625, 35.370835 ] ] ] } },
{ "type": "Feature", "properties": { "mesh_code": "5339044933", "population": 634.0, "population_child": 70.0, "population_elderly": 247.0 }, "geometry": { "type": "Polygon", "coordinates": [ [ [ 139.6125, 35.3729175 ], [ 139.615625, 35.3729175 ], [ 139.615625, 35.375 ], [ 139.6125, 35.375 ], [ 139.6125, 35.3729175 ] ] ] } },
{ "type": "Feature", "properties": { "mesh_code": "5339044941", "population": 603.0, "population_child": 75.0, "population_elderly": 188.0 }, "geometry": { "type": "Polygon", "coordinates": [ [ [ 139.61875, 35.370835 ], [ 139.621875, 35.370835 ], [ 139.621875, 35.3729175 ], [ 139.61875, 35.3729175 ], [ 139.61875, 35.370835 ] ] ] } },
{ "type": "Feature", "properties": { "mesh_code": "5339044934", "population": 838.0, "population_child": 60.0, "population_elderly": 370.0 }, "geometry": { "type": "Polygon", "coordinates": [ [ [ 139.615625, 35.3729175 ], [ 139.61875, 35.3729175 ], [ 139.61875, 35.375 ], [ 139.615625, 35.375 ], [ 139.615625, 35.3729175 ] ] ] } },
{ "type": "Feature", "properties": { "mesh_code": "5339044943", "population": 1254.0, "population_child": 114.0, "population_elderly": 386.0 }, "geometry": { "type": "Polygon", "coordinates": [ [ [ 139.61875, 35.3729175 ], [ 139.621875, 35.3729175 ], [ 139.621875, 35.375 ], [ 139.61875, 35.375 ], [ 139.61875, 35.3729175 ] ] ] } },
{ "type": "Feature", "properties": { "mesh_code": "5339045822", "population": 585.0, "population_child": 77.0, "population_elderly": 159.0 }, "geometry": { "type": "Polygon", "coordinates": [ [ [ 139.609375, 35.375 ], [ 139.6125, 35.375 ], [ 139.6125, 35.3770825 ], [ 139.609375, 35.3770825 ], [ 139.609375, 35.375 ] ] ] } },
{ "type": "Feature", "properties": { "mesh_code": "5339045911", "population": 794.0, "population_child": 74.0, "population_elderly": 243.0 }, "geometry": { "type": "Polygon", "coordinates": [ [ [ 139.6125, 35.375 ], [ 139.615625, 35.375 ], [ 139.615625, 35.3770825 ], [ 139.6125, 35.3770825 ], [ 139.6125, 35.375 ] ] ] } },
{ "type": "Feature", "properties": { "mesh_code": "5339045912", "population": 861.0, "population_child": 88.0, "population_elderly": 217.0 }, "geometry": { "type": "Polygon", "coordinates": [ [ [ 139.615625, 35.375 ], [ 139.61875, 35.375 ], [ 139.61875, 35.3770825 ], [ 139.615625, 35.3770825 ], [ 139.615625, 35.375 ] ] ] } },
{ "type": "Feature", "properties": { "mesh_code": "5339045921", "population": 823.0, "population_child": 77.0, "population_elderly": 236.0 }, "geometry": { "type": "Polygon", "coordinates": [ [ [ 139.61875, 35.375 ], [ 139.621875, 35.375 ], [ 139.621875, 35.3770825 ], [ 139.61875, 35.3770825 ], [ 139.61875, 35.375 ] ] ] } },
{ "type": "Feature", "properties": { "mesh_code": "5339045824", "population": 359.0, "population_child": 40.0, "population_elderly": 105.0 }, "geometry": { "type": "Polygon", "coordinates": [ [ [ 139.609375, 35.3770825 ], [ 139.6125, 35.3770825 ], [ 139.6125, 35.379165 ], [ 139.609375, 35.379165 ], [ 139.609375, 35.3770825 ] ] ] } },
{ "type": "Feature", "properties": { "mesh_code": "5339045842", "population": 797.0, "population_child": 73.0, "population_elderly": 204.0 }, "geometry": { "type": "Polygon", "coordinates": [ [ [ 139.609375, 35.379165 ], [ 139.6125, 35.379165 ], [ 139.6125, 35.3812475 ], [ 139.609375, 35.3812475 ], [ 139.609375, 35.379165 ] ] ] } },
{ "type": "Feature", "properties": { "mesh_code": "5339045913", "population": 803.0, "population_child": 99.0, "population_elderly": 220.0 }, "geometry": { "type": "Polygon", "coordinates": [ [ [ 139.6125, 35.3770825 ], [ 139.615625, 35.3770825 ], [ 139.615625, 35.379165 ], [ 139.6125, 35.379165 ], [ 139.6125, 35.3770825 ] ] ] } },
{ "type": "Feature", "properties": { "mesh_code": "5339045914", "population": 601.0, "population_child": 63.0, "population_elderly": 163.0 }, "geometry": { "type": "Polygon", "coordinates": [ [ [ 139.615625, 35.3770825 ], [ 139.61875, 35.3770825 ], [ 139.61875, 35.379165 ], [ 139.615625, 35.379165 ], [ 139.615625, 35.3770825 ] ] ] } },
{ "type": "Feature", "properties": { "mesh_code": "5339045923", "population": 400.0, "population_child": 31.0, "population_elderly": 102.0 }, "geometry": { "type": "Polygon", "coordinates": [ [ [ 139.61875, 35.3770825 ], [ 139.621875, 35.3770825 ], [ 139.621875, 35.379165 ], [ 139.61875, 35.379165 ], [ 139.61875, 35.3770825 ] ] ] } },
{ "type": "Feature", "properties": { "mesh_code": "5339045924", "population": 1007.0, "population_child": 131.0, "population_elderly": 206.0 }, "geometry": { "type": "Polygon", "coordinates": [ [ [ 139.621875, 35.3770825 ], [ 139.625, 35.3770825 ], [ 139.625, 35.379165 ], [ 139.621875, 35.379165 ], [ 139.621875, 35.3770825 ] ] ] } },
{ "type": "Feature", "properties": { "mesh_code": "5339045931", "population": 811.0, "population_child": 79.0, "population_elderly": 222.0 }, "geometry": { "type": "Polygon", "coordinates": [ [ [ 139.6125, 35.379165 ], [ 139.615625, 35.379165 ], [ 139.615625, 35.3812475 ], [ 139.6125, 35.3812475 ], [ 139.6125, 35.379165 ] ] ] } },
{ "type": "Feature", "properties": { "mesh_code": "5339045932", "population": 1105.0, "population_child": 99.0, "population_elderly": 291.0 }, "geometry": { "type": "Polygon", "coordinates": [ [ [ 139.615625, 35.379165 ], [ 139.61875, 35.379165 ], [ 139.61875, 35.3812475 ], [ 139.615625, 35.3812475 ], [ 139.615625, 35.379165 ] ] ] } },
{ "type": "Feature", "properties": { "mesh_code": "5339045941", "population": 857.0, "population_child": 85.0, "population_elderly": 128.0 }, "geometry": { "type": "Polygon", "coordinates": [ [ [ 139.61875, 35.379165 ], [ 139.621875, 35.379165 ], [ 139.621875, 35.3812475 ], [ 139.61875, 35.3812475 ], [ 139.61875, 35.379165 ] ] ] } },
{ "type": "Feature", "properties": { "mesh_code": "5339045942", "population": 957.0, "population_child": 161.0, "population_elderly": 154.0 }, "geometry": { "type": "Polygon", "coordinates": [ [ [ 139.621875, 35.379165 ], [ 139.625, 35.379165 ], [ 139.625, 35.3812475 ], [ 139.621875, 35.3812475 ], [ 139.621875, 35.379165 ] ] ] } },
{ "type": "Feature", "properties": { "mesh_code": "5339055031", "population": 3.0, "population_child": 0.0, "population_elderly": 0.0 }, "geometry": { "type": "Polygon", "coordinates": [ [ [ 139.625, 35.379165 ], [ 139.628125, 35.379165 ], [ 139.628125, 35.3812475 ], [ 139.625, 35.3812475 ], [ 139.625, 35.379165 ] ] ] } },
{ "type": "Feature", "properties": { "mesh_code": "5339045844", "population": 838.0, "population_child": 91.0, "population_elderly": 226.0 }, "geometry": { "type": "Polygon", "coordinates": [ [ [ 139.609375, 35.3812475 ], [ 139.6125, 35.3812475 ], [ 139.6125, 35.38333 ], [ 139.609375, 35.38333 ], [ 139.609375, 35.3812475 ] ] ] } },
{ "type": "Feature", "properties": { "mesh_code": "5339045933", "population": 1269.0, "population_child": 144.0, "population_elderly": 276.0 }, "geometry": { "type": "Polygon", "coordinates": [ [ [ 139.6125, 35.3812475 ], [ 139.615625, 35.3812475 ], [ 139.615625, 35.38333 ], [ 139.6125, 35.38333 ], [ 139.6125, 35.3812475 ] ] ] } },
{ "type": "Feature", "properties": { "mesh_code": "5339045934", "population": 1196.0, "population_child": 114.0, "population_elderly": 245.0 }, "geometry": { "type": "Polygon", "coordinates": [ [ [ 139.615625, 35.3812475 ], [ 139.61875, 35.3812475 ], [ 139.61875, 35.38333 ], [ 139.615625, 35.38333 ], [ 139.615625, 35.3812475 ] ] ] } },
{ "type": "Feature", "properties": { "mesh_code": "5339045943", "population": 1157.0, "population_child": 87.0, "population_elderly": 303.0 }, "geometry": { "type": "Polygon", "coordinates": [ [ [ 139.61875, 35.3812475 ], [ 139.621875, 35.3812475 ], [ 139.621875, 35.38333 ], [ 139.61875, 35.38333 ], [ 139.61875, 35.3812475 ] ] ] } },
{ "type": "Feature", "properties": { "mesh_code": "5339045944", "population": 402.0, "population_child": 48.0, "population_elderly": 88.0 }, "geometry": { "type": "Polygon", "coordinates": [ [ [ 139.621875, 35.3812475 ], [ 139.625, 35.3812475 ], [ 139.625, 35.38333 ], [ 139.621875, 35.38333 ], [ 139.621875, 35.3812475 ] ] ] } },
{ "type": "Feature", "properties": { "mesh_code": "5339046822", "population": 815.0, "population_child": 118.0, "population_elderly": 181.0 }, "geometry": { "type": "Polygon", "coordinates": [ [ [ 139.609375, 35.38333 ], [ 139.6125, 35.38333 ], [ 139.6125, 35.385415 ], [ 139.609375, 35.385415 ], [ 139.609375, 35.38333 ] ] ] } },
{ "type": "Feature", "properties": { "mesh_code": "5339046911", "population": 1113.0, "population_child": 141.0, "population_elderly": 218.0 }, "geometry": { "type": "Polygon", "coordinates": [ [ [ 139.6125, 35.38333 ], [ 139.615625, 35.38333 ], [ 139.615625, 35.385415 ], [ 139.6125, 35.385415 ], [ 139.6125, 35.38333 ] ] ] } },
{ "type": "Feature", "properties": { "mesh_code": "5339046912", "population": 642.0, "population_child": 50.0, "population_elderly": 187.0 }, "geometry": { "type": "Polygon", "coordinates": [ [ [ 139.615625, 35.38333 ], [ 139.61875, 35.38333 ], [ 139.61875, 35.385415 ], [ 139.615625, 35.385415 ], [ 139.615625, 35.38333 ] ] ] } },
{ "type": "Feature", "properties": { "mesh_code": "5339046921", "population": 1087.0, "population_child": 151.0, "population_elderly": 169.0 }, "geometry": { "type": "Polygon", "coordinates": [ [ [ 139.61875, 35.38333 ], [ 139.621875, 35.38333 ], [ 139.621875, 35.385415 ], [ 139.61875, 35.385415 ], [ 139.61875, 35.38333 ] ] ] } },
{ "type": "Feature", "properties": { "mesh_code": "5339046922", "population": 157.0, "population_child": 36.0, "population_elderly": 19.0 }, "geometry": { "type": "Polygon", "coordinates": [ [ [ 139.621875, 35.38333 ], [ 139.625, 35.38333 ], [ 139.625, 35.385415 ], [ 139.621875, 35.385415 ], [ 139.621875, 35.38333 ] ] ] } },
{ "type": "Feature", "properties": { "mesh_code": "5339055033", "population": 311.0, "population_child": 22.0, "population_elderly": 95.0 }, "geometry": { "type": "Polygon", "coordinates": [ [ [ 139.625, 35.3812475 ], [ 139.628125, 35.3812475 ], [ 139.628125, 35.38333 ], [ 139.625, 35.38333 ], [ 139.625, 35.3812475 ] ] ] } },
{ "type": "Feature", "properties": { "mesh_code": "5339046824", "population": 938.0, "population_child": 132.0, "population_elderly": 219.0 }, "geometry": { "type": "Polygon", "coordinates": [ [ [ 139.609375, 35.385415 ], [ 139.6125, 35.385415 ], [ 139.6125, 35.3875 ], [ 139.609375, 35.3875 ], [ 139.609375, 35.385415 ] ] ] } },
{ "type": "Feature", "properties": { "mesh_code": "5339046842", "population": 944.0, "population_child": 146.0, "population_elderly": 235.0 }, "geometry": { "type": "Polygon", "coordinates": [ [ [ 139.609375, 35.3875 ], [ 139.6125, 35.3875 ], [ 139.6125, 35.389585 ], [ 139.609375, 35.389585 ], [ 139.609375, 35.3875 ] ] ] } },
{ "type": "Feature", "properties": { "mesh_code": "5339046913", "population": 1122.0, "population_child": 100.0, "population_elderly": 249.0 }, "geometry": { "type": "Polygon", "coordinates": [ [ [ 139.6125, 35.385415 ], [ 139.615625, 35.385415 ], [ 139.615625, 35.3875 ], [ 139.6125, 35.3875 ], [ 139.6125, 35.385415 ] ] ] } },
{ "type": "Feature", "properties": { "mesh_code": "5339046914", "population": 867.0, "population_child": 67.0, "population_elderly": 222.0 }, "geometry": { "type": "Polygon", "coordinates": [ [ [ 139.615625, 35.385415 ], [ 139.61875, 35.385415 ], [ 139.61875, 35.3875 ], [ 139.615625, 35.3875 ], [ 139.615625, 35.385415 ] ] ] } },
{ "type": "Feature", "properties": { "mesh_code": "5339046923", "population": 750.0, "population_child": 79.0, "population_elderly": 209.0 }, "geometry": { "type": "Polygon", "coordinates": [ [ [ 139.61875, 35.385415 ], [ 139.621875, 35.385415 ], [ 139.621875, 35.3875 ], [ 139.61875, 35.3875 ], [ 139.61875, 35.385415 ] ] ] } },
{ "type": "Feature", "properties": { "mesh_code": "5339046931", "population": 1042.0, "population_child": 85.0, "population_elderly": 272.0 }, "geometry": { "type": "Polygon", "coordinates": [ [ [ 139.6125, 35.3875 ], [ 139.615625, 35.3875 ], [ 139.615625, 35.389585 ], [ 139.6125, 35.389585 ], [ 139.6125, 35.3875 ] ] ] } },
{ "type": "Feature", "properties": { "mesh_code": "5339046932", "population": 715.0, "population_child": 42.0, "population_elderly": 140.0 }, "geometry": { "type": "Polygon", "coordinates": [ [ [ 139.615625, 35.3875 ], [ 139.61875, 35.3875 ], [ 139.61875, 35.389585 ], [ 139.615625, 35.389585 ], [ 139.615625, 35.3875 ] ] ] } },
{ "type": "Feature", "properties": { "mesh_code": "5339046844", "population": 1164.0, "population_child": 202.0, "population_elderly": 171.0 }, "geometry": { "type": "Polygon", "coordinates": [ [ [ 139.609375, 35.389585 ], [ 139.6125, 35.389585 ], [ 139.6125, 35.39167 ], [ 139.609375, 35.39167 ], [ 139.609375, 35.389585 ] ] ] } },
{ "type": "Feature", "properties": { "mesh_code": "5339046933", "population": 1241.0, "population_child": 74.0, "population_elderly": 433.0 }, "geometry": { "type": "Polygon", "coordinates": [ [ [ 139.6125, 35.389585 ], [ 139.615625, 35.389585 ], [ 139.615625, 35.39167 ], [ 139.6125, 35.39167 ], [ 139.6125, 35.389585 ] ] ] } },
{ "type": "Feature", "properties": { "mesh_code": "5339046934", "population": 481.0, "population_child": 88.0, "population_elderly": 45.0 }, "geometry": { "type": "Polygon", "coordinates": [ [ [ 139.615625, 35.389585 ], [ 139.61875, 35.389585 ], [ 139.61875, 35.39167 ], [ 139.615625, 35.39167 ], [ 139.615625, 35.389585 ] ] ] } },
{ "type": "Feature", "properties": { "mesh_code": "5339047822", "population": 692.0, "population_child": 72.0, "population_elderly": 200.0 }, "geometry": { "type": "Polygon", "coordinates": [ [ [ 139.609375, 35.39167 ], [ 139.6125, 35.39167 ], [ 139.6125, 35.3937525 ], [ 139.609375, 35.3937525 ], [ 139.609375, 35.39167 ] ] ] } },
{ "type": "Feature", "properties": { "mesh_code": "5339047824", "population": 896.0, "population_child": 78.0, "population_elderly": 260.0 }, "geometry": { "type": "Polygon", "coordinates": [ [ [ 139.609375, 35.3937525 ], [ 139.6125, 35.3937525 ], [ 139.6125, 35.395835 ], [ 139.609375, 35.395835 ], [ 139.609375, 35.3937525 ] ] ] } },
{ "type": "Feature", "properties": { "mesh_code": "5339047911", "population": 856.0, "population_child": 90.0, "population_elderly": 227.0 }, "geometry": { "type": "Polygon", "coordinates": [ [ [ 139.6125, 35.39167 ], [ 139.615625, 35.39167 ], [ 139.615625, 35.3937525 ], [ 139.6125, 35.3937525 ], [ 139.6125, 35.39167 ] ] ] } },
{ "type": "Feature", "properties": { "mesh_code": "5339047912", "population": 211.0, "population_child": 4.0, "population_elderly": 24.0 }, "geometry": { "type": "Polygon", "coordinates": [ [ [ 139.615625, 35.39167 ], [ 139.61875, 35.39167 ], [ 139.61875, 35.3937525 ], [ 139.615625, 35.3937525 ], [ 139.615625, 35.39167 ] ] ] } },
{ "type": "Feature", "properties": { "mesh_code": "5339047913", "population": 1084.0, "population_child": 66.0, "population_elderly": 378.0 }, "geometry": { "type": "Polygon", "coordinates": [ [ [ 139.6125, 35.3937525 ], [ 139.615625, 35.3937525 ], [ 139.615625, 35.395835 ], [ 139.6125, 35.395835 ], [ 139.6125, 35.3937525 ] ] ] } },
{ "type": "Feature", "properties": { "mesh_code": "5339047914", "population": 156.0, "population_child": 8.0, "population_elderly": 76.0 }, "geometry": { "type": "Polygon", "coordinates": [ [ [ 139.615625, 35.3937525 ], [ 139.61875, 35.3937525 ], [ 139.61875, 35.395835 ], [ 139.615625, 35.395835 ], [ 139.615625, 35.3937525 ] ] ] } },
{ "type": "Feature", "properties": { "mesh_code": "5339047842", "population": 318.0, "population_child": 24.0, "population_elderly": 72.0 }, "geometry": { "type": "Polygon", "coordinates": [ [ [ 139.609375, 35.395835 ], [ 139.6125, 35.395835 ], [ 139.6125, 35.3979175 ], [ 139.609375, 35.3979175 ], [ 139.609375, 35.395835 ] ] ] } },
{ "type": "Feature", "properties": { "mesh_code": "5339047844", "population": 1113.0, "population_child": 226.0, "population_elderly": 216.0 }, "geometry": { "type": "Polygon", "coordinates": [ [ [ 139.609375, 35.3979175 ], [ 139.6125, 35.3979175 ], [ 139.6125, 35.4 ], [ 139.609375, 35.4 ], [ 139.609375, 35.3979175 ] ] ] } },
{ "type": "Feature", "properties": { "mesh_code": "5339047931", "population": 2006.0, "population_child": 121.0, "population_elderly": 828.0 }, "geometry": { "type": "Polygon", "coordinates": [ [ [ 139.6125, 35.395835 ], [ 139.615625, 35.395835 ], [ 139.615625, 35.3979175 ], [ 139.6125, 35.3979175 ], [ 139.6125, 35.395835 ] ] ] } },
{ "type": "Feature", "properties": { "mesh_code": "5339047932", "population": 156.0, "population_child": 9.0, "population_elderly": 63.0 }, "geometry": { "type": "Polygon", "coordinates": [ [ [ 139.615625, 35.395835 ], [ 139.61875, 35.395835 ], [ 139.61875, 35.3979175 ], [ 139.615625, 35.3979175 ], [ 139.615625, 35.395835 ] ] ] } },
{ "type": "Feature", "properties": { "mesh_code": "5339047933", "population": 1470.0, "population_child": 113.0, "population_elderly": 465.0 }, "geometry": { "type": "Polygon", "coordinates": [ [ [ 139.6125, 35.3979175 ], [ 139.615625, 35.3979175 ], [ 139.615625, 35.4 ], [ 139.6125, 35.4 ], [ 139.6125, 35.3979175 ] ] ] } },
{ "type": "Feature", "properties": { "mesh_code": "5339047934", "population": 1902.0, "population_child": 164.0, "population_elderly": 652.0 }, "geometry": { "type": "Polygon", "coordinates": [ [ [ 139.615625, 35.3979175 ], [ 139.61875, 35.3979175 ], [ 139.61875, 35.4 ], [ 139.615625, 35.4 ], [ 139.615625, 35.3979175 ] ] ] } },
{ "type": "Feature", "properties": { "mesh_code": "5339048822", "population": 1014.0, "population_child": 288.0, "population_elderly": 58.0 }, "geometry": { "type": "Polygon", "coordinates": [ [ [ 139.609375, 35.4 ], [ 139.6125, 35.4 ], [ 139.6125, 35.4020825 ], [ 139.609375, 35.4020825 ], [ 139.609375, 35.4 ] ] ] } },
{ "type": "Feature", "properties": { "mesh_code": "5339048824", "population": 1298.0, "population_child": 320.0, "population_elderly": 186.0 }, "geometry": { "type": "Polygon", "coordinates": [ [ [ 139.609375, 35.4020825 ], [ 139.6125, 35.4020825 ], [ 139.6125, 35.404165 ], [ 139.609375, 35.404165 ], [ 139.609375, 35.4020825 ] ] ] } },
{ "type": "Feature", "properties": { "mesh_code": "5339048911", "population": 2182.0, "population_child": 438.0, "population_elderly": 383.0 }, "geometry": { "type": "Polygon", "coordinates": [ [ [ 139.6125, 35.4 ], [ 139.615625, 35.4 ], [ 139.615625, 35.4020825 ], [ 139.6125, 35.4020825 ], [ 139.6125, 35.4 ] ] ] } },
{ "type": "Feature", "properties": { "mesh_code": "5339048912", "population": 2417.0, "population_child": 228.0, "population_elderly": 682.0 }, "geometry": { "type": "Polygon", "coordinates": [ [ [ 139.615625, 35.4 ], [ 139.61875, 35.4 ], [ 139.61875, 35.4020825 ], [ 139.615625, 35.4020825 ], [ 139.615625, 35.4 ] ] ] } },
{ "type": "Feature", "properties": { "mesh_code": "5339048913", "population": 901.0, "population_child": 166.0, "population_elderly": 209.0 }, "geometry": { "type": "Polygon", "coordinates": [ [ [ 139.6125, 35.4020825 ], [ 139.615625, 35.4020825 ], [ 139.615625, 35.404165 ], [ 139.6125, 35.404165 ], [ 139.6125, 35.4020825 ] ] ] } },
{ "type": "Feature", "properties": { "mesh_code": "5339048914", "population": 1048.0, "population_child": 130.0, "population_elderly": 227.0 }, "geometry": { "type": "Polygon", "coordinates": [ [ [ 139.615625, 35.4020825 ], [ 139.61875, 35.4020825 ], [ 139.61875, 35.404165 ], [ 139.615625, 35.404165 ], [ 139.615625, 35.4020825 ] ] ] } },
{ "type": "Feature", "properties": { "mesh_code": "5339048921", "population": 18.0, "population_child": 3.0, "population_elderly": 3.0 }, "geometry": { "type": "Polygon", "coordinates": [ [ [ 139.61875, 35.4 ], [ 139.621875, 35.4 ], [ 139.621875, 35.4020825 ], [ 139.61875, 35.4020825 ], [ 139.61875, 35.4 ] ] ] } },
{ "type": "Feature", "properties": { "mesh_code": "5339048923", "population": 669.0, "population_child": 69.0, "population_elderly": 94.0 }, "geometry": { "type": "Polygon", "coordinates": [ [ [ 139.61875, 35.4020825 ], [ 139.621875, 35.4020825 ], [ 139.621875, 35.404165 ], [ 139.61875, 35.404165 ], [ 139.61875, 35.4020825 ] ] ] } },
{ "type": "Feature", "properties": { "mesh_code": "5339048842", "population": 665.0, "population_child": 68.0, "population_elderly": 167.0 }, "geometry": { "type": "Polygon", "coordinates": [ [ [ 139.609375, 35.404165 ], [ 139.6125, 35.404165 ], [ 139.6125, 35.4062475 ], [ 139.609375, 35.4062475 ], [ 139.609375, 35.404165 ] ] ] } },
{ "type": "Feature", "properties": { "mesh_code": "5339048931", "population": 323.0, "population_child": 47.0, "population_elderly": 82.0 }, "geometry": { "type": "Polygon", "coordinates": [ [ [ 139.6125, 35.404165 ], [ 139.615625, 35.404165 ], [ 139.615625, 35.4062475 ], [ 139.6125, 35.4062475 ], [ 139.6125, 35.404165 ] ] ] } },
{ "type": "Feature", "properties": { "mesh_code": "5339048932", "population": 724.0, "population_child": 51.0, "population_elderly": 242.0 }, "geometry": { "type": "Polygon", "coordinates": [ [ [ 139.615625, 35.404165 ], [ 139.61875, 35.404165 ], [ 139.61875, 35.4062475 ], [ 139.615625, 35.4062475 ], [ 139.615625, 35.404165 ] ] ] } },
{ "type": "Feature", "properties": { "mesh_code": "5339048941", "population": 1175.0, "population_child": 92.0, "population_elderly": 364.0 }, "geometry": { "type": "Polygon", "coordinates": [ [ [ 139.61875, 35.404165 ], [ 139.621875, 35.404165 ], [ 139.621875, 35.4062475 ], [ 139.61875, 35.4062475 ], [ 139.61875, 35.404165 ] ] ] } },
{ "type": "Feature", "properties": { "mesh_code": "5339048942", "population": 18.0, "population_child": 0.0, "population_elderly": 0.0 }, "geometry": { "type": "Polygon", "coordinates": [ [ [ 139.621875, 35.404165 ], [ 139.625, 35.404165 ], [ 139.625, 35.4062475 ], [ 139.621875, 35.4062475 ], [ 139.621875, 35.404165 ] ] ] } },
{ "type": "Feature", "properties": { "mesh_code": "5339048844", "population": 631.0, "population_child": 57.0, "population_elderly": 212.0 }, "geometry": { "type": "Polygon", "coordinates": [ [ [ 139.609375, 35.4062475 ], [ 139.6125, 35.4062475 ], [ 139.6125, 35.40833 ], [ 139.609375, 35.40833 ], [ 139.609375, 35.4062475 ] ] ] } },
{ "type": "Feature", "properties": { "mesh_code": "5339048933", "population": 527.0, "population_child": 46.0, "population_elderly": 216.0 }, "geometry": { "type": "Polygon", "coordinates": [ [ [ 139.6125, 35.4062475 ], [ 139.615625, 35.4062475 ], [ 139.615625, 35.40833 ], [ 139.6125, 35.40833 ], [ 139.6125, 35.4062475 ] ] ] } },
{ "type": "Feature", "properties": { "mesh_code": "5339048934", "population": 701.0, "population_child": 71.0, "population_elderly": 241.0 }, "geometry": { "type": "Polygon", "coordinates": [ [ [ 139.615625, 35.4062475 ], [ 139.61875, 35.4062475 ], [ 139.61875, 35.40833 ], [ 139.615625, 35.40833 ], [ 139.615625, 35.4062475 ] ] ] } },
{ "type": "Feature", "properties": { "mesh_code": "5339048943", "population": 1295.0, "population_child": 149.0, "population_elderly": 305.0 }, "geometry": { "type": "Polygon", "coordinates": [ [ [ 139.61875, 35.4062475 ], [ 139.621875, 35.4062475 ], [ 139.621875, 35.40833 ], [ 139.61875, 35.40833 ], [ 139.61875, 35.4062475 ] ] ] } },
{ "type": "Feature", "properties": { "mesh_code": "5339048944", "population": 476.0, "population_child": 23.0, "population_elderly": 65.0 }, "geometry": { "type": "Polygon", "coordinates": [ [ [ 139.621875, 35.4062475 ], [ 139.625, 35.4062475 ], [ 139.625, 35.40833 ], [ 139.621875, 35.40833 ], [ 139.621875, 35.4062475 ] ] ] } },
{ "type": "Feature", "properties": { "mesh_code": "5339049822", "population": 752.0, "population_child": 77.0, "population_elderly": 215.0 }, "geometry": { "type": "Polygon", "coordinates": [ [ [ 139.609375, 35.40833 ], [ 139.6125, 35.40833 ], [ 139.6125, 35.410415 ], [ 139.609375, 35.410415 ], [ 139.609375, 35.40833 ] ] ] } },
{ "type": "Feature", "properties": { "mesh_code": "5339049911", "population": 747.0, "population_child": 90.0, "population_elderly": 207.0 }, "geometry": { "type": "Polygon", "coordinates": [ [ [ 139.6125, 35.40833 ], [ 139.615625, 35.40833 ], [ 139.615625, 35.410415 ], [ 139.6125, 35.410415 ], [ 139.6125, 35.40833 ] ] ] } },
{ "type": "Feature", "properties": { "mesh_code": "5339049912", "population": 717.0, "population_child": 108.0, "population_elderly": 188.0 }, "geometry": { "type": "Polygon", "coordinates": [ [ [ 139.615625, 35.40833 ], [ 139.61875, 35.40833 ], [ 139.61875, 35.410415 ], [ 139.615625, 35.410415 ], [ 139.615625, 35.40833 ] ] ] } },
{ "type": "Feature", "properties": { "mesh_code": "5339049921", "population": 685.0, "population_child": 70.0, "population_elderly": 189.0 }, "geometry": { "type": "Polygon", "coordinates": [ [ [ 139.61875, 35.40833 ], [ 139.621875, 35.40833 ], [ 139.621875, 35.410415 ], [ 139.61875, 35.410415 ], [ 139.61875, 35.40833 ] ] ] } },
{ "type": "Feature", "properties": { "mesh_code": "5339049922", "population": 876.0, "population_child": 93.0, "population_elderly": 265.0 }, "geometry": { "type": "Polygon", "coordinates": [ [ [ 139.621875, 35.40833 ], [ 139.625, 35.40833 ], [ 139.625, 35.410415 ], [ 139.621875, 35.410415 ], [ 139.621875, 35.40833 ] ] ] } },
{ "type": "Feature", "properties": { "mesh_code": "5339059011", "population": 175.0, "population_child": 47.0, "population_elderly": 14.0 }, "geometry": { "type": "Polygon", "coordinates": [ [ [ 139.625, 35.40833 ], [ 139.628125, 35.40833 ], [ 139.628125, 35.410415 ], [ 139.625, 35.410415 ], [ 139.625, 35.40833 ] ] ] } },
{ "type": "Feature", "properties": { "mesh_code": "5339049824", "population": 631.0, "population_child": 63.0, "population_elderly": 226.0 }, "geometry": { "type": "Polygon", "coordinates": [ [ [ 139.609375, 35.410415 ], [ 139.6125, 35.410415 ], [ 139.6125, 35.4125 ], [ 139.609375, 35.4125 ], [ 139.609375, 35.410415 ] ] ] } },
{ "type": "Feature", "properties": { "mesh_code": "5339049842", "population": 545.0, "population_child": 42.0, "population_elderly": 199.0 }, "geometry": { "type": "Polygon", "coordinates": [ [ [ 139.609375, 35.4125 ], [ 139.6125, 35.4125 ], [ 139.6125, 35.414585 ], [ 139.609375, 35.414585 ], [ 139.609375, 35.4125 ] ] ] } },
{ "type": "Feature", "properties": { "mesh_code": "5339049913", "population": 641.0, "population_child": 90.0, "population_elderly": 208.0 }, "geometry": { "type": "Polygon", "coordinates": [ [ [ 139.6125, 35.410415 ], [ 139.615625, 35.410415 ], [ 139.615625, 35.4125 ], [ 139.6125, 35.4125 ], [ 139.6125, 35.410415 ] ] ] } },
{ "type": "Feature", "properties": { "mesh_code": "5339049914", "population": 621.0, "population_child": 72.0, "population_elderly": 179.0 }, "geometry": { "type": "Polygon", "coordinates": [ [ [ 139.615625, 35.410415 ], [ 139.61875, 35.410415 ], [ 139.61875, 35.4125 ], [ 139.615625, 35.4125 ], [ 139.615625, 35.410415 ] ] ] } },
{ "type": "Feature", "properties": { "mesh_code": "5339049923", "population": 887.0, "population_child": 114.0, "population_elderly": 185.0 }, "geometry": { "type": "Polygon", "coordinates": [ [ [ 139.61875, 35.410415 ], [ 139.621875, 35.410415 ], [ 139.621875, 35.4125 ], [ 139.61875, 35.4125 ], [ 139.61875, 35.410415 ] ] ] } },
{ "type": "Feature", "properties": { "mesh_code": "5339049924", "population": 1438.0, "population_child": 146.0, "population_elderly": 324.0 }, "geometry": { "type": "Polygon", "coordinates": [ [ [ 139.621875, 35.410415 ], [ 139.625, 35.410415 ], [ 139.625, 35.4125 ], [ 139.621875, 35.4125 ], [ 139.621875, 35.410415 ] ] ] } },
{ "type": "Feature", "properties": { "mesh_code": "5339049931", "population": 739.0, "population_child": 114.0, "population_elderly": 157.0 }, "geometry": { "type": "Polygon", "coordinates": [ [ [ 139.6125, 35.4125 ], [ 139.615625, 35.4125 ], [ 139.615625, 35.414585 ], [ 139.6125, 35.414585 ], [ 139.6125, 35.4125 ] ] ] } },
{ "type": "Feature", "properties": { "mesh_code": "5339049932", "population": 635.0, "population_child": 49.0, "population_elderly": 213.0 }, "geometry": { "type": "Polygon", "coordinates": [ [ [ 139.615625, 35.4125 ], [ 139.61875, 35.4125 ], [ 139.61875, 35.414585 ], [ 139.615625, 35.414585 ], [ 139.615625, 35.4125 ] ] ] } },
{ "type": "Feature", "properties": { "mesh_code": "5339049941", "population": 773.0, "population_child": 81.0, "population_elderly": 209.0 }, "geometry": { "type": "Polygon", "coordinates": [ [ [ 139.61875, 35.4125 ], [ 139.621875, 35.4125 ], [ 139.621875, 35.414585 ], [ 139.61875, 35.414585 ], [ 139.61875, 35.4125 ] ] ] } },
{ "type": "Feature", "properties": { "mesh_code": "5339049942", "population": 1180.0, "population_child": 130.0, "population_elderly": 223.0 }, "geometry": { "type": "Polygon", "coordinates": [ [ [ 139.621875, 35.4125 ], [ 139.625, 35.4125 ], [ 139.625, 35.414585 ], [ 139.621875, 35.414585 ], [ 139.621875, 35.4125 ] ] ] } },
{ "type": "Feature", "properties": { "mesh_code": "5339059013", "population": 272.0, "population_child": 47.0, "population_elderly": 34.0 }, "geometry": { "type": "Polygon", "coordinates": [ [ [ 139.625, 35.410415 ], [ 139.628125, 35.410415 ], [ 139.628125, 35.4125 ], [ 139.625, 35.4125 ], [ 139.625, 35.410415 ] ] ] } },
{ "type": "Feature", "properties": { "mesh_code": "5339059031", "population": 156.0, "population_child": 15.0, "population_elderly": 30.0 }, "geometry": { "type": "Polygon", "coordinates": [ [ [ 139.625, 35.4125 ], [ 139.628125, 35.4125 ], [ 139.628125, 35.414585 ], [ 139.625, 35.414585 ], [ 139.625, 35.4125 ] ] ] } },
{ "type": "Feature", "properties": { "mesh_code": "5339059331", "population": 47.0, "population_child": 3.0, "population_elderly": 12.0 }, "geometry": { "type": "Polygon", "coordinates": [ [ [ 139.6625, 35.4125 ], [ 139.665625, 35.4125 ], [ 139.665625, 35.414585 ], [ 139.6625, 35.414585 ], [ 139.6625, 35.4125 ] ] ] } },
{ "type": "Feature", "properties": { "mesh_code": "5339049844", "population": 556.0, "population_child": 69.0, "population_elderly": 147.0 }, "geometry": { "type": "Polygon", "coordinates": [ [ [ 139.609375, 35.414585 ], [ 139.6125, 35.414585 ], [ 139.6125, 35.41667 ], [ 139.609375, 35.41667 ], [ 139.609375, 35.414585 ] ] ] } },
{ "type": "Feature", "properties": { "mesh_code": "5339049933", "population": 290.0, "population_child": 28.0, "population_elderly": 74.0 }, "geometry": { "type": "Polygon", "coordinates": [ [ [ 139.6125, 35.414585 ], [ 139.615625, 35.414585 ], [ 139.615625, 35.41667 ], [ 139.6125, 35.41667 ], [ 139.6125, 35.414585 ] ] ] } },
{ "type": "Feature", "properties": { "mesh_code": "5339049934", "population": 544.0, "population_child": 50.0, "population_elderly": 171.0 }, "geometry": { "type": "Polygon", "coordinates": [ [ [ 139.615625, 35.414585 ], [ 139.61875, 35.414585 ], [ 139.61875, 35.41667 ], [ 139.615625, 35.41667 ], [ 139.615625, 35.414585 ] ] ] } },
{ "type": "Feature", "properties": { "mesh_code": "5339049943", "population": 1083.0, "population_child": 184.0, "population_elderly": 247.0 }, "geometry": { "type": "Polygon", "coordinates": [ [ [ 139.61875, 35.414585 ], [ 139.621875, 35.414585 ], [ 139.621875, 35.41667 ], [ 139.61875, 35.41667 ], [ 139.61875, 35.414585 ] ] ] } },
{ "type": "Feature", "properties": { "mesh_code": "5339049944", "population": 997.0, "population_child": 98.0, "population_elderly": 304.0 }, "geometry": { "type": "Polygon", "coordinates": [ [ [ 139.621875, 35.414585 ], [ 139.625, 35.414585 ], [ 139.625, 35.41667 ], [ 139.621875, 35.41667 ], [ 139.621875, 35.414585 ] ] ] } },
{ "type": "Feature", "properties": { "mesh_code": "5339059033", "population": 835.0, "population_child": 77.0, "population_elderly": 229.0 }, "geometry": { "type": "Polygon", "coordinates": [ [ [ 139.625, 35.414585 ], [ 139.628125, 35.414585 ], [ 139.628125, 35.41667 ], [ 139.625, 35.41667 ], [ 139.625, 35.414585 ] ] ] } },
{ "type": "Feature", "properties": { "mesh_code": "5339059034", "population": 792.0, "population_child": 64.0, "population_elderly": 198.0 }, "geometry": { "type": "Polygon", "coordinates": [ [ [ 139.628125, 35.414585 ], [ 139.63125, 35.414585 ], [ 139.63125, 35.41667 ], [ 139.628125, 35.41667 ], [ 139.628125, 35.414585 ] ] ] } },
{ "type": "Feature", "properties": { "mesh_code": "5339059043", "population": 1855.0, "population_child": 253.0, "population_elderly": 377.0 }, "geometry": { "type": "Polygon", "coordinates": [ [ [ 139.63125, 35.414585 ], [ 139.634375, 35.414585 ], [ 139.634375, 35.41667 ], [ 139.63125, 35.41667 ], [ 139.63125, 35.414585 ] ] ] } },
{ "type": "Feature", "properties": { "mesh_code": "5339059044", "population": 869.0, "population_child": 54.0, "population_elderly": 294.0 }, "geometry": { "type": "Polygon", "coordinates": [ [ [ 139.634375, 35.414585 ], [ 139.6375, 35.414585 ], [ 139.6375, 35.41667 ], [ 139.634375, 35.41667 ], [ 139.634375, 35.414585 ] ] ] } },
{ "type": "Feature", "properties": { "mesh_code": "5339059133", "population": 65.0, "population_child": 8.0, "population_elderly": 10.0 }, "geometry": { "type": "Polygon", "coordinates": [ [ [ 139.6375, 35.414585 ], [ 139.640625, 35.414585 ], [ 139.640625, 35.41667 ], [ 139.6375, 35.41667 ], [ 139.6375, 35.414585 ] ] ] } },
{ "type": "Feature", "properties": { "mesh_code": "5339059244", "population": 677.0, "population_child": 86.0, "population_elderly": 108.0 }, "geometry": { "type": "Polygon", "coordinates": [ [ [ 139.659375, 35.414585 ], [ 139.6625, 35.414585 ], [ 139.6625, 35.41667 ], [ 139.659375, 35.41667 ], [ 139.659375, 35.414585 ] ] ] } },
{ "type": "Feature", "properties": { "mesh_code": "5339059333", "population": 403.0, "population_child": 51.0, "population_elderly": 122.0 }, "geometry": { "type": "Polygon", "coordinates": [ [ [ 139.6625, 35.414585 ], [ 139.665625, 35.414585 ], [ 139.665625, 35.41667 ], [ 139.6625, 35.41667 ], [ 139.6625, 35.414585 ] ] ] } },
{ "type": "Feature", "properties": { "mesh_code": "5339059334", "population": 444.0, "population_child": 58.0, "population_elderly": 121.0 }, "geometry": { "type": "Polygon", "coordinates": [ [ [ 139.665625, 35.414585 ], [ 139.66875, 35.414585 ], [ 139.66875, 35.41667 ], [ 139.665625, 35.41667 ], [ 139.665625, 35.414585 ] ] ] } },
{ "type": "Feature", "properties": { "mesh_code": "5339140822", "population": 786.0, "population_child": 90.0, "population_elderly": 219.0 }, "geometry": { "type": "Polygon", "coordinates": [ [ [ 139.609375, 35.41667 ], [ 139.6125, 35.41667 ], [ 139.6125, 35.4187525 ], [ 139.609375, 35.4187525 ], [ 139.609375, 35.41667 ] ] ] } },
{ "type": "Feature", "properties": { "mesh_code": "5339140911", "population": 640.0, "population_child": 74.0, "population_elderly": 215.0 }, "geometry": { "type": "Polygon", "coordinates": [ [ [ 139.6125, 35.41667 ], [ 139.615625, 35.41667 ], [ 139.615625, 35.4187525 ], [ 139.6125, 35.4187525 ], [ 139.6125, 35.41667 ] ] ] } },
{ "type": "Feature", "properties": { "mesh_code": "5339140912", "population": 711.0, "population_child": 77.0, "population_elderly": 222.0 }, "geometry": { "type": "Polygon", "coordinates": [ [ [ 139.615625, 35.41667 ], [ 139.61875, 35.41667 ], [ 139.61875, 35.4187525 ], [ 139.615625, 35.4187525 ], [ 139.615625, 35.41667 ] ] ] } },
{ "type": "Feature", "properties": { "mesh_code": "5339140921", "population": 991.0, "population_child": 108.0, "population_elderly": 303.0 }, "geometry": { "type": "Polygon", "coordinates": [ [ [ 139.61875, 35.41667 ], [ 139.621875, 35.41667 ], [ 139.621875, 35.4187525 ], [ 139.61875, 35.4187525 ], [ 139.61875, 35.41667 ] ] ] } },
{ "type": "Feature", "properties": { "mesh_code": "5339140922", "population": 1017.0, "population_child": 98.0, "population_elderly": 314.0 }, "geometry": { "type": "Polygon", "coordinates": [ [ [ 139.621875, 35.41667 ], [ 139.625, 35.41667 ], [ 139.625, 35.4187525 ], [ 139.621875, 35.4187525 ], [ 139.621875, 35.41667 ] ] ] } },
{ "type": "Feature", "properties": { "mesh_code": "5339140824", "population": 615.0, "population_child": 74.0, "population_elderly": 151.0 }, "geometry": { "type": "Polygon", "coordinates": [ [ [ 139.609375, 35.4187525 ], [ 139.6125, 35.4187525 ], [ 139.6125, 35.420835 ], [ 139.609375, 35.420835 ], [ 139.609375, 35.4187525 ] ] ] } },
{ "type": "Feature", "properties": { "mesh_code": "5339140913", "population": 943.0, "population_child": 97.0, "population_elderly": 267.0 }, "geometry": { "type": "Polygon", "coordinates": [ [ [ 139.6125, 35.4187525 ], [ 139.615625, 35.4187525 ], [ 139.615625, 35.420835 ], [ 139.6125, 35.420835 ], [ 139.6125, 35.4187525 ] ] ] } },
{ "type": "Feature", "properties": { "mesh_code": "5339140914", "population": 878.0, "population_child": 91.0, "population_elderly": 240.0 }, "geometry": { "type": "Polygon", "coordinates": [ [ [ 139.615625, 35.4187525 ], [ 139.61875, 35.4187525 ], [ 139.61875, 35.420835 ], [ 139.615625, 35.420835 ], [ 139.615625, 35.4187525 ] ] ] } },
{ "type": "Feature", "properties": { "mesh_code": "5339140923", "population": 1290.0, "population_child": 155.0, "population_elderly": 348.0 }, "geometry": { "type": "Polygon", "coordinates": [ [ [ 139.61875, 35.4187525 ], [ 139.621875, 35.4187525 ], [ 139.621875, 35.420835 ], [ 139.61875, 35.420835 ], [ 139.61875, 35.4187525 ] ] ] } },
{ "type": "Feature", "properties": { "mesh_code": "5339140924", "population": 908.0, "population_child": 60.0, "population_elderly": 428.0 }, "geometry": { "type": "Polygon", "coordinates": [ [ [ 139.621875, 35.4187525 ], [ 139.625, 35.4187525 ], [ 139.625, 35.420835 ], [ 139.621875, 35.420835 ], [ 139.621875, 35.4187525 ] ] ] } },
{ "type": "Feature", "properties": { "mesh_code": "5339150011", "population": 1073.0, "population_child": 132.0, "population_elderly": 261.0 }, "geometry": { "type": "Polygon", "coordinates": [ [ [ 139.625, 35.41667 ], [ 139.628125, 35.41667 ], [ 139.628125, 35.4187525 ], [ 139.625, 35.4187525 ], [ 139.625, 35.41667 ] ] ] } },
{ "type": "Feature", "properties": { "mesh_code": "5339150012", "population": 1131.0, "population_child": 105.0, "population_elderly": 264.0 }, "geometry": { "type": "Polygon", "coordinates": [ [ [ 139.628125, 35.41667 ], [ 139.63125, 35.41667 ], [ 139.63125, 35.4187525 ], [ 139.628125, 35.4187525 ], [ 139.628125, 35.41667 ] ] ] } },
{ "type": "Feature", "properties": { "mesh_code": "5339150013", "population": 671.0, "population_child": 55.0, "population_elderly": 180.0 }, "geometry": { "type": "Polygon", "coordinates": [ [ [ 139.625, 35.4187525 ], [ 139.628125, 35.4187525 ], [ 139.628125, 35.420835 ], [ 139.625, 35.420835 ], [ 139.625, 35.4187525 ] ] ] } },
{ "type": "Feature", "properties": { "mesh_code": "5339150014", "population": 784.0, "population_child": 68.0, "population_elderly": 267.0 }, "geometry": { "type": "Polygon", "coordinates": [ [ [ 139.628125, 35.4187525 ], [ 139.63125, 35.4187525 ], [ 139.63125, 35.420835 ], [ 139.628125, 35.420835 ], [ 139.628125, 35.4187525 ] ] ] } },
{ "type": "Feature", "properties": { "mesh_code": "5339150021", "population": 690.0, "population_child": 68.0, "population_elderly": 196.0 }, "geometry": { "type": "Polygon", "coordinates": [ [ [ 139.63125, 35.41667 ], [ 139.634375, 35.41667 ], [ 139.634375, 35.4187525 ], [ 139.63125, 35.4187525 ], [ 139.63125, 35.41667 ] ] ] } },
{ "type": "Feature", "properties": { "mesh_code": "5339150022", "population": 1282.0, "population_child": 190.0, "population_elderly": 216.0 }, "geometry": { "type": "Polygon", "coordinates": [ [ [ 139.634375, 35.41667 ], [ 139.6375, 35.41667 ], [ 139.6375, 35.4187525 ], [ 139.634375, 35.4187525 ], [ 139.634375, 35.41667 ] ] ] } },
{ "type": "Feature", "properties": { "mesh_code": "5339150023", "population": 423.0, "population_child": 57.0, "population_elderly": 56.0 }, "geometry": { "type": "Polygon", "coordinates": [ [ [ 139.63125, 35.4187525 ], [ 139.634375, 35.4187525 ], [ 139.634375, 35.420835 ], [ 139.63125, 35.420835 ], [ 139.63125, 35.4187525 ] ] ] } },
{ "type": "Feature", "properties": { "mesh_code": "5339150024", "population": 1279.0, "population_child": 226.0, "population_elderly": 265.0 }, "geometry": { "type": "Polygon", "coordinates": [ [ [ 139.634375, 35.4187525 ], [ 139.6375, 35.4187525 ], [ 139.6375, 35.420835 ], [ 139.634375, 35.420835 ], [ 139.634375, 35.4187525 ] ] ] } },
{ "type": "Feature", "properties": { "mesh_code": "5339150111", "population": 1256.0, "population_child": 112.0, "population_elderly": 253.0 }, "geometry": { "type": "Polygon", "coordinates": [ [ [ 139.6375, 35.41667 ], [ 139.640625, 35.41667 ], [ 139.640625, 35.4187525 ], [ 139.6375, 35.4187525 ], [ 139.6375, 35.41667 ] ] ] } },
{ "type": "Feature", "properties": { "mesh_code": "5339150112", "population": 1249.0, "population_child": 264.0, "population_elderly": 137.0 }, "geometry": { "type": "Polygon", "coordinates": [ [ [ 139.640625, 35.41667 ], [ 139.64375, 35.41667 ], [ 139.64375, 35.4187525 ], [ 139.640625, 35.4187525 ], [ 139.640625, 35.41667 ] ] ] } },
{ "type": "Feature", "properties": { "mesh_code": "5339150113", "population": 1131.0, "population_child": 180.0, "population_elderly": 242.0 }, "geometry": { "type": "Polygon", "coordinates": [ [ [ 139.6375, 35.4187525 ], [ 139.640625, 35.4187525 ], [ 139.640625, 35.420835 ], [ 139.6375, 35.420835 ], [ 139.6375, 35.4187525 ] ] ] } },
{ "type": "Feature", "properties": { "mesh_code": "5339150114", "population": 743.0, "population_child": 101.0, "population_elderly": 172.0 }, "geometry": { "type": "Polygon", "coordinates": [ [ [ 139.640625, 35.4187525 ], [ 139.64375, 35.4187525 ], [ 139.64375, 35.420835 ], [ 139.640625, 35.420835 ], [ 139.640625, 35.4187525 ] ] ] } },
{ "type": "Feature", "properties": { "mesh_code": "5339150211", "population": 138.0, "population_child": 25.0, "population_elderly": 9.0 }, "geometry": { "type": "Polygon", "coordinates": [ [ [ 139.65, 35.41667 ], [ 139.653125, 35.41667 ], [ 139.653125, 35.4187525 ], [ 139.65, 35.4187525 ], [ 139.65, 35.41667 ] ] ] } },
{ "type": "Feature", "properties": { "mesh_code": "5339150212", "population": 90.0, "population_child": 8.0, "population_elderly": 35.0 }, "geometry": { "type": "Polygon", "coordinates": [ [ [ 139.653125, 35.41667 ], [ 139.65625, 35.41667 ], [ 139.65625, 35.4187525 ], [ 139.653125, 35.4187525 ], [ 139.653125, 35.41667 ] ] ] } },
{ "type": "Feature", "properties": { "mesh_code": "5339150213", "population": 1066.0, "population_child": 225.0, "population_elderly": 183.0 }, "geometry": { "type": "Polygon", "coordinates": [ [ [ 139.65, 35.4187525 ], [ 139.653125, 35.4187525 ], [ 139.653125, 35.420835 ], [ 139.65, 35.420835 ], [ 139.65, 35.4187525 ] ] ] } },
{ "type": "Feature", "properties": { "mesh_code": "5339150214", "population": 501.0, "population_child": 54.0, "population_elderly": 148.0 }, "geometry": { "type": "Polygon", "coordinates": [ [ [ 139.653125, 35.4187525 ], [ 139.65625, 35.4187525 ], [ 139.65625, 35.420835 ], [ 139.653125, 35.420835 ], [ 139.653125, 35.4187525 ] ] ] } },
{ "type": "Feature", "properties": { "mesh_code": "5339150221", "population": 68.0, "population_child": 7.0, "population_elderly": 8.0 }, "geometry": { "type": "Polygon", "coordinates": [ [ [ 139.65625, 35.41667 ], [ 139.659375, 35.41667 ], [ 139.659375, 35.4187525 ], [ 139.65625, 35.4187525 ], [ 139.65625, 35.41667 ] ] ] } },
{ "type": "Feature", "properties": { "mesh_code": "5339150222", "population": 84.0, "population_child": 9.0, "population_elderly": 28.0 }, "geometry": { "type": "Polygon", "coordinates": [ [ [ 139.659375, 35.41667 ], [ 139.6625, 35.41667 ], [ 139.6625, 35.4187525 ], [ 139.659375, 35.4187525 ], [ 139.659375, 35.41667 ] ] ] } },
{ "type": "Feature", "properties": { "mesh_code": "5339150223", "population": 676.0, "population_child": 102.0, "population_elderly": 184.0 }, "geometry": { "type": "Polygon", "coordinates": [ [ [ 139.65625, 35.4187525 ], [ 139.659375, 35.4187525 ], [ 139.659375, 35.420835 ], [ 139.65625, 35.420835 ], [ 139.65625, 35.4187525 ] ] ] } },
{ "type": "Feature", "properties": { "mesh_code": "5339150224", "population": 586.0, "population_child": 73.0, "population_elderly": 136.0 }, "geometry": { "type": "Polygon", "coordinates": [ [ [ 139.659375, 35.4187525 ], [ 139.6625, 35.4187525 ], [ 139.6625, 35.420835 ], [ 139.659375, 35.420835 ], [ 139.659375, 35.4187525 ] ] ] } },
{ "type": "Feature", "properties": { "mesh_code": "5339150311", "population": 699.0, "population_child": 128.0, "population_elderly": 203.0 }, "geometry": { "type": "Polygon", "coordinates": [ [ [ 139.6625, 35.41667 ], [ 139.665625, 35.41667 ], [ 139.665625, 35.4187525 ], [ 139.6625, 35.4187525 ], [ 139.6625, 35.41667 ] ] ] } },
{ "type": "Feature", "properties": { "mesh_code": "5339150312", "population": 1107.0, "population_child": 128.0, "population_elderly": 341.0 }, "geometry": { "type": "Polygon", "coordinates": [ [ [ 139.665625, 35.41667 ], [ 139.66875, 35.41667 ], [ 139.66875, 35.4187525 ], [ 139.665625, 35.4187525 ], [ 139.665625, 35.41667 ] ] ] } },
{ "type": "Feature", "properties": { "mesh_code": "5339150313", "population": 1074.0, "population_child": 128.0, "population_elderly": 297.0 }, "geometry": { "type": "Polygon", "coordinates": [ [ [ 139.6625, 35.4187525 ], [ 139.665625, 35.4187525 ], [ 139.665625, 35.420835 ], [ 139.6625, 35.420835 ], [ 139.6625, 35.4187525 ] ] ] } },
{ "type": "Feature", "properties": { "mesh_code": "5339150314", "population": 1196.0, "population_child": 138.0, "population_elderly": 342.0 }, "geometry": { "type": "Polygon", "coordinates": [ [ [ 139.665625, 35.4187525 ], [ 139.66875, 35.4187525 ], [ 139.66875, 35.420835 ], [ 139.665625, 35.420835 ], [ 139.665625, 35.4187525 ] ] ] } },
{ "type": "Feature", "properties": { "mesh_code": "5339150321", "population": 411.0, "population_child": 77.0, "population_elderly": 55.0 }, "geometry": { "type": "Polygon", "coordinates": [ [ [ 139.66875, 35.41667 ], [ 139.671875, 35.41667 ], [ 139.671875, 35.4187525 ], [ 139.66875, 35.4187525 ], [ 139.66875, 35.41667 ] ] ] } },
{ "type": "Feature", "properties": { "mesh_code": "5339150323", "population": 519.0, "population_child": 36.0, "population_elderly": 159.0 }, "geometry": { "type": "Polygon", "coordinates": [ [ [ 139.66875, 35.4187525 ], [ 139.671875, 35.4187525 ], [ 139.671875, 35.420835 ], [ 139.66875, 35.420835 ], [ 139.66875, 35.4187525 ] ] ] } },
{ "type": "Feature", "properties": { "mesh_code": "5339150123", "population": 739.0, "population_child": 90.0, "population_elderly": 182.0 }, "geometry": { "type": "Polygon", "coordinates": [ [ [ 139.64375, 35.4187525 ], [ 139.646875, 35.4187525 ], [ 139.646875, 35.420835 ], [ 139.64375, 35.420835 ], [ 139.64375, 35.4187525 ] ] ] } },
{ "type": "Feature", "properties": { "mesh_code": "5339150124", "population": 659.0, "population_child": 136.0, "population_elderly": 104.0 }, "geometry": { "type": "Polygon", "coordinates": [ [ [ 139.646875, 35.4187525 ], [ 139.65, 35.4187525 ], [ 139.65, 35.420835 ], [ 139.646875, 35.420835 ], [ 139.646875, 35.4187525 ] ] ] } },
{ "type": "Feature", "properties": { "mesh_code": "5339150121", "population": 3.0, "population_child": 0.0, "population_elderly": 0.0 }, "geometry": { "type": "Polygon", "coordinates": [ [ [ 139.64375, 35.41667 ], [ 139.646875, 35.41667 ], [ 139.646875, 35.4187525 ], [ 139.64375, 35.4187525 ], [ 139.64375, 35.41667 ] ] ] } },
{ "type": "Feature", "properties": { "mesh_code": "5339150122", "population": 10.0, "population_child": 0.0, "population_elderly": 0.0 }, "geometry": { "type": "Polygon", "coordinates": [ [ [ 139.646875, 35.41667 ], [ 139.65, 35.41667 ], [ 139.65, 35.4187525 ], [ 139.646875, 35.4187525 ], [ 139.646875, 35.41667 ] ] ] } },
{ "type": "Feature", "properties": { "mesh_code": "5339140842", "population": 785.0, "population_child": 67.0, "population_elderly": 178.0 }, "geometry": { "type": "Polygon", "coordinates": [ [ [ 139.609375, 35.420835 ], [ 139.6125, 35.420835 ], [ 139.6125, 35.4229175 ], [ 139.609375, 35.4229175 ], [ 139.609375, 35.420835 ] ] ] } },
{ "type": "Feature", "properties": { "mesh_code": "5339140844", "population": 1014.0, "population_child": 113.0, "population_elderly": 257.0 }, "geometry": { "type": "Polygon", "coordinates": [ [ [ 139.609375, 35.4229175 ], [ 139.6125, 35.4229175 ], [ 139.6125, 35.425 ], [ 139.609375, 35.425 ], [ 139.609375, 35.4229175 ] ] ] } },
{ "type": "Feature", "properties": { "mesh_code": "5339140931", "population": 1448.0, "population_child": 175.0, "population_elderly": 308.0 }, "geometry": { "type": "Polygon", "coordinates": [ [ [ 139.6125, 35.420835 ], [ 139.615625, 35.420835 ], [ 139.615625, 35.4229175 ], [ 139.6125, 35.4229175 ], [ 139.6125, 35.420835 ] ] ] } },
{ "type": "Feature", "properties": { "mesh_code": "5339140932", "population": 725.0, "population_child": 77.0, "population_elderly": 199.0 }, "geometry": { "type": "Polygon", "coordinates": [ [ [ 139.615625, 35.420835 ], [ 139.61875, 35.420835 ], [ 139.61875, 35.4229175 ], [ 139.615625, 35.4229175 ], [ 139.615625, 35.420835 ] ] ] } },
{ "type": "Feature", "properties": { "mesh_code": "5339140933", "population": 1002.0, "population_child": 107.0, "population_elderly": 220.0 }, "geometry": { "type": "Polygon", "coordinates": [ [ [ 139.6125, 35.4229175 ], [ 139.615625, 35.4229175 ], [ 139.615625, 35.425 ], [ 139.6125, 35.425 ], [ 139.6125, 35.4229175 ] ] ] } },
{ "type": "Feature", "properties": { "mesh_code": "5339140934", "population": 1012.0, "population_child": 145.0, "population_elderly": 257.0 }, "geometry": { "type": "Polygon", "coordinates": [ [ [ 139.615625, 35.4229175 ], [ 139.61875, 35.4229175 ], [ 139.61875, 35.425 ], [ 139.615625, 35.425 ], [ 139.615625, 35.4229175 ] ] ] } },
{ "type": "Feature", "properties": { "mesh_code": "5339140941", "population": 940.0, "population_child": 131.0, "population_elderly": 210.0 }, "geometry": { "type": "Polygon", "coordinates": [ [ [ 139.61875, 35.420835 ], [ 139.621875, 35.420835 ], [ 139.621875, 35.4229175 ], [ 139.61875, 35.4229175 ], [ 139.61875, 35.420835 ] ] ] } },
{ "type": "Feature", "properties": { "mesh_code": "5339140942", "population": 1071.0, "population_child": 99.0, "population_elderly": 348.0 }, "geometry": { "type": "Polygon", "coordinates": [ [ [ 139.621875, 35.420835 ], [ 139.625, 35.420835 ], [ 139.625, 35.4229175 ], [ 139.621875, 35.4229175 ], [ 139.621875, 35.420835 ] ] ] } },
{ "type": "Feature", "properties": { "mesh_code": "5339140943", "population": 1466.0, "population_child": 234.0, "population_elderly": 334.0 }, "geometry": { "type": "Polygon", "coordinates": [ [ [ 139.61875, 35.4229175 ], [ 139.621875, 35.4229175 ], [ 139.621875, 35.425 ], [ 139.61875, 35.425 ], [ 139.61875, 35.4229175 ] ] ] } },
{ "type": "Feature", "properties": { "mesh_code": "5339140944", "population": 1104.0, "population_child": 137.0, "population_elderly": 255.0 }, "geometry": { "type": "Polygon", "coordinates": [ [ [ 139.621875, 35.4229175 ], [ 139.625, 35.4229175 ], [ 139.625, 35.425 ], [ 139.621875, 35.425 ], [ 139.621875, 35.4229175 ] ] ] } },
{ "type": "Feature", "properties": { "mesh_code": "5339150031", "population": 881.0, "population_child": 81.0, "population_elderly": 253.0 }, "geometry": { "type": "Polygon", "coordinates": [ [ [ 139.625, 35.420835 ], [ 139.628125, 35.420835 ], [ 139.628125, 35.4229175 ], [ 139.625, 35.4229175 ], [ 139.625, 35.420835 ] ] ] } },
{ "type": "Feature", "properties": { "mesh_code": "5339150032", "population": 212.0, "population_child": 20.0, "population_elderly": 36.0 }, "geometry": { "type": "Polygon", "coordinates": [ [ [ 139.628125, 35.420835 ], [ 139.63125, 35.420835 ], [ 139.63125, 35.4229175 ], [ 139.628125, 35.4229175 ], [ 139.628125, 35.420835 ] ] ] } },
{ "type": "Feature", "properties": { "mesh_code": "5339150041", "population": 316.0, "population_child": 41.0, "population_elderly": 77.0 }, "geometry": { "type": "Polygon", "coordinates": [ [ [ 139.63125, 35.420835 ], [ 139.634375, 35.420835 ], [ 139.634375, 35.4229175 ], [ 139.63125, 35.4229175 ], [ 139.63125, 35.420835 ] ] ] } },
{ "type": "Feature", "properties": { "mesh_code": "5339150042", "population": 164.0, "population_child": 22.0, "population_elderly": 34.0 }, "geometry": { "type": "Polygon", "coordinates": [ [ [ 139.634375, 35.420835 ], [ 139.6375, 35.420835 ], [ 139.6375, 35.4229175 ], [ 139.634375, 35.4229175 ], [ 139.634375, 35.420835 ] ] ] } },
{ "type": "Feature", "properties": { "mesh_code": "5339150043", "population": 492.0, "population_child": 60.0, "population_elderly": 133.0 }, "geometry": { "type": "Polygon", "coordinates": [ [ [ 139.63125, 35.4229175 ], [ 139.634375, 35.4229175 ], [ 139.634375, 35.425 ], [ 139.63125, 35.425 ], [ 139.63125, 35.4229175 ] ] ] } },
{ "type": "Feature", "properties": { "mesh_code": "5339150044", "population": 226.0, "population_child": 28.0, "population_elderly": 66.0 }, "geometry": { "type": "Polygon", "coordinates": [ [ [ 139.634375, 35.4229175 ], [ 139.6375, 35.4229175 ], [ 139.6375, 35.425 ], [ 139.634375, 35.425 ], [ 139.634375, 35.4229175 ] ] ] } },
{ "type": "Feature", "properties": { "mesh_code": "5339150131", "population": 352.0, "population_child": 33.0, "population_elderly": 54.0 }, "geometry": { "type": "Polygon", "coordinates": [ [ [ 139.6375, 35.420835 ], [ 139.640625, 35.420835 ], [ 139.640625, 35.4229175 ], [ 139.6375, 35.4229175 ], [ 139.6375, 35.420835 ] ] ] } },
{ "type": "Feature", "properties": { "mesh_code": "5339150132", "population": 657.0, "population_child": 85.0, "population_elderly": 138.0 }, "geometry": { "type": "Polygon", "coordinates": [ [ [ 139.640625, 35.420835 ], [ 139.64375, 35.420835 ], [ 139.64375, 35.4229175 ], [ 139.640625, 35.4229175 ], [ 139.640625, 35.420835 ] ] ] } },
{ "type": "Feature", "properties": { "mesh_code": "5339150133", "population": 18.0, "population_child": 4.0, "population_elderly": 3.0 }, "geometry": { "type": "Polygon", "coordinates": [ [ [ 139.6375, 35.4229175 ], [ 139.640625, 35.4229175 ], [ 139.640625, 35.425 ], [ 139.6375, 35.425 ], [ 139.6375, 35.4229175 ] ] ] } },
{ "type": "Feature", "properties": { "mesh_code": "5339150134", "population": 1015.0, "population_child": 138.0, "population_elderly": 227.0 }, "geometry": { "type": "Polygon", "coordinates": [ [ [ 139.640625, 35.4229175 ], [ 139.64375, 35.4229175 ], [ 139.64375, 35.425 ], [ 139.640625, 35.425 ], [ 139.640625, 35.4229175 ] ] ] } },
{ "type": "Feature", "properties": { "mesh_code": "5339150141", "population": 874.0, "population_child": 105.0, "population_elderly": 216.0 }, "geometry": { "type": "Polygon", "coordinates": [ [ [ 139.64375, 35.420835 ], [ 139.646875, 35.420835 ], [ 139.646875, 35.4229175 ], [ 139.64375, 35.4229175 ], [ 139.64375, 35.420835 ] ] ] } },
{ "type": "Feature", "properties": { "mesh_code": "5339150142", "population": 821.0, "population_child": 129.0, "population_elderly": 113.0 }, "geometry": { "type": "Polygon", "coordinates": [ [ [ 139.646875, 35.420835 ], [ 139.65, 35.420835 ], [ 139.65, 35.4229175 ], [ 139.646875, 35.4229175 ], [ 139.646875, 35.420835 ] ] ] } },
{ "type": "Feature", "properties": { "mesh_code": "5339150143", "population": 1036.0, "population_child": 102.0, "population_elderly": 241.0 }, "geometry": { "type": "Polygon", "coordinates": [ [ [ 139.64375, 35.4229175 ], [ 139.646875, 35.4229175 ], [ 139.646875, 35.425 ], [ 139.64375, 35.425 ], [ 139.64375, 35.4229175 ] ] ] } },
{ "type": "Feature", "properties": { "mesh_code": "5339150144", "population": 766.0, "population_child": 97.0, "population_elderly": 147.0 }, "geometry": { "type": "Polygon", "coordinates": [ [ [ 139.646875, 35.4229175 ], [ 139.65, 35.4229175 ], [ 139.65, 35.425 ], [ 139.646875, 35.425 ], [ 139.646875, 35.4229175 ] ] ] } },
{ "type": "Feature", "properties": { "mesh_code": "5339150231", "population": 341.0, "population_child": 37.0, "population_elderly": 75.0 }, "geometry": { "type": "Polygon", "coordinates": [ [ [ 139.65, 35.420835 ], [ 139.653125, 35.420835 ], [ 139.653125, 35.4229175 ], [ 139.65, 35.4229175 ], [ 139.65, 35.420835 ] ] ] } },
{ "type": "Feature", "properties": { "mesh_code": "5339150232", "population": 570.0, "population_child": 77.0, "population_elderly": 127.0 }, "geometry": { "type": "Polygon", "coordinates": [ [ [ 139.653125, 35.420835 ], [ 139.65625, 35.420835 ], [ 139.65625, 35.4229175 ], [ 139.653125, 35.4229175 ], [ 139.653125, 35.420835 ] ] ] } },
{ "type": "Feature", "properties": { "mesh_code": "5339150233", "population": 515.0, "population_child": 34.0, "population_elderly": 156.0 }, "geometry": { "type": "Polygon", "coordinates": [ [ [ 139.65, 35.4229175 ], [ 139.653125, 35.4229175 ], [ 139.653125, 35.425 ], [ 139.65, 35.425 ], [ 139.65, 35.4229175 ] ] ] } },
{ "type": "Feature", "properties": { "mesh_code": "5339150234", "population": 614.0, "population_child": 85.0, "population_elderly": 145.0 }, "geometry": { "type": "Polygon", "coordinates": [ [ [ 139.653125, 35.4229175 ], [ 139.65625, 35.4229175 ], [ 139.65625, 35.425 ], [ 139.653125, 35.425 ], [ 139.653125, 35.4229175 ] ] ] } },
{ "type": "Feature", "properties": { "mesh_code": "5339150241", "population": 581.0, "population_child": 71.0, "population_elderly": 136.0 }, "geometry": { "type": "Polygon", "coordinates": [ [ [ 139.65625, 35.420835 ], [ 139.659375, 35.420835 ], [ 139.659375, 35.4229175 ], [ 139.65625, 35.4229175 ], [ 139.65625, 35.420835 ] ] ] } },
{ "type": "Feature", "properties": { "mesh_code": "5339150242", "population": 573.0, "population_child": 79.0, "population_elderly": 148.0 }, "geometry": { "type": "Polygon", "coordinates": [ [ [ 139.659375, 35.420835 ], [ 139.6625, 35.420835 ], [ 139.6625, 35.4229175 ], [ 139.659375, 35.4229175 ], [ 139.659375, 35.420835 ] ] ] } },
{ "type": "Feature", "properties": { "mesh_code": "5339150243", "population": 151.0, "population_child": 14.0, "population_elderly": 37.0 }, "geometry": { "type": "Polygon", "coordinates": [ [ [ 139.65625, 35.4229175 ], [ 139.659375, 35.4229175 ], [ 139.659375, 35.425 ], [ 139.65625, 35.425 ], [ 139.65625, 35.4229175 ] ] ] } },
{ "type": "Feature", "properties": { "mesh_code": "5339150244", "population": 223.0, "population_child": 28.0, "population_elderly": 63.0 }, "geometry": { "type": "Polygon", "coordinates": [ [ [ 139.659375, 35.4229175 ], [ 139.6625, 35.4229175 ], [ 139.6625, 35.425 ], [ 139.659375, 35.425 ], [ 139.659375, 35.4229175 ] ] ] } },
{ "type": "Feature", "properties": { "mesh_code": "5339150331", "population": 820.0, "population_child": 84.0, "population_elderly": 206.0 }, "geometry": { "type": "Polygon", "coordinates": [ [ [ 139.6625, 35.420835 ], [ 139.665625, 35.420835 ], [ 139.665625, 35.4229175 ], [ 139.6625, 35.4229175 ], [ 139.6625, 35.420835 ] ] ] } },
{ "type": "Feature", "properties": { "mesh_code": "5339150332", "population": 965.0, "population_child": 114.0, "population_elderly": 288.0 }, "geometry": { "type": "Polygon", "coordinates": [ [ [ 139.665625, 35.420835 ], [ 139.66875, 35.420835 ], [ 139.66875, 35.4229175 ], [ 139.665625, 35.4229175 ], [ 139.665625, 35.420835 ] ] ] } },
{ "type": "Feature", "properties": { "mesh_code": "5339150333", "population": 325.0, "population_child": 64.0, "population_elderly": 50.0 }, "geometry": { "type": "Polygon", "coordinates": [ [ [ 139.6625, 35.4229175 ], [ 139.665625, 35.4229175 ], [ 139.665625, 35.425 ], [ 139.6625, 35.425 ], [ 139.6625, 35.4229175 ] ] ] } },
{ "type": "Feature", "properties": { "mesh_code": "5339150334", "population": 1578.0, "population_child": 200.0, "population_elderly": 400.0 }, "geometry": { "type": "Polygon", "coordinates": [ [ [ 139.665625, 35.4229175 ], [ 139.66875, 35.4229175 ], [ 139.66875, 35.425 ], [ 139.665625, 35.425 ], [ 139.665625, 35.4229175 ] ] ] } },
{ "type": "Feature", "properties": { "mesh_code": "5339150341", "population": 534.0, "population_child": 49.0, "population_elderly": 184.0 }, "geometry": { "type": "Polygon", "coordinates": [ [ [ 139.66875, 35.420835 ], [ 139.671875, 35.420835 ], [ 139.671875, 35.4229175 ], [ 139.66875, 35.4229175 ], [ 139.66875, 35.420835 ] ] ] } },
{ "type": "Feature", "properties": { "mesh_code": "5339150343", "population": 593.0, "population_child": 66.0, "population_elderly": 151.0 }, "geometry": { "type": "Polygon", "coordinates": [ [ [ 139.66875, 35.4229175 ], [ 139.671875, 35.4229175 ], [ 139.671875, 35.425 ], [ 139.66875, 35.425 ], [ 139.66875, 35.4229175 ] ] ] } },
{ "type": "Feature", "properties": { "mesh_code": "5339150033", "population": 518.0, "population_child": 71.0, "population_elderly": 130.0 }, "geometry": { "type": "Polygon", "coordinates": [ [ [ 139.625, 35.4229175 ], [ 139.628125, 35.4229175 ], [ 139.628125, 35.425 ], [ 139.625, 35.425 ], [ 139.625, 35.4229175 ] ] ] } },
{ "type": "Feature", "properties": { "mesh_code": "5339150034", "population": 5.0, "population_child": 0.0, "population_elderly": 0.0 }, "geometry": { "type": "Polygon", "coordinates": [ [ [ 139.628125, 35.4229175 ], [ 139.63125, 35.4229175 ], [ 139.63125, 35.425 ], [ 139.628125, 35.425 ], [ 139.628125, 35.4229175 ] ] ] } },
{ "type": "Feature", "properties": { "mesh_code": "5339141822", "population": 512.0, "population_child": 37.0, "population_elderly": 135.0 }, "geometry": { "type": "Polygon", "coordinates": [ [ [ 139.609375, 35.425 ], [ 139.6125, 35.425 ], [ 139.6125, 35.4270825 ], [ 139.609375, 35.4270825 ], [ 139.609375, 35.425 ] ] ] } },
{ "type": "Feature", "properties": { "mesh_code": "5339141824", "population": 631.0, "population_child": 52.0, "population_elderly": 209.0 }, "geometry": { "type": "Polygon", "coordinates": [ [ [ 139.609375, 35.4270825 ], [ 139.6125, 35.4270825 ], [ 139.6125, 35.429165 ], [ 139.609375, 35.429165 ], [ 139.609375, 35.4270825 ] ] ] } },
{ "type": "Feature", "properties": { "mesh_code": "5339141911", "population": 722.0, "population_child": 62.0, "population_elderly": 230.0 }, "geometry": { "type": "Polygon", "coordinates": [ [ [ 139.6125, 35.425 ], [ 139.615625, 35.425 ], [ 139.615625, 35.4270825 ], [ 139.6125, 35.4270825 ], [ 139.6125, 35.425 ] ] ] } },
{ "type": "Feature", "properties": { "mesh_code": "5339141912", "population": 826.0, "population_child": 87.0, "population_elderly": 225.0 }, "geometry": { "type": "Polygon", "coordinates": [ [ [ 139.615625, 35.425 ], [ 139.61875, 35.425 ], [ 139.61875, 35.4270825 ], [ 139.615625, 35.4270825 ], [ 139.615625, 35.425 ] ] ] } },
{ "type": "Feature", "properties": { "mesh_code": "5339141913", "population": 1242.0, "population_child": 99.0, "population_elderly": 414.0 }, "geometry": { "type": "Polygon", "coordinates": [ [ [ 139.6125, 35.4270825 ], [ 139.615625, 35.4270825 ], [ 139.615625, 35.429165 ], [ 139.6125, 35.429165 ], [ 139.6125, 35.4270825 ] ] ] } },
{ "type": "Feature", "properties": { "mesh_code": "5339141914", "population": 938.0, "population_child": 75.0, "population_elderly": 320.0 }, "geometry": { "type": "Polygon", "coordinates": [ [ [ 139.615625, 35.4270825 ], [ 139.61875, 35.4270825 ], [ 139.61875, 35.429165 ], [ 139.615625, 35.429165 ], [ 139.615625, 35.4270825 ] ] ] } },
{ "type": "Feature", "properties": { "mesh_code": "5339141921", "population": 1034.0, "population_child": 110.0, "population_elderly": 236.0 }, "geometry": { "type": "Polygon", "coordinates": [ [ [ 139.61875, 35.425 ], [ 139.621875, 35.425 ], [ 139.621875, 35.4270825 ], [ 139.61875, 35.4270825 ], [ 139.61875, 35.425 ] ] ] } },
{ "type": "Feature", "properties": { "mesh_code": "5339141922", "population": 933.0, "population_child": 71.0, "population_elderly": 288.0 }, "geometry": { "type": "Polygon", "coordinates": [ [ [ 139.621875, 35.425 ], [ 139.625, 35.425 ], [ 139.625, 35.4270825 ], [ 139.621875, 35.4270825 ], [ 139.621875, 35.425 ] ] ] } },
{ "type": "Feature", "properties": { "mesh_code": "5339141923", "population": 232.0, "population_child": 36.0, "population_elderly": 29.0 }, "geometry": { "type": "Polygon", "coordinates": [ [ [ 139.61875, 35.4270825 ], [ 139.621875, 35.4270825 ], [ 139.621875, 35.429165 ], [ 139.61875, 35.429165 ], [ 139.61875, 35.4270825 ] ] ] } },
{ "type": "Feature", "properties": { "mesh_code": "5339141924", "population": 1192.0, "population_child": 87.0, "population_elderly": 488.0 }, "geometry": { "type": "Polygon", "coordinates": [ [ [ 139.621875, 35.4270825 ], [ 139.625, 35.4270825 ], [ 139.625, 35.429165 ], [ 139.621875, 35.429165 ], [ 139.621875, 35.4270825 ] ] ] } },
{ "type": "Feature", "properties": { "mesh_code": "5339151011", "population": 125.0, "population_child": 12.0, "population_elderly": 32.0 }, "geometry": { "type": "Polygon", "coordinates": [ [ [ 139.625, 35.425 ], [ 139.628125, 35.425 ], [ 139.628125, 35.4270825 ], [ 139.625, 35.4270825 ], [ 139.625, 35.425 ] ] ] } },
{ "type": "Feature", "properties": { "mesh_code": "5339151012", "population": 17.0, "population_child": 0.0, "population_elderly": 10.0 }, "geometry": { "type": "Polygon", "coordinates": [ [ [ 139.628125, 35.425 ], [ 139.63125, 35.425 ], [ 139.63125, 35.4270825 ], [ 139.628125, 35.4270825 ], [ 139.628125, 35.425 ] ] ] } },
{ "type": "Feature", "properties": { "mesh_code": "5339151013", "population": 161.0, "population_child": 13.0, "population_elderly": 50.0 }, "geometry": { "type": "Polygon", "coordinates": [ [ [ 139.625, 35.4270825 ], [ 139.628125, 35.4270825 ], [ 139.628125, 35.429165 ], [ 139.625, 35.429165 ], [ 139.625, 35.4270825 ] ] ] } },
{ "type": "Feature", "properties": { "mesh_code": "5339151014", "population": 597.0, "population_child": 85.0, "population_elderly": 126.0 }, "geometry": { "type": "Polygon", "coordinates": [ [ [ 139.628125, 35.4270825 ], [ 139.63125, 35.4270825 ], [ 139.63125, 35.429165 ], [ 139.628125, 35.429165 ], [ 139.628125, 35.4270825 ] ] ] } },
{ "type": "Feature", "properties": { "mesh_code": "5339151021", "population": 105.0, "population_child": 7.0, "population_elderly": 31.0 }, "geometry": { "type": "Polygon", "coordinates": [ [ [ 139.63125, 35.425 ], [ 139.634375, 35.425 ], [ 139.634375, 35.4270825 ], [ 139.63125, 35.4270825 ], [ 139.63125, 35.425 ] ] ] } },
{ "type": "Feature", "properties": { "mesh_code": "5339151022", "population": 420.0, "population_child": 57.0, "population_elderly": 126.0 }, "geometry": { "type": "Polygon", "coordinates": [ [ [ 139.634375, 35.425 ], [ 139.6375, 35.425 ], [ 139.6375, 35.4270825 ], [ 139.634375, 35.4270825 ], [ 139.634375, 35.425 ] ] ] } },
{ "type": "Feature", "properties": { "mesh_code": "5339151023", "population": 615.0, "population_child": 51.0, "population_elderly": 223.0 }, "geometry": { "type": "Polygon", "coordinates": [ [ [ 139.63125, 35.4270825 ], [ 139.634375, 35.4270825 ], [ 139.634375, 35.429165 ], [ 139.63125, 35.429165 ], [ 139.63125, 35.4270825 ] ] ] } },
{ "type": "Feature", "properties": { "mesh_code": "5339151024", "population": 875.0, "population_child": 83.0, "population_elderly": 288.0 }, "geometry": { "type": "Polygon", "coordinates": [ [ [ 139.634375, 35.4270825 ], [ 139.6375, 35.4270825 ], [ 139.6375, 35.429165 ], [ 139.634375, 35.429165 ], [ 139.634375, 35.4270825 ] ] ] } },
{ "type": "Feature", "properties": { "mesh_code": "5339151111", "population": 1024.0, "population_child": 124.0, "population_elderly": 228.0 }, "geometry": { "type": "Polygon", "coordinates": [ [ [ 139.6375, 35.425 ], [ 139.640625, 35.425 ], [ 139.640625, 35.4270825 ], [ 139.6375, 35.4270825 ], [ 139.6375, 35.425 ] ] ] } },
{ "type": "Feature", "properties": { "mesh_code": "5339151112", "population": 1262.0, "population_child": 170.0, "population_elderly": 257.0 }, "geometry": { "type": "Polygon", "coordinates": [ [ [ 139.640625, 35.425 ], [ 139.64375, 35.425 ], [ 139.64375, 35.4270825 ], [ 139.640625, 35.4270825 ], [ 139.640625, 35.425 ] ] ] } },
{ "type": "Feature", "properties": { "mesh_code": "5339151113", "population": 838.0, "population_child": 75.0, "population_elderly": 194.0 }, "geometry": { "type": "Polygon", "coordinates": [ [ [ 139.6375, 35.4270825 ], [ 139.640625, 35.4270825 ], [ 139.640625, 35.429165 ], [ 139.6375, 35.429165 ], [ 139.6375, 35.4270825 ] ] ] } },
{ "type": "Feature", "properties": { "mesh_code": "5339151114", "population": 990.0, "population_child": 183.0, "population_elderly": 167.0 }, "geometry": { "type": "Polygon", "coordinates": [ [ [ 139.640625, 35.4270825 ], [ 139.64375, 35.4270825 ], [ 139.64375, 35.429165 ], [ 139.640625, 35.429165 ], [ 139.640625, 35.4270825 ] ] ] } },
{ "type": "Feature", "properties": { "mesh_code": "5339151121", "population": 389.0, "population_child": 26.0, "population_elderly": 76.0 }, "geometry": { "type": "Polygon", "coordinates": [ [ [ 139.64375, 35.425 ], [ 139.646875, 35.425 ], [ 139.646875, 35.4270825 ], [ 139.64375, 35.4270825 ], [ 139.64375, 35.425 ] ] ] } },
{ "type": "Feature", "properties": { "mesh_code": "5339151122", "population": 885.0, "population_child": 100.0, "population_elderly": 172.0 }, "geometry": { "type": "Polygon", "coordinates": [ [ [ 139.646875, 35.425 ], [ 139.65, 35.425 ], [ 139.65, 35.4270825 ], [ 139.646875, 35.4270825 ], [ 139.646875, 35.425 ] ] ] } },
{ "type": "Feature", "properties": { "mesh_code": "5339151123", "population": 666.0, "population_child": 48.0, "population_elderly": 143.0 }, "geometry": { "type": "Polygon", "coordinates": [ [ [ 139.64375, 35.4270825 ], [ 139.646875, 35.4270825 ], [ 139.646875, 35.429165 ], [ 139.64375, 35.429165 ], [ 139.64375, 35.4270825 ] ] ] } },
{ "type": "Feature", "properties": { "mesh_code": "5339151124", "population": 604.0, "population_child": 57.0, "population_elderly": 155.0 }, "geometry": { "type": "Polygon", "coordinates": [ [ [ 139.646875, 35.4270825 ], [ 139.65, 35.4270825 ], [ 139.65, 35.429165 ], [ 139.646875, 35.429165 ], [ 139.646875, 35.4270825 ] ] ] } },
{ "type": "Feature", "properties": { "mesh_code": "5339151211", "population": 1072.0, "population_child": 165.0, "population_elderly": 187.0 }, "geometry": { "type": "Polygon", "coordinates": [ [ [ 139.65, 35.425 ], [ 139.653125, 35.425 ], [ 139.653125, 35.4270825 ], [ 139.65, 35.4270825 ], [ 139.65, 35.425 ] ] ] } },
{ "type": "Feature", "properties": { "mesh_code": "5339151212", "population": 829.0, "population_child": 107.0, "population_elderly": 225.0 }, "geometry": { "type": "Polygon", "coordinates": [ [ [ 139.653125, 35.425 ], [ 139.65625, 35.425 ], [ 139.65625, 35.4270825 ], [ 139.653125, 35.4270825 ], [ 139.653125, 35.425 ] ] ] } },
{ "type": "Feature", "properties": { "mesh_code": "5339151213", "population": 647.0, "population_child": 81.0, "population_elderly": 120.0 }, "geometry": { "type": "Polygon", "coordinates": [ [ [ 139.65, 35.4270825 ], [ 139.653125, 35.4270825 ], [ 139.653125, 35.429165 ], [ 139.65, 35.429165 ], [ 139.65, 35.4270825 ] ] ] } },
{ "type": "Feature", "properties": { "mesh_code": "5339151214", "population": 690.0, "population_child": 52.0, "population_elderly": 187.0 }, "geometry": { "type": "Polygon", "coordinates": [ [ [ 139.653125, 35.4270825 ], [ 139.65625, 35.4270825 ], [ 139.65625, 35.429165 ], [ 139.653125, 35.429165 ], [ 139.653125, 35.4270825 ] ] ] } },
{ "type": "Feature", "properties": { "mesh_code": "5339151221", "population": 315.0, "population_child": 29.0, "population_elderly": 102.0 }, "geometry": { "type": "Polygon", "coordinates": [ [ [ 139.65625, 35.425 ], [ 139.659375, 35.425 ], [ 139.659375, 35.4270825 ], [ 139.65625, 35.4270825 ], [ 139.65625, 35.425 ] ] ] } },
{ "type": "Feature", "properties": { "mesh_code": "5339151222", "population": 208.0, "population_child": 15.0, "population_elderly": 71.0 }, "geometry": { "type": "Polygon", "coordinates": [ [ [ 139.659375, 35.425 ], [ 139.6625, 35.425 ], [ 139.6625, 35.4270825 ], [ 139.659375, 35.4270825 ], [ 139.659375, 35.425 ] ] ] } },
{ "type": "Feature", "properties": { "mesh_code": "5339151223", "population": 688.0, "population_child": 69.0, "population_elderly": 188.0 }, "geometry": { "type": "Polygon", "coordinates": [ [ [ 139.65625, 35.4270825 ], [ 139.659375, 35.4270825 ], [ 139.659375, 35.429165 ], [ 139.65625, 35.429165 ], [ 139.65625, 35.4270825 ] ] ] } },
{ "type": "Feature", "properties": { "mesh_code": "5339151224", "population": 815.0, "population_child": 73.0, "population_elderly": 276.0 }, "geometry": { "type": "Polygon", "coordinates": [ [ [ 139.659375, 35.4270825 ], [ 139.6625, 35.4270825 ], [ 139.6625, 35.429165 ], [ 139.659375, 35.429165 ], [ 139.659375, 35.4270825 ] ] ] } },
{ "type": "Feature", "properties": { "mesh_code": "5339151311", "population": 329.0, "population_child": 36.0, "population_elderly": 84.0 }, "geometry": { "type": "Polygon", "coordinates": [ [ [ 139.6625, 35.425 ], [ 139.665625, 35.425 ], [ 139.665625, 35.4270825 ], [ 139.6625, 35.4270825 ], [ 139.6625, 35.425 ] ] ] } },
{ "type": "Feature", "properties": { "mesh_code": "5339151312", "population": 1250.0, "population_child": 132.0, "population_elderly": 338.0 }, "geometry": { "type": "Polygon", "coordinates": [ [ [ 139.665625, 35.425 ], [ 139.66875, 35.425 ], [ 139.66875, 35.4270825 ], [ 139.665625, 35.4270825 ], [ 139.665625, 35.425 ] ] ] } },
{ "type": "Feature", "properties": { "mesh_code": "5339151313", "population": 1719.0, "population_child": 334.0, "population_elderly": 180.0 }, "geometry": { "type": "Polygon", "coordinates": [ [ [ 139.6625, 35.4270825 ], [ 139.665625, 35.4270825 ], [ 139.665625, 35.429165 ], [ 139.6625, 35.429165 ], [ 139.6625, 35.4270825 ] ] ] } },
{ "type": "Feature", "properties": { "mesh_code": "5339151314", "population": 630.0, "population_child": 49.0, "population_elderly": 241.0 }, "geometry": { "type": "Polygon", "coordinates": [ [ [ 139.665625, 35.4270825 ], [ 139.66875, 35.4270825 ], [ 139.66875, 35.429165 ], [ 139.665625, 35.429165 ], [ 139.665625, 35.4270825 ] ] ] } },
{ "type": "Feature", "properties": { "mesh_code": "5339151323", "population": 151.0, "population_child": 10.0, "population_elderly": 6.0 }, "geometry": { "type": "Polygon", "coordinates": [ [ [ 139.66875, 35.4270825 ], [ 139.671875, 35.4270825 ], [ 139.671875, 35.429165 ], [ 139.66875, 35.429165 ], [ 139.66875, 35.4270825 ] ] ] } },
{ "type": "Feature", "properties": { "mesh_code": "5339151321", "population": 772.0, "population_child": 84.0, "population_elderly": 255.0 }, "geometry": { "type": "Polygon", "coordinates": [ [ [ 139.66875, 35.425 ], [ 139.671875, 35.425 ], [ 139.671875, 35.4270825 ], [ 139.66875, 35.4270825 ], [ 139.66875, 35.425 ] ] ] } },
{ "type": "Feature", "properties": { "mesh_code": "5339151322", "population": 1.0, "population_child": 0.0, "population_elderly": 0.0 }, "geometry": { "type": "Polygon", "coordinates": [ [ [ 139.671875, 35.425 ], [ 139.675, 35.425 ], [ 139.675, 35.4270825 ], [ 139.671875, 35.4270825 ], [ 139.671875, 35.425 ] ] ] } },
{ "type": "Feature", "properties": { "mesh_code": "5339141842", "population": 1819.0, "population_child": 135.0, "population_elderly": 430.0 }, "geometry": { "type": "Polygon", "coordinates": [ [ [ 139.609375, 35.429165 ], [ 139.6125, 35.429165 ], [ 139.6125, 35.4312475 ], [ 139.609375, 35.4312475 ], [ 139.609375, 35.429165 ] ] ] } },
{ "type": "Feature", "properties": { "mesh_code": "5339141844", "population": 1375.0, "population_child": 118.0, "population_elderly": 326.0 }, "geometry": { "type": "Polygon", "coordinates": [ [ [ 139.609375, 35.4312475 ], [ 139.6125, 35.4312475 ], [ 139.6125, 35.43333 ], [ 139.609375, 35.43333 ], [ 139.609375, 35.4312475 ] ] ] } },
{ "type": "Feature", "properties": { "mesh_code": "5339141931", "population": 1560.0, "population_child": 126.0, "population_elderly": 409.0 }, "geometry": { "type": "Polygon", "coordinates": [ [ [ 139.6125, 35.429165 ], [ 139.615625, 35.429165 ], [ 139.615625, 35.4312475 ], [ 139.6125, 35.4312475 ], [ 139.6125, 35.429165 ] ] ] } },
{ "type": "Feature", "properties": { "mesh_code": "5339141932", "population": 1447.0, "population_child": 156.0, "population_elderly": 298.0 }, "geometry": { "type": "Polygon", "coordinates": [ [ [ 139.615625, 35.429165 ], [ 139.61875, 35.429165 ], [ 139.61875, 35.4312475 ], [ 139.615625, 35.4312475 ], [ 139.615625, 35.429165 ] ] ] } },
{ "type": "Feature", "properties": { "mesh_code": "5339141933", "population": 2156.0, "population_child": 185.0, "population_elderly": 451.0 }, "geometry": { "type": "Polygon", "coordinates": [ [ [ 139.6125, 35.4312475 ], [ 139.615625, 35.4312475 ], [ 139.615625, 35.43333 ], [ 139.6125, 35.43333 ], [ 139.6125, 35.4312475 ] ] ] } },
{ "type": "Feature", "properties": { "mesh_code": "5339141934", "population": 1420.0, "population_child": 126.0, "population_elderly": 483.0 }, "geometry": { "type": "Polygon", "coordinates": [ [ [ 139.615625, 35.4312475 ], [ 139.61875, 35.4312475 ], [ 139.61875, 35.43333 ], [ 139.615625, 35.43333 ], [ 139.615625, 35.4312475 ] ] ] } },
{ "type": "Feature", "properties": { "mesh_code": "5339141941", "population": 738.0, "population_child": 77.0, "population_elderly": 238.0 }, "geometry": { "type": "Polygon", "coordinates": [ [ [ 139.61875, 35.429165 ], [ 139.621875, 35.429165 ], [ 139.621875, 35.4312475 ], [ 139.61875, 35.4312475 ], [ 139.61875, 35.429165 ] ] ] } },
{ "type": "Feature", "properties": { "mesh_code": "5339141942", "population": 742.0, "population_child": 55.0, "population_elderly": 293.0 }, "geometry": { "type": "Polygon", "coordinates": [ [ [ 139.621875, 35.429165 ], [ 139.625, 35.429165 ], [ 139.625, 35.4312475 ], [ 139.621875, 35.4312475 ], [ 139.621875, 35.429165 ] ] ] } },
{ "type": "Feature", "properties": { "mesh_code": "5339141943", "population": 836.0, "population_child": 31.0, "population_elderly": 194.0 }, "geometry": { "type": "Polygon", "coordinates": [ [ [ 139.61875, 35.4312475 ], [ 139.621875, 35.4312475 ], [ 139.621875, 35.43333 ], [ 139.61875, 35.43333 ], [ 139.61875, 35.4312475 ] ] ] } },
{ "type": "Feature", "properties": { "mesh_code": "5339141944", "population": 1487.0, "population_child": 163.0, "population_elderly": 251.0 }, "geometry": { "type": "Polygon", "coordinates": [ [ [ 139.621875, 35.4312475 ], [ 139.625, 35.4312475 ], [ 139.625, 35.43333 ], [ 139.621875, 35.43333 ], [ 139.621875, 35.4312475 ] ] ] } },
{ "type": "Feature", "properties": { "mesh_code": "5339151031", "population": 957.0, "population_child": 100.0, "population_elderly": 219.0 }, "geometry": { "type": "Polygon", "coordinates": [ [ [ 139.625, 35.429165 ], [ 139.628125, 35.429165 ], [ 139.628125, 35.4312475 ], [ 139.625, 35.4312475 ], [ 139.625, 35.429165 ] ] ] } },
{ "type": "Feature", "properties": { "mesh_code": "5339151032", "population": 1573.0, "population_child": 158.0, "population_elderly": 364.0 }, "geometry": { "type": "Polygon", "coordinates": [ [ [ 139.628125, 35.429165 ], [ 139.63125, 35.429165 ], [ 139.63125, 35.4312475 ], [ 139.628125, 35.4312475 ], [ 139.628125, 35.429165 ] ] ] } },
{ "type": "Feature", "properties": { "mesh_code": "5339151033", "population": 354.0, "population_child": 10.0, "population_elderly": 92.0 }, "geometry": { "type": "Polygon", "coordinates": [ [ [ 139.625, 35.4312475 ], [ 139.628125, 35.4312475 ], [ 139.628125, 35.43333 ], [ 139.625, 35.43333 ], [ 139.625, 35.4312475 ] ] ] } },
{ "type": "Feature", "properties": { "mesh_code": "5339151041", "population": 755.0, "population_child": 78.0, "population_elderly": 225.0 }, "geometry": { "type": "Polygon", "coordinates": [ [ [ 139.63125, 35.429165 ], [ 139.634375, 35.429165 ], [ 139.634375, 35.4312475 ], [ 139.63125, 35.4312475 ], [ 139.63125, 35.429165 ] ] ] } },
{ "type": "Feature", "properties": { "mesh_code": "5339151042", "population": 904.0, "population_child": 55.0, "population_elderly": 313.0 }, "geometry": { "type": "Polygon", "coordinates": [ [ [ 139.634375, 35.429165 ], [ 139.6375, 35.429165 ], [ 139.6375, 35.4312475 ], [ 139.634375, 35.4312475 ], [ 139.634375, 35.429165 ] ] ] } },
{ "type": "Feature", "properties": { "mesh_code": "5339151131", "population": 1122.0, "population_child": 101.0, "population_elderly": 345.0 }, "geometry": { "type": "Polygon", "coordinates": [ [ [ 139.6375, 35.429165 ], [ 139.640625, 35.429165 ], [ 139.640625, 35.4312475 ], [ 139.6375, 35.4312475 ], [ 139.6375, 35.429165 ] ] ] } },
{ "type": "Feature", "properties": { "mesh_code": "5339151132", "population": 678.0, "population_child": 89.0, "population_elderly": 154.0 }, "geometry": { "type": "Polygon", "coordinates": [ [ [ 139.640625, 35.429165 ], [ 139.64375, 35.429165 ], [ 139.64375, 35.4312475 ], [ 139.640625, 35.4312475 ], [ 139.640625, 35.429165 ] ] ] } },
{ "type": "Feature", "properties": { "mesh_code": "5339151141", "population": 985.0, "population_child": 109.0, "population_elderly": 195.0 }, "geometry": { "type": "Polygon", "coordinates": [ [ [ 139.64375, 35.429165 ], [ 139.646875, 35.429165 ], [ 139.646875, 35.4312475 ], [ 139.64375, 35.4312475 ], [ 139.64375, 35.429165 ] ] ] } },
{ "type": "Feature", "properties": { "mesh_code": "5339151142", "population": 1201.0, "population_child": 117.0, "population_elderly": 303.0 }, "geometry": { "type": "Polygon", "coordinates": [ [ [ 139.646875, 35.429165 ], [ 139.65, 35.429165 ], [ 139.65, 35.4312475 ], [ 139.646875, 35.4312475 ], [ 139.646875, 35.429165 ] ] ] } },
{ "type": "Feature", "properties": { "mesh_code": "5339151231", "population": 899.0, "population_child": 63.0, "population_elderly": 251.0 }, "geometry": { "type": "Polygon", "coordinates": [ [ [ 139.65, 35.429165 ], [ 139.653125, 35.429165 ], [ 139.653125, 35.4312475 ], [ 139.65, 35.4312475 ], [ 139.65, 35.429165 ] ] ] } },
{ "type": "Feature", "properties": { "mesh_code": "5339151232", "population": 804.0, "population_child": 74.0, "population_elderly": 236.0 }, "geometry": { "type": "Polygon", "coordinates": [ [ [ 139.653125, 35.429165 ], [ 139.65625, 35.429165 ], [ 139.65625, 35.4312475 ], [ 139.653125, 35.4312475 ], [ 139.653125, 35.429165 ] ] ] } },
{ "type": "Feature", "properties": { "mesh_code": "5339151241", "population": 1129.0, "population_child": 117.0, "population_elderly": 300.0 }, "geometry": { "type": "Polygon", "coordinates": [ [ [ 139.65625, 35.429165 ], [ 139.659375, 35.429165 ], [ 139.659375, 35.4312475 ], [ 139.65625, 35.4312475 ], [ 139.65625, 35.429165 ] ] ] } },
{ "type": "Feature", "properties": { "mesh_code": "5339151242", "population": 1758.0, "population_child": 200.0, "population_elderly": 422.0 }, "geometry": { "type": "Polygon", "coordinates": [ [ [ 139.659375, 35.429165 ], [ 139.6625, 35.429165 ], [ 139.6625, 35.4312475 ], [ 139.659375, 35.4312475 ], [ 139.659375, 35.429165 ] ] ] } },
{ "type": "Feature", "properties": { "mesh_code": "5339151324", "population": 514.0, "population_child": 30.0, "population_elderly": 60.0 }, "geometry": { "type": "Polygon", "coordinates": [ [ [ 139.671875, 35.4270825 ], [ 139.675, 35.4270825 ], [ 139.675, 35.429165 ], [ 139.671875, 35.429165 ], [ 139.671875, 35.4270825 ] ] ] } },
{ "type": "Feature", "properties": { "mesh_code": "5339151331", "population": 788.0, "population_child": 76.0, "population_elderly": 231.0 }, "geometry": { "type": "Polygon", "coordinates": [ [ [ 139.6625, 35.429165 ], [ 139.665625, 35.429165 ], [ 139.665625, 35.4312475 ], [ 139.6625, 35.4312475 ], [ 139.6625, 35.429165 ] ] ] } },
{ "type": "Feature", "properties": { "mesh_code": "5339151332", "population": 368.0, "population_child": 13.0, "population_elderly": 211.0 }, "geometry": { "type": "Polygon", "coordinates": [ [ [ 139.665625, 35.429165 ], [ 139.66875, 35.429165 ], [ 139.66875, 35.4312475 ], [ 139.665625, 35.4312475 ], [ 139.665625, 35.429165 ] ] ] } },
{ "type": "Feature", "properties": { "mesh_code": "5339151341", "population": 65.0, "population_child": 2.0, "population_elderly": 14.0 }, "geometry": { "type": "Polygon", "coordinates": [ [ [ 139.66875, 35.429165 ], [ 139.671875, 35.429165 ], [ 139.671875, 35.4312475 ], [ 139.66875, 35.4312475 ], [ 139.66875, 35.429165 ] ] ] } },
{ "type": "Feature", "properties": { "mesh_code": "5339151342", "population": 592.0, "population_child": 59.0, "population_elderly": 47.0 }, "geometry": { "type": "Polygon", "coordinates": [ [ [ 139.671875, 35.429165 ], [ 139.675, 35.429165 ], [ 139.675, 35.4312475 ], [ 139.671875, 35.4312475 ], [ 139.671875, 35.429165 ] ] ] } },
{ "type": "Feature", "properties": { "mesh_code": "5339151413", "population": 55.0, "population_child": 4.0, "population_elderly": 10.0 }, "geometry": { "type": "Polygon", "coordinates": [ [ [ 139.675, 35.4270825 ], [ 139.678125, 35.4270825 ], [ 139.678125, 35.429165 ], [ 139.675, 35.429165 ], [ 139.675, 35.4270825 ] ] ] } },
{ "type": "Feature", "properties": { "mesh_code": "5339151414", "population": 41.0, "population_child": 0.0, "population_elderly": 3.0 }, "geometry": { "type": "Polygon", "coordinates": [ [ [ 139.678125, 35.4270825 ], [ 139.68125, 35.4270825 ], [ 139.68125, 35.429165 ], [ 139.678125, 35.429165 ], [ 139.678125, 35.4270825 ] ] ] } },
{ "type": "Feature", "properties": { "mesh_code": "5339142822", "population": 738.0, "population_child": 80.0, "population_elderly": 159.0 }, "geometry": { "type": "Polygon", "coordinates": [ [ [ 139.609375, 35.43333 ], [ 139.6125, 35.43333 ], [ 139.6125, 35.435415 ], [ 139.609375, 35.435415 ], [ 139.609375, 35.43333 ] ] ] } },
{ "type": "Feature", "properties": { "mesh_code": "5339142911", "population": 680.0, "population_child": 64.0, "population_elderly": 134.0 }, "geometry": { "type": "Polygon", "coordinates": [ [ [ 139.6125, 35.43333 ], [ 139.615625, 35.43333 ], [ 139.615625, 35.435415 ], [ 139.6125, 35.435415 ], [ 139.6125, 35.43333 ] ] ] } },
{ "type": "Feature", "properties": { "mesh_code": "5339142912", "population": 1805.0, "population_child": 136.0, "population_elderly": 459.0 }, "geometry": { "type": "Polygon", "coordinates": [ [ [ 139.615625, 35.43333 ], [ 139.61875, 35.43333 ], [ 139.61875, 35.435415 ], [ 139.615625, 35.435415 ], [ 139.615625, 35.43333 ] ] ] } },
{ "type": "Feature", "properties": { "mesh_code": "5339142921", "population": 2697.0, "population_child": 185.0, "population_elderly": 603.0 }, "geometry": { "type": "Polygon", "coordinates": [ [ [ 139.61875, 35.43333 ], [ 139.621875, 35.43333 ], [ 139.621875, 35.435415 ], [ 139.61875, 35.435415 ], [ 139.61875, 35.43333 ] ] ] } },
{ "type": "Feature", "properties": { "mesh_code": "5339142922", "population": 2070.0, "population_child": 166.0, "population_elderly": 457.0 }, "geometry": { "type": "Polygon", "coordinates": [ [ [ 139.621875, 35.43333 ], [ 139.625, 35.43333 ], [ 139.625, 35.435415 ], [ 139.621875, 35.435415 ], [ 139.621875, 35.43333 ] ] ] } },
{ "type": "Feature", "properties": { "mesh_code": "5339151034", "population": 1120.0, "population_child": 92.0, "population_elderly": 373.0 }, "geometry": { "type": "Polygon", "coordinates": [ [ [ 139.628125, 35.4312475 ], [ 139.63125, 35.4312475 ], [ 139.63125, 35.43333 ], [ 139.628125, 35.43333 ], [ 139.628125, 35.4312475 ] ] ] } },
{ "type": "Feature", "properties": { "mesh_code": "5339151043", "population": 606.0, "population_child": 85.0, "population_elderly": 179.0 }, "geometry": { "type": "Polygon", "coordinates": [ [ [ 139.63125, 35.4312475 ], [ 139.634375, 35.4312475 ], [ 139.634375, 35.43333 ], [ 139.63125, 35.43333 ], [ 139.63125, 35.4312475 ] ] ] } },
{ "type": "Feature", "properties": { "mesh_code": "5339151044", "population": 1053.0, "population_child": 104.0, "population_elderly": 274.0 }, "geometry": { "type": "Polygon", "coordinates": [ [ [ 139.634375, 35.4312475 ], [ 139.6375, 35.4312475 ], [ 139.6375, 35.43333 ], [ 139.634375, 35.43333 ], [ 139.634375, 35.4312475 ] ] ] } },
{ "type": "Feature", "properties": { "mesh_code": "5339151133", "population": 799.0, "population_child": 58.0, "population_elderly": 235.0 }, "geometry": { "type": "Polygon", "coordinates": [ [ [ 139.6375, 35.4312475 ], [ 139.640625, 35.4312475 ], [ 139.640625, 35.43333 ], [ 139.6375, 35.43333 ], [ 139.6375, 35.4312475 ] ] ] } },
{ "type": "Feature", "properties": { "mesh_code": "5339151134", "population": 1038.0, "population_child": 93.0, "population_elderly": 271.0 }, "geometry": { "type": "Polygon", "coordinates": [ [ [ 139.640625, 35.4312475 ], [ 139.64375, 35.4312475 ], [ 139.64375, 35.43333 ], [ 139.640625, 35.43333 ], [ 139.640625, 35.4312475 ] ] ] } },
{ "type": "Feature", "properties": { "mesh_code": "5339151143", "population": 968.0, "population_child": 93.0, "population_elderly": 247.0 }, "geometry": { "type": "Polygon", "coordinates": [ [ [ 139.64375, 35.4312475 ], [ 139.646875, 35.4312475 ], [ 139.646875, 35.43333 ], [ 139.64375, 35.43333 ], [ 139.64375, 35.4312475 ] ] ] } },
{ "type": "Feature", "properties": { "mesh_code": "5339151144", "population": 1110.0, "population_child": 64.0, "population_elderly": 246.0 }, "geometry": { "type": "Polygon", "coordinates": [ [ [ 139.646875, 35.4312475 ], [ 139.65, 35.4312475 ], [ 139.65, 35.43333 ], [ 139.646875, 35.43333 ], [ 139.646875, 35.4312475 ] ] ] } },
{ "type": "Feature", "properties": { "mesh_code": "5339151233", "population": 1201.0, "population_child": 85.0, "population_elderly": 398.0 }, "geometry": { "type": "Polygon", "coordinates": [ [ [ 139.65, 35.4312475 ], [ 139.653125, 35.4312475 ], [ 139.653125, 35.43333 ], [ 139.65, 35.43333 ], [ 139.65, 35.4312475 ] ] ] } },
{ "type": "Feature", "properties": { "mesh_code": "5339151234", "population": 1226.0, "population_child": 90.0, "population_elderly": 365.0 }, "geometry": { "type": "Polygon", "coordinates": [ [ [ 139.653125, 35.4312475 ], [ 139.65625, 35.4312475 ], [ 139.65625, 35.43333 ], [ 139.653125, 35.43333 ], [ 139.653125, 35.4312475 ] ] ] } },
{ "type": "Feature", "properties": { "mesh_code": "5339151243", "population": 1349.0, "population_child": 104.0, "population_elderly": 403.0 }, "geometry": { "type": "Polygon", "coordinates": [ [ [ 139.65625, 35.4312475 ], [ 139.659375, 35.4312475 ], [ 139.659375, 35.43333 ], [ 139.65625, 35.43333 ], [ 139.65625, 35.4312475 ] ] ] } },
{ "type": "Feature", "properties": { "mesh_code": "5339151244", "population": 798.0, "population_child": 62.0, "population_elderly": 272.0 }, "geometry": { "type": "Polygon", "coordinates": [ [ [ 139.659375, 35.4312475 ], [ 139.6625, 35.4312475 ], [ 139.6625, 35.43333 ], [ 139.659375, 35.43333 ], [ 139.659375, 35.4312475 ] ] ] } },
{ "type": "Feature", "properties": { "mesh_code": "5339151343", "population": 69.0, "population_child": 5.0, "population_elderly": 28.0 }, "geometry": { "type": "Polygon", "coordinates": [ [ [ 139.66875, 35.4312475 ], [ 139.671875, 35.4312475 ], [ 139.671875, 35.43333 ], [ 139.66875, 35.43333 ], [ 139.66875, 35.4312475 ] ] ] } },
{ "type": "Feature", "properties": { "mesh_code": "5339152011", "population": 1497.0, "population_child": 94.0, "population_elderly": 434.0 }, "geometry": { "type": "Polygon", "coordinates": [ [ [ 139.625, 35.43333 ], [ 139.628125, 35.43333 ], [ 139.628125, 35.435415 ], [ 139.625, 35.435415 ], [ 139.625, 35.43333 ] ] ] } },
{ "type": "Feature", "properties": { "mesh_code": "5339152012", "population": 1759.0, "population_child": 79.0, "population_elderly": 422.0 }, "geometry": { "type": "Polygon", "coordinates": [ [ [ 139.628125, 35.43333 ], [ 139.63125, 35.43333 ], [ 139.63125, 35.435415 ], [ 139.628125, 35.435415 ], [ 139.628125, 35.43333 ] ] ] } },
{ "type": "Feature", "properties": { "mesh_code": "5339152021", "population": 1244.0, "population_child": 96.0, "population_elderly": 354.0 }, "geometry": { "type": "Polygon", "coordinates": [ [ [ 139.63125, 35.43333 ], [ 139.634375, 35.43333 ], [ 139.634375, 35.435415 ], [ 139.63125, 35.435415 ], [ 139.63125, 35.43333 ] ] ] } },
{ "type": "Feature", "properties": { "mesh_code": "5339152022", "population": 785.0, "population_child": 59.0, "population_elderly": 236.0 }, "geometry": { "type": "Polygon", "coordinates": [ [ [ 139.634375, 35.43333 ], [ 139.6375, 35.43333 ], [ 139.6375, 35.435415 ], [ 139.634375, 35.435415 ], [ 139.634375, 35.43333 ] ] ] } },
{ "type": "Feature", "properties": { "mesh_code": "5339152111", "population": 727.0, "population_child": 73.0, "population_elderly": 134.0 }, "geometry": { "type": "Polygon", "coordinates": [ [ [ 139.6375, 35.43333 ], [ 139.640625, 35.43333 ], [ 139.640625, 35.435415 ], [ 139.6375, 35.435415 ], [ 139.6375, 35.43333 ] ] ] } },
{ "type": "Feature", "properties": { "mesh_code": "5339152112", "population": 572.0, "population_child": 48.0, "population_elderly": 133.0 }, "geometry": { "type": "Polygon", "coordinates": [ [ [ 139.640625, 35.43333 ], [ 139.64375, 35.43333 ], [ 139.64375, 35.435415 ], [ 139.640625, 35.435415 ], [ 139.640625, 35.43333 ] ] ] } },
{ "type": "Feature", "properties": { "mesh_code": "5339152121", "population": 779.0, "population_child": 88.0, "population_elderly": 154.0 }, "geometry": { "type": "Polygon", "coordinates": [ [ [ 139.64375, 35.43333 ], [ 139.646875, 35.43333 ], [ 139.646875, 35.435415 ], [ 139.64375, 35.435415 ], [ 139.64375, 35.43333 ] ] ] } },
{ "type": "Feature", "properties": { "mesh_code": "5339152122", "population": 631.0, "population_child": 58.0, "population_elderly": 220.0 }, "geometry": { "type": "Polygon", "coordinates": [ [ [ 139.646875, 35.43333 ], [ 139.65, 35.43333 ], [ 139.65, 35.435415 ], [ 139.646875, 35.435415 ], [ 139.646875, 35.43333 ] ] ] } },
{ "type": "Feature", "properties": { "mesh_code": "5339152211", "population": 516.0, "population_child": 46.0, "population_elderly": 150.0 }, "geometry": { "type": "Polygon", "coordinates": [ [ [ 139.65, 35.43333 ], [ 139.653125, 35.43333 ], [ 139.653125, 35.435415 ], [ 139.65, 35.435415 ], [ 139.65, 35.43333 ] ] ] } },
{ "type": "Feature", "properties": { "mesh_code": "5339152212", "population": 1377.0, "population_child": 217.0, "population_elderly": 304.0 }, "geometry": { "type": "Polygon", "coordinates": [ [ [ 139.653125, 35.43333 ], [ 139.65625, 35.43333 ], [ 139.65625, 35.435415 ], [ 139.653125, 35.435415 ], [ 139.653125, 35.43333 ] ] ] } },
{ "type": "Feature", "properties": { "mesh_code": "5339152221", "population": 960.0, "population_child": 111.0, "population_elderly": 274.0 }, "geometry": { "type": "Polygon", "coordinates": [ [ [ 139.65625, 35.43333 ], [ 139.659375, 35.43333 ], [ 139.659375, 35.435415 ], [ 139.65625, 35.435415 ], [ 139.65625, 35.43333 ] ] ] } },
{ "type": "Feature", "properties": { "mesh_code": "5339152222", "population": 1147.0, "population_child": 196.0, "population_elderly": 262.0 }, "geometry": { "type": "Polygon", "coordinates": [ [ [ 139.659375, 35.43333 ], [ 139.6625, 35.43333 ], [ 139.6625, 35.435415 ], [ 139.659375, 35.435415 ], [ 139.659375, 35.43333 ] ] ] } },
{ "type": "Feature", "properties": { "mesh_code": "5339151333", "population": 657.0, "population_child": 92.0, "population_elderly": 142.0 }, "geometry": { "type": "Polygon", "coordinates": [ [ [ 139.6625, 35.4312475 ], [ 139.665625, 35.4312475 ], [ 139.665625, 35.43333 ], [ 139.6625, 35.43333 ], [ 139.6625, 35.4312475 ] ] ] } },
{ "type": "Feature", "properties": { "mesh_code": "5339152311", "population": 1583.0, "population_child": 184.0, "population_elderly": 375.0 }, "geometry": { "type": "Polygon", "coordinates": [ [ [ 139.6625, 35.43333 ], [ 139.665625, 35.43333 ], [ 139.665625, 35.435415 ], [ 139.6625, 35.435415 ], [ 139.6625, 35.43333 ] ] ] } },
{ "type": "Feature", "properties": { "mesh_code": "5339151334", "population": 8.0, "population_child": 0.0, "population_elderly": 0.0 }, "geometry": { "type": "Polygon", "coordinates": [ [ [ 139.665625, 35.4312475 ], [ 139.66875, 35.4312475 ], [ 139.66875, 35.43333 ], [ 139.665625, 35.43333 ], [ 139.665625, 35.4312475 ] ] ] } },
{ "type": "Feature", "properties": { "mesh_code": "5339152312", "population": 4.0, "population_child": 0.0, "population_elderly": 0.0 }, "geometry": { "type": "Polygon", "coordinates": [ [ [ 139.665625, 35.43333 ], [ 139.66875, 35.43333 ], [ 139.66875, 35.435415 ], [ 139.665625, 35.435415 ], [ 139.665625, 35.43333 ] ] ] } },
{ "type": "Feature", "properties": { "mesh_code": "5339142824", "population": 738.0, "population_child": 72.0, "population_elderly": 180.0 }, "geometry": { "type": "Polygon", "coordinates": [ [ [ 139.609375, 35.435415 ], [ 139.6125, 35.435415 ], [ 139.6125, 35.4375 ], [ 139.609375, 35.4375 ], [ 139.609375, 35.435415 ] ] ] } },
{ "type": "Feature", "properties": { "mesh_code": "5339142842", "population": 651.0, "population_child": 61.0, "population_elderly": 175.0 }, "geometry": { "type": "Polygon", "coordinates": [ [ [ 139.609375, 35.4375 ], [ 139.6125, 35.4375 ], [ 139.6125, 35.439585 ], [ 139.609375, 35.439585 ], [ 139.609375, 35.4375 ] ] ] } },
{ "type": "Feature", "properties": { "mesh_code": "5339142913", "population": 1014.0, "population_child": 87.0, "population_elderly": 262.0 }, "geometry": { "type": "Polygon", "coordinates": [ [ [ 139.6125, 35.435415 ], [ 139.615625, 35.435415 ], [ 139.615625, 35.4375 ], [ 139.6125, 35.4375 ], [ 139.6125, 35.435415 ] ] ] } },
{ "type": "Feature", "properties": { "mesh_code": "5339142914", "population": 2404.0, "population_child": 212.0, "population_elderly": 513.0 }, "geometry": { "type": "Polygon", "coordinates": [ [ [ 139.615625, 35.435415 ], [ 139.61875, 35.435415 ], [ 139.61875, 35.4375 ], [ 139.615625, 35.4375 ], [ 139.615625, 35.435415 ] ] ] } },
{ "type": "Feature", "properties": { "mesh_code": "5339142923", "population": 3251.0, "population_child": 260.0, "population_elderly": 645.0 }, "geometry": { "type": "Polygon", "coordinates": [ [ [ 139.61875, 35.435415 ], [ 139.621875, 35.435415 ], [ 139.621875, 35.4375 ], [ 139.61875, 35.4375 ], [ 139.61875, 35.435415 ] ] ] } },
{ "type": "Feature", "properties": { "mesh_code": "5339142924", "population": 2244.0, "population_child": 199.0, "population_elderly": 435.0 }, "geometry": { "type": "Polygon", "coordinates": [ [ [ 139.621875, 35.435415 ], [ 139.625, 35.435415 ], [ 139.625, 35.4375 ], [ 139.621875, 35.4375 ], [ 139.621875, 35.435415 ] ] ] } },
{ "type": "Feature", "properties": { "mesh_code": "5339142931", "population": 1150.0, "population_child": 95.0, "population_elderly": 363.0 }, "geometry": { "type": "Polygon", "coordinates": [ [ [ 139.6125, 35.4375 ], [ 139.615625, 35.4375 ], [ 139.615625, 35.439585 ], [ 139.6125, 35.439585 ], [ 139.6125, 35.4375 ] ] ] } },
{ "type": "Feature", "properties": { "mesh_code": "5339142932", "population": 1480.0, "population_child": 88.0, "population_elderly": 350.0 }, "geometry": { "type": "Polygon", "coordinates": [ [ [ 139.615625, 35.4375 ], [ 139.61875, 35.4375 ], [ 139.61875, 35.439585 ], [ 139.615625, 35.439585 ], [ 139.615625, 35.4375 ] ] ] } },
{ "type": "Feature", "properties": { "mesh_code": "5339142941", "population": 1900.0, "population_child": 96.0, "population_elderly": 399.0 }, "geometry": { "type": "Polygon", "coordinates": [ [ [ 139.61875, 35.4375 ], [ 139.621875, 35.4375 ], [ 139.621875, 35.439585 ], [ 139.61875, 35.439585 ], [ 139.61875, 35.4375 ] ] ] } },
{ "type": "Feature", "properties": { "mesh_code": "5339142942", "population": 2286.0, "population_child": 113.0, "population_elderly": 465.0 }, "geometry": { "type": "Polygon", "coordinates": [ [ [ 139.621875, 35.4375 ], [ 139.625, 35.4375 ], [ 139.625, 35.439585 ], [ 139.621875, 35.439585 ], [ 139.621875, 35.4375 ] ] ] } },
{ "type": "Feature", "properties": { "mesh_code": "5339152013", "population": 2371.0, "population_child": 195.0, "population_elderly": 571.0 }, "geometry": { "type": "Polygon", "coordinates": [ [ [ 139.625, 35.435415 ], [ 139.628125, 35.435415 ], [ 139.628125, 35.4375 ], [ 139.625, 35.4375 ], [ 139.625, 35.435415 ] ] ] } },
{ "type": "Feature", "properties": { "mesh_code": "5339152014", "population": 2317.0, "population_child": 199.0, "population_elderly": 586.0 }, "geometry": { "type": "Polygon", "coordinates": [ [ [ 139.628125, 35.435415 ], [ 139.63125, 35.435415 ], [ 139.63125, 35.4375 ], [ 139.628125, 35.4375 ], [ 139.628125, 35.435415 ] ] ] } },
{ "type": "Feature", "properties": { "mesh_code": "5339152023", "population": 2124.0, "population_child": 181.0, "population_elderly": 352.0 }, "geometry": { "type": "Polygon", "coordinates": [ [ [ 139.63125, 35.435415 ], [ 139.634375, 35.435415 ], [ 139.634375, 35.4375 ], [ 139.63125, 35.4375 ], [ 139.63125, 35.435415 ] ] ] } },
{ "type": "Feature", "properties": { "mesh_code": "5339152024", "population": 1492.0, "population_child": 105.0, "population_elderly": 418.0 }, "geometry": { "type": "Polygon", "coordinates": [ [ [ 139.634375, 35.435415 ], [ 139.6375, 35.435415 ], [ 139.6375, 35.4375 ], [ 139.634375, 35.4375 ], [ 139.634375, 35.435415 ] ] ] } },
{ "type": "Feature", "properties": { "mesh_code": "5339152031", "population": 1680.0, "population_child": 108.0, "population_elderly": 315.0 }, "geometry": { "type": "Polygon", "coordinates": [ [ [ 139.625, 35.4375 ], [ 139.628125, 35.4375 ], [ 139.628125, 35.439585 ], [ 139.625, 35.439585 ], [ 139.625, 35.4375 ] ] ] } },
{ "type": "Feature", "properties": { "mesh_code": "5339152032", "population": 2425.0, "population_child": 151.0, "population_elderly": 433.0 }, "geometry": { "type": "Polygon", "coordinates": [ [ [ 139.628125, 35.4375 ], [ 139.63125, 35.4375 ], [ 139.63125, 35.439585 ], [ 139.628125, 35.439585 ], [ 139.628125, 35.4375 ] ] ] } },
{ "type": "Feature", "properties": { "mesh_code": "5339152041", "population": 2597.0, "population_child": 185.0, "population_elderly": 581.0 }, "geometry": { "type": "Polygon", "coordinates": [ [ [ 139.63125, 35.4375 ], [ 139.634375, 35.4375 ], [ 139.634375, 35.439585 ], [ 139.63125, 35.439585 ], [ 139.63125, 35.4375 ] ] ] } },
{ "type": "Feature", "properties": { "mesh_code": "5339152042", "population": 2568.0, "population_child": 191.0, "population_elderly": 721.0 }, "geometry": { "type": "Polygon", "coordinates": [ [ [ 139.634375, 35.4375 ], [ 139.6375, 35.4375 ], [ 139.6375, 35.439585 ], [ 139.634375, 35.439585 ], [ 139.634375, 35.4375 ] ] ] } },
{ "type": "Feature", "properties": { "mesh_code": "5339152113", "population": 1063.0, "population_child": 76.0, "population_elderly": 302.0 }, "geometry": { "type": "Polygon", "coordinates": [ [ [ 139.6375, 35.435415 ], [ 139.640625, 35.435415 ], [ 139.640625, 35.4375 ], [ 139.6375, 35.4375 ], [ 139.6375, 35.435415 ] ] ] } },
{ "type": "Feature", "properties": { "mesh_code": "5339152114", "population": 651.0, "population_child": 48.0, "population_elderly": 185.0 }, "geometry": { "type": "Polygon", "coordinates": [ [ [ 139.640625, 35.435415 ], [ 139.64375, 35.435415 ], [ 139.64375, 35.4375 ], [ 139.640625, 35.4375 ], [ 139.640625, 35.435415 ] ] ] } },
{ "type": "Feature", "properties": { "mesh_code": "5339152123", "population": 685.0, "population_child": 64.0, "population_elderly": 157.0 }, "geometry": { "type": "Polygon", "coordinates": [ [ [ 139.64375, 35.435415 ], [ 139.646875, 35.435415 ], [ 139.646875, 35.4375 ], [ 139.64375, 35.4375 ], [ 139.64375, 35.435415 ] ] ] } },
{ "type": "Feature", "properties": { "mesh_code": "5339152124", "population": 284.0, "population_child": 22.0, "population_elderly": 87.0 }, "geometry": { "type": "Polygon", "coordinates": [ [ [ 139.646875, 35.435415 ], [ 139.65, 35.435415 ], [ 139.65, 35.4375 ], [ 139.646875, 35.4375 ], [ 139.646875, 35.435415 ] ] ] } },
{ "type": "Feature", "properties": { "mesh_code": "5339152131", "population": 5065.0, "population_child": 60.0, "population_elderly": 2625.0 }, "geometry": { "type": "Polygon", "coordinates": [ [ [ 139.6375, 35.4375 ], [ 139.640625, 35.4375 ], [ 139.640625, 35.439585 ], [ 139.6375, 35.439585 ], [ 139.6375, 35.4375 ] ] ] } },
{ "type": "Feature", "properties": { "mesh_code": "5339152132", "population": 1202.0, "population_child": 77.0, "population_elderly": 249.0 }, "geometry": { "type": "Polygon", "coordinates": [ [ [ 139.640625, 35.4375 ], [ 139.64375, 35.4375 ], [ 139.64375, 35.439585 ], [ 139.640625, 35.439585 ], [ 139.640625, 35.4375 ] ] ] } },
{ "type": "Feature", "properties": { "mesh_code": "5339152141", "population": 868.0, "population_child": 58.0, "population_elderly": 193.0 }, "geometry": { "type": "Polygon", "coordinates": [ [ [ 139.64375, 35.4375 ], [ 139.646875, 35.4375 ], [ 139.646875, 35.439585 ], [ 139.64375, 35.439585 ], [ 139.64375, 35.4375 ] ] ] } },
{ "type": "Feature", "properties": { "mesh_code": "5339152142", "population": 290.0, "population_child": 25.0, "population_elderly": 77.0 }, "geometry": { "type": "Polygon", "coordinates": [ [ [ 139.646875, 35.4375 ], [ 139.65, 35.4375 ], [ 139.65, 35.439585 ], [ 139.646875, 35.439585 ], [ 139.646875, 35.4375 ] ] ] } },
{ "type": "Feature", "properties": { "mesh_code": "5339152213", "population": 688.0, "population_child": 116.0, "population_elderly": 121.0 }, "geometry": { "type": "Polygon", "coordinates": [ [ [ 139.65, 35.435415 ], [ 139.653125, 35.435415 ], [ 139.653125, 35.4375 ], [ 139.65, 35.4375 ], [ 139.65, 35.435415 ] ] ] } },
{ "type": "Feature", "properties": { "mesh_code": "5339152214", "population": 423.0, "population_child": 64.0, "population_elderly": 89.0 }, "geometry": { "type": "Polygon", "coordinates": [ [ [ 139.653125, 35.435415 ], [ 139.65625, 35.435415 ], [ 139.65625, 35.4375 ], [ 139.653125, 35.4375 ], [ 139.653125, 35.435415 ] ] ] } },
{ "type": "Feature", "properties": { "mesh_code": "5339152223", "population": 416.0, "population_child": 104.0, "population_elderly": 69.0 }, "geometry": { "type": "Polygon", "coordinates": [ [ [ 139.65625, 35.435415 ], [ 139.659375, 35.435415 ], [ 139.659375, 35.4375 ], [ 139.65625, 35.4375 ], [ 139.65625, 35.435415 ] ] ] } },
{ "type": "Feature", "properties": { "mesh_code": "5339152224", "population": 1183.0, "population_child": 122.0, "population_elderly": 358.0 }, "geometry": { "type": "Polygon", "coordinates": [ [ [ 139.659375, 35.435415 ], [ 139.6625, 35.435415 ], [ 139.6625, 35.4375 ], [ 139.659375, 35.4375 ], [ 139.659375, 35.435415 ] ] ] } },
{ "type": "Feature", "properties": { "mesh_code": "5339152231", "population": 215.0, "population_child": 27.0, "population_elderly": 63.0 }, "geometry": { "type": "Polygon", "coordinates": [ [ [ 139.65, 35.4375 ], [ 139.653125, 35.4375 ], [ 139.653125, 35.439585 ], [ 139.65, 35.439585 ], [ 139.65, 35.4375 ] ] ] } },
{ "type": "Feature", "properties": { "mesh_code": "5339152232", "population": 443.0, "population_child": 54.0, "population_elderly": 102.0 }, "geometry": { "type": "Polygon", "coordinates": [ [ [ 139.653125, 35.4375 ], [ 139.65625, 35.4375 ], [ 139.65625, 35.439585 ], [ 139.653125, 35.439585 ], [ 139.653125, 35.4375 ] ] ] } },
{ "type": "Feature", "properties": { "mesh_code": "5339152241", "population": 660.0, "population_child": 86.0, "population_elderly": 149.0 }, "geometry": { "type": "Polygon", "coordinates": [ [ [ 139.65625, 35.4375 ], [ 139.659375, 35.4375 ], [ 139.659375, 35.439585 ], [ 139.65625, 35.439585 ], [ 139.65625, 35.4375 ] ] ] } },
{ "type": "Feature", "properties": { "mesh_code": "5339152242", "population": 608.0, "population_child": 61.0, "population_elderly": 141.0 }, "geometry": { "type": "Polygon", "coordinates": [ [ [ 139.659375, 35.4375 ], [ 139.6625, 35.4375 ], [ 139.6625, 35.439585 ], [ 139.659375, 35.439585 ], [ 139.659375, 35.4375 ] ] ] } },
{ "type": "Feature", "properties": { "mesh_code": "5339152313", "population": 185.0, "population_child": 25.0, "population_elderly": 51.0 }, "geometry": { "type": "Polygon", "coordinates": [ [ [ 139.6625, 35.435415 ], [ 139.665625, 35.435415 ], [ 139.665625, 35.4375 ], [ 139.6625, 35.4375 ], [ 139.6625, 35.435415 ] ] ] } },
{ "type": "Feature", "properties": { "mesh_code": "5339142844", "population": 847.0, "population_child": 95.0, "population_elderly": 227.0 }, "geometry": { "type": "Polygon", "coordinates": [ [ [ 139.609375, 35.439585 ], [ 139.6125, 35.439585 ], [ 139.6125, 35.44167 ], [ 139.609375, 35.44167 ], [ 139.609375, 35.439585 ] ] ] } },
{ "type": "Feature", "properties": { "mesh_code": "5339142933", "population": 1094.0, "population_child": 107.0, "population_elderly": 300.0 }, "geometry": { "type": "Polygon", "coordinates": [ [ [ 139.6125, 35.439585 ], [ 139.615625, 35.439585 ], [ 139.615625, 35.44167 ], [ 139.6125, 35.44167 ], [ 139.6125, 35.439585 ] ] ] } },
{ "type": "Feature", "properties": { "mesh_code": "5339142934", "population": 878.0, "population_child": 86.0, "population_elderly": 194.0 }, "geometry": { "type": "Polygon", "coordinates": [ [ [ 139.615625, 35.439585 ], [ 139.61875, 35.439585 ], [ 139.61875, 35.44167 ], [ 139.615625, 35.44167 ], [ 139.615625, 35.439585 ] ] ] } },
{ "type": "Feature", "properties": { "mesh_code": "5339142943", "population": 623.0, "population_child": 38.0, "population_elderly": 184.0 }, "geometry": { "type": "Polygon", "coordinates": [ [ [ 139.61875, 35.439585 ], [ 139.621875, 35.439585 ], [ 139.621875, 35.44167 ], [ 139.61875, 35.44167 ], [ 139.61875, 35.439585 ] ] ] } },
{ "type": "Feature", "properties": { "mesh_code": "5339142944", "population": 1708.0, "population_child": 112.0, "population_elderly": 294.0 }, "geometry": { "type": "Polygon", "coordinates": [ [ [ 139.621875, 35.439585 ], [ 139.625, 35.439585 ], [ 139.625, 35.44167 ], [ 139.621875, 35.44167 ], [ 139.621875, 35.439585 ] ] ] } },
{ "type": "Feature", "properties": { "mesh_code": "5339143822", "population": 606.0, "population_child": 72.0, "population_elderly": 166.0 }, "geometry": { "type": "Polygon", "coordinates": [ [ [ 139.609375, 35.44167 ], [ 139.6125, 35.44167 ], [ 139.6125, 35.4437525 ], [ 139.609375, 35.4437525 ], [ 139.609375, 35.44167 ] ] ] } },
{ "type": "Feature", "properties": { "mesh_code": "5339143911", "population": 1092.0, "population_child": 104.0, "population_elderly": 287.0 }, "geometry": { "type": "Polygon", "coordinates": [ [ [ 139.6125, 35.44167 ], [ 139.615625, 35.44167 ], [ 139.615625, 35.4437525 ], [ 139.6125, 35.4437525 ], [ 139.6125, 35.44167 ] ] ] } },
{ "type": "Feature", "properties": { "mesh_code": "5339143912", "population": 1183.0, "population_child": 100.0, "population_elderly": 267.0 }, "geometry": { "type": "Polygon", "coordinates": [ [ [ 139.615625, 35.44167 ], [ 139.61875, 35.44167 ], [ 139.61875, 35.4437525 ], [ 139.615625, 35.4437525 ], [ 139.615625, 35.44167 ] ] ] } },
{ "type": "Feature", "properties": { "mesh_code": "5339143921", "population": 735.0, "population_child": 70.0, "population_elderly": 190.0 }, "geometry": { "type": "Polygon", "coordinates": [ [ [ 139.61875, 35.44167 ], [ 139.621875, 35.44167 ], [ 139.621875, 35.4437525 ], [ 139.61875, 35.4437525 ], [ 139.61875, 35.44167 ] ] ] } },
{ "type": "Feature", "properties": { "mesh_code": "5339143922", "population": 1263.0, "population_child": 93.0, "population_elderly": 304.0 }, "geometry": { "type": "Polygon", "coordinates": [ [ [ 139.621875, 35.44167 ], [ 139.625, 35.44167 ], [ 139.625, 35.4437525 ], [ 139.621875, 35.4437525 ], [ 139.621875, 35.44167 ] ] ] } },
{ "type": "Feature", "properties": { "mesh_code": "5339152033", "population": 2661.0, "population_child": 180.0, "population_elderly": 463.0 }, "geometry": { "type": "Polygon", "coordinates": [ [ [ 139.625, 35.439585 ], [ 139.628125, 35.439585 ], [ 139.628125, 35.44167 ], [ 139.625, 35.44167 ], [ 139.625, 35.439585 ] ] ] } },
{ "type": "Feature", "properties": { "mesh_code": "5339152034", "population": 1459.0, "population_child": 92.0, "population_elderly": 233.0 }, "geometry": { "type": "Polygon", "coordinates": [ [ [ 139.628125, 35.439585 ], [ 139.63125, 35.439585 ], [ 139.63125, 35.44167 ], [ 139.628125, 35.44167 ], [ 139.628125, 35.439585 ] ] ] } },
{ "type": "Feature", "properties": { "mesh_code": "5339152043", "population": 1826.0, "population_child": 94.0, "population_elderly": 312.0 }, "geometry": { "type": "Polygon", "coordinates": [ [ [ 139.63125, 35.439585 ], [ 139.634375, 35.439585 ], [ 139.634375, 35.44167 ], [ 139.63125, 35.44167 ], [ 139.63125, 35.439585 ] ] ] } },
{ "type": "Feature", "properties": { "mesh_code": "5339152044", "population": 1886.0, "population_child": 79.0, "population_elderly": 184.0 }, "geometry": { "type": "Polygon", "coordinates": [ [ [ 139.634375, 35.439585 ], [ 139.6375, 35.439585 ], [ 139.6375, 35.44167 ], [ 139.634375, 35.44167 ], [ 139.634375, 35.439585 ] ] ] } },
{ "type": "Feature", "properties": { "mesh_code": "5339152133", "population": 1811.0, "population_child": 102.0, "population_elderly": 261.0 }, "geometry": { "type": "Polygon", "coordinates": [ [ [ 139.6375, 35.439585 ], [ 139.640625, 35.439585 ], [ 139.640625, 35.44167 ], [ 139.6375, 35.44167 ], [ 139.6375, 35.439585 ] ] ] } },
{ "type": "Feature", "properties": { "mesh_code": "5339152134", "population": 944.0, "population_child": 66.0, "population_elderly": 135.0 }, "geometry": { "type": "Polygon", "coordinates": [ [ [ 139.640625, 35.439585 ], [ 139.64375, 35.439585 ], [ 139.64375, 35.44167 ], [ 139.640625, 35.44167 ], [ 139.640625, 35.439585 ] ] ] } },
{ "type": "Feature", "properties": { "mesh_code": "5339152143", "population": 1710.0, "population_child": 257.0, "population_elderly": 171.0 }, "geometry": { "type": "Polygon", "coordinates": [ [ [ 139.64375, 35.439585 ], [ 139.646875, 35.439585 ], [ 139.646875, 35.44167 ], [ 139.64375, 35.44167 ], [ 139.64375, 35.439585 ] ] ] } },
{ "type": "Feature", "properties": { "mesh_code": "5339152144", "population": 603.0, "population_child": 53.0, "population_elderly": 123.0 }, "geometry": { "type": "Polygon", "coordinates": [ [ [ 139.646875, 35.439585 ], [ 139.65, 35.439585 ], [ 139.65, 35.44167 ], [ 139.646875, 35.44167 ], [ 139.646875, 35.439585 ] ] ] } },
{ "type": "Feature", "properties": { "mesh_code": "5339152233", "population": 438.0, "population_child": 38.0, "population_elderly": 114.0 }, "geometry": { "type": "Polygon", "coordinates": [ [ [ 139.65, 35.439585 ], [ 139.653125, 35.439585 ], [ 139.653125, 35.44167 ], [ 139.65, 35.44167 ], [ 139.65, 35.439585 ] ] ] } },
{ "type": "Feature", "properties": { "mesh_code": "5339152234", "population": 505.0, "population_child": 59.0, "population_elderly": 103.0 }, "geometry": { "type": "Polygon", "coordinates": [ [ [ 139.653125, 35.439585 ], [ 139.65625, 35.439585 ], [ 139.65625, 35.44167 ], [ 139.653125, 35.44167 ], [ 139.653125, 35.439585 ] ] ] } },
{ "type": "Feature", "properties": { "mesh_code": "5339152243", "population": 1092.0, "population_child": 183.0, "population_elderly": 132.0 }, "geometry": { "type": "Polygon", "coordinates": [ [ [ 139.65625, 35.439585 ], [ 139.659375, 35.439585 ], [ 139.659375, 35.44167 ], [ 139.65625, 35.44167 ], [ 139.65625, 35.439585 ] ] ] } },
{ "type": "Feature", "properties": { "mesh_code": "5339153011", "population": 1336.0, "population_child": 93.0, "population_elderly": 211.0 }, "geometry": { "type": "Polygon", "coordinates": [ [ [ 139.625, 35.44167 ], [ 139.628125, 35.44167 ], [ 139.628125, 35.4437525 ], [ 139.625, 35.4437525 ], [ 139.625, 35.44167 ] ] ] } },
{ "type": "Feature", "properties": { "mesh_code": "5339153012", "population": 901.0, "population_child": 34.0, "population_elderly": 150.0 }, "geometry": { "type": "Polygon", "coordinates": [ [ [ 139.628125, 35.44167 ], [ 139.63125, 35.44167 ], [ 139.63125, 35.4437525 ], [ 139.628125, 35.4437525 ], [ 139.628125, 35.44167 ] ] ] } },
{ "type": "Feature", "properties": { "mesh_code": "5339153021", "population": 938.0, "population_child": 66.0, "population_elderly": 141.0 }, "geometry": { "type": "Polygon", "coordinates": [ [ [ 139.63125, 35.44167 ], [ 139.634375, 35.44167 ], [ 139.634375, 35.4437525 ], [ 139.63125, 35.4437525 ], [ 139.63125, 35.44167 ] ] ] } },
{ "type": "Feature", "properties": { "mesh_code": "5339153022", "population": 681.0, "population_child": 30.0, "population_elderly": 168.0 }, "geometry": { "type": "Polygon", "coordinates": [ [ [ 139.634375, 35.44167 ], [ 139.6375, 35.44167 ], [ 139.6375, 35.4437525 ], [ 139.634375, 35.4437525 ], [ 139.634375, 35.44167 ] ] ] } },
{ "type": "Feature", "properties": { "mesh_code": "5339153111", "population": 182.0, "population_child": 0.0, "population_elderly": 50.0 }, "geometry": { "type": "Polygon", "coordinates": [ [ [ 139.6375, 35.44167 ], [ 139.640625, 35.44167 ], [ 139.640625, 35.4437525 ], [ 139.6375, 35.4437525 ], [ 139.6375, 35.44167 ] ] ] } },
{ "type": "Feature", "properties": { "mesh_code": "5339153112", "population": 1537.0, "population_child": 143.0, "population_elderly": 202.0 }, "geometry": { "type": "Polygon", "coordinates": [ [ [ 139.640625, 35.44167 ], [ 139.64375, 35.44167 ], [ 139.64375, 35.4437525 ], [ 139.640625, 35.4437525 ], [ 139.640625, 35.44167 ] ] ] } },
{ "type": "Feature", "properties": { "mesh_code": "5339153121", "population": 621.0, "population_child": 43.0, "population_elderly": 133.0 }, "geometry": { "type": "Polygon", "coordinates": [ [ [ 139.64375, 35.44167 ], [ 139.646875, 35.44167 ], [ 139.646875, 35.4437525 ], [ 139.64375, 35.4437525 ], [ 139.64375, 35.44167 ] ] ] } },
{ "type": "Feature", "properties": { "mesh_code": "5339153122", "population": 2097.0, "population_child": 187.0, "population_elderly": 424.0 }, "geometry": { "type": "Polygon", "coordinates": [ [ [ 139.646875, 35.44167 ], [ 139.65, 35.44167 ], [ 139.65, 35.4437525 ], [ 139.646875, 35.4437525 ], [ 139.646875, 35.44167 ] ] ] } },
{ "type": "Feature", "properties": { "mesh_code": "5339153211", "population": 597.0, "population_child": 64.0, "population_elderly": 149.0 }, "geometry": { "type": "Polygon", "coordinates": [ [ [ 139.65, 35.44167 ], [ 139.653125, 35.44167 ], [ 139.653125, 35.4437525 ], [ 139.65, 35.4437525 ], [ 139.65, 35.44167 ] ] ] } },
{ "type": "Feature", "properties": { "mesh_code": "5339153212", "population": 266.0, "population_child": 20.0, "population_elderly": 54.0 }, "geometry": { "type": "Polygon", "coordinates": [ [ [ 139.653125, 35.44167 ], [ 139.65625, 35.44167 ], [ 139.65625, 35.4437525 ], [ 139.653125, 35.4437525 ], [ 139.653125, 35.44167 ] ] ] } },
{ "type": "Feature", "properties": { "mesh_code": "5339153221", "population": 111.0, "population_child": 26.0, "population_elderly": 9.0 }, "geometry": { "type": "Polygon", "coordinates": [ [ [ 139.65625, 35.44167 ], [ 139.659375, 35.44167 ], [ 139.659375, 35.4437525 ], [ 139.65625, 35.4437525 ], [ 139.65625, 35.44167 ] ] ] } },
{ "type": "Feature", "properties": { "mesh_code": "5339143824", "population": 493.0, "population_child": 67.0, "population_elderly": 122.0 }, "geometry": { "type": "Polygon", "coordinates": [ [ [ 139.609375, 35.4437525 ], [ 139.6125, 35.4437525 ], [ 139.6125, 35.445835 ], [ 139.609375, 35.445835 ], [ 139.609375, 35.4437525 ] ] ] } },
{ "type": "Feature", "properties": { "mesh_code": "5339143842", "population": 886.0, "population_child": 124.0, "population_elderly": 198.0 }, "geometry": { "type": "Polygon", "coordinates": [ [ [ 139.609375, 35.445835 ], [ 139.6125, 35.445835 ], [ 139.6125, 35.4479175 ], [ 139.609375, 35.4479175 ], [ 139.609375, 35.445835 ] ] ] } },
{ "type": "Feature", "properties": { "mesh_code": "5339143913", "population": 1304.0, "population_child": 164.0, "population_elderly": 321.0 }, "geometry": { "type": "Polygon", "coordinates": [ [ [ 139.6125, 35.4437525 ], [ 139.615625, 35.4437525 ], [ 139.615625, 35.445835 ], [ 139.6125, 35.445835 ], [ 139.6125, 35.4437525 ] ] ] } },
{ "type": "Feature", "properties": { "mesh_code": "5339143914", "population": 1078.0, "population_child": 97.0, "population_elderly": 275.0 }, "geometry": { "type": "Polygon", "coordinates": [ [ [ 139.615625, 35.4437525 ], [ 139.61875, 35.4437525 ], [ 139.61875, 35.445835 ], [ 139.615625, 35.445835 ], [ 139.615625, 35.4437525 ] ] ] } },
{ "type": "Feature", "properties": { "mesh_code": "5339143923", "population": 989.0, "population_child": 105.0, "population_elderly": 203.0 }, "geometry": { "type": "Polygon", "coordinates": [ [ [ 139.61875, 35.4437525 ], [ 139.621875, 35.4437525 ], [ 139.621875, 35.445835 ], [ 139.61875, 35.445835 ], [ 139.61875, 35.4437525 ] ] ] } },
{ "type": "Feature", "properties": { "mesh_code": "5339143924", "population": 583.0, "population_child": 71.0, "population_elderly": 117.0 }, "geometry": { "type": "Polygon", "coordinates": [ [ [ 139.621875, 35.4437525 ], [ 139.625, 35.4437525 ], [ 139.625, 35.445835 ], [ 139.621875, 35.445835 ], [ 139.621875, 35.4437525 ] ] ] } },
{ "type": "Feature", "properties": { "mesh_code": "5339143931", "population": 1228.0, "population_child": 116.0, "population_elderly": 307.0 }, "geometry": { "type": "Polygon", "coordinates": [ [ [ 139.6125, 35.445835 ], [ 139.615625, 35.445835 ], [ 139.615625, 35.4479175 ], [ 139.6125, 35.4479175 ], [ 139.6125, 35.445835 ] ] ] } },
{ "type": "Feature", "properties": { "mesh_code": "5339143932", "population": 1088.0, "population_child": 147.0, "population_elderly": 288.0 }, "geometry": { "type": "Polygon", "coordinates": [ [ [ 139.615625, 35.445835 ], [ 139.61875, 35.445835 ], [ 139.61875, 35.4479175 ], [ 139.615625, 35.4479175 ], [ 139.615625, 35.445835 ] ] ] } },
{ "type": "Feature", "properties": { "mesh_code": "5339143941", "population": 915.0, "population_child": 61.0, "population_elderly": 248.0 }, "geometry": { "type": "Polygon", "coordinates": [ [ [ 139.61875, 35.445835 ], [ 139.621875, 35.445835 ], [ 139.621875, 35.4479175 ], [ 139.61875, 35.4479175 ], [ 139.61875, 35.445835 ] ] ] } },
{ "type": "Feature", "properties": { "mesh_code": "5339143942", "population": 298.0, "population_child": 31.0, "population_elderly": 115.0 }, "geometry": { "type": "Polygon", "coordinates": [ [ [ 139.621875, 35.445835 ], [ 139.625, 35.445835 ], [ 139.625, 35.4479175 ], [ 139.621875, 35.4479175 ], [ 139.621875, 35.445835 ] ] ] } },
{ "type": "Feature", "properties": { "mesh_code": "5339153013", "population": 1644.0, "population_child": 126.0, "population_elderly": 371.0 }, "geometry": { "type": "Polygon", "coordinates": [ [ [ 139.625, 35.4437525 ], [ 139.628125, 35.4437525 ], [ 139.628125, 35.445835 ], [ 139.625, 35.445835 ], [ 139.625, 35.4437525 ] ] ] } },
{ "type": "Feature", "properties": { "mesh_code": "5339153014", "population": 628.0, "population_child": 15.0, "population_elderly": 80.0 }, "geometry": { "type": "Polygon", "coordinates": [ [ [ 139.628125, 35.4437525 ], [ 139.63125, 35.4437525 ], [ 139.63125, 35.445835 ], [ 139.628125, 35.445835 ], [ 139.628125, 35.4437525 ] ] ] } },
{ "type": "Feature", "properties": { "mesh_code": "5339153023", "population": 438.0, "population_child": 12.0, "population_elderly": 52.0 }, "geometry": { "type": "Polygon", "coordinates": [ [ [ 139.63125, 35.4437525 ], [ 139.634375, 35.4437525 ], [ 139.634375, 35.445835 ], [ 139.63125, 35.445835 ], [ 139.63125, 35.4437525 ] ] ] } },
{ "type": "Feature", "properties": { "mesh_code": "5339153024", "population": 124.0, "population_child": 3.0, "population_elderly": 27.0 }, "geometry": { "type": "Polygon", "coordinates": [ [ [ 139.634375, 35.4437525 ], [ 139.6375, 35.4437525 ], [ 139.6375, 35.445835 ], [ 139.634375, 35.445835 ], [ 139.634375, 35.4437525 ] ] ] } },
{ "type": "Feature", "properties": { "mesh_code": "5339153031", "population": 1187.0, "population_child": 65.0, "population_elderly": 179.0 }, "geometry": { "type": "Polygon", "coordinates": [ [ [ 139.625, 35.445835 ], [ 139.628125, 35.445835 ], [ 139.628125, 35.4479175 ], [ 139.625, 35.4479175 ], [ 139.625, 35.445835 ] ] ] } },
{ "type": "Feature", "properties": { "mesh_code": "5339153032", "population": 1277.0, "population_child": 40.0, "population_elderly": 216.0 }, "geometry": { "type": "Polygon", "coordinates": [ [ [ 139.628125, 35.445835 ], [ 139.63125, 35.445835 ], [ 139.63125, 35.4479175 ], [ 139.628125, 35.4479175 ], [ 139.628125, 35.445835 ] ] ] } },
{ "type": "Feature", "properties": { "mesh_code": "5339153113", "population": 248.0, "population_child": 21.0, "population_elderly": 45.0 }, "geometry": { "type": "Polygon", "coordinates": [ [ [ 139.6375, 35.4437525 ], [ 139.640625, 35.4437525 ], [ 139.640625, 35.445835 ], [ 139.6375, 35.445835 ], [ 139.6375, 35.4437525 ] ] ] } },
{ "type": "Feature", "properties": { "mesh_code": "5339153114", "population": 369.0, "population_child": 15.0, "population_elderly": 60.0 }, "geometry": { "type": "Polygon", "coordinates": [ [ [ 139.640625, 35.4437525 ], [ 139.64375, 35.4437525 ], [ 139.64375, 35.445835 ], [ 139.640625, 35.445835 ], [ 139.640625, 35.4437525 ] ] ] } },
{ "type": "Feature", "properties": { "mesh_code": "5339153123", "population": 1817.0, "population_child": 200.0, "population_elderly": 240.0 }, "geometry": { "type": "Polygon", "coordinates": [ [ [ 139.64375, 35.4437525 ], [ 139.646875, 35.4437525 ], [ 139.646875, 35.445835 ], [ 139.64375, 35.445835 ], [ 139.64375, 35.4437525 ] ] ] } },
{ "type": "Feature", "properties": { "mesh_code": "5339153124", "population": 1474.0, "population_child": 124.0, "population_elderly": 299.0 }, "geometry": { "type": "Polygon", "coordinates": [ [ [ 139.646875, 35.4437525 ], [ 139.65, 35.4437525 ], [ 139.65, 35.445835 ], [ 139.646875, 35.445835 ], [ 139.646875, 35.4437525 ] ] ] } },
{ "type": "Feature", "properties": { "mesh_code": "5339153213", "population": 289.0, "population_child": 30.0, "population_elderly": 47.0 }, "geometry": { "type": "Polygon", "coordinates": [ [ [ 139.65, 35.4437525 ], [ 139.653125, 35.4437525 ], [ 139.653125, 35.445835 ], [ 139.65, 35.445835 ], [ 139.65, 35.4437525 ] ] ] } },
{ "type": "Feature", "properties": { "mesh_code": "5339143844", "population": 1071.0, "population_child": 105.0, "population_elderly": 272.0 }, "geometry": { "type": "Polygon", "coordinates": [ [ [ 139.609375, 35.4479175 ], [ 139.6125, 35.4479175 ], [ 139.6125, 35.45 ], [ 139.609375, 35.45 ], [ 139.609375, 35.4479175 ] ] ] } },
{ "type": "Feature", "properties": { "mesh_code": "5339143933", "population": 1065.0, "population_child": 108.0, "population_elderly": 368.0 }, "geometry": { "type": "Polygon", "coordinates": [ [ [ 139.6125, 35.4479175 ], [ 139.615625, 35.4479175 ], [ 139.615625, 35.45 ], [ 139.6125, 35.45 ], [ 139.6125, 35.4479175 ] ] ] } },
{ "type": "Feature", "properties": { "mesh_code": "5339143934", "population": 1190.0, "population_child": 121.0, "population_elderly": 380.0 }, "geometry": { "type": "Polygon", "coordinates": [ [ [ 139.615625, 35.4479175 ], [ 139.61875, 35.4479175 ], [ 139.61875, 35.45 ], [ 139.615625, 35.45 ], [ 139.615625, 35.4479175 ] ] ] } },
{ "type": "Feature", "properties": { "mesh_code": "5339143943", "population": 1304.0, "population_child": 177.0, "population_elderly": 258.0 }, "geometry": { "type": "Polygon", "coordinates": [ [ [ 139.61875, 35.4479175 ], [ 139.621875, 35.4479175 ], [ 139.621875, 35.45 ], [ 139.61875, 35.45 ], [ 139.61875, 35.4479175 ] ] ] } },
{ "type": "Feature", "properties": { "mesh_code": "5339143944", "population": 800.0, "population_child": 64.0, "population_elderly": 177.0 }, "geometry": { "type": "Polygon", "coordinates": [ [ [ 139.621875, 35.4479175 ], [ 139.625, 35.4479175 ], [ 139.625, 35.45 ], [ 139.621875, 35.45 ], [ 139.621875, 35.4479175 ] ] ] } },
{ "type": "Feature", "properties": { "mesh_code": "5339153033", "population": 1325.0, "population_child": 145.0, "population_elderly": 260.0 }, "geometry": { "type": "Polygon", "coordinates": [ [ [ 139.625, 35.4479175 ], [ 139.628125, 35.4479175 ], [ 139.628125, 35.45 ], [ 139.625, 35.45 ], [ 139.625, 35.4479175 ] ] ] } },
{ "type": "Feature", "properties": { "mesh_code": "5339153034", "population": 1805.0, "population_child": 114.0, "population_elderly": 282.0 }, "geometry": { "type": "Polygon", "coordinates": [ [ [ 139.628125, 35.4479175 ], [ 139.63125, 35.4479175 ], [ 139.63125, 35.45 ], [ 139.628125, 35.45 ], [ 139.628125, 35.4479175 ] ] ] } },
{ "type": "Feature", "properties": { "mesh_code": "5339153041", "population": 1417.0, "population_child": 90.0, "population_elderly": 136.0 }, "geometry": { "type": "Polygon", "coordinates": [ [ [ 139.63125, 35.445835 ], [ 139.634375, 35.445835 ], [ 139.634375, 35.4479175 ], [ 139.63125, 35.4479175 ], [ 139.63125, 35.445835 ] ] ] } },
{ "type": "Feature", "properties": { "mesh_code": "5339153042", "population": 455.0, "population_child": 40.0, "population_elderly": 70.0 }, "geometry": { "type": "Polygon", "coordinates": [ [ [ 139.634375, 35.445835 ], [ 139.6375, 35.445835 ], [ 139.6375, 35.4479175 ], [ 139.634375, 35.4479175 ], [ 139.634375, 35.445835 ] ] ] } },
{ "type": "Feature", "properties": { "mesh_code": "5339153043", "population": 482.0, "population_child": 47.0, "population_elderly": 53.0 }, "geometry": { "type": "Polygon", "coordinates": [ [ [ 139.63125, 35.4479175 ], [ 139.634375, 35.4479175 ], [ 139.634375, 35.45 ], [ 139.63125, 35.45 ], [ 139.63125, 35.4479175 ] ] ] } },
{ "type": "Feature", "properties": { "mesh_code": "5339153044", "population": 799.0, "population_child": 55.0, "population_elderly": 104.0 }, "geometry": { "type": "Polygon", "coordinates": [ [ [ 139.634375, 35.4479175 ], [ 139.6375, 35.4479175 ], [ 139.6375, 35.45 ], [ 139.634375, 35.45 ], [ 139.634375, 35.4479175 ] ] ] } },
{ "type": "Feature", "properties": { "mesh_code": "5339153131", "population": 1268.0, "population_child": 56.0, "population_elderly": 125.0 }, "geometry": { "type": "Polygon", "coordinates": [ [ [ 139.6375, 35.445835 ], [ 139.640625, 35.445835 ], [ 139.640625, 35.4479175 ], [ 139.6375, 35.4479175 ], [ 139.6375, 35.445835 ] ] ] } },
{ "type": "Feature", "properties": { "mesh_code": "5339153132", "population": 75.0, "population_child": 2.0, "population_elderly": 9.0 }, "geometry": { "type": "Polygon", "coordinates": [ [ [ 139.640625, 35.445835 ], [ 139.64375, 35.445835 ], [ 139.64375, 35.4479175 ], [ 139.640625, 35.4479175 ], [ 139.640625, 35.445835 ] ] ] } },
{ "type": "Feature", "properties": { "mesh_code": "5339153133", "population": 955.0, "population_child": 77.0, "population_elderly": 209.0 }, "geometry": { "type": "Polygon", "coordinates": [ [ [ 139.6375, 35.4479175 ], [ 139.640625, 35.4479175 ], [ 139.640625, 35.45 ], [ 139.6375, 35.45 ], [ 139.6375, 35.4479175 ] ] ] } },
{ "type": "Feature", "properties": { "mesh_code": "5339153134", "population": 301.0, "population_child": 21.0, "population_elderly": 24.0 }, "geometry": { "type": "Polygon", "coordinates": [ [ [ 139.640625, 35.4479175 ], [ 139.64375, 35.4479175 ], [ 139.64375, 35.45 ], [ 139.640625, 35.45 ], [ 139.640625, 35.4479175 ] ] ] } },
{ "type": "Feature", "properties": { "mesh_code": "5339153141", "population": 292.0, "population_child": 5.0, "population_elderly": 12.0 }, "geometry": { "type": "Polygon", "coordinates": [ [ [ 139.64375, 35.445835 ], [ 139.646875, 35.445835 ], [ 139.646875, 35.4479175 ], [ 139.64375, 35.4479175 ], [ 139.64375, 35.445835 ] ] ] } },
{ "type": "Feature", "properties": { "mesh_code": "5339144822", "population": 1636.0, "population_child": 113.0, "population_elderly": 331.0 }, "geometry": { "type": "Polygon", "coordinates": [ [ [ 139.609375, 35.45 ], [ 139.6125, 35.45 ], [ 139.6125, 35.4520825 ], [ 139.609375, 35.4520825 ], [ 139.609375, 35.45 ] ] ] } },
{ "type": "Feature", "properties": { "mesh_code": "5339144824", "population": 1471.0, "population_child": 99.0, "population_elderly": 245.0 }, "geometry": { "type": "Polygon", "coordinates": [ [ [ 139.609375, 35.4520825 ], [ 139.6125, 35.4520825 ], [ 139.6125, 35.454165 ], [ 139.609375, 35.454165 ], [ 139.609375, 35.4520825 ] ] ] } },
{ "type": "Feature", "properties": { "mesh_code": "5339144911", "population": 1313.0, "population_child": 99.0, "population_elderly": 263.0 }, "geometry": { "type": "Polygon", "coordinates": [ [ [ 139.6125, 35.45 ], [ 139.615625, 35.45 ], [ 139.615625, 35.4520825 ], [ 139.6125, 35.4520825 ], [ 139.6125, 35.45 ] ] ] } },
{ "type": "Feature", "properties": { "mesh_code": "5339144912", "population": 961.0, "population_child": 99.0, "population_elderly": 266.0 }, "geometry": { "type": "Polygon", "coordinates": [ [ [ 139.615625, 35.45 ], [ 139.61875, 35.45 ], [ 139.61875, 35.4520825 ], [ 139.615625, 35.4520825 ], [ 139.615625, 35.45 ] ] ] } },
{ "type": "Feature", "properties": { "mesh_code": "5339144913", "population": 1711.0, "population_child": 152.0, "population_elderly": 391.0 }, "geometry": { "type": "Polygon", "coordinates": [ [ [ 139.6125, 35.4520825 ], [ 139.615625, 35.4520825 ], [ 139.615625, 35.454165 ], [ 139.6125, 35.454165 ], [ 139.6125, 35.4520825 ] ] ] } },
{ "type": "Feature", "properties": { "mesh_code": "5339144914", "population": 1008.0, "population_child": 134.0, "population_elderly": 218.0 }, "geometry": { "type": "Polygon", "coordinates": [ [ [ 139.615625, 35.4520825 ], [ 139.61875, 35.4520825 ], [ 139.61875, 35.454165 ], [ 139.615625, 35.454165 ], [ 139.615625, 35.4520825 ] ] ] } },
{ "type": "Feature", "properties": { "mesh_code": "5339144921", "population": 1234.0, "population_child": 127.0, "population_elderly": 311.0 }, "geometry": { "type": "Polygon", "coordinates": [ [ [ 139.61875, 35.45 ], [ 139.621875, 35.45 ], [ 139.621875, 35.4520825 ], [ 139.61875, 35.4520825 ], [ 139.61875, 35.45 ] ] ] } },
{ "type": "Feature", "properties": { "mesh_code": "5339144922", "population": 1437.0, "population_child": 133.0, "population_elderly": 314.0 }, "geometry": { "type": "Polygon", "coordinates": [ [ [ 139.621875, 35.45 ], [ 139.625, 35.45 ], [ 139.625, 35.4520825 ], [ 139.621875, 35.4520825 ], [ 139.621875, 35.45 ] ] ] } },
{ "type": "Feature", "properties": { "mesh_code": "5339144923", "population": 1635.0, "population_child": 282.0, "population_elderly": 206.0 }, "geometry": { "type": "Polygon", "coordinates": [ [ [ 139.61875, 35.4520825 ], [ 139.621875, 35.4520825 ], [ 139.621875, 35.454165 ], [ 139.61875, 35.454165 ], [ 139.61875, 35.4520825 ] ] ] } },
{ "type": "Feature", "properties": { "mesh_code": "5339144924", "population": 1383.0, "population_child": 152.0, "population_elderly": 323.0 }, "geometry": { "type": "Polygon", "coordinates": [ [ [ 139.621875, 35.4520825 ], [ 139.625, 35.4520825 ], [ 139.625, 35.454165 ], [ 139.621875, 35.454165 ], [ 139.621875, 35.4520825 ] ] ] } },
{ "type": "Feature", "properties": { "mesh_code": "5339154011", "population": 962.0, "population_child": 148.0, "population_elderly": 121.0 }, "geometry": { "type": "Polygon", "coordinates": [ [ [ 139.625, 35.45 ], [ 139.628125, 35.45 ], [ 139.628125, 35.4520825 ], [ 139.625, 35.4520825 ], [ 139.625, 35.45 ] ] ] } },
{ "type": "Feature", "properties": { "mesh_code": "5339154012", "population": 737.0, "population_child": 52.0, "population_elderly": 119.0 }, "geometry": { "type": "Polygon", "coordinates": [ [ [ 139.628125, 35.45 ], [ 139.63125, 35.45 ], [ 139.63125, 35.4520825 ], [ 139.628125, 35.4520825 ], [ 139.628125, 35.45 ] ] ] } },
{ "type": "Feature", "properties": { "mesh_code": "5339154013", "population": 1999.0, "population_child": 318.0, "population_elderly": 228.0 }, "geometry": { "type": "Polygon", "coordinates": [ [ [ 139.625, 35.4520825 ], [ 139.628125, 35.4520825 ], [ 139.628125, 35.454165 ], [ 139.625, 35.454165 ], [ 139.625, 35.4520825 ] ] ] } },
{ "type": "Feature", "properties": { "mesh_code": "5339154014", "population": 490.0, "population_child": 51.0, "population_elderly": 36.0 }, "geometry": { "type": "Polygon", "coordinates": [ [ [ 139.628125, 35.4520825 ], [ 139.63125, 35.4520825 ], [ 139.63125, 35.454165 ], [ 139.628125, 35.454165 ], [ 139.628125, 35.4520825 ] ] ] } },
{ "type": "Feature", "properties": { "mesh_code": "5339154022", "population": 2038.0, "population_child": 267.0, "population_elderly": 155.0 }, "geometry": { "type": "Polygon", "coordinates": [ [ [ 139.634375, 35.45 ], [ 139.6375, 35.45 ], [ 139.6375, 35.4520825 ], [ 139.634375, 35.4520825 ], [ 139.634375, 35.45 ] ] ] } },
{ "type": "Feature", "properties": { "mesh_code": "5339154111", "population": 536.0, "population_child": 30.0, "population_elderly": 142.0 }, "geometry": { "type": "Polygon", "coordinates": [ [ [ 139.6375, 35.45 ], [ 139.640625, 35.45 ], [ 139.640625, 35.4520825 ], [ 139.6375, 35.4520825 ], [ 139.6375, 35.45 ] ] ] } },
{ "type": "Feature", "properties": { "mesh_code": "5339154021", "population": 15.0, "population_child": 0.0, "population_elderly": 0.0 }, "geometry": { "type": "Polygon", "coordinates": [ [ [ 139.63125, 35.45 ], [ 139.634375, 35.45 ], [ 139.634375, 35.4520825 ], [ 139.63125, 35.4520825 ], [ 139.63125, 35.45 ] ] ] } },
{ "type": "Feature", "properties": { "mesh_code": "5339154113", "population": 1.0, "population_child": 0.0, "population_elderly": 0.0 }, "geometry": { "type": "Polygon", "coordinates": [ [ [ 139.6375, 35.4520825 ], [ 139.640625, 35.4520825 ], [ 139.640625, 35.454165 ], [ 139.6375, 35.454165 ], [ 139.6375, 35.4520825 ] ] ] } },
{ "type": "Feature", "properties": { "mesh_code": "5339154114", "population": 1.0, "population_child": 0.0, "population_elderly": 0.0 }, "geometry": { "type": "Polygon", "coordinates": [ [ [ 139.640625, 35.4520825 ], [ 139.64375, 35.4520825 ], [ 139.64375, 35.454165 ], [ 139.640625, 35.454165 ], [ 139.640625, 35.4520825 ] ] ] } },
{ "type": "Feature", "properties": { "mesh_code": "5339144842", "population": 216.0, "population_child": 26.0, "population_elderly": 26.0 }, "geometry": { "type": "Polygon", "coordinates": [ [ [ 139.609375, 35.454165 ], [ 139.6125, 35.454165 ], [ 139.6125, 35.4562475 ], [ 139.609375, 35.4562475 ], [ 139.609375, 35.454165 ] ] ] } },
{ "type": "Feature", "properties": { "mesh_code": "5339144844", "population": 132.0, "population_child": 14.0, "population_elderly": 27.0 }, "geometry": { "type": "Polygon", "coordinates": [ [ [ 139.609375, 35.4562475 ], [ 139.6125, 35.4562475 ], [ 139.6125, 35.45833 ], [ 139.609375, 35.45833 ], [ 139.609375, 35.4562475 ] ] ] } },
{ "type": "Feature", "properties": { "mesh_code": "5339144931", "population": 2761.0, "population_child": 363.0, "population_elderly": 259.0 }, "geometry": { "type": "Polygon", "coordinates": [ [ [ 139.6125, 35.454165 ], [ 139.615625, 35.454165 ], [ 139.615625, 35.4562475 ], [ 139.6125, 35.4562475 ], [ 139.6125, 35.454165 ] ] ] } },
{ "type": "Feature", "properties": { "mesh_code": "5339144932", "population": 1618.0, "population_child": 153.0, "population_elderly": 278.0 }, "geometry": { "type": "Polygon", "coordinates": [ [ [ 139.615625, 35.454165 ], [ 139.61875, 35.454165 ], [ 139.61875, 35.4562475 ], [ 139.615625, 35.4562475 ], [ 139.615625, 35.454165 ] ] ] } },
{ "type": "Feature", "properties": { "mesh_code": "5339144933", "population": 535.0, "population_child": 87.0, "population_elderly": 55.0 }, "geometry": { "type": "Polygon", "coordinates": [ [ [ 139.6125, 35.4562475 ], [ 139.615625, 35.4562475 ], [ 139.615625, 35.45833 ], [ 139.6125, 35.45833 ], [ 139.6125, 35.4562475 ] ] ] } },
{ "type": "Feature", "properties": { "mesh_code": "5339144934", "population": 2057.0, "population_child": 146.0, "population_elderly": 320.0 }, "geometry": { "type": "Polygon", "coordinates": [ [ [ 139.615625, 35.4562475 ], [ 139.61875, 35.4562475 ], [ 139.61875, 35.45833 ], [ 139.615625, 35.45833 ], [ 139.615625, 35.4562475 ] ] ] } },
{ "type": "Feature", "properties": { "mesh_code": "5339144941", "population": 1276.0, "population_child": 111.0, "population_elderly": 258.0 }, "geometry": { "type": "Polygon", "coordinates": [ [ [ 139.61875, 35.454165 ], [ 139.621875, 35.454165 ], [ 139.621875, 35.4562475 ], [ 139.61875, 35.4562475 ], [ 139.61875, 35.454165 ] ] ] } },
{ "type": "Feature", "properties": { "mesh_code": "5339144942", "population": 1190.0, "population_child": 107.0, "population_elderly": 272.0 }, "geometry": { "type": "Polygon", "coordinates": [ [ [ 139.621875, 35.454165 ], [ 139.625, 35.454165 ], [ 139.625, 35.4562475 ], [ 139.621875, 35.4562475 ], [ 139.621875, 35.454165 ] ] ] } },
{ "type": "Feature", "properties": { "mesh_code": "5339144943", "population": 1873.0, "population_child": 109.0, "population_elderly": 281.0 }, "geometry": { "type": "Polygon", "coordinates": [ [ [ 139.61875, 35.4562475 ], [ 139.621875, 35.4562475 ], [ 139.621875, 35.45833 ], [ 139.61875, 35.45833 ], [ 139.61875, 35.4562475 ] ] ] } },
{ "type": "Feature", "properties": { "mesh_code": "5339144944", "population": 2171.0, "population_child": 277.0, "population_elderly": 401.0 }, "geometry": { "type": "Polygon", "coordinates": [ [ [ 139.621875, 35.4562475 ], [ 139.625, 35.4562475 ], [ 139.625, 35.45833 ], [ 139.621875, 35.45833 ], [ 139.621875, 35.4562475 ] ] ] } },
{ "type": "Feature", "properties": { "mesh_code": "5339154031", "population": 1408.0, "population_child": 144.0, "population_elderly": 123.0 }, "geometry": { "type": "Polygon", "coordinates": [ [ [ 139.625, 35.454165 ], [ 139.628125, 35.454165 ], [ 139.628125, 35.4562475 ], [ 139.625, 35.4562475 ], [ 139.625, 35.454165 ] ] ] } },
{ "type": "Feature", "properties": { "mesh_code": "5339154033", "population": 304.0, "population_child": 33.0, "population_elderly": 31.0 }, "geometry": { "type": "Polygon", "coordinates": [ [ [ 139.625, 35.4562475 ], [ 139.628125, 35.4562475 ], [ 139.628125, 35.45833 ], [ 139.625, 35.45833 ], [ 139.625, 35.4562475 ] ] ] } },
{ "type": "Feature", "properties": { "mesh_code": "5339154044", "population": 2.0, "population_child": 0.0, "population_elderly": 0.0 }, "geometry": { "type": "Polygon", "coordinates": [ [ [ 139.634375, 35.4562475 ], [ 139.6375, 35.4562475 ], [ 139.6375, 35.45833 ], [ 139.634375, 35.45833 ], [ 139.634375, 35.4562475 ] ] ] } },
{ "type": "Feature", "properties": { "mesh_code": "5339145822", "population": 1194.0, "population_child": 155.0, "population_elderly": 169.0 }, "geometry": { "type": "Polygon", "coordinates": [ [ [ 139.609375, 35.45833 ], [ 139.6125, 35.45833 ], [ 139.6125, 35.460415 ], [ 139.609375, 35.460415 ], [ 139.609375, 35.45833 ] ] ] } },
{ "type": "Feature", "properties": { "mesh_code": "5339145824", "population": 1186.0, "population_child": 120.0, "population_elderly": 207.0 }, "geometry": { "type": "Polygon", "coordinates": [ [ [ 139.609375, 35.460415 ], [ 139.6125, 35.460415 ], [ 139.6125, 35.4625 ], [ 139.609375, 35.4625 ], [ 139.609375, 35.460415 ] ] ] } },
{ "type": "Feature", "properties": { "mesh_code": "5339145911", "population": 2177.0, "population_child": 295.0, "population_elderly": 302.0 }, "geometry": { "type": "Polygon", "coordinates": [ [ [ 139.6125, 35.45833 ], [ 139.615625, 35.45833 ], [ 139.615625, 35.460415 ], [ 139.6125, 35.460415 ], [ 139.6125, 35.45833 ] ] ] } },
{ "type": "Feature", "properties": { "mesh_code": "5339145912", "population": 2334.0, "population_child": 147.0, "population_elderly": 320.0 }, "geometry": { "type": "Polygon", "coordinates": [ [ [ 139.615625, 35.45833 ], [ 139.61875, 35.45833 ], [ 139.61875, 35.460415 ], [ 139.615625, 35.460415 ], [ 139.615625, 35.45833 ] ] ] } },
{ "type": "Feature", "properties": { "mesh_code": "5339145913", "population": 651.0, "population_child": 57.0, "population_elderly": 221.0 }, "geometry": { "type": "Polygon", "coordinates": [ [ [ 139.6125, 35.460415 ], [ 139.615625, 35.460415 ], [ 139.615625, 35.4625 ], [ 139.6125, 35.4625 ], [ 139.6125, 35.460415 ] ] ] } },
{ "type": "Feature", "properties": { "mesh_code": "5339145914", "population": 1254.0, "population_child": 84.0, "population_elderly": 227.0 }, "geometry": { "type": "Polygon", "coordinates": [ [ [ 139.615625, 35.460415 ], [ 139.61875, 35.460415 ], [ 139.61875, 35.4625 ], [ 139.615625, 35.4625 ], [ 139.615625, 35.460415 ] ] ] } },
{ "type": "Feature", "properties": { "mesh_code": "5339145921", "population": 2233.0, "population_child": 143.0, "population_elderly": 233.0 }, "geometry": { "type": "Polygon", "coordinates": [ [ [ 139.61875, 35.45833 ], [ 139.621875, 35.45833 ], [ 139.621875, 35.460415 ], [ 139.61875, 35.460415 ], [ 139.61875, 35.45833 ] ] ] } },
{ "type": "Feature", "properties": { "mesh_code": "5339145922", "population": 1381.0, "population_child": 144.0, "population_elderly": 242.0 }, "geometry": { "type": "Polygon", "coordinates": [ [ [ 139.621875, 35.45833 ], [ 139.625, 35.45833 ], [ 139.625, 35.460415 ], [ 139.621875, 35.460415 ], [ 139.621875, 35.45833 ] ] ] } },
{ "type": "Feature", "properties": { "mesh_code": "5339145923", "population": 1768.0, "population_child": 162.0, "population_elderly": 298.0 }, "geometry": { "type": "Polygon", "coordinates": [ [ [ 139.61875, 35.460415 ], [ 139.621875, 35.460415 ], [ 139.621875, 35.4625 ], [ 139.61875, 35.4625 ], [ 139.61875, 35.460415 ] ] ] } },
{ "type": "Feature", "properties": { "mesh_code": "5339145924", "population": 552.0, "population_child": 46.0, "population_elderly": 67.0 }, "geometry": { "type": "Polygon", "coordinates": [ [ [ 139.621875, 35.460415 ], [ 139.625, 35.460415 ], [ 139.625, 35.4625 ], [ 139.621875, 35.4625 ], [ 139.621875, 35.460415 ] ] ] } },
{ "type": "Feature", "properties": { "mesh_code": "5339155012", "population": 1578.0, "population_child": 235.0, "population_elderly": 261.0 }, "geometry": { "type": "Polygon", "coordinates": [ [ [ 139.628125, 35.45833 ], [ 139.63125, 35.45833 ], [ 139.63125, 35.460415 ], [ 139.628125, 35.460415 ], [ 139.628125, 35.45833 ] ] ] } },
{ "type": "Feature", "properties": { "mesh_code": "5339155014", "population": 1128.0, "population_child": 143.0, "population_elderly": 224.0 }, "geometry": { "type": "Polygon", "coordinates": [ [ [ 139.628125, 35.460415 ], [ 139.63125, 35.460415 ], [ 139.63125, 35.4625 ], [ 139.628125, 35.4625 ], [ 139.628125, 35.460415 ] ] ] } },
{ "type": "Feature", "properties": { "mesh_code": "5339155021", "population": 2192.0, "population_child": 316.0, "population_elderly": 470.0 }, "geometry": { "type": "Polygon", "coordinates": [ [ [ 139.63125, 35.45833 ], [ 139.634375, 35.45833 ], [ 139.634375, 35.460415 ], [ 139.63125, 35.460415 ], [ 139.63125, 35.45833 ] ] ] } },
{ "type": "Feature", "properties": { "mesh_code": "5339155022", "population": 38.0, "population_child": 6.0, "population_elderly": 8.0 }, "geometry": { "type": "Polygon", "coordinates": [ [ [ 139.634375, 35.45833 ], [ 139.6375, 35.45833 ], [ 139.6375, 35.460415 ], [ 139.634375, 35.460415 ], [ 139.634375, 35.45833 ] ] ] } },
{ "type": "Feature", "properties": { "mesh_code": "5339155023", "population": 3271.0, "population_child": 446.0, "population_elderly": 499.0 }, "geometry": { "type": "Polygon", "coordinates": [ [ [ 139.63125, 35.460415 ], [ 139.634375, 35.460415 ], [ 139.634375, 35.4625 ], [ 139.63125, 35.4625 ], [ 139.63125, 35.460415 ] ] ] } },
{ "type": "Feature", "properties": { "mesh_code": "5339145842", "population": 1818.0, "population_child": 210.0, "population_elderly": 289.0 }, "geometry": { "type": "Polygon", "coordinates": [ [ [ 139.609375, 35.4625 ], [ 139.6125, 35.4625 ], [ 139.6125, 35.464585 ], [ 139.609375, 35.464585 ], [ 139.609375, 35.4625 ] ] ] } },
{ "type": "Feature", "properties": { "mesh_code": "5339145931", "population": 1047.0, "population_child": 80.0, "population_elderly": 209.0 }, "geometry": { "type": "Polygon", "coordinates": [ [ [ 139.6125, 35.4625 ], [ 139.615625, 35.4625 ], [ 139.615625, 35.464585 ], [ 139.6125, 35.464585 ], [ 139.6125, 35.4625 ] ] ] } },
{ "type": "Feature", "properties": { "mesh_code": "5339145932", "population": 195.0, "population_child": 5.0, "population_elderly": 38.0 }, "geometry": { "type": "Polygon", "coordinates": [ [ [ 139.615625, 35.4625 ], [ 139.61875, 35.4625 ], [ 139.61875, 35.464585 ], [ 139.615625, 35.464585 ], [ 139.615625, 35.4625 ] ] ] } },
{ "type": "Feature", "properties": { "mesh_code": "5339145941", "population": 378.0, "population_child": 45.0, "population_elderly": 114.0 }, "geometry": { "type": "Polygon", "coordinates": [ [ [ 139.61875, 35.4625 ], [ 139.621875, 35.4625 ], [ 139.621875, 35.464585 ], [ 139.61875, 35.464585 ], [ 139.61875, 35.4625 ] ] ] } },
{ "type": "Feature", "properties": { "mesh_code": "5339155041", "population": 704.0, "population_child": 138.0, "population_elderly": 52.0 }, "geometry": { "type": "Polygon", "coordinates": [ [ [ 139.63125, 35.4625 ], [ 139.634375, 35.4625 ], [ 139.634375, 35.464585 ], [ 139.63125, 35.464585 ], [ 139.63125, 35.4625 ] ] ] } },
{ "type": "Feature", "properties": { "mesh_code": "5339145942", "population": 454.0, "population_child": 63.0, "population_elderly": 92.0 }, "geometry": { "type": "Polygon", "coordinates": [ [ [ 139.621875, 35.4625 ], [ 139.625, 35.4625 ], [ 139.625, 35.464585 ], [ 139.621875, 35.464585 ], [ 139.621875, 35.4625 ] ] ] } },
{ "type": "Feature", "properties": { "mesh_code": "5339145844", "population": 1139.0, "population_child": 74.0, "population_elderly": 154.0 }, "geometry": { "type": "Polygon", "coordinates": [ [ [ 139.609375, 35.464585 ], [ 139.6125, 35.464585 ], [ 139.6125, 35.46667 ], [ 139.609375, 35.46667 ], [ 139.609375, 35.464585 ] ] ] } },
{ "type": "Feature", "properties": { "mesh_code": "5339145933", "population": 1401.0, "population_child": 117.0, "population_elderly": 171.0 }, "geometry": { "type": "Polygon", "coordinates": [ [ [ 139.6125, 35.464585 ], [ 139.615625, 35.464585 ], [ 139.615625, 35.46667 ], [ 139.6125, 35.46667 ], [ 139.6125, 35.464585 ] ] ] } },
{ "type": "Feature", "properties": { "mesh_code": "5339145934", "population": 433.0, "population_child": 48.0, "population_elderly": 39.0 }, "geometry": { "type": "Polygon", "coordinates": [ [ [ 139.615625, 35.464585 ], [ 139.61875, 35.464585 ], [ 139.61875, 35.46667 ], [ 139.615625, 35.46667 ], [ 139.615625, 35.464585 ] ] ] } },
{ "type": "Feature", "properties": { "mesh_code": "5339146822", "population": 693.0, "population_child": 55.0, "population_elderly": 167.0 }, "geometry": { "type": "Polygon", "coordinates": [ [ [ 139.609375, 35.46667 ], [ 139.6125, 35.46667 ], [ 139.6125, 35.4687525 ], [ 139.609375, 35.4687525 ], [ 139.609375, 35.46667 ] ] ] } },
{ "type": "Feature", "properties": { "mesh_code": "5339146911", "population": 1969.0, "population_child": 150.0, "population_elderly": 217.0 }, "geometry": { "type": "Polygon", "coordinates": [ [ [ 139.6125, 35.46667 ], [ 139.615625, 35.46667 ], [ 139.615625, 35.4687525 ], [ 139.6125, 35.4687525 ], [ 139.6125, 35.46667 ] ] ] } },
{ "type": "Feature", "properties": { "mesh_code": "5339146912", "population": 48.0, "population_child": 2.0, "population_elderly": 10.0 }, "geometry": { "type": "Polygon", "coordinates": [ [ [ 139.615625, 35.46667 ], [ 139.61875, 35.46667 ], [ 139.61875, 35.4687525 ], [ 139.615625, 35.4687525 ], [ 139.615625, 35.46667 ] ] ] } },
{ "type": "Feature", "properties": { "mesh_code": "5339155033", "population": 152.0, "population_child": 12.0, "population_elderly": 38.0 }, "geometry": { "type": "Polygon", "coordinates": [ [ [ 139.625, 35.464585 ], [ 139.628125, 35.464585 ], [ 139.628125, 35.46667 ], [ 139.625, 35.46667 ], [ 139.625, 35.464585 ] ] ] } },
{ "type": "Feature", "properties": { "mesh_code": "5339145943", "population": 6.0, "population_child": 0.0, "population_elderly": 0.0 }, "geometry": { "type": "Polygon", "coordinates": [ [ [ 139.61875, 35.464585 ], [ 139.621875, 35.464585 ], [ 139.621875, 35.46667 ], [ 139.61875, 35.46667 ], [ 139.61875, 35.464585 ] ] ] } },
{ "type": "Feature", "properties": { "mesh_code": "5339146921", "population": 1.0, "population_child": 0.0, "population_elderly": 0.0 }, "geometry": { "type": "Polygon", "coordinates": [ [ [ 139.61875, 35.46667 ], [ 139.621875, 35.46667 ], [ 139.621875, 35.4687525 ], [ 139.61875, 35.4687525 ], [ 139.61875, 35.46667 ] ] ] } },
{ "type": "Feature", "properties": { "mesh_code": "5339146824", "population": 1310.0, "population_child": 299.0, "population_elderly": 81.0 }, "geometry": { "type": "Polygon", "coordinates": [ [ [ 139.609375, 35.4687525 ], [ 139.6125, 35.4687525 ], [ 139.6125, 35.470835 ], [ 139.609375, 35.470835 ], [ 139.609375, 35.4687525 ] ] ] } },
{ "type": "Feature", "properties": { "mesh_code": "5339146842", "population": 889.0, "population_child": 128.0, "population_elderly": 161.0 }, "geometry": { "type": "Polygon", "coordinates": [ [ [ 139.609375, 35.470835 ], [ 139.6125, 35.470835 ], [ 139.6125, 35.4729175 ], [ 139.609375, 35.4729175 ], [ 139.609375, 35.470835 ] ] ] } },
{ "type": "Feature", "properties": { "mesh_code": "5339146913", "population": 677.0, "population_child": 65.0, "population_elderly": 155.0 }, "geometry": { "type": "Polygon", "coordinates": [ [ [ 139.6125, 35.4687525 ], [ 139.615625, 35.4687525 ], [ 139.615625, 35.470835 ], [ 139.6125, 35.470835 ], [ 139.6125, 35.4687525 ] ] ] } },
{ "type": "Feature", "properties": { "mesh_code": "5339146914", "population": 438.0, "population_child": 30.0, "population_elderly": 54.0 }, "geometry": { "type": "Polygon", "coordinates": [ [ [ 139.615625, 35.4687525 ], [ 139.61875, 35.4687525 ], [ 139.61875, 35.470835 ], [ 139.615625, 35.470835 ], [ 139.615625, 35.4687525 ] ] ] } },
{ "type": "Feature", "properties": { "mesh_code": "5339146931", "population": 829.0, "population_child": 85.0, "population_elderly": 180.0 }, "geometry": { "type": "Polygon", "coordinates": [ [ [ 139.6125, 35.470835 ], [ 139.615625, 35.470835 ], [ 139.615625, 35.4729175 ], [ 139.6125, 35.4729175 ], [ 139.6125, 35.470835 ] ] ] } },
{ "type": "Feature", "properties": { "mesh_code": "5339042731", "population": 247.0, "population_child": 21.0, "population_elderly": 141.0 }, "geometry": { "type": "Polygon", "coordinates": [ [ [ 139.5875, 35.354165 ], [ 139.590625, 35.354165 ], [ 139.590625, 35.3562475 ], [ 139.5875, 35.3562475 ], [ 139.5875, 35.354165 ] ] ] } },
{ "type": "Feature", "properties": { "mesh_code": "5339042733", "population": 10.0, "population_child": 0.0, "population_elderly": 8.0 }, "geometry": { "type": "Polygon", "coordinates": [ [ [ 139.5875, 35.3562475 ], [ 139.590625, 35.3562475 ], [ 139.590625, 35.35833 ], [ 139.5875, 35.35833 ], [ 139.5875, 35.3562475 ] ] ] } },
{ "type": "Feature", "properties": { "mesh_code": "5339043732", "population": 66.0, "population_child": 5.0, "population_elderly": 30.0 }, "geometry": { "type": "Polygon", "coordinates": [ [ [ 139.590625, 35.3625 ], [ 139.59375, 35.3625 ], [ 139.59375, 35.364585 ], [ 139.590625, 35.364585 ], [ 139.590625, 35.3625 ] ] ] } },
{ "type": "Feature", "properties": { "mesh_code": "5339043741", "population": 120.0, "population_child": 7.0, "population_elderly": 6.0 }, "geometry": { "type": "Polygon", "coordinates": [ [ [ 139.59375, 35.3625 ], [ 139.596875, 35.3625 ], [ 139.596875, 35.364585 ], [ 139.59375, 35.364585 ], [ 139.59375, 35.3625 ] ] ] } },
{ "type": "Feature", "properties": { "mesh_code": "5339043812", "population": 58.0, "population_child": 7.0, "population_elderly": 22.0 }, "geometry": { "type": "Polygon", "coordinates": [ [ [ 139.603125, 35.35833 ], [ 139.60625, 35.35833 ], [ 139.60625, 35.360415 ], [ 139.603125, 35.360415 ], [ 139.603125, 35.35833 ] ] ] } },
{ "type": "Feature", "properties": { "mesh_code": "5339043813", "population": 205.0, "population_child": 23.0, "population_elderly": 101.0 }, "geometry": { "type": "Polygon", "coordinates": [ [ [ 139.6, 35.360415 ], [ 139.603125, 35.360415 ], [ 139.603125, 35.3625 ], [ 139.6, 35.3625 ], [ 139.6, 35.360415 ] ] ] } },
{ "type": "Feature", "properties": { "mesh_code": "5339043814", "population": 1135.0, "population_child": 71.0, "population_elderly": 475.0 }, "geometry": { "type": "Polygon", "coordinates": [ [ [ 139.603125, 35.360415 ], [ 139.60625, 35.360415 ], [ 139.60625, 35.3625 ], [ 139.603125, 35.3625 ], [ 139.603125, 35.360415 ] ] ] } },
{ "type": "Feature", "properties": { "mesh_code": "5339043821", "population": 344.0, "population_child": 96.0, "population_elderly": 53.0 }, "geometry": { "type": "Polygon", "coordinates": [ [ [ 139.60625, 35.35833 ], [ 139.609375, 35.35833 ], [ 139.609375, 35.360415 ], [ 139.60625, 35.360415 ], [ 139.60625, 35.35833 ] ] ] } },
{ "type": "Feature", "properties": { "mesh_code": "5339043823", "population": 222.0, "population_child": 33.0, "population_elderly": 30.0 }, "geometry": { "type": "Polygon", "coordinates": [ [ [ 139.60625, 35.360415 ], [ 139.609375, 35.360415 ], [ 139.609375, 35.3625 ], [ 139.60625, 35.3625 ], [ 139.60625, 35.360415 ] ] ] } },
{ "type": "Feature", "properties": { "mesh_code": "5339043831", "population": 29.0, "population_child": 1.0, "population_elderly": 14.0 }, "geometry": { "type": "Polygon", "coordinates": [ [ [ 139.6, 35.3625 ], [ 139.603125, 35.3625 ], [ 139.603125, 35.364585 ], [ 139.6, 35.364585 ], [ 139.6, 35.3625 ] ] ] } },
{ "type": "Feature", "properties": { "mesh_code": "5339043841", "population": 247.0, "population_child": 16.0, "population_elderly": 29.0 }, "geometry": { "type": "Polygon", "coordinates": [ [ [ 139.60625, 35.3625 ], [ 139.609375, 35.3625 ], [ 139.609375, 35.364585 ], [ 139.60625, 35.364585 ], [ 139.60625, 35.3625 ] ] ] } },
{ "type": "Feature", "properties": { "mesh_code": "5339043832", "population": 780.0, "population_child": 43.0, "population_elderly": 339.0 }, "geometry": { "type": "Polygon", "coordinates": [ [ [ 139.603125, 35.3625 ], [ 139.60625, 35.3625 ], [ 139.60625, 35.364585 ], [ 139.603125, 35.364585 ], [ 139.603125, 35.3625 ] ] ] } },
{ "type": "Feature", "properties": { "mesh_code": "5339043742", "population": 2.0, "population_child": 0.0, "population_elderly": 0.0 }, "geometry": { "type": "Polygon", "coordinates": [ [ [ 139.596875, 35.3625 ], [ 139.6, 35.3625 ], [ 139.6, 35.364585 ], [ 139.596875, 35.364585 ], [ 139.596875, 35.3625 ] ] ] } },
{ "type": "Feature", "properties": { "mesh_code": "5339043734", "population": 549.0, "population_child": 101.0, "population_elderly": 125.0 }, "geometry": { "type": "Polygon", "coordinates": [ [ [ 139.590625, 35.364585 ], [ 139.59375, 35.364585 ], [ 139.59375, 35.36667 ], [ 139.590625, 35.36667 ], [ 139.590625, 35.364585 ] ] ] } },
{ "type": "Feature", "properties": { "mesh_code": "5339043744", "population": 44.0, "population_child": 6.0, "population_elderly": 18.0 }, "geometry": { "type": "Polygon", "coordinates": [ [ [ 139.596875, 35.364585 ], [ 139.6, 35.364585 ], [ 139.6, 35.36667 ], [ 139.596875, 35.36667 ], [ 139.596875, 35.364585 ] ] ] } },
{ "type": "Feature", "properties": { "mesh_code": "5339043843", "population": 424.0, "population_child": 19.0, "population_elderly": 259.0 }, "geometry": { "type": "Polygon", "coordinates": [ [ [ 139.60625, 35.364585 ], [ 139.609375, 35.364585 ], [ 139.609375, 35.36667 ], [ 139.60625, 35.36667 ], [ 139.60625, 35.364585 ] ] ] } },
{ "type": "Feature", "properties": { "mesh_code": "5339044721", "population": 534.0, "population_child": 92.0, "population_elderly": 94.0 }, "geometry": { "type": "Polygon", "coordinates": [ [ [ 139.59375, 35.36667 ], [ 139.596875, 35.36667 ], [ 139.596875, 35.3687525 ], [ 139.59375, 35.3687525 ], [ 139.59375, 35.36667 ] ] ] } },
{ "type": "Feature", "properties": { "mesh_code": "5339044722", "population": 187.0, "population_child": 26.0, "population_elderly": 42.0 }, "geometry": { "type": "Polygon", "coordinates": [ [ [ 139.596875, 35.36667 ], [ 139.6, 35.36667 ], [ 139.6, 35.3687525 ], [ 139.596875, 35.3687525 ], [ 139.596875, 35.36667 ] ] ] } },
{ "type": "Feature", "properties": { "mesh_code": "5339044723", "population": 463.0, "population_child": 68.0, "population_elderly": 67.0 }, "geometry": { "type": "Polygon", "coordinates": [ [ [ 139.59375, 35.3687525 ], [ 139.596875, 35.3687525 ], [ 139.596875, 35.370835 ], [ 139.59375, 35.370835 ], [ 139.59375, 35.3687525 ] ] ] } },
{ "type": "Feature", "properties": { "mesh_code": "5339044724", "population": 630.0, "population_child": 59.0, "population_elderly": 142.0 }, "geometry": { "type": "Polygon", "coordinates": [ [ [ 139.596875, 35.3687525 ], [ 139.6, 35.3687525 ], [ 139.6, 35.370835 ], [ 139.596875, 35.370835 ], [ 139.596875, 35.3687525 ] ] ] } },
{ "type": "Feature", "properties": { "mesh_code": "5339044732", "population": 498.0, "population_child": 74.0, "population_elderly": 144.0 }, "geometry": { "type": "Polygon", "coordinates": [ [ [ 139.590625, 35.370835 ], [ 139.59375, 35.370835 ], [ 139.59375, 35.3729175 ], [ 139.590625, 35.3729175 ], [ 139.590625, 35.370835 ] ] ] } },
{ "type": "Feature", "properties": { "mesh_code": "5339044741", "population": 875.0, "population_child": 67.0, "population_elderly": 382.0 }, "geometry": { "type": "Polygon", "coordinates": [ [ [ 139.59375, 35.370835 ], [ 139.596875, 35.370835 ], [ 139.596875, 35.3729175 ], [ 139.59375, 35.3729175 ], [ 139.59375, 35.370835 ] ] ] } },
{ "type": "Feature", "properties": { "mesh_code": "5339044742", "population": 832.0, "population_child": 117.0, "population_elderly": 195.0 }, "geometry": { "type": "Polygon", "coordinates": [ [ [ 139.596875, 35.370835 ], [ 139.6, 35.370835 ], [ 139.6, 35.3729175 ], [ 139.596875, 35.3729175 ], [ 139.596875, 35.370835 ] ] ] } },
{ "type": "Feature", "properties": { "mesh_code": "5339044811", "population": 26.0, "population_child": 0.0, "population_elderly": 10.0 }, "geometry": { "type": "Polygon", "coordinates": [ [ [ 139.6, 35.36667 ], [ 139.603125, 35.36667 ], [ 139.603125, 35.3687525 ], [ 139.6, 35.3687525 ], [ 139.6, 35.36667 ] ] ] } },
{ "type": "Feature", "properties": { "mesh_code": "5339044813", "population": 347.0, "population_child": 39.0, "population_elderly": 87.0 }, "geometry": { "type": "Polygon", "coordinates": [ [ [ 139.6, 35.3687525 ], [ 139.603125, 35.3687525 ], [ 139.603125, 35.370835 ], [ 139.6, 35.370835 ], [ 139.6, 35.3687525 ] ] ] } },
{ "type": "Feature", "properties": { "mesh_code": "5339044821", "population": 291.0, "population_child": 12.0, "population_elderly": 136.0 }, "geometry": { "type": "Polygon", "coordinates": [ [ [ 139.60625, 35.36667 ], [ 139.609375, 35.36667 ], [ 139.609375, 35.3687525 ], [ 139.60625, 35.3687525 ], [ 139.60625, 35.36667 ] ] ] } },
{ "type": "Feature", "properties": { "mesh_code": "5339044831", "population": 826.0, "population_child": 85.0, "population_elderly": 155.0 }, "geometry": { "type": "Polygon", "coordinates": [ [ [ 139.6, 35.370835 ], [ 139.603125, 35.370835 ], [ 139.603125, 35.3729175 ], [ 139.6, 35.3729175 ], [ 139.6, 35.370835 ] ] ] } },
{ "type": "Feature", "properties": { "mesh_code": "5339044832", "population": 34.0, "population_child": 1.0, "population_elderly": 12.0 }, "geometry": { "type": "Polygon", "coordinates": [ [ [ 139.603125, 35.370835 ], [ 139.60625, 35.370835 ], [ 139.60625, 35.3729175 ], [ 139.603125, 35.3729175 ], [ 139.603125, 35.370835 ] ] ] } },
{ "type": "Feature", "properties": { "mesh_code": "5339043743", "population": 111.0, "population_child": 21.0, "population_elderly": 25.0 }, "geometry": { "type": "Polygon", "coordinates": [ [ [ 139.59375, 35.364585 ], [ 139.596875, 35.364585 ], [ 139.596875, 35.36667 ], [ 139.59375, 35.36667 ], [ 139.59375, 35.364585 ] ] ] } },
{ "type": "Feature", "properties": { "mesh_code": "5339043833", "population": 7.0, "population_child": 0.0, "population_elderly": 0.0 }, "geometry": { "type": "Polygon", "coordinates": [ [ [ 139.6, 35.364585 ], [ 139.603125, 35.364585 ], [ 139.603125, 35.36667 ], [ 139.6, 35.36667 ], [ 139.6, 35.364585 ] ] ] } },
{ "type": "Feature", "properties": { "mesh_code": "5339044733", "population": 527.0, "population_child": 77.0, "population_elderly": 100.0 }, "geometry": { "type": "Polygon", "coordinates": [ [ [ 139.5875, 35.3729175 ], [ 139.590625, 35.3729175 ], [ 139.590625, 35.375 ], [ 139.5875, 35.375 ], [ 139.5875, 35.3729175 ] ] ] } },
{ "type": "Feature", "properties": { "mesh_code": "5339044734", "population": 1159.0, "population_child": 100.0, "population_elderly": 465.0 }, "geometry": { "type": "Polygon", "coordinates": [ [ [ 139.590625, 35.3729175 ], [ 139.59375, 35.3729175 ], [ 139.59375, 35.375 ], [ 139.590625, 35.375 ], [ 139.590625, 35.3729175 ] ] ] } },
{ "type": "Feature", "properties": { "mesh_code": "5339044743", "population": 1231.0, "population_child": 95.0, "population_elderly": 532.0 }, "geometry": { "type": "Polygon", "coordinates": [ [ [ 139.59375, 35.3729175 ], [ 139.596875, 35.3729175 ], [ 139.596875, 35.375 ], [ 139.59375, 35.375 ], [ 139.59375, 35.3729175 ] ] ] } },
{ "type": "Feature", "properties": { "mesh_code": "5339044744", "population": 475.0, "population_child": 57.0, "population_elderly": 163.0 }, "geometry": { "type": "Polygon", "coordinates": [ [ [ 139.596875, 35.3729175 ], [ 139.6, 35.3729175 ], [ 139.6, 35.375 ], [ 139.596875, 35.375 ], [ 139.596875, 35.3729175 ] ] ] } },
{ "type": "Feature", "properties": { "mesh_code": "5339044833", "population": 302.0, "population_child": 34.0, "population_elderly": 92.0 }, "geometry": { "type": "Polygon", "coordinates": [ [ [ 139.6, 35.3729175 ], [ 139.603125, 35.3729175 ], [ 139.603125, 35.375 ], [ 139.6, 35.375 ], [ 139.6, 35.3729175 ] ] ] } },
{ "type": "Feature", "properties": { "mesh_code": "5339044834", "population": 78.0, "population_child": 16.0, "population_elderly": 14.0 }, "geometry": { "type": "Polygon", "coordinates": [ [ [ 139.603125, 35.3729175 ], [ 139.60625, 35.3729175 ], [ 139.60625, 35.375 ], [ 139.603125, 35.375 ], [ 139.603125, 35.3729175 ] ] ] } },
{ "type": "Feature", "properties": { "mesh_code": "5339044841", "population": 128.0, "population_child": 7.0, "population_elderly": 59.0 }, "geometry": { "type": "Polygon", "coordinates": [ [ [ 139.60625, 35.370835 ], [ 139.609375, 35.370835 ], [ 139.609375, 35.3729175 ], [ 139.60625, 35.3729175 ], [ 139.60625, 35.370835 ] ] ] } },
{ "type": "Feature", "properties": { "mesh_code": "5339044843", "population": 188.0, "population_child": 23.0, "population_elderly": 76.0 }, "geometry": { "type": "Polygon", "coordinates": [ [ [ 139.60625, 35.3729175 ], [ 139.609375, 35.3729175 ], [ 139.609375, 35.375 ], [ 139.60625, 35.375 ], [ 139.60625, 35.3729175 ] ] ] } },
{ "type": "Feature", "properties": { "mesh_code": "5339045711", "population": 604.0, "population_child": 56.0, "population_elderly": 141.0 }, "geometry": { "type": "Polygon", "coordinates": [ [ [ 139.5875, 35.375 ], [ 139.590625, 35.375 ], [ 139.590625, 35.3770825 ], [ 139.5875, 35.3770825 ], [ 139.5875, 35.375 ] ] ] } },
{ "type": "Feature", "properties": { "mesh_code": "5339045712", "population": 672.0, "population_child": 71.0, "population_elderly": 177.0 }, "geometry": { "type": "Polygon", "coordinates": [ [ [ 139.590625, 35.375 ], [ 139.59375, 35.375 ], [ 139.59375, 35.3770825 ], [ 139.590625, 35.3770825 ], [ 139.590625, 35.375 ] ] ] } },
{ "type": "Feature", "properties": { "mesh_code": "5339045713", "population": 893.0, "population_child": 101.0, "population_elderly": 289.0 }, "geometry": { "type": "Polygon", "coordinates": [ [ [ 139.5875, 35.3770825 ], [ 139.590625, 35.3770825 ], [ 139.590625, 35.379165 ], [ 139.5875, 35.379165 ], [ 139.5875, 35.3770825 ] ] ] } },
{ "type": "Feature", "properties": { "mesh_code": "5339045714", "population": 795.0, "population_child": 79.0, "population_elderly": 191.0 }, "geometry": { "type": "Polygon", "coordinates": [ [ [ 139.590625, 35.3770825 ], [ 139.59375, 35.3770825 ], [ 139.59375, 35.379165 ], [ 139.590625, 35.379165 ], [ 139.590625, 35.3770825 ] ] ] } },
{ "type": "Feature", "properties": { "mesh_code": "5339045721", "population": 792.0, "population_child": 86.0, "population_elderly": 314.0 }, "geometry": { "type": "Polygon", "coordinates": [ [ [ 139.59375, 35.375 ], [ 139.596875, 35.375 ], [ 139.596875, 35.3770825 ], [ 139.59375, 35.3770825 ], [ 139.59375, 35.375 ] ] ] } },
{ "type": "Feature", "properties": { "mesh_code": "5339045722", "population": 594.0, "population_child": 64.0, "population_elderly": 196.0 }, "geometry": { "type": "Polygon", "coordinates": [ [ [ 139.596875, 35.375 ], [ 139.6, 35.375 ], [ 139.6, 35.3770825 ], [ 139.596875, 35.3770825 ], [ 139.596875, 35.375 ] ] ] } },
{ "type": "Feature", "properties": { "mesh_code": "5339045723", "population": 644.0, "population_child": 22.0, "population_elderly": 307.0 }, "geometry": { "type": "Polygon", "coordinates": [ [ [ 139.59375, 35.3770825 ], [ 139.596875, 35.3770825 ], [ 139.596875, 35.379165 ], [ 139.59375, 35.379165 ], [ 139.59375, 35.3770825 ] ] ] } },
{ "type": "Feature", "properties": { "mesh_code": "5339045724", "population": 598.0, "population_child": 38.0, "population_elderly": 253.0 }, "geometry": { "type": "Polygon", "coordinates": [ [ [ 139.596875, 35.3770825 ], [ 139.6, 35.3770825 ], [ 139.6, 35.379165 ], [ 139.596875, 35.379165 ], [ 139.596875, 35.3770825 ] ] ] } },
{ "type": "Feature", "properties": { "mesh_code": "5339045811", "population": 458.0, "population_child": 55.0, "population_elderly": 126.0 }, "geometry": { "type": "Polygon", "coordinates": [ [ [ 139.6, 35.375 ], [ 139.603125, 35.375 ], [ 139.603125, 35.3770825 ], [ 139.6, 35.3770825 ], [ 139.6, 35.375 ] ] ] } },
{ "type": "Feature", "properties": { "mesh_code": "5339045812", "population": 898.0, "population_child": 102.0, "population_elderly": 245.0 }, "geometry": { "type": "Polygon", "coordinates": [ [ [ 139.603125, 35.375 ], [ 139.60625, 35.375 ], [ 139.60625, 35.3770825 ], [ 139.603125, 35.3770825 ], [ 139.603125, 35.375 ] ] ] } },
{ "type": "Feature", "properties": { "mesh_code": "5339045813", "population": 534.0, "population_child": 75.0, "population_elderly": 144.0 }, "geometry": { "type": "Polygon", "coordinates": [ [ [ 139.6, 35.3770825 ], [ 139.603125, 35.3770825 ], [ 139.603125, 35.379165 ], [ 139.6, 35.379165 ], [ 139.6, 35.3770825 ] ] ] } },
{ "type": "Feature", "properties": { "mesh_code": "5339045814", "population": 768.0, "population_child": 109.0, "population_elderly": 202.0 }, "geometry": { "type": "Polygon", "coordinates": [ [ [ 139.603125, 35.3770825 ], [ 139.60625, 35.3770825 ], [ 139.60625, 35.379165 ], [ 139.603125, 35.379165 ], [ 139.603125, 35.3770825 ] ] ] } },
{ "type": "Feature", "properties": { "mesh_code": "5339045821", "population": 556.0, "population_child": 79.0, "population_elderly": 183.0 }, "geometry": { "type": "Polygon", "coordinates": [ [ [ 139.60625, 35.375 ], [ 139.609375, 35.375 ], [ 139.609375, 35.3770825 ], [ 139.60625, 35.3770825 ], [ 139.60625, 35.375 ] ] ] } },
{ "type": "Feature", "properties": { "mesh_code": "5339045823", "population": 587.0, "population_child": 48.0, "population_elderly": 116.0 }, "geometry": { "type": "Polygon", "coordinates": [ [ [ 139.60625, 35.3770825 ], [ 139.609375, 35.3770825 ], [ 139.609375, 35.379165 ], [ 139.60625, 35.379165 ], [ 139.60625, 35.3770825 ] ] ] } },
{ "type": "Feature", "properties": { "mesh_code": "5339045732", "population": 620.0, "population_child": 53.0, "population_elderly": 251.0 }, "geometry": { "type": "Polygon", "coordinates": [ [ [ 139.590625, 35.379165 ], [ 139.59375, 35.379165 ], [ 139.59375, 35.3812475 ], [ 139.590625, 35.3812475 ], [ 139.590625, 35.379165 ] ] ] } },
{ "type": "Feature", "properties": { "mesh_code": "5339045733", "population": 484.0, "population_child": 56.0, "population_elderly": 156.0 }, "geometry": { "type": "Polygon", "coordinates": [ [ [ 139.5875, 35.3812475 ], [ 139.590625, 35.3812475 ], [ 139.590625, 35.38333 ], [ 139.5875, 35.38333 ], [ 139.5875, 35.3812475 ] ] ] } },
{ "type": "Feature", "properties": { "mesh_code": "5339045734", "population": 957.0, "population_child": 35.0, "population_elderly": 496.0 }, "geometry": { "type": "Polygon", "coordinates": [ [ [ 139.590625, 35.3812475 ], [ 139.59375, 35.3812475 ], [ 139.59375, 35.38333 ], [ 139.590625, 35.38333 ], [ 139.590625, 35.3812475 ] ] ] } },
{ "type": "Feature", "properties": { "mesh_code": "5339045741", "population": 1045.0, "population_child": 46.0, "population_elderly": 490.0 }, "geometry": { "type": "Polygon", "coordinates": [ [ [ 139.59375, 35.379165 ], [ 139.596875, 35.379165 ], [ 139.596875, 35.3812475 ], [ 139.59375, 35.3812475 ], [ 139.59375, 35.379165 ] ] ] } },
{ "type": "Feature", "properties": { "mesh_code": "5339045742", "population": 714.0, "population_child": 75.0, "population_elderly": 130.0 }, "geometry": { "type": "Polygon", "coordinates": [ [ [ 139.596875, 35.379165 ], [ 139.6, 35.379165 ], [ 139.6, 35.3812475 ], [ 139.596875, 35.3812475 ], [ 139.596875, 35.379165 ] ] ] } },
{ "type": "Feature", "properties": { "mesh_code": "5339045743", "population": 1113.0, "population_child": 105.0, "population_elderly": 363.0 }, "geometry": { "type": "Polygon", "coordinates": [ [ [ 139.59375, 35.3812475 ], [ 139.596875, 35.3812475 ], [ 139.596875, 35.38333 ], [ 139.59375, 35.38333 ], [ 139.59375, 35.3812475 ] ] ] } },
{ "type": "Feature", "properties": { "mesh_code": "5339045744", "population": 661.0, "population_child": 65.0, "population_elderly": 200.0 }, "geometry": { "type": "Polygon", "coordinates": [ [ [ 139.596875, 35.3812475 ], [ 139.6, 35.3812475 ], [ 139.6, 35.38333 ], [ 139.596875, 35.38333 ], [ 139.596875, 35.3812475 ] ] ] } },
{ "type": "Feature", "properties": { "mesh_code": "5339045831", "population": 874.0, "population_child": 106.0, "population_elderly": 171.0 }, "geometry": { "type": "Polygon", "coordinates": [ [ [ 139.6, 35.379165 ], [ 139.603125, 35.379165 ], [ 139.603125, 35.3812475 ], [ 139.6, 35.3812475 ], [ 139.6, 35.379165 ] ] ] } },
{ "type": "Feature", "properties": { "mesh_code": "5339045832", "population": 671.0, "population_child": 49.0, "population_elderly": 186.0 }, "geometry": { "type": "Polygon", "coordinates": [ [ [ 139.603125, 35.379165 ], [ 139.60625, 35.379165 ], [ 139.60625, 35.3812475 ], [ 139.603125, 35.3812475 ], [ 139.603125, 35.379165 ] ] ] } },
{ "type": "Feature", "properties": { "mesh_code": "5339045833", "population": 749.0, "population_child": 137.0, "population_elderly": 131.0 }, "geometry": { "type": "Polygon", "coordinates": [ [ [ 139.6, 35.3812475 ], [ 139.603125, 35.3812475 ], [ 139.603125, 35.38333 ], [ 139.6, 35.38333 ], [ 139.6, 35.3812475 ] ] ] } },
{ "type": "Feature", "properties": { "mesh_code": "5339045834", "population": 861.0, "population_child": 83.0, "population_elderly": 234.0 }, "geometry": { "type": "Polygon", "coordinates": [ [ [ 139.603125, 35.3812475 ], [ 139.60625, 35.3812475 ], [ 139.60625, 35.38333 ], [ 139.603125, 35.38333 ], [ 139.603125, 35.3812475 ] ] ] } },
{ "type": "Feature", "properties": { "mesh_code": "5339045841", "population": 702.0, "population_child": 76.0, "population_elderly": 211.0 }, "geometry": { "type": "Polygon", "coordinates": [ [ [ 139.60625, 35.379165 ], [ 139.609375, 35.379165 ], [ 139.609375, 35.3812475 ], [ 139.60625, 35.3812475 ], [ 139.60625, 35.379165 ] ] ] } },
{ "type": "Feature", "properties": { "mesh_code": "5339045843", "population": 768.0, "population_child": 107.0, "population_elderly": 209.0 }, "geometry": { "type": "Polygon", "coordinates": [ [ [ 139.60625, 35.3812475 ], [ 139.609375, 35.3812475 ], [ 139.609375, 35.38333 ], [ 139.60625, 35.38333 ], [ 139.60625, 35.3812475 ] ] ] } },
{ "type": "Feature", "properties": { "mesh_code": "5339046711", "population": 510.0, "population_child": 58.0, "population_elderly": 106.0 }, "geometry": { "type": "Polygon", "coordinates": [ [ [ 139.5875, 35.38333 ], [ 139.590625, 35.38333 ], [ 139.590625, 35.385415 ], [ 139.5875, 35.385415 ], [ 139.5875, 35.38333 ] ] ] } },
{ "type": "Feature", "properties": { "mesh_code": "5339046712", "population": 1049.0, "population_child": 83.0, "population_elderly": 315.0 }, "geometry": { "type": "Polygon", "coordinates": [ [ [ 139.590625, 35.38333 ], [ 139.59375, 35.38333 ], [ 139.59375, 35.385415 ], [ 139.590625, 35.385415 ], [ 139.590625, 35.38333 ] ] ] } },
{ "type": "Feature", "properties": { "mesh_code": "5339046721", "population": 592.0, "population_child": 40.0, "population_elderly": 243.0 }, "geometry": { "type": "Polygon", "coordinates": [ [ [ 139.59375, 35.38333 ], [ 139.596875, 35.38333 ], [ 139.596875, 35.385415 ], [ 139.59375, 35.385415 ], [ 139.59375, 35.38333 ] ] ] } },
{ "type": "Feature", "properties": { "mesh_code": "5339046722", "population": 747.0, "population_child": 85.0, "population_elderly": 154.0 }, "geometry": { "type": "Polygon", "coordinates": [ [ [ 139.596875, 35.38333 ], [ 139.6, 35.38333 ], [ 139.6, 35.385415 ], [ 139.596875, 35.385415 ], [ 139.596875, 35.38333 ] ] ] } },
{ "type": "Feature", "properties": { "mesh_code": "5339046811", "population": 823.0, "population_child": 69.0, "population_elderly": 168.0 }, "geometry": { "type": "Polygon", "coordinates": [ [ [ 139.6, 35.38333 ], [ 139.603125, 35.38333 ], [ 139.603125, 35.385415 ], [ 139.6, 35.385415 ], [ 139.6, 35.38333 ] ] ] } },
{ "type": "Feature", "properties": { "mesh_code": "5339046812", "population": 817.0, "population_child": 145.0, "population_elderly": 145.0 }, "geometry": { "type": "Polygon", "coordinates": [ [ [ 139.603125, 35.38333 ], [ 139.60625, 35.38333 ], [ 139.60625, 35.385415 ], [ 139.603125, 35.385415 ], [ 139.603125, 35.38333 ] ] ] } },
{ "type": "Feature", "properties": { "mesh_code": "5339046821", "population": 861.0, "population_child": 108.0, "population_elderly": 257.0 }, "geometry": { "type": "Polygon", "coordinates": [ [ [ 139.60625, 35.38333 ], [ 139.609375, 35.38333 ], [ 139.609375, 35.385415 ], [ 139.60625, 35.385415 ], [ 139.60625, 35.38333 ] ] ] } },
{ "type": "Feature", "properties": { "mesh_code": "5339046713", "population": 244.0, "population_child": 13.0, "population_elderly": 57.0 }, "geometry": { "type": "Polygon", "coordinates": [ [ [ 139.5875, 35.385415 ], [ 139.590625, 35.385415 ], [ 139.590625, 35.3875 ], [ 139.5875, 35.3875 ], [ 139.5875, 35.385415 ] ] ] } },
{ "type": "Feature", "properties": { "mesh_code": "5339046714", "population": 780.0, "population_child": 100.0, "population_elderly": 193.0 }, "geometry": { "type": "Polygon", "coordinates": [ [ [ 139.590625, 35.385415 ], [ 139.59375, 35.385415 ], [ 139.59375, 35.3875 ], [ 139.590625, 35.3875 ], [ 139.590625, 35.385415 ] ] ] } },
{ "type": "Feature", "properties": { "mesh_code": "5339046723", "population": 619.0, "population_child": 87.0, "population_elderly": 117.0 }, "geometry": { "type": "Polygon", "coordinates": [ [ [ 139.59375, 35.385415 ], [ 139.596875, 35.385415 ], [ 139.596875, 35.3875 ], [ 139.59375, 35.3875 ], [ 139.59375, 35.385415 ] ] ] } },
{ "type": "Feature", "properties": { "mesh_code": "5339046724", "population": 593.0, "population_child": 68.0, "population_elderly": 150.0 }, "geometry": { "type": "Polygon", "coordinates": [ [ [ 139.596875, 35.385415 ], [ 139.6, 35.385415 ], [ 139.6, 35.3875 ], [ 139.596875, 35.3875 ], [ 139.596875, 35.385415 ] ] ] } },
{ "type": "Feature", "properties": { "mesh_code": "5339046742", "population": 885.0, "population_child": 146.0, "population_elderly": 293.0 }, "geometry": { "type": "Polygon", "coordinates": [ [ [ 139.596875, 35.3875 ], [ 139.6, 35.3875 ], [ 139.6, 35.389585 ], [ 139.596875, 35.389585 ], [ 139.596875, 35.3875 ] ] ] } },
{ "type": "Feature", "properties": { "mesh_code": "5339046813", "population": 882.0, "population_child": 104.0, "population_elderly": 191.0 }, "geometry": { "type": "Polygon", "coordinates": [ [ [ 139.6, 35.385415 ], [ 139.603125, 35.385415 ], [ 139.603125, 35.3875 ], [ 139.6, 35.3875 ], [ 139.6, 35.385415 ] ] ] } },
{ "type": "Feature", "properties": { "mesh_code": "5339046814", "population": 800.0, "population_child": 118.0, "population_elderly": 181.0 }, "geometry": { "type": "Polygon", "coordinates": [ [ [ 139.603125, 35.385415 ], [ 139.60625, 35.385415 ], [ 139.60625, 35.3875 ], [ 139.603125, 35.3875 ], [ 139.603125, 35.385415 ] ] ] } },
{ "type": "Feature", "properties": { "mesh_code": "5339046823", "population": 985.0, "population_child": 138.0, "population_elderly": 218.0 }, "geometry": { "type": "Polygon", "coordinates": [ [ [ 139.60625, 35.385415 ], [ 139.609375, 35.385415 ], [ 139.609375, 35.3875 ], [ 139.60625, 35.3875 ], [ 139.60625, 35.385415 ] ] ] } },
{ "type": "Feature", "properties": { "mesh_code": "5339046831", "population": 819.0, "population_child": 94.0, "population_elderly": 299.0 }, "geometry": { "type": "Polygon", "coordinates": [ [ [ 139.6, 35.3875 ], [ 139.603125, 35.3875 ], [ 139.603125, 35.389585 ], [ 139.6, 35.389585 ], [ 139.6, 35.3875 ] ] ] } },
{ "type": "Feature", "properties": { "mesh_code": "5339046832", "population": 869.0, "population_child": 118.0, "population_elderly": 246.0 }, "geometry": { "type": "Polygon", "coordinates": [ [ [ 139.603125, 35.3875 ], [ 139.60625, 35.3875 ], [ 139.60625, 35.389585 ], [ 139.603125, 35.389585 ], [ 139.603125, 35.3875 ] ] ] } },
{ "type": "Feature", "properties": { "mesh_code": "5339046834", "population": 218.0, "population_child": 14.0, "population_elderly": 51.0 }, "geometry": { "type": "Polygon", "coordinates": [ [ [ 139.603125, 35.389585 ], [ 139.60625, 35.389585 ], [ 139.60625, 35.39167 ], [ 139.603125, 35.39167 ], [ 139.603125, 35.389585 ] ] ] } },
{ "type": "Feature", "properties": { "mesh_code": "5339046841", "population": 964.0, "population_child": 131.0, "population_elderly": 209.0 }, "geometry": { "type": "Polygon", "coordinates": [ [ [ 139.60625, 35.3875 ], [ 139.609375, 35.3875 ], [ 139.609375, 35.389585 ], [ 139.60625, 35.389585 ], [ 139.60625, 35.3875 ] ] ] } },
{ "type": "Feature", "properties": { "mesh_code": "5339046843", "population": 684.0, "population_child": 56.0, "population_elderly": 201.0 }, "geometry": { "type": "Polygon", "coordinates": [ [ [ 139.60625, 35.389585 ], [ 139.609375, 35.389585 ], [ 139.609375, 35.39167 ], [ 139.60625, 35.39167 ], [ 139.60625, 35.389585 ] ] ] } },
{ "type": "Feature", "properties": { "mesh_code": "5339047811", "population": 904.0, "population_child": 123.0, "population_elderly": 130.0 }, "geometry": { "type": "Polygon", "coordinates": [ [ [ 139.6, 35.39167 ], [ 139.603125, 35.39167 ], [ 139.603125, 35.3937525 ], [ 139.6, 35.3937525 ], [ 139.6, 35.39167 ] ] ] } },
{ "type": "Feature", "properties": { "mesh_code": "5339047812", "population": 429.0, "population_child": 44.0, "population_elderly": 85.0 }, "geometry": { "type": "Polygon", "coordinates": [ [ [ 139.603125, 35.39167 ], [ 139.60625, 35.39167 ], [ 139.60625, 35.3937525 ], [ 139.603125, 35.3937525 ], [ 139.603125, 35.39167 ] ] ] } },
{ "type": "Feature", "properties": { "mesh_code": "5339047742", "population": 723.0, "population_child": 53.0, "population_elderly": 276.0 }, "geometry": { "type": "Polygon", "coordinates": [ [ [ 139.596875, 35.395835 ], [ 139.6, 35.395835 ], [ 139.6, 35.3979175 ], [ 139.596875, 35.3979175 ], [ 139.596875, 35.395835 ] ] ] } },
{ "type": "Feature", "properties": { "mesh_code": "5339047744", "population": 768.0, "population_child": 77.0, "population_elderly": 275.0 }, "geometry": { "type": "Polygon", "coordinates": [ [ [ 139.596875, 35.3979175 ], [ 139.6, 35.3979175 ], [ 139.6, 35.4 ], [ 139.596875, 35.4 ], [ 139.596875, 35.3979175 ] ] ] } },
{ "type": "Feature", "properties": { "mesh_code": "5339047813", "population": 859.0, "population_child": 110.0, "population_elderly": 185.0 }, "geometry": { "type": "Polygon", "coordinates": [ [ [ 139.6, 35.3937525 ], [ 139.603125, 35.3937525 ], [ 139.603125, 35.395835 ], [ 139.6, 35.395835 ], [ 139.6, 35.3937525 ] ] ] } },
{ "type": "Feature", "properties": { "mesh_code": "5339047814", "population": 1026.0, "population_child": 153.0, "population_elderly": 216.0 }, "geometry": { "type": "Polygon", "coordinates": [ [ [ 139.603125, 35.3937525 ], [ 139.60625, 35.3937525 ], [ 139.60625, 35.395835 ], [ 139.603125, 35.395835 ], [ 139.603125, 35.3937525 ] ] ] } },
{ "type": "Feature", "properties": { "mesh_code": "5339047821", "population": 533.0, "population_child": 56.0, "population_elderly": 129.0 }, "geometry": { "type": "Polygon", "coordinates": [ [ [ 139.60625, 35.39167 ], [ 139.609375, 35.39167 ], [ 139.609375, 35.3937525 ], [ 139.60625, 35.3937525 ], [ 139.60625, 35.39167 ] ] ] } },
{ "type": "Feature", "properties": { "mesh_code": "5339047823", "population": 779.0, "population_child": 64.0, "population_elderly": 152.0 }, "geometry": { "type": "Polygon", "coordinates": [ [ [ 139.60625, 35.3937525 ], [ 139.609375, 35.3937525 ], [ 139.609375, 35.395835 ], [ 139.60625, 35.395835 ], [ 139.60625, 35.3937525 ] ] ] } },
{ "type": "Feature", "properties": { "mesh_code": "5339047831", "population": 558.0, "population_child": 71.0, "population_elderly": 145.0 }, "geometry": { "type": "Polygon", "coordinates": [ [ [ 139.6, 35.395835 ], [ 139.603125, 35.395835 ], [ 139.603125, 35.3979175 ], [ 139.6, 35.3979175 ], [ 139.6, 35.395835 ] ] ] } },
{ "type": "Feature", "properties": { "mesh_code": "5339047832", "population": 913.0, "population_child": 98.0, "population_elderly": 168.0 }, "geometry": { "type": "Polygon", "coordinates": [ [ [ 139.603125, 35.395835 ], [ 139.60625, 35.395835 ], [ 139.60625, 35.3979175 ], [ 139.603125, 35.3979175 ], [ 139.603125, 35.395835 ] ] ] } },
{ "type": "Feature", "properties": { "mesh_code": "5339047833", "population": 716.0, "population_child": 69.0, "population_elderly": 185.0 }, "geometry": { "type": "Polygon", "coordinates": [ [ [ 139.6, 35.3979175 ], [ 139.603125, 35.3979175 ], [ 139.603125, 35.4 ], [ 139.6, 35.4 ], [ 139.6, 35.3979175 ] ] ] } },
{ "type": "Feature", "properties": { "mesh_code": "5339047834", "population": 669.0, "population_child": 106.0, "population_elderly": 94.0 }, "geometry": { "type": "Polygon", "coordinates": [ [ [ 139.603125, 35.3979175 ], [ 139.60625, 35.3979175 ], [ 139.60625, 35.4 ], [ 139.603125, 35.4 ], [ 139.603125, 35.3979175 ] ] ] } },
{ "type": "Feature", "properties": { "mesh_code": "5339047841", "population": 629.0, "population_child": 94.0, "population_elderly": 150.0 }, "geometry": { "type": "Polygon", "coordinates": [ [ [ 139.60625, 35.395835 ], [ 139.609375, 35.395835 ], [ 139.609375, 35.3979175 ], [ 139.60625, 35.3979175 ], [ 139.60625, 35.395835 ] ] ] } },
{ "type": "Feature", "properties": { "mesh_code": "5339047843", "population": 1253.0, "population_child": 292.0, "population_elderly": 110.0 }, "geometry": { "type": "Polygon", "coordinates": [ [ [ 139.60625, 35.3979175 ], [ 139.609375, 35.3979175 ], [ 139.609375, 35.4 ], [ 139.60625, 35.4 ], [ 139.60625, 35.3979175 ] ] ] } },
{ "type": "Feature", "properties": { "mesh_code": "5339048722", "population": 973.0, "population_child": 81.0, "population_elderly": 253.0 }, "geometry": { "type": "Polygon", "coordinates": [ [ [ 139.596875, 35.4 ], [ 139.6, 35.4 ], [ 139.6, 35.4020825 ], [ 139.596875, 35.4020825 ], [ 139.596875, 35.4 ] ] ] } },
{ "type": "Feature", "properties": { "mesh_code": "5339048724", "population": 1067.0, "population_child": 112.0, "population_elderly": 221.0 }, "geometry": { "type": "Polygon", "coordinates": [ [ [ 139.596875, 35.4020825 ], [ 139.6, 35.4020825 ], [ 139.6, 35.404165 ], [ 139.596875, 35.404165 ], [ 139.596875, 35.4020825 ] ] ] } },
{ "type": "Feature", "properties": { "mesh_code": "5339048811", "population": 922.0, "population_child": 138.0, "population_elderly": 224.0 }, "geometry": { "type": "Polygon", "coordinates": [ [ [ 139.6, 35.4 ], [ 139.603125, 35.4 ], [ 139.603125, 35.4020825 ], [ 139.6, 35.4020825 ], [ 139.6, 35.4 ] ] ] } },
{ "type": "Feature", "properties": { "mesh_code": "5339048812", "population": 715.0, "population_child": 46.0, "population_elderly": 335.0 }, "geometry": { "type": "Polygon", "coordinates": [ [ [ 139.603125, 35.4 ], [ 139.60625, 35.4 ], [ 139.60625, 35.4020825 ], [ 139.603125, 35.4020825 ], [ 139.603125, 35.4 ] ] ] } },
{ "type": "Feature", "properties": { "mesh_code": "5339048813", "population": 1091.0, "population_child": 139.0, "population_elderly": 226.0 }, "geometry": { "type": "Polygon", "coordinates": [ [ [ 139.6, 35.4020825 ], [ 139.603125, 35.4020825 ], [ 139.603125, 35.404165 ], [ 139.6, 35.404165 ], [ 139.6, 35.4020825 ] ] ] } },
{ "type": "Feature", "properties": { "mesh_code": "5339048814", "population": 672.0, "population_child": 98.0, "population_elderly": 119.0 }, "geometry": { "type": "Polygon", "coordinates": [ [ [ 139.603125, 35.4020825 ], [ 139.60625, 35.4020825 ], [ 139.60625, 35.404165 ], [ 139.603125, 35.404165 ], [ 139.603125, 35.4020825 ] ] ] } },
{ "type": "Feature", "properties": { "mesh_code": "5339048821", "population": 460.0, "population_child": 90.0, "population_elderly": 101.0 }, "geometry": { "type": "Polygon", "coordinates": [ [ [ 139.60625, 35.4 ], [ 139.609375, 35.4 ], [ 139.609375, 35.4020825 ], [ 139.60625, 35.4020825 ], [ 139.60625, 35.4 ] ] ] } },
{ "type": "Feature", "properties": { "mesh_code": "5339048823", "population": 462.0, "population_child": 70.0, "population_elderly": 61.0 }, "geometry": { "type": "Polygon", "coordinates": [ [ [ 139.60625, 35.4020825 ], [ 139.609375, 35.4020825 ], [ 139.609375, 35.404165 ], [ 139.60625, 35.404165 ], [ 139.60625, 35.4020825 ] ] ] } },
{ "type": "Feature", "properties": { "mesh_code": "5339048841", "population": 94.0, "population_child": 5.0, "population_elderly": 27.0 }, "geometry": { "type": "Polygon", "coordinates": [ [ [ 139.60625, 35.404165 ], [ 139.609375, 35.404165 ], [ 139.609375, 35.4062475 ], [ 139.60625, 35.4062475 ], [ 139.60625, 35.404165 ] ] ] } },
{ "type": "Feature", "properties": { "mesh_code": "5339048834", "population": 388.0, "population_child": 23.0, "population_elderly": 148.0 }, "geometry": { "type": "Polygon", "coordinates": [ [ [ 139.603125, 35.4062475 ], [ 139.60625, 35.4062475 ], [ 139.60625, 35.40833 ], [ 139.603125, 35.40833 ], [ 139.603125, 35.4062475 ] ] ] } },
{ "type": "Feature", "properties": { "mesh_code": "5339048843", "population": 15.0, "population_child": 0.0, "population_elderly": 1.0 }, "geometry": { "type": "Polygon", "coordinates": [ [ [ 139.60625, 35.4062475 ], [ 139.609375, 35.4062475 ], [ 139.609375, 35.40833 ], [ 139.60625, 35.40833 ], [ 139.60625, 35.4062475 ] ] ] } },
{ "type": "Feature", "properties": { "mesh_code": "5339049622", "population": 1704.0, "population_child": 224.0, "population_elderly": 322.0 }, "geometry": { "type": "Polygon", "coordinates": [ [ [ 139.584375, 35.40833 ], [ 139.5875, 35.40833 ], [ 139.5875, 35.410415 ], [ 139.584375, 35.410415 ], [ 139.584375, 35.40833 ] ] ] } },
{ "type": "Feature", "properties": { "mesh_code": "5339049623", "population": 1348.0, "population_child": 249.0, "population_elderly": 248.0 }, "geometry": { "type": "Polygon", "coordinates": [ [ [ 139.58125, 35.410415 ], [ 139.584375, 35.410415 ], [ 139.584375, 35.4125 ], [ 139.58125, 35.4125 ], [ 139.58125, 35.410415 ] ] ] } },
{ "type": "Feature", "properties": { "mesh_code": "5339049624", "population": 1320.0, "population_child": 194.0, "population_elderly": 241.0 }, "geometry": { "type": "Polygon", "coordinates": [ [ [ 139.584375, 35.410415 ], [ 139.5875, 35.410415 ], [ 139.5875, 35.4125 ], [ 139.584375, 35.4125 ], [ 139.584375, 35.410415 ] ] ] } },
{ "type": "Feature", "properties": { "mesh_code": "5339049632", "population": 1024.0, "population_child": 91.0, "population_elderly": 310.0 }, "geometry": { "type": "Polygon", "coordinates": [ [ [ 139.578125, 35.4125 ], [ 139.58125, 35.4125 ], [ 139.58125, 35.414585 ], [ 139.578125, 35.414585 ], [ 139.578125, 35.4125 ] ] ] } },
{ "type": "Feature", "properties": { "mesh_code": "5339049641", "population": 1013.0, "population_child": 101.0, "population_elderly": 233.0 }, "geometry": { "type": "Polygon", "coordinates": [ [ [ 139.58125, 35.4125 ], [ 139.584375, 35.4125 ], [ 139.584375, 35.414585 ], [ 139.58125, 35.414585 ], [ 139.58125, 35.4125 ] ] ] } },
{ "type": "Feature", "properties": { "mesh_code": "5339049642", "population": 786.0, "population_child": 81.0, "population_elderly": 225.0 }, "geometry": { "type": "Polygon", "coordinates": [ [ [ 139.584375, 35.4125 ], [ 139.5875, 35.4125 ], [ 139.5875, 35.414585 ], [ 139.584375, 35.414585 ], [ 139.584375, 35.4125 ] ] ] } },
{ "type": "Feature", "properties": { "mesh_code": "5339049713", "population": 1376.0, "population_child": 235.0, "population_elderly": 276.0 }, "geometry": { "type": "Polygon", "coordinates": [ [ [ 139.5875, 35.410415 ], [ 139.590625, 35.410415 ], [ 139.590625, 35.4125 ], [ 139.5875, 35.4125 ], [ 139.5875, 35.410415 ] ] ] } },
{ "type": "Feature", "properties": { "mesh_code": "5339049724", "population": 609.0, "population_child": 35.0, "population_elderly": 256.0 }, "geometry": { "type": "Polygon", "coordinates": [ [ [ 139.596875, 35.410415 ], [ 139.6, 35.410415 ], [ 139.6, 35.4125 ], [ 139.596875, 35.4125 ], [ 139.596875, 35.410415 ] ] ] } },
{ "type": "Feature", "properties": { "mesh_code": "5339049731", "population": 837.0, "population_child": 88.0, "population_elderly": 207.0 }, "geometry": { "type": "Polygon", "coordinates": [ [ [ 139.5875, 35.4125 ], [ 139.590625, 35.4125 ], [ 139.590625, 35.414585 ], [ 139.5875, 35.414585 ], [ 139.5875, 35.4125 ] ] ] } },
{ "type": "Feature", "properties": { "mesh_code": "5339049732", "population": 1076.0, "population_child": 101.0, "population_elderly": 244.0 }, "geometry": { "type": "Polygon", "coordinates": [ [ [ 139.590625, 35.4125 ], [ 139.59375, 35.4125 ], [ 139.59375, 35.414585 ], [ 139.590625, 35.414585 ], [ 139.590625, 35.4125 ] ] ] } },
{ "type": "Feature", "properties": { "mesh_code": "5339049742", "population": 863.0, "population_child": 99.0, "population_elderly": 193.0 }, "geometry": { "type": "Polygon", "coordinates": [ [ [ 139.596875, 35.4125 ], [ 139.6, 35.4125 ], [ 139.6, 35.414585 ], [ 139.596875, 35.414585 ], [ 139.596875, 35.4125 ] ] ] } },
{ "type": "Feature", "properties": { "mesh_code": "5339049811", "population": 1132.0, "population_child": 130.0, "population_elderly": 248.0 }, "geometry": { "type": "Polygon", "coordinates": [ [ [ 139.6, 35.40833 ], [ 139.603125, 35.40833 ], [ 139.603125, 35.410415 ], [ 139.6, 35.410415 ], [ 139.6, 35.40833 ] ] ] } },
{ "type": "Feature", "properties": { "mesh_code": "5339049812", "population": 1150.0, "population_child": 112.0, "population_elderly": 312.0 }, "geometry": { "type": "Polygon", "coordinates": [ [ [ 139.603125, 35.40833 ], [ 139.60625, 35.40833 ], [ 139.60625, 35.410415 ], [ 139.603125, 35.410415 ], [ 139.603125, 35.40833 ] ] ] } },
{ "type": "Feature", "properties": { "mesh_code": "5339049813", "population": 1347.0, "population_child": 143.0, "population_elderly": 324.0 }, "geometry": { "type": "Polygon", "coordinates": [ [ [ 139.6, 35.410415 ], [ 139.603125, 35.410415 ], [ 139.603125, 35.4125 ], [ 139.6, 35.4125 ], [ 139.6, 35.410415 ] ] ] } },
{ "type": "Feature", "properties": { "mesh_code": "5339049814", "population": 811.0, "population_child": 132.0, "population_elderly": 136.0 }, "geometry": { "type": "Polygon", "coordinates": [ [ [ 139.603125, 35.410415 ], [ 139.60625, 35.410415 ], [ 139.60625, 35.4125 ], [ 139.603125, 35.4125 ], [ 139.603125, 35.410415 ] ] ] } },
{ "type": "Feature", "properties": { "mesh_code": "5339049821", "population": 251.0, "population_child": 40.0, "population_elderly": 80.0 }, "geometry": { "type": "Polygon", "coordinates": [ [ [ 139.60625, 35.40833 ], [ 139.609375, 35.40833 ], [ 139.609375, 35.410415 ], [ 139.60625, 35.410415 ], [ 139.60625, 35.40833 ] ] ] } },
{ "type": "Feature", "properties": { "mesh_code": "5339049823", "population": 1344.0, "population_child": 152.0, "population_elderly": 308.0 }, "geometry": { "type": "Polygon", "coordinates": [ [ [ 139.60625, 35.410415 ], [ 139.609375, 35.410415 ], [ 139.609375, 35.4125 ], [ 139.60625, 35.4125 ], [ 139.60625, 35.410415 ] ] ] } },
{ "type": "Feature", "properties": { "mesh_code": "5339049831", "population": 1086.0, "population_child": 146.0, "population_elderly": 230.0 }, "geometry": { "type": "Polygon", "coordinates": [ [ [ 139.6, 35.4125 ], [ 139.603125, 35.4125 ], [ 139.603125, 35.414585 ], [ 139.6, 35.414585 ], [ 139.6, 35.4125 ] ] ] } },
{ "type": "Feature", "properties": { "mesh_code": "5339049832", "population": 1013.0, "population_child": 111.0, "population_elderly": 278.0 }, "geometry": { "type": "Polygon", "coordinates": [ [ [ 139.603125, 35.4125 ], [ 139.60625, 35.4125 ], [ 139.60625, 35.414585 ], [ 139.603125, 35.414585 ], [ 139.603125, 35.4125 ] ] ] } },
{ "type": "Feature", "properties": { "mesh_code": "5339049634", "population": 633.0, "population_child": 58.0, "population_elderly": 202.0 }, "geometry": { "type": "Polygon", "coordinates": [ [ [ 139.578125, 35.414585 ], [ 139.58125, 35.414585 ], [ 139.58125, 35.41667 ], [ 139.578125, 35.41667 ], [ 139.578125, 35.414585 ] ] ] } },
{ "type": "Feature", "properties": { "mesh_code": "5339049643", "population": 625.0, "population_child": 62.0, "population_elderly": 194.0 }, "geometry": { "type": "Polygon", "coordinates": [ [ [ 139.58125, 35.414585 ], [ 139.584375, 35.414585 ], [ 139.584375, 35.41667 ], [ 139.58125, 35.41667 ], [ 139.58125, 35.414585 ] ] ] } },
{ "type": "Feature", "properties": { "mesh_code": "5339049644", "population": 1136.0, "population_child": 191.0, "population_elderly": 210.0 }, "geometry": { "type": "Polygon", "coordinates": [ [ [ 139.584375, 35.414585 ], [ 139.5875, 35.414585 ], [ 139.5875, 35.41667 ], [ 139.584375, 35.41667 ], [ 139.584375, 35.414585 ] ] ] } },
{ "type": "Feature", "properties": { "mesh_code": "5339049733", "population": 916.0, "population_child": 103.0, "population_elderly": 247.0 }, "geometry": { "type": "Polygon", "coordinates": [ [ [ 139.5875, 35.414585 ], [ 139.590625, 35.414585 ], [ 139.590625, 35.41667 ], [ 139.5875, 35.41667 ], [ 139.5875, 35.414585 ] ] ] } },
{ "type": "Feature", "properties": { "mesh_code": "5339049734", "population": 1086.0, "population_child": 106.0, "population_elderly": 262.0 }, "geometry": { "type": "Polygon", "coordinates": [ [ [ 139.590625, 35.414585 ], [ 139.59375, 35.414585 ], [ 139.59375, 35.41667 ], [ 139.590625, 35.41667 ], [ 139.590625, 35.414585 ] ] ] } },
{ "type": "Feature", "properties": { "mesh_code": "5339049743", "population": 869.0, "population_child": 105.0, "population_elderly": 159.0 }, "geometry": { "type": "Polygon", "coordinates": [ [ [ 139.59375, 35.414585 ], [ 139.596875, 35.414585 ], [ 139.596875, 35.41667 ], [ 139.59375, 35.41667 ], [ 139.59375, 35.414585 ] ] ] } },
{ "type": "Feature", "properties": { "mesh_code": "5339049744", "population": 1408.0, "population_child": 115.0, "population_elderly": 339.0 }, "geometry": { "type": "Polygon", "coordinates": [ [ [ 139.596875, 35.414585 ], [ 139.6, 35.414585 ], [ 139.6, 35.41667 ], [ 139.596875, 35.41667 ], [ 139.596875, 35.414585 ] ] ] } },
{ "type": "Feature", "properties": { "mesh_code": "5339049833", "population": 1071.0, "population_child": 127.0, "population_elderly": 266.0 }, "geometry": { "type": "Polygon", "coordinates": [ [ [ 139.6, 35.414585 ], [ 139.603125, 35.414585 ], [ 139.603125, 35.41667 ], [ 139.6, 35.41667 ], [ 139.6, 35.414585 ] ] ] } },
{ "type": "Feature", "properties": { "mesh_code": "5339049834", "population": 1045.0, "population_child": 148.0, "population_elderly": 242.0 }, "geometry": { "type": "Polygon", "coordinates": [ [ [ 139.603125, 35.414585 ], [ 139.60625, 35.414585 ], [ 139.60625, 35.41667 ], [ 139.603125, 35.41667 ], [ 139.603125, 35.414585 ] ] ] } },
{ "type": "Feature", "properties": { "mesh_code": "5339049841", "population": 1015.0, "population_child": 85.0, "population_elderly": 307.0 }, "geometry": { "type": "Polygon", "coordinates": [ [ [ 139.60625, 35.4125 ], [ 139.609375, 35.4125 ], [ 139.609375, 35.414585 ], [ 139.60625, 35.414585 ], [ 139.60625, 35.4125 ] ] ] } },
{ "type": "Feature", "properties": { "mesh_code": "5339049843", "population": 823.0, "population_child": 110.0, "population_elderly": 227.0 }, "geometry": { "type": "Polygon", "coordinates": [ [ [ 139.60625, 35.414585 ], [ 139.609375, 35.414585 ], [ 139.609375, 35.41667 ], [ 139.60625, 35.41667 ], [ 139.60625, 35.414585 ] ] ] } },
{ "type": "Feature", "properties": { "mesh_code": "5339140612", "population": 418.0, "population_child": 39.0, "population_elderly": 148.0 }, "geometry": { "type": "Polygon", "coordinates": [ [ [ 139.578125, 35.41667 ], [ 139.58125, 35.41667 ], [ 139.58125, 35.4187525 ], [ 139.578125, 35.4187525 ], [ 139.578125, 35.41667 ] ] ] } },
{ "type": "Feature", "properties": { "mesh_code": "5339140614", "population": 647.0, "population_child": 65.0, "population_elderly": 190.0 }, "geometry": { "type": "Polygon", "coordinates": [ [ [ 139.578125, 35.4187525 ], [ 139.58125, 35.4187525 ], [ 139.58125, 35.420835 ], [ 139.578125, 35.420835 ], [ 139.578125, 35.4187525 ] ] ] } },
{ "type": "Feature", "properties": { "mesh_code": "5339140621", "population": 692.0, "population_child": 84.0, "population_elderly": 212.0 }, "geometry": { "type": "Polygon", "coordinates": [ [ [ 139.58125, 35.41667 ], [ 139.584375, 35.41667 ], [ 139.584375, 35.4187525 ], [ 139.58125, 35.4187525 ], [ 139.58125, 35.41667 ] ] ] } },
{ "type": "Feature", "properties": { "mesh_code": "5339140622", "population": 929.0, "population_child": 116.0, "population_elderly": 239.0 }, "geometry": { "type": "Polygon", "coordinates": [ [ [ 139.584375, 35.41667 ], [ 139.5875, 35.41667 ], [ 139.5875, 35.4187525 ], [ 139.584375, 35.4187525 ], [ 139.584375, 35.41667 ] ] ] } },
{ "type": "Feature", "properties": { "mesh_code": "5339140623", "population": 893.0, "population_child": 102.0, "population_elderly": 263.0 }, "geometry": { "type": "Polygon", "coordinates": [ [ [ 139.58125, 35.4187525 ], [ 139.584375, 35.4187525 ], [ 139.584375, 35.420835 ], [ 139.58125, 35.420835 ], [ 139.58125, 35.4187525 ] ] ] } },
{ "type": "Feature", "properties": { "mesh_code": "5339140624", "population": 918.0, "population_child": 91.0, "population_elderly": 292.0 }, "geometry": { "type": "Polygon", "coordinates": [ [ [ 139.584375, 35.4187525 ], [ 139.5875, 35.4187525 ], [ 139.5875, 35.420835 ], [ 139.584375, 35.420835 ], [ 139.584375, 35.4187525 ] ] ] } },
{ "type": "Feature", "properties": { "mesh_code": "5339140711", "population": 905.0, "population_child": 119.0, "population_elderly": 250.0 }, "geometry": { "type": "Polygon", "coordinates": [ [ [ 139.5875, 35.41667 ], [ 139.590625, 35.41667 ], [ 139.590625, 35.4187525 ], [ 139.5875, 35.4187525 ], [ 139.5875, 35.41667 ] ] ] } },
{ "type": "Feature", "properties": { "mesh_code": "5339140712", "population": 803.0, "population_child": 70.0, "population_elderly": 198.0 }, "geometry": { "type": "Polygon", "coordinates": [ [ [ 139.590625, 35.41667 ], [ 139.59375, 35.41667 ], [ 139.59375, 35.4187525 ], [ 139.590625, 35.4187525 ], [ 139.590625, 35.41667 ] ] ] } },
{ "type": "Feature", "properties": { "mesh_code": "5339140713", "population": 941.0, "population_child": 106.0, "population_elderly": 301.0 }, "geometry": { "type": "Polygon", "coordinates": [ [ [ 139.5875, 35.4187525 ], [ 139.590625, 35.4187525 ], [ 139.590625, 35.420835 ], [ 139.5875, 35.420835 ], [ 139.5875, 35.4187525 ] ] ] } },
{ "type": "Feature", "properties": { "mesh_code": "5339140714", "population": 841.0, "population_child": 97.0, "population_elderly": 173.0 }, "geometry": { "type": "Polygon", "coordinates": [ [ [ 139.590625, 35.4187525 ], [ 139.59375, 35.4187525 ], [ 139.59375, 35.420835 ], [ 139.590625, 35.420835 ], [ 139.590625, 35.4187525 ] ] ] } },
{ "type": "Feature", "properties": { "mesh_code": "5339140721", "population": 1373.0, "population_child": 198.0, "population_elderly": 253.0 }, "geometry": { "type": "Polygon", "coordinates": [ [ [ 139.59375, 35.41667 ], [ 139.596875, 35.41667 ], [ 139.596875, 35.4187525 ], [ 139.59375, 35.4187525 ], [ 139.59375, 35.41667 ] ] ] } },
{ "type": "Feature", "properties": { "mesh_code": "5339140722", "population": 1443.0, "population_child": 174.0, "population_elderly": 313.0 }, "geometry": { "type": "Polygon", "coordinates": [ [ [ 139.596875, 35.41667 ], [ 139.6, 35.41667 ], [ 139.6, 35.4187525 ], [ 139.596875, 35.4187525 ], [ 139.596875, 35.41667 ] ] ] } },
{ "type": "Feature", "properties": { "mesh_code": "5339140723", "population": 914.0, "population_child": 106.0, "population_elderly": 235.0 }, "geometry": { "type": "Polygon", "coordinates": [ [ [ 139.59375, 35.4187525 ], [ 139.596875, 35.4187525 ], [ 139.596875, 35.420835 ], [ 139.59375, 35.420835 ], [ 139.59375, 35.4187525 ] ] ] } },
{ "type": "Feature", "properties": { "mesh_code": "5339140724", "population": 994.0, "population_child": 90.0, "population_elderly": 220.0 }, "geometry": { "type": "Polygon", "coordinates": [ [ [ 139.596875, 35.4187525 ], [ 139.6, 35.4187525 ], [ 139.6, 35.420835 ], [ 139.596875, 35.420835 ], [ 139.596875, 35.4187525 ] ] ] } },
{ "type": "Feature", "properties": { "mesh_code": "5339140811", "population": 1147.0, "population_child": 126.0, "population_elderly": 284.0 }, "geometry": { "type": "Polygon", "coordinates": [ [ [ 139.6, 35.41667 ], [ 139.603125, 35.41667 ], [ 139.603125, 35.4187525 ], [ 139.6, 35.4187525 ], [ 139.6, 35.41667 ] ] ] } },
{ "type": "Feature", "properties": { "mesh_code": "5339140812", "population": 789.0, "population_child": 73.0, "population_elderly": 214.0 }, "geometry": { "type": "Polygon", "coordinates": [ [ [ 139.603125, 35.41667 ], [ 139.60625, 35.41667 ], [ 139.60625, 35.4187525 ], [ 139.603125, 35.4187525 ], [ 139.603125, 35.41667 ] ] ] } },
{ "type": "Feature", "properties": { "mesh_code": "5339140813", "population": 1049.0, "population_child": 91.0, "population_elderly": 221.0 }, "geometry": { "type": "Polygon", "coordinates": [ [ [ 139.6, 35.4187525 ], [ 139.603125, 35.4187525 ], [ 139.603125, 35.420835 ], [ 139.6, 35.420835 ], [ 139.6, 35.4187525 ] ] ] } },
{ "type": "Feature", "properties": { "mesh_code": "5339140814", "population": 1125.0, "population_child": 133.0, "population_elderly": 273.0 }, "geometry": { "type": "Polygon", "coordinates": [ [ [ 139.603125, 35.4187525 ], [ 139.60625, 35.4187525 ], [ 139.60625, 35.420835 ], [ 139.603125, 35.420835 ], [ 139.603125, 35.4187525 ] ] ] } },
{ "type": "Feature", "properties": { "mesh_code": "5339140821", "population": 1018.0, "population_child": 108.0, "population_elderly": 309.0 }, "geometry": { "type": "Polygon", "coordinates": [ [ [ 139.60625, 35.41667 ], [ 139.609375, 35.41667 ], [ 139.609375, 35.4187525 ], [ 139.60625, 35.4187525 ], [ 139.60625, 35.41667 ] ] ] } },
{ "type": "Feature", "properties": { "mesh_code": "5339140823", "population": 951.0, "population_child": 228.0, "population_elderly": 127.0 }, "geometry": { "type": "Polygon", "coordinates": [ [ [ 139.60625, 35.4187525 ], [ 139.609375, 35.4187525 ], [ 139.609375, 35.420835 ], [ 139.60625, 35.420835 ], [ 139.60625, 35.4187525 ] ] ] } },
{ "type": "Feature", "properties": { "mesh_code": "5339140631", "population": 388.0, "population_child": 32.0, "population_elderly": 164.0 }, "geometry": { "type": "Polygon", "coordinates": [ [ [ 139.575, 35.420835 ], [ 139.578125, 35.420835 ], [ 139.578125, 35.4229175 ], [ 139.575, 35.4229175 ], [ 139.575, 35.420835 ] ] ] } },
{ "type": "Feature", "properties": { "mesh_code": "5339140632", "population": 292.0, "population_child": 58.0, "population_elderly": 72.0 }, "geometry": { "type": "Polygon", "coordinates": [ [ [ 139.578125, 35.420835 ], [ 139.58125, 35.420835 ], [ 139.58125, 35.4229175 ], [ 139.578125, 35.4229175 ], [ 139.578125, 35.420835 ] ] ] } },
{ "type": "Feature", "properties": { "mesh_code": "5339140633", "population": 689.0, "population_child": 59.0, "population_elderly": 235.0 }, "geometry": { "type": "Polygon", "coordinates": [ [ [ 139.575, 35.4229175 ], [ 139.578125, 35.4229175 ], [ 139.578125, 35.425 ], [ 139.575, 35.425 ], [ 139.575, 35.4229175 ] ] ] } },
{ "type": "Feature", "properties": { "mesh_code": "5339140634", "population": 580.0, "population_child": 59.0, "population_elderly": 177.0 }, "geometry": { "type": "Polygon", "coordinates": [ [ [ 139.578125, 35.4229175 ], [ 139.58125, 35.4229175 ], [ 139.58125, 35.425 ], [ 139.578125, 35.425 ], [ 139.578125, 35.4229175 ] ] ] } },
{ "type": "Feature", "properties": { "mesh_code": "5339140641", "population": 781.0, "population_child": 56.0, "population_elderly": 277.0 }, "geometry": { "type": "Polygon", "coordinates": [ [ [ 139.58125, 35.420835 ], [ 139.584375, 35.420835 ], [ 139.584375, 35.4229175 ], [ 139.58125, 35.4229175 ], [ 139.58125, 35.420835 ] ] ] } },
{ "type": "Feature", "properties": { "mesh_code": "5339140642", "population": 996.0, "population_child": 78.0, "population_elderly": 305.0 }, "geometry": { "type": "Polygon", "coordinates": [ [ [ 139.584375, 35.420835 ], [ 139.5875, 35.420835 ], [ 139.5875, 35.4229175 ], [ 139.584375, 35.4229175 ], [ 139.584375, 35.420835 ] ] ] } },
{ "type": "Feature", "properties": { "mesh_code": "5339140643", "population": 723.0, "population_child": 86.0, "population_elderly": 246.0 }, "geometry": { "type": "Polygon", "coordinates": [ [ [ 139.58125, 35.4229175 ], [ 139.584375, 35.4229175 ], [ 139.584375, 35.425 ], [ 139.58125, 35.425 ], [ 139.58125, 35.4229175 ] ] ] } },
{ "type": "Feature", "properties": { "mesh_code": "5339140644", "population": 761.0, "population_child": 70.0, "population_elderly": 263.0 }, "geometry": { "type": "Polygon", "coordinates": [ [ [ 139.584375, 35.4229175 ], [ 139.5875, 35.4229175 ], [ 139.5875, 35.425 ], [ 139.584375, 35.425 ], [ 139.584375, 35.4229175 ] ] ] } },
{ "type": "Feature", "properties": { "mesh_code": "5339140731", "population": 602.0, "population_child": 55.0, "population_elderly": 135.0 }, "geometry": { "type": "Polygon", "coordinates": [ [ [ 139.5875, 35.420835 ], [ 139.590625, 35.420835 ], [ 139.590625, 35.4229175 ], [ 139.5875, 35.4229175 ], [ 139.5875, 35.420835 ] ] ] } },
{ "type": "Feature", "properties": { "mesh_code": "5339140732", "population": 835.0, "population_child": 103.0, "population_elderly": 215.0 }, "geometry": { "type": "Polygon", "coordinates": [ [ [ 139.590625, 35.420835 ], [ 139.59375, 35.420835 ], [ 139.59375, 35.4229175 ], [ 139.590625, 35.4229175 ], [ 139.590625, 35.420835 ] ] ] } },
{ "type": "Feature", "properties": { "mesh_code": "5339140733", "population": 761.0, "population_child": 64.0, "population_elderly": 224.0 }, "geometry": { "type": "Polygon", "coordinates": [ [ [ 139.5875, 35.4229175 ], [ 139.590625, 35.4229175 ], [ 139.590625, 35.425 ], [ 139.5875, 35.425 ], [ 139.5875, 35.4229175 ] ] ] } },
{ "type": "Feature", "properties": { "mesh_code": "5339140734", "population": 863.0, "population_child": 77.0, "population_elderly": 215.0 }, "geometry": { "type": "Polygon", "coordinates": [ [ [ 139.590625, 35.4229175 ], [ 139.59375, 35.4229175 ], [ 139.59375, 35.425 ], [ 139.590625, 35.425 ], [ 139.590625, 35.4229175 ] ] ] } },
{ "type": "Feature", "properties": { "mesh_code": "5339140741", "population": 741.0, "population_child": 86.0, "population_elderly": 193.0 }, "geometry": { "type": "Polygon", "coordinates": [ [ [ 139.59375, 35.420835 ], [ 139.596875, 35.420835 ], [ 139.596875, 35.4229175 ], [ 139.59375, 35.4229175 ], [ 139.59375, 35.420835 ] ] ] } },
{ "type": "Feature", "properties": { "mesh_code": "5339140742", "population": 930.0, "population_child": 89.0, "population_elderly": 249.0 }, "geometry": { "type": "Polygon", "coordinates": [ [ [ 139.596875, 35.420835 ], [ 139.6, 35.420835 ], [ 139.6, 35.4229175 ], [ 139.596875, 35.4229175 ], [ 139.596875, 35.420835 ] ] ] } },
{ "type": "Feature", "properties": { "mesh_code": "5339140743", "population": 319.0, "population_child": 19.0, "population_elderly": 65.0 }, "geometry": { "type": "Polygon", "coordinates": [ [ [ 139.59375, 35.4229175 ], [ 139.596875, 35.4229175 ], [ 139.596875, 35.425 ], [ 139.59375, 35.425 ], [ 139.59375, 35.4229175 ] ] ] } },
{ "type": "Feature", "properties": { "mesh_code": "5339140744", "population": 1117.0, "population_child": 79.0, "population_elderly": 231.0 }, "geometry": { "type": "Polygon", "coordinates": [ [ [ 139.596875, 35.4229175 ], [ 139.6, 35.4229175 ], [ 139.6, 35.425 ], [ 139.596875, 35.425 ], [ 139.596875, 35.4229175 ] ] ] } },
{ "type": "Feature", "properties": { "mesh_code": "5339140831", "population": 892.0, "population_child": 42.0, "population_elderly": 276.0 }, "geometry": { "type": "Polygon", "coordinates": [ [ [ 139.6, 35.420835 ], [ 139.603125, 35.420835 ], [ 139.603125, 35.4229175 ], [ 139.6, 35.4229175 ], [ 139.6, 35.420835 ] ] ] } },
{ "type": "Feature", "properties": { "mesh_code": "5339140832", "population": 443.0, "population_child": 29.0, "population_elderly": 120.0 }, "geometry": { "type": "Polygon", "coordinates": [ [ [ 139.603125, 35.420835 ], [ 139.60625, 35.420835 ], [ 139.60625, 35.4229175 ], [ 139.603125, 35.4229175 ], [ 139.603125, 35.420835 ] ] ] } },
{ "type": "Feature", "properties": { "mesh_code": "5339140833", "population": 1297.0, "population_child": 86.0, "population_elderly": 326.0 }, "geometry": { "type": "Polygon", "coordinates": [ [ [ 139.6, 35.4229175 ], [ 139.603125, 35.4229175 ], [ 139.603125, 35.425 ], [ 139.6, 35.425 ], [ 139.6, 35.4229175 ] ] ] } },
{ "type": "Feature", "properties": { "mesh_code": "5339140834", "population": 1071.0, "population_child": 92.0, "population_elderly": 257.0 }, "geometry": { "type": "Polygon", "coordinates": [ [ [ 139.603125, 35.4229175 ], [ 139.60625, 35.4229175 ], [ 139.60625, 35.425 ], [ 139.603125, 35.425 ], [ 139.603125, 35.4229175 ] ] ] } },
{ "type": "Feature", "properties": { "mesh_code": "5339140841", "population": 1093.0, "population_child": 116.0, "population_elderly": 276.0 }, "geometry": { "type": "Polygon", "coordinates": [ [ [ 139.60625, 35.420835 ], [ 139.609375, 35.420835 ], [ 139.609375, 35.4229175 ], [ 139.60625, 35.4229175 ], [ 139.60625, 35.420835 ] ] ] } },
{ "type": "Feature", "properties": { "mesh_code": "5339140843", "population": 1061.0, "population_child": 172.0, "population_elderly": 195.0 }, "geometry": { "type": "Polygon", "coordinates": [ [ [ 139.60625, 35.4229175 ], [ 139.609375, 35.4229175 ], [ 139.609375, 35.425 ], [ 139.60625, 35.425 ], [ 139.60625, 35.4229175 ] ] ] } },
{ "type": "Feature", "properties": { "mesh_code": "5339141611", "population": 925.0, "population_child": 106.0, "population_elderly": 292.0 }, "geometry": { "type": "Polygon", "coordinates": [ [ [ 139.575, 35.425 ], [ 139.578125, 35.425 ], [ 139.578125, 35.4270825 ], [ 139.575, 35.4270825 ], [ 139.575, 35.425 ] ] ] } },
{ "type": "Feature", "properties": { "mesh_code": "5339141612", "population": 1015.0, "population_child": 68.0, "population_elderly": 394.0 }, "geometry": { "type": "Polygon", "coordinates": [ [ [ 139.578125, 35.425 ], [ 139.58125, 35.425 ], [ 139.58125, 35.4270825 ], [ 139.578125, 35.4270825 ], [ 139.578125, 35.425 ] ] ] } },
{ "type": "Feature", "properties": { "mesh_code": "5339141621", "population": 498.0, "population_child": 53.0, "population_elderly": 111.0 }, "geometry": { "type": "Polygon", "coordinates": [ [ [ 139.58125, 35.425 ], [ 139.584375, 35.425 ], [ 139.584375, 35.4270825 ], [ 139.58125, 35.4270825 ], [ 139.58125, 35.425 ] ] ] } },
{ "type": "Feature", "properties": { "mesh_code": "5339141622", "population": 421.0, "population_child": 55.0, "population_elderly": 153.0 }, "geometry": { "type": "Polygon", "coordinates": [ [ [ 139.584375, 35.425 ], [ 139.5875, 35.425 ], [ 139.5875, 35.4270825 ], [ 139.584375, 35.4270825 ], [ 139.584375, 35.425 ] ] ] } },
{ "type": "Feature", "properties": { "mesh_code": "5339141711", "population": 929.0, "population_child": 88.0, "population_elderly": 291.0 }, "geometry": { "type": "Polygon", "coordinates": [ [ [ 139.5875, 35.425 ], [ 139.590625, 35.425 ], [ 139.590625, 35.4270825 ], [ 139.5875, 35.4270825 ], [ 139.5875, 35.425 ] ] ] } },
{ "type": "Feature", "properties": { "mesh_code": "5339141712", "population": 986.0, "population_child": 93.0, "population_elderly": 239.0 }, "geometry": { "type": "Polygon", "coordinates": [ [ [ 139.590625, 35.425 ], [ 139.59375, 35.425 ], [ 139.59375, 35.4270825 ], [ 139.590625, 35.4270825 ], [ 139.590625, 35.425 ] ] ] } },
{ "type": "Feature", "properties": { "mesh_code": "5339141721", "population": 785.0, "population_child": 48.0, "population_elderly": 203.0 }, "geometry": { "type": "Polygon", "coordinates": [ [ [ 139.59375, 35.425 ], [ 139.596875, 35.425 ], [ 139.596875, 35.4270825 ], [ 139.59375, 35.4270825 ], [ 139.59375, 35.425 ] ] ] } },
{ "type": "Feature", "properties": { "mesh_code": "5339141722", "population": 975.0, "population_child": 94.0, "population_elderly": 206.0 }, "geometry": { "type": "Polygon", "coordinates": [ [ [ 139.596875, 35.425 ], [ 139.6, 35.425 ], [ 139.6, 35.4270825 ], [ 139.596875, 35.4270825 ], [ 139.596875, 35.425 ] ] ] } },
{ "type": "Feature", "properties": { "mesh_code": "5339141811", "population": 811.0, "population_child": 84.0, "population_elderly": 203.0 }, "geometry": { "type": "Polygon", "coordinates": [ [ [ 139.6, 35.425 ], [ 139.603125, 35.425 ], [ 139.603125, 35.4270825 ], [ 139.6, 35.4270825 ], [ 139.6, 35.425 ] ] ] } },
{ "type": "Feature", "properties": { "mesh_code": "5339141812", "population": 1749.0, "population_child": 136.0, "population_elderly": 433.0 }, "geometry": { "type": "Polygon", "coordinates": [ [ [ 139.603125, 35.425 ], [ 139.60625, 35.425 ], [ 139.60625, 35.4270825 ], [ 139.603125, 35.4270825 ], [ 139.603125, 35.425 ] ] ] } },
{ "type": "Feature", "properties": { "mesh_code": "5339141821", "population": 1189.0, "population_child": 183.0, "population_elderly": 229.0 }, "geometry": { "type": "Polygon", "coordinates": [ [ [ 139.60625, 35.425 ], [ 139.609375, 35.425 ], [ 139.609375, 35.4270825 ], [ 139.60625, 35.4270825 ], [ 139.60625, 35.425 ] ] ] } },
{ "type": "Feature", "properties": { "mesh_code": "5339141613", "population": 1229.0, "population_child": 117.0, "population_elderly": 423.0 }, "geometry": { "type": "Polygon", "coordinates": [ [ [ 139.575, 35.4270825 ], [ 139.578125, 35.4270825 ], [ 139.578125, 35.429165 ], [ 139.575, 35.429165 ], [ 139.575, 35.4270825 ] ] ] } },
{ "type": "Feature", "properties": { "mesh_code": "5339141614", "population": 1130.0, "population_child": 67.0, "population_elderly": 560.0 }, "geometry": { "type": "Polygon", "coordinates": [ [ [ 139.578125, 35.4270825 ], [ 139.58125, 35.4270825 ], [ 139.58125, 35.429165 ], [ 139.578125, 35.429165 ], [ 139.578125, 35.4270825 ] ] ] } },
{ "type": "Feature", "properties": { "mesh_code": "5339141623", "population": 678.0, "population_child": 75.0, "population_elderly": 215.0 }, "geometry": { "type": "Polygon", "coordinates": [ [ [ 139.58125, 35.4270825 ], [ 139.584375, 35.4270825 ], [ 139.584375, 35.429165 ], [ 139.58125, 35.429165 ], [ 139.58125, 35.4270825 ] ] ] } },
{ "type": "Feature", "properties": { "mesh_code": "5339141624", "population": 503.0, "population_child": 47.0, "population_elderly": 130.0 }, "geometry": { "type": "Polygon", "coordinates": [ [ [ 139.584375, 35.4270825 ], [ 139.5875, 35.4270825 ], [ 139.5875, 35.429165 ], [ 139.584375, 35.429165 ], [ 139.584375, 35.4270825 ] ] ] } },
{ "type": "Feature", "properties": { "mesh_code": "5339141631", "population": 1036.0, "population_child": 94.0, "population_elderly": 389.0 }, "geometry": { "type": "Polygon", "coordinates": [ [ [ 139.575, 35.429165 ], [ 139.578125, 35.429165 ], [ 139.578125, 35.4312475 ], [ 139.575, 35.4312475 ], [ 139.575, 35.429165 ] ] ] } },
{ "type": "Feature", "properties": { "mesh_code": "5339141632", "population": 704.0, "population_child": 116.0, "population_elderly": 204.0 }, "geometry": { "type": "Polygon", "coordinates": [ [ [ 139.578125, 35.429165 ], [ 139.58125, 35.429165 ], [ 139.58125, 35.4312475 ], [ 139.578125, 35.4312475 ], [ 139.578125, 35.429165 ] ] ] } },
{ "type": "Feature", "properties": { "mesh_code": "5339141633", "population": 439.0, "population_child": 42.0, "population_elderly": 117.0 }, "geometry": { "type": "Polygon", "coordinates": [ [ [ 139.575, 35.4312475 ], [ 139.578125, 35.4312475 ], [ 139.578125, 35.43333 ], [ 139.575, 35.43333 ], [ 139.575, 35.4312475 ] ] ] } },
{ "type": "Feature", "properties": { "mesh_code": "5339141634", "population": 696.0, "population_child": 78.0, "population_elderly": 213.0 }, "geometry": { "type": "Polygon", "coordinates": [ [ [ 139.578125, 35.4312475 ], [ 139.58125, 35.4312475 ], [ 139.58125, 35.43333 ], [ 139.578125, 35.43333 ], [ 139.578125, 35.4312475 ] ] ] } },
{ "type": "Feature", "properties": { "mesh_code": "5339141641", "population": 738.0, "population_child": 89.0, "population_elderly": 212.0 }, "geometry": { "type": "Polygon", "coordinates": [ [ [ 139.58125, 35.429165 ], [ 139.584375, 35.429165 ], [ 139.584375, 35.4312475 ], [ 139.58125, 35.4312475 ], [ 139.58125, 35.429165 ] ] ] } },
{ "type": "Feature", "properties": { "mesh_code": "5339141642", "population": 1585.0, "population_child": 97.0, "population_elderly": 739.0 }, "geometry": { "type": "Polygon", "coordinates": [ [ [ 139.584375, 35.429165 ], [ 139.5875, 35.429165 ], [ 139.5875, 35.4312475 ], [ 139.584375, 35.4312475 ], [ 139.584375, 35.429165 ] ] ] } },
{ "type": "Feature", "properties": { "mesh_code": "5339141643", "population": 637.0, "population_child": 110.0, "population_elderly": 152.0 }, "geometry": { "type": "Polygon", "coordinates": [ [ [ 139.58125, 35.4312475 ], [ 139.584375, 35.4312475 ], [ 139.584375, 35.43333 ], [ 139.58125, 35.43333 ], [ 139.58125, 35.4312475 ] ] ] } },
{ "type": "Feature", "properties": { "mesh_code": "5339141644", "population": 1123.0, "population_child": 93.0, "population_elderly": 440.0 }, "geometry": { "type": "Polygon", "coordinates": [ [ [ 139.584375, 35.4312475 ], [ 139.5875, 35.4312475 ], [ 139.5875, 35.43333 ], [ 139.584375, 35.43333 ], [ 139.584375, 35.4312475 ] ] ] } },
{ "type": "Feature", "properties": { "mesh_code": "5339141713", "population": 1041.0, "population_child": 86.0, "population_elderly": 413.0 }, "geometry": { "type": "Polygon", "coordinates": [ [ [ 139.5875, 35.4270825 ], [ 139.590625, 35.4270825 ], [ 139.590625, 35.429165 ], [ 139.5875, 35.429165 ], [ 139.5875, 35.4270825 ] ] ] } },
{ "type": "Feature", "properties": { "mesh_code": "5339141714", "population": 992.0, "population_child": 96.0, "population_elderly": 281.0 }, "geometry": { "type": "Polygon", "coordinates": [ [ [ 139.590625, 35.4270825 ], [ 139.59375, 35.4270825 ], [ 139.59375, 35.429165 ], [ 139.590625, 35.429165 ], [ 139.590625, 35.4270825 ] ] ] } },
{ "type": "Feature", "properties": { "mesh_code": "5339141723", "population": 1084.0, "population_child": 103.0, "population_elderly": 270.0 }, "geometry": { "type": "Polygon", "coordinates": [ [ [ 139.59375, 35.4270825 ], [ 139.596875, 35.4270825 ], [ 139.596875, 35.429165 ], [ 139.59375, 35.429165 ], [ 139.59375, 35.4270825 ] ] ] } },
{ "type": "Feature", "properties": { "mesh_code": "5339141724", "population": 953.0, "population_child": 88.0, "population_elderly": 260.0 }, "geometry": { "type": "Polygon", "coordinates": [ [ [ 139.596875, 35.4270825 ], [ 139.6, 35.4270825 ], [ 139.6, 35.429165 ], [ 139.596875, 35.429165 ], [ 139.596875, 35.4270825 ] ] ] } },
{ "type": "Feature", "properties": { "mesh_code": "5339141731", "population": 1266.0, "population_child": 161.0, "population_elderly": 401.0 }, "geometry": { "type": "Polygon", "coordinates": [ [ [ 139.5875, 35.429165 ], [ 139.590625, 35.429165 ], [ 139.590625, 35.4312475 ], [ 139.5875, 35.4312475 ], [ 139.5875, 35.429165 ] ] ] } },
{ "type": "Feature", "properties": { "mesh_code": "5339141732", "population": 675.0, "population_child": 70.0, "population_elderly": 200.0 }, "geometry": { "type": "Polygon", "coordinates": [ [ [ 139.590625, 35.429165 ], [ 139.59375, 35.429165 ], [ 139.59375, 35.4312475 ], [ 139.590625, 35.4312475 ], [ 139.590625, 35.429165 ] ] ] } },
{ "type": "Feature", "properties": { "mesh_code": "5339141733", "population": 1176.0, "population_child": 76.0, "population_elderly": 501.0 }, "geometry": { "type": "Polygon", "coordinates": [ [ [ 139.5875, 35.4312475 ], [ 139.590625, 35.4312475 ], [ 139.590625, 35.43333 ], [ 139.5875, 35.43333 ], [ 139.5875, 35.4312475 ] ] ] } },
{ "type": "Feature", "properties": { "mesh_code": "5339141734", "population": 772.0, "population_child": 79.0, "population_elderly": 247.0 }, "geometry": { "type": "Polygon", "coordinates": [ [ [ 139.590625, 35.4312475 ], [ 139.59375, 35.4312475 ], [ 139.59375, 35.43333 ], [ 139.590625, 35.43333 ], [ 139.590625, 35.4312475 ] ] ] } },
{ "type": "Feature", "properties": { "mesh_code": "5339141741", "population": 1019.0, "population_child": 92.0, "population_elderly": 236.0 }, "geometry": { "type": "Polygon", "coordinates": [ [ [ 139.59375, 35.429165 ], [ 139.596875, 35.429165 ], [ 139.596875, 35.4312475 ], [ 139.59375, 35.4312475 ], [ 139.59375, 35.429165 ] ] ] } },
{ "type": "Feature", "properties": { "mesh_code": "5339141742", "population": 1065.0, "population_child": 106.0, "population_elderly": 258.0 }, "geometry": { "type": "Polygon", "coordinates": [ [ [ 139.596875, 35.429165 ], [ 139.6, 35.429165 ], [ 139.6, 35.4312475 ], [ 139.596875, 35.4312475 ], [ 139.596875, 35.429165 ] ] ] } },
{ "type": "Feature", "properties": { "mesh_code": "5339141743", "population": 637.0, "population_child": 57.0, "population_elderly": 175.0 }, "geometry": { "type": "Polygon", "coordinates": [ [ [ 139.59375, 35.4312475 ], [ 139.596875, 35.4312475 ], [ 139.596875, 35.43333 ], [ 139.59375, 35.43333 ], [ 139.59375, 35.4312475 ] ] ] } },
{ "type": "Feature", "properties": { "mesh_code": "5339141744", "population": 1085.0, "population_child": 111.0, "population_elderly": 325.0 }, "geometry": { "type": "Polygon", "coordinates": [ [ [ 139.596875, 35.4312475 ], [ 139.6, 35.4312475 ], [ 139.6, 35.43333 ], [ 139.596875, 35.43333 ], [ 139.596875, 35.4312475 ] ] ] } },
{ "type": "Feature", "properties": { "mesh_code": "5339141813", "population": 1178.0, "population_child": 157.0, "population_elderly": 356.0 }, "geometry": { "type": "Polygon", "coordinates": [ [ [ 139.6, 35.4270825 ], [ 139.603125, 35.4270825 ], [ 139.603125, 35.429165 ], [ 139.6, 35.429165 ], [ 139.6, 35.4270825 ] ] ] } },
{ "type": "Feature", "properties": { "mesh_code": "5339141814", "population": 1240.0, "population_child": 83.0, "population_elderly": 334.0 }, "geometry": { "type": "Polygon", "coordinates": [ [ [ 139.603125, 35.4270825 ], [ 139.60625, 35.4270825 ], [ 139.60625, 35.429165 ], [ 139.603125, 35.429165 ], [ 139.603125, 35.4270825 ] ] ] } },
{ "type": "Feature", "properties": { "mesh_code": "5339141823", "population": 867.0, "population_child": 65.0, "population_elderly": 190.0 }, "geometry": { "type": "Polygon", "coordinates": [ [ [ 139.60625, 35.4270825 ], [ 139.609375, 35.4270825 ], [ 139.609375, 35.429165 ], [ 139.60625, 35.429165 ], [ 139.60625, 35.4270825 ] ] ] } },
{ "type": "Feature", "properties": { "mesh_code": "5339141831", "population": 1436.0, "population_child": 151.0, "population_elderly": 350.0 }, "geometry": { "type": "Polygon", "coordinates": [ [ [ 139.6, 35.429165 ], [ 139.603125, 35.429165 ], [ 139.603125, 35.4312475 ], [ 139.6, 35.4312475 ], [ 139.6, 35.429165 ] ] ] } },
{ "type": "Feature", "properties": { "mesh_code": "5339141832", "population": 1437.0, "population_child": 159.0, "population_elderly": 322.0 }, "geometry": { "type": "Polygon", "coordinates": [ [ [ 139.603125, 35.429165 ], [ 139.60625, 35.429165 ], [ 139.60625, 35.4312475 ], [ 139.603125, 35.4312475 ], [ 139.603125, 35.429165 ] ] ] } },
{ "type": "Feature", "properties": { "mesh_code": "5339141833", "population": 1449.0, "population_child": 146.0, "population_elderly": 273.0 }, "geometry": { "type": "Polygon", "coordinates": [ [ [ 139.6, 35.4312475 ], [ 139.603125, 35.4312475 ], [ 139.603125, 35.43333 ], [ 139.6, 35.43333 ], [ 139.6, 35.4312475 ] ] ] } },
{ "type": "Feature", "properties": { "mesh_code": "5339141834", "population": 1203.0, "population_child": 108.0, "population_elderly": 349.0 }, "geometry": { "type": "Polygon", "coordinates": [ [ [ 139.603125, 35.4312475 ], [ 139.60625, 35.4312475 ], [ 139.60625, 35.43333 ], [ 139.603125, 35.43333 ], [ 139.603125, 35.4312475 ] ] ] } },
{ "type": "Feature", "properties": { "mesh_code": "5339141841", "population": 790.0, "population_child": 47.0, "population_elderly": 244.0 }, "geometry": { "type": "Polygon", "coordinates": [ [ [ 139.60625, 35.429165 ], [ 139.609375, 35.429165 ], [ 139.609375, 35.4312475 ], [ 139.60625, 35.4312475 ], [ 139.60625, 35.429165 ] ] ] } },
{ "type": "Feature", "properties": { "mesh_code": "5339141843", "population": 757.0, "population_child": 72.0, "population_elderly": 208.0 }, "geometry": { "type": "Polygon", "coordinates": [ [ [ 139.60625, 35.4312475 ], [ 139.609375, 35.4312475 ], [ 139.609375, 35.43333 ], [ 139.60625, 35.43333 ], [ 139.60625, 35.4312475 ] ] ] } },
{ "type": "Feature", "properties": { "mesh_code": "5339142611", "population": 290.0, "population_child": 32.0, "population_elderly": 113.0 }, "geometry": { "type": "Polygon", "coordinates": [ [ [ 139.575, 35.43333 ], [ 139.578125, 35.43333 ], [ 139.578125, 35.435415 ], [ 139.575, 35.435415 ], [ 139.575, 35.43333 ] ] ] } },
{ "type": "Feature", "properties": { "mesh_code": "5339142612", "population": 48.0, "population_child": 3.0, "population_elderly": 24.0 }, "geometry": { "type": "Polygon", "coordinates": [ [ [ 139.578125, 35.43333 ], [ 139.58125, 35.43333 ], [ 139.58125, 35.435415 ], [ 139.578125, 35.435415 ], [ 139.578125, 35.43333 ] ] ] } },
{ "type": "Feature", "properties": { "mesh_code": "5339142621", "population": 826.0, "population_child": 130.0, "population_elderly": 226.0 }, "geometry": { "type": "Polygon", "coordinates": [ [ [ 139.58125, 35.43333 ], [ 139.584375, 35.43333 ], [ 139.584375, 35.435415 ], [ 139.58125, 35.435415 ], [ 139.58125, 35.43333 ] ] ] } },
{ "type": "Feature", "properties": { "mesh_code": "5339142622", "population": 1271.0, "population_child": 200.0, "population_elderly": 136.0 }, "geometry": { "type": "Polygon", "coordinates": [ [ [ 139.584375, 35.43333 ], [ 139.5875, 35.43333 ], [ 139.5875, 35.435415 ], [ 139.584375, 35.435415 ], [ 139.584375, 35.43333 ] ] ] } },
{ "type": "Feature", "properties": { "mesh_code": "5339142711", "population": 1123.0, "population_child": 241.0, "population_elderly": 197.0 }, "geometry": { "type": "Polygon", "coordinates": [ [ [ 139.5875, 35.43333 ], [ 139.590625, 35.43333 ], [ 139.590625, 35.435415 ], [ 139.5875, 35.435415 ], [ 139.5875, 35.43333 ] ] ] } },
{ "type": "Feature", "properties": { "mesh_code": "5339142712", "population": 674.0, "population_child": 54.0, "population_elderly": 186.0 }, "geometry": { "type": "Polygon", "coordinates": [ [ [ 139.590625, 35.43333 ], [ 139.59375, 35.43333 ], [ 139.59375, 35.435415 ], [ 139.590625, 35.435415 ], [ 139.590625, 35.43333 ] ] ] } },
{ "type": "Feature", "properties": { "mesh_code": "5339142721", "population": 677.0, "population_child": 51.0, "population_elderly": 193.0 }, "geometry": { "type": "Polygon", "coordinates": [ [ [ 139.59375, 35.43333 ], [ 139.596875, 35.43333 ], [ 139.596875, 35.435415 ], [ 139.59375, 35.435415 ], [ 139.59375, 35.43333 ] ] ] } },
{ "type": "Feature", "properties": { "mesh_code": "5339142722", "population": 1175.0, "population_child": 122.0, "population_elderly": 254.0 }, "geometry": { "type": "Polygon", "coordinates": [ [ [ 139.596875, 35.43333 ], [ 139.6, 35.43333 ], [ 139.6, 35.435415 ], [ 139.596875, 35.435415 ], [ 139.596875, 35.43333 ] ] ] } },
{ "type": "Feature", "properties": { "mesh_code": "5339142811", "population": 1756.0, "population_child": 101.0, "population_elderly": 553.0 }, "geometry": { "type": "Polygon", "coordinates": [ [ [ 139.6, 35.43333 ], [ 139.603125, 35.43333 ], [ 139.603125, 35.435415 ], [ 139.6, 35.435415 ], [ 139.6, 35.43333 ] ] ] } },
{ "type": "Feature", "properties": { "mesh_code": "5339142812", "population": 1584.0, "population_child": 121.0, "population_elderly": 573.0 }, "geometry": { "type": "Polygon", "coordinates": [ [ [ 139.603125, 35.43333 ], [ 139.60625, 35.43333 ], [ 139.60625, 35.435415 ], [ 139.603125, 35.435415 ], [ 139.603125, 35.43333 ] ] ] } },
{ "type": "Feature", "properties": { "mesh_code": "5339142623", "population": 722.0, "population_child": 80.0, "population_elderly": 189.0 }, "geometry": { "type": "Polygon", "coordinates": [ [ [ 139.58125, 35.435415 ], [ 139.584375, 35.435415 ], [ 139.584375, 35.4375 ], [ 139.58125, 35.4375 ], [ 139.58125, 35.435415 ] ] ] } },
{ "type": "Feature", "properties": { "mesh_code": "5339142624", "population": 673.0, "population_child": 78.0, "population_elderly": 210.0 }, "geometry": { "type": "Polygon", "coordinates": [ [ [ 139.584375, 35.435415 ], [ 139.5875, 35.435415 ], [ 139.5875, 35.4375 ], [ 139.584375, 35.4375 ], [ 139.584375, 35.435415 ] ] ] } },
{ "type": "Feature", "properties": { "mesh_code": "5339142642", "population": 948.0, "population_child": 91.0, "population_elderly": 295.0 }, "geometry": { "type": "Polygon", "coordinates": [ [ [ 139.584375, 35.4375 ], [ 139.5875, 35.4375 ], [ 139.5875, 35.439585 ], [ 139.584375, 35.439585 ], [ 139.584375, 35.4375 ] ] ] } },
{ "type": "Feature", "properties": { "mesh_code": "5339142713", "population": 965.0, "population_child": 150.0, "population_elderly": 225.0 }, "geometry": { "type": "Polygon", "coordinates": [ [ [ 139.5875, 35.435415 ], [ 139.590625, 35.435415 ], [ 139.590625, 35.4375 ], [ 139.5875, 35.4375 ], [ 139.5875, 35.435415 ] ] ] } },
{ "type": "Feature", "properties": { "mesh_code": "5339142714", "population": 716.0, "population_child": 91.0, "population_elderly": 178.0 }, "geometry": { "type": "Polygon", "coordinates": [ [ [ 139.590625, 35.435415 ], [ 139.59375, 35.435415 ], [ 139.59375, 35.4375 ], [ 139.590625, 35.4375 ], [ 139.590625, 35.435415 ] ] ] } },
{ "type": "Feature", "properties": { "mesh_code": "5339142723", "population": 865.0, "population_child": 91.0, "population_elderly": 245.0 }, "geometry": { "type": "Polygon", "coordinates": [ [ [ 139.59375, 35.435415 ], [ 139.596875, 35.435415 ], [ 139.596875, 35.4375 ], [ 139.59375, 35.4375 ], [ 139.59375, 35.435415 ] ] ] } },
{ "type": "Feature", "properties": { "mesh_code": "5339142724", "population": 1342.0, "population_child": 169.0, "population_elderly": 346.0 }, "geometry": { "type": "Polygon", "coordinates": [ [ [ 139.596875, 35.435415 ], [ 139.6, 35.435415 ], [ 139.6, 35.4375 ], [ 139.596875, 35.4375 ], [ 139.596875, 35.435415 ] ] ] } },
{ "type": "Feature", "properties": { "mesh_code": "5339142731", "population": 952.0, "population_child": 85.0, "population_elderly": 247.0 }, "geometry": { "type": "Polygon", "coordinates": [ [ [ 139.5875, 35.4375 ], [ 139.590625, 35.4375 ], [ 139.590625, 35.439585 ], [ 139.5875, 35.439585 ], [ 139.5875, 35.4375 ] ] ] } },
{ "type": "Feature", "properties": { "mesh_code": "5339142732", "population": 1051.0, "population_child": 144.0, "population_elderly": 217.0 }, "geometry": { "type": "Polygon", "coordinates": [ [ [ 139.590625, 35.4375 ], [ 139.59375, 35.4375 ], [ 139.59375, 35.439585 ], [ 139.590625, 35.439585 ], [ 139.590625, 35.4375 ] ] ] } },
{ "type": "Feature", "properties": { "mesh_code": "5339142741", "population": 673.0, "population_child": 50.0, "population_elderly": 169.0 }, "geometry": { "type": "Polygon", "coordinates": [ [ [ 139.59375, 35.4375 ], [ 139.596875, 35.4375 ], [ 139.596875, 35.439585 ], [ 139.59375, 35.439585 ], [ 139.59375, 35.4375 ] ] ] } },
{ "type": "Feature", "properties": { "mesh_code": "5339142742", "population": 899.0, "population_child": 109.0, "population_elderly": 231.0 }, "geometry": { "type": "Polygon", "coordinates": [ [ [ 139.596875, 35.4375 ], [ 139.6, 35.4375 ], [ 139.6, 35.439585 ], [ 139.596875, 35.439585 ], [ 139.596875, 35.4375 ] ] ] } },
{ "type": "Feature", "properties": { "mesh_code": "5339142813", "population": 908.0, "population_child": 63.0, "population_elderly": 239.0 }, "geometry": { "type": "Polygon", "coordinates": [ [ [ 139.6, 35.435415 ], [ 139.603125, 35.435415 ], [ 139.603125, 35.4375 ], [ 139.6, 35.4375 ], [ 139.6, 35.435415 ] ] ] } },
{ "type": "Feature", "properties": { "mesh_code": "5339142814", "population": 687.0, "population_child": 62.0, "population_elderly": 143.0 }, "geometry": { "type": "Polygon", "coordinates": [ [ [ 139.603125, 35.435415 ], [ 139.60625, 35.435415 ], [ 139.60625, 35.4375 ], [ 139.603125, 35.4375 ], [ 139.603125, 35.435415 ] ] ] } },
{ "type": "Feature", "properties": { "mesh_code": "5339142821", "population": 671.0, "population_child": 62.0, "population_elderly": 174.0 }, "geometry": { "type": "Polygon", "coordinates": [ [ [ 139.60625, 35.43333 ], [ 139.609375, 35.43333 ], [ 139.609375, 35.435415 ], [ 139.60625, 35.435415 ], [ 139.60625, 35.43333 ] ] ] } },
{ "type": "Feature", "properties": { "mesh_code": "5339142823", "population": 676.0, "population_child": 43.0, "population_elderly": 209.0 }, "geometry": { "type": "Polygon", "coordinates": [ [ [ 139.60625, 35.435415 ], [ 139.609375, 35.435415 ], [ 139.609375, 35.4375 ], [ 139.60625, 35.4375 ], [ 139.60625, 35.435415 ] ] ] } },
{ "type": "Feature", "properties": { "mesh_code": "5339142831", "population": 557.0, "population_child": 49.0, "population_elderly": 130.0 }, "geometry": { "type": "Polygon", "coordinates": [ [ [ 139.6, 35.4375 ], [ 139.603125, 35.4375 ], [ 139.603125, 35.439585 ], [ 139.6, 35.439585 ], [ 139.6, 35.4375 ] ] ] } },
{ "type": "Feature", "properties": { "mesh_code": "5339142841", "population": 333.0, "population_child": 21.0, "population_elderly": 98.0 }, "geometry": { "type": "Polygon", "coordinates": [ [ [ 139.60625, 35.4375 ], [ 139.609375, 35.4375 ], [ 139.609375, 35.439585 ], [ 139.60625, 35.439585 ], [ 139.60625, 35.4375 ] ] ] } },
{ "type": "Feature", "properties": { "mesh_code": "5339142832", "population": 11.0, "population_child": 0.0, "population_elderly": 0.0 }, "geometry": { "type": "Polygon", "coordinates": [ [ [ 139.603125, 35.4375 ], [ 139.60625, 35.4375 ], [ 139.60625, 35.439585 ], [ 139.603125, 35.439585 ], [ 139.603125, 35.4375 ] ] ] } },
{ "type": "Feature", "properties": { "mesh_code": "5339142734", "population": 969.0, "population_child": 105.0, "population_elderly": 251.0 }, "geometry": { "type": "Polygon", "coordinates": [ [ [ 139.590625, 35.439585 ], [ 139.59375, 35.439585 ], [ 139.59375, 35.44167 ], [ 139.590625, 35.44167 ], [ 139.590625, 35.439585 ] ] ] } },
{ "type": "Feature", "properties": { "mesh_code": "5339142743", "population": 427.0, "population_child": 20.0, "population_elderly": 82.0 }, "geometry": { "type": "Polygon", "coordinates": [ [ [ 139.59375, 35.439585 ], [ 139.596875, 35.439585 ], [ 139.596875, 35.44167 ], [ 139.59375, 35.44167 ], [ 139.59375, 35.439585 ] ] ] } },
{ "type": "Feature", "properties": { "mesh_code": "5339142744", "population": 1021.0, "population_child": 105.0, "population_elderly": 172.0 }, "geometry": { "type": "Polygon", "coordinates": [ [ [ 139.596875, 35.439585 ], [ 139.6, 35.439585 ], [ 139.6, 35.44167 ], [ 139.596875, 35.44167 ], [ 139.596875, 35.439585 ] ] ] } },
{ "type": "Feature", "properties": { "mesh_code": "5339142833", "population": 1019.0, "population_child": 137.0, "population_elderly": 183.0 }, "geometry": { "type": "Polygon", "coordinates": [ [ [ 139.6, 35.439585 ], [ 139.603125, 35.439585 ], [ 139.603125, 35.44167 ], [ 139.6, 35.44167 ], [ 139.6, 35.439585 ] ] ] } },
{ "type": "Feature", "properties": { "mesh_code": "5339142843", "population": 1150.0, "population_child": 106.0, "population_elderly": 292.0 }, "geometry": { "type": "Polygon", "coordinates": [ [ [ 139.60625, 35.439585 ], [ 139.609375, 35.439585 ], [ 139.609375, 35.44167 ], [ 139.60625, 35.44167 ], [ 139.60625, 35.439585 ] ] ] } },
{ "type": "Feature", "properties": { "mesh_code": "5339142834", "population": 863.0, "population_child": 127.0, "population_elderly": 198.0 }, "geometry": { "type": "Polygon", "coordinates": [ [ [ 139.603125, 35.439585 ], [ 139.60625, 35.439585 ], [ 139.60625, 35.44167 ], [ 139.603125, 35.44167 ], [ 139.603125, 35.439585 ] ] ] } },
{ "type": "Feature", "properties": { "mesh_code": "5339143712", "population": 913.0, "population_child": 112.0, "population_elderly": 169.0 }, "geometry": { "type": "Polygon", "coordinates": [ [ [ 139.590625, 35.44167 ], [ 139.59375, 35.44167 ], [ 139.59375, 35.4437525 ], [ 139.590625, 35.4437525 ], [ 139.590625, 35.44167 ] ] ] } },
{ "type": "Feature", "properties": { "mesh_code": "5339143812", "population": 564.0, "population_child": 65.0, "population_elderly": 192.0 }, "geometry": { "type": "Polygon", "coordinates": [ [ [ 139.603125, 35.44167 ], [ 139.60625, 35.44167 ], [ 139.60625, 35.4437525 ], [ 139.603125, 35.4437525 ], [ 139.603125, 35.44167 ] ] ] } },
{ "type": "Feature", "properties": { "mesh_code": "5339143813", "population": 1176.0, "population_child": 118.0, "population_elderly": 247.0 }, "geometry": { "type": "Polygon", "coordinates": [ [ [ 139.6, 35.4437525 ], [ 139.603125, 35.4437525 ], [ 139.603125, 35.445835 ], [ 139.6, 35.445835 ], [ 139.6, 35.4437525 ] ] ] } },
{ "type": "Feature", "properties": { "mesh_code": "5339143814", "population": 793.0, "population_child": 94.0, "population_elderly": 214.0 }, "geometry": { "type": "Polygon", "coordinates": [ [ [ 139.603125, 35.4437525 ], [ 139.60625, 35.4437525 ], [ 139.60625, 35.445835 ], [ 139.603125, 35.445835 ], [ 139.603125, 35.4437525 ] ] ] } },
{ "type": "Feature", "properties": { "mesh_code": "5339143821", "population": 718.0, "population_child": 73.0, "population_elderly": 177.0 }, "geometry": { "type": "Polygon", "coordinates": [ [ [ 139.60625, 35.44167 ], [ 139.609375, 35.44167 ], [ 139.609375, 35.4437525 ], [ 139.60625, 35.4437525 ], [ 139.60625, 35.44167 ] ] ] } },
{ "type": "Feature", "properties": { "mesh_code": "5339143823", "population": 8.0, "population_child": 0.0, "population_elderly": 6.0 }, "geometry": { "type": "Polygon", "coordinates": [ [ [ 139.60625, 35.4437525 ], [ 139.609375, 35.4437525 ], [ 139.609375, 35.445835 ], [ 139.60625, 35.445835 ], [ 139.60625, 35.4437525 ] ] ] } },
{ "type": "Feature", "properties": { "mesh_code": "5339143832", "population": 1122.0, "population_child": 109.0, "population_elderly": 283.0 }, "geometry": { "type": "Polygon", "coordinates": [ [ [ 139.603125, 35.445835 ], [ 139.60625, 35.445835 ], [ 139.60625, 35.4479175 ], [ 139.603125, 35.4479175 ], [ 139.603125, 35.445835 ] ] ] } },
{ "type": "Feature", "properties": { "mesh_code": "5339143834", "population": 1274.0, "population_child": 211.0, "population_elderly": 189.0 }, "geometry": { "type": "Polygon", "coordinates": [ [ [ 139.603125, 35.4479175 ], [ 139.60625, 35.4479175 ], [ 139.60625, 35.45 ], [ 139.603125, 35.45 ], [ 139.603125, 35.4479175 ] ] ] } },
{ "type": "Feature", "properties": { "mesh_code": "5339143841", "population": 731.0, "population_child": 71.0, "population_elderly": 226.0 }, "geometry": { "type": "Polygon", "coordinates": [ [ [ 139.60625, 35.445835 ], [ 139.609375, 35.445835 ], [ 139.609375, 35.4479175 ], [ 139.60625, 35.4479175 ], [ 139.60625, 35.445835 ] ] ] } },
{ "type": "Feature", "properties": { "mesh_code": "5339143843", "population": 1049.0, "population_child": 128.0, "population_elderly": 229.0 }, "geometry": { "type": "Polygon", "coordinates": [ [ [ 139.60625, 35.4479175 ], [ 139.609375, 35.4479175 ], [ 139.609375, 35.45 ], [ 139.60625, 35.45 ], [ 139.60625, 35.4479175 ] ] ] } },
{ "type": "Feature", "properties": { "mesh_code": "5339144812", "population": 1914.0, "population_child": 126.0, "population_elderly": 399.0 }, "geometry": { "type": "Polygon", "coordinates": [ [ [ 139.603125, 35.45 ], [ 139.60625, 35.45 ], [ 139.60625, 35.4520825 ], [ 139.603125, 35.4520825 ], [ 139.603125, 35.45 ] ] ] } },
{ "type": "Feature", "properties": { "mesh_code": "5339144821", "population": 1307.0, "population_child": 151.0, "population_elderly": 286.0 }, "geometry": { "type": "Polygon", "coordinates": [ [ [ 139.60625, 35.45 ], [ 139.609375, 35.45 ], [ 139.609375, 35.4520825 ], [ 139.60625, 35.4520825 ], [ 139.60625, 35.45 ] ] ] } },
{ "type": "Feature", "properties": { "mesh_code": "5339144814", "population": 1473.0, "population_child": 128.0, "population_elderly": 347.0 }, "geometry": { "type": "Polygon", "coordinates": [ [ [ 139.603125, 35.4520825 ], [ 139.60625, 35.4520825 ], [ 139.60625, 35.454165 ], [ 139.603125, 35.454165 ], [ 139.603125, 35.4520825 ] ] ] } },
{ "type": "Feature", "properties": { "mesh_code": "5339144823", "population": 436.0, "population_child": 28.0, "population_elderly": 68.0 }, "geometry": { "type": "Polygon", "coordinates": [ [ [ 139.60625, 35.4520825 ], [ 139.609375, 35.4520825 ], [ 139.609375, 35.454165 ], [ 139.60625, 35.454165 ], [ 139.60625, 35.4520825 ] ] ] } },
{ "type": "Feature", "properties": { "mesh_code": "5339144832", "population": 1529.0, "population_child": 148.0, "population_elderly": 283.0 }, "geometry": { "type": "Polygon", "coordinates": [ [ [ 139.603125, 35.454165 ], [ 139.60625, 35.454165 ], [ 139.60625, 35.4562475 ], [ 139.603125, 35.4562475 ], [ 139.603125, 35.454165 ] ] ] } },
{ "type": "Feature", "properties": { "mesh_code": "5339144834", "population": 1494.0, "population_child": 112.0, "population_elderly": 278.0 }, "geometry": { "type": "Polygon", "coordinates": [ [ [ 139.603125, 35.4562475 ], [ 139.60625, 35.4562475 ], [ 139.60625, 35.45833 ], [ 139.603125, 35.45833 ], [ 139.603125, 35.4562475 ] ] ] } },
{ "type": "Feature", "properties": { "mesh_code": "5339144841", "population": 1556.0, "population_child": 141.0, "population_elderly": 325.0 }, "geometry": { "type": "Polygon", "coordinates": [ [ [ 139.60625, 35.454165 ], [ 139.609375, 35.454165 ], [ 139.609375, 35.4562475 ], [ 139.60625, 35.4562475 ], [ 139.60625, 35.454165 ] ] ] } },
{ "type": "Feature", "properties": { "mesh_code": "5339144843", "population": 1488.0, "population_child": 115.0, "population_elderly": 347.0 }, "geometry": { "type": "Polygon", "coordinates": [ [ [ 139.60625, 35.4562475 ], [ 139.609375, 35.4562475 ], [ 139.609375, 35.45833 ], [ 139.60625, 35.45833 ], [ 139.60625, 35.4562475 ] ] ] } },
{ "type": "Feature", "properties": { "mesh_code": "5339145812", "population": 1121.0, "population_child": 63.0, "population_elderly": 273.0 }, "geometry": { "type": "Polygon", "coordinates": [ [ [ 139.603125, 35.45833 ], [ 139.60625, 35.45833 ], [ 139.60625, 35.460415 ], [ 139.603125, 35.460415 ], [ 139.603125, 35.45833 ] ] ] } },
{ "type": "Feature", "properties": { "mesh_code": "5339145814", "population": 521.0, "population_child": 61.0, "population_elderly": 119.0 }, "geometry": { "type": "Polygon", "coordinates": [ [ [ 139.603125, 35.460415 ], [ 139.60625, 35.460415 ], [ 139.60625, 35.4625 ], [ 139.603125, 35.4625 ], [ 139.603125, 35.460415 ] ] ] } },
{ "type": "Feature", "properties": { "mesh_code": "5339145821", "population": 1217.0, "population_child": 139.0, "population_elderly": 241.0 }, "geometry": { "type": "Polygon", "coordinates": [ [ [ 139.60625, 35.45833 ], [ 139.609375, 35.45833 ], [ 139.609375, 35.460415 ], [ 139.60625, 35.460415 ], [ 139.60625, 35.45833 ] ] ] } },
{ "type": "Feature", "properties": { "mesh_code": "5339145823", "population": 1237.0, "population_child": 124.0, "population_elderly": 281.0 }, "geometry": { "type": "Polygon", "coordinates": [ [ [ 139.60625, 35.460415 ], [ 139.609375, 35.460415 ], [ 139.609375, 35.4625 ], [ 139.60625, 35.4625 ], [ 139.60625, 35.460415 ] ] ] } },
{ "type": "Feature", "properties": { "mesh_code": "5339145832", "population": 975.0, "population_child": 104.0, "population_elderly": 235.0 }, "geometry": { "type": "Polygon", "coordinates": [ [ [ 139.603125, 35.4625 ], [ 139.60625, 35.4625 ], [ 139.60625, 35.464585 ], [ 139.603125, 35.464585 ], [ 139.603125, 35.4625 ] ] ] } },
{ "type": "Feature", "properties": { "mesh_code": "5339145834", "population": 947.0, "population_child": 129.0, "population_elderly": 163.0 }, "geometry": { "type": "Polygon", "coordinates": [ [ [ 139.603125, 35.464585 ], [ 139.60625, 35.464585 ], [ 139.60625, 35.46667 ], [ 139.603125, 35.46667 ], [ 139.603125, 35.464585 ] ] ] } },
{ "type": "Feature", "properties": { "mesh_code": "5339145841", "population": 971.0, "population_child": 86.0, "population_elderly": 297.0 }, "geometry": { "type": "Polygon", "coordinates": [ [ [ 139.60625, 35.4625 ], [ 139.609375, 35.4625 ], [ 139.609375, 35.464585 ], [ 139.60625, 35.464585 ], [ 139.60625, 35.4625 ] ] ] } },
{ "type": "Feature", "properties": { "mesh_code": "5339145843", "population": 831.0, "population_child": 71.0, "population_elderly": 238.0 }, "geometry": { "type": "Polygon", "coordinates": [ [ [ 139.60625, 35.464585 ], [ 139.609375, 35.464585 ], [ 139.609375, 35.46667 ], [ 139.60625, 35.46667 ], [ 139.60625, 35.464585 ] ] ] } },
{ "type": "Feature", "properties": { "mesh_code": "5339146821", "population": 1439.0, "population_child": 156.0, "population_elderly": 367.0 }, "geometry": { "type": "Polygon", "coordinates": [ [ [ 139.60625, 35.46667 ], [ 139.609375, 35.46667 ], [ 139.609375, 35.4687525 ], [ 139.60625, 35.4687525 ], [ 139.60625, 35.46667 ] ] ] } },
{ "type": "Feature", "properties": { "mesh_code": "5339146823", "population": 838.0, "population_child": 191.0, "population_elderly": 86.0 }, "geometry": { "type": "Polygon", "coordinates": [ [ [ 139.60625, 35.4687525 ], [ 139.609375, 35.4687525 ], [ 139.609375, 35.470835 ], [ 139.60625, 35.470835 ], [ 139.60625, 35.4687525 ] ] ] } },
{ "type": "Feature", "properties": { "mesh_code": "5339146812", "population": 979.0, "population_child": 116.0, "population_elderly": 326.0 }, "geometry": { "type": "Polygon", "coordinates": [ [ [ 139.603125, 35.46667 ], [ 139.60625, 35.46667 ], [ 139.60625, 35.4687525 ], [ 139.603125, 35.4687525 ], [ 139.603125, 35.46667 ] ] ] } },
{ "type": "Feature", "properties": { "mesh_code": "5339146841", "population": 548.0, "population_child": 56.0, "population_elderly": 143.0 }, "geometry": { "type": "Polygon", "coordinates": [ [ [ 139.60625, 35.470835 ], [ 139.609375, 35.470835 ], [ 139.609375, 35.4729175 ], [ 139.60625, 35.4729175 ], [ 139.60625, 35.470835 ] ] ] } },
{ "type": "Feature", "properties": { "mesh_code": "5339140542", "population": 372.0, "population_child": 53.0, "population_elderly": 112.0 }, "geometry": { "type": "Polygon", "coordinates": [ [ [ 139.571875, 35.420835 ], [ 139.575, 35.420835 ], [ 139.575, 35.4229175 ], [ 139.571875, 35.4229175 ], [ 139.571875, 35.420835 ] ] ] } },
{ "type": "Feature", "properties": { "mesh_code": "5339140543", "population": 897.0, "population_child": 129.0, "population_elderly": 232.0 }, "geometry": { "type": "Polygon", "coordinates": [ [ [ 139.56875, 35.4229175 ], [ 139.571875, 35.4229175 ], [ 139.571875, 35.425 ], [ 139.56875, 35.425 ], [ 139.56875, 35.4229175 ] ] ] } },
{ "type": "Feature", "properties": { "mesh_code": "5339140544", "population": 638.0, "population_child": 63.0, "population_elderly": 220.0 }, "geometry": { "type": "Polygon", "coordinates": [ [ [ 139.571875, 35.4229175 ], [ 139.575, 35.4229175 ], [ 139.575, 35.425 ], [ 139.571875, 35.425 ], [ 139.571875, 35.4229175 ] ] ] } },
{ "type": "Feature", "properties": { "mesh_code": "5339141521", "population": 823.0, "population_child": 63.0, "population_elderly": 267.0 }, "geometry": { "type": "Polygon", "coordinates": [ [ [ 139.56875, 35.425 ], [ 139.571875, 35.425 ], [ 139.571875, 35.4270825 ], [ 139.56875, 35.4270825 ], [ 139.56875, 35.425 ] ] ] } },
{ "type": "Feature", "properties": { "mesh_code": "5339141522", "population": 1377.0, "population_child": 165.0, "population_elderly": 277.0 }, "geometry": { "type": "Polygon", "coordinates": [ [ [ 139.571875, 35.425 ], [ 139.575, 35.425 ], [ 139.575, 35.4270825 ], [ 139.571875, 35.4270825 ], [ 139.571875, 35.425 ] ] ] } },
{ "type": "Feature", "properties": { "mesh_code": "5339142644", "population": 1151.0, "population_child": 132.0, "population_elderly": 342.0 }, "geometry": { "type": "Polygon", "coordinates": [ [ [ 139.584375, 35.439585 ], [ 139.5875, 35.439585 ], [ 139.5875, 35.44167 ], [ 139.584375, 35.44167 ], [ 139.584375, 35.439585 ] ] ] } },
{ "type": "Feature", "properties": { "mesh_code": "5339142733", "population": 1047.0, "population_child": 157.0, "population_elderly": 259.0 }, "geometry": { "type": "Polygon", "coordinates": [ [ [ 139.5875, 35.439585 ], [ 139.590625, 35.439585 ], [ 139.590625, 35.44167 ], [ 139.5875, 35.44167 ], [ 139.5875, 35.439585 ] ] ] } },
{ "type": "Feature", "properties": { "mesh_code": "5339143711", "population": 1004.0, "population_child": 93.0, "population_elderly": 210.0 }, "geometry": { "type": "Polygon", "coordinates": [ [ [ 139.5875, 35.44167 ], [ 139.590625, 35.44167 ], [ 139.590625, 35.4437525 ], [ 139.5875, 35.4437525 ], [ 139.5875, 35.44167 ] ] ] } }
]
}
