{
"type": "FeatureCollection",
"name": "traffic_signals",
"crs": { "type": "name", "properties": { "name": "urn:ogc:def:crs:OGC:1.3:CRS84" } },
"features": [
{ "type": "Feature", "properties": { "osm_id": "232055253", "highway": "traffic_signals" }, "geometry": { "type": "Point", "coordinates": [ 139.6236811, 35.4377903 ] } },
{ "type": "Feature", "properties": { "osm_id": "232055296", "highway": "traffic_signals" }, "geometry": { "type": "Point", "coordinates": [ 139.624646, 35.4382393 ] } },
{ "type": "Feature", "properties": { "osm_id": "232055324", "highway": "traffic_signals" }, "geometry": { "type": "Point", "coordinates": [ 139.62615310000001, 35.4389293 ] } },
{ "type": "Feature", "properties": { "osm_id": "232055345", "highway": "traffic_signals" }, "geometry": { "type": "Point", "coordinates": [ 139.6267632, 35.439224 ] } },
{ "type": "Feature", "properties": { "osm_id": "232055575", "highway": "traffic_signals" }, "geometry": { "type": "Point", "coordinates": [ 139.6351511, 35.4451014 ] } },
{ "type": "Feature", "properties": { "osm_id": "232055699", "highway": "traffic_signals" }, "geometry": { "type": "Point", "coordinates": [ 139.6370594, 35.4472909 ] } },
{ "type": "Feature", "properties": { "osm_id": "232055725", "highway": "traffic_signals" }, "geometry": { "type": "Point", "coordinates": [ 139.637369800000016, 35.4476979 ] } },
{ "type": "Feature", "properties": { "osm_id": "232055802", "highway": "traffic_signals" }, "geometry": { "type": "Point", "coordinates": [ 139.6383572, 35.4490862 ] } },
{ "type": "Feature", "properties": { "osm_id": "280902866", "highway": "traffic_signals" }, "geometry": { "type": "Point", "coordinates": [ 139.6310023, 35.4534953 ] } },
{ "type": "Feature", "properties": { "osm_id": "280903014", "highway": "traffic_signals" }, "geometry": { "type": "Point", "coordinates": [ 139.631121, 35.4535618 ] } },
{ "type": "Feature", "properties": { "osm_id": "281755076", "highway": "traffic_signals" }, "geometry": { "type": "Point", "coordinates": [ 139.638203800000014, 35.4553744 ] } },
{ "type": "Feature", "properties": { "osm_id": "281755081", "highway": "traffic_signals" }, "geometry": { "type": "Point", "coordinates": [ 139.6406006, 35.4540113 ] } },
{ "type": "Feature", "properties": { "osm_id": "281755133", "highway": "traffic_signals" }, "geometry": { "type": "Point", "coordinates": [ 139.6425046, 35.4485754 ] } },
{ "type": "Feature", "properties": { "osm_id": "281755187", "highway": "traffic_signals" }, "geometry": { "type": "Point", "coordinates": [ 139.6379288, 35.4550487 ] } },
{ "type": "Feature", "properties": { "osm_id": "281755205", "highway": "traffic_signals" }, "geometry": { "type": "Point", "coordinates": [ 139.640393900000021, 35.4537578 ] } },
{ "type": "Feature", "properties": { "osm_id": "283015820", "highway": "traffic_signals" }, "geometry": { "type": "Point", "coordinates": [ 139.6412024, 35.4546868 ] } },
{ "type": "Feature", "properties": { "osm_id": "283015833", "highway": "traffic_signals" }, "geometry": { "type": "Point", "coordinates": [ 139.639712300000014, 35.4529086 ] } },
{ "type": "Feature", "properties": { "osm_id": "283015845", "highway": "traffic_signals" }, "geometry": { "type": "Point", "coordinates": [ 139.639806100000015, 35.4528589 ] } },
{ "type": "Feature", "properties": { "osm_id": "283015848", "highway": "traffic_signals" }, "geometry": { "type": "Point", "coordinates": [ 139.6404862, 35.4537023 ] } },
{ "type": "Feature", "properties": { "osm_id": "283015849", "highway": "traffic_signals" }, "geometry": { "type": "Point", "coordinates": [ 139.6406897, 35.4539547 ] } },
{ "type": "Feature", "properties": { "osm_id": "283015852", "highway": "traffic_signals" }, "geometry": { "type": "Point", "coordinates": [ 139.641932, 35.4518491 ] } },
{ "type": "Feature", "properties": { "osm_id": "283626588", "highway": "traffic_signals" }, "geometry": { "type": "Point", "coordinates": [ 139.6291186, 35.4524697 ] } },
{ "type": "Feature", "properties": { "osm_id": "283626801", "highway": "traffic_signals" }, "geometry": { "type": "Point", "coordinates": [ 139.641623800000019, 35.4474197 ] } },
{ "type": "Feature", "properties": { "osm_id": "283626832", "highway": "traffic_signals" }, "geometry": { "type": "Point", "coordinates": [ 139.637662, 35.4424274 ] } },
{ "type": "Feature", "properties": { "osm_id": "283626891", "highway": "traffic_signals" }, "geometry": { "type": "Point", "coordinates": [ 139.6380983, 35.4506897 ] } },
{ "type": "Feature", "properties": { "osm_id": "283626951", "highway": "traffic_signals" }, "geometry": { "type": "Point", "coordinates": [ 139.636575600000015, 35.4468115 ] } },
{ "type": "Feature", "properties": { "osm_id": "283636186", "highway": "traffic_signals" }, "geometry": { "type": "Point", "coordinates": [ 139.6435911, 35.4480144 ] } },
{ "type": "Feature", "properties": { "osm_id": "283636196", "highway": "traffic_signals" }, "geometry": { "type": "Point", "coordinates": [ 139.6447498, 35.4477398 ] } },
{ "type": "Feature", "properties": { "osm_id": "283649626", "highway": "traffic_signals" }, "geometry": { "type": "Point", "coordinates": [ 139.6646599, 35.4319939 ] } },
{ "type": "Feature", "properties": { "osm_id": "283649628", "highway": "traffic_signals" }, "geometry": { "type": "Point", "coordinates": [ 139.664636200000018, 35.4318821 ] } },
{ "type": "Feature", "properties": { "osm_id": "283649631", "highway": "traffic_signals" }, "geometry": { "type": "Point", "coordinates": [ 139.664430800000019, 35.4312076 ] } },
{ "type": "Feature", "properties": { "osm_id": "283649761", "highway": "traffic_signals" }, "geometry": { "type": "Point", "coordinates": [ 139.6648108, 35.4223301 ] } },
{ "type": "Feature", "properties": { "osm_id": "283649782", "highway": "traffic_signals" }, "geometry": { "type": "Point", "coordinates": [ 139.6607586, 35.421596 ] } },
{ "type": "Feature", "properties": { "osm_id": "283649867", "highway": "traffic_signals" }, "geometry": { "type": "Point", "coordinates": [ 139.6516197, 35.4194012 ] } },
{ "type": "Feature", "properties": { "osm_id": "283654142", "highway": "traffic_signals" }, "geometry": { "type": "Point", "coordinates": [ 139.635827300000017, 35.4458478 ] } },
{ "type": "Feature", "properties": { "osm_id": "283654199", "highway": "traffic_signals" }, "geometry": { "type": "Point", "coordinates": [ 139.633733700000022, 35.4473453 ] } },
{ "type": "Feature", "properties": { "osm_id": "286264384", "highway": "traffic_signals" }, "geometry": { "type": "Point", "coordinates": [ 139.6372369, 35.4496593 ] } },
{ "type": "Feature", "properties": { "osm_id": "286269553", "highway": "traffic_signals" }, "geometry": { "type": "Point", "coordinates": [ 139.6375562, 35.4299001 ] } },
{ "type": "Feature", "properties": { "osm_id": "286269720", "highway": "traffic_signals" }, "geometry": { "type": "Point", "coordinates": [ 139.6400563, 35.425901 ] } },
{ "type": "Feature", "properties": { "osm_id": "286269747", "highway": "traffic_signals" }, "geometry": { "type": "Point", "coordinates": [ 139.6410908, 35.4247435 ] } },
{ "type": "Feature", "properties": { "osm_id": "286269768", "highway": "traffic_signals" }, "geometry": { "type": "Point", "coordinates": [ 139.641029, 35.424504 ] } },
{ "type": "Feature", "properties": { "osm_id": "286269792", "highway": "traffic_signals" }, "geometry": { "type": "Point", "coordinates": [ 139.6408303, 35.4226936 ] } },
{ "type": "Feature", "properties": { "osm_id": "286269795", "highway": "traffic_signals" }, "geometry": { "type": "Point", "coordinates": [ 139.640688900000015, 35.4224501 ] } },
{ "type": "Feature", "properties": { "osm_id": "286269935", "highway": "traffic_signals" }, "geometry": { "type": "Point", "coordinates": [ 139.6406063, 35.4189745 ] } },
{ "type": "Feature", "properties": { "osm_id": "286269969", "highway": "traffic_signals" }, "geometry": { "type": "Point", "coordinates": [ 139.640671600000019, 35.4180726 ] } },
{ "type": "Feature", "properties": { "osm_id": "286622433", "highway": "traffic_signals" }, "geometry": { "type": "Point", "coordinates": [ 139.6256018, 35.4423944 ] } },
{ "type": "Feature", "properties": { "osm_id": "286622447", "highway": "traffic_signals" }, "geometry": { "type": "Point", "coordinates": [ 139.626413900000017, 35.443836 ] } },
{ "type": "Feature", "properties": { "osm_id": "286622450", "highway": "traffic_signals" }, "geometry": { "type": "Point", "coordinates": [ 139.6269201, 35.4448076 ] } },
{ "type": "Feature", "properties": { "osm_id": "286622454", "highway": "traffic_signals" }, "geometry": { "type": "Point", "coordinates": [ 139.6274649, 35.4458231 ] } },
{ "type": "Feature", "properties": { "osm_id": "286622458", "highway": "traffic_signals" }, "geometry": { "type": "Point", "coordinates": [ 139.628123, 35.4470055 ] } },
{ "type": "Feature", "properties": { "osm_id": "286622477", "highway": "traffic_signals" }, "geometry": { "type": "Point", "coordinates": [ 139.630977, 35.4501484 ] } },
{ "type": "Feature", "properties": { "osm_id": "286622491", "highway": "traffic_signals" }, "geometry": { "type": "Point", "coordinates": [ 139.6324214, 35.4521786 ] } },
{ "type": "Feature", "properties": { "osm_id": "286622492", "highway": "traffic_signals" }, "geometry": { "type": "Point", "coordinates": [ 139.6325324, 35.4522583 ] } },
{ "type": "Feature", "properties": { "osm_id": "286625082", "highway": "traffic_signals" }, "geometry": { "type": "Point", "coordinates": [ 139.639204, 35.4408677 ] } },
{ "type": "Feature", "properties": { "osm_id": "286625088", "highway": "traffic_signals" }, "geometry": { "type": "Point", "coordinates": [ 139.6360052, 35.4434906 ] } },
{ "type": "Feature", "properties": { "osm_id": "286625093", "highway": "traffic_signals" }, "geometry": { "type": "Point", "coordinates": [ 139.634613200000018, 35.444694 ] } },
{ "type": "Feature", "properties": { "osm_id": "286625094", "highway": "traffic_signals" }, "geometry": { "type": "Point", "coordinates": [ 139.6350151, 35.4462298 ] } },
{ "type": "Feature", "properties": { "osm_id": "286625097", "highway": "traffic_signals" }, "geometry": { "type": "Point", "coordinates": [ 139.642823600000014, 35.4449682 ] } },
{ "type": "Feature", "properties": { "osm_id": "289289330", "highway": "traffic_signals" }, "geometry": { "type": "Point", "coordinates": [ 139.666121300000015, 35.4137098 ] } },
{ "type": "Feature", "properties": { "osm_id": "289289375", "highway": "traffic_signals" }, "geometry": { "type": "Point", "coordinates": [ 139.67138030000001, 35.4150683 ] } },
{ "type": "Feature", "properties": { "osm_id": "289289376", "highway": "traffic_signals" }, "geometry": { "type": "Point", "coordinates": [ 139.670586, 35.4141841 ] } },
{ "type": "Feature", "properties": { "osm_id": "290044471", "highway": "traffic_signals" }, "geometry": { "type": "Point", "coordinates": [ 139.671298800000017, 35.415114 ] } },
{ "type": "Feature", "properties": { "osm_id": "290044528", "highway": "traffic_signals" }, "geometry": { "type": "Point", "coordinates": [ 139.671332800000016, 35.4200501 ] } },
{ "type": "Feature", "properties": { "osm_id": "290044616", "highway": "traffic_signals" }, "geometry": { "type": "Point", "coordinates": [ 139.6766603, 35.4286504 ] } },
{ "type": "Feature", "properties": { "osm_id": "290044618", "highway": "traffic_signals" }, "geometry": { "type": "Point", "coordinates": [ 139.6767365, 35.4287904 ] } },
{ "type": "Feature", "properties": { "osm_id": "290044668", "highway": "traffic_signals" }, "geometry": { "type": "Point", "coordinates": [ 139.66404110000002, 35.4380119 ] } },
{ "type": "Feature", "properties": { "osm_id": "290044669", "highway": "traffic_signals" }, "geometry": { "type": "Point", "coordinates": [ 139.66055750000001, 35.4407354 ] } },
{ "type": "Feature", "properties": { "osm_id": "290044681", "highway": "traffic_signals" }, "geometry": { "type": "Point", "coordinates": [ 139.653937500000012, 35.443843 ] } },
{ "type": "Feature", "properties": { "osm_id": "290044682", "highway": "traffic_signals" }, "geometry": { "type": "Point", "coordinates": [ 139.653789100000012, 35.4437971 ] } },
{ "type": "Feature", "properties": { "osm_id": "290044685", "highway": "traffic_signals" }, "geometry": { "type": "Point", "coordinates": [ 139.652954, 35.4431573 ] } },
{ "type": "Feature", "properties": { "osm_id": "290044694", "highway": "traffic_signals" }, "geometry": { "type": "Point", "coordinates": [ 139.6544853, 35.4446959 ] } },
{ "type": "Feature", "properties": { "osm_id": "290044710", "highway": "traffic_signals" }, "geometry": { "type": "Point", "coordinates": [ 139.670741600000014, 35.4253636 ] } },
{ "type": "Feature", "properties": { "osm_id": "290045109", "highway": "traffic_signals" }, "geometry": { "type": "Point", "coordinates": [ 139.662290500000012, 35.4393295 ] } },
{ "type": "Feature", "properties": { "osm_id": "290045110", "highway": "traffic_signals" }, "geometry": { "type": "Point", "coordinates": [ 139.663252, 35.4400537 ] } },
{ "type": "Feature", "properties": { "osm_id": "290045151", "highway": "traffic_signals" }, "geometry": { "type": "Point", "coordinates": [ 139.644476600000019, 35.4471134 ] } },
{ "type": "Feature", "properties": { "osm_id": "290045152", "highway": "traffic_signals" }, "geometry": { "type": "Point", "coordinates": [ 139.6437616, 35.4461492 ] } },
{ "type": "Feature", "properties": { "osm_id": "290318602", "highway": "traffic_signals" }, "geometry": { "type": "Point", "coordinates": [ 139.65589940000001, 35.4206811 ] } },
{ "type": "Feature", "properties": { "osm_id": "290318642", "highway": "traffic_signals" }, "geometry": { "type": "Point", "coordinates": [ 139.665971800000023, 35.4139019 ] } },
{ "type": "Feature", "properties": { "osm_id": "290318653", "highway": "traffic_signals" }, "geometry": { "type": "Point", "coordinates": [ 139.667949100000016, 35.4166443 ] } },
{ "type": "Feature", "properties": { "osm_id": "290318662", "highway": "traffic_signals" }, "geometry": { "type": "Point", "coordinates": [ 139.669785600000012, 35.4170202 ] } },
{ "type": "Feature", "properties": { "osm_id": "290318695", "highway": "traffic_signals" }, "geometry": { "type": "Point", "coordinates": [ 139.6705049, 35.4142328 ] } },
{ "type": "Feature", "properties": { "osm_id": "290318697", "highway": "traffic_signals" }, "geometry": { "type": "Point", "coordinates": [ 139.670439, 35.4140909 ] } },
{ "type": "Feature", "properties": { "osm_id": "290318719", "highway": "traffic_signals" }, "geometry": { "type": "Point", "coordinates": [ 139.669650600000011, 35.4189002 ] } },
{ "type": "Feature", "properties": { "osm_id": "290318724", "highway": "traffic_signals" }, "geometry": { "type": "Point", "coordinates": [ 139.669189900000021, 35.4221005 ] } },
{ "type": "Feature", "properties": { "osm_id": "290318752", "highway": "traffic_signals" }, "geometry": { "type": "Point", "coordinates": [ 139.669798, 35.4264054 ] } },
{ "type": "Feature", "properties": { "osm_id": "290318766", "highway": "traffic_signals" }, "geometry": { "type": "Point", "coordinates": [ 139.6696751, 35.4263253 ] } },
{ "type": "Feature", "properties": { "osm_id": "290320793", "highway": "traffic_signals" }, "geometry": { "type": "Point", "coordinates": [ 139.666860400000019, 35.419156 ] } },
{ "type": "Feature", "properties": { "osm_id": "290320816", "highway": "traffic_signals" }, "geometry": { "type": "Point", "coordinates": [ 139.67034240000001, 35.4188896 ] } },
{ "type": "Feature", "properties": { "osm_id": "290320817", "highway": "traffic_signals" }, "geometry": { "type": "Point", "coordinates": [ 139.6705882, 35.4188835 ] } },
{ "type": "Feature", "properties": { "osm_id": "290320818", "highway": "traffic_signals" }, "geometry": { "type": "Point", "coordinates": [ 139.6699922, 35.4169469 ] } },
{ "type": "Feature", "properties": { "osm_id": "290321234", "highway": "traffic_signals" }, "geometry": { "type": "Point", "coordinates": [ 139.666934, 35.4295404 ] } },
{ "type": "Feature", "properties": { "osm_id": "290321245", "highway": "traffic_signals" }, "geometry": { "type": "Point", "coordinates": [ 139.6688485, 35.432017 ] } },
{ "type": "Feature", "properties": { "osm_id": "290321271", "highway": "traffic_signals" }, "geometry": { "type": "Point", "coordinates": [ 139.6692308, 35.4338591 ] } },
{ "type": "Feature", "properties": { "osm_id": "290321274", "highway": "traffic_signals" }, "geometry": { "type": "Point", "coordinates": [ 139.6670585, 35.4294144 ] } },
{ "type": "Feature", "properties": { "osm_id": "290321291", "highway": "traffic_signals" }, "geometry": { "type": "Point", "coordinates": [ 139.66891990000002, 35.4319219 ] } },
{ "type": "Feature", "properties": { "osm_id": "290321919", "highway": "traffic_signals" }, "geometry": { "type": "Point", "coordinates": [ 139.642071500000014, 35.4518664 ] } },
{ "type": "Feature", "properties": { "osm_id": "290322031", "highway": "traffic_signals" }, "geometry": { "type": "Point", "coordinates": [ 139.6400755, 35.4454858 ] } },
{ "type": "Feature", "properties": { "osm_id": "290322033", "highway": "traffic_signals" }, "geometry": { "type": "Point", "coordinates": [ 139.640138900000011, 35.4454536 ] } },
{ "type": "Feature", "properties": { "osm_id": "290322036", "highway": "traffic_signals" }, "geometry": { "type": "Point", "coordinates": [ 139.641201, 35.4449144 ] } },
{ "type": "Feature", "properties": { "osm_id": "290322037", "highway": "traffic_signals" }, "geometry": { "type": "Point", "coordinates": [ 139.642311800000016, 35.4443498 ] } },
{ "type": "Feature", "properties": { "osm_id": "290322042", "highway": "traffic_signals" }, "geometry": { "type": "Point", "coordinates": [ 139.6426812, 35.4468273 ] } },
{ "type": "Feature", "properties": { "osm_id": "290322045", "highway": "traffic_signals" }, "geometry": { "type": "Point", "coordinates": [ 139.6409251, 35.4464478 ] } },
{ "type": "Feature", "properties": { "osm_id": "290322046", "highway": "traffic_signals" }, "geometry": { "type": "Point", "coordinates": [ 139.6408424, 35.4464846 ] } },
{ "type": "Feature", "properties": { "osm_id": "290348697", "highway": "traffic_signals" }, "geometry": { "type": "Point", "coordinates": [ 139.6520319, 35.4421355 ] } },
{ "type": "Feature", "properties": { "osm_id": "290348762", "highway": "traffic_signals" }, "geometry": { "type": "Point", "coordinates": [ 139.6538468, 35.4398817 ] } },
{ "type": "Feature", "properties": { "osm_id": "290378435", "highway": "traffic_signals" }, "geometry": { "type": "Point", "coordinates": [ 139.653867100000014, 35.4374039 ] } },
{ "type": "Feature", "properties": { "osm_id": "290378447", "highway": "traffic_signals" }, "geometry": { "type": "Point", "coordinates": [ 139.654092100000014, 35.4376304 ] } },
{ "type": "Feature", "properties": { "osm_id": "290378472", "highway": "traffic_signals" }, "geometry": { "type": "Point", "coordinates": [ 139.654462200000012, 35.4376438 ] } },
{ "type": "Feature", "properties": { "osm_id": "290378495", "highway": "traffic_signals" }, "geometry": { "type": "Point", "coordinates": [ 139.6546803, 35.4377035 ] } },
{ "type": "Feature", "properties": { "osm_id": "290378547", "highway": "traffic_signals" }, "geometry": { "type": "Point", "coordinates": [ 139.654754, 35.4383425 ] } },
{ "type": "Feature", "properties": { "osm_id": "290378797", "highway": "traffic_signals" }, "geometry": { "type": "Point", "coordinates": [ 139.664352, 35.4312756 ] } },
{ "type": "Feature", "properties": { "osm_id": "290378802", "highway": "traffic_signals" }, "geometry": { "type": "Point", "coordinates": [ 139.664575400000018, 35.4319836 ] } },
{ "type": "Feature", "properties": { "osm_id": "290378803", "highway": "traffic_signals" }, "geometry": { "type": "Point", "coordinates": [ 139.6645986, 35.4320759 ] } },
{ "type": "Feature", "properties": { "osm_id": "290378863", "highway": "traffic_signals" }, "geometry": { "type": "Point", "coordinates": [ 139.649462100000022, 35.4377007 ] } },
{ "type": "Feature", "properties": { "osm_id": "290378938", "highway": "traffic_signals" }, "geometry": { "type": "Point", "coordinates": [ 139.648142, 35.4376374 ] } },
{ "type": "Feature", "properties": { "osm_id": "290379014", "highway": "traffic_signals" }, "geometry": { "type": "Point", "coordinates": [ 139.6515827, 35.4332681 ] } },
{ "type": "Feature", "properties": { "osm_id": "290379015", "highway": "traffic_signals" }, "geometry": { "type": "Point", "coordinates": [ 139.6523541, 35.4335157 ] } },
{ "type": "Feature", "properties": { "osm_id": "290379089", "highway": "traffic_signals" }, "geometry": { "type": "Point", "coordinates": [ 139.65342320000002, 35.4366625 ] } },
{ "type": "Feature", "properties": { "osm_id": "290379101", "highway": "traffic_signals" }, "geometry": { "type": "Point", "coordinates": [ 139.6535766, 35.4370267 ] } },
{ "type": "Feature", "properties": { "osm_id": "290382334", "highway": "traffic_signals" }, "geometry": { "type": "Point", "coordinates": [ 139.6265692, 35.441964 ] } },
{ "type": "Feature", "properties": { "osm_id": "290382378", "highway": "traffic_signals" }, "geometry": { "type": "Point", "coordinates": [ 139.6313313, 35.4468464 ] } },
{ "type": "Feature", "properties": { "osm_id": "290382380", "highway": "traffic_signals" }, "geometry": { "type": "Point", "coordinates": [ 139.6287072, 35.4478648 ] } },
{ "type": "Feature", "properties": { "osm_id": "290384457", "highway": "traffic_signals" }, "geometry": { "type": "Point", "coordinates": [ 139.63142160000001, 35.442267 ] } },
{ "type": "Feature", "properties": { "osm_id": "290384636", "highway": "traffic_signals" }, "geometry": { "type": "Point", "coordinates": [ 139.6269781, 35.4481759 ] } },
{ "type": "Feature", "properties": { "osm_id": "291939802", "highway": "traffic_signals" }, "geometry": { "type": "Point", "coordinates": [ 139.6305001, 35.4499017 ] } },
{ "type": "Feature", "properties": { "osm_id": "291939806", "highway": "traffic_signals" }, "geometry": { "type": "Point", "coordinates": [ 139.6285708, 35.4522499 ] } },
{ "type": "Feature", "properties": { "osm_id": "291939809", "highway": "traffic_signals" }, "geometry": { "type": "Point", "coordinates": [ 139.6285244, 35.4523114 ] } },
{ "type": "Feature", "properties": { "osm_id": "291939822", "highway": "traffic_signals" }, "geometry": { "type": "Point", "coordinates": [ 139.6309425, 35.4535671 ] } },
{ "type": "Feature", "properties": { "osm_id": "291939824", "highway": "traffic_signals" }, "geometry": { "type": "Point", "coordinates": [ 139.6310632, 35.4536321 ] } },
{ "type": "Feature", "properties": { "osm_id": "291939841", "highway": "traffic_signals" }, "geometry": { "type": "Point", "coordinates": [ 139.6302061, 35.4433397 ] } },
{ "type": "Feature", "properties": { "osm_id": "292233325", "highway": "traffic_signals" }, "geometry": { "type": "Point", "coordinates": [ 139.623808600000018, 35.4394341 ] } },
{ "type": "Feature", "properties": { "osm_id": "292233335", "highway": "traffic_signals" }, "geometry": { "type": "Point", "coordinates": [ 139.629789500000015, 35.4411926 ] } },
{ "type": "Feature", "properties": { "osm_id": "292233369", "highway": "traffic_signals" }, "geometry": { "type": "Point", "coordinates": [ 139.6359325, 35.444408 ] } },
{ "type": "Feature", "properties": { "osm_id": "292233373", "highway": "traffic_signals" }, "geometry": { "type": "Point", "coordinates": [ 139.63673750000001, 35.4452682 ] } },
{ "type": "Feature", "properties": { "osm_id": "292233377", "highway": "traffic_signals" }, "geometry": { "type": "Point", "coordinates": [ 139.639392, 35.4485439 ] } },
{ "type": "Feature", "properties": { "osm_id": "292233378", "highway": "traffic_signals" }, "geometry": { "type": "Point", "coordinates": [ 139.640227800000019, 35.4496706 ] } },
{ "type": "Feature", "properties": { "osm_id": "292233405", "highway": "traffic_signals" }, "geometry": { "type": "Point", "coordinates": [ 139.64263680000002, 35.4467583 ] } },
{ "type": "Feature", "properties": { "osm_id": "292233418", "highway": "traffic_signals" }, "geometry": { "type": "Point", "coordinates": [ 139.637999400000012, 35.4507378 ] } },
{ "type": "Feature", "properties": { "osm_id": "292233423", "highway": "traffic_signals" }, "geometry": { "type": "Point", "coordinates": [ 139.634310100000022, 35.4454876 ] } },
{ "type": "Feature", "properties": { "osm_id": "292233433", "highway": "traffic_signals" }, "geometry": { "type": "Point", "coordinates": [ 139.6348471, 35.4448707 ] } },
{ "type": "Feature", "properties": { "osm_id": "292233479", "highway": "traffic_signals" }, "geometry": { "type": "Point", "coordinates": [ 139.637167200000022, 35.4430199 ] } },
{ "type": "Feature", "properties": { "osm_id": "292233483", "highway": "traffic_signals" }, "geometry": { "type": "Point", "coordinates": [ 139.637729900000011, 35.4425278 ] } },
{ "type": "Feature", "properties": { "osm_id": "292233503", "highway": "traffic_signals" }, "geometry": { "type": "Point", "coordinates": [ 139.6391721, 35.4501759 ] } },
{ "type": "Feature", "properties": { "osm_id": "292233512", "highway": "traffic_signals" }, "geometry": { "type": "Point", "coordinates": [ 139.638981300000012, 35.4440104 ] } },
{ "type": "Feature", "properties": { "osm_id": "292233655", "highway": "traffic_signals" }, "geometry": { "type": "Point", "coordinates": [ 139.63634110000001, 35.4500815 ] } },
{ "type": "Feature", "properties": { "osm_id": "292233664", "highway": "traffic_signals" }, "geometry": { "type": "Point", "coordinates": [ 139.63213380000002, 35.4508763 ] } },
{ "type": "Feature", "properties": { "osm_id": "292233673", "highway": "traffic_signals" }, "geometry": { "type": "Point", "coordinates": [ 139.6329148, 35.4497939 ] } },
{ "type": "Feature", "properties": { "osm_id": "292233685", "highway": "traffic_signals" }, "geometry": { "type": "Point", "coordinates": [ 139.633821800000021, 35.4497285 ] } },
{ "type": "Feature", "properties": { "osm_id": "292233686", "highway": "traffic_signals" }, "geometry": { "type": "Point", "coordinates": [ 139.6330364, 35.4497231 ] } },
{ "type": "Feature", "properties": { "osm_id": "292233693", "highway": "traffic_signals" }, "geometry": { "type": "Point", "coordinates": [ 139.6329642, 35.448215 ] } },
{ "type": "Feature", "properties": { "osm_id": "292233701", "highway": "traffic_signals" }, "geometry": { "type": "Point", "coordinates": [ 139.636282100000017, 35.4462719 ] } },
{ "type": "Feature", "properties": { "osm_id": "292233724", "highway": "traffic_signals" }, "geometry": { "type": "Point", "coordinates": [ 139.637817900000016, 35.4446709 ] } },
{ "type": "Feature", "properties": { "osm_id": "292233747", "highway": "traffic_signals" }, "geometry": { "type": "Point", "coordinates": [ 139.640458700000011, 35.4479659 ] } },
{ "type": "Feature", "properties": { "osm_id": "292233750", "highway": "traffic_signals" }, "geometry": { "type": "Point", "coordinates": [ 139.6405023, 35.4480262 ] } },
{ "type": "Feature", "properties": { "osm_id": "292233751", "highway": "traffic_signals" }, "geometry": { "type": "Point", "coordinates": [ 139.6413153, 35.4491502 ] } },
{ "type": "Feature", "properties": { "osm_id": "292233755", "highway": "traffic_signals" }, "geometry": { "type": "Point", "coordinates": [ 139.637925100000018, 35.4485866 ] } },
{ "type": "Feature", "properties": { "osm_id": "292233780", "highway": "traffic_signals" }, "geometry": { "type": "Point", "coordinates": [ 139.6376745, 35.4480976 ] } },
{ "type": "Feature", "properties": { "osm_id": "292233784", "highway": "traffic_signals" }, "geometry": { "type": "Point", "coordinates": [ 139.632748, 35.4370127 ] } },
{ "type": "Feature", "properties": { "osm_id": "292233846", "highway": "traffic_signals" }, "geometry": { "type": "Point", "coordinates": [ 139.6307352, 35.43988 ] } },
{ "type": "Feature", "properties": { "osm_id": "292233848", "highway": "traffic_signals" }, "geometry": { "type": "Point", "coordinates": [ 139.630479, 35.4402518 ] } },
{ "type": "Feature", "properties": { "osm_id": "292233851", "highway": "traffic_signals" }, "geometry": { "type": "Point", "coordinates": [ 139.624963900000012, 35.4377537 ] } },
{ "type": "Feature", "properties": { "osm_id": "292233903", "highway": "traffic_signals" }, "geometry": { "type": "Point", "coordinates": [ 139.6326718, 35.4411213 ] } },
{ "type": "Feature", "properties": { "osm_id": "292233933", "highway": "traffic_signals" }, "geometry": { "type": "Point", "coordinates": [ 139.632992300000012, 35.4408477 ] } },
{ "type": "Feature", "properties": { "osm_id": "292253813", "highway": "traffic_signals" }, "geometry": { "type": "Point", "coordinates": [ 139.6362719, 35.4436128 ] } },
{ "type": "Feature", "properties": { "osm_id": "293559274", "highway": "traffic_signals" }, "geometry": { "type": "Point", "coordinates": [ 139.630602300000021, 35.4499546 ] } },
{ "type": "Feature", "properties": { "osm_id": "294043138", "highway": "traffic_signals" }, "geometry": { "type": "Point", "coordinates": [ 139.6374222, 35.4369133 ] } },
{ "type": "Feature", "properties": { "osm_id": "294043139", "highway": "traffic_signals" }, "geometry": { "type": "Point", "coordinates": [ 139.633856, 35.4400826 ] } },
{ "type": "Feature", "properties": { "osm_id": "294043140", "highway": "traffic_signals" }, "geometry": { "type": "Point", "coordinates": [ 139.635705800000011, 35.4384219 ] } },
{ "type": "Feature", "properties": { "osm_id": "294043146", "highway": "traffic_signals" }, "geometry": { "type": "Point", "coordinates": [ 139.63837860000001, 35.4351196 ] } },
{ "type": "Feature", "properties": { "osm_id": "294043153", "highway": "traffic_signals" }, "geometry": { "type": "Point", "coordinates": [ 139.6395267, 35.4325975 ] } },
{ "type": "Feature", "properties": { "osm_id": "294043160", "highway": "traffic_signals" }, "geometry": { "type": "Point", "coordinates": [ 139.638481, 35.4316092 ] } },
{ "type": "Feature", "properties": { "osm_id": "294043263", "highway": "traffic_signals" }, "geometry": { "type": "Point", "coordinates": [ 139.656687, 35.4208339 ] } },
{ "type": "Feature", "properties": { "osm_id": "294043268", "highway": "traffic_signals" }, "geometry": { "type": "Point", "coordinates": [ 139.653828, 35.4171544 ] } },
{ "type": "Feature", "properties": { "osm_id": "294045118", "highway": "traffic_signals" }, "geometry": { "type": "Point", "coordinates": [ 139.6465844, 35.4344474 ] } },
{ "type": "Feature", "properties": { "osm_id": "294045148", "highway": "traffic_signals" }, "geometry": { "type": "Point", "coordinates": [ 139.648907400000013, 35.443587 ] } },
{ "type": "Feature", "properties": { "osm_id": "294045151", "highway": "traffic_signals" }, "geometry": { "type": "Point", "coordinates": [ 139.648862, 35.4435464 ] } },
{ "type": "Feature", "properties": { "osm_id": "294046197", "highway": "traffic_signals" }, "geometry": { "type": "Point", "coordinates": [ 139.66368940000001, 35.4196273 ] } },
{ "type": "Feature", "properties": { "osm_id": "294046204", "highway": "traffic_signals" }, "geometry": { "type": "Point", "coordinates": [ 139.6675586, 35.423537 ] } },
{ "type": "Feature", "properties": { "osm_id": "294046208", "highway": "traffic_signals" }, "geometry": { "type": "Point", "coordinates": [ 139.6704904, 35.422252 ] } },
{ "type": "Feature", "properties": { "osm_id": "294046209", "highway": "traffic_signals" }, "geometry": { "type": "Point", "coordinates": [ 139.6707499, 35.4222643 ] } },
{ "type": "Feature", "properties": { "osm_id": "294046219", "highway": "traffic_signals" }, "geometry": { "type": "Point", "coordinates": [ 139.660024600000014, 35.4214609 ] } },
{ "type": "Feature", "properties": { "osm_id": "294046297", "highway": "traffic_signals" }, "geometry": { "type": "Point", "coordinates": [ 139.6578393, 35.4210686 ] } },
{ "type": "Feature", "properties": { "osm_id": "294046313", "highway": "traffic_signals" }, "geometry": { "type": "Point", "coordinates": [ 139.6565105, 35.4215003 ] } },
{ "type": "Feature", "properties": { "osm_id": "294083641", "highway": "traffic_signals" }, "geometry": { "type": "Point", "coordinates": [ 139.665994800000021, 35.4250366 ] } },
{ "type": "Feature", "properties": { "osm_id": "294083661", "highway": "traffic_signals" }, "geometry": { "type": "Point", "coordinates": [ 139.6636794, 35.4292285 ] } },
{ "type": "Feature", "properties": { "osm_id": "294083663", "highway": "traffic_signals" }, "geometry": { "type": "Point", "coordinates": [ 139.666051400000015, 35.4235456 ] } },
{ "type": "Feature", "properties": { "osm_id": "294083665", "highway": "traffic_signals" }, "geometry": { "type": "Point", "coordinates": [ 139.6661052, 35.4250337 ] } },
{ "type": "Feature", "properties": { "osm_id": "294083699", "highway": "traffic_signals" }, "geometry": { "type": "Point", "coordinates": [ 139.665483600000016, 35.4276697 ] } },
{ "type": "Feature", "properties": { "osm_id": "294083700", "highway": "traffic_signals" }, "geometry": { "type": "Point", "coordinates": [ 139.665557, 35.4277176 ] } },
{ "type": "Feature", "properties": { "osm_id": "294083741", "highway": "traffic_signals" }, "geometry": { "type": "Point", "coordinates": [ 139.6660938, 35.4258068 ] } },
{ "type": "Feature", "properties": { "osm_id": "294087202", "highway": "traffic_signals" }, "geometry": { "type": "Point", "coordinates": [ 139.653924, 35.4437029 ] } },
{ "type": "Feature", "properties": { "osm_id": "294087214", "highway": "traffic_signals" }, "geometry": { "type": "Point", "coordinates": [ 139.6530856, 35.4431053 ] } },
{ "type": "Feature", "properties": { "osm_id": "294087216", "highway": "traffic_signals" }, "geometry": { "type": "Point", "coordinates": [ 139.6507995, 35.4421876 ] } },
{ "type": "Feature", "properties": { "osm_id": "294087232", "highway": "traffic_signals" }, "geometry": { "type": "Point", "coordinates": [ 139.6449107, 35.4395906 ] } },
{ "type": "Feature", "properties": { "osm_id": "294089208", "highway": "traffic_signals" }, "geometry": { "type": "Point", "coordinates": [ 139.6424541, 35.4343393 ] } },
{ "type": "Feature", "properties": { "osm_id": "294089303", "highway": "traffic_signals" }, "geometry": { "type": "Point", "coordinates": [ 139.641765, 35.4375325 ] } },
{ "type": "Feature", "properties": { "osm_id": "294089305", "highway": "traffic_signals" }, "geometry": { "type": "Point", "coordinates": [ 139.641863700000016, 35.4378583 ] } },
{ "type": "Feature", "properties": { "osm_id": "294089331", "highway": "traffic_signals" }, "geometry": { "type": "Point", "coordinates": [ 139.6378814, 35.43652 ] } },
{ "type": "Feature", "properties": { "osm_id": "294089339", "highway": "traffic_signals" }, "geometry": { "type": "Point", "coordinates": [ 139.653980500000017, 35.4324002 ] } },
{ "type": "Feature", "properties": { "osm_id": "294089342", "highway": "traffic_signals" }, "geometry": { "type": "Point", "coordinates": [ 139.655786800000016, 35.4322228 ] } },
{ "type": "Feature", "properties": { "osm_id": "294089347", "highway": "traffic_signals" }, "geometry": { "type": "Point", "coordinates": [ 139.6518098, 35.4323062 ] } },
{ "type": "Feature", "properties": { "osm_id": "304559456", "highway": "traffic_signals" }, "geometry": { "type": "Point", "coordinates": [ 139.6502982, 35.4448671 ] } },
{ "type": "Feature", "properties": { "osm_id": "304562837", "highway": "traffic_signals" }, "geometry": { "type": "Point", "coordinates": [ 139.6480678, 35.4441559 ] } },
{ "type": "Feature", "properties": { "osm_id": "304562838", "highway": "traffic_signals" }, "geometry": { "type": "Point", "coordinates": [ 139.648000600000017, 35.4441049 ] } },
{ "type": "Feature", "properties": { "osm_id": "304562862", "highway": "traffic_signals" }, "geometry": { "type": "Point", "coordinates": [ 139.648288800000017, 35.4412372 ] } },
{ "type": "Feature", "properties": { "osm_id": "311952939", "highway": "traffic_signals" }, "geometry": { "type": "Point", "coordinates": [ 139.645076, 35.4358388 ] } },
{ "type": "Feature", "properties": { "osm_id": "311953079", "highway": "traffic_signals" }, "geometry": { "type": "Point", "coordinates": [ 139.6463254, 35.4343845 ] } },
{ "type": "Feature", "properties": { "osm_id": "312107409", "highway": "traffic_signals" }, "geometry": { "type": "Point", "coordinates": [ 139.6500408, 35.4323082 ] } },
{ "type": "Feature", "properties": { "osm_id": "312107410", "highway": "traffic_signals" }, "geometry": { "type": "Point", "coordinates": [ 139.6494523, 35.4324865 ] } },
{ "type": "Feature", "properties": { "osm_id": "312107412", "highway": "traffic_signals" }, "geometry": { "type": "Point", "coordinates": [ 139.6458184, 35.4277733 ] } },
{ "type": "Feature", "properties": { "osm_id": "312109165", "highway": "traffic_signals" }, "geometry": { "type": "Point", "coordinates": [ 139.6372135, 35.4394875 ] } },
{ "type": "Feature", "properties": { "osm_id": "312109166", "highway": "traffic_signals" }, "geometry": { "type": "Point", "coordinates": [ 139.6355015, 35.4410603 ] } },
{ "type": "Feature", "properties": { "osm_id": "312109168", "highway": "traffic_signals" }, "geometry": { "type": "Point", "coordinates": [ 139.634242100000023, 35.4422058 ] } },
{ "type": "Feature", "properties": { "osm_id": "312109196", "highway": "traffic_signals" }, "geometry": { "type": "Point", "coordinates": [ 139.62939350000002, 35.4440463 ] } },
{ "type": "Feature", "properties": { "osm_id": "312109255", "highway": "traffic_signals" }, "geometry": { "type": "Point", "coordinates": [ 139.6571657, 35.4328251 ] } },
{ "type": "Feature", "properties": { "osm_id": "312109259", "highway": "traffic_signals" }, "geometry": { "type": "Point", "coordinates": [ 139.657753, 35.433911 ] } },
{ "type": "Feature", "properties": { "osm_id": "312161736", "highway": "traffic_signals" }, "geometry": { "type": "Point", "coordinates": [ 139.66545, 35.4226234 ] } },
{ "type": "Feature", "properties": { "osm_id": "312161761", "highway": "traffic_signals" }, "geometry": { "type": "Point", "coordinates": [ 139.66735060000002, 35.4221527 ] } },
{ "type": "Feature", "properties": { "osm_id": "312161967", "highway": "traffic_signals" }, "geometry": { "type": "Point", "coordinates": [ 139.6515746, 35.4194654 ] } },
{ "type": "Feature", "properties": { "osm_id": "312161973", "highway": "traffic_signals" }, "geometry": { "type": "Point", "coordinates": [ 139.6558794, 35.4207515 ] } },
{ "type": "Feature", "properties": { "osm_id": "312161974", "highway": "traffic_signals" }, "geometry": { "type": "Point", "coordinates": [ 139.656668200000013, 35.4208997 ] } },
{ "type": "Feature", "properties": { "osm_id": "312161975", "highway": "traffic_signals" }, "geometry": { "type": "Point", "coordinates": [ 139.6578178, 35.4211378 ] } },
{ "type": "Feature", "properties": { "osm_id": "312161977", "highway": "traffic_signals" }, "geometry": { "type": "Point", "coordinates": [ 139.6600072, 35.421528 ] } },
{ "type": "Feature", "properties": { "osm_id": "312161978", "highway": "traffic_signals" }, "geometry": { "type": "Point", "coordinates": [ 139.66074260000002, 35.4216578 ] } },
{ "type": "Feature", "properties": { "osm_id": "312161981", "highway": "traffic_signals" }, "geometry": { "type": "Point", "coordinates": [ 139.6648099, 35.4223972 ] } },
{ "type": "Feature", "properties": { "osm_id": "312161985", "highway": "traffic_signals" }, "geometry": { "type": "Point", "coordinates": [ 139.6653766, 35.4226837 ] } },
{ "type": "Feature", "properties": { "osm_id": "312161993", "highway": "traffic_signals" }, "geometry": { "type": "Point", "coordinates": [ 139.66596370000002, 35.4235454 ] } },
{ "type": "Feature", "properties": { "osm_id": "312167135", "highway": "traffic_signals" }, "geometry": { "type": "Point", "coordinates": [ 139.6602392, 35.4376677 ] } },
{ "type": "Feature", "properties": { "osm_id": "312167139", "highway": "traffic_signals" }, "geometry": { "type": "Point", "coordinates": [ 139.661854700000021, 35.4363247 ] } },
{ "type": "Feature", "properties": { "osm_id": "312167171", "highway": "traffic_signals" }, "geometry": { "type": "Point", "coordinates": [ 139.6426457, 35.4428519 ] } },
{ "type": "Feature", "properties": { "osm_id": "312167172", "highway": "traffic_signals" }, "geometry": { "type": "Point", "coordinates": [ 139.643160600000016, 35.4435081 ] } },
{ "type": "Feature", "properties": { "osm_id": "312167173", "highway": "traffic_signals" }, "geometry": { "type": "Point", "coordinates": [ 139.642333400000012, 35.4410009 ] } },
{ "type": "Feature", "properties": { "osm_id": "312167349", "highway": "traffic_signals" }, "geometry": { "type": "Point", "coordinates": [ 139.644539, 35.4456925 ] } },
{ "type": "Feature", "properties": { "osm_id": "312167350", "highway": "traffic_signals" }, "geometry": { "type": "Point", "coordinates": [ 139.644584400000014, 35.4457484 ] } },
{ "type": "Feature", "properties": { "osm_id": "312167373", "highway": "traffic_signals" }, "geometry": { "type": "Point", "coordinates": [ 139.6348213, 35.4391959 ] } },
{ "type": "Feature", "properties": { "osm_id": "312167405", "highway": "traffic_signals" }, "geometry": { "type": "Point", "coordinates": [ 139.636667400000022, 35.4417703 ] } },
{ "type": "Feature", "properties": { "osm_id": "312167412", "highway": "traffic_signals" }, "geometry": { "type": "Point", "coordinates": [ 139.638326400000011, 35.4402573 ] } },
{ "type": "Feature", "properties": { "osm_id": "312167476", "highway": "traffic_signals" }, "geometry": { "type": "Point", "coordinates": [ 139.631502400000016, 35.4406677 ] } },
{ "type": "Feature", "properties": { "osm_id": "312167480", "highway": "traffic_signals" }, "geometry": { "type": "Point", "coordinates": [ 139.6324203, 35.439379 ] } },
{ "type": "Feature", "properties": { "osm_id": "312167481", "highway": "traffic_signals" }, "geometry": { "type": "Point", "coordinates": [ 139.6337614, 35.4374972 ] } },
{ "type": "Feature", "properties": { "osm_id": "312167489", "highway": "traffic_signals" }, "geometry": { "type": "Point", "coordinates": [ 139.633196100000021, 35.4383037 ] } },
{ "type": "Feature", "properties": { "osm_id": "312167504", "highway": "traffic_signals" }, "geometry": { "type": "Point", "coordinates": [ 139.632277400000021, 35.4488263 ] } },
{ "type": "Feature", "properties": { "osm_id": "312167507", "highway": "traffic_signals" }, "geometry": { "type": "Point", "coordinates": [ 139.6318386, 35.4484343 ] } },
{ "type": "Feature", "properties": { "osm_id": "312167512", "highway": "traffic_signals" }, "geometry": { "type": "Point", "coordinates": [ 139.6308898, 35.4470666 ] } },
{ "type": "Feature", "properties": { "osm_id": "312167527", "highway": "traffic_signals" }, "geometry": { "type": "Point", "coordinates": [ 139.6270816, 35.4387138 ] } },
{ "type": "Feature", "properties": { "osm_id": "313666109", "highway": "traffic_signals" }, "geometry": { "type": "Point", "coordinates": [ 139.624400400000013, 35.4385944 ] } },
{ "type": "Feature", "properties": { "osm_id": "313666112", "highway": "traffic_signals" }, "geometry": { "type": "Point", "coordinates": [ 139.6253398, 35.4385401 ] } },
{ "type": "Feature", "properties": { "osm_id": "313666123", "highway": "traffic_signals" }, "geometry": { "type": "Point", "coordinates": [ 139.634046800000021, 35.4453179 ] } },
{ "type": "Feature", "properties": { "osm_id": "313666134", "highway": "traffic_signals" }, "geometry": { "type": "Point", "coordinates": [ 139.632204800000011, 35.447527 ] } },
{ "type": "Feature", "properties": { "osm_id": "313666137", "highway": "traffic_signals" }, "geometry": { "type": "Point", "coordinates": [ 139.63175050000001, 35.4483496 ] } },
{ "type": "Feature", "properties": { "osm_id": "602265582", "highway": "traffic_signals" }, "geometry": { "type": "Point", "coordinates": [ 139.653831700000012, 35.4428328 ] } },
{ "type": "Feature", "properties": { "osm_id": "603052298", "highway": "traffic_signals" }, "geometry": { "type": "Point", "coordinates": [ 139.6546036, 35.4384669 ] } },
{ "type": "Feature", "properties": { "osm_id": "603372500", "highway": "traffic_signals" }, "geometry": { "type": "Point", "coordinates": [ 139.657625200000012, 35.4398581 ] } },
{ "type": "Feature", "properties": { "osm_id": "605280038", "highway": "traffic_signals" }, "geometry": { "type": "Point", "coordinates": [ 139.6515506, 35.4440489 ] } },
{ "type": "Feature", "properties": { "osm_id": "605283312", "highway": "traffic_signals" }, "geometry": { "type": "Point", "coordinates": [ 139.649394, 35.4453886 ] } },
{ "type": "Feature", "properties": { "osm_id": "660643551", "highway": "traffic_signals" }, "geometry": { "type": "Point", "coordinates": [ 139.652652900000021, 35.4323441 ] } },
{ "type": "Feature", "properties": { "osm_id": "660643621", "highway": "traffic_signals" }, "geometry": { "type": "Point", "coordinates": [ 139.6533187, 35.4323644 ] } },
{ "type": "Feature", "properties": { "osm_id": "660643640", "highway": "traffic_signals" }, "geometry": { "type": "Point", "coordinates": [ 139.655074500000012, 35.4323896 ] } },
{ "type": "Feature", "properties": { "osm_id": "660643745", "highway": "traffic_signals" }, "geometry": { "type": "Point", "coordinates": [ 139.651062600000017, 35.4372709 ] } },
{ "type": "Feature", "properties": { "osm_id": "661022901", "highway": "traffic_signals" }, "geometry": { "type": "Point", "coordinates": [ 139.6584417, 35.4354014 ] } },
{ "type": "Feature", "properties": { "osm_id": "676440653", "highway": "traffic_signals" }, "geometry": { "type": "Point", "coordinates": [ 139.6656934, 35.4365083 ] } },
{ "type": "Feature", "properties": { "osm_id": "676440655", "highway": "traffic_signals" }, "geometry": { "type": "Point", "coordinates": [ 139.665739200000019, 35.4366379 ] } },
{ "type": "Feature", "properties": { "osm_id": "924058382", "highway": "traffic_signals" }, "geometry": { "type": "Point", "coordinates": [ 139.6349467, 35.4509117 ] } },
{ "type": "Feature", "properties": { "osm_id": "940175356", "highway": "traffic_signals" }, "geometry": { "type": "Point", "coordinates": [ 139.629766900000021, 35.451007 ] } },
{ "type": "Feature", "properties": { "osm_id": "940953370", "highway": "traffic_signals" }, "geometry": { "type": "Point", "coordinates": [ 139.6282218, 35.4450907 ] } },
{ "type": "Feature", "properties": { "osm_id": "940953373", "highway": "traffic_signals" }, "geometry": { "type": "Point", "coordinates": [ 139.6324635, 35.4477036 ] } },
{ "type": "Feature", "properties": { "osm_id": "941384122", "highway": "traffic_signals" }, "geometry": { "type": "Point", "coordinates": [ 139.6284876, 35.4448497 ] } },
{ "type": "Feature", "properties": { "osm_id": "982244229", "highway": "traffic_signals" }, "geometry": { "type": "Point", "coordinates": [ 139.629045100000013, 35.4396027 ] } },
{ "type": "Feature", "properties": { "osm_id": "982244237", "highway": "traffic_signals" }, "geometry": { "type": "Point", "coordinates": [ 139.6284948, 35.4403419 ] } },
{ "type": "Feature", "properties": { "osm_id": "1006290858", "highway": "traffic_signals" }, "geometry": { "type": "Point", "coordinates": [ 139.646973, 35.4446249 ] } },
{ "type": "Feature", "properties": { "osm_id": "1006397706", "highway": "traffic_signals" }, "geometry": { "type": "Point", "coordinates": [ 139.6470036, 35.4446843 ] } },
{ "type": "Feature", "properties": { "osm_id": "1006397719", "highway": "traffic_signals" }, "geometry": { "type": "Point", "coordinates": [ 139.6453119, 35.4453926 ] } },
{ "type": "Feature", "properties": { "osm_id": "1006397729", "highway": "traffic_signals" }, "geometry": { "type": "Point", "coordinates": [ 139.6478621, 35.4462968 ] } },
{ "type": "Feature", "properties": { "osm_id": "1006397736", "highway": "traffic_signals" }, "geometry": { "type": "Point", "coordinates": [ 139.646496, 35.4470927 ] } },
{ "type": "Feature", "properties": { "osm_id": "1026428966", "highway": "traffic_signals" }, "geometry": { "type": "Point", "coordinates": [ 139.6438757, 35.4403266 ] } },
{ "type": "Feature", "properties": { "osm_id": "1026428969", "highway": "traffic_signals" }, "geometry": { "type": "Point", "coordinates": [ 139.64527750000002, 35.4453271 ] } },
{ "type": "Feature", "properties": { "osm_id": "1026428976", "highway": "traffic_signals" }, "geometry": { "type": "Point", "coordinates": [ 139.643905900000021, 35.4444609 ] } },
{ "type": "Feature", "properties": { "osm_id": "1029485981", "highway": "traffic_signals" }, "geometry": { "type": "Point", "coordinates": [ 139.674108, 35.4296787 ] } },
{ "type": "Feature", "properties": { "osm_id": "1029526200", "highway": "traffic_signals" }, "geometry": { "type": "Point", "coordinates": [ 139.673315200000019, 35.4302362 ] } },
{ "type": "Feature", "properties": { "osm_id": "1029535363", "highway": "traffic_signals" }, "geometry": { "type": "Point", "coordinates": [ 139.678212800000011, 35.4282431 ] } },
{ "type": "Feature", "properties": { "osm_id": "1029535429", "highway": "traffic_signals" }, "geometry": { "type": "Point", "coordinates": [ 139.678131300000018, 35.428279 ] } },
{ "type": "Feature", "properties": { "osm_id": "1082002441", "highway": "traffic_signals" }, "geometry": { "type": "Point", "coordinates": [ 139.6353254, 35.4429913 ] } },
{ "type": "Feature", "properties": { "osm_id": "1082002442", "highway": "traffic_signals" }, "geometry": { "type": "Point", "coordinates": [ 139.632891200000017, 35.4434244 ] } },
{ "type": "Feature", "properties": { "osm_id": "1082002443", "highway": "traffic_signals" }, "geometry": { "type": "Point", "coordinates": [ 139.6339773, 35.4442135 ] } },
{ "type": "Feature", "properties": { "osm_id": "1082002453", "highway": "traffic_signals" }, "geometry": { "type": "Point", "coordinates": [ 139.6357006, 35.4426687 ] } },
{ "type": "Feature", "properties": { "osm_id": "1082010269", "highway": "traffic_signals" }, "geometry": { "type": "Point", "coordinates": [ 139.63071290000002, 35.4429093 ] } },
{ "type": "Feature", "properties": { "osm_id": "1082010272", "highway": "traffic_signals" }, "geometry": { "type": "Point", "coordinates": [ 139.6288285, 35.444545 ] } },
{ "type": "Feature", "properties": { "osm_id": "1082014171", "highway": "traffic_signals" }, "geometry": { "type": "Point", "coordinates": [ 139.6320527, 35.4427632 ] } },
{ "type": "Feature", "properties": { "osm_id": "1096235814", "highway": "traffic_signals" }, "geometry": { "type": "Point", "coordinates": [ 139.637057700000014, 35.4372119 ] } },
{ "type": "Feature", "properties": { "osm_id": "1096235818", "highway": "traffic_signals" }, "geometry": { "type": "Point", "coordinates": [ 139.6345575, 35.4404727 ] } },
{ "type": "Feature", "properties": { "osm_id": "1096235894", "highway": "traffic_signals" }, "geometry": { "type": "Point", "coordinates": [ 139.630722500000019, 35.4417888 ] } },
{ "type": "Feature", "properties": { "osm_id": "1096235911", "highway": "traffic_signals" }, "geometry": { "type": "Point", "coordinates": [ 139.6366051, 35.4376169 ] } },
{ "type": "Feature", "properties": { "osm_id": "1096235961", "highway": "traffic_signals" }, "geometry": { "type": "Point", "coordinates": [ 139.640030200000012, 35.4400136 ] } },
{ "type": "Feature", "properties": { "osm_id": "1096236010", "highway": "traffic_signals" }, "geometry": { "type": "Point", "coordinates": [ 139.640871, 35.4391756 ] } },
{ "type": "Feature", "properties": { "osm_id": "1096236030", "highway": "traffic_signals" }, "geometry": { "type": "Point", "coordinates": [ 139.6420659, 35.4400844 ] } },
{ "type": "Feature", "properties": { "osm_id": "1096280539", "highway": "traffic_signals" }, "geometry": { "type": "Point", "coordinates": [ 139.6256774, 35.4408339 ] } },
{ "type": "Feature", "properties": { "osm_id": "1096280544", "highway": "traffic_signals" }, "geometry": { "type": "Point", "coordinates": [ 139.6293296, 35.4408859 ] } },
{ "type": "Feature", "properties": { "osm_id": "1096280545", "highway": "traffic_signals" }, "geometry": { "type": "Point", "coordinates": [ 139.6276291, 35.4397802 ] } },
{ "type": "Feature", "properties": { "osm_id": "1096280607", "highway": "traffic_signals" }, "geometry": { "type": "Point", "coordinates": [ 139.6281784, 35.4430472 ] } },
{ "type": "Feature", "properties": { "osm_id": "1096280681", "highway": "traffic_signals" }, "geometry": { "type": "Point", "coordinates": [ 139.624018, 35.439137 ] } },
{ "type": "Feature", "properties": { "osm_id": "1096280685", "highway": "traffic_signals" }, "geometry": { "type": "Point", "coordinates": [ 139.628885, 35.4405963 ] } },
{ "type": "Feature", "properties": { "osm_id": "1096313198", "highway": "traffic_signals" }, "geometry": { "type": "Point", "coordinates": [ 139.631745500000022, 35.4383959 ] } },
{ "type": "Feature", "properties": { "osm_id": "1099628936", "highway": "traffic_signals" }, "geometry": { "type": "Point", "coordinates": [ 139.6299424, 35.4495363 ] } },
{ "type": "Feature", "properties": { "osm_id": "1099629046", "highway": "traffic_signals" }, "geometry": { "type": "Point", "coordinates": [ 139.629667, 35.4509639 ] } },
{ "type": "Feature", "properties": { "osm_id": "1099718047", "highway": "traffic_signals" }, "geometry": { "type": "Point", "coordinates": [ 139.6592148, 35.4309469 ] } },
{ "type": "Feature", "properties": { "osm_id": "1101714178", "highway": "traffic_signals" }, "geometry": { "type": "Point", "coordinates": [ 139.629351900000017, 35.4486615 ] } },
{ "type": "Feature", "properties": { "osm_id": "1101876482", "highway": "traffic_signals" }, "geometry": { "type": "Point", "coordinates": [ 139.6240649, 35.4411499 ] } },
{ "type": "Feature", "properties": { "osm_id": "1101876537", "highway": "traffic_signals" }, "geometry": { "type": "Point", "coordinates": [ 139.6248094, 35.4417262 ] } },
{ "type": "Feature", "properties": { "osm_id": "1101915186", "highway": "traffic_signals" }, "geometry": { "type": "Point", "coordinates": [ 139.633450400000015, 35.4438291 ] } },
{ "type": "Feature", "properties": { "osm_id": "1103347917", "highway": "traffic_signals" }, "geometry": { "type": "Point", "coordinates": [ 139.6582908, 35.4313036 ] } },
{ "type": "Feature", "properties": { "osm_id": "1103347918", "highway": "traffic_signals" }, "geometry": { "type": "Point", "coordinates": [ 139.661574200000018, 35.4300736 ] } },
{ "type": "Feature", "properties": { "osm_id": "1103347931", "highway": "traffic_signals" }, "geometry": { "type": "Point", "coordinates": [ 139.6626238, 35.4296499 ] } },
{ "type": "Feature", "properties": { "osm_id": "1103347940", "highway": "traffic_signals" }, "geometry": { "type": "Point", "coordinates": [ 139.6605251, 35.4304613 ] } },
{ "type": "Feature", "properties": { "osm_id": "1104186982", "highway": "traffic_signals" }, "geometry": { "type": "Point", "coordinates": [ 139.662892, 35.4324206 ] } },
{ "type": "Feature", "properties": { "osm_id": "1104336465", "highway": "traffic_signals" }, "geometry": { "type": "Point", "coordinates": [ 139.6728946, 35.4274521 ] } },
{ "type": "Feature", "properties": { "osm_id": "1105782628", "highway": "traffic_signals" }, "geometry": { "type": "Point", "coordinates": [ 139.6474503, 35.4334866 ] } },
{ "type": "Feature", "properties": { "osm_id": "1105890060", "highway": "traffic_signals" }, "geometry": { "type": "Point", "coordinates": [ 139.6421148, 35.4342027 ] } },
{ "type": "Feature", "properties": { "osm_id": "1106060348", "highway": "traffic_signals" }, "geometry": { "type": "Point", "coordinates": [ 139.6362469, 35.4364874 ] } },
{ "type": "Feature", "properties": { "osm_id": "1106166689", "highway": "traffic_signals" }, "geometry": { "type": "Point", "coordinates": [ 139.6659888, 35.4258065 ] } },
{ "type": "Feature", "properties": { "osm_id": "1108942894", "highway": "traffic_signals" }, "geometry": { "type": "Point", "coordinates": [ 139.6630341, 35.4127015 ] } },
{ "type": "Feature", "properties": { "osm_id": "1111284761", "highway": "traffic_signals" }, "geometry": { "type": "Point", "coordinates": [ 139.6371819, 35.4202083 ] } },
{ "type": "Feature", "properties": { "osm_id": "1112895923", "highway": "traffic_signals" }, "geometry": { "type": "Point", "coordinates": [ 139.651162200000016, 35.4181118 ] } },
{ "type": "Feature", "properties": { "osm_id": "1112966230", "highway": "traffic_signals" }, "geometry": { "type": "Point", "coordinates": [ 139.63982630000001, 35.4267387 ] } },
{ "type": "Feature", "properties": { "osm_id": "1112966281", "highway": "traffic_signals" }, "geometry": { "type": "Point", "coordinates": [ 139.6389748, 35.4279044 ] } },
{ "type": "Feature", "properties": { "osm_id": "1114809629", "highway": "traffic_signals" }, "geometry": { "type": "Point", "coordinates": [ 139.638036200000016, 35.4292653 ] } },
{ "type": "Feature", "properties": { "osm_id": "1271556158", "highway": "traffic_signals" }, "geometry": { "type": "Point", "coordinates": [ 139.6310363, 35.4502651 ] } },
{ "type": "Feature", "properties": { "osm_id": "1271556170", "highway": "traffic_signals" }, "geometry": { "type": "Point", "coordinates": [ 139.62922260000002, 35.4525318 ] } },
{ "type": "Feature", "properties": { "osm_id": "1271556182", "highway": "traffic_signals" }, "geometry": { "type": "Point", "coordinates": [ 139.633025800000013, 35.4482747 ] } },
{ "type": "Feature", "properties": { "osm_id": "1271556207", "highway": "traffic_signals" }, "geometry": { "type": "Point", "coordinates": [ 139.635052, 35.4462775 ] } },
{ "type": "Feature", "properties": { "osm_id": "1271556212", "highway": "traffic_signals" }, "geometry": { "type": "Point", "coordinates": [ 139.633803600000022, 35.4473806 ] } },
{ "type": "Feature", "properties": { "osm_id": "1271608929", "highway": "traffic_signals" }, "geometry": { "type": "Point", "coordinates": [ 139.633822800000019, 35.4498168 ] } },
{ "type": "Feature", "properties": { "osm_id": "1271719747", "highway": "traffic_signals" }, "geometry": { "type": "Point", "coordinates": [ 139.642038500000012, 35.4400648 ] } },
{ "type": "Feature", "properties": { "osm_id": "1906492049", "highway": "traffic_signals" }, "geometry": { "type": "Point", "coordinates": [ 139.634669200000019, 35.4446304 ] } },
{ "type": "Feature", "properties": { "osm_id": "1906492052", "highway": "traffic_signals" }, "geometry": { "type": "Point", "coordinates": [ 139.6314917, 35.4421976 ] } },
{ "type": "Feature", "properties": { "osm_id": "1906492054", "highway": "traffic_signals" }, "geometry": { "type": "Point", "coordinates": [ 139.6293751, 35.4408164 ] } },
{ "type": "Feature", "properties": { "osm_id": "1906492055", "highway": "traffic_signals" }, "geometry": { "type": "Point", "coordinates": [ 139.62680880000002, 35.4391538 ] } },
{ "type": "Feature", "properties": { "osm_id": "1906492056", "highway": "traffic_signals" }, "geometry": { "type": "Point", "coordinates": [ 139.634039700000017, 35.4441565 ] } },
{ "type": "Feature", "properties": { "osm_id": "1906492057", "highway": "traffic_signals" }, "geometry": { "type": "Point", "coordinates": [ 139.625384, 35.4384824 ] } },
{ "type": "Feature", "properties": { "osm_id": "1906492058", "highway": "traffic_signals" }, "geometry": { "type": "Point", "coordinates": [ 139.6335071, 35.4437761 ] } },
{ "type": "Feature", "properties": { "osm_id": "1906492062", "highway": "traffic_signals" }, "geometry": { "type": "Point", "coordinates": [ 139.624694, 35.4381671 ] } },
{ "type": "Feature", "properties": { "osm_id": "1906492065", "highway": "traffic_signals" }, "geometry": { "type": "Point", "coordinates": [ 139.634903, 35.4448064 ] } },
{ "type": "Feature", "properties": { "osm_id": "1906492066", "highway": "traffic_signals" }, "geometry": { "type": "Point", "coordinates": [ 139.6289294, 35.4405342 ] } },
{ "type": "Feature", "properties": { "osm_id": "1906492068", "highway": "traffic_signals" }, "geometry": { "type": "Point", "coordinates": [ 139.6352138, 35.4450583 ] } },
{ "type": "Feature", "properties": { "osm_id": "1906492069", "highway": "traffic_signals" }, "geometry": { "type": "Point", "coordinates": [ 139.6276694, 35.4397181 ] } },
{ "type": "Feature", "properties": { "osm_id": "1906492070", "highway": "traffic_signals" }, "geometry": { "type": "Point", "coordinates": [ 139.6329485, 35.4433734 ] } },
{ "type": "Feature", "properties": { "osm_id": "1906492072", "highway": "traffic_signals" }, "geometry": { "type": "Point", "coordinates": [ 139.626203300000014, 35.4388611 ] } },
{ "type": "Feature", "properties": { "osm_id": "1906492073", "highway": "traffic_signals" }, "geometry": { "type": "Point", "coordinates": [ 139.6321082, 35.4427139 ] } },
{ "type": "Feature", "properties": { "osm_id": "1906492074", "highway": "traffic_signals" }, "geometry": { "type": "Point", "coordinates": [ 139.635862, 35.4457489 ] } },
{ "type": "Feature", "properties": { "osm_id": "1906492075", "highway": "traffic_signals" }, "geometry": { "type": "Point", "coordinates": [ 139.6285406, 35.440265 ] } },
{ "type": "Feature", "properties": { "osm_id": "1906492076", "highway": "traffic_signals" }, "geometry": { "type": "Point", "coordinates": [ 139.635784, 35.4457938 ] } },
{ "type": "Feature", "properties": { "osm_id": "1906492077", "highway": "traffic_signals" }, "geometry": { "type": "Point", "coordinates": [ 139.635907700000018, 35.4458028 ] } },
{ "type": "Feature", "properties": { "osm_id": "1906492080", "highway": "traffic_signals" }, "geometry": { "type": "Point", "coordinates": [ 139.630773300000016, 35.4417185 ] } },
{ "type": "Feature", "properties": { "osm_id": "1906492081", "highway": "traffic_signals" }, "geometry": { "type": "Point", "coordinates": [ 139.62983890000001, 35.4411261 ] } },
{ "type": "Feature", "properties": { "osm_id": "1906492082", "highway": "traffic_signals" }, "geometry": { "type": "Point", "coordinates": [ 139.6237188, 35.4377234 ] } },
{ "type": "Feature", "properties": { "osm_id": "1906506700", "highway": "traffic_signals" }, "geometry": { "type": "Point", "coordinates": [ 139.6367893, 35.4453217 ] } },
{ "type": "Feature", "properties": { "osm_id": "1906506702", "highway": "traffic_signals" }, "geometry": { "type": "Point", "coordinates": [ 139.637860500000016, 35.4447203 ] } },
{ "type": "Feature", "properties": { "osm_id": "2075533037", "highway": "traffic_signals" }, "geometry": { "type": "Point", "coordinates": [ 139.6467519, 35.4362414 ] } },
{ "type": "Feature", "properties": { "osm_id": "2075594492", "highway": "traffic_signals" }, "geometry": { "type": "Point", "coordinates": [ 139.6567489, 35.4318758 ] } },
{ "type": "Feature", "properties": { "osm_id": "2140977385", "highway": "traffic_signals" }, "geometry": { "type": "Point", "coordinates": [ 139.6469514, 35.4339445 ] } },
{ "type": "Feature", "properties": { "osm_id": "2323169030", "highway": "traffic_signals" }, "geometry": { "type": "Point", "coordinates": [ 139.6390814, 35.4411421 ] } },
{ "type": "Feature", "properties": { "osm_id": "2326920513", "highway": "traffic_signals" }, "geometry": { "type": "Point", "coordinates": [ 139.6455067, 35.4388711 ] } },
{ "type": "Feature", "properties": { "osm_id": "2327881731", "highway": "traffic_signals" }, "geometry": { "type": "Point", "coordinates": [ 139.655923200000018, 35.4412712 ] } },
{ "type": "Feature", "properties": { "osm_id": "2328182552", "highway": "traffic_signals" }, "geometry": { "type": "Point", "coordinates": [ 139.6636752, 35.4377247 ] } },
{ "type": "Feature", "properties": { "osm_id": "2328182567", "highway": "traffic_signals" }, "geometry": { "type": "Point", "coordinates": [ 139.662028100000015, 35.4390872 ] } },
{ "type": "Feature", "properties": { "osm_id": "2328206216", "highway": "traffic_signals" }, "geometry": { "type": "Point", "coordinates": [ 139.646923900000019, 35.4405452 ] } },
{ "type": "Feature", "properties": { "osm_id": "2629529461", "highway": "traffic_signals" }, "geometry": { "type": "Point", "coordinates": [ 139.6689796, 35.4320181 ] } },
{ "type": "Feature", "properties": { "osm_id": "2629545993", "highway": "traffic_signals" }, "geometry": { "type": "Point", "coordinates": [ 139.67059230000001, 35.4313558 ] } },
{ "type": "Feature", "properties": { "osm_id": "2629546026", "highway": "traffic_signals" }, "geometry": { "type": "Point", "coordinates": [ 139.674230100000017, 35.4298492 ] } },
{ "type": "Feature", "properties": { "osm_id": "3076797310", "highway": "traffic_signals" }, "geometry": { "type": "Point", "coordinates": [ 139.6583698, 35.4135654 ] } },
{ "type": "Feature", "properties": { "osm_id": "3076797311", "highway": "traffic_signals" }, "geometry": { "type": "Point", "coordinates": [ 139.658195800000016, 35.4133867 ] } },
{ "type": "Feature", "properties": { "osm_id": "3076797330", "highway": "traffic_signals" }, "geometry": { "type": "Point", "coordinates": [ 139.6631185, 35.4124903 ] } },
{ "type": "Feature", "properties": { "osm_id": "3187939840", "highway": "traffic_signals" }, "geometry": { "type": "Point", "coordinates": [ 139.64312910000001, 35.4184783 ] } },
{ "type": "Feature", "properties": { "osm_id": "3187968061", "highway": "traffic_signals" }, "geometry": { "type": "Point", "coordinates": [ 139.663338, 35.4338523 ] } },
{ "type": "Feature", "properties": { "osm_id": "3187972266", "highway": "traffic_signals" }, "geometry": { "type": "Point", "coordinates": [ 139.654664100000019, 35.4423268 ] } },
{ "type": "Feature", "properties": { "osm_id": "3189540762", "highway": "traffic_signals" }, "geometry": { "type": "Point", "coordinates": [ 139.6632581, 35.4338167 ] } },
{ "type": "Feature", "properties": { "osm_id": "3245776134", "highway": "traffic_signals" }, "geometry": { "type": "Point", "coordinates": [ 139.642053300000015, 35.4479979 ] } },
{ "type": "Feature", "properties": { "osm_id": "3348944816", "highway": "traffic_signals" }, "geometry": { "type": "Point", "coordinates": [ 139.6240324, 35.4411872 ] } },
{ "type": "Feature", "properties": { "osm_id": "3348944817", "highway": "traffic_signals" }, "geometry": { "type": "Point", "coordinates": [ 139.6247635, 35.4417747 ] } },
{ "type": "Feature", "properties": { "osm_id": "3348944820", "highway": "traffic_signals" }, "geometry": { "type": "Point", "coordinates": [ 139.6255524, 35.4424208 ] } },
{ "type": "Feature", "properties": { "osm_id": "3348944826", "highway": "traffic_signals" }, "geometry": { "type": "Point", "coordinates": [ 139.6263582, 35.4438525 ] } },
{ "type": "Feature", "properties": { "osm_id": "3348944871", "highway": "traffic_signals" }, "geometry": { "type": "Point", "coordinates": [ 139.6398686, 35.4529365 ] } },
{ "type": "Feature", "properties": { "osm_id": "3348944872", "highway": "traffic_signals" }, "geometry": { "type": "Point", "coordinates": [ 139.6397747, 35.4529863 ] } },
{ "type": "Feature", "properties": { "osm_id": "3348944873", "highway": "traffic_signals" }, "geometry": { "type": "Point", "coordinates": [ 139.627462300000019, 35.4460394 ] } },
{ "type": "Feature", "properties": { "osm_id": "3393657658", "highway": "traffic_signals" }, "geometry": { "type": "Point", "coordinates": [ 139.6370637, 35.4429271 ] } },
{ "type": "Feature", "properties": { "osm_id": "3677672825", "highway": "traffic_signals" }, "geometry": { "type": "Point", "coordinates": [ 139.63233790000001, 35.4488995 ] } },
{ "type": "Feature", "properties": { "osm_id": "3791164909", "highway": "traffic_signals" }, "geometry": { "type": "Point", "coordinates": [ 139.626854, 35.4448284 ] } },
{ "type": "Feature", "properties": { "osm_id": "3913891045", "highway": "traffic_signals" }, "geometry": { "type": "Point", "coordinates": [ 139.6269781, 35.4481759 ] } },
{ "type": "Feature", "properties": { "osm_id": "4030888179", "highway": "traffic_signals" }, "geometry": { "type": "Point", "coordinates": [ 139.645566300000013, 35.4379811 ] } },
{ "type": "Feature", "properties": { "osm_id": "4043368116", "highway": "traffic_signals" }, "geometry": { "type": "Point", "coordinates": [ 139.6544594, 35.4204279 ] } },
{ "type": "Feature", "properties": { "osm_id": "4043368117", "highway": "traffic_signals" }, "geometry": { "type": "Point", "coordinates": [ 139.654448800000011, 35.4205013 ] } },
{ "type": "Feature", "properties": { "osm_id": "4043403317", "highway": "traffic_signals" }, "geometry": { "type": "Point", "coordinates": [ 139.6615554, 35.4217369 ] } },
{ "type": "Feature", "properties": { "osm_id": "4043403318", "highway": "traffic_signals" }, "geometry": { "type": "Point", "coordinates": [ 139.6615381, 35.4218021 ] } },
{ "type": "Feature", "properties": { "osm_id": "4091233842", "highway": "traffic_signals" }, "geometry": { "type": "Point", "coordinates": [ 139.6669345, 35.429348 ] } },
{ "type": "Feature", "properties": { "osm_id": "4091233843", "highway": "traffic_signals" }, "geometry": { "type": "Point", "coordinates": [ 139.6668501, 35.4294406 ] } },
{ "type": "Feature", "properties": { "osm_id": "4109992229", "highway": "traffic_signals" }, "geometry": { "type": "Point", "coordinates": [ 139.65964120000001, 35.4414747 ] } },
{ "type": "Feature", "properties": { "osm_id": "4148438442", "highway": "traffic_signals" }, "geometry": { "type": "Point", "coordinates": [ 139.6571514, 35.4327789 ] } },
{ "type": "Feature", "properties": { "osm_id": "4155635341", "highway": "traffic_signals" }, "geometry": { "type": "Point", "coordinates": [ 139.67074740000001, 35.425513 ] } },
{ "type": "Feature", "properties": { "osm_id": "4155635342", "highway": "traffic_signals" }, "geometry": { "type": "Point", "coordinates": [ 139.670944, 35.425502 ] } },
{ "type": "Feature", "properties": { "osm_id": "4155635343", "highway": "traffic_signals" }, "geometry": { "type": "Point", "coordinates": [ 139.670932100000016, 35.4253541 ] } },
{ "type": "Feature", "properties": { "osm_id": "4329708620", "highway": "traffic_signals" }, "geometry": { "type": "Point", "coordinates": [ 139.6494989, 35.4383124 ] } },
{ "type": "Feature", "properties": { "osm_id": "4336585584", "highway": "traffic_signals" }, "geometry": { "type": "Point", "coordinates": [ 139.671071900000015, 35.4311676 ] } },
{ "type": "Feature", "properties": { "osm_id": "4440096855", "highway": "traffic_signals" }, "geometry": { "type": "Point", "coordinates": [ 139.637801700000011, 35.4305941 ] } },
{ "type": "Feature", "properties": { "osm_id": "5202348464", "highway": "traffic_signals" }, "geometry": { "type": "Point", "coordinates": [ 139.6511169, 35.4180106 ] } },
{ "type": "Feature", "properties": { "osm_id": "6253620019", "highway": "traffic_signals" }, "geometry": { "type": "Point", "coordinates": [ 139.6389112, 35.4440478 ] } },
{ "type": "Feature", "properties": { "osm_id": "6449344816", "highway": "traffic_signals" }, "geometry": { "type": "Point", "coordinates": [ 139.660254, 35.4404928 ] } },
{ "type": "Feature", "properties": { "osm_id": "6449344818", "highway": "traffic_signals" }, "geometry": { "type": "Point", "coordinates": [ 139.668171200000018, 35.4343813 ] } },
{ "type": "Feature", "properties": { "osm_id": "6449344822", "highway": "traffic_signals" }, "geometry": { "type": "Point", "coordinates": [ 139.6680729, 35.4346123 ] } },
{ "type": "Feature", "properties": { "osm_id": "6562203215", "highway": "traffic_signals" }, "geometry": { "type": "Point", "coordinates": [ 139.6453826, 35.4390714 ] } },
{ "type": "Feature", "properties": { "osm_id": "7105141610", "highway": "traffic_signals" }, "geometry": { "type": "Point", "coordinates": [ 139.6711262, 35.4309715 ] } },
{ "type": "Feature", "properties": { "osm_id": "7105141611", "highway": "traffic_signals" }, "geometry": { "type": "Point", "coordinates": [ 139.67063760000002, 35.4311826 ] } },
{ "type": "Feature", "properties": { "osm_id": "7106478252", "highway": "traffic_signals" }, "geometry": { "type": "Point", "coordinates": [ 139.6383341, 35.4429096 ] } },
{ "type": "Feature", "properties": { "osm_id": "7659134780", "highway": "traffic_signals" }, "geometry": { "type": "Point", "coordinates": [ 139.6658405, 35.4365462 ] } },
{ "type": "Feature", "properties": { "osm_id": "7659185161", "highway": "traffic_signals" }, "geometry": { "type": "Point", "coordinates": [ 139.6667208, 35.4383973 ] } },
{ "type": "Feature", "properties": { "osm_id": "7659185162", "highway": "traffic_signals" }, "geometry": { "type": "Point", "coordinates": [ 139.666836500000016, 35.4383533 ] } },
{ "type": "Feature", "properties": { "osm_id": "8521153908", "highway": "traffic_signals" }, "geometry": { "type": "Point", "coordinates": [ 139.6348538, 35.4508077 ] } },
{ "type": "Feature", "properties": { "osm_id": "8868987228", "highway": "traffic_signals" }, "geometry": { "type": "Point", "coordinates": [ 139.6780301, 35.4281241 ] } },
{ "type": "Feature", "properties": { "osm_id": "8868987230", "highway": "traffic_signals" }, "geometry": { "type": "Point", "coordinates": [ 139.67812090000001, 35.4280939 ] } },
{ "type": "Feature", "properties": { "osm_id": "8868987231", "highway": "traffic_signals" }, "geometry": { "type": "Point", "coordinates": [ 139.673205100000018, 35.4300678 ] } },
{ "type": "Feature", "properties": { "osm_id": "8868987232", "highway": "traffic_signals" }, "geometry": { "type": "Point", "coordinates": [ 139.673043700000022, 35.4303511 ] } },
{ "type": "Feature", "properties": { "osm_id": "8868987233", "highway": "traffic_signals" }, "geometry": { "type": "Point", "coordinates": [ 139.6728339, 35.430228 ] } },
{ "type": "Feature", "properties": { "osm_id": "10958899269", "highway": "traffic_signals" }, "geometry": { "type": "Point", "coordinates": [ 139.64946, 35.4417238 ] } },
{ "type": "Feature", "properties": { "osm_id": "11255866004", "highway": "traffic_signals" }, "geometry": { "type": "Point", "coordinates": [ 139.6281903, 35.4469835 ] } },
{ "type": "Feature", "properties": { "osm_id": "11255866007", "highway": "traffic_signals" }, "geometry": { "type": "Point", "coordinates": [ 139.628775, 35.4478379 ] } },
{ "type": "Feature", "properties": { "osm_id": "11255866010", "highway": "traffic_signals" }, "geometry": { "type": "Point", "coordinates": [ 139.629260400000021, 35.4486575 ] } },
{ "type": "Feature", "properties": { "osm_id": "11255866013", "highway": "traffic_signals" }, "geometry": { "type": "Point", "coordinates": [ 139.6298774, 35.4495659 ] } },
{ "type": "Feature", "properties": { "osm_id": "11255866021", "highway": "traffic_signals" }, "geometry": { "type": "Point", "coordinates": [ 139.6304522, 35.449963 ] } },
{ "type": "Feature", "properties": { "osm_id": "11255866022", "highway": "traffic_signals" }, "geometry": { "type": "Point", "coordinates": [ 139.630554, 35.4500157 ] } },
{ "type": "Feature", "properties": { "osm_id": "11255866024", "highway": "traffic_signals" }, "geometry": { "type": "Point", "coordinates": [ 139.6309277, 35.4502089 ] } },
{ "type": "Feature", "properties": { "osm_id": "11255866025", "highway": "traffic_signals" }, "geometry": { "type": "Point", "coordinates": [ 139.6310848, 35.4502041 ] } },
{ "type": "Feature", "properties": { "osm_id": "11255910338", "highway": "traffic_signals" }, "geometry": { "type": "Point", "coordinates": [ 139.6320603, 35.4509302 ] } },
{ "type": "Feature", "properties": { "osm_id": "11255910339", "highway": "traffic_signals" }, "geometry": { "type": "Point", "coordinates": [ 139.6321101, 35.4509963 ] } },
{ "type": "Feature", "properties": { "osm_id": "11255910344", "highway": "traffic_signals" }, "geometry": { "type": "Point", "coordinates": [ 139.6325185, 35.452124 ] } },
{ "type": "Feature", "properties": { "osm_id": "11258487866", "highway": "traffic_signals" }, "geometry": { "type": "Point", "coordinates": [ 139.636200300000013, 35.4463178 ] } },
{ "type": "Feature", "properties": { "osm_id": "11258487874", "highway": "traffic_signals" }, "geometry": { "type": "Point", "coordinates": [ 139.6366586, 35.4467657 ] } },
{ "type": "Feature", "properties": { "osm_id": "11258487880", "highway": "traffic_signals" }, "geometry": { "type": "Point", "coordinates": [ 139.636976700000019, 35.4473389 ] } },
{ "type": "Feature", "properties": { "osm_id": "11258487882", "highway": "traffic_signals" }, "geometry": { "type": "Point", "coordinates": [ 139.63728260000002, 35.4477413 ] } },
{ "type": "Feature", "properties": { "osm_id": "11258487883", "highway": "traffic_signals" }, "geometry": { "type": "Point", "coordinates": [ 139.6375875, 35.4481425 ] } },
{ "type": "Feature", "properties": { "osm_id": "11258487887", "highway": "traffic_signals" }, "geometry": { "type": "Point", "coordinates": [ 139.6380131, 35.4485419 ] } },
{ "type": "Feature", "properties": { "osm_id": "11280502729", "highway": "traffic_signals" }, "geometry": { "type": "Point", "coordinates": [ 139.65079350000002, 35.4422647 ] } },
{ "type": "Feature", "properties": { "osm_id": "11280502730", "highway": "traffic_signals" }, "geometry": { "type": "Point", "coordinates": [ 139.650694900000019, 35.4422327 ] } },
{ "type": "Feature", "properties": { "osm_id": "12696044168", "highway": "traffic_signals" }, "geometry": { "type": "Point", "coordinates": [ 139.6536197, 35.4437649 ] } },
{ "type": "Feature", "properties": { "osm_id": "13121143850", "highway": "traffic_signals" }, "geometry": { "type": "Point", "coordinates": [ 139.653627600000021, 35.4169548 ] } },
{ "type": "Feature", "properties": { "osm_id": "13329998559", "highway": "traffic_signals" }, "geometry": { "type": "Point", "coordinates": [ 139.668795500000016, 35.4337851 ] } },
{ "type": "Feature", "properties": { "osm_id": "13873107963", "highway": "traffic_signals" }, "geometry": { "type": "Point", "coordinates": [ 139.6455402, 35.4387121 ] } },
{ "type": "Feature", "properties": { "osm_id": "13873107964", "highway": "traffic_signals" }, "geometry": { "type": "Point", "coordinates": [ 139.6455684, 35.4385599 ] } },
{ "type": "Feature", "properties": { "osm_id": "13873131990", "highway": "traffic_signals" }, "geometry": { "type": "Point", "coordinates": [ 139.64160990000002, 35.4383648 ] } },
{ "type": "Feature", "properties": { "osm_id": "13873131991", "highway": "traffic_signals" }, "geometry": { "type": "Point", "coordinates": [ 139.641835, 35.4380861 ] } },
{ "type": "Feature", "properties": { "osm_id": "13873131992", "highway": "traffic_signals" }, "geometry": { "type": "Point", "coordinates": [ 139.6419644, 35.4383102 ] } },
{ "type": "Feature", "properties": { "osm_id": "13873131993", "highway": "traffic_signals" }, "geometry": { "type": "Point", "coordinates": [ 139.6415283, 35.4382333 ] } },
{ "type": "Feature", "properties": { "osm_id": "13873213904", "highway": "traffic_signals" }, "geometry": { "type": "Point", "coordinates": [ 139.6456191, 35.4381315 ] } },
{ "type": "Feature", "properties": { "osm_id": "13921556547", "highway": "traffic_signals" }, "geometry": { "type": "Point", "coordinates": [ 139.638195700000011, 35.4428528 ] } },
{ "type": "Feature", "properties": { "osm_id": "13921556548", "highway": "traffic_signals" }, "geometry": { "type": "Point", "coordinates": [ 139.63799130000001, 35.442868 ] } },
{ "type": "Feature", "properties": { "osm_id": "13921556549", "highway": "traffic_signals" }, "geometry": { "type": "Point", "coordinates": [ 139.638238600000022, 35.4431662 ] } },
{ "type": "Feature", "properties": { "osm_id": "13921556554", "highway": "traffic_signals" }, "geometry": { "type": "Point", "coordinates": [ 139.6406728, 35.441906 ] } },
{ "type": "Feature", "properties": { "osm_id": "13921556555", "highway": "traffic_signals" }, "geometry": { "type": "Point", "coordinates": [ 139.640409700000021, 35.4418642 ] } },
{ "type": "Feature", "properties": { "osm_id": "13921556556", "highway": "traffic_signals" }, "geometry": { "type": "Point", "coordinates": [ 139.640319300000016, 35.4420739 ] } },
{ "type": "Feature", "properties": { "osm_id": "13921556558", "highway": "traffic_signals" }, "geometry": { "type": "Point", "coordinates": [ 139.640586500000012, 35.4421225 ] } },
{ "type": "Feature", "properties": { "osm_id": "13987499803", "highway": "traffic_signals" }, "geometry": { "type": "Point", "coordinates": [ 139.64089850000002, 35.4224281 ] } },
{ "type": "Feature", "properties": { "osm_id": "13987499828", "highway": "traffic_signals" }, "geometry": { "type": "Point", "coordinates": [ 139.641407500000014, 35.4247248 ] } },
{ "type": "Feature", "properties": { "osm_id": "13987499968", "highway": "traffic_signals" }, "geometry": { "type": "Point", "coordinates": [ 139.637304700000016, 35.4200808 ] } },
{ "type": "Feature", "properties": { "osm_id": "13987499969", "highway": "traffic_signals" }, "geometry": { "type": "Point", "coordinates": [ 139.637597200000016, 35.420283 ] } },
{ "type": "Feature", "properties": { "osm_id": "13987499974", "highway": "traffic_signals" }, "geometry": { "type": "Point", "coordinates": [ 139.638486600000022, 35.4205436 ] } },
{ "type": "Feature", "properties": { "osm_id": "13987499975", "highway": "traffic_signals" }, "geometry": { "type": "Point", "coordinates": [ 139.6386664, 35.4206125 ] } },
{ "type": "Feature", "properties": { "osm_id": "13988111325", "highway": "traffic_signals" }, "geometry": { "type": "Point", "coordinates": [ 139.6430152, 35.4184599 ] } },
{ "type": "Feature", "properties": { "osm_id": "13988111326", "highway": "traffic_signals" }, "geometry": { "type": "Point", "coordinates": [ 139.643227200000013, 35.418491 ] } },
{ "type": "Feature", "properties": { "osm_id": "231576443", "highway": "traffic_signals" }, "geometry": { "type": "Point", "coordinates": [ 139.6129047, 35.417934 ] } },
{ "type": "Feature", "properties": { "osm_id": "232053067", "highway": "traffic_signals" }, "geometry": { "type": "Point", "coordinates": [ 139.611831, 35.4077911 ] } },
{ "type": "Feature", "properties": { "osm_id": "232053152", "highway": "traffic_signals" }, "geometry": { "type": "Point", "coordinates": [ 139.6124364, 35.4062459 ] } },
{ "type": "Feature", "properties": { "osm_id": "232053184", "highway": "traffic_signals" }, "geometry": { "type": "Point", "coordinates": [ 139.6125581, 35.4055493 ] } },
{ "type": "Feature", "properties": { "osm_id": "232053645", "highway": "traffic_signals" }, "geometry": { "type": "Point", "coordinates": [ 139.6087733, 35.4011188 ] } },
{ "type": "Feature", "properties": { "osm_id": "232061428", "highway": "traffic_signals" }, "geometry": { "type": "Point", "coordinates": [ 139.6175216, 35.4173178 ] } },
{ "type": "Feature", "properties": { "osm_id": "253713272", "highway": "traffic_signals" }, "geometry": { "type": "Point", "coordinates": [ 139.6057232, 35.3821436 ] } },
{ "type": "Feature", "properties": { "osm_id": "253713276", "highway": "traffic_signals" }, "geometry": { "type": "Point", "coordinates": [ 139.610261300000019, 35.3755714 ] } },
{ "type": "Feature", "properties": { "osm_id": "253713285", "highway": "traffic_signals" }, "geometry": { "type": "Point", "coordinates": [ 139.606756600000011, 35.3617786 ] } },
{ "type": "Feature", "properties": { "osm_id": "283650120", "highway": "traffic_signals" }, "geometry": { "type": "Point", "coordinates": [ 139.6324932, 35.4163655 ] } },
{ "type": "Feature", "properties": { "osm_id": "283650330", "highway": "traffic_signals" }, "geometry": { "type": "Point", "coordinates": [ 139.622905300000014, 35.4118757 ] } },
{ "type": "Feature", "properties": { "osm_id": "283651041", "highway": "traffic_signals" }, "geometry": { "type": "Point", "coordinates": [ 139.6236288, 35.4207165 ] } },
{ "type": "Feature", "properties": { "osm_id": "283658086", "highway": "traffic_signals" }, "geometry": { "type": "Point", "coordinates": [ 139.626601, 35.4171839 ] } },
{ "type": "Feature", "properties": { "osm_id": "283658110", "highway": "traffic_signals" }, "geometry": { "type": "Point", "coordinates": [ 139.625045100000023, 35.4213158 ] } },
{ "type": "Feature", "properties": { "osm_id": "286276484", "highway": "traffic_signals" }, "geometry": { "type": "Point", "coordinates": [ 139.6270973, 35.4173233 ] } },
{ "type": "Feature", "properties": { "osm_id": "286276602", "highway": "traffic_signals" }, "geometry": { "type": "Point", "coordinates": [ 139.625138, 35.4222628 ] } },
{ "type": "Feature", "properties": { "osm_id": "286276931", "highway": "traffic_signals" }, "geometry": { "type": "Point", "coordinates": [ 139.6269509, 35.4149343 ] } },
{ "type": "Feature", "properties": { "osm_id": "286509006", "highway": "traffic_signals" }, "geometry": { "type": "Point", "coordinates": [ 139.622020100000015, 35.3790772 ] } },
{ "type": "Feature", "properties": { "osm_id": "286509013", "highway": "traffic_signals" }, "geometry": { "type": "Point", "coordinates": [ 139.6221999, 35.3814988 ] } },
{ "type": "Feature", "properties": { "osm_id": "286509082", "highway": "traffic_signals" }, "geometry": { "type": "Point", "coordinates": [ 139.614952500000015, 35.3912157 ] } },
{ "type": "Feature", "properties": { "osm_id": "286509121", "highway": "traffic_signals" }, "geometry": { "type": "Point", "coordinates": [ 139.61423480000002, 35.3952055 ] } },
{ "type": "Feature", "properties": { "osm_id": "286509123", "highway": "traffic_signals" }, "geometry": { "type": "Point", "coordinates": [ 139.614984600000014, 35.3952037 ] } },
{ "type": "Feature", "properties": { "osm_id": "286551571", "highway": "traffic_signals" }, "geometry": { "type": "Point", "coordinates": [ 139.6098579, 35.394958 ] } },
{ "type": "Feature", "properties": { "osm_id": "286641103", "highway": "traffic_signals" }, "geometry": { "type": "Point", "coordinates": [ 139.599488300000019, 35.3711765 ] } },
{ "type": "Feature", "properties": { "osm_id": "286641142", "highway": "traffic_signals" }, "geometry": { "type": "Point", "coordinates": [ 139.593755500000015, 35.381327 ] } },
{ "type": "Feature", "properties": { "osm_id": "286641169", "highway": "traffic_signals" }, "geometry": { "type": "Point", "coordinates": [ 139.5935909, 35.3760619 ] } },
{ "type": "Feature", "properties": { "osm_id": "286641191", "highway": "traffic_signals" }, "geometry": { "type": "Point", "coordinates": [ 139.5948989, 35.3821006 ] } },
{ "type": "Feature", "properties": { "osm_id": "286641200", "highway": "traffic_signals" }, "geometry": { "type": "Point", "coordinates": [ 139.597300600000011, 35.383684 ] } },
{ "type": "Feature", "properties": { "osm_id": "286641241", "highway": "traffic_signals" }, "geometry": { "type": "Point", "coordinates": [ 139.6004169, 35.3797447 ] } },
{ "type": "Feature", "properties": { "osm_id": "286641267", "highway": "traffic_signals" }, "geometry": { "type": "Point", "coordinates": [ 139.5923055, 35.3837372 ] } },
{ "type": "Feature", "properties": { "osm_id": "286641270", "highway": "traffic_signals" }, "geometry": { "type": "Point", "coordinates": [ 139.5916535, 35.3849988 ] } },
{ "type": "Feature", "properties": { "osm_id": "286641404", "highway": "traffic_signals" }, "geometry": { "type": "Point", "coordinates": [ 139.6037445, 35.375579 ] } },
{ "type": "Feature", "properties": { "osm_id": "286641428", "highway": "traffic_signals" }, "geometry": { "type": "Point", "coordinates": [ 139.609127200000017, 35.3771802 ] } },
{ "type": "Feature", "properties": { "osm_id": "286641452", "highway": "traffic_signals" }, "geometry": { "type": "Point", "coordinates": [ 139.603597800000017, 35.3931601 ] } },
{ "type": "Feature", "properties": { "osm_id": "286641568", "highway": "traffic_signals" }, "geometry": { "type": "Point", "coordinates": [ 139.6033856, 35.3933993 ] } },
{ "type": "Feature", "properties": { "osm_id": "286641722", "highway": "traffic_signals" }, "geometry": { "type": "Point", "coordinates": [ 139.615217600000022, 35.3926955 ] } },
{ "type": "Feature", "properties": { "osm_id": "286762635", "highway": "traffic_signals" }, "geometry": { "type": "Point", "coordinates": [ 139.6265128, 35.4106159 ] } },
{ "type": "Feature", "properties": { "osm_id": "286772443", "highway": "traffic_signals" }, "geometry": { "type": "Point", "coordinates": [ 139.60809230000001, 35.4009655 ] } },
{ "type": "Feature", "properties": { "osm_id": "286772517", "highway": "traffic_signals" }, "geometry": { "type": "Point", "coordinates": [ 139.6054852, 35.397604 ] } },
{ "type": "Feature", "properties": { "osm_id": "286772650", "highway": "traffic_signals" }, "geometry": { "type": "Point", "coordinates": [ 139.6042066, 35.3963159 ] } },
{ "type": "Feature", "properties": { "osm_id": "286776215", "highway": "traffic_signals" }, "geometry": { "type": "Point", "coordinates": [ 139.6070004, 35.4016364 ] } },
{ "type": "Feature", "properties": { "osm_id": "291942330", "highway": "traffic_signals" }, "geometry": { "type": "Point", "coordinates": [ 139.623656900000015, 35.4166392 ] } },
{ "type": "Feature", "properties": { "osm_id": "291942391", "highway": "traffic_signals" }, "geometry": { "type": "Point", "coordinates": [ 139.61503190000002, 35.3967217 ] } },
{ "type": "Feature", "properties": { "osm_id": "291942406", "highway": "traffic_signals" }, "geometry": { "type": "Point", "coordinates": [ 139.6179009, 35.4007822 ] } },
{ "type": "Feature", "properties": { "osm_id": "291947957", "highway": "traffic_signals" }, "geometry": { "type": "Point", "coordinates": [ 139.622824800000018, 35.3819671 ] } },
{ "type": "Feature", "properties": { "osm_id": "291947962", "highway": "traffic_signals" }, "geometry": { "type": "Point", "coordinates": [ 139.6142283, 35.3772623 ] } },
{ "type": "Feature", "properties": { "osm_id": "292252183", "highway": "traffic_signals" }, "geometry": { "type": "Point", "coordinates": [ 139.6241573, 35.4128885 ] } },
{ "type": "Feature", "properties": { "osm_id": "294043094", "highway": "traffic_signals" }, "geometry": { "type": "Point", "coordinates": [ 139.621464300000014, 35.3836795 ] } },
{ "type": "Feature", "properties": { "osm_id": "294043102", "highway": "traffic_signals" }, "geometry": { "type": "Point", "coordinates": [ 139.6278436, 35.3821706 ] } },
{ "type": "Feature", "properties": { "osm_id": "294043107", "highway": "traffic_signals" }, "geometry": { "type": "Point", "coordinates": [ 139.6228887, 35.3842448 ] } },
{ "type": "Feature", "properties": { "osm_id": "294043116", "highway": "traffic_signals" }, "geometry": { "type": "Point", "coordinates": [ 139.6161572, 35.3927357 ] } },
{ "type": "Feature", "properties": { "osm_id": "312118186", "highway": "traffic_signals" }, "geometry": { "type": "Point", "coordinates": [ 139.6242221, 35.4094807 ] } },
{ "type": "Feature", "properties": { "osm_id": "312187423", "highway": "traffic_signals" }, "geometry": { "type": "Point", "coordinates": [ 139.6205778, 35.4065244 ] } },
{ "type": "Feature", "properties": { "osm_id": "312187433", "highway": "traffic_signals" }, "geometry": { "type": "Point", "coordinates": [ 139.6206496, 35.4065055 ] } },
{ "type": "Feature", "properties": { "osm_id": "312187443", "highway": "traffic_signals" }, "geometry": { "type": "Point", "coordinates": [ 139.6218528, 35.4060296 ] } },
{ "type": "Feature", "properties": { "osm_id": "312187461", "highway": "traffic_signals" }, "geometry": { "type": "Point", "coordinates": [ 139.619974800000023, 35.405127 ] } },
{ "type": "Feature", "properties": { "osm_id": "312187596", "highway": "traffic_signals" }, "geometry": { "type": "Point", "coordinates": [ 139.622096, 35.4100583 ] } },
{ "type": "Feature", "properties": { "osm_id": "312187606", "highway": "traffic_signals" }, "geometry": { "type": "Point", "coordinates": [ 139.6221688, 35.4100371 ] } },
{ "type": "Feature", "properties": { "osm_id": "312187661", "highway": "traffic_signals" }, "geometry": { "type": "Point", "coordinates": [ 139.619899700000019, 35.4051587 ] } },
{ "type": "Feature", "properties": { "osm_id": "312187773", "highway": "traffic_signals" }, "geometry": { "type": "Point", "coordinates": [ 139.616270500000013, 35.4008735 ] } },
{ "type": "Feature", "properties": { "osm_id": "312187784", "highway": "traffic_signals" }, "geometry": { "type": "Point", "coordinates": [ 139.6159001, 35.400301 ] } },
{ "type": "Feature", "properties": { "osm_id": "312187897", "highway": "traffic_signals" }, "geometry": { "type": "Point", "coordinates": [ 139.617020200000013, 35.3998337 ] } },
{ "type": "Feature", "properties": { "osm_id": "312187902", "highway": "traffic_signals" }, "geometry": { "type": "Point", "coordinates": [ 139.614892200000014, 35.3952413 ] } },
{ "type": "Feature", "properties": { "osm_id": "312187911", "highway": "traffic_signals" }, "geometry": { "type": "Point", "coordinates": [ 139.6151323, 35.3926931 ] } },
{ "type": "Feature", "properties": { "osm_id": "312187966", "highway": "traffic_signals" }, "geometry": { "type": "Point", "coordinates": [ 139.6151117, 35.3967028 ] } },
{ "type": "Feature", "properties": { "osm_id": "312187981", "highway": "traffic_signals" }, "geometry": { "type": "Point", "coordinates": [ 139.6170979, 35.3997966 ] } },
{ "type": "Feature", "properties": { "osm_id": "312187991", "highway": "traffic_signals" }, "geometry": { "type": "Point", "coordinates": [ 139.617932100000019, 35.4006694 ] } },
{ "type": "Feature", "properties": { "osm_id": "312188109", "highway": "traffic_signals" }, "geometry": { "type": "Point", "coordinates": [ 139.616435500000023, 35.3989182 ] } },
{ "type": "Feature", "properties": { "osm_id": "312188130", "highway": "traffic_signals" }, "geometry": { "type": "Point", "coordinates": [ 139.6158854, 35.3979278 ] } },
{ "type": "Feature", "properties": { "osm_id": "312188134", "highway": "traffic_signals" }, "geometry": { "type": "Point", "coordinates": [ 139.6158154, 35.3979579 ] } },
{ "type": "Feature", "properties": { "osm_id": "312188138", "highway": "traffic_signals" }, "geometry": { "type": "Point", "coordinates": [ 139.614713100000017, 35.3984297 ] } },
{ "type": "Feature", "properties": { "osm_id": "316049034", "highway": "traffic_signals" }, "geometry": { "type": "Point", "coordinates": [ 139.5968226, 35.3704772 ] } },
{ "type": "Feature", "properties": { "osm_id": "337626201", "highway": "traffic_signals" }, "geometry": { "type": "Point", "coordinates": [ 139.6165752, 35.3692339 ] } },
{ "type": "Feature", "properties": { "osm_id": "339914561", "highway": "traffic_signals" }, "geometry": { "type": "Point", "coordinates": [ 139.623353900000012, 35.3844386 ] } },
{ "type": "Feature", "properties": { "osm_id": "339914628", "highway": "traffic_signals" }, "geometry": { "type": "Point", "coordinates": [ 139.616525100000018, 35.3929203 ] } },
{ "type": "Feature", "properties": { "osm_id": "340312728", "highway": "traffic_signals" }, "geometry": { "type": "Point", "coordinates": [ 139.615712, 35.3775267 ] } },
{ "type": "Feature", "properties": { "osm_id": "341453665", "highway": "traffic_signals" }, "geometry": { "type": "Point", "coordinates": [ 139.6192786, 35.3847696 ] } },
{ "type": "Feature", "properties": { "osm_id": "347415328", "highway": "traffic_signals" }, "geometry": { "type": "Point", "coordinates": [ 139.6102027, 35.3645491 ] } },
{ "type": "Feature", "properties": { "osm_id": "347419721", "highway": "traffic_signals" }, "geometry": { "type": "Point", "coordinates": [ 139.607806400000015, 35.3789876 ] } },
{ "type": "Feature", "properties": { "osm_id": "347420214", "highway": "traffic_signals" }, "geometry": { "type": "Point", "coordinates": [ 139.6067108, 35.380887 ] } },
{ "type": "Feature", "properties": { "osm_id": "347509841", "highway": "traffic_signals" }, "geometry": { "type": "Point", "coordinates": [ 139.617542400000019, 35.3751323 ] } },
{ "type": "Feature", "properties": { "osm_id": "347520296", "highway": "traffic_signals" }, "geometry": { "type": "Point", "coordinates": [ 139.6045995, 35.3834278 ] } },
{ "type": "Feature", "properties": { "osm_id": "347520314", "highway": "traffic_signals" }, "geometry": { "type": "Point", "coordinates": [ 139.6072609, 35.3846172 ] } },
{ "type": "Feature", "properties": { "osm_id": "347521124", "highway": "traffic_signals" }, "geometry": { "type": "Point", "coordinates": [ 139.608685400000013, 35.3944008 ] } },
{ "type": "Feature", "properties": { "osm_id": "348234492", "highway": "traffic_signals" }, "geometry": { "type": "Point", "coordinates": [ 139.613466500000015, 35.3680748 ] } },
{ "type": "Feature", "properties": { "osm_id": "348234494", "highway": "traffic_signals" }, "geometry": { "type": "Point", "coordinates": [ 139.6113439, 35.3731307 ] } },
{ "type": "Feature", "properties": { "osm_id": "365010166", "highway": "traffic_signals" }, "geometry": { "type": "Point", "coordinates": [ 139.6215693, 35.3835459 ] } },
{ "type": "Feature", "properties": { "osm_id": "365010172", "highway": "traffic_signals" }, "geometry": { "type": "Point", "coordinates": [ 139.623041, 35.3841521 ] } },
{ "type": "Feature", "properties": { "osm_id": "365010242", "highway": "traffic_signals" }, "geometry": { "type": "Point", "coordinates": [ 139.6215143, 35.3835252 ] } },
{ "type": "Feature", "properties": { "osm_id": "439985479", "highway": "traffic_signals" }, "geometry": { "type": "Point", "coordinates": [ 139.590001, 35.3750356 ] } },
{ "type": "Feature", "properties": { "osm_id": "444792870", "highway": "traffic_signals" }, "geometry": { "type": "Point", "coordinates": [ 139.600628700000016, 35.3857361 ] } },
{ "type": "Feature", "properties": { "osm_id": "444792879", "highway": "traffic_signals" }, "geometry": { "type": "Point", "coordinates": [ 139.5947438, 35.3858213 ] } },
{ "type": "Feature", "properties": { "osm_id": "470281159", "highway": "traffic_signals" }, "geometry": { "type": "Point", "coordinates": [ 139.593153, 35.3821113 ] } },
{ "type": "Feature", "properties": { "osm_id": "470929017", "highway": "traffic_signals" }, "geometry": { "type": "Point", "coordinates": [ 139.588355800000016, 35.3867502 ] } },
{ "type": "Feature", "properties": { "osm_id": "528565919", "highway": "traffic_signals" }, "geometry": { "type": "Point", "coordinates": [ 139.5959607, 35.382805 ] } },
{ "type": "Feature", "properties": { "osm_id": "528746695", "highway": "traffic_signals" }, "geometry": { "type": "Point", "coordinates": [ 139.5955351, 35.3866514 ] } },
{ "type": "Feature", "properties": { "osm_id": "563695464", "highway": "traffic_signals" }, "geometry": { "type": "Point", "coordinates": [ 139.595723600000014, 35.3780965 ] } },
{ "type": "Feature", "properties": { "osm_id": "563695499", "highway": "traffic_signals" }, "geometry": { "type": "Point", "coordinates": [ 139.5962566, 35.3771383 ] } },
{ "type": "Feature", "properties": { "osm_id": "568277405", "highway": "traffic_signals" }, "geometry": { "type": "Point", "coordinates": [ 139.6163161, 35.3890437 ] } },
{ "type": "Feature", "properties": { "osm_id": "742625908", "highway": "traffic_signals" }, "geometry": { "type": "Point", "coordinates": [ 139.618425800000011, 35.3889134 ] } },
{ "type": "Feature", "properties": { "osm_id": "742625939", "highway": "traffic_signals" }, "geometry": { "type": "Point", "coordinates": [ 139.617657400000013, 35.3886014 ] } },
{ "type": "Feature", "properties": { "osm_id": "742625991", "highway": "traffic_signals" }, "geometry": { "type": "Point", "coordinates": [ 139.6176021, 35.3884841 ] } },
{ "type": "Feature", "properties": { "osm_id": "771224039", "highway": "traffic_signals" }, "geometry": { "type": "Point", "coordinates": [ 139.594807700000018, 35.3797964 ] } },
{ "type": "Feature", "properties": { "osm_id": "964492742", "highway": "traffic_signals" }, "geometry": { "type": "Point", "coordinates": [ 139.6239884, 35.4127535 ] } },
{ "type": "Feature", "properties": { "osm_id": "1047213463", "highway": "traffic_signals" }, "geometry": { "type": "Point", "coordinates": [ 139.598385, 35.373984 ] } },
{ "type": "Feature", "properties": { "osm_id": "1047213464", "highway": "traffic_signals" }, "geometry": { "type": "Point", "coordinates": [ 139.595703, 35.3732492 ] } },
{ "type": "Feature", "properties": { "osm_id": "1047213469", "highway": "traffic_signals" }, "geometry": { "type": "Point", "coordinates": [ 139.6009602, 35.374436 ] } },
{ "type": "Feature", "properties": { "osm_id": "1047217907", "highway": "traffic_signals" }, "geometry": { "type": "Point", "coordinates": [ 139.6011297, 35.3771348 ] } },
{ "type": "Feature", "properties": { "osm_id": "1047217914", "highway": "traffic_signals" }, "geometry": { "type": "Point", "coordinates": [ 139.596750900000018, 35.376191 ] } },
{ "type": "Feature", "properties": { "osm_id": "1047225028", "highway": "traffic_signals" }, "geometry": { "type": "Point", "coordinates": [ 139.599085800000012, 35.3721707 ] } },
{ "type": "Feature", "properties": { "osm_id": "1095868407", "highway": "traffic_signals" }, "geometry": { "type": "Point", "coordinates": [ 139.600481, 35.3795378 ] } },
{ "type": "Feature", "properties": { "osm_id": "1095868431", "highway": "traffic_signals" }, "geometry": { "type": "Point", "coordinates": [ 139.5979848, 35.3766608 ] } },
{ "type": "Feature", "properties": { "osm_id": "1114117566", "highway": "traffic_signals" }, "geometry": { "type": "Point", "coordinates": [ 139.6154582, 35.3852574 ] } },
{ "type": "Feature", "properties": { "osm_id": "1114185376", "highway": "traffic_signals" }, "geometry": { "type": "Point", "coordinates": [ 139.6181326, 35.3863426 ] } },
{ "type": "Feature", "properties": { "osm_id": "1114185424", "highway": "traffic_signals" }, "geometry": { "type": "Point", "coordinates": [ 139.616964100000018, 35.3834401 ] } },
{ "type": "Feature", "properties": { "osm_id": "1114185461", "highway": "traffic_signals" }, "geometry": { "type": "Point", "coordinates": [ 139.6170773, 35.3893434 ] } },
{ "type": "Feature", "properties": { "osm_id": "1114186005", "highway": "traffic_signals" }, "geometry": { "type": "Point", "coordinates": [ 139.61698370000002, 35.3893042 ] } },
{ "type": "Feature", "properties": { "osm_id": "1114306622", "highway": "traffic_signals" }, "geometry": { "type": "Point", "coordinates": [ 139.612599400000022, 35.3951437 ] } },
{ "type": "Feature", "properties": { "osm_id": "1114346312", "highway": "traffic_signals" }, "geometry": { "type": "Point", "coordinates": [ 139.617597400000022, 35.3870589 ] } },
{ "type": "Feature", "properties": { "osm_id": "1114346313", "highway": "traffic_signals" }, "geometry": { "type": "Point", "coordinates": [ 139.615085100000016, 35.3939952 ] } },
{ "type": "Feature", "properties": { "osm_id": "1114346812", "highway": "traffic_signals" }, "geometry": { "type": "Point", "coordinates": [ 139.614995600000015, 35.3939889 ] } },
{ "type": "Feature", "properties": { "osm_id": "1599915706", "highway": "traffic_signals" }, "geometry": { "type": "Point", "coordinates": [ 139.619848100000013, 35.4007587 ] } },
{ "type": "Feature", "properties": { "osm_id": "1599990005", "highway": "traffic_signals" }, "geometry": { "type": "Point", "coordinates": [ 139.6169223, 35.3964677 ] } },
{ "type": "Feature", "properties": { "osm_id": "1599990019", "highway": "traffic_signals" }, "geometry": { "type": "Point", "coordinates": [ 139.616777, 35.3964846 ] } },
{ "type": "Feature", "properties": { "osm_id": "1599990026", "highway": "traffic_signals" }, "geometry": { "type": "Point", "coordinates": [ 139.6168714, 35.3963561 ] } },
{ "type": "Feature", "properties": { "osm_id": "1599990030", "highway": "traffic_signals" }, "geometry": { "type": "Point", "coordinates": [ 139.616728500000022, 35.3963774 ] } },
{ "type": "Feature", "properties": { "osm_id": "1675750314", "highway": "traffic_signals" }, "geometry": { "type": "Point", "coordinates": [ 139.6274871, 35.3818179 ] } },
{ "type": "Feature", "properties": { "osm_id": "1675750470", "highway": "traffic_signals" }, "geometry": { "type": "Point", "coordinates": [ 139.62107690000002, 35.3828286 ] } },
{ "type": "Feature", "properties": { "osm_id": "1675750562", "highway": "traffic_signals" }, "geometry": { "type": "Point", "coordinates": [ 139.6204151, 35.3835267 ] } },
{ "type": "Feature", "properties": { "osm_id": "1675750570", "highway": "traffic_signals" }, "geometry": { "type": "Point", "coordinates": [ 139.62139590000001, 35.3836503 ] } },
{ "type": "Feature", "properties": { "osm_id": "1675750692", "highway": "traffic_signals" }, "geometry": { "type": "Point", "coordinates": [ 139.6201197, 35.3850499 ] } },
{ "type": "Feature", "properties": { "osm_id": "1675750694", "highway": "traffic_signals" }, "geometry": { "type": "Point", "coordinates": [ 139.62024820000002, 35.3850797 ] } },
{ "type": "Feature", "properties": { "osm_id": "1675750798", "highway": "traffic_signals" }, "geometry": { "type": "Point", "coordinates": [ 139.618432800000022, 35.3859254 ] } },
{ "type": "Feature", "properties": { "osm_id": "1675750806", "highway": "traffic_signals" }, "geometry": { "type": "Point", "coordinates": [ 139.618947, 35.3867634 ] } },
{ "type": "Feature", "properties": { "osm_id": "1675750811", "highway": "traffic_signals" }, "geometry": { "type": "Point", "coordinates": [ 139.6190469, 35.386813 ] } },
{ "type": "Feature", "properties": { "osm_id": "1679883871", "highway": "traffic_signals" }, "geometry": { "type": "Point", "coordinates": [ 139.614126200000015, 35.3968262 ] } },
{ "type": "Feature", "properties": { "osm_id": "1681356142", "highway": "traffic_signals" }, "geometry": { "type": "Point", "coordinates": [ 139.610440400000016, 35.4023465 ] } },
{ "type": "Feature", "properties": { "osm_id": "1693172268", "highway": "traffic_signals" }, "geometry": { "type": "Point", "coordinates": [ 139.63497670000001, 35.4168477 ] } },
{ "type": "Feature", "properties": { "osm_id": "1693172356", "highway": "traffic_signals" }, "geometry": { "type": "Point", "coordinates": [ 139.6387823, 35.4178203 ] } },
{ "type": "Feature", "properties": { "osm_id": "1693398797", "highway": "traffic_signals" }, "geometry": { "type": "Point", "coordinates": [ 139.616508300000021, 35.3988866 ] } },
{ "type": "Feature", "properties": { "osm_id": "1693398835", "highway": "traffic_signals" }, "geometry": { "type": "Point", "coordinates": [ 139.6159849, 35.400267 ] } },
{ "type": "Feature", "properties": { "osm_id": "1693399123", "highway": "traffic_signals" }, "geometry": { "type": "Point", "coordinates": [ 139.6193893, 35.4024497 ] } },
{ "type": "Feature", "properties": { "osm_id": "1693399191", "highway": "traffic_signals" }, "geometry": { "type": "Point", "coordinates": [ 139.618446700000021, 35.4029192 ] } },
{ "type": "Feature", "properties": { "osm_id": "1693399207", "highway": "traffic_signals" }, "geometry": { "type": "Point", "coordinates": [ 139.618380700000017, 35.4029519 ] } },
{ "type": "Feature", "properties": { "osm_id": "1717818439", "highway": "traffic_signals" }, "geometry": { "type": "Point", "coordinates": [ 139.5995685, 35.3769871 ] } },
{ "type": "Feature", "properties": { "osm_id": "1751028554", "highway": "traffic_signals" }, "geometry": { "type": "Point", "coordinates": [ 139.60899790000002, 35.3638263 ] } },
{ "type": "Feature", "properties": { "osm_id": "1751028906", "highway": "traffic_signals" }, "geometry": { "type": "Point", "coordinates": [ 139.612094500000012, 35.3714315 ] } },
{ "type": "Feature", "properties": { "osm_id": "1751028972", "highway": "traffic_signals" }, "geometry": { "type": "Point", "coordinates": [ 139.611515, 35.3727333 ] } },
{ "type": "Feature", "properties": { "osm_id": "1759509362", "highway": "traffic_signals" }, "geometry": { "type": "Point", "coordinates": [ 139.6074537, 35.3770469 ] } },
{ "type": "Feature", "properties": { "osm_id": "1759509665", "highway": "traffic_signals" }, "geometry": { "type": "Point", "coordinates": [ 139.608351700000014, 35.3782113 ] } },
{ "type": "Feature", "properties": { "osm_id": "1759509781", "highway": "traffic_signals" }, "geometry": { "type": "Point", "coordinates": [ 139.6077123, 35.3791076 ] } },
{ "type": "Feature", "properties": { "osm_id": "1759510035", "highway": "traffic_signals" }, "geometry": { "type": "Point", "coordinates": [ 139.5943777, 35.3804908 ] } },
{ "type": "Feature", "properties": { "osm_id": "1759678550", "highway": "traffic_signals" }, "geometry": { "type": "Point", "coordinates": [ 139.6111971, 35.4088534 ] } },
{ "type": "Feature", "properties": { "osm_id": "2136020667", "highway": "traffic_signals" }, "geometry": { "type": "Point", "coordinates": [ 139.629778500000015, 35.4177157 ] } },
{ "type": "Feature", "properties": { "osm_id": "2136020672", "highway": "traffic_signals" }, "geometry": { "type": "Point", "coordinates": [ 139.6296088, 35.4175245 ] } },
{ "type": "Feature", "properties": { "osm_id": "2258146167", "highway": "traffic_signals" }, "geometry": { "type": "Point", "coordinates": [ 139.614311, 35.3952093 ] } },
{ "type": "Feature", "properties": { "osm_id": "2258146182", "highway": "traffic_signals" }, "geometry": { "type": "Point", "coordinates": [ 139.614189, 35.3968212 ] } },
{ "type": "Feature", "properties": { "osm_id": "2258146215", "highway": "traffic_signals" }, "geometry": { "type": "Point", "coordinates": [ 139.6147723, 35.3984058 ] } },
{ "type": "Feature", "properties": { "osm_id": "2258146252", "highway": "traffic_signals" }, "geometry": { "type": "Point", "coordinates": [ 139.6181885, 35.3863712 ] } },
{ "type": "Feature", "properties": { "osm_id": "2258146262", "highway": "traffic_signals" }, "geometry": { "type": "Point", "coordinates": [ 139.6211212, 35.3828691 ] } },
{ "type": "Feature", "properties": { "osm_id": "2258146284", "highway": "traffic_signals" }, "geometry": { "type": "Point", "coordinates": [ 139.6150144, 35.3912346 ] } },
{ "type": "Feature", "properties": { "osm_id": "2258146295", "highway": "traffic_signals" }, "geometry": { "type": "Point", "coordinates": [ 139.618491700000021, 35.3859497 ] } },
{ "type": "Feature", "properties": { "osm_id": "2258146329", "highway": "traffic_signals" }, "geometry": { "type": "Point", "coordinates": [ 139.6176556, 35.3870842 ] } },
{ "type": "Feature", "properties": { "osm_id": "2258146334", "highway": "traffic_signals" }, "geometry": { "type": "Point", "coordinates": [ 139.6222616, 35.3816353 ] } },
{ "type": "Feature", "properties": { "osm_id": "2258146347", "highway": "traffic_signals" }, "geometry": { "type": "Point", "coordinates": [ 139.6163707, 35.3890708 ] } },
{ "type": "Feature", "properties": { "osm_id": "2258146349", "highway": "traffic_signals" }, "geometry": { "type": "Point", "coordinates": [ 139.6193474, 35.3847783 ] } },
{ "type": "Feature", "properties": { "osm_id": "3136129549", "highway": "traffic_signals" }, "geometry": { "type": "Point", "coordinates": [ 139.621303300000022, 35.4078141 ] } },
{ "type": "Feature", "properties": { "osm_id": "3136129617", "highway": "traffic_signals" }, "geometry": { "type": "Point", "coordinates": [ 139.6212327, 35.4078456 ] } },
{ "type": "Feature", "properties": { "osm_id": "3136149980", "highway": "traffic_signals" }, "geometry": { "type": "Point", "coordinates": [ 139.6211873, 35.4050584 ] } },
{ "type": "Feature", "properties": { "osm_id": "3184240552", "highway": "traffic_signals" }, "geometry": { "type": "Point", "coordinates": [ 139.6195098, 35.4009102 ] } },
{ "type": "Feature", "properties": { "osm_id": "3184261999", "highway": "traffic_signals" }, "geometry": { "type": "Point", "coordinates": [ 139.6228074, 35.4057121 ] } },
{ "type": "Feature", "properties": { "osm_id": "3184273807", "highway": "traffic_signals" }, "geometry": { "type": "Point", "coordinates": [ 139.6231396, 35.4055632 ] } },
{ "type": "Feature", "properties": { "osm_id": "3361693655", "highway": "traffic_signals" }, "geometry": { "type": "Point", "coordinates": [ 139.615397, 35.3905291 ] } },
{ "type": "Feature", "properties": { "osm_id": "3361693678", "highway": "traffic_signals" }, "geometry": { "type": "Point", "coordinates": [ 139.6143969, 35.3935154 ] } },
{ "type": "Feature", "properties": { "osm_id": "3361693712", "highway": "traffic_signals" }, "geometry": { "type": "Point", "coordinates": [ 139.6153136, 35.3904943 ] } },
{ "type": "Feature", "properties": { "osm_id": "3361693730", "highway": "traffic_signals" }, "geometry": { "type": "Point", "coordinates": [ 139.6143308, 35.3935175 ] } },
{ "type": "Feature", "properties": { "osm_id": "3388956807", "highway": "traffic_signals" }, "geometry": { "type": "Point", "coordinates": [ 139.607527, 35.3629045 ] } },
{ "type": "Feature", "properties": { "osm_id": "3388956808", "highway": "traffic_signals" }, "geometry": { "type": "Point", "coordinates": [ 139.6037733, 35.3839029 ] } },
{ "type": "Feature", "properties": { "osm_id": "3388956812", "highway": "traffic_signals" }, "geometry": { "type": "Point", "coordinates": [ 139.602436300000022, 35.3850624 ] } },
{ "type": "Feature", "properties": { "osm_id": "3388958294", "highway": "traffic_signals" }, "geometry": { "type": "Point", "coordinates": [ 139.6131656, 35.3689921 ] } },
{ "type": "Feature", "properties": { "osm_id": "3388958341", "highway": "traffic_signals" }, "geometry": { "type": "Point", "coordinates": [ 139.612495100000018, 35.3661256 ] } },
{ "type": "Feature", "properties": { "osm_id": "3394984166", "highway": "traffic_signals" }, "geometry": { "type": "Point", "coordinates": [ 139.61410570000001, 35.4038462 ] } },
{ "type": "Feature", "properties": { "osm_id": "3809306656", "highway": "traffic_signals" }, "geometry": { "type": "Point", "coordinates": [ 139.6126036, 35.3950775 ] } },
{ "type": "Feature", "properties": { "osm_id": "3809306959", "highway": "traffic_signals" }, "geometry": { "type": "Point", "coordinates": [ 139.614240500000022, 35.3951368 ] } },
{ "type": "Feature", "properties": { "osm_id": "3809306960", "highway": "traffic_signals" }, "geometry": { "type": "Point", "coordinates": [ 139.6143146, 35.3951398 ] } },
{ "type": "Feature", "properties": { "osm_id": "3809306963", "highway": "traffic_signals" }, "geometry": { "type": "Point", "coordinates": [ 139.614898, 35.3951639 ] } },
{ "type": "Feature", "properties": { "osm_id": "3809306964", "highway": "traffic_signals" }, "geometry": { "type": "Point", "coordinates": [ 139.60992760000002, 35.394895 ] } },
{ "type": "Feature", "properties": { "osm_id": "3809467000", "highway": "traffic_signals" }, "geometry": { "type": "Point", "coordinates": [ 139.614221900000018, 35.3773323 ] } },
{ "type": "Feature", "properties": { "osm_id": "3809467006", "highway": "traffic_signals" }, "geometry": { "type": "Point", "coordinates": [ 139.6156939, 35.3775928 ] } },
{ "type": "Feature", "properties": { "osm_id": "3810210456", "highway": "traffic_signals" }, "geometry": { "type": "Point", "coordinates": [ 139.62199750000002, 35.3792251 ] } },
{ "type": "Feature", "properties": { "osm_id": "3810210570", "highway": "traffic_signals" }, "geometry": { "type": "Point", "coordinates": [ 139.6223501, 35.3814203 ] } },
{ "type": "Feature", "properties": { "osm_id": "3810210574", "highway": "traffic_signals" }, "geometry": { "type": "Point", "coordinates": [ 139.622300200000012, 35.3815648 ] } },
{ "type": "Feature", "properties": { "osm_id": "3810210581", "highway": "traffic_signals" }, "geometry": { "type": "Point", "coordinates": [ 139.622726700000015, 35.3819642 ] } },
{ "type": "Feature", "properties": { "osm_id": "3810793987", "highway": "traffic_signals" }, "geometry": { "type": "Point", "coordinates": [ 139.603769600000021, 35.3754357 ] } },
{ "type": "Feature", "properties": { "osm_id": "3810793990", "highway": "traffic_signals" }, "geometry": { "type": "Point", "coordinates": [ 139.6042425, 35.3761818 ] } },
{ "type": "Feature", "properties": { "osm_id": "3810793992", "highway": "traffic_signals" }, "geometry": { "type": "Point", "coordinates": [ 139.604188600000015, 35.3762152 ] } },
{ "type": "Feature", "properties": { "osm_id": "3810794024", "highway": "traffic_signals" }, "geometry": { "type": "Point", "coordinates": [ 139.6074299, 35.3771136 ] } },
{ "type": "Feature", "properties": { "osm_id": "3810794113", "highway": "traffic_signals" }, "geometry": { "type": "Point", "coordinates": [ 139.609264200000013, 35.3770859 ] } },
{ "type": "Feature", "properties": { "osm_id": "3810848166", "highway": "traffic_signals" }, "geometry": { "type": "Point", "coordinates": [ 139.6066702, 35.3618014 ] } },
{ "type": "Feature", "properties": { "osm_id": "3810848173", "highway": "traffic_signals" }, "geometry": { "type": "Point", "coordinates": [ 139.607471700000019, 35.3629426 ] } },
{ "type": "Feature", "properties": { "osm_id": "3810848186", "highway": "traffic_signals" }, "geometry": { "type": "Point", "coordinates": [ 139.608958800000011, 35.3638755 ] } },
{ "type": "Feature", "properties": { "osm_id": "3810848193", "highway": "traffic_signals" }, "geometry": { "type": "Point", "coordinates": [ 139.6101645, 35.3646029 ] } },
{ "type": "Feature", "properties": { "osm_id": "3810848211", "highway": "traffic_signals" }, "geometry": { "type": "Point", "coordinates": [ 139.6124407, 35.3661593 ] } },
{ "type": "Feature", "properties": { "osm_id": "3810848253", "highway": "traffic_signals" }, "geometry": { "type": "Point", "coordinates": [ 139.613388, 35.3680726 ] } },
{ "type": "Feature", "properties": { "osm_id": "3810848563", "highway": "traffic_signals" }, "geometry": { "type": "Point", "coordinates": [ 139.6130899, 35.3689745 ] } },
{ "type": "Feature", "properties": { "osm_id": "3810848586", "highway": "traffic_signals" }, "geometry": { "type": "Point", "coordinates": [ 139.612026400000019, 35.3714025 ] } },
{ "type": "Feature", "properties": { "osm_id": "3810848598", "highway": "traffic_signals" }, "geometry": { "type": "Point", "coordinates": [ 139.6114388, 35.3727115 ] } },
{ "type": "Feature", "properties": { "osm_id": "3810848600", "highway": "traffic_signals" }, "geometry": { "type": "Point", "coordinates": [ 139.6112616, 35.3731061 ] } },
{ "type": "Feature", "properties": { "osm_id": "3810848605", "highway": "traffic_signals" }, "geometry": { "type": "Point", "coordinates": [ 139.61019060000001, 35.3755386 ] } },
{ "type": "Feature", "properties": { "osm_id": "3810848611", "highway": "traffic_signals" }, "geometry": { "type": "Point", "coordinates": [ 139.609156500000012, 35.3770815 ] } },
{ "type": "Feature", "properties": { "osm_id": "3810948438", "highway": "traffic_signals" }, "geometry": { "type": "Point", "coordinates": [ 139.59685060000001, 35.3704088 ] } },
{ "type": "Feature", "properties": { "osm_id": "3810948442", "highway": "traffic_signals" }, "geometry": { "type": "Point", "coordinates": [ 139.599468300000012, 35.3710897 ] } },
{ "type": "Feature", "properties": { "osm_id": "3825729835", "highway": "traffic_signals" }, "geometry": { "type": "Point", "coordinates": [ 139.599398400000013, 35.3711533 ] } },
{ "type": "Feature", "properties": { "osm_id": "3825729836", "highway": "traffic_signals" }, "geometry": { "type": "Point", "coordinates": [ 139.5990094, 35.3721512 ] } },
{ "type": "Feature", "properties": { "osm_id": "3825729837", "highway": "traffic_signals" }, "geometry": { "type": "Point", "coordinates": [ 139.598305300000021, 35.3739619 ] } },
{ "type": "Feature", "properties": { "osm_id": "3825729848", "highway": "traffic_signals" }, "geometry": { "type": "Point", "coordinates": [ 139.596690200000012, 35.3761649 ] } },
{ "type": "Feature", "properties": { "osm_id": "3825729850", "highway": "traffic_signals" }, "geometry": { "type": "Point", "coordinates": [ 139.596177800000021, 35.3771076 ] } },
{ "type": "Feature", "properties": { "osm_id": "3825729851", "highway": "traffic_signals" }, "geometry": { "type": "Point", "coordinates": [ 139.59564850000001, 35.3780721 ] } },
{ "type": "Feature", "properties": { "osm_id": "3825730359", "highway": "traffic_signals" }, "geometry": { "type": "Point", "coordinates": [ 139.5947329, 35.379775 ] } },
{ "type": "Feature", "properties": { "osm_id": "3825730362", "highway": "traffic_signals" }, "geometry": { "type": "Point", "coordinates": [ 139.5943139, 35.3804545 ] } },
{ "type": "Feature", "properties": { "osm_id": "3825730363", "highway": "traffic_signals" }, "geometry": { "type": "Point", "coordinates": [ 139.593668300000019, 35.3812746 ] } },
{ "type": "Feature", "properties": { "osm_id": "3825730365", "highway": "traffic_signals" }, "geometry": { "type": "Point", "coordinates": [ 139.5930875, 35.382085 ] } },
{ "type": "Feature", "properties": { "osm_id": "3825730368", "highway": "traffic_signals" }, "geometry": { "type": "Point", "coordinates": [ 139.5922411, 35.3837005 ] } },
{ "type": "Feature", "properties": { "osm_id": "3825730370", "highway": "traffic_signals" }, "geometry": { "type": "Point", "coordinates": [ 139.591579600000017, 35.3849715 ] } },
{ "type": "Feature", "properties": { "osm_id": "3825730385", "highway": "traffic_signals" }, "geometry": { "type": "Point", "coordinates": [ 139.5883067, 35.3866931 ] } },
{ "type": "Feature", "properties": { "osm_id": "8289191009", "highway": "traffic_signals" }, "geometry": { "type": "Point", "coordinates": [ 139.59520040000001, 35.3790855 ] } },
{ "type": "Feature", "properties": { "osm_id": "8289191010", "highway": "traffic_signals" }, "geometry": { "type": "Point", "coordinates": [ 139.5951274, 35.3790622 ] } },
{ "type": "Feature", "properties": { "osm_id": "8297232922", "highway": "traffic_signals" }, "geometry": { "type": "Point", "coordinates": [ 139.608752800000019, 35.3943465 ] } },
{ "type": "Feature", "properties": { "osm_id": "9118901715", "highway": "traffic_signals" }, "geometry": { "type": "Point", "coordinates": [ 139.608338, 35.4134996 ] } },
{ "type": "Feature", "properties": { "osm_id": "13807786366", "highway": "traffic_signals" }, "geometry": { "type": "Point", "coordinates": [ 139.6221002, 35.3792138 ] } },
{ "type": "Feature", "properties": { "osm_id": "13807888430", "highway": "traffic_signals" }, "geometry": { "type": "Point", "coordinates": [ 139.6220969, 35.4203578 ] } },
{ "type": "Feature", "properties": { "osm_id": "13848323309", "highway": "traffic_signals" }, "geometry": { "type": "Point", "coordinates": [ 139.6255922, 35.4116513 ] } },
{ "type": "Feature", "properties": { "osm_id": "13848323310", "highway": "traffic_signals" }, "geometry": { "type": "Point", "coordinates": [ 139.625515800000016, 35.411618 ] } },
{ "type": "Feature", "properties": { "osm_id": "13849051202", "highway": "traffic_signals" }, "geometry": { "type": "Point", "coordinates": [ 139.6291462, 35.4178095 ] } },
{ "type": "Feature", "properties": { "osm_id": "13849051203", "highway": "traffic_signals" }, "geometry": { "type": "Point", "coordinates": [ 139.6290927, 35.4176403 ] } },
{ "type": "Feature", "properties": { "osm_id": "13849051353", "highway": "traffic_signals" }, "geometry": { "type": "Point", "coordinates": [ 139.6235241, 35.4260496 ] } },
{ "type": "Feature", "properties": { "osm_id": "13849051364", "highway": "traffic_signals" }, "geometry": { "type": "Point", "coordinates": [ 139.623604100000023, 35.4261416 ] } },
{ "type": "Feature", "properties": { "osm_id": "13867412410", "highway": "traffic_signals" }, "geometry": { "type": "Point", "coordinates": [ 139.6233718, 35.4262633 ] } },
{ "type": "Feature", "properties": { "osm_id": "13867412412", "highway": "traffic_signals" }, "geometry": { "type": "Point", "coordinates": [ 139.623580300000015, 35.4263149 ] } },
{ "type": "Feature", "properties": { "osm_id": "13867412421", "highway": "traffic_signals" }, "geometry": { "type": "Point", "coordinates": [ 139.623059, 35.4260448 ] } },
{ "type": "Feature", "properties": { "osm_id": "13867412422", "highway": "traffic_signals" }, "geometry": { "type": "Point", "coordinates": [ 139.622967400000022, 35.4262723 ] } },
{ "type": "Feature", "properties": { "osm_id": "13867412423", "highway": "traffic_signals" }, "geometry": { "type": "Point", "coordinates": [ 139.6253715, 35.4223802 ] } },
{ "type": "Feature", "properties": { "osm_id": "13867412424", "highway": "traffic_signals" }, "geometry": { "type": "Point", "coordinates": [ 139.624954700000018, 35.4227139 ] } },
{ "type": "Feature", "properties": { "osm_id": "13867412425", "highway": "traffic_signals" }, "geometry": { "type": "Point", "coordinates": [ 139.624748300000022, 35.4224656 ] } },
{ "type": "Feature", "properties": { "osm_id": "13867412426", "highway": "traffic_signals" }, "geometry": { "type": "Point", "coordinates": [ 139.624522800000022, 35.422578 ] } },
{ "type": "Feature", "properties": { "osm_id": "13867412427", "highway": "traffic_signals" }, "geometry": { "type": "Point", "coordinates": [ 139.62464540000002, 35.4222792 ] } },
{ "type": "Feature", "properties": { "osm_id": "13867412428", "highway": "traffic_signals" }, "geometry": { "type": "Point", "coordinates": [ 139.6243819, 35.4224253 ] } },
{ "type": "Feature", "properties": { "osm_id": "13867412429", "highway": "traffic_signals" }, "geometry": { "type": "Point", "coordinates": [ 139.6271068, 35.4147497 ] } },
{ "type": "Feature", "properties": { "osm_id": "13867412430", "highway": "traffic_signals" }, "geometry": { "type": "Point", "coordinates": [ 139.6270815, 35.4144441 ] } },
{ "type": "Feature", "properties": { "osm_id": "13867412432", "highway": "traffic_signals" }, "geometry": { "type": "Point", "coordinates": [ 139.626650900000016, 35.4145139 ] } },
{ "type": "Feature", "properties": { "osm_id": "13875876513", "highway": "traffic_signals" }, "geometry": { "type": "Point", "coordinates": [ 139.627375, 35.4148597 ] } },
{ "type": "Feature", "properties": { "osm_id": "13875876514", "highway": "traffic_signals" }, "geometry": { "type": "Point", "coordinates": [ 139.6276546, 35.4149739 ] } },
{ "type": "Feature", "properties": { "osm_id": "13875876515", "highway": "traffic_signals" }, "geometry": { "type": "Point", "coordinates": [ 139.6274358, 35.4151636 ] } },
{ "type": "Feature", "properties": { "osm_id": "13875876520", "highway": "traffic_signals" }, "geometry": { "type": "Point", "coordinates": [ 139.6303708, 35.4157041 ] } },
{ "type": "Feature", "properties": { "osm_id": "13875876521", "highway": "traffic_signals" }, "geometry": { "type": "Point", "coordinates": [ 139.6306209, 35.4159634 ] } },
{ "type": "Feature", "properties": { "osm_id": "13875876531", "highway": "traffic_signals" }, "geometry": { "type": "Point", "coordinates": [ 139.6301756, 35.4158135 ] } },
{ "type": "Feature", "properties": { "osm_id": "13875876533", "highway": "traffic_signals" }, "geometry": { "type": "Point", "coordinates": [ 139.630381600000021, 35.416085 ] } },
{ "type": "Feature", "properties": { "osm_id": "13884527511", "highway": "traffic_signals" }, "geometry": { "type": "Point", "coordinates": [ 139.636683800000014, 35.4173881 ] } },
{ "type": "Feature", "properties": { "osm_id": "13884527512", "highway": "traffic_signals" }, "geometry": { "type": "Point", "coordinates": [ 139.636471, 35.4173421 ] } },
{ "type": "Feature", "properties": { "osm_id": "13884527518", "highway": "traffic_signals" }, "geometry": { "type": "Point", "coordinates": [ 139.63472040000002, 35.416954 ] } },
{ "type": "Feature", "properties": { "osm_id": "13884527519", "highway": "traffic_signals" }, "geometry": { "type": "Point", "coordinates": [ 139.635222700000014, 35.4170679 ] } },
{ "type": "Feature", "properties": { "osm_id": "13891340461", "highway": "traffic_signals" }, "geometry": { "type": "Point", "coordinates": [ 139.6214674, 35.4230769 ] } },
{ "type": "Feature", "properties": { "osm_id": "13891340462", "highway": "traffic_signals" }, "geometry": { "type": "Point", "coordinates": [ 139.621228300000013, 35.4229467 ] } },
{ "type": "Feature", "properties": { "osm_id": "13891340463", "highway": "traffic_signals" }, "geometry": { "type": "Point", "coordinates": [ 139.6212659, 35.4231644 ] } },
{ "type": "Feature", "properties": { "osm_id": "13891541476", "highway": "traffic_signals" }, "geometry": { "type": "Point", "coordinates": [ 139.623301, 35.4208343 ] } },
{ "type": "Feature", "properties": { "osm_id": "13891541478", "highway": "traffic_signals" }, "geometry": { "type": "Point", "coordinates": [ 139.62368330000001, 35.4209438 ] } },
{ "type": "Feature", "properties": { "osm_id": "13891541479", "highway": "traffic_signals" }, "geometry": { "type": "Point", "coordinates": [ 139.623506, 35.4210071 ] } },
{ "type": "Feature", "properties": { "osm_id": "13891541485", "highway": "traffic_signals" }, "geometry": { "type": "Point", "coordinates": [ 139.621832500000011, 35.4202584 ] } },
{ "type": "Feature", "properties": { "osm_id": "13891541487", "highway": "traffic_signals" }, "geometry": { "type": "Point", "coordinates": [ 139.624011, 35.4193572 ] } },
{ "type": "Feature", "properties": { "osm_id": "13891541488", "highway": "traffic_signals" }, "geometry": { "type": "Point", "coordinates": [ 139.6237362, 35.4195436 ] } },
{ "type": "Feature", "properties": { "osm_id": "13891541489", "highway": "traffic_signals" }, "geometry": { "type": "Point", "coordinates": [ 139.6236825, 35.419121 ] } },
{ "type": "Feature", "properties": { "osm_id": "13891541490", "highway": "traffic_signals" }, "geometry": { "type": "Point", "coordinates": [ 139.626016600000014, 35.4191501 ] } },
{ "type": "Feature", "properties": { "osm_id": "13891541491", "highway": "traffic_signals" }, "geometry": { "type": "Point", "coordinates": [ 139.625616900000011, 35.4190886 ] } },
{ "type": "Feature", "properties": { "osm_id": "13891541492", "highway": "traffic_signals" }, "geometry": { "type": "Point", "coordinates": [ 139.625887700000021, 35.4189918 ] } },
{ "type": "Feature", "properties": { "osm_id": "13891541493", "highway": "traffic_signals" }, "geometry": { "type": "Point", "coordinates": [ 139.6258057, 35.4192251 ] } },
{ "type": "Feature", "properties": { "osm_id": "13891541494", "highway": "traffic_signals" }, "geometry": { "type": "Point", "coordinates": [ 139.626626400000021, 35.4192792 ] } },
{ "type": "Feature", "properties": { "osm_id": "13891541495", "highway": "traffic_signals" }, "geometry": { "type": "Point", "coordinates": [ 139.626237700000019, 35.4193447 ] } },
{ "type": "Feature", "properties": { "osm_id": "13891541496", "highway": "traffic_signals" }, "geometry": { "type": "Point", "coordinates": [ 139.62632050000002, 35.4190974 ] } },
{ "type": "Feature", "properties": { "osm_id": "13891541497", "highway": "traffic_signals" }, "geometry": { "type": "Point", "coordinates": [ 139.626158800000013, 35.4191811 ] } },
{ "type": "Feature", "properties": { "osm_id": "13891541498", "highway": "traffic_signals" }, "geometry": { "type": "Point", "coordinates": [ 139.628007, 35.4197249 ] } },
{ "type": "Feature", "properties": { "osm_id": "13891541499", "highway": "traffic_signals" }, "geometry": { "type": "Point", "coordinates": [ 139.6281021, 35.4194627 ] } },
{ "type": "Feature", "properties": { "osm_id": "13891548501", "highway": "traffic_signals" }, "geometry": { "type": "Point", "coordinates": [ 139.62784640000001, 35.4195593 ] } },
{ "type": "Feature", "properties": { "osm_id": "13891548502", "highway": "traffic_signals" }, "geometry": { "type": "Point", "coordinates": [ 139.6282013, 35.4196407 ] } },
{ "type": "Feature", "properties": { "osm_id": "14017787622", "highway": "traffic_signals" }, "geometry": { "type": "Point", "coordinates": [ 139.608583400000015, 35.4132438 ] } },
{ "type": "Feature", "properties": { "osm_id": "14017787623", "highway": "traffic_signals" }, "geometry": { "type": "Point", "coordinates": [ 139.608569, 35.4134857 ] } },
{ "type": "Feature", "properties": { "osm_id": "14028372988", "highway": "traffic_signals" }, "geometry": { "type": "Point", "coordinates": [ 139.616869, 35.401401 ] } },
{ "type": "Feature", "properties": { "osm_id": "14028372989", "highway": "traffic_signals" }, "geometry": { "type": "Point", "coordinates": [ 139.6162478, 35.401079 ] } },
{ "type": "Feature", "properties": { "osm_id": "14028372993", "highway": "traffic_signals" }, "geometry": { "type": "Point", "coordinates": [ 139.6169702, 35.4012319 ] } },
{ "type": "Feature", "properties": { "osm_id": "280902678", "highway": "traffic_signals" }, "geometry": { "type": "Point", "coordinates": [ 139.631094500000017, 35.4627923 ] } },
{ "type": "Feature", "properties": { "osm_id": "280902761", "highway": "traffic_signals" }, "geometry": { "type": "Point", "coordinates": [ 139.6268202, 35.4627953 ] } },
{ "type": "Feature", "properties": { "osm_id": "280902764", "highway": "traffic_signals" }, "geometry": { "type": "Point", "coordinates": [ 139.6266683, 35.4627955 ] } },
{ "type": "Feature", "properties": { "osm_id": "280902840", "highway": "traffic_signals" }, "geometry": { "type": "Point", "coordinates": [ 139.6267977, 35.4627062 ] } },
{ "type": "Feature", "properties": { "osm_id": "280902841", "highway": "traffic_signals" }, "geometry": { "type": "Point", "coordinates": [ 139.626645700000012, 35.4627068 ] } },
{ "type": "Feature", "properties": { "osm_id": "280902859", "highway": "traffic_signals" }, "geometry": { "type": "Point", "coordinates": [ 139.6268944, 35.4586337 ] } },
{ "type": "Feature", "properties": { "osm_id": "280902976", "highway": "traffic_signals" }, "geometry": { "type": "Point", "coordinates": [ 139.6265007, 35.4606076 ] } },
{ "type": "Feature", "properties": { "osm_id": "280902986", "highway": "traffic_signals" }, "geometry": { "type": "Point", "coordinates": [ 139.63113850000002, 35.4613304 ] } },
{ "type": "Feature", "properties": { "osm_id": "280903009", "highway": "traffic_signals" }, "geometry": { "type": "Point", "coordinates": [ 139.626658600000013, 35.4606346 ] } },
{ "type": "Feature", "properties": { "osm_id": "280903023", "highway": "traffic_signals" }, "geometry": { "type": "Point", "coordinates": [ 139.6282462, 35.4571501 ] } },
{ "type": "Feature", "properties": { "osm_id": "280903025", "highway": "traffic_signals" }, "geometry": { "type": "Point", "coordinates": [ 139.627010900000016, 35.4586963 ] } },
{ "type": "Feature", "properties": { "osm_id": "281749597", "highway": "traffic_signals" }, "geometry": { "type": "Point", "coordinates": [ 139.6311418, 35.4627923 ] } },
{ "type": "Feature", "properties": { "osm_id": "281755019", "highway": "traffic_signals" }, "geometry": { "type": "Point", "coordinates": [ 139.6337753, 35.4602254 ] } },
{ "type": "Feature", "properties": { "osm_id": "281755020", "highway": "traffic_signals" }, "geometry": { "type": "Point", "coordinates": [ 139.6338345, 35.4601494 ] } },
{ "type": "Feature", "properties": { "osm_id": "281755053", "highway": "traffic_signals" }, "geometry": { "type": "Point", "coordinates": [ 139.635380200000014, 35.4582258 ] } },
{ "type": "Feature", "properties": { "osm_id": "281755163", "highway": "traffic_signals" }, "geometry": { "type": "Point", "coordinates": [ 139.6335148, 35.4600863 ] } },
{ "type": "Feature", "properties": { "osm_id": "281755174", "highway": "traffic_signals" }, "geometry": { "type": "Point", "coordinates": [ 139.635060300000021, 35.4581628 ] } },
{ "type": "Feature", "properties": { "osm_id": "281755178", "highway": "traffic_signals" }, "geometry": { "type": "Point", "coordinates": [ 139.6360841, 35.4568873 ] } },
{ "type": "Feature", "properties": { "osm_id": "283015872", "highway": "traffic_signals" }, "geometry": { "type": "Point", "coordinates": [ 139.634062700000015, 35.4576251 ] } },
{ "type": "Feature", "properties": { "osm_id": "283015881", "highway": "traffic_signals" }, "geometry": { "type": "Point", "coordinates": [ 139.6297462, 35.4552984 ] } },
{ "type": "Feature", "properties": { "osm_id": "283015882", "highway": "traffic_signals" }, "geometry": { "type": "Point", "coordinates": [ 139.629617700000011, 35.4552291 ] } },
{ "type": "Feature", "properties": { "osm_id": "283015894", "highway": "traffic_signals" }, "geometry": { "type": "Point", "coordinates": [ 139.63412550000001, 35.4575487 ] } },
{ "type": "Feature", "properties": { "osm_id": "283015896", "highway": "traffic_signals" }, "geometry": { "type": "Point", "coordinates": [ 139.635121700000013, 35.4580863 ] } },
{ "type": "Feature", "properties": { "osm_id": "283015897", "highway": "traffic_signals" }, "geometry": { "type": "Point", "coordinates": [ 139.635318300000023, 35.4583019 ] } },
{ "type": "Feature", "properties": { "osm_id": "283015906", "highway": "traffic_signals" }, "geometry": { "type": "Point", "coordinates": [ 139.6311244, 35.4627044 ] } },
{ "type": "Feature", "properties": { "osm_id": "283015914", "highway": "traffic_signals" }, "geometry": { "type": "Point", "coordinates": [ 139.629875, 35.4611865 ] } },
{ "type": "Feature", "properties": { "osm_id": "283015917", "highway": "traffic_signals" }, "geometry": { "type": "Point", "coordinates": [ 139.6303518, 35.460489 ] } },
{ "type": "Feature", "properties": { "osm_id": "283015923", "highway": "traffic_signals" }, "geometry": { "type": "Point", "coordinates": [ 139.6315295, 35.4590259 ] } },
{ "type": "Feature", "properties": { "osm_id": "283015924", "highway": "traffic_signals" }, "geometry": { "type": "Point", "coordinates": [ 139.631592300000023, 35.4589478 ] } },
{ "type": "Feature", "properties": { "osm_id": "283015931", "highway": "traffic_signals" }, "geometry": { "type": "Point", "coordinates": [ 139.633082, 35.4570965 ] } },
{ "type": "Feature", "properties": { "osm_id": "283015932", "highway": "traffic_signals" }, "geometry": { "type": "Point", "coordinates": [ 139.6330978, 35.4569941 ] } },
{ "type": "Feature", "properties": { "osm_id": "283015941", "highway": "traffic_signals" }, "geometry": { "type": "Point", "coordinates": [ 139.62804220000001, 35.4592497 ] } },
{ "type": "Feature", "properties": { "osm_id": "283015946", "highway": "traffic_signals" }, "geometry": { "type": "Point", "coordinates": [ 139.630258700000013, 35.460439 ] } },
{ "type": "Feature", "properties": { "osm_id": "283015971", "highway": "traffic_signals" }, "geometry": { "type": "Point", "coordinates": [ 139.62979660000002, 35.4610772 ] } },
{ "type": "Feature", "properties": { "osm_id": "283015982", "highway": "traffic_signals" }, "geometry": { "type": "Point", "coordinates": [ 139.632988300000022, 35.457046 ] } },
{ "type": "Feature", "properties": { "osm_id": "283015986", "highway": "traffic_signals" }, "geometry": { "type": "Point", "coordinates": [ 139.629906300000016, 35.4610963 ] } },
{ "type": "Feature", "properties": { "osm_id": "283015993", "highway": "traffic_signals" }, "geometry": { "type": "Point", "coordinates": [ 139.6311756, 35.4612383 ] } },
{ "type": "Feature", "properties": { "osm_id": "283015997", "highway": "traffic_signals" }, "geometry": { "type": "Point", "coordinates": [ 139.6265033, 35.4605087 ] } },
{ "type": "Feature", "properties": { "osm_id": "283016001", "highway": "traffic_signals" }, "geometry": { "type": "Point", "coordinates": [ 139.626659, 35.4605339 ] } },
{ "type": "Feature", "properties": { "osm_id": "283016006", "highway": "traffic_signals" }, "geometry": { "type": "Point", "coordinates": [ 139.629765500000019, 35.4611677 ] } },
{ "type": "Feature", "properties": { "osm_id": "283016293", "highway": "traffic_signals" }, "geometry": { "type": "Point", "coordinates": [ 139.629221, 35.4577835 ] } },
{ "type": "Feature", "properties": { "osm_id": "283016301", "highway": "traffic_signals" }, "geometry": { "type": "Point", "coordinates": [ 139.63077370000002, 35.4558522 ] } },
{ "type": "Feature", "properties": { "osm_id": "283016303", "highway": "traffic_signals" }, "geometry": { "type": "Point", "coordinates": [ 139.6308367, 35.4557738 ] } },
{ "type": "Feature", "properties": { "osm_id": "283016321", "highway": "traffic_signals" }, "geometry": { "type": "Point", "coordinates": [ 139.6280657, 35.4571568 ] } },
{ "type": "Feature", "properties": { "osm_id": "283016322", "highway": "traffic_signals" }, "geometry": { "type": "Point", "coordinates": [ 139.6281855, 35.4572202 ] } },
{ "type": "Feature", "properties": { "osm_id": "283016333", "highway": "traffic_signals" }, "geometry": { "type": "Point", "coordinates": [ 139.6314361, 35.4589756 ] } },
{ "type": "Feature", "properties": { "osm_id": "283016337", "highway": "traffic_signals" }, "geometry": { "type": "Point", "coordinates": [ 139.632513400000022, 35.4595514 ] } },
{ "type": "Feature", "properties": { "osm_id": "283016345", "highway": "traffic_signals" }, "geometry": { "type": "Point", "coordinates": [ 139.6335727, 35.4600087 ] } },
{ "type": "Feature", "properties": { "osm_id": "283016348", "highway": "traffic_signals" }, "geometry": { "type": "Point", "coordinates": [ 139.632575200000019, 35.4594743 ] } },
{ "type": "Feature", "properties": { "osm_id": "283016369", "highway": "traffic_signals" }, "geometry": { "type": "Point", "coordinates": [ 139.628122600000012, 35.4570838 ] } },
{ "type": "Feature", "properties": { "osm_id": "283016371", "highway": "traffic_signals" }, "geometry": { "type": "Point", "coordinates": [ 139.629285, 35.4577039 ] } },
{ "type": "Feature", "properties": { "osm_id": "283016389", "highway": "traffic_signals" }, "geometry": { "type": "Point", "coordinates": [ 139.631498, 35.4588986 ] } },
{ "type": "Feature", "properties": { "osm_id": "283016792", "highway": "traffic_signals" }, "geometry": { "type": "Point", "coordinates": [ 139.60546260000001, 35.4511493 ] } },
{ "type": "Feature", "properties": { "osm_id": "283016825", "highway": "traffic_signals" }, "geometry": { "type": "Point", "coordinates": [ 139.6202767, 35.4576457 ] } },
{ "type": "Feature", "properties": { "osm_id": "283626303", "highway": "traffic_signals" }, "geometry": { "type": "Point", "coordinates": [ 139.624058, 35.4606133 ] } },
{ "type": "Feature", "properties": { "osm_id": "283626305", "highway": "traffic_signals" }, "geometry": { "type": "Point", "coordinates": [ 139.624048400000021, 35.4605125 ] } },
{ "type": "Feature", "properties": { "osm_id": "283626533", "highway": "traffic_signals" }, "geometry": { "type": "Point", "coordinates": [ 139.623466300000018, 35.4596467 ] } },
{ "type": "Feature", "properties": { "osm_id": "283626704", "highway": "traffic_signals" }, "geometry": { "type": "Point", "coordinates": [ 139.636348200000015, 35.4570283 ] } },
{ "type": "Feature", "properties": { "osm_id": "283654328", "highway": "traffic_signals" }, "geometry": { "type": "Point", "coordinates": [ 139.6203103, 35.4575794 ] } },
{ "type": "Feature", "properties": { "osm_id": "289814155", "highway": "traffic_signals" }, "geometry": { "type": "Point", "coordinates": [ 139.6246715, 35.4507435 ] } },
{ "type": "Feature", "properties": { "osm_id": "290322233", "highway": "traffic_signals" }, "geometry": { "type": "Point", "coordinates": [ 139.630447, 35.4583304 ] } },
{ "type": "Feature", "properties": { "osm_id": "290322234", "highway": "traffic_signals" }, "geometry": { "type": "Point", "coordinates": [ 139.6303838, 35.4584093 ] } },
{ "type": "Feature", "properties": { "osm_id": "290322235", "highway": "traffic_signals" }, "geometry": { "type": "Point", "coordinates": [ 139.629205, 35.4598736 ] } },
{ "type": "Feature", "properties": { "osm_id": "290384495", "highway": "traffic_signals" }, "geometry": { "type": "Point", "coordinates": [ 139.6147555, 35.4607766 ] } },
{ "type": "Feature", "properties": { "osm_id": "290384529", "highway": "traffic_signals" }, "geometry": { "type": "Point", "coordinates": [ 139.6173727, 35.4575789 ] } },
{ "type": "Feature", "properties": { "osm_id": "290384532", "highway": "traffic_signals" }, "geometry": { "type": "Point", "coordinates": [ 139.61795, 35.4568325 ] } },
{ "type": "Feature", "properties": { "osm_id": "290384533", "highway": "traffic_signals" }, "geometry": { "type": "Point", "coordinates": [ 139.6181032, 35.4567934 ] } },
{ "type": "Feature", "properties": { "osm_id": "290384538", "highway": "traffic_signals" }, "geometry": { "type": "Point", "coordinates": [ 139.6191226, 35.4551804 ] } },
{ "type": "Feature", "properties": { "osm_id": "290384605", "highway": "traffic_signals" }, "geometry": { "type": "Point", "coordinates": [ 139.624753700000014, 35.4508198 ] } },
{ "type": "Feature", "properties": { "osm_id": "291939814", "highway": "traffic_signals" }, "geometry": { "type": "Point", "coordinates": [ 139.629064200000016, 35.452542 ] } },
{ "type": "Feature", "properties": { "osm_id": "292233955", "highway": "traffic_signals" }, "geometry": { "type": "Point", "coordinates": [ 139.62329840000001, 35.4590819 ] } },
{ "type": "Feature", "properties": { "osm_id": "292233964", "highway": "traffic_signals" }, "geometry": { "type": "Point", "coordinates": [ 139.6231751, 35.4592151 ] } },
{ "type": "Feature", "properties": { "osm_id": "292233991", "highway": "traffic_signals" }, "geometry": { "type": "Point", "coordinates": [ 139.620364100000018, 35.4607576 ] } },
{ "type": "Feature", "properties": { "osm_id": "292234011", "highway": "traffic_signals" }, "geometry": { "type": "Point", "coordinates": [ 139.6224364, 35.4631153 ] } },
{ "type": "Feature", "properties": { "osm_id": "292234050", "highway": "traffic_signals" }, "geometry": { "type": "Point", "coordinates": [ 139.623680800000017, 35.4605871 ] } },
{ "type": "Feature", "properties": { "osm_id": "293559281", "highway": "traffic_signals" }, "geometry": { "type": "Point", "coordinates": [ 139.623361400000022, 35.4591939 ] } },
{ "type": "Feature", "properties": { "osm_id": "293559282", "highway": "traffic_signals" }, "geometry": { "type": "Point", "coordinates": [ 139.623230400000011, 35.4592991 ] } },
{ "type": "Feature", "properties": { "osm_id": "304565617", "highway": "traffic_signals" }, "geometry": { "type": "Point", "coordinates": [ 139.614027100000015, 35.4642647 ] } },
{ "type": "Feature", "properties": { "osm_id": "304565618", "highway": "traffic_signals" }, "geometry": { "type": "Point", "coordinates": [ 139.615585900000013, 35.4634124 ] } },
{ "type": "Feature", "properties": { "osm_id": "307567787", "highway": "traffic_signals" }, "geometry": { "type": "Point", "coordinates": [ 139.6205544, 35.453175 ] } },
{ "type": "Feature", "properties": { "osm_id": "307568730", "highway": "traffic_signals" }, "geometry": { "type": "Point", "coordinates": [ 139.6217843, 35.4519106 ] } },
{ "type": "Feature", "properties": { "osm_id": "307568742", "highway": "traffic_signals" }, "geometry": { "type": "Point", "coordinates": [ 139.6224009, 35.4513558 ] } },
{ "type": "Feature", "properties": { "osm_id": "307568755", "highway": "traffic_signals" }, "geometry": { "type": "Point", "coordinates": [ 139.618007800000015, 35.4567524 ] } },
{ "type": "Feature", "properties": { "osm_id": "307568763", "highway": "traffic_signals" }, "geometry": { "type": "Point", "coordinates": [ 139.6190348, 35.4551487 ] } },
{ "type": "Feature", "properties": { "osm_id": "311955532", "highway": "traffic_signals" }, "geometry": { "type": "Point", "coordinates": [ 139.6119793, 35.4654129 ] } },
{ "type": "Feature", "properties": { "osm_id": "312116705", "highway": "traffic_signals" }, "geometry": { "type": "Point", "coordinates": [ 139.617862800000012, 35.4583611 ] } },
{ "type": "Feature", "properties": { "osm_id": "313667564", "highway": "traffic_signals" }, "geometry": { "type": "Point", "coordinates": [ 139.6238036, 35.446617 ] } },
{ "type": "Feature", "properties": { "osm_id": "364973407", "highway": "traffic_signals" }, "geometry": { "type": "Point", "coordinates": [ 139.6329517, 35.4612468 ] } },
{ "type": "Feature", "properties": { "osm_id": "364973408", "highway": "traffic_signals" }, "geometry": { "type": "Point", "coordinates": [ 139.6329284, 35.4613398 ] } },
{ "type": "Feature", "properties": { "osm_id": "364973420", "highway": "traffic_signals" }, "geometry": { "type": "Point", "coordinates": [ 139.6329088, 35.4627056 ] } },
{ "type": "Feature", "properties": { "osm_id": "364973582", "highway": "traffic_signals" }, "geometry": { "type": "Point", "coordinates": [ 139.6332702, 35.4612483 ] } },
{ "type": "Feature", "properties": { "osm_id": "364973603", "highway": "traffic_signals" }, "geometry": { "type": "Point", "coordinates": [ 139.633251600000023, 35.4627065 ] } },
{ "type": "Feature", "properties": { "osm_id": "364973606", "highway": "traffic_signals" }, "geometry": { "type": "Point", "coordinates": [ 139.6329216, 35.462794 ] } },
{ "type": "Feature", "properties": { "osm_id": "364973611", "highway": "traffic_signals" }, "geometry": { "type": "Point", "coordinates": [ 139.633268500000014, 35.4627943 ] } },
{ "type": "Feature", "properties": { "osm_id": "364973659", "highway": "traffic_signals" }, "geometry": { "type": "Point", "coordinates": [ 139.624032600000021, 35.4641319 ] } },
{ "type": "Feature", "properties": { "osm_id": "370574641", "highway": "traffic_signals" }, "geometry": { "type": "Point", "coordinates": [ 139.6131614, 35.4508025 ] } },
{ "type": "Feature", "properties": { "osm_id": "402343273", "highway": "traffic_signals" }, "geometry": { "type": "Point", "coordinates": [ 139.6063987, 35.4566136 ] } },
{ "type": "Feature", "properties": { "osm_id": "402345646", "highway": "traffic_signals" }, "geometry": { "type": "Point", "coordinates": [ 139.6120784, 35.4653529 ] } },
{ "type": "Feature", "properties": { "osm_id": "402345654", "highway": "traffic_signals" }, "geometry": { "type": "Point", "coordinates": [ 139.6120443, 35.4654816 ] } },
{ "type": "Feature", "properties": { "osm_id": "402345658", "highway": "traffic_signals" }, "geometry": { "type": "Point", "coordinates": [ 139.6141112, 35.4643233 ] } },
{ "type": "Feature", "properties": { "osm_id": "402345659", "highway": "traffic_signals" }, "geometry": { "type": "Point", "coordinates": [ 139.615703700000012, 35.4634597 ] } },
{ "type": "Feature", "properties": { "osm_id": "402345661", "highway": "traffic_signals" }, "geometry": { "type": "Point", "coordinates": [ 139.620462800000013, 35.460795 ] } },
{ "type": "Feature", "properties": { "osm_id": "410439710", "highway": "traffic_signals" }, "geometry": { "type": "Point", "coordinates": [ 139.607631700000013, 35.456188 ] } },
{ "type": "Feature", "properties": { "osm_id": "410440465", "highway": "traffic_signals" }, "geometry": { "type": "Point", "coordinates": [ 139.6158155, 35.4688379 ] } },
{ "type": "Feature", "properties": { "osm_id": "448832974", "highway": "traffic_signals" }, "geometry": { "type": "Point", "coordinates": [ 139.608597, 35.4610688 ] } },
{ "type": "Feature", "properties": { "osm_id": "448832975", "highway": "traffic_signals" }, "geometry": { "type": "Point", "coordinates": [ 139.60850240000002, 35.4611067 ] } },
{ "type": "Feature", "properties": { "osm_id": "476479649", "highway": "traffic_signals" }, "geometry": { "type": "Point", "coordinates": [ 139.6087647, 35.4569089 ] } },
{ "type": "Feature", "properties": { "osm_id": "476496757", "highway": "traffic_signals" }, "geometry": { "type": "Point", "coordinates": [ 139.6135365, 35.46227 ] } },
{ "type": "Feature", "properties": { "osm_id": "476496761", "highway": "traffic_signals" }, "geometry": { "type": "Point", "coordinates": [ 139.6124829, 35.4635014 ] } },
{ "type": "Feature", "properties": { "osm_id": "476496763", "highway": "traffic_signals" }, "geometry": { "type": "Point", "coordinates": [ 139.61128930000001, 35.4644437 ] } },
{ "type": "Feature", "properties": { "osm_id": "476496765", "highway": "traffic_signals" }, "geometry": { "type": "Point", "coordinates": [ 139.611210700000015, 35.4645041 ] } },
{ "type": "Feature", "properties": { "osm_id": "476496767", "highway": "traffic_signals" }, "geometry": { "type": "Point", "coordinates": [ 139.6153827, 35.4688707 ] } },
{ "type": "Feature", "properties": { "osm_id": "476496769", "highway": "traffic_signals" }, "geometry": { "type": "Point", "coordinates": [ 139.6154914, 35.4688018 ] } },
{ "type": "Feature", "properties": { "osm_id": "476499287", "highway": "traffic_signals" }, "geometry": { "type": "Point", "coordinates": [ 139.614750900000018, 35.4685694 ] } },
{ "type": "Feature", "properties": { "osm_id": "476499288", "highway": "traffic_signals" }, "geometry": { "type": "Point", "coordinates": [ 139.6148168, 35.4684993 ] } },
{ "type": "Feature", "properties": { "osm_id": "742625867", "highway": "traffic_signals" }, "geometry": { "type": "Point", "coordinates": [ 139.6206881, 35.4664867 ] } },
{ "type": "Feature", "properties": { "osm_id": "742625950", "highway": "traffic_signals" }, "geometry": { "type": "Point", "coordinates": [ 139.620732700000019, 35.4671215 ] } },
{ "type": "Feature", "properties": { "osm_id": "771522299", "highway": "traffic_signals" }, "geometry": { "type": "Point", "coordinates": [ 139.609183200000018, 35.4528065 ] } },
{ "type": "Feature", "properties": { "osm_id": "771522301", "highway": "traffic_signals" }, "geometry": { "type": "Point", "coordinates": [ 139.609250300000014, 35.4526971 ] } },
{ "type": "Feature", "properties": { "osm_id": "832413865", "highway": "traffic_signals" }, "geometry": { "type": "Point", "coordinates": [ 139.619749800000022, 35.465987 ] } },
{ "type": "Feature", "properties": { "osm_id": "832413911", "highway": "traffic_signals" }, "geometry": { "type": "Point", "coordinates": [ 139.618668, 35.4673284 ] } },
{ "type": "Feature", "properties": { "osm_id": "832413959", "highway": "traffic_signals" }, "geometry": { "type": "Point", "coordinates": [ 139.613020800000015, 35.4665431 ] } },
{ "type": "Feature", "properties": { "osm_id": "832414008", "highway": "traffic_signals" }, "geometry": { "type": "Point", "coordinates": [ 139.6131277, 35.4664993 ] } },
{ "type": "Feature", "properties": { "osm_id": "845543669", "highway": "traffic_signals" }, "geometry": { "type": "Point", "coordinates": [ 139.617126400000018, 35.4650977 ] } },
{ "type": "Feature", "properties": { "osm_id": "845543671", "highway": "traffic_signals" }, "geometry": { "type": "Point", "coordinates": [ 139.616365, 35.4664767 ] } },
{ "type": "Feature", "properties": { "osm_id": "845543677", "highway": "traffic_signals" }, "geometry": { "type": "Point", "coordinates": [ 139.618763600000023, 35.4657057 ] } },
{ "type": "Feature", "properties": { "osm_id": "855707367", "highway": "traffic_signals" }, "geometry": { "type": "Point", "coordinates": [ 139.6102103, 35.4606936 ] } },
{ "type": "Feature", "properties": { "osm_id": "908324312", "highway": "traffic_signals" }, "geometry": { "type": "Point", "coordinates": [ 139.611666, 35.4591023 ] } },
{ "type": "Feature", "properties": { "osm_id": "908324418", "highway": "traffic_signals" }, "geometry": { "type": "Point", "coordinates": [ 139.6150058, 35.4553864 ] } },
{ "type": "Feature", "properties": { "osm_id": "908324432", "highway": "traffic_signals" }, "geometry": { "type": "Point", "coordinates": [ 139.614936300000011, 35.4554741 ] } },
{ "type": "Feature", "properties": { "osm_id": "922163450", "highway": "traffic_signals" }, "geometry": { "type": "Point", "coordinates": [ 139.616340400000013, 35.4643466 ] } },
{ "type": "Feature", "properties": { "osm_id": "922163459", "highway": "traffic_signals" }, "geometry": { "type": "Point", "coordinates": [ 139.607696800000014, 35.4591576 ] } },
{ "type": "Feature", "properties": { "osm_id": "922163475", "highway": "traffic_signals" }, "geometry": { "type": "Point", "coordinates": [ 139.6120268, 35.4638697 ] } },
{ "type": "Feature", "properties": { "osm_id": "922163478", "highway": "traffic_signals" }, "geometry": { "type": "Point", "coordinates": [ 139.6075973, 35.4591825 ] } },
{ "type": "Feature", "properties": { "osm_id": "936598700", "highway": "traffic_signals" }, "geometry": { "type": "Point", "coordinates": [ 139.614386200000013, 35.4659838 ] } },
{ "type": "Feature", "properties": { "osm_id": "936598716", "highway": "traffic_signals" }, "geometry": { "type": "Point", "coordinates": [ 139.6177883, 35.4670043 ] } },
{ "type": "Feature", "properties": { "osm_id": "954627704", "highway": "traffic_signals" }, "geometry": { "type": "Point", "coordinates": [ 139.6100653, 35.4582281 ] } },
{ "type": "Feature", "properties": { "osm_id": "979104341", "highway": "traffic_signals" }, "geometry": { "type": "Point", "coordinates": [ 139.6108357, 35.4618486 ] } },
{ "type": "Feature", "properties": { "osm_id": "979104355", "highway": "traffic_signals" }, "geometry": { "type": "Point", "coordinates": [ 139.611441800000023, 35.4611251 ] } },
{ "type": "Feature", "properties": { "osm_id": "979104357", "highway": "traffic_signals" }, "geometry": { "type": "Point", "coordinates": [ 139.6105717, 35.461999 ] } },
{ "type": "Feature", "properties": { "osm_id": "979104358", "highway": "traffic_signals" }, "geometry": { "type": "Point", "coordinates": [ 139.609665700000022, 35.4624916 ] } },
{ "type": "Feature", "properties": { "osm_id": "979104363", "highway": "traffic_signals" }, "geometry": { "type": "Point", "coordinates": [ 139.609582400000022, 35.4625375 ] } },
{ "type": "Feature", "properties": { "osm_id": "1016021840", "highway": "traffic_signals" }, "geometry": { "type": "Point", "coordinates": [ 139.6207919, 35.4664763 ] } },
{ "type": "Feature", "properties": { "osm_id": "1016021878", "highway": "traffic_signals" }, "geometry": { "type": "Point", "coordinates": [ 139.615980700000023, 35.4671724 ] } },
{ "type": "Feature", "properties": { "osm_id": "1019507312", "highway": "traffic_signals" }, "geometry": { "type": "Point", "coordinates": [ 139.6075424, 35.4608449 ] } },
{ "type": "Feature", "properties": { "osm_id": "1019714469", "highway": "traffic_signals" }, "geometry": { "type": "Point", "coordinates": [ 139.6156439, 35.4689139 ] } },
{ "type": "Feature", "properties": { "osm_id": "1064013215", "highway": "traffic_signals" }, "geometry": { "type": "Point", "coordinates": [ 139.6298103, 35.4552199 ] } },
{ "type": "Feature", "properties": { "osm_id": "1064014694", "highway": "traffic_signals" }, "geometry": { "type": "Point", "coordinates": [ 139.6296849, 35.4551522 ] } },
{ "type": "Feature", "properties": { "osm_id": "1093024373", "highway": "traffic_signals" }, "geometry": { "type": "Point", "coordinates": [ 139.622579200000018, 35.4584777 ] } },
{ "type": "Feature", "properties": { "osm_id": "1093024412", "highway": "traffic_signals" }, "geometry": { "type": "Point", "coordinates": [ 139.6239956, 35.456574 ] } },
{ "type": "Feature", "properties": { "osm_id": "1093024436", "highway": "traffic_signals" }, "geometry": { "type": "Point", "coordinates": [ 139.617346, 35.4535454 ] } },
{ "type": "Feature", "properties": { "osm_id": "1093024451", "highway": "traffic_signals" }, "geometry": { "type": "Point", "coordinates": [ 139.623514700000015, 35.4573131 ] } },
{ "type": "Feature", "properties": { "osm_id": "1093024452", "highway": "traffic_signals" }, "geometry": { "type": "Point", "coordinates": [ 139.62492180000001, 35.4570221 ] } },
{ "type": "Feature", "properties": { "osm_id": "1093024467", "highway": "traffic_signals" }, "geometry": { "type": "Point", "coordinates": [ 139.6227031, 35.4583312 ] } },
{ "type": "Feature", "properties": { "osm_id": "1093024492", "highway": "traffic_signals" }, "geometry": { "type": "Point", "coordinates": [ 139.6167471, 35.4525977 ] } },
{ "type": "Feature", "properties": { "osm_id": "1093024540", "highway": "traffic_signals" }, "geometry": { "type": "Point", "coordinates": [ 139.624366900000012, 35.4552439 ] } },
{ "type": "Feature", "properties": { "osm_id": "1093032653", "highway": "traffic_signals" }, "geometry": { "type": "Point", "coordinates": [ 139.6267397, 35.4547388 ] } },
{ "type": "Feature", "properties": { "osm_id": "1093035699", "highway": "traffic_signals" }, "geometry": { "type": "Point", "coordinates": [ 139.6218814, 35.4579993 ] } },
{ "type": "Feature", "properties": { "osm_id": "1093301709", "highway": "traffic_signals" }, "geometry": { "type": "Point", "coordinates": [ 139.62397630000001, 35.4532867 ] } },
{ "type": "Feature", "properties": { "osm_id": "1093301759", "highway": "traffic_signals" }, "geometry": { "type": "Point", "coordinates": [ 139.619695700000022, 35.4539711 ] } },
{ "type": "Feature", "properties": { "osm_id": "1093358899", "highway": "traffic_signals" }, "geometry": { "type": "Point", "coordinates": [ 139.621784500000018, 35.458199 ] } },
{ "type": "Feature", "properties": { "osm_id": "1093358942", "highway": "traffic_signals" }, "geometry": { "type": "Point", "coordinates": [ 139.6204563, 35.4607077 ] } },
{ "type": "Feature", "properties": { "osm_id": "1093359020", "highway": "traffic_signals" }, "geometry": { "type": "Point", "coordinates": [ 139.620106100000015, 35.4605097 ] } },
{ "type": "Feature", "properties": { "osm_id": "1093359056", "highway": "traffic_signals" }, "geometry": { "type": "Point", "coordinates": [ 139.6189096, 35.4593602 ] } },
{ "type": "Feature", "properties": { "osm_id": "1093359061", "highway": "traffic_signals" }, "geometry": { "type": "Point", "coordinates": [ 139.617180600000012, 35.4591736 ] } },
{ "type": "Feature", "properties": { "osm_id": "1093467181", "highway": "traffic_signals" }, "geometry": { "type": "Point", "coordinates": [ 139.619604400000014, 35.453932 ] } },
{ "type": "Feature", "properties": { "osm_id": "1093467233", "highway": "traffic_signals" }, "geometry": { "type": "Point", "coordinates": [ 139.616357100000016, 35.4535227 ] } },
{ "type": "Feature", "properties": { "osm_id": "1093467795", "highway": "traffic_signals" }, "geometry": { "type": "Point", "coordinates": [ 139.62053210000002, 35.4530584 ] } },
{ "type": "Feature", "properties": { "osm_id": "1108474079", "highway": "traffic_signals" }, "geometry": { "type": "Point", "coordinates": [ 139.615619800000019, 35.4545584 ] } },
{ "type": "Feature", "properties": { "osm_id": "1108474091", "highway": "traffic_signals" }, "geometry": { "type": "Point", "coordinates": [ 139.610612800000013, 35.452018 ] } },
{ "type": "Feature", "properties": { "osm_id": "1108474106", "highway": "traffic_signals" }, "geometry": { "type": "Point", "coordinates": [ 139.6164932, 35.4561011 ] } },
{ "type": "Feature", "properties": { "osm_id": "1109075189", "highway": "traffic_signals" }, "geometry": { "type": "Point", "coordinates": [ 139.607583, 35.4520034 ] } },
{ "type": "Feature", "properties": { "osm_id": "1109075786", "highway": "traffic_signals" }, "geometry": { "type": "Point", "coordinates": [ 139.6055072, 35.4510768 ] } },
{ "type": "Feature", "properties": { "osm_id": "1109100618", "highway": "traffic_signals" }, "geometry": { "type": "Point", "coordinates": [ 139.614036100000021, 35.4463137 ] } },
{ "type": "Feature", "properties": { "osm_id": "1109100872", "highway": "traffic_signals" }, "geometry": { "type": "Point", "coordinates": [ 139.614474600000023, 35.4453726 ] } },
{ "type": "Feature", "properties": { "osm_id": "1271556165", "highway": "traffic_signals" }, "geometry": { "type": "Point", "coordinates": [ 139.622764400000023, 35.462061 ] } },
{ "type": "Feature", "properties": { "osm_id": "1271556179", "highway": "traffic_signals" }, "geometry": { "type": "Point", "coordinates": [ 139.621446500000019, 35.4619465 ] } },
{ "type": "Feature", "properties": { "osm_id": "1271556181", "highway": "traffic_signals" }, "geometry": { "type": "Point", "coordinates": [ 139.625279700000021, 35.4572534 ] } },
{ "type": "Feature", "properties": { "osm_id": "1271556184", "highway": "traffic_signals" }, "geometry": { "type": "Point", "coordinates": [ 139.6291592, 35.4526119 ] } },
{ "type": "Feature", "properties": { "osm_id": "1271556191", "highway": "traffic_signals" }, "geometry": { "type": "Point", "coordinates": [ 139.625344, 35.4571745 ] } },
{ "type": "Feature", "properties": { "osm_id": "1271556196", "highway": "traffic_signals" }, "geometry": { "type": "Point", "coordinates": [ 139.624973400000016, 35.4571463 ] } },
{ "type": "Feature", "properties": { "osm_id": "1271608885", "highway": "traffic_signals" }, "geometry": { "type": "Point", "coordinates": [ 139.6273108, 35.4547349 ] } },
{ "type": "Feature", "properties": { "osm_id": "1271608899", "highway": "traffic_signals" }, "geometry": { "type": "Point", "coordinates": [ 139.6269331, 35.4546787 ] } },
{ "type": "Feature", "properties": { "osm_id": "1271608951", "highway": "traffic_signals" }, "geometry": { "type": "Point", "coordinates": [ 139.6262116, 35.4560951 ] } },
{ "type": "Feature", "properties": { "osm_id": "1395055580", "highway": "traffic_signals" }, "geometry": { "type": "Point", "coordinates": [ 139.611551600000013, 35.4659016 ] } },
{ "type": "Feature", "properties": { "osm_id": "1480249465", "highway": "traffic_signals" }, "geometry": { "type": "Point", "coordinates": [ 139.620334900000017, 35.4575187 ] } },
{ "type": "Feature", "properties": { "osm_id": "1480249468", "highway": "traffic_signals" }, "geometry": { "type": "Point", "coordinates": [ 139.620242100000013, 35.4576993 ] } },
{ "type": "Feature", "properties": { "osm_id": "1497224161", "highway": "traffic_signals" }, "geometry": { "type": "Point", "coordinates": [ 139.6193997, 35.4572712 ] } },
{ "type": "Feature", "properties": { "osm_id": "1717755160", "highway": "traffic_signals" }, "geometry": { "type": "Point", "coordinates": [ 139.607068700000013, 35.4580397 ] } },
{ "type": "Feature", "properties": { "osm_id": "1717755161", "highway": "traffic_signals" }, "geometry": { "type": "Point", "coordinates": [ 139.607171100000016, 35.4580081 ] } },
{ "type": "Feature", "properties": { "osm_id": "1719322350", "highway": "traffic_signals" }, "geometry": { "type": "Point", "coordinates": [ 139.6235859, 35.4595437 ] } },
{ "type": "Feature", "properties": { "osm_id": "1784320617", "highway": "traffic_signals" }, "geometry": { "type": "Point", "coordinates": [ 139.6124858, 35.4541817 ] } },
{ "type": "Feature", "properties": { "osm_id": "1784320618", "highway": "traffic_signals" }, "geometry": { "type": "Point", "coordinates": [ 139.612369600000022, 35.4542474 ] } },
{ "type": "Feature", "properties": { "osm_id": "1784320619", "highway": "traffic_signals" }, "geometry": { "type": "Point", "coordinates": [ 139.61264220000001, 35.4542513 ] } },
{ "type": "Feature", "properties": { "osm_id": "1784320620", "highway": "traffic_signals" }, "geometry": { "type": "Point", "coordinates": [ 139.6125527, 35.4543286 ] } },
{ "type": "Feature", "properties": { "osm_id": "1784321831", "highway": "traffic_signals" }, "geometry": { "type": "Point", "coordinates": [ 139.6129067, 35.453136 ] } },
{ "type": "Feature", "properties": { "osm_id": "1784753710", "highway": "traffic_signals" }, "geometry": { "type": "Point", "coordinates": [ 139.611432800000017, 35.4659099 ] } },
{ "type": "Feature", "properties": { "osm_id": "1784753740", "highway": "traffic_signals" }, "geometry": { "type": "Point", "coordinates": [ 139.612137500000017, 35.4654249 ] } },
{ "type": "Feature", "properties": { "osm_id": "1803996629", "highway": "traffic_signals" }, "geometry": { "type": "Point", "coordinates": [ 139.611419300000023, 35.4687542 ] } },
{ "type": "Feature", "properties": { "osm_id": "2255920906", "highway": "traffic_signals" }, "geometry": { "type": "Point", "coordinates": [ 139.6201796, 35.4650732 ] } },
{ "type": "Feature", "properties": { "osm_id": "2279215811", "highway": "traffic_signals" }, "geometry": { "type": "Point", "coordinates": [ 139.624015400000019, 35.465053 ] } },
{ "type": "Feature", "properties": { "osm_id": "2562561843", "highway": "traffic_signals" }, "geometry": { "type": "Point", "coordinates": [ 139.616440400000016, 35.4561815 ] } },
{ "type": "Feature", "properties": { "osm_id": "2562570524", "highway": "traffic_signals" }, "geometry": { "type": "Point", "coordinates": [ 139.606162800000021, 35.4550884 ] } },
{ "type": "Feature", "properties": { "osm_id": "3000942931", "highway": "traffic_signals" }, "geometry": { "type": "Point", "coordinates": [ 139.6105152, 35.4606319 ] } },
{ "type": "Feature", "properties": { "osm_id": "3041252684", "highway": "traffic_signals" }, "geometry": { "type": "Point", "coordinates": [ 139.619362700000011, 35.4573551 ] } },
{ "type": "Feature", "properties": { "osm_id": "3050523850", "highway": "traffic_signals" }, "geometry": { "type": "Point", "coordinates": [ 139.625410400000021, 35.4572557 ] } },
{ "type": "Feature", "properties": { "osm_id": "3256339652", "highway": "traffic_signals" }, "geometry": { "type": "Point", "coordinates": [ 139.613832700000017, 35.4483634 ] } },
{ "type": "Feature", "properties": { "osm_id": "3672085777", "highway": "traffic_signals" }, "geometry": { "type": "Point", "coordinates": [ 139.613745600000016, 35.4674363 ] } },
{ "type": "Feature", "properties": { "osm_id": "3672085778", "highway": "traffic_signals" }, "geometry": { "type": "Point", "coordinates": [ 139.6136496, 35.4674851 ] } },
{ "type": "Feature", "properties": { "osm_id": "3806024217", "highway": "traffic_signals" }, "geometry": { "type": "Point", "coordinates": [ 139.6077157, 35.4562449 ] } },
{ "type": "Feature", "properties": { "osm_id": "3806024221", "highway": "traffic_signals" }, "geometry": { "type": "Point", "coordinates": [ 139.606531600000011, 35.4566586 ] } },
{ "type": "Feature", "properties": { "osm_id": "3806024222", "highway": "traffic_signals" }, "geometry": { "type": "Point", "coordinates": [ 139.6064202, 35.4566921 ] } },
{ "type": "Feature", "properties": { "osm_id": "3806171084", "highway": "traffic_signals" }, "geometry": { "type": "Point", "coordinates": [ 139.618806700000022, 35.4430234 ] } },
{ "type": "Feature", "properties": { "osm_id": "3806171096", "highway": "traffic_signals" }, "geometry": { "type": "Point", "coordinates": [ 139.615331200000014, 35.444335 ] } },
{ "type": "Feature", "properties": { "osm_id": "3806171100", "highway": "traffic_signals" }, "geometry": { "type": "Point", "coordinates": [ 139.6145716, 35.4453769 ] } },
{ "type": "Feature", "properties": { "osm_id": "3806171106", "highway": "traffic_signals" }, "geometry": { "type": "Point", "coordinates": [ 139.6141082, 35.446323 ] } },
{ "type": "Feature", "properties": { "osm_id": "3806171133", "highway": "traffic_signals" }, "geometry": { "type": "Point", "coordinates": [ 139.613267300000018, 35.450786 ] } },
{ "type": "Feature", "properties": { "osm_id": "3913891002", "highway": "traffic_signals" }, "geometry": { "type": "Point", "coordinates": [ 139.6218519, 35.4519691 ] } },
{ "type": "Feature", "properties": { "osm_id": "3913891036", "highway": "traffic_signals" }, "geometry": { "type": "Point", "coordinates": [ 139.6224741, 35.4514019 ] } },
{ "type": "Feature", "properties": { "osm_id": "4162751659", "highway": "traffic_signals" }, "geometry": { "type": "Point", "coordinates": [ 139.615845300000018, 35.4635128 ] } },
{ "type": "Feature", "properties": { "osm_id": "4382933386", "highway": "traffic_signals" }, "geometry": { "type": "Point", "coordinates": [ 139.6274046, 35.454785 ] } },
{ "type": "Feature", "properties": { "osm_id": "5025836838", "highway": "traffic_signals" }, "geometry": { "type": "Point", "coordinates": [ 139.6156363, 35.4688215 ] } },
{ "type": "Feature", "properties": { "osm_id": "5139091416", "highway": "traffic_signals" }, "geometry": { "type": "Point", "coordinates": [ 139.6263036, 35.4561449 ] } },
{ "type": "Feature", "properties": { "osm_id": "8084874483", "highway": "traffic_signals" }, "geometry": { "type": "Point", "coordinates": [ 139.6127947, 35.4531263 ] } },
{ "type": "Feature", "properties": { "osm_id": "8094104102", "highway": "traffic_signals" }, "geometry": { "type": "Point", "coordinates": [ 139.607535500000012, 35.4520706 ] } },
{ "type": "Feature", "properties": { "osm_id": "8120955300", "highway": "traffic_signals" }, "geometry": { "type": "Point", "coordinates": [ 139.624018, 35.4649142 ] } },
{ "type": "Feature", "properties": { "osm_id": "11270901304", "highway": "traffic_signals" }, "geometry": { "type": "Point", "coordinates": [ 139.618044700000013, 35.4568727 ] } },
{ "type": "Feature", "properties": { "osm_id": "11270901308", "highway": "traffic_signals" }, "geometry": { "type": "Point", "coordinates": [ 139.6201902, 35.4604516 ] } },
{ "type": "Feature", "properties": { "osm_id": "11270901312", "highway": "traffic_signals" }, "geometry": { "type": "Point", "coordinates": [ 139.618979700000011, 35.4592868 ] } },
{ "type": "Feature", "properties": { "osm_id": "11270901319", "highway": "traffic_signals" }, "geometry": { "type": "Point", "coordinates": [ 139.6179256, 35.4582833 ] } },
{ "type": "Feature", "properties": { "osm_id": "11270901336", "highway": "traffic_signals" }, "geometry": { "type": "Point", "coordinates": [ 139.61747, 35.4576142 ] } },
{ "type": "Feature", "properties": { "osm_id": "11273515240", "highway": "traffic_signals" }, "geometry": { "type": "Point", "coordinates": [ 139.624851300000017, 35.4571108 ] } },
{ "type": "Feature", "properties": { "osm_id": "11273515243", "highway": "traffic_signals" }, "geometry": { "type": "Point", "coordinates": [ 139.62503030000002, 35.4570746 ] } },
{ "type": "Feature", "properties": { "osm_id": "13385727004", "highway": "traffic_signals" }, "geometry": { "type": "Point", "coordinates": [ 139.620762500000012, 35.4669779 ] } },
{ "type": "Feature", "properties": { "osm_id": "13385727020", "highway": "traffic_signals" }, "geometry": { "type": "Point", "coordinates": [ 139.619747100000012, 35.466071 ] } },
{ "type": "Feature", "properties": { "osm_id": "13385727021", "highway": "traffic_signals" }, "geometry": { "type": "Point", "coordinates": [ 139.619676100000021, 35.4660446 ] } },
{ "type": "Feature", "properties": { "osm_id": "13385727023", "highway": "traffic_signals" }, "geometry": { "type": "Point", "coordinates": [ 139.6171673, 35.4650245 ] } },
{ "type": "Feature", "properties": { "osm_id": "13385727039", "highway": "traffic_signals" }, "geometry": { "type": "Point", "coordinates": [ 139.6188007, 35.4656333 ] } },
{ "type": "Feature", "properties": { "osm_id": "13385727041", "highway": "traffic_signals" }, "geometry": { "type": "Point", "coordinates": [ 139.61562330000001, 35.4635034 ] } },
{ "type": "Feature", "properties": { "osm_id": "13385727046", "highway": "traffic_signals" }, "geometry": { "type": "Point", "coordinates": [ 139.616420300000016, 35.464302 ] } },
{ "type": "Feature", "properties": { "osm_id": "232053669", "highway": "traffic_signals" }, "geometry": { "type": "Point", "coordinates": [ 139.612489900000014, 35.4298258 ] } },
{ "type": "Feature", "properties": { "osm_id": "232053765", "highway": "traffic_signals" }, "geometry": { "type": "Point", "coordinates": [ 139.6115547, 35.4311167 ] } },
{ "type": "Feature", "properties": { "osm_id": "232054048", "highway": "traffic_signals" }, "geometry": { "type": "Point", "coordinates": [ 139.599800400000021, 35.4189938 ] } },
{ "type": "Feature", "properties": { "osm_id": "232054104", "highway": "traffic_signals" }, "geometry": { "type": "Point", "coordinates": [ 139.6014572, 35.4217414 ] } },
{ "type": "Feature", "properties": { "osm_id": "232054135", "highway": "traffic_signals" }, "geometry": { "type": "Point", "coordinates": [ 139.601642100000021, 35.4220733 ] } },
{ "type": "Feature", "properties": { "osm_id": "232054243", "highway": "traffic_signals" }, "geometry": { "type": "Point", "coordinates": [ 139.602388500000018, 35.4239638 ] } },
{ "type": "Feature", "properties": { "osm_id": "232054274", "highway": "traffic_signals" }, "geometry": { "type": "Point", "coordinates": [ 139.602811300000013, 35.4248488 ] } },
{ "type": "Feature", "properties": { "osm_id": "232054674", "highway": "traffic_signals" }, "geometry": { "type": "Point", "coordinates": [ 139.604193900000013, 35.4264689 ] } },
{ "type": "Feature", "properties": { "osm_id": "232054739", "highway": "traffic_signals" }, "geometry": { "type": "Point", "coordinates": [ 139.606424700000019, 35.4276817 ] } },
{ "type": "Feature", "properties": { "osm_id": "232054883", "highway": "traffic_signals" }, "geometry": { "type": "Point", "coordinates": [ 139.612828300000018, 35.4320409 ] } },
{ "type": "Feature", "properties": { "osm_id": "232054910", "highway": "traffic_signals" }, "geometry": { "type": "Point", "coordinates": [ 139.6138611, 35.4327816 ] } },
{ "type": "Feature", "properties": { "osm_id": "232054936", "highway": "traffic_signals" }, "geometry": { "type": "Point", "coordinates": [ 139.6147345, 35.4335203 ] } },
{ "type": "Feature", "properties": { "osm_id": "232055082", "highway": "traffic_signals" }, "geometry": { "type": "Point", "coordinates": [ 139.618421300000023, 35.435408 ] } },
{ "type": "Feature", "properties": { "osm_id": "232057385", "highway": "traffic_signals" }, "geometry": { "type": "Point", "coordinates": [ 139.601857, 35.4190096 ] } },
{ "type": "Feature", "properties": { "osm_id": "232057603", "highway": "traffic_signals" }, "geometry": { "type": "Point", "coordinates": [ 139.600818, 35.4161779 ] } },
{ "type": "Feature", "properties": { "osm_id": "232058299", "highway": "traffic_signals" }, "geometry": { "type": "Point", "coordinates": [ 139.601627400000012, 35.4159063 ] } },
{ "type": "Feature", "properties": { "osm_id": "283016718", "highway": "traffic_signals" }, "geometry": { "type": "Point", "coordinates": [ 139.602483400000011, 35.4324165 ] } },
{ "type": "Feature", "properties": { "osm_id": "283016730", "highway": "traffic_signals" }, "geometry": { "type": "Point", "coordinates": [ 139.597365100000019, 35.4375955 ] } },
{ "type": "Feature", "properties": { "osm_id": "286268875", "highway": "traffic_signals" }, "geometry": { "type": "Point", "coordinates": [ 139.6205318, 35.4307231 ] } },
{ "type": "Feature", "properties": { "osm_id": "286268896", "highway": "traffic_signals" }, "geometry": { "type": "Point", "coordinates": [ 139.620915200000013, 35.4311774 ] } },
{ "type": "Feature", "properties": { "osm_id": "286268906", "highway": "traffic_signals" }, "geometry": { "type": "Point", "coordinates": [ 139.622090400000019, 35.4337546 ] } },
{ "type": "Feature", "properties": { "osm_id": "286268982", "highway": "traffic_signals" }, "geometry": { "type": "Point", "coordinates": [ 139.62135330000001, 35.4310993 ] } },
{ "type": "Feature", "properties": { "osm_id": "286276776", "highway": "traffic_signals" }, "geometry": { "type": "Point", "coordinates": [ 139.6208527, 35.4302006 ] } },
{ "type": "Feature", "properties": { "osm_id": "286620795", "highway": "traffic_signals" }, "geometry": { "type": "Point", "coordinates": [ 139.6149459, 35.4298042 ] } },
{ "type": "Feature", "properties": { "osm_id": "286620799", "highway": "traffic_signals" }, "geometry": { "type": "Point", "coordinates": [ 139.613727300000022, 35.4298123 ] } },
{ "type": "Feature", "properties": { "osm_id": "286622306", "highway": "traffic_signals" }, "geometry": { "type": "Point", "coordinates": [ 139.610514500000022, 35.4356357 ] } },
{ "type": "Feature", "properties": { "osm_id": "286622317", "highway": "traffic_signals" }, "geometry": { "type": "Point", "coordinates": [ 139.613646100000011, 35.4364859 ] } },
{ "type": "Feature", "properties": { "osm_id": "286622354", "highway": "traffic_signals" }, "geometry": { "type": "Point", "coordinates": [ 139.619693800000022, 35.4393444 ] } },
{ "type": "Feature", "properties": { "osm_id": "286644457", "highway": "traffic_signals" }, "geometry": { "type": "Point", "coordinates": [ 139.5732078, 35.4244769 ] } },
{ "type": "Feature", "properties": { "osm_id": "289126852", "highway": "traffic_signals" }, "geometry": { "type": "Point", "coordinates": [ 139.60546, 35.4133381 ] } },
{ "type": "Feature", "properties": { "osm_id": "289247335", "highway": "traffic_signals" }, "geometry": { "type": "Point", "coordinates": [ 139.603050700000011, 35.4143088 ] } },
{ "type": "Feature", "properties": { "osm_id": "289814333", "highway": "traffic_signals" }, "geometry": { "type": "Point", "coordinates": [ 139.6162291, 35.4417208 ] } },
{ "type": "Feature", "properties": { "osm_id": "290382308", "highway": "traffic_signals" }, "geometry": { "type": "Point", "coordinates": [ 139.615262, 35.4341195 ] } },
{ "type": "Feature", "properties": { "osm_id": "290382313", "highway": "traffic_signals" }, "geometry": { "type": "Point", "coordinates": [ 139.6154228, 35.4356562 ] } },
{ "type": "Feature", "properties": { "osm_id": "290869520", "highway": "traffic_signals" }, "geometry": { "type": "Point", "coordinates": [ 139.5838108, 35.4162491 ] } },
{ "type": "Feature", "properties": { "osm_id": "291939844", "highway": "traffic_signals" }, "geometry": { "type": "Point", "coordinates": [ 139.620756, 35.43354 ] } },
{ "type": "Feature", "properties": { "osm_id": "292233788", "highway": "traffic_signals" }, "geometry": { "type": "Point", "coordinates": [ 139.633484800000019, 35.4359964 ] } },
{ "type": "Feature", "properties": { "osm_id": "292233828", "highway": "traffic_signals" }, "geometry": { "type": "Point", "coordinates": [ 139.6226064, 35.4338602 ] } },
{ "type": "Feature", "properties": { "osm_id": "292233844", "highway": "traffic_signals" }, "geometry": { "type": "Point", "coordinates": [ 139.625216, 35.4373741 ] } },
{ "type": "Feature", "properties": { "osm_id": "292233856", "highway": "traffic_signals" }, "geometry": { "type": "Point", "coordinates": [ 139.625700100000017, 35.4365635 ] } },
{ "type": "Feature", "properties": { "osm_id": "292233857", "highway": "traffic_signals" }, "geometry": { "type": "Point", "coordinates": [ 139.6268091, 35.434748 ] } },
{ "type": "Feature", "properties": { "osm_id": "292239118", "highway": "traffic_signals" }, "geometry": { "type": "Point", "coordinates": [ 139.620601500000021, 35.4307617 ] } },
{ "type": "Feature", "properties": { "osm_id": "292239125", "highway": "traffic_signals" }, "geometry": { "type": "Point", "coordinates": [ 139.619432, 35.4333613 ] } },
{ "type": "Feature", "properties": { "osm_id": "292239133", "highway": "traffic_signals" }, "geometry": { "type": "Point", "coordinates": [ 139.61849460000002, 35.4354262 ] } },
{ "type": "Feature", "properties": { "osm_id": "292239135", "highway": "traffic_signals" }, "geometry": { "type": "Point", "coordinates": [ 139.619336200000021, 35.4333791 ] } },
{ "type": "Feature", "properties": { "osm_id": "292252626", "highway": "traffic_signals" }, "geometry": { "type": "Point", "coordinates": [ 139.6178204, 35.4278584 ] } },
{ "type": "Feature", "properties": { "osm_id": "292252641", "highway": "traffic_signals" }, "geometry": { "type": "Point", "coordinates": [ 139.617152300000015, 35.4297414 ] } },
{ "type": "Feature", "properties": { "osm_id": "292252923", "highway": "traffic_signals" }, "geometry": { "type": "Point", "coordinates": [ 139.620416800000015, 35.4311766 ] } },
{ "type": "Feature", "properties": { "osm_id": "292252924", "highway": "traffic_signals" }, "geometry": { "type": "Point", "coordinates": [ 139.6203366, 35.4311547 ] } },
{ "type": "Feature", "properties": { "osm_id": "292252925", "highway": "traffic_signals" }, "geometry": { "type": "Point", "coordinates": [ 139.6207473, 35.4302022 ] } },
{ "type": "Feature", "properties": { "osm_id": "292783168", "highway": "traffic_signals" }, "geometry": { "type": "Point", "coordinates": [ 139.619746600000013, 35.4326251 ] } },
{ "type": "Feature", "properties": { "osm_id": "292783169", "highway": "traffic_signals" }, "geometry": { "type": "Point", "coordinates": [ 139.619631200000015, 35.4326715 ] } },
{ "type": "Feature", "properties": { "osm_id": "292783180", "highway": "traffic_signals" }, "geometry": { "type": "Point", "coordinates": [ 139.615524500000021, 35.4344153 ] } },
{ "type": "Feature", "properties": { "osm_id": "292783189", "highway": "traffic_signals" }, "geometry": { "type": "Point", "coordinates": [ 139.6179505, 35.4364435 ] } },
{ "type": "Feature", "properties": { "osm_id": "292784877", "highway": "traffic_signals" }, "geometry": { "type": "Point", "coordinates": [ 139.6225987, 35.4367067 ] } },
{ "type": "Feature", "properties": { "osm_id": "292784884", "highway": "traffic_signals" }, "geometry": { "type": "Point", "coordinates": [ 139.622001900000015, 35.4400829 ] } },
{ "type": "Feature", "properties": { "osm_id": "312107485", "highway": "traffic_signals" }, "geometry": { "type": "Point", "coordinates": [ 139.6281189, 35.4326537 ] } },
{ "type": "Feature", "properties": { "osm_id": "312110215", "highway": "traffic_signals" }, "geometry": { "type": "Point", "coordinates": [ 139.6067358, 35.4341095 ] } },
{ "type": "Feature", "properties": { "osm_id": "312118150", "highway": "traffic_signals" }, "geometry": { "type": "Point", "coordinates": [ 139.617521400000015, 35.4373871 ] } },
{ "type": "Feature", "properties": { "osm_id": "312167426", "highway": "traffic_signals" }, "geometry": { "type": "Point", "coordinates": [ 139.62934150000001, 35.43927 ] } },
{ "type": "Feature", "properties": { "osm_id": "312167428", "highway": "traffic_signals" }, "geometry": { "type": "Point", "coordinates": [ 139.6313782, 35.4363752 ] } },
{ "type": "Feature", "properties": { "osm_id": "312167492", "highway": "traffic_signals" }, "geometry": { "type": "Point", "coordinates": [ 139.6292718, 35.4354422 ] } },
{ "type": "Feature", "properties": { "osm_id": "312167497", "highway": "traffic_signals" }, "geometry": { "type": "Point", "coordinates": [ 139.6254687, 35.4344779 ] } },
{ "type": "Feature", "properties": { "osm_id": "312167498", "highway": "traffic_signals" }, "geometry": { "type": "Point", "coordinates": [ 139.6260143, 35.4332112 ] } },
{ "type": "Feature", "properties": { "osm_id": "312167528", "highway": "traffic_signals" }, "geometry": { "type": "Point", "coordinates": [ 139.627328700000021, 35.4383572 ] } },
{ "type": "Feature", "properties": { "osm_id": "312213940", "highway": "traffic_signals" }, "geometry": { "type": "Point", "coordinates": [ 139.61811130000001, 35.4332703 ] } },
{ "type": "Feature", "properties": { "osm_id": "312213946", "highway": "traffic_signals" }, "geometry": { "type": "Point", "coordinates": [ 139.6179922, 35.4329563 ] } },
{ "type": "Feature", "properties": { "osm_id": "312432959", "highway": "traffic_signals" }, "geometry": { "type": "Point", "coordinates": [ 139.614976500000012, 35.4356075 ] } },
{ "type": "Feature", "properties": { "osm_id": "313666037", "highway": "traffic_signals" }, "geometry": { "type": "Point", "coordinates": [ 139.601538300000016, 35.4252875 ] } },
{ "type": "Feature", "properties": { "osm_id": "313667484", "highway": "traffic_signals" }, "geometry": { "type": "Point", "coordinates": [ 139.617620100000011, 35.4374128 ] } },
{ "type": "Feature", "properties": { "osm_id": "315837584", "highway": "traffic_signals" }, "geometry": { "type": "Point", "coordinates": [ 139.598691300000013, 35.4170944 ] } },
{ "type": "Feature", "properties": { "osm_id": "316046336", "highway": "traffic_signals" }, "geometry": { "type": "Point", "coordinates": [ 139.6190382, 35.4342161 ] } },
{ "type": "Feature", "properties": { "osm_id": "316046342", "highway": "traffic_signals" }, "geometry": { "type": "Point", "coordinates": [ 139.6189503, 35.4341923 ] } },
{ "type": "Feature", "properties": { "osm_id": "742625969", "highway": "traffic_signals" }, "geometry": { "type": "Point", "coordinates": [ 139.6262486, 35.4356927 ] } },
{ "type": "Feature", "properties": { "osm_id": "939932533", "highway": "traffic_signals" }, "geometry": { "type": "Point", "coordinates": [ 139.6235471, 35.4397798 ] } },
{ "type": "Feature", "properties": { "osm_id": "945560281", "highway": "traffic_signals" }, "geometry": { "type": "Point", "coordinates": [ 139.6151514, 35.4374002 ] } },
{ "type": "Feature", "properties": { "osm_id": "980746439", "highway": "traffic_signals" }, "geometry": { "type": "Point", "coordinates": [ 139.582451500000019, 35.4136751 ] } },
{ "type": "Feature", "properties": { "osm_id": "1096235794", "highway": "traffic_signals" }, "geometry": { "type": "Point", "coordinates": [ 139.6332769, 35.4362761 ] } },
{ "type": "Feature", "properties": { "osm_id": "1096313141", "highway": "traffic_signals" }, "geometry": { "type": "Point", "coordinates": [ 139.627304, 35.4339306 ] } },
{ "type": "Feature", "properties": { "osm_id": "1096313155", "highway": "traffic_signals" }, "geometry": { "type": "Point", "coordinates": [ 139.625884, 35.4335137 ] } },
{ "type": "Feature", "properties": { "osm_id": "1096313160", "highway": "traffic_signals" }, "geometry": { "type": "Point", "coordinates": [ 139.630540200000013, 35.4360038 ] } },
{ "type": "Feature", "properties": { "osm_id": "1099595462", "highway": "traffic_signals" }, "geometry": { "type": "Point", "coordinates": [ 139.621089800000021, 35.4361532 ] } },
{ "type": "Feature", "properties": { "osm_id": "1099595600", "highway": "traffic_signals" }, "geometry": { "type": "Point", "coordinates": [ 139.616383800000023, 35.4348637 ] } },
{ "type": "Feature", "properties": { "osm_id": "1099595604", "highway": "traffic_signals" }, "geometry": { "type": "Point", "coordinates": [ 139.619700500000022, 35.4357565 ] } },
{ "type": "Feature", "properties": { "osm_id": "1105890117", "highway": "traffic_signals" }, "geometry": { "type": "Point", "coordinates": [ 139.6361095, 35.4330655 ] } },
{ "type": "Feature", "properties": { "osm_id": "1108994243", "highway": "traffic_signals" }, "geometry": { "type": "Point", "coordinates": [ 139.630252, 35.433637 ] } },
{ "type": "Feature", "properties": { "osm_id": "1123219432", "highway": "traffic_signals" }, "geometry": { "type": "Point", "coordinates": [ 139.6124341, 35.4396783 ] } },
{ "type": "Feature", "properties": { "osm_id": "1123219436", "highway": "traffic_signals" }, "geometry": { "type": "Point", "coordinates": [ 139.6161434, 35.4380034 ] } },
{ "type": "Feature", "properties": { "osm_id": "1123219547", "highway": "traffic_signals" }, "geometry": { "type": "Point", "coordinates": [ 139.617083400000013, 35.4384777 ] } },
{ "type": "Feature", "properties": { "osm_id": "1123219581", "highway": "traffic_signals" }, "geometry": { "type": "Point", "coordinates": [ 139.61831, 35.438887 ] } },
{ "type": "Feature", "properties": { "osm_id": "1123219583", "highway": "traffic_signals" }, "geometry": { "type": "Point", "coordinates": [ 139.620637, 35.4396383 ] } },
{ "type": "Feature", "properties": { "osm_id": "1123258441", "highway": "traffic_signals" }, "geometry": { "type": "Point", "coordinates": [ 139.6152739, 35.4443069 ] } },
{ "type": "Feature", "properties": { "osm_id": "1123259314", "highway": "traffic_signals" }, "geometry": { "type": "Point", "coordinates": [ 139.6115337, 35.4424168 ] } },
{ "type": "Feature", "properties": { "osm_id": "1123564648", "highway": "traffic_signals" }, "geometry": { "type": "Point", "coordinates": [ 139.58623, 35.4299161 ] } },
{ "type": "Feature", "properties": { "osm_id": "1123564757", "highway": "traffic_signals" }, "geometry": { "type": "Point", "coordinates": [ 139.5898874, 35.4328799 ] } },
{ "type": "Feature", "properties": { "osm_id": "1123564767", "highway": "traffic_signals" }, "geometry": { "type": "Point", "coordinates": [ 139.5858627, 35.4231342 ] } },
{ "type": "Feature", "properties": { "osm_id": "1124295100", "highway": "traffic_signals" }, "geometry": { "type": "Point", "coordinates": [ 139.5916675, 35.4250366 ] } },
{ "type": "Feature", "properties": { "osm_id": "1124717862", "highway": "traffic_signals" }, "geometry": { "type": "Point", "coordinates": [ 139.597255, 35.4302922 ] } },
{ "type": "Feature", "properties": { "osm_id": "1124810350", "highway": "traffic_signals" }, "geometry": { "type": "Point", "coordinates": [ 139.5881196, 35.4233545 ] } },
{ "type": "Feature", "properties": { "osm_id": "1124811032", "highway": "traffic_signals" }, "geometry": { "type": "Point", "coordinates": [ 139.585300100000012, 35.4233801 ] } },
{ "type": "Feature", "properties": { "osm_id": "1124811272", "highway": "traffic_signals" }, "geometry": { "type": "Point", "coordinates": [ 139.586113800000021, 35.4364482 ] } },
{ "type": "Feature", "properties": { "osm_id": "1124811361", "highway": "traffic_signals" }, "geometry": { "type": "Point", "coordinates": [ 139.5862257, 35.4319195 ] } },
{ "type": "Feature", "properties": { "osm_id": "1124811604", "highway": "traffic_signals" }, "geometry": { "type": "Point", "coordinates": [ 139.5843911, 35.4244682 ] } },
{ "type": "Feature", "properties": { "osm_id": "1124812351", "highway": "traffic_signals" }, "geometry": { "type": "Point", "coordinates": [ 139.596546400000022, 35.4379028 ] } },
{ "type": "Feature", "properties": { "osm_id": "1124813045", "highway": "traffic_signals" }, "geometry": { "type": "Point", "coordinates": [ 139.582680400000015, 35.4183589 ] } },
{ "type": "Feature", "properties": { "osm_id": "1124983735", "highway": "traffic_signals" }, "geometry": { "type": "Point", "coordinates": [ 139.588677900000022, 35.438719 ] } },
{ "type": "Feature", "properties": { "osm_id": "1125020655", "highway": "traffic_signals" }, "geometry": { "type": "Point", "coordinates": [ 139.5875005, 35.4380607 ] } },
{ "type": "Feature", "properties": { "osm_id": "1125020680", "highway": "traffic_signals" }, "geometry": { "type": "Point", "coordinates": [ 139.6011431, 35.434656 ] } },
{ "type": "Feature", "properties": { "osm_id": "1125020760", "highway": "traffic_signals" }, "geometry": { "type": "Point", "coordinates": [ 139.590436300000022, 35.4392822 ] } },
{ "type": "Feature", "properties": { "osm_id": "1125021568", "highway": "traffic_signals" }, "geometry": { "type": "Point", "coordinates": [ 139.594950900000015, 35.4379137 ] } },
{ "type": "Feature", "properties": { "osm_id": "1125021636", "highway": "traffic_signals" }, "geometry": { "type": "Point", "coordinates": [ 139.5937649, 35.4382741 ] } },
{ "type": "Feature", "properties": { "osm_id": "1125021658", "highway": "traffic_signals" }, "geometry": { "type": "Point", "coordinates": [ 139.59113210000001, 35.4390746 ] } },
{ "type": "Feature", "properties": { "osm_id": "1125623373", "highway": "traffic_signals" }, "geometry": { "type": "Point", "coordinates": [ 139.600671300000016, 35.4350688 ] } },
{ "type": "Feature", "properties": { "osm_id": "1125623398", "highway": "traffic_signals" }, "geometry": { "type": "Point", "coordinates": [ 139.5986599, 35.4367411 ] } },
{ "type": "Feature", "properties": { "osm_id": "1125623427", "highway": "traffic_signals" }, "geometry": { "type": "Point", "coordinates": [ 139.6041533, 35.4330567 ] } },
{ "type": "Feature", "properties": { "osm_id": "1125651543", "highway": "traffic_signals" }, "geometry": { "type": "Point", "coordinates": [ 139.6079124, 35.4305972 ] } },
{ "type": "Feature", "properties": { "osm_id": "1125651564", "highway": "traffic_signals" }, "geometry": { "type": "Point", "coordinates": [ 139.604487400000011, 35.4323118 ] } },
{ "type": "Feature", "properties": { "osm_id": "1125651617", "highway": "traffic_signals" }, "geometry": { "type": "Point", "coordinates": [ 139.609629400000017, 35.4312479 ] } },
{ "type": "Feature", "properties": { "osm_id": "1125651684", "highway": "traffic_signals" }, "geometry": { "type": "Point", "coordinates": [ 139.605104300000022, 35.4334414 ] } },
{ "type": "Feature", "properties": { "osm_id": "1125651704", "highway": "traffic_signals" }, "geometry": { "type": "Point", "coordinates": [ 139.603167400000018, 35.4255203 ] } },
{ "type": "Feature", "properties": { "osm_id": "1125651842", "highway": "traffic_signals" }, "geometry": { "type": "Point", "coordinates": [ 139.605177600000019, 35.4270527 ] } },
{ "type": "Feature", "properties": { "osm_id": "1125651879", "highway": "traffic_signals" }, "geometry": { "type": "Point", "coordinates": [ 139.608794500000016, 35.4320244 ] } },
{ "type": "Feature", "properties": { "osm_id": "1125651930", "highway": "traffic_signals" }, "geometry": { "type": "Point", "coordinates": [ 139.607595700000019, 35.4307257 ] } },
{ "type": "Feature", "properties": { "osm_id": "1125651956", "highway": "traffic_signals" }, "geometry": { "type": "Point", "coordinates": [ 139.6056366, 35.4315615 ] } },
{ "type": "Feature", "properties": { "osm_id": "1125651961", "highway": "traffic_signals" }, "geometry": { "type": "Point", "coordinates": [ 139.607017500000012, 35.4321863 ] } },
{ "type": "Feature", "properties": { "osm_id": "1125651977", "highway": "traffic_signals" }, "geometry": { "type": "Point", "coordinates": [ 139.6074156, 35.4307788 ] } },
{ "type": "Feature", "properties": { "osm_id": "1125652031", "highway": "traffic_signals" }, "geometry": { "type": "Point", "coordinates": [ 139.604035900000014, 35.4305171 ] } },
{ "type": "Feature", "properties": { "osm_id": "1125652320", "highway": "traffic_signals" }, "geometry": { "type": "Point", "coordinates": [ 139.6082513, 35.4288605 ] } },
{ "type": "Feature", "properties": { "osm_id": "1125652326", "highway": "traffic_signals" }, "geometry": { "type": "Point", "coordinates": [ 139.607339600000017, 35.4283316 ] } },
{ "type": "Feature", "properties": { "osm_id": "1125652445", "highway": "traffic_signals" }, "geometry": { "type": "Point", "coordinates": [ 139.608444, 35.4321296 ] } },
{ "type": "Feature", "properties": { "osm_id": "1125652449", "highway": "traffic_signals" }, "geometry": { "type": "Point", "coordinates": [ 139.61053990000002, 35.4303972 ] } },
{ "type": "Feature", "properties": { "osm_id": "1125652463", "highway": "traffic_signals" }, "geometry": { "type": "Point", "coordinates": [ 139.609193300000015, 35.4294327 ] } },
{ "type": "Feature", "properties": { "osm_id": "1125666581", "highway": "traffic_signals" }, "geometry": { "type": "Point", "coordinates": [ 139.6111271, 35.4298453 ] } },
{ "type": "Feature", "properties": { "osm_id": "1125666600", "highway": "traffic_signals" }, "geometry": { "type": "Point", "coordinates": [ 139.6117845, 35.4312872 ] } },
{ "type": "Feature", "properties": { "osm_id": "1125666687", "highway": "traffic_signals" }, "geometry": { "type": "Point", "coordinates": [ 139.616330300000016, 35.4297748 ] } },
{ "type": "Feature", "properties": { "osm_id": "1306415140", "highway": "traffic_signals" }, "geometry": { "type": "Point", "coordinates": [ 139.600955, 35.4325278 ] } },
{ "type": "Feature", "properties": { "osm_id": "1306417865", "highway": "traffic_signals" }, "geometry": { "type": "Point", "coordinates": [ 139.610898600000013, 35.4346125 ] } },
{ "type": "Feature", "properties": { "osm_id": "1306505233", "highway": "traffic_signals" }, "geometry": { "type": "Point", "coordinates": [ 139.6015352, 35.433996 ] } },
{ "type": "Feature", "properties": { "osm_id": "1396825459", "highway": "traffic_signals" }, "geometry": { "type": "Point", "coordinates": [ 139.578406600000022, 35.4260219 ] } },
{ "type": "Feature", "properties": { "osm_id": "1648466187", "highway": "traffic_signals" }, "geometry": { "type": "Point", "coordinates": [ 139.612726800000019, 35.4360372 ] } },
{ "type": "Feature", "properties": { "osm_id": "1664155513", "highway": "traffic_signals" }, "geometry": { "type": "Point", "coordinates": [ 139.5955241, 35.426193 ] } },
{ "type": "Feature", "properties": { "osm_id": "1665814544", "highway": "traffic_signals" }, "geometry": { "type": "Point", "coordinates": [ 139.614568600000013, 35.4370409 ] } },
{ "type": "Feature", "properties": { "osm_id": "1679789936", "highway": "traffic_signals" }, "geometry": { "type": "Point", "coordinates": [ 139.608555500000023, 35.4348575 ] } },
{ "type": "Feature", "properties": { "osm_id": "1709471801", "highway": "traffic_signals" }, "geometry": { "type": "Point", "coordinates": [ 139.586919, 35.4129165 ] } },
{ "type": "Feature", "properties": { "osm_id": "1735296163", "highway": "traffic_signals" }, "geometry": { "type": "Point", "coordinates": [ 139.581655, 35.430413 ] } },
{ "type": "Feature", "properties": { "osm_id": "1751843889", "highway": "traffic_signals" }, "geometry": { "type": "Point", "coordinates": [ 139.5844596, 35.4135787 ] } },
{ "type": "Feature", "properties": { "osm_id": "1751843929", "highway": "traffic_signals" }, "geometry": { "type": "Point", "coordinates": [ 139.5885504, 35.4138313 ] } },
{ "type": "Feature", "properties": { "osm_id": "1751844086", "highway": "traffic_signals" }, "geometry": { "type": "Point", "coordinates": [ 139.5900221, 35.4146501 ] } },
{ "type": "Feature", "properties": { "osm_id": "1769551382", "highway": "traffic_signals" }, "geometry": { "type": "Point", "coordinates": [ 139.5826174, 35.4271497 ] } },
{ "type": "Feature", "properties": { "osm_id": "1769551388", "highway": "traffic_signals" }, "geometry": { "type": "Point", "coordinates": [ 139.581494500000019, 35.4270435 ] } },
{ "type": "Feature", "properties": { "osm_id": "1769551393", "highway": "traffic_signals" }, "geometry": { "type": "Point", "coordinates": [ 139.582419900000019, 35.4264566 ] } },
{ "type": "Feature", "properties": { "osm_id": "1770509199", "highway": "traffic_signals" }, "geometry": { "type": "Point", "coordinates": [ 139.579083200000014, 35.4265516 ] } },
{ "type": "Feature", "properties": { "osm_id": "1770518566", "highway": "traffic_signals" }, "geometry": { "type": "Point", "coordinates": [ 139.578918, 35.4243518 ] } },
{ "type": "Feature", "properties": { "osm_id": "1770524858", "highway": "traffic_signals" }, "geometry": { "type": "Point", "coordinates": [ 139.5815777, 35.427018 ] } },
{ "type": "Feature", "properties": { "osm_id": "1851661480", "highway": "traffic_signals" }, "geometry": { "type": "Point", "coordinates": [ 139.596010300000017, 35.4399998 ] } },
{ "type": "Feature", "properties": { "osm_id": "1859544139", "highway": "traffic_signals" }, "geometry": { "type": "Point", "coordinates": [ 139.6187808, 35.4429672 ] } },
{ "type": "Feature", "properties": { "osm_id": "1867670282", "highway": "traffic_signals" }, "geometry": { "type": "Point", "coordinates": [ 139.5996552, 35.4359179 ] } },
{ "type": "Feature", "properties": { "osm_id": "1870407613", "highway": "traffic_signals" }, "geometry": { "type": "Point", "coordinates": [ 139.599114900000018, 35.4316183 ] } },
{ "type": "Feature", "properties": { "osm_id": "1875429401", "highway": "traffic_signals" }, "geometry": { "type": "Point", "coordinates": [ 139.5943182, 35.4258021 ] } },
{ "type": "Feature", "properties": { "osm_id": "1879166283", "highway": "traffic_signals" }, "geometry": { "type": "Point", "coordinates": [ 139.596457500000014, 35.4272881 ] } },
{ "type": "Feature", "properties": { "osm_id": "1879237992", "highway": "traffic_signals" }, "geometry": { "type": "Point", "coordinates": [ 139.600548, 35.4202307 ] } },
{ "type": "Feature", "properties": { "osm_id": "1906492051", "highway": "traffic_signals" }, "geometry": { "type": "Point", "coordinates": [ 139.621110900000019, 35.4360952 ] } },
{ "type": "Feature", "properties": { "osm_id": "1906492059", "highway": "traffic_signals" }, "geometry": { "type": "Point", "coordinates": [ 139.6225923, 35.4366113 ] } },
{ "type": "Feature", "properties": { "osm_id": "1906492439", "highway": "traffic_signals" }, "geometry": { "type": "Point", "coordinates": [ 139.6184547, 35.4353303 ] } },
{ "type": "Feature", "properties": { "osm_id": "1906492440", "highway": "traffic_signals" }, "geometry": { "type": "Point", "coordinates": [ 139.6185341, 35.4353506 ] } },
{ "type": "Feature", "properties": { "osm_id": "1906492442", "highway": "traffic_signals" }, "geometry": { "type": "Point", "coordinates": [ 139.6197339, 35.4356859 ] } },
{ "type": "Feature", "properties": { "osm_id": "3099810163", "highway": "traffic_signals" }, "geometry": { "type": "Point", "coordinates": [ 139.6019355, 35.422938 ] } },
{ "type": "Feature", "properties": { "osm_id": "3162539057", "highway": "traffic_signals" }, "geometry": { "type": "Point", "coordinates": [ 139.596930500000013, 35.4294878 ] } },
{ "type": "Feature", "properties": { "osm_id": "3164134468", "highway": "traffic_signals" }, "geometry": { "type": "Point", "coordinates": [ 139.5935038, 35.4255653 ] } },
{ "type": "Feature", "properties": { "osm_id": "3164134471", "highway": "traffic_signals" }, "geometry": { "type": "Point", "coordinates": [ 139.589411, 35.4239926 ] } },
{ "type": "Feature", "properties": { "osm_id": "3589454250", "highway": "traffic_signals" }, "geometry": { "type": "Point", "coordinates": [ 139.6180392, 35.4364608 ] } },
{ "type": "Feature", "properties": { "osm_id": "3804468081", "highway": "traffic_signals" }, "geometry": { "type": "Point", "coordinates": [ 139.6007395, 35.4351248 ] } },
{ "type": "Feature", "properties": { "osm_id": "3804468085", "highway": "traffic_signals" }, "geometry": { "type": "Point", "coordinates": [ 139.59973930000001, 35.435956 ] } },
{ "type": "Feature", "properties": { "osm_id": "3804468088", "highway": "traffic_signals" }, "geometry": { "type": "Point", "coordinates": [ 139.5987298, 35.436791 ] } },
{ "type": "Feature", "properties": { "osm_id": "3804468094", "highway": "traffic_signals" }, "geometry": { "type": "Point", "coordinates": [ 139.5973966, 35.4376566 ] } },
{ "type": "Feature", "properties": { "osm_id": "3804468096", "highway": "traffic_signals" }, "geometry": { "type": "Point", "coordinates": [ 139.5966084, 35.4379601 ] } },
{ "type": "Feature", "properties": { "osm_id": "3805977831", "highway": "traffic_signals" }, "geometry": { "type": "Point", "coordinates": [ 139.604121100000015, 35.4305555 ] } },
{ "type": "Feature", "properties": { "osm_id": "3805977841", "highway": "traffic_signals" }, "geometry": { "type": "Point", "coordinates": [ 139.6016229, 35.4340129 ] } },
{ "type": "Feature", "properties": { "osm_id": "3805977843", "highway": "traffic_signals" }, "geometry": { "type": "Point", "coordinates": [ 139.601228100000014, 35.4346831 ] } },
{ "type": "Feature", "properties": { "osm_id": "3806169719", "highway": "traffic_signals" }, "geometry": { "type": "Point", "coordinates": [ 139.60417240000001, 35.4330042 ] } },
{ "type": "Feature", "properties": { "osm_id": "3806169722", "highway": "traffic_signals" }, "geometry": { "type": "Point", "coordinates": [ 139.605135100000012, 35.4333943 ] } },
{ "type": "Feature", "properties": { "osm_id": "3806169725", "highway": "traffic_signals" }, "geometry": { "type": "Point", "coordinates": [ 139.6067578, 35.4340568 ] } },
{ "type": "Feature", "properties": { "osm_id": "3806169729", "highway": "traffic_signals" }, "geometry": { "type": "Point", "coordinates": [ 139.608539800000017, 35.4347829 ] } },
{ "type": "Feature", "properties": { "osm_id": "3806169732", "highway": "traffic_signals" }, "geometry": { "type": "Point", "coordinates": [ 139.6105278, 35.4355831 ] } },
{ "type": "Feature", "properties": { "osm_id": "3806169742", "highway": "traffic_signals" }, "geometry": { "type": "Point", "coordinates": [ 139.6127712, 35.4359864 ] } },
{ "type": "Feature", "properties": { "osm_id": "3806169745", "highway": "traffic_signals" }, "geometry": { "type": "Point", "coordinates": [ 139.61368520000002, 35.4364398 ] } },
{ "type": "Feature", "properties": { "osm_id": "3806169748", "highway": "traffic_signals" }, "geometry": { "type": "Point", "coordinates": [ 139.614613600000013, 35.4369906 ] } },
{ "type": "Feature", "properties": { "osm_id": "3806169749", "highway": "traffic_signals" }, "geometry": { "type": "Point", "coordinates": [ 139.6151844, 35.4373556 ] } },
{ "type": "Feature", "properties": { "osm_id": "3806169751", "highway": "traffic_signals" }, "geometry": { "type": "Point", "coordinates": [ 139.616187700000012, 35.4379555 ] } },
{ "type": "Feature", "properties": { "osm_id": "3806169755", "highway": "traffic_signals" }, "geometry": { "type": "Point", "coordinates": [ 139.617062300000015, 35.4384066 ] } },
{ "type": "Feature", "properties": { "osm_id": "3806169756", "highway": "traffic_signals" }, "geometry": { "type": "Point", "coordinates": [ 139.6171454, 35.4384396 ] } },
{ "type": "Feature", "properties": { "osm_id": "3806171058", "highway": "traffic_signals" }, "geometry": { "type": "Point", "coordinates": [ 139.6183354, 35.438826 ] } },
{ "type": "Feature", "properties": { "osm_id": "3806171059", "highway": "traffic_signals" }, "geometry": { "type": "Point", "coordinates": [ 139.619712100000015, 35.4392636 ] } },
{ "type": "Feature", "properties": { "osm_id": "3806171061", "highway": "traffic_signals" }, "geometry": { "type": "Point", "coordinates": [ 139.620668, 35.4395707 ] } },
{ "type": "Feature", "properties": { "osm_id": "3806171063", "highway": "traffic_signals" }, "geometry": { "type": "Point", "coordinates": [ 139.6220568, 35.4400225 ] } },
{ "type": "Feature", "properties": { "osm_id": "3806171131", "highway": "traffic_signals" }, "geometry": { "type": "Point", "coordinates": [ 139.623092, 35.4403673 ] } },
{ "type": "Feature", "properties": { "osm_id": "3806171132", "highway": "traffic_signals" }, "geometry": { "type": "Point", "coordinates": [ 139.6230495, 35.4404405 ] } },
{ "type": "Feature", "properties": { "osm_id": "3807014612", "highway": "traffic_signals" }, "geometry": { "type": "Point", "coordinates": [ 139.598801900000012, 35.4170998 ] } },
{ "type": "Feature", "properties": { "osm_id": "3807014615", "highway": "traffic_signals" }, "geometry": { "type": "Point", "coordinates": [ 139.599903, 35.4189667 ] } },
{ "type": "Feature", "properties": { "osm_id": "3807014620", "highway": "traffic_signals" }, "geometry": { "type": "Point", "coordinates": [ 139.600641600000017, 35.4201953 ] } },
{ "type": "Feature", "properties": { "osm_id": "3807014625", "highway": "traffic_signals" }, "geometry": { "type": "Point", "coordinates": [ 139.6015298, 35.4217 ] } },
{ "type": "Feature", "properties": { "osm_id": "3807014627", "highway": "traffic_signals" }, "geometry": { "type": "Point", "coordinates": [ 139.60173180000001, 35.4220633 ] } },
{ "type": "Feature", "properties": { "osm_id": "3807014631", "highway": "traffic_signals" }, "geometry": { "type": "Point", "coordinates": [ 139.6020049, 35.4229227 ] } },
{ "type": "Feature", "properties": { "osm_id": "3807014635", "highway": "traffic_signals" }, "geometry": { "type": "Point", "coordinates": [ 139.602462300000013, 35.4239427 ] } },
{ "type": "Feature", "properties": { "osm_id": "3807014637", "highway": "traffic_signals" }, "geometry": { "type": "Point", "coordinates": [ 139.6029115, 35.4248291 ] } },
{ "type": "Feature", "properties": { "osm_id": "3807014639", "highway": "traffic_signals" }, "geometry": { "type": "Point", "coordinates": [ 139.603244500000017, 35.4254889 ] } },
{ "type": "Feature", "properties": { "osm_id": "3807014642", "highway": "traffic_signals" }, "geometry": { "type": "Point", "coordinates": [ 139.604271900000015, 35.4264124 ] } },
{ "type": "Feature", "properties": { "osm_id": "3807014646", "highway": "traffic_signals" }, "geometry": { "type": "Point", "coordinates": [ 139.60523360000002, 35.4269871 ] } },
{ "type": "Feature", "properties": { "osm_id": "3807014652", "highway": "traffic_signals" }, "geometry": { "type": "Point", "coordinates": [ 139.6073997, 35.4282631 ] } },
{ "type": "Feature", "properties": { "osm_id": "3807014656", "highway": "traffic_signals" }, "geometry": { "type": "Point", "coordinates": [ 139.608303800000016, 35.4288003 ] } },
{ "type": "Feature", "properties": { "osm_id": "3807014659", "highway": "traffic_signals" }, "geometry": { "type": "Point", "coordinates": [ 139.6092908, 35.429396 ] } },
{ "type": "Feature", "properties": { "osm_id": "3807014662", "highway": "traffic_signals" }, "geometry": { "type": "Point", "coordinates": [ 139.610602700000015, 35.4303376 ] } },
{ "type": "Feature", "properties": { "osm_id": "3807014665", "highway": "traffic_signals" }, "geometry": { "type": "Point", "coordinates": [ 139.6116136, 35.4310599 ] } },
{ "type": "Feature", "properties": { "osm_id": "3807014666", "highway": "traffic_signals" }, "geometry": { "type": "Point", "coordinates": [ 139.6118462, 35.431227 ] } },
{ "type": "Feature", "properties": { "osm_id": "3807014669", "highway": "traffic_signals" }, "geometry": { "type": "Point", "coordinates": [ 139.6128789, 35.4319791 ] } },
{ "type": "Feature", "properties": { "osm_id": "3807014672", "highway": "traffic_signals" }, "geometry": { "type": "Point", "coordinates": [ 139.613913100000019, 35.4327262 ] } },
{ "type": "Feature", "properties": { "osm_id": "3807014675", "highway": "traffic_signals" }, "geometry": { "type": "Point", "coordinates": [ 139.6147929, 35.4334774 ] } },
{ "type": "Feature", "properties": { "osm_id": "3807014677", "highway": "traffic_signals" }, "geometry": { "type": "Point", "coordinates": [ 139.6153233, 35.4340838 ] } },
{ "type": "Feature", "properties": { "osm_id": "3807014678", "highway": "traffic_signals" }, "geometry": { "type": "Point", "coordinates": [ 139.6155919, 35.4343791 ] } },
{ "type": "Feature", "properties": { "osm_id": "3807014684", "highway": "traffic_signals" }, "geometry": { "type": "Point", "coordinates": [ 139.616406300000023, 35.4347931 ] } },
{ "type": "Feature", "properties": { "osm_id": "3807014688", "highway": "traffic_signals" }, "geometry": { "type": "Point", "coordinates": [ 139.6063183, 35.4277266 ] } },
{ "type": "Feature", "properties": { "osm_id": "3807014689", "highway": "traffic_signals" }, "geometry": { "type": "Point", "coordinates": [ 139.6063996, 35.4277755 ] } },
{ "type": "Feature", "properties": { "osm_id": "4262037081", "highway": "traffic_signals" }, "geometry": { "type": "Point", "coordinates": [ 139.6025827, 35.4324378 ] } },
{ "type": "Feature", "properties": { "osm_id": "4262037082", "highway": "traffic_signals" }, "geometry": { "type": "Point", "coordinates": [ 139.602606800000018, 35.4323927 ] } },
{ "type": "Feature", "properties": { "osm_id": "13867412411", "highway": "traffic_signals" }, "geometry": { "type": "Point", "coordinates": [ 139.6233517, 35.4264874 ] } },
{ "type": "Feature", "properties": { "osm_id": "14010867306", "highway": "traffic_signals" }, "geometry": { "type": "Point", "coordinates": [ 139.611973700000021, 35.4271401 ] } },
{ "type": "Feature", "properties": { "osm_id": "14010867308", "highway": "traffic_signals" }, "geometry": { "type": "Point", "coordinates": [ 139.6118444, 35.4268909 ] } }
]
}
